{
  "metric": "flops",
  "flops_per_sec": 5000000000.0,
  "normalization": {
    "type": "affine",
    "a": 660150750.0,
    "b": 2112482400.0,
    "desc": "min\u2013max"
  },
  "best_norm": {
    "k": 3,
    "loc": -0.23668836246872393,
    "w": [
      0.3227569934017811,
      0.27795669304295567,
      0.39928631355526323
    ],
    "mu": [
      -0.6724203947220359,
      0.11427978535886305,
      -0.7201312735263156
    ],
    "sigma": [
      0.46813846313123814,
      0.07666247433709679,
      0.001000000008770762
    ]
  },
  "best_units": {
    "loc": 160150750.00000012,
    "w": [
      0.3227569934017811,
      0.27795669304295567,
      0.39928631355526323
    ],
    "mu": [
      20.798709191077915,
      21.585409371158814,
      20.750998312273634
    ],
    "sigma": [
      0.46813846313123814,
      0.07666247433709679,
      0.001000000008770762
    ]
  }
}