{
  "metric": "flops",
  "flops_per_sec": 5000000000.0,
  "normalization": {
    "type": "affine",
    "a": 528120600.0,
    "b": 1716391950.0,
    "desc": "min\u2013max"
  },
  "best_norm": {
    "k": 3,
    "loc": -2.680040535030475,
    "w": [
      0.5148349759949535,
      0.40014766182059797,
      0.08501736218444844
    ],
    "mu": [
      1.0745711978104635,
      1.2564905516012372,
      1.012500224613021
    ],
    "sigma": [
      0.018110793764918212,
      0.04381517011315102,
      0.03348287116475836
    ]
  },
  "best_units": {
    "loc": -4071879400.0,
    "w": [
      0.5148349759949535,
      0.40014766182059797,
      0.08501736218444844
    ],
    "mu": [
      22.33806141883217,
      22.519980772622944,
      22.275990445634726
    ],
    "sigma": [
      0.018110793764918212,
      0.04381517011315102,
      0.03348287116475836
    ]
  }
}