{
  "metric": "flops",
  "flops_per_sec": 5000000000.0,
  "normalization": {
    "type": "affine",
    "a": 1056241200.0,
    "b": 3168723600.0,
    "desc": "min\u2013max"
  },
  "best_norm": {
    "k": 3,
    "loc": -1.4516886231415074,
    "w": [
      0.13273464476617802,
      0.40015625231203245,
      0.4671091029217894
    ],
    "mu": [
      0.43446755134371795,
      0.8054370739531399,
      0.5233050539123106
    ],
    "sigma": [
      0.05162128162176028,
      0.07066480166728106,
      0.018662266716846114
    ]
  },
  "best_units": {
    "loc": -3543758800.000001,
    "w": [
      0.13273464476617802,
      0.40015625231203245,
      0.4671091029217894
    ],
    "mu": [
      22.311062245251833,
      22.682031767861254,
      22.399899747820424
    ],
    "sigma": [
      0.05162128162176028,
      0.07066480166728106,
      0.018662266716846114
    ]
  }
}