{
  "mode": "minmax",
  "template_norm": {
    "loc": -0.8846153846153846,
    "w": [
      0.3020467817077638,
      0.5788796843661491,
      0.11907353392608722
    ],
    "mu": [
      0.5679916192136445,
      0.12167294109591399,
      0.3951095576696006
    ],
    "sigma": [
      0.04899251675991745,
      0.04931248278199035,
      0.05824340467096215
    ],
    "k": 3,
    "sse": 103.39780081284144,
    "ks": 0.10381420986586964,
    "bic": -184165.17694221277
  }
}