client-id,round_number,workload,bg-workload,computation-time,client-queue-delay,propagation-delay,station-queue-delay
5,1,26171904,67,0.244948983,0.017657216,0.078437902,0.005717834
2,1,26171904,67,0.290195078,0.017657216,0.078437902,0.006337901
16,1,211318720,67,0.434788600,0.142569611,0.078437902,0.048812441
21,1,211318720,67,0.586459840,0.142569611,0.078437902,0.233515906
18,1,211318720,67,0.601293328,0.142569611,0.078437902,0.251532221
11,1,211318720,67,0.648434939,0.142569611,0.078437902,0.298477964
25,1,211318720,67,0.739427158,0.142569611,0.078437902,0.334778282
3,1,26171904,67,0.917229644,0.017657216,0.078437902,0.364135080
1,1,26171904,67,0.950630666,0.017657216,0.078437902,0.388250813
19,1,211318720,67,0.873350153,0.142569611,0.078437902,0.435951837
28,1,211318720,67,0.965983520,0.142569611,0.078437902,0.466955534
17,1,211318720,67,1.187154627,0.142569611,0.078437902,0.491193287
30,1,211318720,67,1.396068643,0.142569611,0.078437902,0.516483619
29,1,211318720,67,1.761837912,0.142569611,0.078437902,0.586689611
14,1,211318720,67,1.762749486,0.142569611,0.078437902,0.586995794
12,1,211318720,67,2.005690731,0.142569611,0.078437902,0.603632952
7,1,26171904,67,2.190322954,0.017657216,0.078437902,0.596177700
10,1,26171904,67,2.707159154,0.017657216,0.078437902,0.464401375
22,1,211318720,67,2.687236957,0.142569611,0.078437902,0.499664173
26,1,211318720,67,3.062553161,0.142569611,0.078437902,0.470915578
4,1,26171904,67,3.998090380,0.017657216,0.078437902,0.222049886
20,1,211318720,67,4.008589628,0.142569611,0.078437902,0.267548804
24,1,211318720,67,4.161649900,0.142569611,0.078437902,0.310716752
27,1,211318720,67,5.380898115,0.142569611,0.078437902,0.046763559
23,1,211318720,67,6.241386401,0.142569611,0.078437902,0.049044305
13,1,211318720,67,6.667325117,0.142569611,0.078437902,0.131255230
15,1,211318720,67,6.684763139,0.142569611,0.078437902,0.136732806
6,1,26171904,67,6.891199588,0.017657216,0.078437902,0.121562679
9,1,26171904,67,22.182104620,0.017657216,0.078437902,0.006489637
8,1,26171904,67,22.970120808,0.017657216,0.078437902,0.000005291
19,2,211318720,67,0.455660949,0.142569611,0.077086940,0.151329592
4,2,211318720,67,0.486700352,0.142569611,0.077086940,0.218778019
3,2,211318720,67,0.554151062,0.142569611,0.077086940,0.332432028
18,2,211318720,67,0.601293328,0.142569611,0.077086940,0.404460002
2,2,211318720,67,0.603319100,0.142569611,0.077086940,0.406585697
16,2,211318720,67,0.706531475,0.142569611,0.077086940,0.440354009
5,2,211318720,67,1.417817993,0.142569611,0.077086940,0.440661073
11,2,211318720,67,1.446508709,0.142569611,0.077086940,0.469578599
17,2,211318720,67,1.461113387,0.142569611,0.077086940,0.474366562
1,2,211318720,67,1.632307838,0.142569611,0.077086940,0.513869406
14,2,211318720,67,1.922999439,0.142569611,0.077086940,0.555554465
12,2,211318720,67,2.005690731,0.142569611,0.077086940,0.583471878
15,2,211318720,67,3.466173480,0.142569611,0.077086940,0.204515843
6,2,211318720,67,4.163369111,0.142569611,0.077086940,0.067796543
13,2,211318720,67,4.583786018,0.142569611,0.077086940,0.047415636
10,2,211318720,67,5.151983101,0.142569611,0.077086940,0.048502924
7,2,211318720,67,5.387720550,0.142569611,0.077086940,0.065553035
8,2,211318720,67,5.815094318,0.142569611,0.077086940,0.109440397
9,2,211318720,67,5.866743317,0.142569611,0.077086940,0.126326086
20,2,211318720,67,10.355523205,0.142569611,0.077086940,0.000004764
2,3,211318720,67,0.464091615,0.142569610,0.002262756,0.160434323
19,3,211318720,67,0.493632695,0.142569610,0.002262756,0.209718107
5,3,211318720,67,0.558534361,0.142569610,0.002262756,0.316713130
18,3,211318720,67,0.601293328,0.142569610,0.002262756,0.359535588
17,3,211318720,67,0.639237107,0.142569610,0.002262756,0.371507461
3,3,211318720,67,0.877405848,0.142569610,0.002262756,0.385811856
11,3,211318720,67,1.047471824,0.142569610,0.002262756,0.454378863
12,3,211318720,67,1.146108989,0.142569610,0.002262756,0.487724695
4,3,211318720,67,1.378984331,0.142569610,0.002262756,0.503314503
16,3,211318720,67,1.630457250,0.142569610,0.002262756,0.539354211
1,3,211318720,67,1.741128360,0.142569610,0.002262756,0.577975815
9,3,211318720,67,2.243166562,0.142569610,0.002262756,0.601460108
14,3,211318720,67,2.243499345,0.142569610,0.002262756,0.601532794
8,3,211318720,67,3.033962253,0.142569610,0.002262756,0.434133031
7,3,211318720,67,3.402770874,0.142569610,0.002262756,0.407903614
20,3,211318720,67,4.676687899,0.142569610,0.002262756,0.083717986
13,3,211318720,67,5.625555567,0.142569610,0.002262756,0.048151966
10,3,211318720,67,6.623978273,0.142569610,0.002262756,0.047190625
6,3,211318720,67,7.137204190,0.142569610,0.002262756,0.048042716
15,3,211318720,67,7.675098419,0.142569610,0.002262756,0.000004764
4,4,211318720,67,0.365025264,0.142569610,0.027544228,0.129766165
1,4,211318720,67,0.435282090,0.142569610,0.027544228,0.220181216
19,4,211318720,67,0.455660949,0.142569610,0.027544228,0.241237564
11,4,211318720,67,0.548675717,0.142569610,0.027544228,0.272360665
18,4,211318720,67,0.816040945,0.142569610,0.027544228,0.279562929
17,4,211318720,67,0.958855660,0.142569610,0.027544228,0.325633679
3,4,211318720,67,1.293019144,0.142569610,0.027544228,0.321873230
5,4,211318720,67,1.417817993,0.142569610,0.027544228,0.446519705
2,4,211318720,67,1.438684007,0.142569610,0.027544228,0.453860291
16,4,211318720,67,1.630457250,0.142569610,0.027544228,0.487642429
13,4,211318720,67,1.875185189,0.142569610,0.027544228,0.507565652
12,4,211318720,67,2.005690731,0.142569610,0.027544228,0.551518804
14,4,211318720,67,2.243499345,0.142569610,0.027544228,0.567677422
9,4,211318720,67,2.415717836,0.142569610,0.027544228,0.607541220
20,4,211318720,67,2.672393085,0.142569610,0.027544228,0.617231423
8,4,211318720,67,3.286792440,0.142569610,0.027544228,0.509866771
6,4,211318720,67,3.568602095,0.142569610,0.027544228,0.510987358
10,4,211318720,67,5.642648159,0.142569610,0.027544228,0.048695732
7,4,211318720,67,7.656234466,0.142569610,0.027544228,0.047078243
15,4,211318720,67,8.417849879,0.142569610,0.027544228,0.000004764
4,5,211318720,67,0.446141990,0.142569610,0.053382304,0.087324075
19,5,211318720,67,0.531604441,0.142569610,0.053382304,0.285475562
17,5,211318720,67,0.593577313,0.142569610,0.053382304,0.429981749
11,5,211318720,67,0.598555328,0.142569610,0.053382304,0.437999499
18,5,211318720,67,0.601293328,0.142569610,0.053382304,0.440833695
2,5,211318720,67,0.649728261,0.142569610,0.053382304,0.477127783
1,5,211318720,67,0.761743658,0.142569610,0.053382304,0.514545509
5,5,211318720,67,0.945211995,0.142569610,0.053382304,0.548470906
3,5,211318720,67,1.477736165,0.142569610,0.053382304,0.472619980
16,5,211318720,67,1.739154400,0.142569610,0.053382304,0.480184739
14,5,211318720,67,1.922999439,0.142569610,0.053382304,0.610385055
15,5,211318720,67,1.980670560,0.142569610,0.053382304,0.667475553
12,5,211318720,67,2.005690731,0.142569610,0.053382304,0.675936719
13,5,211318720,67,2.916954739,0.142569610,0.053382304,0.470957322
10,5,211318720,67,3.189322872,0.142569610,0.053382304,0.516491938
6,5,211318720,67,3.271218587,0.142569610,0.053382304,0.552308533
7,5,211318720,67,3.402770874,0.142569610,0.053382304,0.596180733
9,5,211318720,67,4.486333125,0.142569610,0.053382304,0.337584485
8,5,211318720,67,5.815094318,0.142569610,0.053382304,0.048553478
20,5,211318720,67,9.019326663,0.142569610,0.053382304,0.000004764
18,6,211318720,67,0.429495234,0.142569610,0.020636905,0.152358328
1,6,211318720,67,0.435282090,0.142569610,0.020636905,0.162014434
5,6,211318720,67,0.558534361,0.142569610,0.020636905,0.363882343
4,6,211318720,67,0.567817078,0.142569610,0.020636905,0.385711146
17,6,211318720,67,0.639237107,0.142569610,0.020636905,0.505545508
3,6,211318720,67,0.646509572,0.142569610,0.020636905,0.512844787
11,6,211318720,67,0.698314549,0.142569610,0.020636905,0.530578768
19,6,211318720,67,0.949293645,0.142569610,0.020636905,0.582161957
16,6,211318720,67,1.032622925,0.142569610,0.020636905,0.607718463
2,6,211318720,67,1.253047361,0.142569610,0.020636905,0.631058578
12,6,211318720,67,2.005690731,0.142569610,0.020636905,0.480346728
9,6,211318720,67,2.243166562,0.142569610,0.020636905,0.496387899
15,6,211318720,67,3.466173480,0.142569610,0.020636905,0.187605599
6,6,211318720,67,4.163369111,0.142569610,0.020636905,0.046730289
7,6,211318720,67,4.820592071,0.142569610,0.020636905,0.049840536
14,6,211318720,67,5.288248457,0.142569610,0.020636905,0.047858648
13,6,211318720,67,6.042263387,0.142569610,0.020636905,0.048677698
8,6,211318720,67,6.573584881,0.142569610,0.020636905,0.049118591
10,6,211318720,67,7.605308388,0.142569610,0.020636905,0.047510167
20,6,211318720,67,10.355523205,0.142569610,0.020636905,0.000004764
4,7,211318720,67,0.405583627,0.142569610,0.034563929,0.126439195
3,7,211318720,67,0.461792551,0.142569610,0.034563929,0.213777194
5,7,211318720,67,0.515570179,0.142569610,0.034563929,0.285057946
18,7,211318720,67,0.558343805,0.142569610,0.034563929,0.356221040
17,7,211318720,67,0.639237107,0.142569610,0.034563929,0.452665791
2,7,211318720,67,0.649728261,0.142569610,0.034563929,0.463053164
16,7,211318720,67,0.760880050,0.142569610,0.034563929,0.519905047
19,7,211318720,67,0.873350153,0.142569610,0.034563929,0.557307038
1,7,211318720,67,1.033794964,0.142569610,0.034563929,0.599996495
11,7,211318720,67,1.396629099,0.142569610,0.034563929,0.573984411
12,7,211318720,67,1.719163483,0.142569610,0.034563929,0.558997456
15,7,211318720,67,1.980670560,0.142569610,0.034563929,0.567421456
14,7,211318720,67,2.243499345,0.142569610,0.034563929,0.575975513
9,7,211318720,67,2.415717836,0.142569610,0.034563929,0.615245739
6,7,211318720,67,2.676451571,0.142569610,0.034563929,0.704561321
10,7,211318720,67,2.698657815,0.142569610,0.034563929,0.711587021
20,7,211318720,67,4.008589628,0.142569610,0.034563929,0.368631808
13,7,211318720,67,6.042263387,0.142569610,0.034563929,0.047628490
8,7,211318720,67,8.596226383,0.142569610,0.034563929,0.047926851
7,7,211318720,67,8.790491424,0.142569610,0.034563929,0.000004764
5,8,211318720,67,0.472605998,0.142569610,0.016996337,0.167796049
19,8,211318720,67,0.531604441,0.142569610,0.016996337,0.363866549
11,8,211318720,67,0.548675717,0.142569610,0.016996337,0.427057431
1,8,211318720,67,0.598512874,0.142569610,0.016996337,0.576240353
18,8,211318720,67,0.601293328,0.142569610,0.016996337,0.582803426
17,8,211318720,67,0.639237107,0.142569610,0.016996337,0.645584590
3,8,211318720,67,0.646509572,0.142569610,0.016996337,0.652851542
2,8,211318720,67,0.649728261,0.142569610,0.016996337,0.653217155
4,8,211318720,67,1.176192518,0.142569610,0.016996337,0.657155034
16,8,211318720,67,1.195668650,0.142569610,0.016996337,0.663818024
12,8,211318720,67,1.719163483,0.142569610,0.016996337,0.583554333
14,8,211318720,67,1.922999439,0.142569610,0.016996337,0.611672251
9,8,211318720,67,2.243166562,0.142569610,0.016996337,0.602209827
10,8,211318720,67,3.434655401,0.142569610,0.016996337,0.381537308
15,8,211318720,67,3.466173480,0.142569610,0.016996337,0.414238341
6,8,211318720,67,3.568602095,0.142569610,0.016996337,0.449753173
20,8,211318720,67,4.342638764,0.142569610,0.016996337,0.288289162
13,8,211318720,67,6.250617297,0.142569610,0.016996337,0.046606443
8,8,211318720,67,7.584905632,0.142569610,0.016996337,0.049128265
7,8,211318720,67,8.223362945,0.142569610,0.016996337,0.000004764
19,9,211318720,67,0.531604441,0.142569610,0.102711968,0.340206822
16,9,211318720,67,0.543485750,0.142569610,0.102711968,0.367796571
3,9,211318720,67,0.554151062,0.142569610,0.102711968,0.385987409
4,9,211318720,67,0.567817078,0.142569610,0.102711968,0.407607999
17,9,211318720,67,0.593577313,0.142569610,0.102711968,0.433754825
11,9,211318720,67,0.698314549,0.142569610,0.102711968,0.521834455
1,9,211318720,67,0.761743658,0.142569610,0.102711968,0.543819154
2,9,211318720,67,1.113819877,0.142569610,0.102711968,0.521965814
18,9,211318720,67,1.331435226,0.142569610,0.102711968,0.611783507
5,9,211318720,67,1.374853812,0.142569610,0.102711968,0.625895294
12,9,211318720,67,1.862427107,0.142569610,0.102711968,0.563811917
14,9,211318720,67,2.083249392,0.142569610,0.102711968,0.586271335
9,9,211318720,67,2.243166562,0.142569610,0.102711968,0.623434310
13,9,211318720,67,2.500246919,0.142569610,0.102711968,0.633492418
6,9,211318720,67,2.973835079,0.142569610,0.102711968,0.624660099
8,9,211318720,67,3.033962253,0.142569610,0.102711968,0.644944721
15,9,211318720,67,3.466173480,0.142569610,0.102711968,0.598479674
7,9,211318720,67,3.686335113,0.142569610,0.102711968,0.623283406
20,9,211318720,67,4.342638764,0.142569610,0.102711968,0.503460880
10,9,211318720,67,5.642648159,0.142569610,0.102711968,0.076256267
17,10,211318720,67,0.502257727,0.142569610,0.033137292,0.183953773
5,10,211318720,67,0.558534361,0.142569610,0.033137292,0.281266167
4,10,211318720,67,0.567817078,0.142569610,0.033137292,0.297134861
2,10,211318720,67,0.603319100,0.142569610,0.033137292,0.333629945
11,10,211318720,67,0.698314549,0.142569610,0.033137292,0.462846322
16,10,211318720,67,0.760880050,0.142569610,0.033137292,0.526657520
18,10,211318720,67,0.773091422,0.142569610,0.033137292,0.530766137
3,10,211318720,67,0.969764358,0.142569610,0.033137292,0.593943146
19,10,211318720,67,1.063208882,0.142569610,0.033137292,0.625333336
1,10,211318720,67,1.251436009,0.142569610,0.033137292,0.658735585
10,10,211318720,67,2.943990344,0.142569610,0.033137292,0.196042658
15,10,211318720,67,3.218589660,0.142569610,0.033137292,0.304419638
9,10,211318720,67,3.278474207,0.142569610,0.033137292,0.363717265
8,10,211318720,67,3.286792440,0.142569610,0.033137292,0.366818163
7,10,211318720,67,3.969899353,0.142569610,0.033137292,0.233890439
6,10,211318720,67,4.163369111,0.142569610,0.033137292,0.266967969
20,10,211318720,67,4.342638764,0.142569610,0.033137292,0.301729523
12,10,211318720,67,4.727699579,0.142569610,0.033137292,0.268922084
14,10,211318720,67,5.288248457,0.142569610,0.033137292,0.176813006
13,10,211318720,67,6.458971207,0.142569610,0.033137292,0.000004764
17,11,211318720,67,0.456597933,0.142569610,0.022867443,0.250820305
5,11,211318720,67,0.472605998,0.142569610,0.022867443,0.285742566
19,11,211318720,67,0.493632695,0.142569610,0.022867443,0.321001863
4,11,211318720,67,0.527258715,0.142569610,0.022867443,0.370620075
2,11,211318720,67,0.603319100,0.142569610,0.022867443,0.479221050
3,11,211318720,67,0.646509572,0.142569610,0.022867443,0.522329760
11,11,211318720,67,0.698314549,0.142569610,0.022867443,0.539030466
18,11,211318720,67,0.901939992,0.142569610,0.022867443,0.567339121
1,11,211318720,67,1.414666793,0.142569610,0.022867443,0.492500582
16,11,211318720,67,1.576108675,0.142569610,0.022867443,0.534839364
14,11,211318720,67,1.922999439,0.142569610,0.022867443,0.615374025
15,11,211318720,67,1.980670560,0.142569610,0.022867443,0.673444700
12,11,211318720,67,2.005690731,0.142569610,0.022867443,0.681493191
8,11,211318720,67,3.286792440,0.142569610,0.022867443,0.376749564
7,11,211318720,67,3.402770874,0.142569610,0.022867443,0.414898944
20,11,211318720,67,4.342638764,0.142569610,0.022867443,0.244265172
10,11,211318720,67,4.415985515,0.142569610,0.022867443,0.269465117
9,11,211318720,67,4.831435673,0.142569610,0.022867443,0.225400695
13,11,211318720,67,6.250617297,0.142569610,0.022867443,0.049630598
6,11,211318720,67,8.624121730,0.142569610,0.022867443,0.000004764
19,12,211318720,67,0.455660949,0.142569612,0.052286491,0.081578769
11,12,211318720,67,0.548675717,0.142569612,0.052286491,0.140693343
2,12,211318720,67,0.649728261,0.142569612,0.052286491,0.232743360
1,12,211318720,67,0.707333396,0.142569612,0.052286491,0.274638578
5,12,211318720,67,0.816319451,0.142569612,0.052286491,0.376054937
3,12,211318720,67,0.877405848,0.142569612,0.052286491,0.436312622
18,12,211318720,67,0.944889516,0.142569612,0.052286491,0.457782901
4,12,211318720,67,1.216750881,0.142569612,0.052286491,0.460702788
17,12,211318720,67,1.369793800,0.142569612,0.052286491,0.506116028
16,12,211318720,67,1.630457250,0.142569612,0.052286491,0.514620586
9,12,211318720,67,1.898064014,0.142569612,0.052286491,0.573630520
10,12,211318720,67,1.962660229,0.142569612,0.052286491,0.596268888
14,12,211318720,67,2.243499345,0.142569612,0.052286491,0.598032152
8,12,211318720,67,2.781132065,0.142569612,0.052286491,0.516895915
7,12,211318720,67,3.402770874,0.142569612,0.052286491,0.407226152
12,12,211318720,67,4.441172332,0.142569612,0.052286491,0.158141812
20,12,211318720,67,4.676687899,0.142569612,0.052286491,0.174646985
13,12,211318720,67,6.042263387,0.142569612,0.052286491,0.046609199
15,12,211318720,67,7.427514599,0.142569612,0.052286491,0.047022641
6,12,211318720,67,8.029354714,0.142569612,0.052286491,0.000004764
5,13,211318720,67,0.343713453,0.142569612,0.022134881,0.069501176
19,13,211318720,67,0.455660949,0.142569612,0.022134881,0.220249603
16,13,211318720,67,0.543485750,0.142569612,0.022134881,0.514119527
3,13,211318720,67,0.554151062,0.142569612,0.022134881,0.546016968
18,13,211318720,67,0.558343805,0.142569612,0.022134881,0.555945170
4,13,211318720,67,0.567817078,0.142569612,0.022134881,0.572062874
11,13,211318720,67,0.598555328,0.142569612,0.022134881,0.603615838
17,13,211318720,67,0.639237107,0.142569612,0.022134881,0.616396890
1,13,211318720,67,1.033794964,0.142569612,0.022134881,0.579483453
2,13,211318720,67,1.345865684,0.142569612,0.022134881,0.571187934
12,13,211318720,67,1.719163483,0.142569612,0.022134881,0.544057765
9,13,211318720,67,2.243166562,0.142569612,0.022134881,0.463046141
14,13,211318720,67,3.845998877,0.142569612,0.022134881,0.049002177
6,13,211318720,67,4.163369111,0.142569612,0.022134881,0.048874330
15,13,211318720,67,6.189595499,0.142569612,0.022134881,0.104230680
13,13,211318720,67,6.250617297,0.142569612,0.022134881,0.135541032
10,13,211318720,67,6.378645745,0.142569612,0.022134881,0.178755815
7,13,211318720,67,7.372670226,0.142569612,0.022134881,0.049912491
8,13,211318720,67,8.090566007,0.142569612,0.022134881,0.047101917
20,13,211318720,67,10.689572341,0.142569612,0.022134881,0.000004764
19,14,211318720,67,0.455660949,0.142569612,0.047494449,0.212960264
3,14,211318720,67,0.461792551,0.142569612,0.047494449,0.223850176
4,14,211318720,67,0.527258715,0.142569612,0.047494449,0.364544430
5,14,211318720,67,0.558534361,0.142569612,0.047494449,0.439413019
2,14,211318720,67,0.603319100,0.142569612,0.047494449,0.544015687
17,14,211318720,67,0.639237107,0.142569612,0.047494449,0.604751725
16,14,211318720,67,0.652182900,0.142569612,0.047494449,0.617862266
11,14,211318720,67,0.698314549,0.142569612,0.047494449,0.633795887
18,14,211318720,67,1.030788562,0.142569612,0.047494449,0.713403082
1,14,211318720,67,1.033794964,0.142569612,0.047494449,0.714512453
12,14,211318720,67,1.862427107,0.142569612,0.047494449,0.593451784
14,14,211318720,67,1.922999439,0.142569612,0.047494449,0.642496506
8,14,211318720,67,2.022641502,0.142569612,0.047494449,0.676029815
10,14,211318720,67,2.943990344,0.142569612,0.047494449,0.468395999
7,14,211318720,67,3.119206634,0.142569612,0.047494449,0.504822676
13,14,211318720,67,3.958724288,0.142569612,0.047494449,0.319071559
9,14,211318720,67,5.521640769,0.142569612,0.047494449,0.045861210
15,14,211318720,67,7.427514599,0.142569612,0.047494449,0.048771241
6,14,211318720,67,8.921505237,0.142569612,0.047494449,0.048038756
20,14,211318720,67,10.355523205,0.142569612,0.047494449,0.000004764
18,15,211318720,67,0.515394281,0.142569612,0.028619245,0.102761210
5,15,211318720,67,0.601498543,0.142569612,0.028619245,0.245126745
17,15,211318720,67,0.639237107,0.142569612,0.028619245,0.283463094
16,15,211318720,67,0.652182900,0.142569612,0.028619245,0.288125247
19,15,211318720,67,0.873350153,0.142569612,0.028619245,0.409196412
4,15,211318720,67,0.932842342,0.142569612,0.028619245,0.468077778
11,15,211318720,67,0.947712603,0.142569612,0.028619245,0.473162024
2,15,211318720,67,1.253047361,0.142569612,0.028619245,0.475304590
3,15,211318720,67,1.385377654,0.142569612,0.028619245,0.523387516
1,15,211318720,67,1.523487315,0.142569612,0.028619245,0.571068915
14,15,211318720,67,1.762749486,0.142569612,0.028619245,0.616085512
12,15,211318720,67,1.862427107,0.142569612,0.028619245,0.650336720
13,15,211318720,67,2.708600829,0.142569612,0.028619245,0.554793688
15,15,211318720,67,2.723422020,0.142569612,0.028619245,0.560236643
10,15,211318720,67,3.434655401,0.142569612,0.028619245,0.448990503
8,15,211318720,67,3.539622628,0.142569612,0.028619245,0.484757923
20,15,211318720,67,4.342638764,0.142569612,0.028619245,0.319688096
9,15,211318720,67,5.349089495,0.142569612,0.028619245,0.088836057
7,15,211318720,67,6.238413268,0.142569612,0.028619245,0.048592146
6,15,211318720,67,8.624121730,0.142569612,0.028619245,0.000004764
3,16,211318720,67,0.461792551,0.142569612,0.018793220,0.141113400
19,16,211318720,67,0.531604441,0.142569612,0.018793220,0.351950358
5,16,211318720,67,0.558534361,0.142569612,0.018793220,0.414967293
17,16,211318720,67,0.593577313,0.142569612,0.018793220,0.478036555
11,16,211318720,67,0.598555328,0.142569612,0.018793220,0.486411742
18,16,211318720,67,0.601293328,0.142569612,0.018793220,0.489141859
4,16,211318720,67,0.730050528,0.142569612,0.018793220,0.605936722
1,16,211318720,67,0.761743658,0.142569612,0.018793220,0.615826075
2,16,211318720,67,1.206638200,0.142569612,0.018793220,0.561885237
12,16,211318720,67,1.719163483,0.142569612,0.018793220,0.532000812
16,16,211318720,67,1.793502975,0.142569612,0.018793220,0.555655953
13,16,211318720,67,2.083539099,0.142569612,0.018793220,0.557663692
6,16,211318720,67,2.379068063,0.142569612,0.018793220,0.556280305
8,16,211318720,67,3.286792440,0.142569612,0.018793220,0.351228204
10,16,211318720,67,3.434655401,0.142569612,0.018793220,0.398237929
20,16,211318720,67,4.342638764,0.142569612,0.018793220,0.191887244
14,16,211318720,67,4.807498597,0.142569612,0.018793220,0.135007789
9,16,211318720,67,5.866743317,0.142569612,0.018793220,0.047895460
15,16,211318720,67,6.189595499,0.142569612,0.018793220,0.048529804
7,16,211318720,67,8.506927184,0.142569612,0.018793220,0.000004764
11,17,211318720,67,0.498796107,0.142569612,0.166063026,0.236376338
5,17,211318720,67,0.515570179,0.142569612,0.166063026,0.277690920
4,17,211318720,67,0.527258715,0.142569612,0.166063026,0.304899455
1,17,211318720,67,0.598512874,0.142569612,0.166063026,0.423624451
3,17,211318720,67,0.646509572,0.142569612,0.166063026,0.471793641
2,17,211318720,67,0.649728261,0.142569612,0.166063026,0.472986131
16,17,211318720,67,0.815228625,0.142569612,0.166063026,0.514984963
19,17,211318720,67,1.101180628,0.142569612,0.166063026,0.553552286
17,17,211318720,67,1.187154627,0.142569612,0.166063026,0.582819000
18,17,211318720,67,1.374384750,0.142569612,0.166063026,0.617616628
13,17,211318720,67,1.666831279,0.142569612,0.166063026,0.620611277
14,17,211318720,67,1.922999439,0.142569612,0.166063026,0.630439801
7,17,211318720,67,3.119206634,0.142569612,0.166063026,0.362321702
15,17,211318720,67,3.218589660,0.142569612,0.166063026,0.395888392
6,17,211318720,67,4.163369111,0.142569612,0.166063026,0.191458309
12,17,211318720,67,4.297908708,0.142569612,0.166063026,0.236618469
20,17,211318720,67,4.676687899,0.142569612,0.166063026,0.208033791
9,17,211318720,67,5.176538221,0.142569612,0.166063026,0.132669228
10,17,211318720,67,5.642648159,0.142569612,0.166063026,0.076226926
8,17,211318720,67,8.090566007,0.142569612,0.166063026,0.000004764
5,18,211318720,67,0.343713453,0.142569612,0.112682231,0.047622728
19,18,211318720,67,0.531604441,0.142569612,0.112682231,0.344141645
18,18,211318720,67,0.558343805,0.142569612,0.112682231,0.426173851
4,18,211318720,67,0.567817078,0.142569612,0.112682231,0.454846424
1,18,211318720,67,0.598512874,0.142569612,0.112682231,0.526461391
2,18,211318720,67,0.603319100,0.142569612,0.112682231,0.534676054
16,18,211318720,67,0.652182900,0.142569612,0.112682231,0.583575284
11,18,211318720,67,0.698314549,0.142569612,0.112682231,0.599197185
3,18,211318720,67,1.385377654,0.142569612,0.112682231,0.544484714
17,18,211318720,67,1.415453593,0.142569612,0.112682231,0.555197497
12,18,211318720,67,1.719163483,0.142569612,0.112682231,0.547264512
14,18,211318720,67,2.243499345,0.142569612,0.112682231,0.467805445
9,18,211318720,67,2.415717836,0.142569612,0.112682231,0.506357887
7,18,211318720,67,2.835642395,0.142569612,0.112682231,0.485599448
10,18,211318720,67,2.943990344,0.142569612,0.112682231,0.520159284
15,18,211318720,67,3.218589660,0.142569612,0.112682231,0.574878789
8,18,211318720,67,3.286792440,0.142569612,0.112682231,0.597012465
13,18,211318720,67,6.250617297,0.142569612,0.112682231,0.048379684
6,18,211318720,67,6.542437174,0.142569612,0.112682231,0.048576612
20,18,211318720,67,8.017179256,0.142569612,0.112682231,0.000004764
5,19,211318720,67,0.343713453,0.142569612,0.055314213,0.047369099
16,19,211318720,67,0.543485750,0.142569612,0.055314213,0.224102366
11,19,211318720,67,0.548675717,0.142569612,0.055314213,0.233055318
2,19,211318720,67,0.603319100,0.142569612,0.055314213,0.288599922
19,19,211318720,67,0.683491424,0.142569612,0.055314213,0.359667901
1,19,211318720,67,0.761743658,0.142569612,0.055314213,0.385088504
3,19,211318720,67,1.062122868,0.142569612,0.055314213,0.400580819
4,19,211318720,67,1.176192518,0.142569612,0.055314213,0.488213088
18,19,211318720,67,1.245536180,0.142569612,0.055314213,0.511047682
17,19,211318720,67,1.461113387,0.142569612,0.055314213,0.537216292
14,19,211318720,67,2.083249392,0.142569612,0.055314213,0.427928092
15,19,211318720,67,3.218589660,0.142569612,0.055314213,0.150248307
10,19,211318720,67,3.434655401,0.142569612,0.055314213,0.174189030
12,19,211318720,67,4.727699579,0.142569612,0.055314213,0.047538675
9,19,211318720,67,5.176538221,0.142569612,0.055314213,0.049245594
13,19,211318720,67,7.084032937,0.142569612,0.055314213,0.047451976
8,19,211318720,67,7.584905632,0.142569612,0.055314213,0.047897075
6,19,211318720,67,8.624121730,0.142569612,0.055314213,0.048531211
7,19,211318720,67,9.641184142,0.142569612,0.055314213,0.049081567
20,19,211318720,67,10.355523205,0.142569612,0.055314213,0.000004764
5,20,211318720,67,0.515570179,0.142569612,0.012171774,0.236845620
4,20,211318720,67,0.567817078,0.142569612,0.012171774,0.435647529
3,20,211318720,67,0.600330317,0.142569612,0.012171774,0.556008168
18,20,211318720,67,0.601293328,0.142569612,0.012171774,0.558850159
2,20,211318720,67,0.603319100,0.142569612,0.012171774,0.563618205
17,20,211318720,67,0.639237107,0.142569612,0.012171774,0.623891213
1,20,211318720,67,0.652923135,0.142569612,0.012171774,0.637877839
11,20,211318720,67,0.698314549,0.142569612,0.012171774,0.653366213
16,20,211318720,67,1.141320075,0.142569612,0.012171774,0.647224076
19,20,211318720,67,1.215095865,0.142569612,0.012171774,0.672487637
12,20,211318720,67,1.719163483,0.142569612,0.012171774,0.600324224
14,20,211318720,67,2.083249392,0.142569612,0.012171774,0.575069696
20,20,211318720,67,2.672393085,0.142569612,0.012171774,0.477109679
13,20,211318720,67,2.916954739,0.142569612,0.012171774,0.568259408
15,20,211318720,67,2.971005840,0.142569612,0.012171774,0.621724009
8,20,211318720,67,3.033962253,0.142569612,0.012171774,0.680719864
7,20,211318720,67,3.119206634,0.142569612,0.012171774,0.756710424
10,20,211318720,67,3.189322872,0.142569612,0.012171774,0.779134742
6,20,211318720,67,3.865985603,0.142569612,0.012171774,0.654789787
9,20,211318720,67,5.176538221,0.142569612,0.012171774,0.220641635
2,21,211318720,67,0.510500777,0.142569612,0.016876047,0.182530113
4,21,211318720,67,0.567817078,0.142569612,0.016876047,0.317027818
17,21,211318720,67,0.593577313,0.142569612,0.016876047,0.359236799
5,21,211318720,67,0.601498543,0.142569612,0.016876047,0.366884985
3,21,211318720,67,0.646509572,0.142569612,0.016876047,0.419026220
16,21,211318720,67,0.760880050,0.142569612,0.016876047,0.604038613
1,21,211318720,67,0.761743658,0.142569612,0.016876047,0.604977771
19,21,211318720,67,0.797406662,0.142569612,0.016876047,0.616557975
18,21,211318720,67,0.944889516,0.142569612,0.016876047,0.661774093
11,21,211318720,67,1.446508709,0.142569612,0.016876047,0.593069034
14,21,211318720,67,2.243499345,0.142569612,0.016876047,0.504843416
7,21,211318720,67,2.268513916,0.142569612,0.016876047,0.512936163
10,21,211318720,67,3.189322872,0.142569612,0.016876047,0.303475743
20,21,211318720,67,3.674540492,0.142569612,0.016876047,0.237070516
13,21,211318720,67,3.958724288,0.142569612,0.016876047,0.297487073
12,21,211318720,67,4.011381461,0.142569612,0.016876047,0.315246353
6,21,211318720,67,4.163369111,0.142569612,0.016876047,0.367050311
8,21,211318720,67,4.298113191,0.142569612,0.016876047,0.414056107
9,21,211318720,67,5.694192043,0.142569612,0.016876047,0.054185331
15,21,211318720,67,6.932346959,0.142569612,0.016876047,0.000004764
19,22,211318720,67,0.493632695,0.142569608,0.235216931,0.229119496
5,22,211318720,67,0.515570179,0.142569608,0.235216931,0.277030949
4,22,211318720,67,0.527258715,0.142569608,0.235216931,0.304132222
17,22,211318720,67,0.593577313,0.142569608,0.235216931,0.440926198
3,22,211318720,67,0.646509572,0.142569608,0.235216931,0.529548853
16,22,211318720,67,0.652182900,0.142569608,0.235216931,0.535453387
11,22,211318720,67,0.698314549,0.142569608,0.235216931,0.550371647
12,22,211318720,67,1.146108989,0.142569608,0.235216931,0.498762632
18,22,211318720,67,1.331435226,0.142569608,0.235216931,0.616691792
2,22,211318720,67,1.345865684,0.142569608,0.235216931,0.621444432
1,22,211318720,67,1.523487315,0.142569608,0.235216931,0.655736599
15,22,211318720,67,2.228254380,0.142569608,0.235216931,0.515208715
13,22,211318720,67,2.916954739,0.142569608,0.235216931,0.384527578
7,22,211318720,67,3.402770874,0.142569608,0.235216931,0.323492886
8,22,211318720,67,3.539622628,0.142569608,0.235216931,0.369485060
9,22,211318720,67,3.968679303,0.142569608,0.235216931,0.391436825
14,22,211318720,67,4.006248831,0.142569608,0.235216931,0.403738203
10,22,211318720,67,6.869310802,0.142569608,0.235216931,0.045084294
6,22,211318720,67,8.921505237,0.142569608,0.235216931,0.050060735
20,22,211318720,67,10.021474070,0.142569608,0.235216931,0.000004764
19,23,211318720,67,0.493632695,0.142569608,0.004782464,0.244539309
17,23,211318720,67,0.502257727,0.142569608,0.004782464,0.258975674
2,23,211318720,67,0.510500777,0.142569608,0.004782464,0.270434034
5,23,211318720,67,0.601498543,0.142569608,0.004782464,0.411097467
11,23,211318720,67,0.648434939,0.142569608,0.004782464,0.489342272
16,23,211318720,67,0.706531475,0.142569608,0.004782464,0.547571811
1,23,211318720,67,0.707333396,0.142569608,0.004782464,0.547847710
3,23,211318720,67,0.877405848,0.142569608,0.004782464,0.588856664
18,23,211318720,67,1.202586656,0.142569608,0.004782464,0.636782635
4,23,211318720,67,1.257309243,0.142569608,0.004782464,0.655355567
12,23,211318720,67,1.862427107,0.142569608,0.004782464,0.551091515
8,23,211318720,67,3.033962253,0.142569608,0.004782464,0.260466310
14,23,211318720,67,3.204999065,0.142569608,0.004782464,0.299432838
10,23,211318720,67,3.434655401,0.142569608,0.004782464,0.392566190
15,23,211318720,67,3.466173480,0.142569608,0.004782464,0.402753515
7,23,211318720,67,3.686335113,0.142569608,0.004782464,0.425170543
9,23,211318720,67,3.968679303,0.142569608,0.004782464,0.427493050
6,23,211318720,67,4.163369111,0.142569608,0.004782464,0.459090726
20,23,211318720,67,4.676687899,0.142569608,0.004782464,0.379741325
13,23,211318720,67,6.250617297,0.142569608,0.004782464,0.000004764
17,24,211318720,67,0.365278347,0.142569608,0.057893541,0.050080115
5,24,211318720,67,0.515570179,0.142569608,0.057893541,0.364391000
4,24,211318720,67,0.527258715,0.142569608,0.057893541,0.398910392
3,24,211318720,67,0.554151062,0.142569608,0.057893541,0.460638225
18,24,211318720,67,0.558343805,0.142569608,0.057893541,0.467697912
16,24,211318720,67,0.597834325,0.142569608,0.057893541,0.507712464
11,24,211318720,67,0.648434939,0.142569608,0.057893541,0.543248749
1,24,211318720,67,0.761743658,0.142569608,0.057893541,0.602111462
19,24,211318720,67,0.873350153,0.142569608,0.057893541,0.667372388
2,24,211318720,67,0.974592392,0.142569608,0.057893541,0.701872900
14,24,211318720,67,1.762749486,0.142569608,0.057893541,0.562816586
12,24,211318720,67,1.862427107,0.142569608,0.057893541,0.596778636
15,24,211318720,67,2.971005840,0.142569608,0.057893541,0.332234656
7,24,211318720,67,3.686335113,0.142569608,0.057893541,0.190211142
13,24,211318720,67,3.958724288,0.142569608,0.057893541,0.192548335
20,24,211318720,67,4.676687899,0.142569608,0.057893541,0.060324954
8,24,211318720,67,4.803773567,0.142569608,0.057893541,0.180237588
9,24,211318720,67,4.831435673,0.142569608,0.057893541,0.189204256
10,24,211318720,67,7.359975859,0.142569608,0.057893541,0.048850946
6,24,211318720,67,9.813655761,0.142569608,0.057893541,0.000004764
17,25,211318720,67,0.365278347,0.142569608,0.042953212,0.160323760
18,25,211318720,67,0.386545711,0.142569608,0.042953212,0.182174153
3,25,211318720,67,0.461792551,0.142569608,0.042953212,0.310822245
4,25,211318720,67,0.527258715,0.142569608,0.042953212,0.463215042
19,25,211318720,67,0.531604441,0.142569608,0.042953212,0.470217341
16,25,211318720,67,0.597834325,0.142569608,0.042953212,0.587279973
2,25,211318720,67,0.603319100,0.142569608,0.042953212,0.596354927
11,25,211318720,67,0.698314549,0.142569608,0.042953212,0.692944866
1,25,211318720,67,0.707333396,0.142569608,0.042953212,0.695893534
5,25,211318720,67,1.288925448,0.142569608,0.042953212,0.597548774
13,25,211318720,67,1.666831279,0.142569608,0.042953212,0.628464127
12,25,211318720,67,1.719163483,0.142569608,0.042953212,0.646565312
8,25,211318720,67,2.781132065,0.142569608,0.042953212,0.393521313
7,25,211318720,67,3.402770874,0.142569608,0.042953212,0.281465105
20,25,211318720,67,4.008589628,0.142569608,0.042953212,0.180011729
6,25,211318720,67,4.163369111,0.142569608,0.042953212,0.224662813
9,25,211318720,67,4.486333125,0.142569608,0.042953212,0.307119426
14,25,211318720,67,4.486998690,0.142569608,0.042953212,0.307344954
10,25,211318720,67,7.605308388,0.142569608,0.042953212,0.045785032
15,25,211318720,67,7.922682239,0.142569608,0.042953212,0.000004764
19,26,211318720,67,0.303773966,0.142569608,0.135757938,0.138781518
3,26,211318720,67,0.369434041,0.142569608,0.135757938,0.248710876
5,26,211318720,67,0.386677635,0.142569608,0.135757938,0.266303085
4,26,211318720,67,0.446141990,0.142569608,0.135757938,0.286773875
18,26,211318720,67,0.601293328,0.142569608,0.135757938,0.394015733
11,26,211318720,67,0.648434939,0.142569608,0.135757938,0.409952298
17,26,211318720,67,1.050175247,0.142569608,0.135757938,0.370036474
2,26,211318720,67,1.345865684,0.142569608,0.135757938,0.416144743
16,26,211318720,67,1.413062950,0.142569608,0.135757938,0.439141632
12,26,211318720,67,1.575899860,0.142569608,0.135757938,0.575894876
1,26,211318720,67,1.577897577,0.142569608,0.135757938,0.576768967
9,26,211318720,67,1.725512740,0.142569608,0.135757938,0.622060923
13,26,211318720,67,2.708600829,0.142569608,0.135757938,0.392511262
8,26,211318720,67,3.539622628,0.142569608,0.135757938,0.217129505
6,26,211318720,67,4.163369111,0.142569608,0.135757938,0.104360688
14,26,211318720,67,4.967748550,0.142569608,0.135757938,0.046788002
7,26,211318720,67,5.954849029,0.142569608,0.135757938,0.048395241
10,26,211318720,67,6.133313216,0.142569608,0.135757938,0.082759629
15,26,211318720,67,7.427514599,0.142569608,0.135757938,0.048307759
20,26,211318720,67,8.017179256,0.142569608,0.135757938,0.000004764
4,27,211318720,67,0.486700352,0.142569608,0.000506842,0.227202619
17,27,211318720,67,0.502257727,0.142569608,0.000506842,0.253588272
18,27,211318720,67,0.515394281,0.142569608,0.000506842,0.280086447
5,27,211318720,67,0.601498543,0.142569608,0.000506842,0.450259308
3,27,211318720,67,0.646509572,0.142569608,0.000506842,0.544199336
2,27,211318720,67,0.649728261,0.142569608,0.000506842,0.549612813
16,27,211318720,67,0.706531475,0.142569608,0.000506842,0.607051736
1,27,211318720,67,0.761743658,0.142569608,0.000506842,0.625788089
19,27,211318720,67,1.063208882,0.142569608,0.000506842,0.658659888
12,27,211318720,67,1.146108989,0.142569608,0.000506842,0.715171791
11,27,211318720,67,1.246990267,0.142569608,0.000506842,0.749914895
14,27,211318720,67,2.083249392,0.142569608,0.000506842,0.572497020
9,27,211318720,67,2.588269110,0.142569608,0.000506842,0.512952558
13,27,211318720,67,2.708600829,0.142569608,0.000506842,0.553784134
15,27,211318720,67,3.218589660,0.142569608,0.000506842,0.481778320
7,27,211318720,67,3.969899353,0.142569608,0.000506842,0.331361793
6,27,211318720,67,4.163369111,0.142569608,0.000506842,0.364901365
20,27,211318720,67,4.676687899,0.142569608,0.000506842,0.292835914
10,27,211318720,67,4.906650573,0.142569608,0.000506842,0.311497405
8,27,211318720,67,6.067924505,0.142569608,0.000506842,0.000004764
11,28,211318720,67,0.399036885,0.142569608,0.027821768,0.157963483
4,28,211318720,67,0.486700352,0.142569608,0.027821768,0.381485916
19,28,211318720,67,0.493632695,0.142569608,0.027821768,0.397580744
3,28,211318720,67,0.507971807,0.142569608,0.027821768,0.421690250
18,28,211318720,67,0.515394281,0.142569608,0.027821768,0.429122181
5,28,211318720,67,0.601498543,0.142569608,0.027821768,0.456864231
16,28,211318720,67,0.760880050,0.142569608,0.027821768,0.594936807
1,28,211318720,67,0.761743658,0.142569608,0.027821768,0.595212989
17,28,211318720,67,0.958855660,0.142569608,0.027821768,0.626728901
2,28,211318720,67,1.392274846,0.142569608,0.027821768,0.580139513
12,28,211318720,67,1.575899860,0.142569608,0.027821768,0.612913409
14,28,211318720,67,1.762749486,0.142569608,0.027821768,0.646602241
9,28,211318720,67,2.415717836,0.142569608,0.027821768,0.526419242
13,28,211318720,67,2.708600829,0.142569608,0.027821768,0.524208018
8,28,211318720,67,3.539622628,0.142569608,0.027821768,0.347708255
7,28,211318720,67,3.969899353,0.142569608,0.027821768,0.300413837
6,28,211318720,67,4.163369111,0.142569608,0.027821768,0.331850553
20,28,211318720,67,4.342638764,0.142569608,0.027821768,0.367272668
15,28,211318720,67,7.179930779,0.142569608,0.027821768,0.047485431
10,28,211318720,67,8.341305974,0.142569608,0.027821768,0.000004764
19,29,211318720,67,0.493632695,0.142569608,0.211608872,0.271749408
5,29,211318720,67,0.515570179,0.142569608,0.211608872,0.350115785
4,29,211318720,67,0.567817078,0.142569608,0.211608872,0.507668784
17,29,211318720,67,0.593577313,0.142569608,0.211608872,0.568686954
11,29,211318720,67,0.598555328,0.142569608,0.211608872,0.577022901
3,29,211318720,67,0.600330317,0.142569608,0.211608872,0.578787372
2,29,211318720,67,0.603319100,0.142569608,0.211608872,0.579949418
18,29,211318720,67,1.116687609,0.142569608,0.211608872,0.505453618
1,29,211318720,67,1.414666793,0.142569608,0.211608872,0.501742290
12,29,211318720,67,1.575899860,0.142569608,0.211608872,0.638087303
16,29,211318720,67,1.576108675,0.142569608,0.211608872,0.638136688
9,29,211318720,67,2.415717836,0.142569608,0.211608872,0.457890490
13,29,211318720,67,2.916954739,0.142569608,0.211608872,0.465796190
10,29,211318720,67,2.943990344,0.142569608,0.211608872,0.473563282
7,29,211318720,67,3.402770874,0.142569608,0.211608872,0.420779734
14,29,211318720,67,3.685748924,0.142569608,0.211608872,0.423537486
20,29,211318720,67,4.008589628,0.142569608,0.211608872,0.413705288
8,29,211318720,67,6.320754693,0.142569608,0.211608872,0.065948560
15,29,211318720,67,6.437179319,0.142569608,0.211608872,0.105568307
6,29,211318720,67,9.813655761,0.142569608,0.211608872,0.000004764
19,30,211318720,67,0.455660949,0.142569608,0.039888073,0.130017564
18,30,211318720,67,0.515394281,0.142569608,0.039888073,0.203512495
5,30,211318720,67,0.558534361,0.142569608,0.039888073,0.277384368
3,30,211318720,67,0.646509572,0.142569608,0.039888073,0.480581445
2,30,211318720,67,0.649728261,0.142569608,0.039888073,0.485869884
11,30,211318720,67,0.698314549,0.142569608,0.039888073,0.534792010
1,30,211318720,67,0.707333396,0.142569608,0.039888073,0.538358701
4,30,211318720,67,0.851725616,0.142569608,0.039888073,0.584812666
17,30,211318720,67,1.050175247,0.142569608,0.039888073,0.616886114
16,30,211318720,67,1.521760100,0.142569608,0.039888073,0.550885070
12,30,211318720,67,2.005690731,0.142569608,0.039888073,0.529766757
14,30,211318720,67,2.083249392,0.142569608,0.039888073,0.557067973
6,30,211318720,67,2.379068063,0.142569608,0.039888073,0.556283278
9,30,211318720,67,3.278474207,0.142569608,0.039888073,0.446298252
8,30,211318720,67,3.286792440,0.142569608,0.039888073,0.449176486
20,30,211318720,67,4.008589628,0.142569608,0.039888073,0.307281601
13,30,211318720,67,5.000493838,0.142569608,0.039888073,0.078578359
10,30,211318720,67,7.359975859,0.142569608,0.039888073,0.134338781
7,30,211318720,67,7.372670226,0.142569608,0.039888073,0.138762830
15,30,211318720,67,7.922682239,0.142569608,0.039888073,0.000004764
19,31,211318720,67,0.303773966,0.142569608,0.021087885,0.049239087
3,31,211318720,67,0.461792551,0.142569608,0.021087885,0.207523728
4,31,211318720,67,0.486700352,0.142569608,0.021087885,0.249337179
5,31,211318720,67,0.558534361,0.142569608,0.021087885,0.356262441
17,31,211318720,67,0.593577313,0.142569608,0.021087885,0.430545725
2,31,211318720,67,0.649728261,0.142569608,0.021087885,0.525141815
16,31,211318720,67,0.706531475,0.142569608,0.021087885,0.581474957
1,31,211318720,67,0.707333396,0.142569608,0.021087885,0.581848292
11,31,211318720,67,0.947712603,0.142569608,0.021087885,0.598986745
18,31,211318720,67,1.245536180,0.142569608,0.021087885,0.597001435
13,31,211318720,67,2.291893009,0.142569608,0.021087885,0.347484159
8,31,211318720,67,2.781132065,0.142569608,0.021087885,0.282536895
15,31,211318720,67,3.466173480,0.142569608,0.021087885,0.180689314
6,31,211318720,67,3.568602095,0.142569608,0.021087885,0.213285721
12,31,211318720,67,4.154645085,0.142569608,0.021087885,0.205529844
14,31,211318720,67,4.166498784,0.142569608,0.021087885,0.209132961
9,31,211318720,67,4.313781851,0.142569608,0.021087885,0.332185892
20,31,211318720,67,4.342638764,0.142569608,0.021087885,0.341422578
10,31,211318720,67,5.397315630,0.142569608,0.021087885,0.081138437
7,31,211318720,67,8.223362945,0.142569608,0.021087885,0.000004764
4,32,211318720,67,0.486700352,0.142569608,0.095176600,0.086476121
3,32,211318720,67,0.600330317,0.142569608,0.095176600,0.426710211
5,32,211318720,67,0.601498543,0.142569608,0.095176600,0.430228563
17,32,211318720,67,0.639237107,0.142569608,0.095176600,0.518851990
18,32,211318720,67,0.644242851,0.142569608,0.095176600,0.527483184
1,32,211318720,67,0.652923135,0.142569608,0.095176600,0.536040829
11,32,211318720,67,0.698314549,0.142569608,0.095176600,0.551466315
19,32,211318720,67,1.291039357,0.142569608,0.095176600,0.482433836
2,32,211318720,67,1.392274846,0.142569608,0.095176600,0.515551049
16,32,211318720,67,1.630457250,0.142569608,0.095176600,0.530753824
12,32,211318720,67,1.862427107,0.142569608,0.095176600,0.548433838
14,32,211318720,67,2.884499158,0.142569608,0.095176600,0.304545302
10,32,211318720,67,3.189322872,0.142569608,0.095176600,0.298176952
7,32,211318720,67,3.402770874,0.142569608,0.095176600,0.378166948
15,32,211318720,67,3.466173480,0.142569608,0.095176600,0.440830737
8,32,211318720,67,3.539622628,0.142569608,0.095176600,0.466621051
9,32,211318720,67,4.141230577,0.142569608,0.095176600,0.361908426
13,32,211318720,67,6.875679027,0.142569608,0.095176600,0.048303084
6,32,211318720,67,8.921505237,0.142569608,0.095176600,0.048020886
20,32,211318720,67,10.355523205,0.142569608,0.095176600,0.000004764
4,33,211318720,67,0.486700352,0.142569608,0.052958559,0.258350104
19,33,211318720,67,0.493632695,0.142569608,0.052958559,0.274670823
5,33,211318720,67,0.515570179,0.142569608,0.052958559,0.319480804
17,33,211318720,67,0.593577313,0.142569608,0.052958559,0.468391668
18,33,211318720,67,0.601293328,0.142569608,0.052958559,0.481060189
3,33,211318720,67,0.646509572,0.142569608,0.052958559,0.525267684
16,33,211318720,67,0.706531475,0.142569608,0.052958559,0.545405864
11,33,211318720,67,1.047471824,0.142569608,0.052958559,0.527884008
2,33,211318720,67,1.253047361,0.142569608,0.052958559,0.577616029
1,33,211318720,67,1.360256532,0.142569608,0.052958559,0.614844153
12,33,211318720,67,1.862427107,0.142569608,0.052958559,0.615032788
9,33,211318720,67,1.898064014,0.142569608,0.052958559,0.627098008
14,33,211318720,67,2.243499345,0.142569608,0.052958559,0.606712971
10,33,211318720,67,2.698657815,0.142569608,0.052958559,0.552850602
8,33,211318720,67,3.033962253,0.142569608,0.052958559,0.537097292
6,33,211318720,67,4.163369111,0.142569608,0.052958559,0.260469549
15,33,211318720,67,5.942011679,0.142569608,0.052958559,0.046385797
13,33,211318720,67,6.250617297,0.142569608,0.052958559,0.048945373
7,33,211318720,67,9.357619903,0.142569608,0.052958559,0.047591020
20,33,211318720,67,9.687424934,0.142569608,0.052958559,0.000004764
3,34,211318720,67,0.369434041,0.142569608,0.011329380,0.103106976
11,34,211318720,67,0.448916496,0.142569608,0.011329380,0.248841964
19,34,211318720,67,0.493632695,0.142569608,0.011329380,0.323189333
18,34,211318720,67,0.515394281,0.142569608,0.011329380,0.360900157
4,34,211318720,67,0.567817078,0.142569608,0.011329380,0.447837836
17,34,211318720,67,0.639237107,0.142569608,0.011329380,0.520211763
1,34,211318720,67,0.652923135,0.142569608,0.011329380,0.525103720
5,34,211318720,67,1.117068722,0.142569608,0.011329380,0.467642243
2,34,211318720,67,1.253047361,0.142569608,0.011329380,0.513535231
16,34,211318720,67,1.684805825,0.142569608,0.011329380,0.505123861
14,34,211318720,67,1.762749486,0.142569608,0.011329380,0.532431996
9,34,211318720,67,2.415717836,0.142569608,0.011329380,0.412985608
13,34,211318720,67,2.708600829,0.142569608,0.011329380,0.420779682
7,34,211318720,67,2.835642395,0.142569608,0.011329380,0.464029225
12,34,211318720,67,3.151799719,0.142569608,0.011329380,0.508902674
15,34,211318720,67,3.218589660,0.142569608,0.011329380,0.575381674
8,34,211318720,67,3.286792440,0.142569608,0.011329380,0.596876405
20,34,211318720,67,4.342638764,0.142569608,0.011329380,0.338533200
10,34,211318720,67,4.661318044,0.142569608,0.011329380,0.328456236
6,34,211318720,67,9.218888745,0.142569608,0.011329380,0.000004764
18,35,211318720,67,0.343596187,0.142569608,0.035469741,0.049073804
19,35,211318720,67,0.531604441,0.142569608,0.035469741,0.249452043
5,35,211318720,67,0.558534361,0.142569608,0.035469741,0.312631639
1,35,211318720,67,0.598512874,0.142569608,0.035469741,0.379789866
17,35,211318720,67,0.639237107,0.142569608,0.035469741,0.435378698
2,35,211318720,67,0.649728261,0.142569608,0.035469741,0.446235339
16,35,211318720,67,0.760880050,0.142569608,0.035469741,0.482807860
3,35,211318720,67,1.200660634,0.142569608,0.035469741,0.435134630
4,35,211318720,67,1.338425969,0.142569608,0.035469741,0.482963417
11,35,211318720,67,1.496388320,0.142569608,0.035469741,0.526768066
14,35,211318720,67,1.762749486,0.142569608,0.035469741,0.533603784
9,35,211318720,67,2.243166562,0.142569608,0.035469741,0.470845957
10,35,211318720,67,3.189322872,0.142569608,0.035469741,0.245056323
7,35,211318720,67,3.402770874,0.142569608,0.035469741,0.271421840
6,35,211318720,67,3.568602095,0.142569608,0.035469741,0.310237141
12,35,211318720,67,4.154645085,0.142569608,0.035469741,0.212214352
20,35,211318720,67,4.676687899,0.142569608,0.035469741,0.143453042
8,35,211318720,67,4.803773567,0.142569608,0.035469741,0.187690828
15,35,211318720,67,5.694427859,0.142569608,0.035469741,0.048630586
13,35,211318720,67,6.042263387,0.142569608,0.035469741,0.000004764
19,36,211318720,67,0.493632695,0.142569608,0.011575428,0.310331929
17,36,211318720,67,0.502257727,0.142569608,0.011575428,0.335932899
18,36,211318720,67,0.515394281,0.142569608,0.011575428,0.375796180
4,36,211318720,67,0.567817078,0.142569608,0.011575428,0.534114448
3,36,211318720,67,0.600330317,0.142569608,0.011575428,0.610587379
5,36,211318720,67,0.601498543,0.142569608,0.011575428,0.612534808
2,36,211318720,67,0.649728261,0.142569608,0.011575428,0.681182282
16,36,211318720,67,0.652182900,0.142569608,0.011575428,0.683625193
1,36,211318720,67,0.761743658,0.142569608,0.011575428,0.721668798
11,36,211318720,67,1.296869877,0.142569608,0.011575428,0.640906757
12,36,211318720,67,1.719163483,0.142569608,0.011575428,0.596878727
8,36,211318720,67,2.781132065,0.142569608,0.011575428,0.345045373
10,36,211318720,67,2.943990344,0.142569608,0.011575428,0.441862561
20,36,211318720,67,3.006442221,0.142569608,0.011575428,0.463301871
15,36,211318720,67,3.218589660,0.142569608,0.011575428,0.488750997
6,36,211318720,67,3.865985603,0.142569608,0.011575428,0.370143574
14,36,211318720,67,4.807498597,0.142569608,0.011575428,0.150406431
9,36,211318720,67,5.349089495,0.142569608,0.011575428,0.137431130
7,36,211318720,67,5.387720550,0.142569608,0.011575428,0.151002842
13,36,211318720,67,6.458971207,0.142569608,0.011575428,0.000004764
18,37,211318720,67,0.472444758,0.142569608,0.044757765,0.129139158
2,37,211318720,67,0.510500777,0.142569608,0.044757765,0.166673338
11,37,211318720,67,0.598555328,0.142569608,0.044757765,0.195222282
5,37,211318720,67,0.816319451,0.142569608,0.044757765,0.292057145
3,37,211318720,67,0.877405848,0.142569608,0.044757765,0.352273563
4,37,211318720,67,0.932842342,0.142569608,0.044757765,0.398516464
1,37,211318720,67,1.033794964,0.142569608,0.044757765,0.457065857
19,37,211318720,67,1.139152374,0.142569608,0.044757765,0.555461510
17,37,211318720,67,1.187154627,0.142569608,0.044757765,0.570145685
16,37,211318720,67,1.630457250,0.142569608,0.044757765,0.550535526
12,37,211318720,67,1.719163483,0.142569608,0.044757765,0.580834270
9,37,211318720,67,2.415717836,0.142569608,0.044757765,0.442956375
13,37,211318720,67,2.708600829,0.142569608,0.044757765,0.449379210
7,37,211318720,67,2.835642395,0.142569608,0.044757765,0.493274854
8,37,211318720,67,3.286792440,0.142569608,0.044757765,0.438015452
10,37,211318720,67,3.434655401,0.142569608,0.044757765,0.481922502
6,37,211318720,67,3.865985603,0.142569608,0.044757765,0.433855186
14,37,211318720,67,4.647248644,0.142569608,0.044757765,0.269705736
20,37,211318720,67,5.010737035,0.142569608,0.044757765,0.248754618
15,37,211318720,67,7.922682239,0.142569608,0.044757765,0.000004764
2,38,211318720,67,0.510500777,0.142569608,0.027018700,0.220503107
17,38,211318720,67,0.547917520,0.142569608,0.027018700,0.282886520
11,38,211318720,67,0.548675717,0.142569608,0.027018700,0.283708650
5,38,211318720,67,0.601498543,0.142569608,0.027018700,0.340499610
1,38,211318720,67,0.707333396,0.142569608,0.027018700,0.504778924
19,38,211318720,67,0.721463170,0.142569608,0.027018700,0.518768697
16,38,211318720,67,0.760880050,0.142569608,0.027018700,0.530999914
4,38,211318720,67,1.176192518,0.142569608,0.027018700,0.583376909
18,38,211318720,67,1.202586656,0.142569608,0.027018700,0.609617388
3,38,211318720,67,1.293019144,0.142569608,0.027018700,0.640062969
12,38,211318720,67,2.005690731,0.142569608,0.027018700,0.501514280
10,38,211318720,67,3.189322872,0.142569608,0.027018700,0.206364113
14,38,211318720,67,3.365249018,0.142569608,0.027018700,0.244404851
7,38,211318720,67,3.969899353,0.142569608,0.027018700,0.135594884
9,38,211318720,67,4.141230577,0.142569608,0.027018700,0.174131789
20,38,211318720,67,4.676687899,0.142569608,0.027018700,0.090517276
13,38,211318720,67,6.667325117,0.142569608,0.027018700,0.047620308
15,38,211318720,67,7.179930779,0.142569608,0.027018700,0.047971937
8,38,211318720,67,7.837735819,0.142569608,0.027018700,0.047838345
6,38,211318720,67,10.111039269,0.142569608,0.027018700,0.000004764
19,39,211318720,67,0.417689204,0.142569608,0.015684877,0.058362807
11,39,211318720,67,0.548675717,0.142569608,0.015684877,0.270507334
2,39,211318720,67,0.556909938,0.142569608,0.015684877,0.278972870
4,39,211318720,67,0.567817078,0.142569608,0.015684877,0.285220371
16,39,211318720,67,0.706531475,0.142569608,0.015684877,0.330150254
5,39,211318720,67,0.945211995,0.142569608,0.015684877,0.346074535
17,39,211318720,67,1.232814420,0.142569608,0.015684877,0.370253798
3,39,211318720,67,1.339198399,0.142569608,0.015684877,0.477211362
18,39,211318720,67,1.374384750,0.142569608,0.015684877,0.488791661
1,39,211318720,67,1.632307838,0.142569608,0.015684877,0.499148462
12,39,211318720,67,2.005690731,0.142569608,0.015684877,0.515660659
13,39,211318720,67,2.083539099,0.142569608,0.015684877,0.541730999
8,39,211318720,67,2.781132065,0.142569608,0.015684877,0.407408129
10,39,211318720,67,3.434655401,0.142569608,0.015684877,0.357508252
15,39,211318720,67,3.466173480,0.142569608,0.015684877,0.367714862
20,39,211318720,67,3.674540492,0.142569608,0.015684877,0.482238183
7,39,211318720,67,3.686335113,0.142569608,0.015684877,0.486369416
6,39,211318720,67,4.163369111,0.142569608,0.015684877,0.424233204
14,39,211318720,67,4.967748550,0.142569608,0.015684877,0.256880218
9,39,211318720,67,5.694192043,0.142569608,0.015684877,0.013703174
4,40,211318720,67,0.324466901,0.142569608,0.026071761,0.113499954
3,40,211318720,67,0.369434041,0.142569608,0.026071761,0.130284800
2,40,211318720,67,0.510500777,0.142569608,0.026071761,0.360294202
18,40,211318720,67,0.515394281,0.142569608,0.026071761,0.371898603
19,40,211318720,67,0.531604441,0.142569608,0.026071761,0.399409967
17,40,211318720,67,0.639237107,0.142569608,0.026071761,0.613460001
1,40,211318720,67,0.652923135,0.142569608,0.026071761,0.636472794
11,40,211318720,67,0.698314549,0.142569608,0.026071761,0.682591034
16,40,211318720,67,0.706531475,0.142569608,0.026071761,0.685001396
5,40,211318720,67,0.945211995,0.142569608,0.026071761,0.701960170
12,40,211318720,67,1.862427107,0.142569608,0.026071761,0.563504914
9,40,211318720,67,1.898064014,0.142569608,0.026071761,0.576087254
14,40,211318720,67,2.243499345,0.142569608,0.026071761,0.556085712
13,40,211318720,67,2.708600829,0.142569608,0.026071761,0.494614005
15,40,211318720,67,3.466173480,0.142569608,0.026071761,0.384860850
8,40,211318720,67,3.539622628,0.142569608,0.026071761,0.410677951
20,40,211318720,67,4.342638764,0.142569608,0.026071761,0.236955125
7,40,211318720,67,5.104156311,0.142569608,0.026071761,0.079277892
10,40,211318720,67,5.397315630,0.142569608,0.026071761,0.078736058
6,40,211318720,67,7.434587698,0.142569608,0.026071761,0.000004764
5,41,211318720,67,0.515570179,0.142569608,0.012214663,0.293598135
17,41,211318720,67,0.547917520,0.142569608,0.012214663,0.368254269
11,41,211318720,67,0.548675717,0.142569608,0.012214663,0.369454799
4,41,211318720,67,0.567817078,0.142569608,0.012214663,0.393884558
3,41,211318720,67,0.600330317,0.142569608,0.012214663,0.448791280
16,41,211318720,67,0.706531475,0.142569608,0.012214663,0.554742976
1,41,211318720,67,0.707333396,0.142569608,0.012214663,0.554942085
18,41,211318720,67,1.030788562,0.142569608,0.012214663,0.591576611
19,41,211318720,67,1.101180628,0.142569608,0.012214663,0.615784388
2,41,211318720,67,1.299456523,0.142569608,0.012214663,0.652629670
12,41,211318720,67,1.432636236,0.142569608,0.012214663,0.694987119
15,41,211318720,67,1.980670560,0.142569608,0.012214663,0.607043141
13,41,211318720,67,2.916954739,0.142569608,0.012214663,0.392829708
10,41,211318720,67,3.189322872,0.142569608,0.012214663,0.398254804
14,41,211318720,67,3.365249018,0.142569608,0.012214663,0.434518831
8,41,211318720,67,3.539622628,0.142569608,0.012214663,0.511545947
9,41,211318720,67,3.623576755,0.142569608,0.012214663,0.541317990
6,41,211318720,67,3.865985603,0.142569608,0.012214663,0.582401892
7,41,211318720,67,3.969899353,0.142569608,0.012214663,0.618843901
20,41,211318720,67,8.017179256,0.142569608,0.012214663,0.000004764
5,42,211318720,67,0.343713453,0.142569608,0.022049153,0.049536610
19,42,211318720,67,0.493632695,0.142569608,0.022049153,0.254542374
2,42,211318720,67,0.510500777,0.142569608,0.022049153,0.292242117
18,42,211318720,67,0.558343805,0.142569608,0.022049153,0.371173509
3,42,211318720,67,0.600330317,0.142569608,0.022049153,0.413062366
17,42,211318720,67,0.639237107,0.142569608,0.022049153,0.439408655
1,42,211318720,67,0.761743658,0.142569608,0.022049153,0.479975087
4,42,211318720,67,1.054517430,0.142569608,0.022049153,0.549872727
16,42,211318720,67,1.086971500,0.142569608,0.022049153,0.561377482
11,42,211318720,67,1.496388320,0.142569608,0.022049153,0.522940707
12,42,211318720,67,1.862427107,0.142569608,0.022049153,0.583585412
13,42,211318720,67,1.875185189,0.142569608,0.022049153,0.588241511
9,42,211318720,67,2.243166562,0.142569608,0.022049153,0.559028891
10,42,211318720,67,3.434655401,0.142569608,0.022049153,0.280997742
8,42,211318720,67,3.539622628,0.142569608,0.022049153,0.322353386
20,42,211318720,67,3.674540492,0.142569608,0.022049153,0.457073922
14,42,211318720,67,3.685748924,0.142569608,0.022049153,0.460919344
7,42,211318720,67,4.253463592,0.142569608,0.022049153,0.366209968
15,42,211318720,67,7.675098419,0.142569608,0.022049153,0.046412637
6,42,211318720,67,8.029354714,0.142569608,0.022049153,0.000004764
11,43,211318720,67,0.399036885,0.142569608,0.088131100,0.170244916
4,43,211318720,67,0.446141990,0.142569608,0.088131100,0.239654097
19,43,211318720,67,0.455660949,0.142569608,0.088131100,0.249374691
3,43,211318720,67,0.554151062,0.142569608,0.088131100,0.347110731
5,43,211318720,67,0.601498543,0.142569608,0.088131100,0.363188110
17,43,211318720,67,0.867536073,0.142569608,0.088131100,0.444896905
18,43,211318720,67,0.901939992,0.142569608,0.088131100,0.456638161
2,43,211318720,67,1.392274846,0.142569608,0.088131100,0.392864120
1,43,211318720,67,1.577897577,0.142569608,0.088131100,0.487869806
16,43,211318720,67,1.630457250,0.142569608,0.088131100,0.505440855
14,43,211318720,67,1.922999439,0.142569608,0.088131100,0.546127641
12,43,211318720,67,2.005690731,0.142569608,0.088131100,0.574843725
9,43,211318720,67,2.243166562,0.142569608,0.088131100,0.589954864
10,43,211318720,67,3.434655401,0.142569608,0.088131100,0.295985336
8,43,211318720,67,4.803773567,0.142569608,0.088131100,0.048763528
13,43,211318720,67,5.000493838,0.142569608,0.088131100,0.077353593
15,43,211318720,67,7.427514599,0.142569608,0.088131100,0.050788825
20,43,211318720,67,7.683130120,0.142569608,0.088131100,0.060669819
7,43,211318720,67,8.223362945,0.142569608,0.088131100,0.048727659
6,43,211318720,67,9.218888745,0.142569608,0.088131100,0.000004764
19,44,211318720,67,0.341745712,0.142569608,0.106412590,0.110679237
2,44,211318720,67,0.417682454,0.142569608,0.106412590,0.264292600
17,44,211318720,67,0.456597933,0.142569608,0.106412590,0.329304701
4,44,211318720,67,0.486700352,0.142569608,0.106412590,0.378858417
5,44,211318720,67,0.515570179,0.142569608,0.106412590,0.411142453
18,44,211318720,67,0.601293328,0.142569608,0.106412590,0.521416275
1,44,211318720,67,0.652923135,0.142569608,0.106412590,0.573640972
16,44,211318720,67,0.706531475,0.142569608,0.106412590,0.592055383
11,44,211318720,67,0.847953381,0.142569608,0.106412590,0.638690069
3,44,211318720,67,1.431556909,0.142569608,0.106412590,0.540683510
9,44,211318720,67,1.898064014,0.142569608,0.106412590,0.481904639
14,44,211318720,67,2.243499345,0.142569608,0.106412590,0.464020740
13,44,211318720,67,2.916954739,0.142569608,0.106412590,0.339550299
6,44,211318720,67,3.271218587,0.142569608,0.106412590,0.317566943
10,44,211318720,67,3.434655401,0.142569608,0.106412590,0.357307127
7,44,211318720,67,3.969899353,0.142569608,0.106412590,0.270816129
12,44,211318720,67,4.154645085,0.142569608,0.106412590,0.303649563
20,44,211318720,67,4.342638764,0.142569608,0.106412590,0.340165418
8,44,211318720,67,7.079245256,0.142569608,0.106412590,0.047241402
15,44,211318720,67,7.427514599,0.142569608,0.106412590,0.000004764
18,45,211318720,67,0.472444758,0.142569608,0.031287525,0.059128055
5,45,211318720,67,0.601498543,0.142569608,0.031287525,0.228774525
11,45,211318720,67,0.648434939,0.142569608,0.031287525,0.294798468
1,45,211318720,67,0.652923135,0.142569608,0.031287525,0.299236486
16,45,211318720,67,0.760880050,0.142569608,0.031287525,0.388782902
17,45,211318720,67,0.867536073,0.142569608,0.031287525,0.567908958
19,45,211318720,67,0.873350153,0.142569608,0.031287525,0.573756883
4,45,211318720,67,0.892283979,0.142569608,0.031287525,0.580860562
2,45,211318720,67,1.113819877,0.142569608,0.031287525,0.603323318
3,45,211318720,67,1.431556909,0.142569608,0.031287525,0.598064449
12,45,211318720,67,1.719163483,0.142569608,0.031287525,0.602530587
9,45,211318720,67,2.243166562,0.142569608,0.031287525,0.528152627
8,45,211318720,67,3.033962253,0.142569608,0.031287525,0.361896157
10,45,211318720,67,3.434655401,0.142569608,0.031287525,0.397479141
15,45,211318720,67,3.466173480,0.142569608,0.031287525,0.407438323
14,45,211318720,67,4.807498597,0.142569608,0.031287525,0.062284467
13,45,211318720,67,6.042263387,0.142569608,0.031287525,0.046934695
7,45,211318720,67,8.506927184,0.142569608,0.031287525,0.047355393
6,45,211318720,67,9.218888745,0.142569608,0.031287525,0.048247834
20,45,211318720,67,11.023621477,0.142569608,0.031287525,0.000004764
11,46,211318720,67,0.598555328,0.142569608,0.146794498,0.293356981
3,46,211318720,67,0.600330317,0.142569608,0.146794498,0.296450006
2,46,211318720,67,0.603319100,0.142569608,0.146794498,0.299469166
1,46,211318720,67,0.652923135,0.142569608,0.146794498,0.338540846
16,46,211318720,67,0.760880050,0.142569608,0.146794498,0.376374289
18,46,211318720,67,0.901939992,0.142569608,0.146794498,0.516161287
17,46,211318720,67,0.958855660,0.142569608,0.146794498,0.574018852
5,46,211318720,67,0.988176177,0.142569608,0.146794498,0.583633936
4,46,211318720,67,1.176192518,0.142569608,0.146794498,0.711565792
19,46,211318720,67,1.177124119,0.142569608,0.146794498,0.711958279
12,46,211318720,67,1.719163483,0.142569608,0.146794498,0.628831857
9,46,211318720,67,1.898064014,0.142569608,0.146794498,0.705066893
15,46,211318720,67,1.980670560,0.142569608,0.146794498,0.732701970
8,46,211318720,67,3.033962253,0.142569608,0.146794498,0.483293773
10,46,211318720,67,3.434655401,0.142569608,0.146794498,0.448339402
7,46,211318720,67,3.686335113,0.142569608,0.146794498,0.460441254
6,46,211318720,67,4.163369111,0.142569608,0.146794498,0.399313668
14,46,211318720,67,4.647248644,0.142569608,0.146794498,0.334850540
13,46,211318720,67,6.250617297,0.142569608,0.146794498,0.047437279
20,46,211318720,67,9.353375798,0.142569608,0.146794498,0.000004764
19,47,211318720,67,0.379717458,0.142569608,0.005546193,0.056010537
2,47,211318720,67,0.510500777,0.142569608,0.005546193,0.236780888
17,47,211318720,67,0.547917520,0.142569608,0.005546193,0.299234327
18,47,211318720,67,0.558343805,0.142569608,0.005546193,0.309836539
3,47,211318720,67,0.646509572,0.142569608,0.005546193,0.394060662
16,47,211318720,67,0.706531475,0.142569608,0.005546193,0.413780585
4,47,211318720,67,1.054517430,0.142569608,0.005546193,0.394577314
5,47,211318720,67,1.460782175,0.142569608,0.005546193,0.354447591
1,47,211318720,67,1.686718099,0.142569608,0.005546193,0.464796553
11,47,211318720,67,1.695906763,0.142569608,0.005546193,0.468064631
14,47,211318720,67,1.922999439,0.142569608,0.005546193,0.486753656
13,47,211318720,67,2.708600829,0.142569608,0.005546193,0.325970428
6,47,211318720,67,3.271218587,0.142569608,0.005546193,0.282376827
20,47,211318720,67,3.340491357,0.142569608,0.005546193,0.316320602
15,47,211318720,67,3.466173480,0.142569608,0.005546193,0.358315942
7,47,211318720,67,3.686335113,0.142569608,0.005546193,0.380897524
8,47,211318720,67,4.298113191,0.142569608,0.005546193,0.273926978
12,47,211318720,67,4.441172332,0.142569608,0.005546193,0.323035939
9,47,211318720,67,5.003986947,0.142569608,0.005546193,0.230837145
10,47,211318720,67,7.359975859,0.142569608,0.005546193,0.000004764
18,48,211318720,67,0.343596187,0.142569608,0.115004890,0.105814943
11,48,211318720,67,0.399036885,0.142569608,0.115004890,0.156450373
19,48,211318720,67,0.493632695,0.142569608,0.115004890,0.280408358
4,48,211318720,67,0.567817078,0.142569608,0.115004890,0.405159733
3,48,211318720,67,0.600330317,0.142569608,0.115004890,0.437609000
5,48,211318720,67,0.601498543,0.142569608,0.115004890,0.437980749
1,48,211318720,67,0.761743658,0.142569608,0.115004890,0.479388867
12,48,211318720,67,1.146108989,0.142569608,0.115004890,0.446135891
17,48,211318720,67,1.324134007,0.142569608,0.115004890,0.533560909
2,48,211318720,67,1.392274846,0.142569608,0.115004890,0.555868357
16,48,211318720,67,1.793502975,0.142569608,0.115004890,0.515998302
10,48,211318720,67,3.189322872,0.142569608,0.115004890,0.231834114
15,48,211318720,67,3.218589660,0.142569608,0.115004890,0.241673586
6,48,211318720,67,3.568602095,0.142569608,0.115004890,0.219246750
20,48,211318720,67,4.008589628,0.142569608,0.115004890,0.170195787
14,48,211318720,67,4.807498597,0.142569608,0.115004890,0.046829761
9,48,211318720,67,5.176538221,0.142569608,0.115004890,0.048803213
7,48,211318720,67,5.954849029,0.142569608,0.115004890,0.048598592
13,48,211318720,67,6.250617297,0.142569608,0.115004890,0.048518781
8,48,211318720,67,7.584905632,0.142569608,0.115004890,0.000004764
3,49,211318720,67,0.415613296,0.142569608,0.120195821,0.064717331
19,49,211318720,67,0.531604441,0.142569608,0.120195821,0.330246252
18,49,211318720,67,0.601293328,0.142569608,0.120195821,0.678194423
5,49,211318720,67,0.601498543,0.142569608,0.120195821,0.679029156
4,49,211318720,67,0.608375440,0.142569608,0.120195821,0.704082558
17,49,211318720,67,0.639237107,0.142569608,0.120195821,0.795993815
11,49,211318720,67,0.648434939,0.142569608,0.120195821,0.817541415
2,49,211318720,67,0.649728261,0.142569608,0.120195821,0.819803779
16,49,211318720,67,0.652182900,0.142569608,0.120195821,0.822289076
1,49,211318720,67,0.652923135,0.142569608,0.120195821,0.822613264
14,49,211318720,67,1.602499532,0.142569608,0.120195821,0.623113374
12,49,211318720,67,1.719163483,0.142569608,0.120195821,0.662588971
9,49,211318720,67,2.070615288,0.142569608,0.120195821,0.640339992
13,49,211318720,67,2.708600829,0.142569608,0.120195821,0.523785879
8,49,211318720,67,3.033962253,0.142569608,0.120195821,0.511604516
15,49,211318720,67,3.218589660,0.142569608,0.120195821,0.546513846
6,49,211318720,67,4.163369111,0.142569608,0.120195821,0.334583529
20,49,211318720,67,4.676687899,0.142569608,0.120195821,0.256979476
10,49,211318720,67,5.642648159,0.142569608,0.120195821,0.046796511
7,49,211318720,67,6.521977508,0.142569608,0.120195821,0.000004764
19,50,211318720,67,0.417689204,0.142569608,0.008118989,0.084995999
18,50,211318720,67,0.515394281,0.142569608,0.008118989,0.231946793
17,50,211318720,67,0.547917520,0.142569608,0.008118989,0.308061017
5,50,211318720,67,0.601498543,0.142569608,0.008118989,0.397646172
2,50,211318720,67,0.649728261,0.142569608,0.008118989,0.447133087
16,50,211318720,67,0.652182900,0.142569608,0.008118989,0.448216855
11,50,211318720,67,0.947712603,0.142569608,0.008118989,0.533079940
4,50,211318720,67,1.013959067,0.142569608,0.008118989,0.600345208
1,50,211318720,67,1.033794964,0.142569608,0.008118989,0.607277198
14,50,211318720,67,1.442249579,0.142569608,0.008118989,0.639916227
3,50,211318720,67,1.477736165,0.142569608,0.008118989,0.651472036
8,50,211318720,67,2.022641502,0.142569608,0.008118989,0.629802043
9,50,211318720,67,2.070615288,0.142569608,0.008118989,0.646191285
15,50,211318720,67,2.971005840,0.142569608,0.008118989,0.446260628
10,50,211318720,67,3.189322872,0.142569608,0.008118989,0.471507615
12,50,211318720,67,3.438326967,0.142569608,0.008118989,0.487476933
6,50,211318720,67,3.865985603,0.142569608,0.008118989,0.439769706
13,50,211318720,67,4.375432108,0.142569608,0.008118989,0.367376671
7,50,211318720,67,6.805541747,0.142569608,0.008118989,0.049722760
20,50,211318720,67,10.689572341,0.142569608,0.008118989,0.000004764
5,51,211318720,67,0.343713453,0.142569608,0.090493523,0.049556780
19,51,211318720,67,0.531604441,0.142569608,0.090493523,0.213951921
11,51,211318720,67,0.598555328,0.142569608,0.090493523,0.393002125
18,51,211318720,67,0.601293328,0.142569608,0.090493523,0.399403417
3,51,211318720,67,0.646509572,0.142569608,0.090493523,0.474819748
16,51,211318720,67,0.652182900,0.142569608,0.090493523,0.480785637
1,51,211318720,67,0.707333396,0.142569608,0.090493523,0.499257482
17,51,211318720,67,1.324134007,0.142569608,0.090493523,0.554368079
4,51,211318720,67,1.338425969,0.142569608,0.090493523,0.567847702
2,51,211318720,67,1.345865684,0.142569608,0.090493523,0.570240981
12,51,211318720,67,1.862427107,0.142569608,0.090493523,0.496783904
15,51,211318720,67,2.723422020,0.142569608,0.090493523,0.314514773
10,51,211318720,67,3.189322872,0.142569608,0.090493523,0.319946804
9,51,211318720,67,3.278474207,0.142569608,0.090493523,0.409416920
8,51,211318720,67,3.286792440,0.142569608,0.090493523,0.412350578
7,51,211318720,67,3.686335113,0.142569608,0.090493523,0.376160279
20,51,211318720,67,4.008589628,0.142569608,0.090493523,0.368291714
13,51,211318720,67,5.417201657,0.142569608,0.090493523,0.123059904
14,51,211318720,67,5.448498410,0.142569608,0.090493523,0.132729248
6,51,211318720,67,9.516272253,0.142569608,0.090493523,0.000004764
4,52,211318720,67,0.446141990,0.142569608,0.062283549,0.133693226
19,52,211318720,67,0.493632695,0.142569608,0.062283549,0.229929542
3,52,211318720,67,0.554151062,0.142569608,0.062283549,0.331794088
11,52,211318720,67,0.598555328,0.142569608,0.062283549,0.399424057
18,52,211318720,67,0.601293328,0.142569608,0.062283549,0.402197175
16,52,211318720,67,0.706531475,0.142569608,0.062283549,0.437777294
5,52,211318720,67,1.074104540,0.142569608,0.062283549,0.483442891
2,52,211318720,67,1.113819877,0.142569608,0.062283549,0.496475161
17,52,211318720,67,1.369793800,0.142569608,0.062283549,0.506943004
1,52,211318720,67,1.741128360,0.142569608,0.062283549,0.478376392
12,52,211318720,67,2.005690731,0.142569608,0.062283549,0.487141852
15,52,211318720,67,2.971005840,0.142569608,0.062283549,0.315775840
14,52,211318720,67,3.044749111,0.142569608,0.062283549,0.340649218
13,52,211318720,67,3.958724288,0.142569608,0.062283549,0.132274242
10,52,211318720,67,5.642648159,0.142569608,0.062283549,0.049231738
8,52,211318720,67,5.815094318,0.142569608,0.062283549,0.148729962
9,52,211318720,67,5.866743317,0.142569608,0.062283549,0.200959694
7,52,211318720,67,5.954849029,0.142569608,0.062283549,0.231641364
20,52,211318720,67,7.015031849,0.142569608,0.062283549,0.047735472
6,52,211318720,67,9.813655761,0.142569608,0.062283549,0.000004764
3,53,211318720,67,0.461792551,0.142569608,0.005585922,0.128238948
4,53,211318720,67,0.486700352,0.142569608,0.005585922,0.152821110
18,53,211318720,67,0.601293328,0.142569608,0.005585922,0.255935720
11,53,211318720,67,0.648434939,0.142569608,0.005585922,0.271317608
5,53,211318720,67,0.988176177,0.142569608,0.005585922,0.338125597
1,53,211318720,67,1.033794964,0.142569608,0.005585922,0.383818869
19,53,211318720,67,1.101180628,0.142569608,0.005585922,0.443683564
17,53,211318720,67,1.187154627,0.142569608,0.005585922,0.555452221
2,53,211318720,67,1.253047361,0.142569608,0.005585922,0.623189650
14,53,211318720,67,1.281999626,0.142569608,0.005585922,0.632845257
16,53,211318720,67,1.684805825,0.142569608,0.005585922,0.591628150
12,53,211318720,67,1.862427107,0.142569608,0.005585922,0.646328628
15,53,211318720,67,1.980670560,0.142569608,0.005585922,0.720901136
9,53,211318720,67,2.070615288,0.142569608,0.005585922,0.752321058
10,53,211318720,67,2.453325286,0.142569608,0.005585922,0.724468355
13,53,211318720,67,2.916954739,0.142569608,0.005585922,0.665063432
8,53,211318720,67,3.539622628,0.142569608,0.005585922,0.554174311
7,53,211318720,67,3.969899353,0.142569608,0.005585922,0.510030652
20,53,211318720,67,4.676687899,0.142569608,0.005585922,0.368777555
6,53,211318720,67,6.245053666,0.142569608,0.005585922,0.000004764
5,54,211318720,67,0.386677635,0.142569608,0.159101501,0.095119143
19,54,211318720,67,0.455660949,0.142569608,0.159101501,0.165348946
18,54,211318720,67,0.558343805,0.142569608,0.159101501,0.300223554
4,54,211318720,67,0.567817078,0.142569608,0.159101501,0.310090244
2,54,211318720,67,0.649728261,0.142569608,0.159101501,0.358644293
1,54,211318720,67,0.761743658,0.142569608,0.159101501,0.396788320
3,54,211318720,67,1.062122868,0.142569608,0.159101501,0.443893082
12,54,211318720,67,1.146108989,0.142569608,0.159101501,0.553265913
17,54,211318720,67,1.187154627,0.142569608,0.159101501,0.594691765
16,54,211318720,67,1.250017225,0.142569608,0.159101501,0.646566335
11,54,211318720,67,1.346749488,0.142569608,0.159101501,0.679358753
9,54,211318720,67,1.898064014,0.142569608,0.159101501,0.591330973
10,54,211318720,67,2.698657815,0.142569608,0.159101501,0.422612971
13,54,211318720,67,2.916954739,0.142569608,0.159101501,0.444077803
15,54,211318720,67,3.218589660,0.142569608,0.159101501,0.439634303
8,54,211318720,67,3.539622628,0.142569608,0.159101501,0.428004483
14,54,211318720,67,4.166498784,0.142569608,0.159101501,0.318524279
20,54,211318720,67,4.342638764,0.142569608,0.159101501,0.355336775
7,54,211318720,67,5.387720550,0.142569608,0.159101501,0.102326589
6,54,211318720,67,9.516272253,0.142569608,0.159101501,0.000004764
19,55,211318720,67,0.455660949,0.142569608,0.005537447,0.099560133
2,55,211318720,67,0.556909938,0.142569608,0.005537447,0.265899571
18,55,211318720,67,0.558343805,0.142569608,0.005537447,0.267364385
3,55,211318720,67,0.600330317,0.142569608,0.005537447,0.281605781
16,55,211318720,67,0.760880050,0.142569608,0.005537447,0.418212222
1,55,211318720,67,0.761743658,0.142569608,0.005537447,0.418555821
4,55,211318720,67,1.054517430,0.142569608,0.005537447,0.416461611
5,55,211318720,67,1.331889630,0.142569608,0.005537447,0.489715382
17,55,211318720,67,1.369793800,0.142569608,0.005537447,0.502552034
11,55,211318720,67,1.695906763,0.142569608,0.005537447,0.571214346
12,55,211318720,67,1.719163483,0.142569608,0.005537447,0.578932033
14,55,211318720,67,1.922999439,0.142569608,0.005537447,0.607277302
13,55,211318720,67,2.916954739,0.142569608,0.005537447,0.392485211
8,55,211318720,67,3.033962253,0.142569608,0.005537447,0.432364373
6,55,211318720,67,3.271218587,0.142569608,0.005537447,0.450152315
10,55,211318720,67,3.434655401,0.142569608,0.005537447,0.491892723
7,55,211318720,67,3.969899353,0.142569608,0.005537447,0.411621725
15,55,211318720,67,4.456508759,0.142569608,0.005537447,0.343689330
20,55,211318720,67,4.676687899,0.142569608,0.005537447,0.367490520
9,55,211318720,67,5.866743317,0.142569608,0.005537447,0.000004764
19,56,211318720,67,0.455660949,0.142569608,0.028545013,0.168680826
3,56,211318720,67,0.461792551,0.142569608,0.028545013,0.178996178
18,56,211318720,67,0.558343805,0.142569608,0.028545013,0.343695151
17,56,211318720,67,0.593577313,0.142569608,0.028545013,0.426311030
2,56,211318720,67,0.649728261,0.142569608,0.028545013,0.540836799
1,56,211318720,67,0.652923135,0.142569608,0.028545013,0.546252186
11,56,211318720,67,0.698314549,0.142569608,0.028545013,0.592258017
16,56,211318720,67,0.760880050,0.142569608,0.028545013,0.619580873
4,56,211318720,67,0.892283979,0.142569608,0.028545013,0.664821194
5,56,211318720,67,1.331889630,0.142569608,0.028545013,0.615308628
14,56,211318720,67,1.762749486,0.142569608,0.028545013,0.564762638
12,56,211318720,67,2.005690731,0.142569608,0.028545013,0.578390205
9,56,211318720,67,2.415717836,0.142569608,0.028545013,0.538317505
15,56,211318720,67,2.723422020,0.142569608,0.028545013,0.533198097
13,56,211318720,67,2.916954739,0.142569608,0.028545013,0.564164226
10,56,211318720,67,3.189322872,0.142569608,0.028545013,0.611261370
6,56,211318720,67,3.271218587,0.142569608,0.028545013,0.639028622
8,56,211318720,67,3.539622628,0.142569608,0.028545013,0.647658604
7,56,211318720,67,3.686335113,0.142569608,0.028545013,0.694149634
20,56,211318720,67,4.676687899,0.142569608,0.028545013,0.368823752
4,57,211318720,67,0.486700352,0.142569608,0.124520533,0.364676108
19,57,211318720,67,0.493632695,0.142569608,0.124520533,0.385414552
3,57,211318720,67,0.507971807,0.142569608,0.124520533,0.418453534
5,57,211318720,67,0.515570179,0.142569608,0.124520533,0.430905269
18,57,211318720,67,0.558343805,0.142569608,0.124520533,0.473634742
1,57,211318720,67,0.598512874,0.142569608,0.124520533,0.488018249
11,57,211318720,67,0.847953381,0.142569608,0.124520533,0.499721280
17,57,211318720,67,1.369793800,0.142569608,0.124520533,0.474733720
2,57,211318720,67,1.438684007,0.142569608,0.124520533,0.498563861
16,57,211318720,67,1.847851550,0.142569608,0.124520533,0.478716329
10,57,211318720,67,1.962660229,0.142569608,0.124520533,0.519546479
13,57,211318720,67,2.708600829,0.142569608,0.124520533,0.369895491
6,57,211318720,67,3.865985603,0.142569608,0.124520533,0.111597946
7,57,211318720,67,3.969899353,0.142569608,0.124520533,0.146421381
8,57,211318720,67,4.803773567,0.142569608,0.124520533,0.189646869
14,57,211318720,67,4.807498597,0.142569608,0.124520533,0.193384644
12,57,211318720,67,4.870963203,0.142569608,0.124520533,0.213695921
9,57,211318720,67,5.176538221,0.142569608,0.124520533,0.207464395
15,57,211318720,67,6.684763139,0.142569608,0.124520533,0.046806584
20,57,211318720,67,9.687424934,0.142569608,0.124520533,0.000004764
19,58,211318720,67,0.455660949,0.142569608,0.001369754,0.075984493
5,58,211318720,67,0.558534361,0.142569608,0.001369754,0.247482590
2,58,211318720,67,0.603319100,0.142569608,0.001369754,0.352334950
3,58,211318720,67,0.646509572,0.142569608,0.001369754,0.442451251
16,58,211318720,67,0.652182900,0.142569608,0.001369754,0.451966029
11,58,211318720,67,0.698314549,0.142569608,0.001369754,0.498083145
1,58,211318720,67,0.761743658,0.142569608,0.001369754,0.520099407
4,58,211318720,67,0.932842342,0.142569608,0.001369754,0.559904737
18,58,211318720,67,1.245536180,0.142569608,0.001369754,0.592849592
17,58,211318720,67,1.324134007,0.142569608,0.001369754,0.619020137
12,58,211318720,67,1.575899860,0.142569608,0.001369754,0.629671311
14,58,211318720,67,2.243499345,0.142569608,0.001369754,0.585185245
7,58,211318720,67,2.268513916,0.142569608,0.001369754,0.593749067
9,58,211318720,67,2.415717836,0.142569608,0.001369754,0.641720721
10,58,211318720,67,2.943990344,0.142569608,0.001369754,0.636082171
6,58,211318720,67,2.973835079,0.142569608,0.001369754,0.644518575
15,58,211318720,67,3.713757300,0.142569608,0.001369754,0.495586369
20,58,211318720,67,4.676687899,0.142569608,0.001369754,0.269601262
13,58,211318720,67,6.458971207,0.142569608,0.001369754,0.046147163
8,58,211318720,67,8.090566007,0.142569608,0.001369754,0.000004764
17,59,211318720,67,0.410938140,0.142569608,0.033109553,0.112971348
19,59,211318720,67,0.455660949,0.142569608,0.033109553,0.181478311
2,59,211318720,67,0.556909938,0.142569608,0.033109553,0.318766693
18,59,211318720,67,0.558343805,0.142569608,0.033109553,0.320093627
3,59,211318720,67,0.646509572,0.142569608,0.033109553,0.380335818
16,59,211318720,67,0.760880050,0.142569608,0.033109553,0.556682224
5,59,211318720,67,0.773355269,0.142569608,0.033109553,0.569600401
4,59,211318720,67,0.811167254,0.142569608,0.033109553,0.582593092
11,59,211318720,67,1.047471824,0.142569608,0.033109553,0.601405357
9,59,211318720,67,1.380410192,0.142569608,0.033109553,0.658631904
1,59,211318720,67,1.414666793,0.142569608,0.033109553,0.669293001
12,59,211318720,67,1.719163483,0.142569608,0.033109553,0.664458299
15,59,211318720,67,1.980670560,0.142569608,0.033109553,0.672156721
13,59,211318720,67,2.500246919,0.142569608,0.033109553,0.597794862
10,59,211318720,67,2.943990344,0.142569608,0.033109553,0.546074310
8,59,211318720,67,3.286792440,0.142569608,0.033109553,0.530787435
6,59,211318720,67,4.163369111,0.142569608,0.033109553,0.340616092
14,59,211318720,67,4.647248644,0.142569608,0.033109553,0.276757149
7,59,211318720,67,8.506927184,0.142569608,0.033109553,0.049561908
20,59,211318720,67,11.023621477,0.142569608,0.033109553,0.000004764
5,60,211318720,67,0.343713453,0.142569608,0.083097868,0.047361191
19,60,211318720,67,0.493632695,0.142569608,0.083097868,0.191157928
4,60,211318720,67,0.567817078,0.142569608,0.083097868,0.367581274
17,60,211318720,67,0.593577313,0.142569608,0.083097868,0.462345183
3,60,211318720,67,0.600330317,0.142569608,0.083097868,0.482687586
2,60,211318720,67,0.649728261,0.142569608,0.083097868,0.597264034
11,60,211318720,67,0.698314549,0.142569608,0.083097868,0.678483870
16,60,211318720,67,0.706531475,0.142569608,0.083097868,0.686915175
1,60,211318720,67,0.707333396,0.142569608,0.083097868,0.687122014
18,60,211318720,67,1.116687609,0.142569608,0.083097868,0.646508266
9,60,211318720,67,2.070615288,0.142569608,0.083097868,0.431423344
13,60,211318720,67,2.708600829,0.142569608,0.083097868,0.366871494
8,60,211318720,67,2.781132065,0.142569608,0.083097868,0.392248651
7,60,211318720,67,3.119206634,0.142569608,0.083097868,0.373536082
14,60,211318720,67,3.365249018,0.142569608,0.083097868,0.386119644
15,60,211318720,67,3.713757300,0.142569608,0.083097868,0.364660126
6,60,211318720,67,3.865985603,0.142569608,0.083097868,0.408458408
12,60,211318720,67,4.297908708,0.142569608,0.083097868,0.425306106
20,60,211318720,67,4.342638764,0.142569608,0.083097868,0.439714543
10,60,211318720,67,7.114643330,0.142569608,0.083097868,0.000004764
11,61,211318720,67,0.448916496,0.142569608,0.001785008,0.079647878
16,61,211318720,67,0.543485750,0.142569608,0.001785008,0.225492071
3,61,211318720,67,0.600330317,0.142569608,0.001785008,0.282497762
18,61,211318720,67,0.601293328,0.142569608,0.001785008,0.282855472
5,61,211318720,67,0.902247814,0.142569608,0.001785008,0.366768860
19,61,211318720,67,0.911321899,0.142569608,0.001785008,0.372407250
17,61,211318720,67,1.050175247,0.142569608,0.001785008,0.501674140
2,61,211318720,67,1.067410715,0.142569608,0.001785008,0.507463092
4,61,211318720,67,1.297867606,0.142569608,0.001785008,0.526172430
1,61,211318720,67,1.632307838,0.142569608,0.001785008,0.512351774
9,61,211318720,67,1.898064014,0.142569608,0.001785008,0.619714013
14,61,211318720,67,1.922999439,0.142569608,0.001785008,0.644435147
12,61,211318720,67,2.005690731,0.142569608,0.001785008,0.671377759
13,61,211318720,67,2.708600829,0.142569608,0.001785008,0.620297248
15,61,211318720,67,2.723422020,0.142569608,0.001785008,0.625446928
8,61,211318720,67,3.033962253,0.142569608,0.001785008,0.621115942
10,61,211318720,67,3.434655401,0.142569608,0.001785008,0.581831175
7,61,211318720,67,3.686335113,0.142569608,0.001785008,0.593879690
20,61,211318720,67,7.683130120,0.142569608,0.001785008,0.048089476
6,61,211318720,67,9.218888745,0.142569608,0.001785008,0.000004764
19,62,211318720,67,0.455660949,0.142569608,0.023683870,0.105223509
2,62,211318720,67,0.556909938,0.142569608,0.023683870,0.309918341
5,62,211318720,67,0.558534361,0.142569608,0.023683870,0.312724609
17,62,211318720,67,0.593577313,0.142569608,0.023683870,0.367580028
18,62,211318720,67,0.644242851,0.142569608,0.023683870,0.419662857
1,62,211318720,67,0.707333396,0.142569608,0.023683870,0.440118389
3,62,211318720,67,1.062122868,0.142569608,0.023683870,0.415813197
4,62,211318720,67,1.338425969,0.142569608,0.023683870,0.420194113
11,62,211318720,67,1.546267931,0.142569608,0.023683870,0.446951355
16,62,211318720,67,1.739154400,0.142569608,0.023683870,0.559136882
14,62,211318720,67,1.762749486,0.142569608,0.023683870,0.566997914
9,62,211318720,67,2.070615288,0.142569608,0.023683870,0.559858621
13,62,211318720,67,2.708600829,0.142569608,0.023683870,0.445303341
15,62,211318720,67,3.218589660,0.142569608,0.023683870,0.369106338
12,62,211318720,67,3.438326967,0.142569608,0.023683870,0.391504429
7,62,211318720,67,3.686335113,0.142569608,0.023683870,0.406146292
6,62,211318720,67,4.163369111,0.142569608,0.023683870,0.346232227
20,62,211318720,67,4.676687899,0.142569608,0.023683870,0.271515189
10,62,211318720,67,5.151983101,0.142569608,0.023683870,0.210811562
8,62,211318720,67,7.332075444,0.142569608,0.023683870,0.000004764
3,63,211318720,67,0.554151062,0.142569608,0.013478451,0.426661079
4,63,211318720,67,0.567817078,0.142569608,0.013478451,0.485779039
11,63,211318720,67,0.598555328,0.142569608,0.013478451,0.597405915
18,63,211318720,67,0.601293328,0.142569608,0.013478451,0.605698787
5,63,211318720,67,0.601498543,0.142569608,0.013478451,0.606203962
17,63,211318720,67,0.639237107,0.142569608,0.013478451,0.669149810
2,63,211318720,67,0.649728261,0.142569608,0.013478451,0.679425129
1,63,211318720,67,0.652923135,0.142569608,0.013478451,0.680431268
19,63,211318720,67,1.101180628,0.142569608,0.013478451,0.623549824
16,63,211318720,67,1.576108675,0.142569608,0.013478451,0.561338414
14,63,211318720,67,2.243499345,0.142569608,0.013478451,0.435677871
9,63,211318720,67,2.415717836,0.142569608,0.013478451,0.474837400
10,63,211318720,67,3.434655401,0.142569608,0.013478451,0.307637666
15,63,211318720,67,3.466173480,0.142569608,0.013478451,0.338958535
6,63,211318720,67,3.568602095,0.142569608,0.013478451,0.372409036
12,63,211318720,67,3.868117837,0.142569608,0.013478451,0.370367446
8,63,211318720,67,7.079245256,0.142569608,0.013478451,0.139987806
13,63,211318720,67,7.084032937,0.142569608,0.013478451,0.141691719
7,63,211318720,67,7.372670226,0.142569608,0.013478451,0.140985907
20,63,211318720,67,11.023621477,0.142569608,0.013478451,0.000004764
3,64,211318720,67,0.369434041,0.142569608,0.056986373,0.058967408
19,64,211318720,67,0.493632695,0.142569608,0.056986373,0.247263613
5,64,211318720,67,0.515570179,0.142569608,0.056986373,0.311453356
11,64,211318720,67,0.598555328,0.142569608,0.056986373,0.505369271
18,64,211318720,67,0.601293328,0.142569608,0.056986373,0.510034805
4,64,211318720,67,0.608375440,0.142569608,0.056986373,0.517003074
17,64,211318720,67,0.639237107,0.142569608,0.056986373,0.554334873
16,64,211318720,67,0.760880050,0.142569608,0.056986373,0.676711455
1,64,211318720,67,0.761743658,0.142569608,0.056986373,0.677091548
2,64,211318720,67,1.113819877,0.142569608,0.056986373,0.655192647
12,64,211318720,67,1.719163483,0.142569608,0.056986373,0.551706212
14,64,211318720,67,2.083249392,0.142569608,0.056986373,0.540067849
10,64,211318720,67,2.207992758,0.142569608,0.056986373,0.581813900
9,64,211318720,67,2.415717836,0.142569608,0.056986373,0.609260777
8,64,211318720,67,2.781132065,0.142569608,0.056986373,0.580933663
6,64,211318720,67,3.271218587,0.142569608,0.056986373,0.528399740
7,64,211318720,67,3.402770874,0.142569608,0.056986373,0.624915798
15,64,211318720,67,3.466173480,0.142569608,0.056986373,0.647150853
13,64,211318720,67,4.375432108,0.142569608,0.056986373,0.442104789
20,64,211318720,67,7.683130120,0.142569608,0.056986373,0.000004764
18,65,211318720,67,0.343596187,0.142569608,0.011374691,0.136496777
1,65,211318720,67,0.435282090,0.142569608,0.011374691,0.449187067
4,65,211318720,67,0.446141990,0.142569608,0.011374691,0.488177311
17,65,211318720,67,0.456597933,0.142569608,0.011374691,0.519358362
5,65,211318720,67,0.472605998,0.142569608,0.011374691,0.556454609
19,65,211318720,67,0.493632695,0.142569608,0.011374691,0.591581944
16,65,211318720,67,0.543485750,0.142569608,0.011374691,0.667330519
11,65,211318720,67,0.548675717,0.142569608,0.011374691,0.672183651
3,65,211318720,67,0.646509572,0.142569608,0.011374691,0.704983093
2,65,211318720,67,0.835364908,0.142569608,0.011374691,0.735459186
12,65,211318720,67,1.575899860,0.142569608,0.011374691,0.592397551
13,65,211318720,67,2.708600829,0.142569608,0.011374691,0.316474595
15,65,211318720,67,3.218589660,0.142569608,0.011374691,0.289898354
8,65,211318720,67,3.286792440,0.142569608,0.011374691,0.329408801
7,65,211318720,67,3.402770874,0.142569608,0.011374691,0.367085130
9,65,211318720,67,3.623576755,0.142569608,0.011374691,0.449428711
20,65,211318720,67,3.674540492,0.142569608,0.011374691,0.467586355
6,65,211318720,67,4.163369111,0.142569608,0.011374691,0.492846472
14,65,211318720,67,4.166498784,0.142569608,0.011374691,0.493751707
10,65,211318720,67,4.661318044,0.142569608,0.011374691,0.328609530
18,66,211318720,67,0.472444758,0.142569608,0.033295698,0.268582925
5,66,211318720,67,0.472605998,0.142569608,0.033295698,0.268887225
19,66,211318720,67,0.493632695,0.142569608,0.033295698,0.290047547
17,66,211318720,67,0.547917520,0.142569608,0.033295698,0.308889523
16,66,211318720,67,0.923925775,0.142569608,0.033295698,0.312434316
3,66,211318720,67,1.015943613,0.142569608,0.033295698,0.501144505
2,66,211318720,67,1.067410715,0.142569608,0.033295698,0.621815148
1,66,211318720,67,1.088205225,0.142569608,0.033295698,0.656100739
4,66,211318720,67,1.095075793,0.142569608,0.033295698,0.663288191
11,66,211318720,67,1.147231045,0.142569608,0.033295698,0.680909004
12,66,211318720,67,1.862427107,0.142569608,0.033295698,0.537268426
14,66,211318720,67,2.243499345,0.142569608,0.033295698,0.581799321
8,66,211318720,67,2.275471690,0.142569608,0.033295698,0.592794061
13,66,211318720,67,2.500246919,0.142569608,0.033295698,0.613675487
15,66,211318720,67,2.723422020,0.142569608,0.033295698,0.637425839
7,66,211318720,67,5.387720550,0.142569608,0.033295698,0.137584837
10,66,211318720,67,5.397315630,0.142569608,0.033295698,0.140740262
9,66,211318720,67,5.866743317,0.142569608,0.033295698,0.081273061
6,66,211318720,67,6.839820682,0.142569608,0.033295698,0.048573952
20,66,211318720,67,8.351228392,0.142569608,0.033295698,0.000004764
19,67,211318720,67,0.303773966,0.142569608,0.016444879,0.100904036
3,67,211318720,67,0.369434041,0.142569608,0.016444879,0.174834520
18,67,211318720,67,0.472444758,0.142569608,0.016444879,0.460047790
4,67,211318720,67,0.486700352,0.142569608,0.016444879,0.492928721
11,67,211318720,67,0.498796107,0.142569608,0.016444879,0.513534085
5,67,211318720,67,0.515570179,0.142569608,0.016444879,0.530911057
17,67,211318720,67,0.547917520,0.142569608,0.016444879,0.541849408
1,67,211318720,67,0.761743658,0.142569608,0.016444879,0.566298221
16,67,211318720,67,1.304365800,0.142569608,0.016444879,0.517889036
2,67,211318720,67,1.392274846,0.142569608,0.016444879,0.547993729
12,67,211318720,67,2.005690731,0.142569608,0.016444879,0.442414997
15,67,211318720,67,3.466173480,0.142569608,0.016444879,0.136060919
8,67,211318720,67,3.539622628,0.142569608,0.016444879,0.210351035
6,67,211318720,67,3.568602095,0.142569608,0.016444879,0.220420524
13,67,211318720,67,3.958724288,0.142569608,0.016444879,0.187222077
9,67,211318720,67,4.831435673,0.142569608,0.016444879,0.048188314
14,67,211318720,67,5.127998503,0.142569608,0.016444879,0.049107117
20,67,211318720,67,7.015031849,0.142569608,0.016444879,0.049402580
10,67,211318720,67,7.850640916,0.142569608,0.016444879,0.048337651
7,67,211318720,67,8.506927184,0.142569608,0.016444879,0.000004764
2,68,211318720,67,0.371273292,0.142569608,0.043602586,0.151286551
11,68,211318720,67,0.448916496,0.142569608,0.043602586,0.332432070
18,68,211318720,67,0.472444758,0.142569608,0.043602586,0.381490562
4,68,211318720,67,0.486700352,0.142569608,0.043602586,0.404916388
16,68,211318720,67,0.489137175,0.142569608,0.043602586,0.407179732
5,68,211318720,67,0.601498543,0.142569608,0.043602586,0.576313794
17,68,211318720,67,0.639237107,0.142569608,0.043602586,0.614185590
1,68,211318720,67,0.652923135,0.142569608,0.043602586,0.618677191
19,68,211318720,67,1.063208882,0.142569608,0.043602586,0.580301228
3,68,211318720,67,1.339198399,0.142569608,0.043602586,0.617345300
12,68,211318720,67,1.432636236,0.142569608,0.043602586,0.647744679
14,68,211318720,67,2.243499345,0.142569608,0.043602586,0.476954742
9,68,211318720,67,2.415717836,0.142569608,0.043602586,0.515421368
13,68,211318720,67,2.916954739,0.142569608,0.043602586,0.443445436
10,68,211318720,67,3.189322872,0.142569608,0.043602586,0.449223158
15,68,211318720,67,3.466173480,0.142569608,0.043602586,0.451508432
6,68,211318720,67,3.865985603,0.142569608,0.043602586,0.415941536
8,68,211318720,67,5.309433942,0.142569608,0.043602586,0.046967179
7,68,211318720,67,8.790491424,0.142569608,0.043602586,0.048485993
20,68,211318720,67,9.019326663,0.142569608,0.043602586,0.000004764
2,69,211318720,67,0.417682454,0.142569608,0.011209594,0.121429295
19,69,211318720,67,0.493632695,0.142569608,0.011209594,0.313713530
18,69,211318720,67,0.515394281,0.142569608,0.011209594,0.391035769
4,69,211318720,67,0.567817078,0.142569608,0.011209594,0.548540725
11,69,211318720,67,0.598555328,0.142569608,0.011209594,0.620600022
3,69,211318720,67,0.600330317,0.142569608,0.011209594,0.623635426
5,69,211318720,67,0.601498543,0.142569608,0.011209594,0.624865351
17,69,211318720,67,0.639237107,0.142569608,0.011209594,0.637467627
14,69,211318720,67,1.281999626,0.142569608,0.011209594,0.520342241
1,69,211318720,67,1.632307838,0.142569608,0.011209594,0.560759417
16,69,211318720,67,1.684805825,0.142569608,0.011209594,0.578340291
9,69,211318720,67,2.415717836,0.142569608,0.011209594,0.431712895
13,69,211318720,67,2.708600829,0.142569608,0.011209594,0.430490958
8,69,211318720,67,3.286792440,0.142569608,0.011209594,0.420341842
12,69,211318720,67,3.295063343,0.142569608,0.011209594,0.424361153
10,69,211318720,67,3.434655401,0.142569608,0.011209594,0.544998929
15,69,211318720,67,3.466173480,0.142569608,0.011209594,0.556342651
20,69,211318720,67,3.674540492,0.142569608,0.011209594,0.583672891
6,69,211318720,67,3.865985603,0.142569608,0.011209594,0.616727322
7,69,211318720,67,7.939798705,0.142569608,0.011209594,0.000004764
3,70,211318720,67,0.554151062,0.142569608,0.035529673,0.152838473
16,70,211318720,67,0.597834325,0.142569608,0.035529673,0.196424565
17,70,211318720,67,0.639237107,0.142569608,0.035529673,0.224155982
1,70,211318720,67,0.761743658,0.142569608,0.035529673,0.266288772
5,70,211318720,67,0.988176177,0.142569608,0.035529673,0.353828423
18,70,211318720,67,1.030788562,0.142569608,0.035529673,0.410555695
4,70,211318720,67,1.135634155,0.142569608,0.035529673,0.630524230
11,70,211318720,67,1.147231045,0.142569608,0.035529673,0.649791211
19,70,211318720,67,1.177124119,0.142569608,0.035529673,0.679801365
2,70,211318720,67,1.206638200,0.142569608,0.035529673,0.690283955
9,70,211318720,67,1.898064014,0.142569608,0.035529673,0.552982617
14,70,211318720,67,2.083249392,0.142569608,0.035529673,0.586482745
10,70,211318720,67,2.453325286,0.142569608,0.035529673,0.557814985
13,70,211318720,67,2.916954739,0.142569608,0.035529673,0.558922993
6,70,211318720,67,2.973835079,0.142569608,0.035529673,0.577538291
15,70,211318720,67,3.466173480,0.142569608,0.035529673,0.551204570
8,70,211318720,67,3.539622628,0.142569608,0.035529673,0.575383915
7,70,211318720,67,3.969899353,0.142569608,0.035529673,0.527687078
20,70,211318720,67,4.342638764,0.142569608,0.035529673,0.497070692
12,70,211318720,67,4.727699579,0.142569608,0.035529673,0.372751994
19,71,211318720,67,0.379717458,0.142569608,0.054988578,0.067400466
16,71,211318720,67,0.489137175,0.142569608,0.054988578,0.221687730
18,71,211318720,67,0.558343805,0.142569608,0.054988578,0.372961034
4,71,211318720,67,0.567817078,0.142569608,0.054988578,0.397273979
17,71,211318720,67,0.593577313,0.142569608,0.054988578,0.456706478
2,71,211318720,67,0.649728261,0.142569608,0.054988578,0.550448029
11,71,211318720,67,0.698314549,0.142569608,0.054988578,0.598291480
1,71,211318720,67,0.707333396,0.142569608,0.054988578,0.601220959
3,71,211318720,67,1.200660634,0.142569608,0.054988578,0.541001037
5,71,211318720,67,1.331889630,0.142569608,0.054988578,0.586579963
12,71,211318720,67,2.005690731,0.142569608,0.054988578,0.464211161
6,71,211318720,67,2.379068063,0.142569608,0.054988578,0.433855669
10,71,211318720,67,2.943990344,0.142569608,0.054988578,0.345679136
7,71,211318720,67,3.402770874,0.142569608,0.054988578,0.354768522
9,71,211318720,67,3.451025481,0.142569608,0.054988578,0.371297712
20,71,211318720,67,4.008589628,0.142569608,0.054988578,0.278660484
14,71,211318720,67,4.967748550,0.142569608,0.054988578,0.058440670
13,71,211318720,67,6.250617297,0.142569608,0.054988578,0.095653485
8,71,211318720,67,6.320754693,0.142569608,0.054988578,0.118049351
15,71,211318720,67,7.675098419,0.142569608,0.054988578,0.000004764
11,72,211318720,67,0.399036885,0.142569608,0.010904405,0.065939243
18,72,211318720,67,0.515394281,0.142569608,0.010904405,0.425212942
1,72,211318720,67,0.544102613,0.142569608,0.010904405,0.531431301
2,72,211318720,67,0.556909938,0.142569608,0.010904405,0.569511748
5,72,211318720,67,0.558534361,0.142569608,0.010904405,0.573356000
4,72,211318720,67,0.567817078,0.142569608,0.010904405,0.589019477
17,72,211318720,67,0.593577313,0.142569608,0.010904405,0.614869712
3,72,211318720,67,0.646509572,0.142569608,0.010904405,0.650433883
16,72,211318720,67,0.760880050,0.142569608,0.010904405,0.735772029
19,72,211318720,67,0.835378407,0.142569608,0.010904405,0.759594307
12,72,211318720,67,1.862427107,0.142569608,0.010904405,0.571803126
14,72,211318720,67,1.922999439,0.142569608,0.010904405,0.594120502
9,72,211318720,67,2.415717836,0.142569608,0.010904405,0.526982333
13,72,211318720,67,2.708600829,0.142569608,0.010904405,0.527460937
20,72,211318720,67,3.006442221,0.142569608,0.010904405,0.524361858
10,72,211318720,67,3.434655401,0.142569608,0.010904405,0.506085663
8,72,211318720,67,3.539622628,0.142569608,0.010904405,0.540414149
7,72,211318720,67,3.969899353,0.142569608,0.010904405,0.493638621
15,72,211318720,67,5.199260219,0.142569608,0.010904405,0.174492841
6,72,211318720,67,6.245053666,0.142569608,0.010904405,0.000004764
17,73,211318720,67,0.365278347,0.142569608,0.034754694,0.047545420
4,73,211318720,67,0.527258715,0.142569608,0.034754694,0.365771195
19,73,211318720,67,0.531604441,0.142569608,0.034754694,0.378499382
18,73,211318720,67,0.558343805,0.142569608,0.034754694,0.440906324
16,73,211318720,67,0.597834325,0.142569608,0.034754694,0.528908775
5,73,211318720,67,0.601498543,0.142569608,0.034754694,0.534979557
3,73,211318720,67,0.646509572,0.142569608,0.034754694,0.580964671
1,73,211318720,67,0.707333396,0.142569608,0.034754694,0.601209641
11,73,211318720,67,1.197110656,0.142569608,0.034754694,0.532562527
2,73,211318720,67,1.531502330,0.142569608,0.034754694,0.516616288
12,73,211318720,67,2.005690731,0.142569608,0.034754694,0.455635086
9,73,211318720,67,2.588269110,0.142569608,0.034754694,0.377602462
10,73,211318720,67,2.698657815,0.142569608,0.034754694,0.454364867
8,73,211318720,67,2.781132065,0.142569608,0.034754694,0.480669207
15,73,211318720,67,3.466173480,0.142569608,0.034754694,0.351275377
6,73,211318720,67,4.163369111,0.142569608,0.034754694,0.221482451
14,73,211318720,67,5.448498410,0.142569608,0.034754694,0.048314678
7,73,211318720,67,6.238413268,0.142569608,0.034754694,0.049181097
13,73,211318720,67,6.875679027,0.142569608,0.034754694,0.047285288
20,73,211318720,67,10.021474070,0.142569608,0.034754694,0.000004764
19,74,211318720,67,0.493632695,0.142569608,0.015643299,0.047976374
17,74,211318720,67,0.639237107,0.142569608,0.015643299,0.165881724
11,74,211318720,67,0.698314549,0.142569608,0.015643299,0.241450443
16,74,211318720,67,0.760880050,0.142569608,0.015643299,0.305176454
5,74,211318720,67,0.816319451,0.142569608,0.015643299,0.324596494
2,74,211318720,67,1.067410715,0.142569608,0.015643299,0.392638917
18,74,211318720,67,1.159637133,0.142569608,0.015643299,0.484391826
4,74,211318720,67,1.176192518,0.142569608,0.015643299,0.489744388
3,74,211318720,67,1.385377654,0.142569608,0.015643299,0.516546655
12,74,211318720,67,1.575899860,0.142569608,0.015643299,0.549549062
1,74,211318720,67,1.741128360,0.142569608,0.015643299,0.589965220
10,74,211318720,67,2.207992758,0.142569608,0.015643299,0.571936628
13,74,211318720,67,2.291893009,0.142569608,0.015643299,0.601067848
8,74,211318720,67,3.033962253,0.142569608,0.015643299,0.499356858
9,74,211318720,67,3.105922933,0.142569608,0.015643299,0.524123556
20,74,211318720,67,3.340491357,0.142569608,0.015643299,0.552053489
15,74,211318720,67,3.466173480,0.142569608,0.015643299,0.595338869
7,74,211318720,67,3.686335113,0.142569608,0.015643299,0.616134056
6,74,211318720,67,3.865985603,0.142569608,0.015643299,0.651278118
14,74,211318720,67,4.006248831,0.142569608,0.015643299,0.604528459
11,75,211318720,67,0.399036885,0.142569608,0.070233934,0.203126859
5,75,211318720,67,0.429641816,0.142569608,0.070233934,0.253004535
19,75,211318720,67,0.455660949,0.142569608,0.070233934,0.279386525
3,75,211318720,67,0.507971807,0.142569608,0.070233934,0.396229001
1,75,211318720,67,0.598512874,0.142569608,0.070233934,0.548042335
18,75,211318720,67,0.601293328,0.142569608,0.070233934,0.550969400
2,75,211318720,67,0.603319100,0.142569608,0.070233934,0.551796332
16,75,211318720,67,0.760880050,0.142569608,0.070233934,0.682297330
4,75,211318720,67,0.770608891,0.142569608,0.070233934,0.685521429
17,75,211318720,67,1.369793800,0.142569608,0.070233934,0.578642571
12,75,211318720,67,1.575899860,0.142569608,0.070233934,0.606887318
15,75,211318720,67,2.475838200,0.142569608,0.070233934,0.483938806
13,75,211318720,67,2.500246919,0.142569608,0.070233934,0.492588256
10,75,211318720,67,2.698657815,0.142569608,0.070233934,0.523720814
20,75,211318720,67,3.006442221,0.142569608,0.070233934,0.514412249
14,75,211318720,67,3.204999065,0.142569608,0.070233934,0.542465374
8,75,211318720,67,3.539622628,0.142569608,0.070233934,0.527972931
6,75,211318720,67,3.865985603,0.142569608,0.070233934,0.538897445
7,75,211318720,67,3.969899353,0.142569608,0.070233934,0.574263818
9,75,211318720,67,5.349089495,0.142569608,0.070233934,0.121686388
3,76,211318720,67,0.507971807,0.142569608,0.036048509,0.262276325
18,76,211318720,67,0.558343805,0.142569608,0.036048509,0.415185683
4,76,211318720,67,0.567817078,0.142569608,0.036048509,0.437086585
11,76,211318720,67,0.598555328,0.142569608,0.036048509,0.501310778
5,76,211318720,67,0.601498543,0.142569608,0.036048509,0.506172868
2,76,211318720,67,0.603319100,0.142569608,0.036048509,0.507708293
19,76,211318720,67,0.721463170,0.142569608,0.036048509,0.614971336
1,76,211318720,67,0.761743658,0.142569608,0.036048509,0.627963670
17,76,211318720,67,1.324134007,0.142569608,0.036048509,0.577685418
16,76,211318720,67,1.413062950,0.142569608,0.036048509,0.607047735
14,76,211318720,67,1.922999439,0.142569608,0.036048509,0.532839113
9,76,211318720,67,2.243166562,0.142569608,0.036048509,0.586750212
13,76,211318720,67,2.291893009,0.142569608,0.036048509,0.604247883
15,76,211318720,67,2.475838200,0.142569608,0.036048509,0.638192471
10,76,211318720,67,2.698657815,0.142569608,0.036048509,0.661730397
12,76,211318720,67,3.151799719,0.142569608,0.036048509,0.613977302
8,76,211318720,67,3.286792440,0.142569608,0.036048509,0.659620897
20,76,211318720,67,3.674540492,0.142569608,0.036048509,0.628340567
7,76,211318720,67,3.969899353,0.142569608,0.036048509,0.625529112
6,76,211318720,67,6.245053666,0.142569608,0.036048509,0.000004764
19,77,211318720,67,0.303773966,0.142569608,0.023627721,0.047586362
5,77,211318720,67,0.472605998,0.142569608,0.023627721,0.137941526
3,77,211318720,67,0.554151062,0.142569608,0.023627721,0.289546246
18,77,211318720,67,0.601293328,0.142569608,0.023627721,0.367885831
17,77,211318720,67,0.639237107,0.142569608,0.023627721,0.420067588
2,77,211318720,67,0.649728261,0.142569608,0.023627721,0.430663717
16,77,211318720,67,0.760880050,0.142569608,0.023627721,0.469150407
4,77,211318720,67,1.013959067,0.142569608,0.023627721,0.479166710
1,77,211318720,67,1.305846270,0.142569608,0.023627721,0.475661892
11,77,211318720,67,1.646027152,0.142569608,0.023627721,0.505630038
12,77,211318720,67,1.719163483,0.142569608,0.023627721,0.531176913
9,77,211318720,67,2.070615288,0.142569608,0.023627721,0.511381871
14,77,211318720,67,2.243499345,0.142569608,0.023627721,0.547950526
20,77,211318720,67,2.672393085,0.142569608,0.023627721,0.501294040
10,77,211318720,67,3.189322872,0.142569608,0.023627721,0.420818920
15,77,211318720,67,3.466173480,0.142569608,0.023627721,0.453920302
6,77,211318720,67,3.568602095,0.142569608,0.023627721,0.488666024
13,77,211318720,67,3.958724288,0.142569608,0.023627721,0.545891339
7,77,211318720,67,3.969899353,0.142569608,0.023627721,0.549807324
8,77,211318720,67,8.090566007,0.142569608,0.023627721,0.000004764
5,78,211318720,67,0.515570179,0.142569608,0.028623868,0.188750585
3,78,211318720,67,0.554151062,0.142569608,0.028623868,0.278473835
4,78,211318720,67,0.567817078,0.142569608,0.028623868,0.301466623
11,78,211318720,67,0.648434939,0.142569608,0.028623868,0.420896721
2,78,211318720,67,0.649728261,0.142569608,0.028623868,0.423068674
16,78,211318720,67,0.760880050,0.142569608,0.028623868,0.534793863
1,78,211318720,67,0.761743658,0.142569608,0.028623868,0.535674707
18,78,211318720,67,0.901939992,0.142569608,0.028623868,0.582320925
19,78,211318720,67,1.177124119,0.142569608,0.028623868,0.585756099
17,78,211318720,67,1.369793800,0.142569608,0.028623868,0.617963191
12,78,211318720,67,2.005690731,0.142569608,0.028623868,0.503899102
9,78,211318720,67,2.415717836,0.142569608,0.028623868,0.464290300
13,78,211318720,67,2.916954739,0.142569608,0.028623868,0.408737167
8,78,211318720,67,3.033962253,0.142569608,0.028623868,0.448874022
15,78,211318720,67,3.466173480,0.142569608,0.028623868,0.404089517
14,78,211318720,67,4.166498784,0.142569608,0.028623868,0.270728254
20,78,211318720,67,4.676687899,0.142569608,0.028623868,0.198978119
10,78,211318720,67,6.869310802,0.142569608,0.028623868,0.050515523
7,78,211318720,67,7.372670226,0.142569608,0.028623868,0.050208586
6,78,211318720,67,8.921505237,0.142569608,0.028623868,0.000004764
5,79,211318720,67,0.429641816,0.142569608,0.090043023,0.143590720
18,79,211318720,67,0.472444758,0.142569608,0.090043023,0.215078093
19,79,211318720,67,0.531604441,0.142569608,0.090043023,0.275029033
4,79,211318720,67,0.567817078,0.142569608,0.090043023,0.289774719
16,79,211318720,67,0.706531475,0.142569608,0.090043023,0.334057989
3,79,211318720,67,1.200660634,0.142569608,0.090043023,0.265313500
1,79,211318720,67,1.414666793,0.142569608,0.090043023,0.394344344
11,79,211318720,67,1.446508709,0.142569608,0.090043023,0.442338673
17,79,211318720,67,1.506773180,0.142569608,0.090043023,0.542559661
12,79,211318720,67,1.575899860,0.142569608,0.090043023,0.612489896
2,79,211318720,67,1.577911492,0.142569608,0.090043023,0.613197418
14,79,211318720,67,1.922999439,0.142569608,0.090043023,0.594574467
9,79,211318720,67,2.243166562,0.142569608,0.090043023,0.584218637
8,79,211318720,67,2.781132065,0.142569608,0.090043023,0.506261554
10,79,211318720,67,3.434655401,0.142569608,0.090043023,0.394333913
6,79,211318720,67,3.568602095,0.142569608,0.090043023,0.455215692
7,79,211318720,67,3.686335113,0.142569608,0.090043023,0.495883434
20,79,211318720,67,4.676687899,0.142569608,0.090043023,0.265037519
15,79,211318720,67,5.694427859,0.142569608,0.090043023,0.047569662
13,79,211318720,67,6.250617297,0.142569608,0.090043023,0.000004764
5,80,211318720,67,0.472605998,0.142569608,0.121450342,0.225180744
19,80,211318720,67,0.531604441,0.142569608,0.121450342,0.413807521
17,80,211318720,67,0.547917520,0.142569608,0.121450342,0.473453361
2,80,211318720,67,0.556909938,0.142569608,0.121450342,0.500522887
18,80,211318720,67,0.558343805,0.142569608,0.121450342,0.503846411
3,80,211318720,67,0.646509572,0.142569608,0.121450342,0.706065287
11,80,211318720,67,0.648434939,0.142569608,0.121450342,0.709296980
16,80,211318720,67,0.652182900,0.142569608,0.121450342,0.713089427
1,80,211318720,67,0.707333396,0.142569608,0.121450342,0.731173695
4,80,211318720,67,1.297867606,0.142569608,0.121450342,0.672922333
9,80,211318720,67,1.380410192,0.142569608,0.121450342,0.701209839
14,80,211318720,67,1.762749486,0.142569608,0.121450342,0.669604263
13,80,211318720,67,2.708600829,0.142569608,0.121450342,0.538115867
15,80,211318720,67,2.723422020,0.142569608,0.121450342,0.543072149
12,80,211318720,67,3.008536096,0.142569608,0.121450342,0.542861245
10,80,211318720,67,3.189322872,0.142569608,0.121450342,0.619575930
6,80,211318720,67,3.271218587,0.142569608,0.121450342,0.648963392
8,80,211318720,67,3.539622628,0.142569608,0.121450342,0.654763223
7,80,211318720,67,3.969899353,0.142569608,0.121450342,0.609649303
20,80,211318720,67,4.342638764,0.142569608,0.121450342,0.485234269
19,81,211318720,67,0.493632695,0.142569608,0.119937994,0.225409143
2,81,211318720,67,0.556909938,0.142569608,0.119937994,0.374107167
5,81,211318720,67,0.558534361,0.142569608,0.119937994,0.376920490
4,81,211318720,67,0.567817078,0.142569608,0.119937994,0.386269405
16,81,211318720,67,0.597834325,0.142569608,0.119937994,0.396462408
3,81,211318720,67,1.062122868,0.142569608,0.119937994,0.336475400
17,81,211318720,67,1.369793800,0.142569608,0.119937994,0.433938329
18,81,211318720,67,1.374384750,0.142569608,0.119937994,0.438697138
11,81,211318720,67,1.496388320,0.142569608,0.119937994,0.557403209
1,81,211318720,67,1.523487315,0.142569608,0.119937994,0.566712188
13,81,211318720,67,2.916954739,0.142569608,0.119937994,0.335831367
10,81,211318720,67,2.943990344,0.142569608,0.119937994,0.362998745
15,81,211318720,67,2.971005840,0.142569608,0.119937994,0.372364500
12,81,211318720,67,3.581590590,0.142569608,0.119937994,0.263607839
6,81,211318720,67,4.163369111,0.142569608,0.119937994,0.164405339
14,81,211318720,67,4.326748737,0.142569608,0.119937994,0.202582987
9,81,211318720,67,5.003986947,0.142569608,0.119937994,0.071956966
8,81,211318720,67,6.067924505,0.142569608,0.119937994,0.047708552
7,81,211318720,67,8.506927184,0.142569608,0.119937994,0.049906786
20,81,211318720,67,9.353375798,0.142569608,0.119937994,0.000004764
4,82,211318720,67,0.446141990,0.142569608,0.074983560,0.199251504
19,82,211318720,67,0.455660949,0.142569608,0.074983560,0.221669556
3,82,211318720,67,0.554151062,0.142569608,0.074983560,0.386320742
2,82,211318720,67,0.556909938,0.142569608,0.074983560,0.389843885
5,82,211318720,67,0.558534361,0.142569608,0.074983560,0.391392820
11,82,211318720,67,0.698314549,0.142569608,0.074983560,0.529589712
1,82,211318720,67,0.707333396,0.142569608,0.074983560,0.532650334
18,82,211318720,67,0.901939992,0.142569608,0.074983560,0.571081445
16,82,211318720,67,1.032622925,0.142569608,0.074983560,0.668155763
17,82,211318720,67,1.095835040,0.142569608,0.074983560,0.688972288
12,82,211318720,67,1.432636236,0.142569608,0.074983560,0.674578241
9,82,211318720,67,2.243166562,0.142569608,0.074983560,0.598388867
14,82,211318720,67,2.243499345,0.142569608,0.074983560,0.598470068
15,82,211318720,67,2.475838200,0.142569608,0.074983560,0.619130933
8,82,211318720,67,3.033962253,0.142569608,0.074983560,0.529673134
10,82,211318720,67,3.189322872,0.142569608,0.074983560,0.573600600
20,82,211318720,67,3.674540492,0.142569608,0.074983560,0.509735128
6,82,211318720,67,4.163369111,0.142569608,0.074983560,0.447717520
13,82,211318720,67,4.375432108,0.142569608,0.074983560,0.474380578
7,82,211318720,67,7.939798705,0.142569608,0.074983560,0.000004764
3,83,211318720,67,0.369434041,0.142569608,0.015807133,0.057664110
11,83,211318720,67,0.498796107,0.142569608,0.015807133,0.281292766
19,83,211318720,67,0.531604441,0.142569608,0.015807133,0.358891480
4,83,211318720,67,0.567817078,0.142569608,0.015807133,0.421750221
17,83,211318720,67,0.593577313,0.142569608,0.015807133,0.464216965
5,83,211318720,67,0.601498543,0.142569608,0.015807133,0.472208180
16,83,211318720,67,0.706531475,0.142569608,0.015807133,0.565645939
1,83,211318720,67,0.761743658,0.142569608,0.015807133,0.585350643
18,83,211318720,67,1.116687609,0.142569608,0.015807133,0.561510598
2,83,211318720,67,1.345865684,0.142569608,0.015807133,0.617429314
12,83,211318720,67,1.432636236,0.142569608,0.015807133,0.647641902
9,83,211318720,67,2.070615288,0.142569608,0.015807133,0.619293196
13,83,211318720,67,2.083539099,0.142569608,0.015807133,0.624055051
10,83,211318720,67,2.943990344,0.142569608,0.015807133,0.435342495
15,83,211318720,67,3.218589660,0.142569608,0.015807133,0.439686079
7,83,211318720,67,3.969899353,0.142569608,0.015807133,0.286740283
14,83,211318720,67,4.807498597,0.142569608,0.015807133,0.105217876
8,83,211318720,67,5.309433942,0.142569608,0.015807133,0.044559517
6,83,211318720,67,8.624121730,0.142569608,0.015807133,0.046252947
20,83,211318720,67,10.021474070,0.142569608,0.015807133,0.000004764
4,84,211318720,67,0.486700352,0.142569608,0.115729146,0.276305453
2,84,211318720,67,0.510500777,0.142569608,0.115729146,0.346765749
5,84,211318720,67,0.515570179,0.142569608,0.115729146,0.365410380
11,84,211318720,67,0.548675717,0.142569608,0.115729146,0.465139593
3,84,211318720,67,0.600330317,0.142569608,0.115729146,0.585307844
17,84,211318720,67,0.639237107,0.142569608,0.115729146,0.649563653
18,84,211318720,67,0.644242851,0.142569608,0.115729146,0.654762953
1,84,211318720,67,0.652923135,0.142569608,0.115729146,0.657620183
19,84,211318720,67,0.797406662,0.142569608,0.115729146,0.705875912
16,84,211318720,67,1.141320075,0.142569608,0.115729146,0.686400984
9,84,211318720,67,2.070615288,0.142569608,0.115729146,0.561603636
14,84,211318720,67,2.083249392,0.142569608,0.115729146,0.565970000
15,84,211318720,67,2.971005840,0.142569608,0.115729146,0.373548940
8,84,211318720,67,3.286792440,0.142569608,0.115729146,0.454913470
12,84,211318720,67,3.295063343,0.142569608,0.115729146,0.459762573
10,84,211318720,67,3.434655401,0.142569608,0.115729146,0.506817142
13,84,211318720,67,3.750370378,0.142569608,0.115729146,0.494661068
7,84,211318720,67,3.969899353,0.142569608,0.115729146,0.519455456
20,84,211318720,67,4.342638764,0.142569608,0.115729146,0.492593633
6,84,211318720,67,10.111039269,0.142569608,0.115729146,0.000004764
18,85,211318720,67,0.515394281,0.142569608,0.064941093,0.222982824
19,85,211318720,67,0.531604441,0.142569608,0.064941093,0.271978805
17,85,211318720,67,0.593577313,0.142569608,0.064941093,0.416811376
2,85,211318720,67,0.603319100,0.142569608,0.064941093,0.433364774
3,85,211318720,67,0.646509572,0.142569608,0.064941093,0.477681306
16,85,211318720,67,0.652182900,0.142569608,0.064941093,0.479619215
5,85,211318720,67,1.117068722,0.142569608,0.064941093,0.475074376
4,85,211318720,67,1.176192518,0.142569608,0.064941093,0.495582351
1,85,211318720,67,1.469077054,0.142569608,0.064941093,0.495988859
11,85,211318720,67,1.695906763,0.142569608,0.064941093,0.515654627
9,85,211318720,67,1.898064014,0.142569608,0.064941093,0.647519101
14,85,211318720,67,1.922999439,0.142569608,0.064941093,0.672296724
12,85,211318720,67,2.005690731,0.142569608,0.064941093,0.700605243
13,85,211318720,67,2.500246919,0.142569608,0.064941093,0.633910572
8,85,211318720,67,3.033962253,0.142569608,0.064941093,0.551742476
6,85,211318720,67,3.271218587,0.142569608,0.064941093,0.567443103
10,85,211318720,67,3.434655401,0.142569608,0.064941093,0.608646317
15,85,211318720,67,7.179930779,0.142569608,0.064941093,0.047319208
20,85,211318720,67,8.017179256,0.142569608,0.064941093,0.049217185
7,85,211318720,67,8.223362945,0.142569608,0.064941093,0.000004764
19,86,211318720,67,0.493632695,0.142569608,0.009127123,0.144685752
4,86,211318720,67,0.527258715,0.142569608,0.009127123,0.198968646
5,86,211318720,67,0.601498543,0.142569608,0.009127123,0.273848429
17,86,211318720,67,0.639237107,0.142569608,0.009127123,0.285767473
18,86,211318720,67,0.987839039,0.142569608,0.009127123,0.265808941
3,86,211318720,67,1.339198399,0.142569608,0.009127123,0.332901983
11,86,211318720,67,1.346749488,0.142569608,0.009127123,0.338545007
2,86,211318720,67,1.485093169,0.142569608,0.009127123,0.453390663
1,86,211318720,67,1.523487315,0.142569608,0.009127123,0.465968023
16,86,211318720,67,1.739154400,0.142569608,0.009127123,0.581570830
14,86,211318720,67,1.762749486,0.142569608,0.009127123,0.604759619
12,86,211318720,67,1.862427107,0.142569608,0.009127123,0.639169817
13,86,211318720,67,2.916954739,0.142569608,0.009127123,0.386351752
10,86,211318720,67,3.189322872,0.142569608,0.009127123,0.388230674
15,86,211318720,67,3.466173480,0.142569608,0.009127123,0.440961366
8,86,211318720,67,3.539622628,0.142569608,0.009127123,0.464256553
20,86,211318720,67,4.676687899,0.142569608,0.009127123,0.183398729
9,86,211318720,67,5.003986947,0.142569608,0.009127123,0.170920494
6,86,211318720,67,6.245053666,0.142569608,0.009127123,0.048796506
7,86,211318720,67,7.372670226,0.142569608,0.009127123,0.000004764
4,87,211318720,67,0.486700352,0.142569608,0.003818970,0.306385602
16,87,211318720,67,0.489137175,0.142569608,0.003818970,0.311863974
5,87,211318720,67,0.515570179,0.142569608,0.003818970,0.363678495
19,87,211318720,67,0.531604441,0.142569608,0.003818970,0.390698583
17,87,211318720,67,0.593577313,0.142569608,0.003818970,0.470629680
3,87,211318720,67,0.646509572,0.142569608,0.003818970,0.522997466
1,87,211318720,67,0.707333396,0.142569608,0.003818970,0.544426703
18,87,211318720,67,1.116687609,0.142569608,0.003818970,0.502750784
14,87,211318720,67,1.281999626,0.142569608,0.003818970,0.541093349
2,87,211318720,67,1.577911492,0.142569608,0.003818970,0.589584805
11,87,211318720,67,1.646027152,0.142569608,0.003818970,0.653310639
9,87,211318720,67,1.725512740,0.142569608,0.003818970,0.680743621
12,87,211318720,67,1.862427107,0.142569608,0.003818970,0.727432591
13,87,211318720,67,2.708600829,0.142569608,0.003818970,0.554608050
7,87,211318720,67,2.835642395,0.142569608,0.003818970,0.602829564
15,87,211318720,67,2.971005840,0.142569608,0.003818970,0.648909954
6,87,211318720,67,3.568602095,0.142569608,0.003818970,0.546578995
8,87,211318720,67,4.550943379,0.142569608,0.003818970,0.313860923
10,87,211318720,67,5.887980687,0.142569608,0.003818970,0.048204614
20,87,211318720,67,7.683130120,0.142569608,0.003818970,0.000004764
19,88,211318720,67,0.303773966,0.142569608,0.005493542,0.047677280
18,88,211318720,67,0.472444758,0.142569608,0.005493542,0.244184228
2,88,211318720,67,0.510500777,0.142569608,0.005493542,0.333181259
17,88,211318720,67,0.547917520,0.142569608,0.005493542,0.420486807
4,88,211318720,67,0.567817078,0.142569608,0.005493542,0.453699589
11,88,211318720,67,0.598555328,0.142569608,0.005493542,0.485144418
16,88,211318720,67,0.652182900,0.142569608,0.005493542,0.503087832
5,88,211318720,67,1.245961267,0.142569608,0.005493542,0.501527097
3,88,211318720,67,1.246839889,0.142569608,0.005493542,0.502475536
9,88,211318720,67,1.380410192,0.142569608,0.005493542,0.548937222
12,88,211318720,67,1.719163483,0.142569608,0.005493542,0.614426519
1,88,211318720,67,1.741128360,0.142569608,0.005493542,0.621650962
10,88,211318720,67,2.943990344,0.142569608,0.005493542,0.397310259
15,88,211318720,67,2.971005840,0.142569608,0.005493542,0.406958297
7,88,211318720,67,3.969899353,0.142569608,0.005493542,0.163872939
14,88,211318720,67,4.166498784,0.142569608,0.005493542,0.195310372
6,88,211318720,67,4.460752619,0.142569608,0.005493542,0.193377168
8,88,211318720,67,5.562264130,0.142569608,0.005493542,0.046834161
13,88,211318720,67,5.833909477,0.142569608,0.005493542,0.053619699
20,88,211318720,67,10.355523205,0.142569608,0.005493542,0.000004764
3,89,211318720,67,0.461792551,0.142569608,0.010092211,0.188036973
19,89,211318720,67,0.493632695,0.142569608,0.010092211,0.262434420
2,89,211318720,67,0.510500777,0.142569608,0.010092211,0.290693726
18,89,211318720,67,0.601293328,0.142569608,0.010092211,0.382064325
5,89,211318720,67,0.601498543,0.142569608,0.010092211,0.382118076
16,89,211318720,67,0.760880050,0.142569608,0.010092211,0.448230628
17,89,211318720,67,0.867536073,0.142569608,0.010092211,0.483345271
4,89,211318720,67,1.135634155,0.142569608,0.010092211,0.544100603
1,89,211318720,67,1.197025748,0.142569608,0.010092211,0.564531956
11,89,211318720,67,1.396629099,0.142569608,0.010092211,0.592156190
14,89,211318720,67,1.922999439,0.142569608,0.010092211,0.555911221
12,89,211318720,67,2.005690731,0.142569608,0.010092211,0.636027762
9,89,211318720,67,2.070615288,0.142569608,0.010092211,0.657142116
8,89,211318720,67,2.781132065,0.142569608,0.010092211,0.519796356
15,89,211318720,67,3.466173480,0.142569608,0.010092211,0.389137619
7,89,211318720,67,3.686335113,0.142569608,0.010092211,0.410858865
6,89,211318720,67,3.865985603,0.142569608,0.010092211,0.448011907
20,89,211318720,67,4.676687899,0.142569608,0.010092211,0.276843208
10,89,211318720,67,5.642648159,0.142569608,0.010092211,0.051180031
13,89,211318720,67,6.250617297,0.142569608,0.010092211,0.000004764
18,90,211318720,67,0.472444758,0.142569608,0.031640407,0.146900008
5,90,211318720,67,0.515570179,0.142569608,0.031640407,0.209407237
4,90,211318720,67,0.567817078,0.142569608,0.031640407,0.297406438
17,90,211318720,67,0.639237107,0.142569608,0.031640407,0.429922002
3,90,211318720,67,0.646509572,0.142569608,0.031640407,0.442186867
16,90,211318720,67,0.706531475,0.142569608,0.031640407,0.502523065
1,90,211318720,67,0.761743658,0.142569608,0.031640407,0.520395365
11,90,211318720,67,0.947712603,0.142569608,0.031640407,0.596134461
19,90,211318720,67,1.025237136,0.142569608,0.031640407,0.621407552
2,90,211318720,67,1.392274846,0.142569608,0.031640407,0.662432371
12,90,211318720,67,1.432636236,0.142569608,0.031640407,0.675693199
9,90,211318720,67,1.898064014,0.142569608,0.031640407,0.619638794
7,90,211318720,67,3.402770874,0.142569608,0.031640407,0.266724195
15,90,211318720,67,3.466173480,0.142569608,0.031640407,0.288337184
14,90,211318720,67,4.807498597,0.142569608,0.031640407,0.047701933
13,90,211318720,67,5.417201657,0.142569608,0.031640407,0.048584796
10,90,211318720,67,6.869310802,0.142569608,0.031640407,0.047609530
8,90,211318720,67,7.332075444,0.142569608,0.031640407,0.130101562
20,90,211318720,67,7.349080985,0.142569608,0.031640407,0.136187025
6,90,211318720,67,8.326738222,0.142569608,0.031640407,0.000004764
4,91,211318720,67,0.486700352,0.142569608,0.009434369,0.218815430
19,91,211318720,67,0.493632695,0.142569608,0.009434369,0.226128656
3,91,211318720,67,0.507971807,0.142569608,0.009434369,0.238743364
17,91,211318720,67,0.639237107,0.142569608,0.009434369,0.368651301
16,91,211318720,67,0.652182900,0.142569608,0.009434369,0.373244039
5,91,211318720,67,1.245961267,0.142569608,0.009434369,0.426572549
2,91,211318720,67,1.253047361,0.142569608,0.009434369,0.433926156
18,91,211318720,67,1.288485703,0.142569608,0.009434369,0.444605906
11,91,211318720,67,1.646027152,0.142569608,0.009434369,0.508444667
1,91,211318720,67,1.686718099,0.142569608,0.009434369,0.549022612
14,91,211318720,67,1.762749486,0.142569608,0.009434369,0.575149509
12,91,211318720,67,2.005690731,0.142569608,0.009434369,0.590487282
13,91,211318720,67,2.916954739,0.142569608,0.009434369,0.497605571
15,91,211318720,67,2.971005840,0.142569608,0.009434369,0.587744075
20,91,211318720,67,3.006442221,0.142569608,0.009434369,0.623977768
8,91,211318720,67,3.033962253,0.142569608,0.009434369,0.632829729
10,91,211318720,67,3.189322872,0.142569608,0.009434369,0.678188979
9,91,211318720,67,3.623576755,0.142569608,0.009434369,0.683190226
7,91,211318720,67,3.686335113,0.142569608,0.009434369,0.704107911
6,91,211318720,67,8.029354714,0.142569608,0.009434369,0.000004764
19,92,211318720,67,0.455660949,0.142569608,0.117054269,0.180662197
4,92,211318720,67,0.486700352,0.142569608,0.117054269,0.232849660
18,92,211318720,67,0.515394281,0.142569608,0.117054269,0.275614045
17,92,211318720,67,0.593577313,0.142569608,0.117054269,0.406989428
3,92,211318720,67,0.646509572,0.142569608,0.117054269,0.460205581
11,92,211318720,67,0.648434939,0.142569608,0.117054269,0.460972690
5,92,211318720,67,0.988176177,0.142569608,0.117054269,0.520322421
16,92,211318720,67,1.032622925,0.142569608,0.117054269,0.566053926
2,92,211318720,67,1.113819877,0.142569608,0.117054269,0.593870555
14,92,211318720,67,1.281999626,0.142569608,0.117054269,0.714158700
1,92,211318720,67,1.305846270,0.142569608,0.117054269,0.722584507
12,92,211318720,67,2.005690731,0.142569608,0.117054269,0.642960041
9,92,211318720,67,2.070615288,0.142569608,0.117054269,0.665013770
8,92,211318720,67,2.781132065,0.142569608,0.117054269,0.526312099
7,92,211318720,67,3.119206634,0.142569608,0.117054269,0.557357242
10,92,211318720,67,3.189322872,0.142569608,0.117054269,0.580011709
6,92,211318720,67,3.568602095,0.142569608,0.117054269,0.574539831
20,92,211318720,67,3.674540492,0.142569608,0.117054269,0.610426767
15,92,211318720,67,5.199260219,0.142569608,0.117054269,0.203477209
13,92,211318720,67,7.084032937,0.142569608,0.117054269,0.000004764
19,93,211318720,67,0.493632695,0.142569608,0.045158833,0.047750370
17,93,211318720,67,0.639237107,0.142569608,0.045158833,0.250332296
16,93,211318720,67,0.652182900,0.142569608,0.045158833,0.272113221
11,93,211318720,67,0.698314549,0.142569608,0.045158833,0.334508646
1,93,211318720,67,0.761743658,0.142569608,0.045158833,0.397823789
18,93,211318720,67,0.816040945,0.142569608,0.045158833,0.416083781
2,93,211318720,67,0.974592392,0.142569608,0.045158833,0.627399766
5,93,211318720,67,0.988176177,0.142569608,0.045158833,0.650459641
3,93,211318720,67,1.015943613,0.142569608,0.045158833,0.678442812
4,93,211318720,67,1.095075793,0.142569608,0.045158833,0.705768421
12,93,211318720,67,1.862427107,0.142569608,0.045158833,0.545867576
14,93,211318720,67,2.243499345,0.142569608,0.045158833,0.576623158
13,93,211318720,67,2.291893009,0.142569608,0.045158833,0.605640577
9,93,211318720,67,2.415717836,0.142569608,0.045158833,0.646901419
7,93,211318720,67,2.835642395,0.142569608,0.045158833,0.601020856
6,93,211318720,67,3.271218587,0.142569608,0.045158833,0.552603273
20,93,211318720,67,4.342638764,0.142569608,0.045158833,0.292984966
10,93,211318720,67,5.642648159,0.142569608,0.045158833,0.048706788
15,93,211318720,67,6.437179319,0.142569608,0.045158833,0.047823939
8,93,211318720,67,7.584905632,0.142569608,0.045158833,0.000004764
2,94,211318720,67,0.417682454,0.142569608,0.111594237,0.129233228
18,94,211318720,67,0.472444758,0.142569608,0.111594237,0.230805995
4,94,211318720,67,0.527258715,0.142569608,0.111594237,0.323205671
5,94,211318720,67,0.558534361,0.142569608,0.111594237,0.354987368
3,94,211318720,67,0.600330317,0.142569608,0.111594237,0.369675237
16,94,211318720,67,0.760880050,0.142569608,0.111594237,0.411345067
1,94,211318720,67,1.033794964,0.142569608,0.111594237,0.433127197
11,94,211318720,67,1.147231045,0.142569608,0.111594237,0.546237583
19,94,211318720,67,1.177124119,0.142569608,0.111594237,0.556504628
17,94,211318720,67,1.461113387,0.142569608,0.111594237,0.559073287
12,94,211318720,67,1.862427107,0.142569608,0.111594237,0.520090574
9,94,211318720,67,2.415717836,0.142569608,0.111594237,0.434364857
8,94,211318720,67,3.033962253,0.142569608,0.111594237,0.326801398
15,94,211318720,67,3.218589660,0.142569608,0.111594237,0.361375751
10,94,211318720,67,3.434655401,0.142569608,0.111594237,0.416740478
14,94,211318720,67,3.525498971,0.142569608,0.111594237,0.447027913
7,94,211318720,67,3.969899353,0.142569608,0.111594237,0.396960155
6,94,211318720,67,4.163369111,0.142569608,0.111594237,0.428226985
13,94,211318720,67,6.042263387,0.142569608,0.111594237,0.049970291
20,94,211318720,67,7.683130120,0.142569608,0.111594237,0.000004764
4,95,211318720,67,0.486700352,0.142569608,0.030448610,0.188763047
19,95,211318720,67,0.531604441,0.142569608,0.030448610,0.323767955
1,95,211318720,67,0.544102613,0.142569608,0.030448610,0.361311721
18,95,211318720,67,0.601293328,0.142569608,0.030448610,0.495761107
17,95,211318720,67,0.639237107,0.142569608,0.030448610,0.558527608
3,95,211318720,67,0.646509572,0.142569608,0.030448610,0.565623531
11,95,211318720,67,0.648434939,0.142569608,0.030448610,0.566330552
2,95,211318720,67,1.253047361,0.142569608,0.030448610,0.502564247
5,95,211318720,67,1.331889630,0.142569608,0.030448610,0.530228620
16,95,211318720,67,1.793502975,0.142569608,0.030448610,0.473445983
14,95,211318720,67,2.083249392,0.142569608,0.030448610,0.471490700
9,95,211318720,67,2.415717836,0.142569608,0.030448610,0.455235558
13,95,211318720,67,2.916954739,0.142569608,0.030448610,0.385510038
10,95,211318720,67,3.189322872,0.142569608,0.030448610,0.392878404
7,95,211318720,67,3.402770874,0.142569608,0.030448610,0.470851524
15,95,211318720,67,3.466173480,0.142569608,0.030448610,0.491712389
12,95,211318720,67,3.724854214,0.142569608,0.030448610,0.553224204
8,95,211318720,67,3.792452816,0.142569608,0.030448610,0.622660721
6,95,211318720,67,3.865985603,0.142569608,0.030448610,0.648020248
20,95,211318720,67,4.008589628,0.142569608,0.030448610,0.600491678
4,96,211318720,67,0.365025264,0.142569608,0.012348435,0.048309020
17,96,211318720,67,0.593577313,0.142569608,0.012348435,0.218617042
11,96,211318720,67,0.598555328,0.142569608,0.012348435,0.223789813
3,96,211318720,67,0.646509572,0.142569608,0.012348435,0.258282427
16,96,211318720,67,0.760880050,0.142569608,0.012348435,0.297534780
19,96,211318720,67,1.025237136,0.142569608,0.012348435,0.367958144
5,96,211318720,67,1.074104540,0.142569608,0.012348435,0.384791836
18,96,211318720,67,1.245536180,0.142569608,0.012348435,0.542842260
1,96,211318720,67,1.251436009,0.142569608,0.012348435,0.548467904
2,96,211318720,67,1.345865684,0.142569608,0.012348435,0.581141468
9,96,211318720,67,1.552961466,0.142569608,0.012348435,0.606345276
12,96,211318720,67,1.862427107,0.142569608,0.012348435,0.597592892
8,96,211318720,67,2.022641502,0.142569608,0.012348435,0.640461499
13,96,211318720,67,2.500246919,0.142569608,0.012348435,0.580072184
10,96,211318720,67,2.698657815,0.142569608,0.012348435,0.608179109
14,96,211318720,67,3.044749111,0.142569608,0.012348435,0.591478549
6,96,211318720,67,3.271218587,0.142569608,0.012348435,0.618866166
7,96,211318720,67,3.402770874,0.142569608,0.012348435,0.663581328
20,96,211318720,67,4.342638764,0.142569608,0.012348435,0.451437025
15,96,211318720,67,5.199260219,0.142569608,0.012348435,0.169236843
2,97,211318720,67,0.464091615,0.142569608,0.022129180,0.132062359
19,97,211318720,67,0.531604441,0.142569608,0.022129180,0.321690166
4,97,211318720,67,0.567817078,0.142569608,0.022129180,0.430282186
18,97,211318720,67,0.601293328,0.142569608,0.022129180,0.508535056
5,97,211318720,67,0.601498543,0.142569608,0.022129180,0.508864156
3,97,211318720,67,0.646509572,0.142569608,0.022129180,0.572699778
1,97,211318720,67,0.652923135,0.142569608,0.022129180,0.579138977
16,97,211318720,67,0.760880050,0.142569608,0.022129180,0.639994322
17,97,211318720,67,0.867536073,0.142569608,0.022129180,0.676863159
12,97,211318720,67,1.432636236,0.142569608,0.022129180,0.606638194
11,97,211318720,67,1.546267931,0.142569608,0.022129180,0.645876709
10,97,211318720,67,2.698657815,0.142569608,0.022129180,0.408119756
8,97,211318720,67,2.781132065,0.142569608,0.022129180,0.494886592
7,97,211318720,67,2.835642395,0.142569608,0.022129180,0.549683962
13,97,211318720,67,2.916954739,0.142569608,0.022129180,0.576061243
9,97,211318720,67,3.968679303,0.142569608,0.022129180,0.318060287
6,97,211318720,67,4.163369111,0.142569608,0.022129180,0.348949232
14,97,211318720,67,4.647248644,0.142569608,0.022129180,0.357861748
20,97,211318720,67,4.676687899,0.142569608,0.022129180,0.367872934
15,97,211318720,67,7.922682239,0.142569608,0.022129180,0.000004764
19,98,211318720,67,0.493632695,0.142569608,0.059405930,0.269573329
17,98,211318720,67,0.502257727,0.142569608,0.059405930,0.289926032
3,98,211318720,67,0.507971807,0.142569608,0.059405930,0.299619473
5,98,211318720,67,0.601498543,0.142569608,0.059405930,0.392803026
2,98,211318720,67,0.603319100,0.142569608,0.059405930,0.393432341
16,98,211318720,67,0.760880050,0.142569608,0.059405930,0.529962556
1,98,211318720,67,0.761743658,0.142569608,0.059405930,0.530271887
4,98,211318720,67,0.932842342,0.142569608,0.059405930,0.570171064
18,98,211318720,67,1.202586656,0.142569608,0.059405930,0.576060050
11,98,211318720,67,1.646027152,0.142569608,0.059405930,0.576582999
12,98,211318720,67,1.719163483,0.142569608,0.059405930,0.601303113
14,98,211318720,67,1.922999439,0.142569608,0.059405930,0.629384523
9,98,211318720,67,2.415717836,0.142569608,0.059405930,0.633035346
10,98,211318720,67,2.453325286,0.142569608,0.059405930,0.645737667
13,98,211318720,67,2.708600829,0.142569608,0.059405930,0.656257816
15,98,211318720,67,3.466173480,0.142569608,0.059405930,0.545814799
8,98,211318720,67,3.539622628,0.142569608,0.059405930,0.570845819
6,98,211318720,67,3.865985603,0.142569608,0.059405930,0.558305502
20,98,211318720,67,7.349080985,0.142569608,0.059405930,0.048339072
7,98,211318720,67,8.223362945,0.142569608,0.059405930,0.000004764
4,99,211318720,67,0.486700352,0.142569608,0.073417611,0.133192101
5,99,211318720,67,0.558534361,0.142569608,0.073417611,0.251715714
3,99,211318720,67,0.600330317,0.142569608,0.073417611,0.293377894
18,99,211318720,67,0.601293328,0.142569608,0.073417611,0.293665052
16,99,211318720,67,0.760880050,0.142569608,0.073417611,0.382621717
19,99,211318720,67,0.835378407,0.142569608,0.073417611,0.442024878
11,99,211318720,67,0.947712603,0.142569608,0.073417611,0.628979359
17,99,211318720,67,0.958855660,0.142569608,0.073417611,0.640436024
1,99,211318720,67,0.979384703,0.142569608,0.073417611,0.647817283
2,99,211318720,67,1.392274846,0.142569608,0.073417611,0.606792893
14,99,211318720,67,1.922999439,0.142569608,0.073417611,0.568534186
12,99,211318720,67,2.005690731,0.142569608,0.073417611,0.597500490
9,99,211318720,67,2.415717836,0.142569608,0.073417611,0.555643660
13,99,211318720,67,2.708600829,0.142569608,0.073417611,0.600290238
8,99,211318720,67,2.781132065,0.142569608,0.073417611,0.625121870
10,99,211318720,67,3.434655401,0.142569608,0.073417611,0.577279618
15,99,211318720,67,3.466173480,0.142569608,0.073417611,0.587735255
6,99,211318720,67,3.865985603,0.142569608,0.073417611,0.576010043
7,99,211318720,67,3.969899353,0.142569608,0.073417611,0.610600873
20,99,211318720,67,9.687424934,0.142569608,0.073417611,0.000004764
5,100,211318720,67,0.343713453,0.142569608,0.015339219,0.047343696
4,100,211318720,67,0.486700352,0.142569608,0.015339219,0.139719572
17,100,211318720,67,0.593577313,0.142569608,0.015339219,0.360914380
1,100,211318720,67,0.598512874,0.142569608,0.015339219,0.369390127
11,100,211318720,67,0.648434939,0.142569608,0.015339219,0.419506697
2,100,211318720,67,0.649728261,0.142569608,0.015339219,0.419916642
3,100,211318720,67,0.923585103,0.142569608,0.015339219,0.498063198
19,100,211318720,67,0.987265390,0.142569608,0.015339219,0.562061441
16,100,211318720,67,1.032622925,0.142569608,0.015339219,0.576317199
18,100,211318720,67,1.331435226,0.142569608,0.015339219,0.571631497
12,100,211318720,67,1.575899860,0.142569608,0.015339219,0.586746824
14,100,211318720,67,1.762749486,0.142569608,0.015339219,0.619640017
13,100,211318720,67,2.291893009,0.142569608,0.015339219,0.537932504
10,100,211318720,67,2.943990344,0.142569608,0.015339219,0.415016544
7,100,211318720,67,3.119206634,0.142569608,0.015339219,0.452300618
8,100,211318720,67,3.539622628,0.142569608,0.015339219,0.405066781
6,100,211318720,67,4.163369111,0.142569608,0.015339219,0.291686532
9,100,211318720,67,5.176538221,0.142569608,0.015339219,0.055266132
15,100,211318720,67,7.179930779,0.142569608,0.015339219,0.049663841
20,100,211318720,67,8.685277527,0.142569608,0.015339219,0.000004764
17,101,211318720,67,0.547917520,0.142569608,0.026568733,0.192008488
18,101,211318720,67,0.558343805,0.142569608,0.026568733,0.209577616
11,101,211318720,67,0.648434939,0.142569608,0.026568733,0.317866046
2,101,211318720,67,0.649728261,0.142569608,0.026568733,0.318942415
16,101,211318720,67,0.760880050,0.142569608,0.026568733,0.356006706
4,101,211318720,67,0.932842342,0.142569608,0.026568733,0.394208755
19,101,211318720,67,1.215095865,0.142569608,0.026568733,0.441383111
5,101,211318720,67,1.288925448,0.142569608,0.026568733,0.466482308
3,101,211318720,67,1.431556909,0.142569608,0.026568733,0.514936430
1,101,211318720,67,1.686718099,0.142569608,0.026568733,0.526413968
12,101,211318720,67,2.005690731,0.142569608,0.026568733,0.515757184
14,101,211318720,67,2.243499345,0.142569608,0.026568733,0.533952723
10,101,211318720,67,2.943990344,0.142569608,0.026568733,0.397842080
7,101,211318720,67,3.402770874,0.142569608,0.026568733,0.399422060
15,101,211318720,67,3.466173480,0.142569608,0.026568733,0.463197053
8,101,211318720,67,3.539622628,0.142569608,0.026568733,0.488063867
13,101,211318720,67,3.958724288,0.142569608,0.026568733,0.446729424
9,101,211318720,67,5.003986947,0.142569608,0.026568733,0.195355427
6,101,211318720,67,6.245053666,0.142569608,0.026568733,0.046426691
20,101,211318720,67,10.021474070,0.142569608,0.026568733,0.000004764
19,102,211318720,67,0.417689204,0.142569608,0.125073910,0.047186107
17,102,211318720,67,0.593577313,0.142569608,0.125073910,0.309712640
3,102,211318720,67,0.600330317,0.142569608,0.125073910,0.325478221
11,102,211318720,67,0.648434939,0.142569608,0.125073910,0.406275221
2,102,211318720,67,0.649728261,0.142569608,0.125073910,0.407454570
16,102,211318720,67,0.706531475,0.142569608,0.125073910,0.425671846
4,102,211318720,67,0.973400704,0.142569608,0.125073910,0.434469410
5,102,211318720,67,1.245961267,0.142569608,0.125073910,0.438187000
18,102,211318720,67,1.460283797,0.142569608,0.125073910,0.460015803
1,102,211318720,67,1.632307838,0.142569608,0.125073910,0.571996267
13,102,211318720,67,1.666831279,0.142569608,0.125073910,0.583640692
14,102,211318720,67,2.243499345,0.142569608,0.125073910,0.487844066
10,102,211318720,67,2.943990344,0.142569608,0.125073910,0.352065612
9,102,211318720,67,3.796128029,0.142569608,0.125073910,0.161535550
7,102,211318720,67,3.969899353,0.142569608,0.125073910,0.201167560
12,102,211318720,67,4.297908708,0.142569608,0.125073910,0.185221761
20,102,211318720,67,4.676687899,0.142569608,0.125073910,0.156213898
8,102,211318720,67,5.815094318,0.142569608,0.125073910,0.048915849
15,102,211318720,67,7.922682239,0.142569608,0.125073910,0.046661138
6,102,211318720,67,9.813655761,0.142569608,0.125073910,0.000004764
18,103,211318720,67,0.472444758,0.142569608,0.023471963,0.202668397
4,103,211318720,67,0.527258715,0.142569608,0.023471963,0.405060140
19,103,211318720,67,0.531604441,0.142569608,0.023471963,0.418414368
17,103,211318720,67,0.593577313,0.142569608,0.023471963,0.588719071
3,103,211318720,67,0.600330317,0.142569608,0.023471963,0.604118885
5,103,211318720,67,0.601498543,0.142569608,0.023471963,0.605800458
2,103,211318720,67,0.603319100,0.142569608,0.023471963,0.607574766
11,103,211318720,67,0.698314549,0.142569608,0.023471963,0.639370384
16,103,211318720,67,1.467411525,0.142569608,0.023471963,0.486481496
14,103,211318720,67,1.762749486,0.142569608,0.023471963,0.588084177
1,103,211318720,67,1.795538622,0.142569608,0.023471963,0.621264615
12,103,211318720,67,1.862427107,0.142569608,0.023471963,0.644450586
9,103,211318720,67,2.243166562,0.142569608,0.023471963,0.615781896
13,103,211318720,67,2.500246919,0.142569608,0.023471963,0.626570476
15,103,211318720,67,3.218589660,0.142569608,0.023471963,0.485733855
10,103,211318720,67,3.434655401,0.142569608,0.023471963,0.534675187
8,103,211318720,67,3.539622628,0.142569608,0.023471963,0.570345798
20,103,211318720,67,4.342638764,0.142569608,0.023471963,0.404382749
6,103,211318720,67,7.731971206,0.142569608,0.023471963,0.050657176
7,103,211318720,67,7.939798705,0.142569608,0.023471963,0.000004764
19,104,211318720,67,0.379717458,0.142569608,0.049635552,0.137851120
18,104,211318720,67,0.386545711,0.142569608,0.049635552,0.139619633
5,104,211318720,67,0.558534361,0.142569608,0.049635552,0.213474166
3,104,211318720,67,0.646509572,0.142569608,0.049635552,0.314379981
16,104,211318720,67,0.706531475,0.142569608,0.049635552,0.375247262
1,104,211318720,67,0.761743658,0.142569608,0.049635552,0.394040121
17,104,211318720,67,0.913195867,0.142569608,0.049635552,0.437309134
4,104,211318720,67,1.216750881,0.142569608,0.049635552,0.433189031
2,104,211318720,67,1.392274846,0.142569608,0.049635552,0.496307304
11,104,211318720,67,1.496388320,0.142569608,0.049635552,0.532060137
14,104,211318720,67,1.762749486,0.142569608,0.049635552,0.566181161
12,104,211318720,67,1.862427107,0.142569608,0.049635552,0.599574190
13,104,211318720,67,2.916954739,0.142569608,0.049635552,0.350166550
10,104,211318720,67,3.434655401,0.142569608,0.049635552,0.303369021
8,104,211318720,67,3.539622628,0.142569608,0.049635552,0.448617656
6,104,211318720,67,3.568602095,0.142569608,0.049635552,0.477946214
9,104,211318720,67,3.623576755,0.142569608,0.049635552,0.496150555
7,104,211318720,67,3.969899353,0.142569608,0.049635552,0.476679511
20,104,211318720,67,4.342638764,0.142569608,0.049635552,0.451049583
15,104,211318720,67,4.704092579,0.142569608,0.049635552,0.331872070
2,105,211318720,67,0.510500777,0.142569608,0.051000096,0.386033743
19,105,211318720,67,0.531604441,0.142569608,0.051000096,0.463394647
11,105,211318720,67,0.548675717,0.142569608,0.051000096,0.519420992
18,105,211318720,67,0.558343805,0.142569608,0.051000096,0.548454065
5,105,211318720,67,0.558534361,0.142569608,0.051000096,0.548903775
4,105,211318720,67,0.567817078,0.142569608,0.051000096,0.564397065
3,105,211318720,67,0.646509572,0.142569608,0.051000096,0.644468393
17,105,211318720,67,0.684896900,0.142569608,0.051000096,0.656888497
1,105,211318720,67,1.251436009,0.142569608,0.051000096,0.567341285
16,105,211318720,67,1.521760100,0.142569608,0.051000096,0.573983617
14,105,211318720,67,1.922999439,0.142569608,0.051000096,0.536239665
13,105,211318720,67,2.500246919,0.142569608,0.051000096,0.437156702
9,105,211318720,67,3.968679303,0.142569608,0.051000096,0.141166250
7,105,211318720,67,3.969899353,0.142569608,0.051000096,0.141618420
12,105,211318720,67,4.297908708,0.142569608,0.051000096,0.131436306
10,105,211318720,67,6.378645745,0.142569608,0.051000096,0.104715458
15,105,211318720,67,6.437179319,0.142569608,0.051000096,0.124816666
8,105,211318720,67,8.090566007,0.142569608,0.051000096,0.049505271
6,105,211318720,67,8.921505237,0.142569608,0.051000096,0.047386956
20,105,211318720,67,11.023621477,0.142569608,0.051000096,0.000004764
19,106,211318720,67,0.417689204,0.142569608,0.071771845,0.130526727
5,106,211318720,67,0.472605998,0.142569608,0.071771845,0.231287774
4,106,211318720,67,0.527258715,0.142569608,0.071771845,0.323886933
18,106,211318720,67,0.558343805,0.142569608,0.071771845,0.357139179
3,106,211318720,67,0.600330317,0.142569608,0.071771845,0.400622554
11,106,211318720,67,0.698314549,0.142569608,0.071771845,0.539046118
16,106,211318720,67,0.760880050,0.142569608,0.071771845,0.601356379
1,106,211318720,67,0.761743658,0.142569608,0.071771845,0.601627060
17,106,211318720,67,1.278474213,0.142569608,0.071771845,0.522728667
2,106,211318720,67,1.438684007,0.142569608,0.071771845,0.564289572
12,106,211318720,67,1.862427107,0.142569608,0.071771845,0.521726176
9,106,211318720,67,2.415717836,0.142569608,0.071771845,0.473280802
13,106,211318720,67,2.500246919,0.142569608,0.071771845,0.501610726
7,106,211318720,67,3.119206634,0.142569608,0.071771845,0.391144836
8,106,211318720,67,3.539622628,0.142569608,0.071771845,0.349415508
6,106,211318720,67,4.163369111,0.142569608,0.071771845,0.237955845
20,106,211318720,67,4.676687899,0.142569608,0.071771845,0.249968153
15,106,211318720,67,4.704092579,0.142569608,0.071771845,0.276590201
14,106,211318720,67,4.807498597,0.142569608,0.071771845,0.312411028
10,106,211318720,67,5.642648159,0.142569608,0.071771845,0.039076355
19,107,211318720,67,0.455660949,0.142569608,0.087987304,0.219638607
2,107,211318720,67,0.464091615,0.142569608,0.087987304,0.233729786
4,107,211318720,67,0.527258715,0.142569608,0.087987304,0.313067878
17,107,211318720,67,0.547917520,0.142569608,0.087987304,0.333118677
3,107,211318720,67,0.646509572,0.142569608,0.087987304,0.446308223
11,107,211318720,67,0.698314549,0.142569608,0.087987304,0.497725464
16,107,211318720,67,0.760880050,0.142569608,0.087987304,0.519348754
18,107,211318720,67,1.245536180,0.142569608,0.087987304,0.564005728
14,107,211318720,67,1.281999626,0.142569608,0.087987304,0.599636430
5,107,211318720,67,1.331889630,0.142569608,0.087987304,0.616116165
1,107,211318720,67,1.632307838,0.142569608,0.087987304,0.611359724
13,107,211318720,67,2.708600829,0.142569608,0.087987304,0.438720075
12,107,211318720,67,2.722008849,0.142569608,0.087987304,0.442599707
9,107,211318720,67,3.278474207,0.142569608,0.087987304,0.349661868
8,107,211318720,67,3.539622628,0.142569608,0.087987304,0.359665674
7,107,211318720,67,3.686335113,0.142569608,0.087987304,0.404531940
10,107,211318720,67,7.114643330,0.142569608,0.087987304,0.099732039
15,107,211318720,67,7.179930779,0.142569608,0.087987304,0.121491325
6,107,211318720,67,8.921505237,0.142569608,0.087987304,0.047556631
20,107,211318720,67,9.687424934,0.142569608,0.087987304,0.000004764
19,108,211318720,67,0.455660949,0.142569608,0.055850573,0.155538079
4,108,211318720,67,0.486700352,0.142569608,0.055850573,0.205049869
17,108,211318720,67,0.547917520,0.142569608,0.055850573,0.293464189
5,108,211318720,67,0.601498543,0.142569608,0.055850573,0.373164919
2,108,211318720,67,0.649728261,0.142569608,0.055850573,0.421557024
16,108,211318720,67,0.706531475,0.142569608,0.055850573,0.441409703
18,108,211318720,67,1.245536180,0.142569608,0.055850573,0.420581593
3,108,211318720,67,1.293019144,0.142569608,0.055850573,0.436387241
12,108,211318720,67,1.575899860,0.142569608,0.055850573,0.510933755
1,108,211318720,67,1.632307838,0.142569608,0.055850573,0.576315057
11,108,211318720,67,1.695906763,0.142569608,0.055850573,0.639316835
14,108,211318720,67,1.762749486,0.142569608,0.055850573,0.661647857
9,108,211318720,67,2.243166562,0.142569608,0.055850573,0.598174768
13,108,211318720,67,2.500246919,0.142569608,0.055850573,0.609420432
7,108,211318720,67,3.402770874,0.142569608,0.055850573,0.463992521
15,108,211318720,67,3.466173480,0.142569608,0.055850573,0.527831546
8,108,211318720,67,3.539622628,0.142569608,0.055850573,0.552569571
20,108,211318720,67,4.342638764,0.142569608,0.055850573,0.375685633
10,108,211318720,67,5.397315630,0.142569608,0.055850573,0.124087308
6,108,211318720,67,6.542437174,0.142569608,0.055850573,0.000004764
19,109,211318720,67,0.455660949,0.142569608,0.075719751,0.100418222
18,109,211318720,67,0.558343805,0.142569608,0.075719751,0.439465548
4,109,211318720,67,0.567817078,0.142569608,0.075719751,0.468073399
17,109,211318720,67,0.593577313,0.142569608,0.075719751,0.527960005
3,109,211318720,67,0.600330317,0.142569608,0.075719751,0.539274871
5,109,211318720,67,0.601498543,0.142569608,0.075719751,0.540545795
2,109,211318720,67,0.649728261,0.142569608,0.075719751,0.556696031
11,109,211318720,67,1.097351435,0.142569608,0.075719751,0.500121850
16,109,211318720,67,1.576108675,0.142569608,0.075719751,0.532887384
1,109,211318720,67,1.577897577,0.142569608,0.075719751,0.533261273
9,109,211318720,67,2.415717836,0.142569608,0.075719751,0.349240824
13,109,211318720,67,2.916954739,0.142569608,0.075719751,0.339405310
15,109,211318720,67,2.971005840,0.142569608,0.075719751,0.357840943
7,109,211318720,67,3.402770874,0.142569608,0.075719751,0.308789711
12,109,211318720,67,4.584435955,0.142569608,0.075719751,0.143560585
14,109,211318720,67,4.647248644,0.142569608,0.075719751,0.206665730
10,109,211318720,67,4.661318044,0.142569608,0.075719751,0.211702587
8,109,211318720,67,6.573584881,0.142569608,0.075719751,0.048325820
6,109,211318720,67,9.218888745,0.142569608,0.075719751,0.047196425
20,109,211318720,67,10.021474070,0.142569608,0.075719751,0.000004764
19,110,211318720,67,0.493632695,0.142569608,0.055448733,0.119493304
4,110,211318720,67,0.527258715,0.142569608,0.055448733,0.159602365
3,110,211318720,67,0.646509572,0.142569608,0.055448733,0.353825046
2,110,211318720,67,0.649728261,0.142569608,0.055448733,0.358930437
1,110,211318720,67,0.707333396,0.142569608,0.055448733,0.415179137
16,110,211318720,67,0.760880050,0.142569608,0.055448733,0.457270773
17,110,211318720,67,0.867536073,0.142569608,0.055448733,0.573509043
5,110,211318720,67,0.902247814,0.142569608,0.055448733,0.608159427
11,110,211318720,67,0.997592213,0.142569608,0.055448733,0.640238252
18,110,211318720,67,1.245536180,0.142569608,0.055448733,0.720798162
14,110,211318720,67,1.281999626,0.142569608,0.055448733,0.732575808
9,110,211318720,67,2.243166562,0.142569608,0.055448733,0.509835713
12,110,211318720,67,3.438326967,0.142569608,0.055448733,0.209277429
6,110,211318720,67,4.163369111,0.142569608,0.055448733,0.068902538
13,110,211318720,67,4.375432108,0.142569608,0.055448733,0.094867656
10,110,211318720,67,5.642648159,0.142569608,0.055448733,0.047656996
20,110,211318720,67,7.683130120,0.142569608,0.055448733,0.047082581
15,110,211318720,67,7.922682239,0.142569608,0.055448733,0.062582104
8,110,211318720,67,8.343396195,0.142569608,0.055448733,0.045538135
7,110,211318720,67,8.506927184,0.142569608,0.055448733,0.000004764
19,111,211318720,67,0.493632695,0.142569608,0.029150628,0.276000624
16,111,211318720,67,0.543485750,0.142569608,0.029150628,0.441793204
17,111,211318720,67,0.547917520,0.142569608,0.029150628,0.454898370
3,111,211318720,67,0.554151062,0.142569608,0.029150628,0.469491922
5,111,211318720,67,0.558534361,0.142569608,0.029150628,0.476725034
11,111,211318720,67,0.648434939,0.142569608,0.029150628,0.662805883
2,111,211318720,67,0.649728261,0.142569608,0.029150628,0.664966551
1,111,211318720,67,0.707333396,0.142569608,0.029150628,0.722815871
18,111,211318720,67,0.730141898,0.142569608,0.029150628,0.730709922
4,111,211318720,67,1.176192518,0.142569608,0.029150628,0.697992016
12,111,211318720,67,1.289372612,0.142569608,0.029150628,0.733911112
9,111,211318720,67,2.070615288,0.142569608,0.029150628,0.574545989
13,111,211318720,67,2.708600829,0.142569608,0.029150628,0.457259380
10,111,211318720,67,3.434655401,0.142569608,0.029150628,0.308561187
7,111,211318720,67,3.686335113,0.142569608,0.029150628,0.318817036
6,111,211318720,67,4.163369111,0.142569608,0.029150628,0.259495169
14,111,211318720,67,4.326748737,0.142569608,0.029150628,0.301317900
8,111,211318720,67,6.573584881,0.142569608,0.029150628,0.049172259
20,111,211318720,67,7.015031849,0.142569608,0.029150628,0.046937457
15,111,211318720,67,7.427514599,0.142569608,0.029150628,0.000004764
4,112,211318720,67,0.486700352,0.142569608,0.150735110,0.248107651
19,112,211318720,67,0.493632695,0.142569608,0.150735110,0.268980733
17,112,211318720,67,0.547917520,0.142569608,0.150735110,0.423632434
16,112,211318720,67,0.597834325,0.142569608,0.150735110,0.561220752
5,112,211318720,67,0.601498543,0.142569608,0.150735110,0.569650755
2,112,211318720,67,0.603319100,0.142569608,0.150735110,0.572643103
11,112,211318720,67,0.648434939,0.142569608,0.150735110,0.618547959
1,112,211318720,67,0.707333396,0.142569608,0.150735110,0.638130229
18,112,211318720,67,1.417334273,0.142569608,0.150735110,0.585280771
3,112,211318720,67,1.431556909,0.142569608,0.150735110,0.589871766
12,112,211318720,67,1.719163483,0.142569608,0.150735110,0.587034649
9,112,211318720,67,3.105922933,0.142569608,0.150735110,0.312923133
7,112,211318720,67,3.119206634,0.142569608,0.150735110,0.317504551
14,112,211318720,67,3.365249018,0.142569608,0.150735110,0.358277918
15,112,211318720,67,3.466173480,0.142569608,0.150735110,0.393448369
6,112,211318720,67,3.865985603,0.142569608,0.150735110,0.357573682
20,112,211318720,67,4.342638764,0.142569608,0.150735110,0.367815874
13,112,211318720,67,4.375432108,0.142569608,0.150735110,0.379045856
8,112,211318720,67,6.067924505,0.142569608,0.150735110,0.048931572
10,112,211318720,67,7.359975859,0.142569608,0.150735110,0.000004764
19,113,211318720,67,0.417689204,0.142569608,0.045981172,0.113185726
5,113,211318720,67,0.472605998,0.142569608,0.045981172,0.213666969
11,113,211318720,67,0.548675717,0.142569608,0.045981172,0.396806976
4,113,211318720,67,0.567817078,0.142569608,0.045981172,0.441103998
17,113,211318720,67,0.593577313,0.142569608,0.045981172,0.483954503
3,113,211318720,67,0.646509572,0.142569608,0.045981172,0.537695427
1,113,211318720,67,0.652923135,0.142569608,0.045981172,0.540110986
16,113,211318720,67,0.923925775,0.142569608,0.045981172,0.543045610
18,113,211318720,67,1.288485703,0.142569608,0.045981172,0.574983924
2,113,211318720,67,1.345865684,0.142569608,0.045981172,0.594706746
12,113,211318720,67,1.719163483,0.142569608,0.045981172,0.568432027
15,113,211318720,67,1.980670560,0.142569608,0.045981172,0.580427510
6,113,211318720,67,2.379068063,0.142569608,0.045981172,0.546260072
8,113,211318720,67,3.286792440,0.142569608,0.045981172,0.339641946
14,113,211318720,67,5.127998503,0.142569608,0.045981172,0.048171410
9,113,211318720,67,5.349089495,0.142569608,0.045981172,0.067043840
13,113,211318720,67,6.250617297,0.142569608,0.045981172,0.058373866
10,113,211318720,67,6.378645745,0.142569608,0.045981172,0.102070361
20,113,211318720,67,7.015031849,0.142569608,0.045981172,0.048770527
7,113,211318720,67,7.656234466,0.142569608,0.045981172,0.000004764
17,114,211318720,67,0.365278347,0.142569608,0.040620208,0.048999177
4,114,211318720,67,0.567817078,0.142569608,0.040620208,0.348983701
18,114,211318720,67,0.601293328,0.142569608,0.040620208,0.471752871
5,114,211318720,67,0.601498543,0.142569608,0.040620208,0.472321583
3,114,211318720,67,0.646509572,0.142569608,0.040620208,0.595665767
11,114,211318720,67,0.648434939,0.142569608,0.040620208,0.600017828
2,114,211318720,67,0.649728261,0.142569608,0.040620208,0.602222382
1,114,211318720,67,0.707333396,0.142569608,0.040620208,0.659797870
16,114,211318720,67,0.760880050,0.142569608,0.040620208,0.678051167
19,114,211318720,67,1.101180628,0.142569608,0.040620208,0.662067566
9,114,211318720,67,2.415717836,0.142569608,0.040620208,0.363579988
13,114,211318720,67,2.500246919,0.142569608,0.040620208,0.391694392
7,114,211318720,67,3.119206634,0.142569608,0.040620208,0.283271375
8,114,211318720,67,3.539622628,0.142569608,0.040620208,0.314436515
6,114,211318720,67,3.568602095,0.142569608,0.040620208,0.323586193
12,114,211318720,67,4.297908708,0.142569608,0.040620208,0.249962612
14,114,211318720,67,4.326748737,0.142569608,0.040620208,0.259005402
20,114,211318720,67,4.676687899,0.142569608,0.040620208,0.240462152
15,114,211318720,67,5.446844039,0.142569608,0.040620208,0.077255162
10,114,211318720,67,7.114643330,0.142569608,0.040620208,0.000004764
5,115,211318720,67,0.472605998,0.142569608,0.001402401,0.089117256
4,115,211318720,67,0.567817078,0.142569608,0.001402401,0.280520957
3,115,211318720,67,0.600330317,0.142569608,0.001402401,0.356573450
17,115,211318720,67,0.639237107,0.142569608,0.001402401,0.449921576
2,115,211318720,67,0.649728261,0.142569608,0.001402401,0.474596133
11,115,211318720,67,0.698314549,0.142569608,0.001402401,0.559857528
16,115,211318720,67,0.760880050,0.142569608,0.001402401,0.665362930
1,115,211318720,67,0.761743658,0.142569608,0.001402401,0.666211930
19,115,211318720,67,0.835378407,0.142569608,0.001402401,0.689782156
18,115,211318720,67,1.202586656,0.142569608,0.001402401,0.664051470
14,115,211318720,67,1.762749486,0.142569608,0.001402401,0.575952645
9,115,211318720,67,2.415717836,0.142569608,0.001402401,0.453515258
12,115,211318720,67,2.578745225,0.142569608,0.001402401,0.496706618
15,115,211318720,67,3.218589660,0.142569608,0.001402401,0.379267023
10,115,211318720,67,3.434655401,0.142569608,0.001402401,0.402985244
7,115,211318720,67,3.686335113,0.142569608,0.001402401,0.414676218
20,115,211318720,67,4.676687899,0.142569608,0.001402401,0.187113412
13,115,211318720,67,5.625555567,0.142569608,0.001402401,0.050151238
8,115,211318720,67,6.067924505,0.142569608,0.001402401,0.047907080
6,115,211318720,67,7.137204190,0.142569608,0.001402401,0.000004764
11,116,211318720,67,0.399036885,0.142569608,0.014282255,0.064872150
18,116,211318720,67,0.515394281,0.142569608,0.014282255,0.283397939
2,116,211318720,67,0.556909938,0.142569608,0.014282255,0.380842946
4,116,211318720,67,0.567817078,0.142569608,0.014282255,0.398797658
5,116,211318720,67,0.601498543,0.142569608,0.014282255,0.433219761
17,116,211318720,67,0.639237107,0.142569608,0.014282255,0.473057792
16,116,211318720,67,0.760880050,0.142569608,0.014282255,0.595129290
1,116,211318720,67,0.761743658,0.142569608,0.014282255,0.595453945
19,116,211318720,67,0.987265390,0.142569608,0.014282255,0.660371328
3,116,211318720,67,1.062122868,0.142569608,0.014282255,0.684960611
9,116,211318720,67,2.070615288,0.142569608,0.014282255,0.441751120
13,116,211318720,67,2.916954739,0.142569608,0.014282255,0.283327096
8,116,211318720,67,3.033962253,0.142569608,0.014282255,0.439936936
14,116,211318720,67,3.044749111,0.142569608,0.014282255,0.450804651
7,116,211318720,67,3.119206634,0.142569608,0.014282255,0.475462134
15,116,211318720,67,3.466173480,0.142569608,0.014282255,0.455075749
12,116,211318720,67,3.868117837,0.142569608,0.014282255,0.417298007
10,116,211318720,67,5.151983101,0.142569608,0.014282255,0.088912674
6,116,211318720,67,7.434587698,0.142569608,0.014282255,0.047714897
20,116,211318720,67,10.021474070,0.142569608,0.014282255,0.000004764
3,117,211318720,67,0.507971807,0.142569608,0.007634525,0.055465047
17,117,211318720,67,0.639237107,0.142569608,0.007634525,0.242105692
2,117,211318720,67,0.649728261,0.142569608,0.007634525,0.252773879
11,117,211318720,67,0.698314549,0.142569608,0.007634525,0.268864996
19,117,211318720,67,1.063208882,0.142569608,0.007634525,0.365626700
4,117,211318720,67,1.135634155,0.142569608,0.007634525,0.487847781
1,117,211318720,67,1.142615487,0.142569608,0.007634525,0.494888491
18,117,211318720,67,1.159637133,0.142569608,0.007634525,0.500479704
5,117,211318720,67,1.331889630,0.142569608,0.007634525,0.540892404
16,117,211318720,67,1.793502975,0.142569608,0.007634525,0.481415032
9,117,211318720,67,2.243166562,0.142569608,0.007634525,0.427041650
15,117,211318720,67,2.475838200,0.142569608,0.007634525,0.442414590
14,117,211318720,67,3.204999065,0.142569608,0.007634525,0.297405674
7,117,211318720,67,3.969899353,0.142569608,0.007634525,0.135797844
12,117,211318720,67,4.154645085,0.142569608,0.007634525,0.259161601
6,117,211318720,67,4.163369111,0.142569608,0.007634525,0.262381199
8,117,211318720,67,5.562264130,0.142569608,0.007634525,0.047888798
13,117,211318720,67,6.458971207,0.142569608,0.007634525,0.048242421
10,117,211318720,67,7.359975859,0.142569608,0.007634525,0.048770996
20,117,211318720,67,7.683130120,0.142569608,0.007634525,0.000004764
16,118,211318720,67,0.434788600,0.142569608,0.039829683,0.231735197
5,118,211318720,67,0.472605998,0.142569608,0.039829683,0.306298620
4,118,211318720,67,0.486700352,0.142569608,0.039829683,0.330017379
19,118,211318720,67,0.493632695,0.142569608,0.039829683,0.336615690
11,118,211318720,67,0.598555328,0.142569608,0.039829683,0.432075609
2,118,211318720,67,0.649728261,0.142569608,0.039829683,0.449168810
3,118,211318720,67,1.062122868,0.142569608,0.039829683,0.437477787
18,118,211318720,67,1.159637133,0.142569608,0.039829683,0.524750017
17,118,211318720,67,1.232814420,0.142569608,0.039829683,0.597254194
12,118,211318720,67,1.289372612,0.142569608,0.039829683,0.616296782
9,118,211318720,67,1.552961466,0.142569608,0.039829683,0.648438257
13,118,211318720,67,1.666831279,0.142569608,0.039829683,0.763892098
1,118,211318720,67,1.686718099,0.142569608,0.039829683,0.770972931
10,118,211318720,67,2.943990344,0.142569608,0.039829683,0.449163805
7,118,211318720,67,3.119206634,0.142569608,0.039829683,0.485659235
20,118,211318720,67,4.342638764,0.142569608,0.039829683,0.176824666
14,118,211318720,67,5.127998503,0.142569608,0.039829683,0.048348290
15,118,211318720,67,6.932346959,0.142569608,0.039829683,0.046829133
8,118,211318720,67,7.837735819,0.142569608,0.039829683,0.047300023
6,118,211318720,67,9.813655761,0.142569608,0.039829683,0.000004764
4,119,211318720,67,0.324466901,0.142569608,0.034033600,0.048157841
3,119,211318720,67,0.554151062,0.142569608,0.034033600,0.204308678
5,119,211318720,67,0.601498543,0.142569608,0.034033600,0.314352827
17,119,211318720,67,0.639237107,0.142569608,0.034033600,0.377272141
2,119,211318720,67,0.649728261,0.142569608,0.034033600,0.387844265
11,119,211318720,67,0.698314549,0.142569608,0.034033600,0.403012965
18,119,211318720,67,0.944889516,0.142569608,0.034033600,0.433834081
19,119,211318720,67,1.063208882,0.142569608,0.034033600,0.472911087
16,119,211318720,67,1.413062950,0.142569608,0.034033600,0.547601318
1,119,211318720,67,1.414666793,0.142569608,0.034033600,0.548112522
14,119,211318720,67,1.922999439,0.142569608,0.034033600,0.474969618
13,119,211318720,67,2.500246919,0.142569608,0.034033600,0.378920604
15,119,211318720,67,2.971005840,0.142569608,0.034033600,0.318920048
10,119,211318720,67,3.189322872,0.142569608,0.034033600,0.343726802
8,119,211318720,67,3.539622628,0.142569608,0.034033600,0.320884075
9,119,211318720,67,3.968679303,0.142569608,0.034033600,0.279288344
12,119,211318720,67,4.297908708,0.142569608,0.034033600,0.266654097
7,119,211318720,67,5.387720550,0.142569608,0.034033600,0.047202575
20,119,211318720,67,5.678835306,0.142569608,0.034033600,0.047967390
6,119,211318720,67,9.813655761,0.142569608,0.034033600,0.000004764
4,120,211318720,67,0.486700352,0.142569608,0.003779959,0.146743450
17,120,211318720,67,0.593577313,0.142569608,0.003779959,0.467150353
3,120,211318720,67,0.600330317,0.142569608,0.003779959,0.482660190
18,120,211318720,67,0.601293328,0.142569608,0.003779959,0.484278665
5,120,211318720,67,0.601498543,0.142569608,0.003779959,0.484489496
2,120,211318720,67,0.603319100,0.142569608,0.003779959,0.484947772
16,120,211318720,67,0.760880050,0.142569608,0.003779959,0.599244140
19,120,211318720,67,0.797406662,0.142569608,0.003779959,0.612385302
14,120,211318720,67,1.281999626,0.142569608,0.003779959,0.632380460
11,120,211318720,67,1.296869877,0.142569608,0.003779959,0.637030165
9,120,211318720,67,1.725512740,0.142569608,0.003779959,0.680500451
1,120,211318720,67,1.741128360,0.142569608,0.003779959,0.696406457
12,120,211318720,67,1.862427107,0.142569608,0.003779959,0.735823081
15,120,211318720,67,2.723422020,0.142569608,0.003779959,0.542030645
10,120,211318720,67,3.189322872,0.142569608,0.003779959,0.524657848
6,120,211318720,67,3.271218587,0.142569608,0.003779959,0.550965614
20,120,211318720,67,4.008589628,0.142569608,0.003779959,0.403449005
13,120,211318720,67,6.667325117,0.142569608,0.003779959,0.047160630
7,120,211318720,67,7.089105987,0.142569608,0.003779959,0.047462023
8,120,211318720,67,7.332075444,0.142569608,0.003779959,0.000004764
3,121,211318720,67,0.369434041,0.142569608,0.002209036,0.173584269
1,121,211318720,67,0.435282090,0.142569608,0.002209036,0.330993995
19,121,211318720,67,0.455660949,0.142569608,0.002209036,0.377974481
17,121,211318720,67,0.456597933,0.142569608,0.002209036,0.379479498
4,121,211318720,67,0.527258715,0.142569608,0.002209036,0.450095353
18,121,211318720,67,0.558343805,0.142569608,0.002209036,0.462999922
11,121,211318720,67,0.698314549,0.142569608,0.002209036,0.599256968
16,121,211318720,67,0.706531475,0.142569608,0.002209036,0.602400929
5,121,211318720,67,1.374853812,0.142569608,0.002209036,0.561389774
2,121,211318720,67,1.392274846,0.142569608,0.002209036,0.567490968
14,121,211318720,67,1.602499532,0.142569608,0.002209036,0.591812730
9,121,211318720,67,2.415717836,0.142569608,0.002209036,0.419426192
6,121,211318720,67,2.676451571,0.142569608,0.002209036,0.450626555
8,121,211318720,67,2.781132065,0.142569608,0.002209036,0.490164759
13,121,211318720,67,2.916954739,0.142569608,0.002209036,0.534466262
15,121,211318720,67,3.218589660,0.142569608,0.002209036,0.531960521
12,121,211318720,67,4.011381461,0.142569608,0.002209036,0.368394577
10,121,211318720,67,7.359975859,0.142569608,0.002209036,0.049146723
20,121,211318720,67,8.017179256,0.142569608,0.002209036,0.049437792
7,121,211318720,67,8.223362945,0.142569608,0.002209036,0.000004764
19,122,211318720,67,0.417689204,0.142569608,0.039264552,0.131077734
4,122,211318720,67,0.486700352,0.142569608,0.039264552,0.263617298
2,122,211318720,67,0.510500777,0.142569608,0.039264552,0.319202272
17,122,211318720,67,0.593577313,0.142569608,0.039264552,0.458095843
1,122,211318720,67,0.598512874,0.142569608,0.039264552,0.462908804
11,122,211318720,67,0.598555328,0.142569608,0.039264552,0.462934257
16,122,211318720,67,0.760880050,0.142569608,0.039264552,0.523165284
3,122,211318720,67,0.877405848,0.142569608,0.039264552,0.563484920
5,122,211318720,67,1.160032904,0.142569608,0.039264552,0.564331055
18,122,211318720,67,1.417334273,0.142569608,0.039264552,0.573962443
12,122,211318720,67,2.005690731,0.142569608,0.039264552,0.467959333
14,122,211318720,67,2.243499345,0.142569608,0.039264552,0.483827117
10,122,211318720,67,3.434655401,0.142569608,0.039264552,0.188489068
6,122,211318720,67,3.865985603,0.142569608,0.039264552,0.144102354
20,122,211318720,67,4.342638764,0.142569608,0.039264552,0.082841993
9,122,211318720,67,5.003986947,0.142569608,0.039264552,0.048890624
8,122,211318720,67,5.815094318,0.142569608,0.039264552,0.049795004
13,122,211318720,67,6.042263387,0.142569608,0.039264552,0.071267559
15,122,211318720,67,7.922682239,0.142569608,0.039264552,0.046375868
7,122,211318720,67,8.506927184,0.142569608,0.039264552,0.000004764
19,123,211318720,67,0.417689204,0.142569608,0.024331858,0.134422250
4,123,211318720,67,0.486700352,0.142569608,0.024331858,0.291898727
3,123,211318720,67,0.507971807,0.142569608,0.024331858,0.341903422
18,123,211318720,67,0.558343805,0.142569608,0.024331858,0.426013162
17,123,211318720,67,0.593577313,0.142569608,0.024331858,0.460760821
5,123,211318720,67,0.601498543,0.142569608,0.024331858,0.463674690
2,123,211318720,67,1.021001554,0.142569608,0.024331858,0.496131227
11,123,211318720,67,1.047471824,0.142569608,0.024331858,0.504480406
1,123,211318720,67,1.523487315,0.142569608,0.024331858,0.465965391
16,123,211318720,67,1.630457250,0.142569608,0.024331858,0.537696055
12,123,211318720,67,1.719163483,0.142569608,0.024331858,0.568104664
14,123,211318720,67,2.083249392,0.142569608,0.024331858,0.541589030
9,123,211318720,67,2.243166562,0.142569608,0.024331858,0.584038683
7,123,211318720,67,3.969899353,0.142569608,0.024331858,0.115178030
13,123,211318720,67,5.000493838,0.142569608,0.024331858,0.047704344
8,123,211318720,67,6.573584881,0.142569608,0.024331858,0.049267969
15,123,211318720,67,7.427514599,0.142569608,0.024331858,0.046232202
10,123,211318720,67,7.850640916,0.142569608,0.024331858,0.048012542
6,123,211318720,67,8.029354714,0.142569608,0.024331858,0.085048093
20,123,211318720,67,11.023621477,0.142569608,0.024331858,0.000004764
19,124,211318720,67,0.379717458,0.142569608,0.074981593,0.047333900
2,124,211318720,67,0.556909938,0.142569608,0.074981593,0.188960554
5,124,211318720,67,0.601498543,0.142569608,0.074981593,0.264124118
1,124,211318720,67,0.652923135,0.142569608,0.074981593,0.339339067
17,124,211318720,67,0.684896900,0.142569608,0.074981593,0.371115517
16,124,211318720,67,0.760880050,0.142569608,0.074981593,0.395886234
11,124,211318720,67,1.197110656,0.142569608,0.074981593,0.436653653
18,124,211318720,67,1.202586656,0.142569608,0.074981593,0.438472393
4,124,211318720,67,1.378984331,0.142569608,0.074981593,0.567603980
3,124,211318720,67,1.385377654,0.142569608,0.074981593,0.569466499
9,124,211318720,67,1.552961466,0.142569608,0.074981593,0.607081456
12,124,211318720,67,1.862427107,0.142569608,0.074981593,0.598104383
13,124,211318720,67,2.083539099,0.142569608,0.074981593,0.619549554
15,124,211318720,67,2.475838200,0.142569608,0.074981593,0.583276292
7,124,211318720,67,2.835642395,0.142569608,0.074981593,0.584533977
10,124,211318720,67,2.943990344,0.142569608,0.074981593,0.622942678
6,124,211318720,67,3.865985603,0.142569608,0.074981593,0.413364935
20,124,211318720,67,4.676687899,0.142569608,0.074981593,0.248288044
14,124,211318720,67,4.807498597,0.142569608,0.074981593,0.293068166
8,124,211318720,67,7.332075444,0.142569608,0.074981593,0.000004764
3,125,211318720,67,0.369434041,0.142569608,0.084403858,0.218084817
2,125,211318720,67,0.371273292,0.142569608,0.084403858,0.220065146
11,125,211318720,67,0.399036885,0.142569608,0.084403858,0.229107177
18,125,211318720,67,0.558343805,0.142569608,0.084403858,0.382485681
1,125,211318720,67,0.598512874,0.142569608,0.084403858,0.422744953
17,125,211318720,67,0.639237107,0.142569608,0.084403858,0.450270432
16,125,211318720,67,0.760880050,0.142569608,0.084403858,0.538153590
19,125,211318720,67,0.835378407,0.142569608,0.084403858,0.565044343
4,125,211318720,67,0.973400704,0.142569608,0.084403858,0.608385009
5,125,211318720,67,1.202997085,0.142569608,0.084403858,0.628787842
14,125,211318720,67,1.762749486,0.142569608,0.084403858,0.536311030
12,125,211318720,67,2.005690731,0.142569608,0.084403858,0.599521686
9,125,211318720,67,2.070615288,0.142569608,0.084403858,0.620311169
15,125,211318720,67,2.228254380,0.142569608,0.084403858,0.662010529
13,125,211318720,67,2.708600829,0.142569608,0.084403858,0.646490334
8,125,211318720,67,2.781132065,0.142569608,0.084403858,0.671475924
10,125,211318720,67,3.434655401,0.142569608,0.084403858,0.555095452
6,125,211318720,67,4.163369111,0.142569608,0.084403858,0.412824188
20,125,211318720,67,4.676687899,0.142569608,0.084403858,0.338903365
7,125,211318720,67,5.954849029,0.142569608,0.084403858,0.000004764
5,126,211318720,67,0.515570179,0.142569608,0.001832474,0.210966083
16,126,211318720,67,0.543485750,0.142569608,0.001832474,0.276374672
17,126,211318720,67,0.593577313,0.142569608,0.001832474,0.369080394
2,126,211318720,67,0.603319100,0.142569608,0.001832474,0.385214155
3,126,211318720,67,0.646509572,0.142569608,0.001832474,0.446712212
19,126,211318720,67,0.721463170,0.142569608,0.001832474,0.521874854
1,126,211318720,67,0.761743658,0.142569608,0.001832474,0.535417574
4,126,211318720,67,1.054517430,0.142569608,0.001832474,0.534882451
18,126,211318720,67,1.417334273,0.142569608,0.001832474,0.507936885
11,126,211318720,67,1.646027152,0.142569608,0.001832474,0.589764236
9,126,211318720,67,1.725512740,0.142569608,0.001832474,0.669358179
14,126,211318720,67,1.762749486,0.142569608,0.001832474,0.682501477
15,126,211318720,67,2.971005840,0.142569608,0.001832474,0.382368350
10,126,211318720,67,3.434655401,0.142569608,0.001832474,0.325883857
12,126,211318720,67,3.724854214,0.142569608,0.001832474,0.403354287
13,126,211318720,67,3.750370378,0.142569608,0.001832474,0.411383399
7,126,211318720,67,3.969899353,0.142569608,0.001832474,0.434947734
8,126,211318720,67,6.067924505,0.142569608,0.001832474,0.046356291
6,126,211318720,67,8.326738222,0.142569608,0.001832474,0.048117437
20,126,211318720,67,9.019326663,0.142569608,0.001832474,0.000004764
18,127,211318720,67,0.558343805,0.142569608,0.034206614,0.384566715
16,127,211318720,67,0.597834325,0.142569608,0.034206614,0.525754252
11,127,211318720,67,0.598555328,0.142569608,0.034206614,0.527900523
3,127,211318720,67,0.600330317,0.142569608,0.034206614,0.532001124
5,127,211318720,67,0.601498543,0.142569608,0.034206614,0.533975767
2,127,211318720,67,0.603319100,0.142569608,0.034206614,0.535811216
1,127,211318720,67,0.707333396,0.142569608,0.034206614,0.571079949
19,127,211318720,67,1.139152374,0.142569608,0.034206614,0.629333603
17,127,211318720,67,1.187154627,0.142569608,0.034206614,0.709603268
4,127,211318720,67,1.216750881,0.142569608,0.034206614,0.739751384
14,127,211318720,67,1.281999626,0.142569608,0.034206614,0.762091275
9,127,211318720,67,1.725512740,0.142569608,0.034206614,0.710555048
13,127,211318720,67,2.291893009,0.142569608,0.034206614,0.617656568
20,127,211318720,67,2.672393085,0.142569608,0.034206614,0.584889450
12,127,211318720,67,3.008536096,0.142569608,0.034206614,0.568868253
7,127,211318720,67,3.402770874,0.142569608,0.034206614,0.585927208
15,127,211318720,67,3.466173480,0.142569608,0.034206614,0.634534551
6,127,211318720,67,3.568602095,0.142569608,0.034206614,0.669975867
10,127,211318720,67,4.661318044,0.142569608,0.034206614,0.404322113
8,127,211318720,67,4.803773567,0.142569608,0.034206614,0.356837423
5,128,211318720,67,0.429641816,0.142569608,0.023195438,0.175170444
3,128,211318720,67,0.461792551,0.142569608,0.023195438,0.207086079
19,128,211318720,67,0.493632695,0.142569608,0.023195438,0.236687076
4,128,211318720,67,0.608375440,0.142569608,0.023195438,0.414599664
17,128,211318720,67,0.639237107,0.142569608,0.023195438,0.466426368
11,128,211318720,67,0.698314549,0.142569608,0.023195438,0.526692331
1,128,211318720,67,0.707333396,0.142569608,0.023195438,0.529722275
18,128,211318720,67,0.944889516,0.142569608,0.023195438,0.546002078
16,128,211318720,67,1.250017225,0.142569608,0.023195438,0.539428067
2,128,211318720,67,1.392274846,0.142569608,0.023195438,0.587818898
9,128,211318720,67,2.243166562,0.142569608,0.023195438,0.405941366
10,128,211318720,67,2.943990344,0.142569608,0.023195438,0.306906586
8,128,211318720,67,3.033962253,0.142569608,0.023195438,0.337465906
7,128,211318720,67,3.402770874,0.142569608,0.023195438,0.364009073
15,128,211318720,67,3.466173480,0.142569608,0.023195438,0.429624958
6,128,211318720,67,3.568602095,0.142569608,0.023195438,0.574084600
12,128,211318720,67,3.581590590,0.142569608,0.023195438,0.595708757
20,128,211318720,67,3.674540492,0.142569608,0.023195438,0.689060226
14,128,211318720,67,3.685748924,0.142569608,0.023195438,0.692734347
13,128,211318720,67,5.833909477,0.142569608,0.023195438,0.000004764
16,129,211318720,67,0.489137175,0.142569608,0.035213564,0.244447067
19,129,211318720,67,0.493632695,0.142569608,0.035213564,0.251824594
17,129,211318720,67,0.547917520,0.142569608,0.035213564,0.306621044
5,129,211318720,67,0.558534361,0.142569608,0.035213564,0.310199194
1,129,211318720,67,0.761743658,0.142569608,0.035213564,0.339280496
3,129,211318720,67,1.154481379,0.142569608,0.035213564,0.397315763
18,129,211318720,67,1.159637133,0.142569608,0.035213564,0.402388562
11,129,211318720,67,1.296869877,0.142569608,0.035213564,0.578936901
4,129,211318720,67,1.338425969,0.142569608,0.035213564,0.620878346
2,129,211318720,67,1.345865684,0.142569608,0.035213564,0.623466006
12,129,211318720,67,1.862427107,0.142569608,0.035213564,0.575770698
10,129,211318720,67,1.962660229,0.142569608,0.035213564,0.646954166
9,129,211318720,67,2.070615288,0.142569608,0.035213564,0.755720127
14,129,211318720,67,2.083249392,0.142569608,0.035213564,0.759803869
6,129,211318720,67,2.379068063,0.142569608,0.035213564,0.758098155
7,129,211318720,67,3.402770874,0.142569608,0.035213564,0.577482165
15,129,211318720,67,3.466173480,0.142569608,0.035213564,0.683728622
8,129,211318720,67,3.539622628,0.142569608,0.035213564,0.755543618
13,129,211318720,67,3.542016468,0.142569608,0.035213564,0.756426343
20,129,211318720,67,9.019326663,0.142569608,0.035213564,0.000004764
11,130,211318720,67,0.498796107,0.142569608,0.066114254,0.321972078
4,130,211318720,67,0.527258715,0.142569608,0.066114254,0.406968218
17,130,211318720,67,0.547917520,0.142569608,0.066114254,0.453678370
18,130,211318720,67,0.558343805,0.142569608,0.066114254,0.470530626
5,130,211318720,67,0.558534361,0.142569608,0.066114254,0.470732127
2,130,211318720,67,0.603319100,0.142569608,0.066114254,0.512102914
1,130,211318720,67,0.707333396,0.142569608,0.066114254,0.546495202
19,130,211318720,67,1.101180628,0.142569608,0.066114254,0.504779505
3,130,211318720,67,1.431556909,0.142569608,0.066114254,0.491197710
12,130,211318720,67,1.575899860,0.142569608,0.066114254,0.540101292
16,130,211318720,67,1.847851550,0.142569608,0.066114254,0.590141757
14,130,211318720,67,1.922999439,0.142569608,0.066114254,0.616394179
9,130,211318720,67,2.415717836,0.142569608,0.066114254,0.585895232
13,130,211318720,67,2.500246919,0.142569608,0.066114254,0.614644089
10,130,211318720,67,3.189322872,0.142569608,0.066114254,0.482787025
7,130,211318720,67,3.402770874,0.142569608,0.066114254,0.560324249
15,130,211318720,67,3.466173480,0.142569608,0.066114254,0.582663638
6,130,211318720,67,3.865985603,0.142569608,0.066114254,0.550980851
8,130,211318720,67,5.562264130,0.142569608,0.066114254,0.079215555
20,130,211318720,67,9.019326663,0.142569608,0.066114254,0.000004764
19,131,211318720,67,0.303773966,0.142569608,0.046610005,0.049287542
5,131,211318720,67,0.515570179,0.142569608,0.046610005,0.245813812
4,131,211318720,67,0.527258715,0.142569608,0.046610005,0.273525551
18,131,211318720,67,0.558343805,0.142569608,0.046610005,0.325338119
17,131,211318720,67,0.639237107,0.142569608,0.046610005,0.470463159
2,131,211318720,67,0.649728261,0.142569608,0.046610005,0.488258733
1,131,211318720,67,0.707333396,0.142569608,0.046610005,0.546053112
16,131,211318720,67,0.760880050,0.142569608,0.046610005,0.564303276
3,131,211318720,67,1.062122868,0.142569608,0.046610005,0.562167732
11,131,211318720,67,1.646027152,0.142569608,0.046610005,0.463496704
9,131,211318720,67,2.243166562,0.142569608,0.046610005,0.459976643
14,131,211318720,67,2.243499345,0.142569608,0.046610005,0.460148478
15,131,211318720,67,2.475838200,0.142569608,0.046610005,0.480551059
10,131,211318720,67,2.698657815,0.142569608,0.046610005,0.542464085
8,131,211318720,67,2.781132065,0.142569608,0.046610005,0.569157713
7,131,211318720,67,3.969899353,0.142569608,0.046610005,0.273934417
20,131,211318720,67,4.342638764,0.142569608,0.046610005,0.247710271
12,131,211318720,67,4.584435955,0.142569608,0.046610005,0.262393893
13,131,211318720,67,7.084032937,0.142569608,0.046610005,0.047155313
6,131,211318720,67,8.921505237,0.142569608,0.046610005,0.000004764
19,132,211318720,67,0.417689204,0.142569608,0.120455623,0.315468995
18,132,211318720,67,0.429495234,0.142569608,0.120455623,0.350315454
5,132,211318720,67,0.429641816,0.142569608,0.120455623,0.350662899
17,132,211318720,67,0.502257727,0.142569608,0.120455623,0.534349004
2,132,211318720,67,0.510500777,0.142569608,0.120455623,0.553797032
4,132,211318720,67,0.527258715,0.142569608,0.120455623,0.581902347
16,132,211318720,67,0.597834325,0.142569608,0.120455623,0.680846972
3,132,211318720,67,0.600330317,0.142569608,0.120455623,0.683199989
11,132,211318720,67,0.698314549,0.142569608,0.120455623,0.716209379
1,132,211318720,67,1.197025748,0.142569608,0.120455623,0.649402585
14,132,211318720,67,1.442249579,0.142569608,0.120455623,0.664237281
12,132,211318720,67,1.719163483,0.142569608,0.120455623,0.669655167
13,132,211318720,67,2.500246919,0.142569608,0.120455623,0.508857985
8,132,211318720,67,3.033962253,0.142569608,0.120455623,0.473802961
9,132,211318720,67,3.105922933,0.142569608,0.120455623,0.497246830
10,132,211318720,67,3.434655401,0.142569608,0.120455623,0.484376433
7,132,211318720,67,3.686335113,0.142569608,0.120455623,0.496564840
6,132,211318720,67,4.163369111,0.142569608,0.120455623,0.433720818
15,132,211318720,67,5.942011679,0.142569608,0.120455623,0.046344099
20,132,211318720,67,10.021474070,0.142569608,0.120455623,0.000004764
3,133,211318720,67,0.507971807,0.142569608,0.107247137,0.285285967
1,133,211318720,67,0.544102613,0.142569608,0.107247137,0.393141966
17,133,211318720,67,0.547917520,0.142569608,0.107247137,0.402395636
18,133,211318720,67,0.601293328,0.142569608,0.107247137,0.547549785
5,133,211318720,67,0.601498543,0.142569608,0.107247137,0.548021985
2,133,211318720,67,0.603319100,0.142569608,0.107247137,0.551193929
11,133,211318720,67,0.698314549,0.142569608,0.107247137,0.648123306
16,133,211318720,67,0.706531475,0.142569608,0.107247137,0.650137087
4,133,211318720,67,0.851725616,0.142569608,0.107247137,0.696047035
19,133,211318720,67,1.101180628,0.142569608,0.107247137,0.708720612
12,133,211318720,67,1.862427107,0.142569608,0.107247137,0.552253564
14,133,211318720,67,2.243499345,0.142569608,0.107247137,0.518174537
15,133,211318720,67,2.723422020,0.142569608,0.107247137,0.513185617
8,133,211318720,67,2.781132065,0.142569608,0.107247137,0.533471037
7,133,211318720,67,3.402770874,0.142569608,0.107247137,0.424657125
6,133,211318720,67,3.568602095,0.142569608,0.107247137,0.465049107
9,133,211318720,67,4.141230577,0.142569608,0.107247137,0.368624731
10,133,211318720,67,4.661318044,0.142569608,0.107247137,0.300055436
13,133,211318720,67,4.792139928,0.142569608,0.107247137,0.343978168
20,133,211318720,67,6.346933578,0.142569608,0.107247137,0.000004764
11,134,211318720,67,0.448916496,0.142569608,0.047972471,0.126767214
5,134,211318720,67,0.472605998,0.142569608,0.047972471,0.144141957
18,134,211318720,67,0.601293328,0.142569608,0.047972471,0.386043523
17,134,211318720,67,0.639237107,0.142569608,0.047972471,0.463378535
3,134,211318720,67,0.646509572,0.142569608,0.047972471,0.475580303
2,134,211318720,67,0.649728261,0.142569608,0.047972471,0.478812397
1,134,211318720,67,0.761743658,0.142569608,0.047972471,0.515923078
19,134,211318720,67,0.911321899,0.142569608,0.047972471,0.564578148
12,134,211318720,67,1.146108989,0.142569608,0.047972471,0.631090815
4,134,211318720,67,1.216750881,0.142569608,0.047972471,0.654266942
16,134,211318720,67,1.521760100,0.142569608,0.047972471,0.646451851
14,134,211318720,67,1.922999439,0.142569608,0.047972471,0.609135014
13,134,211318720,67,2.500246919,0.142569608,0.047972471,0.511491034
15,134,211318720,67,3.466173480,0.142569608,0.047972471,0.292706067
7,134,211318720,67,3.686335113,0.142569608,0.047972471,0.313904469
6,134,211318720,67,3.865985603,0.142569608,0.047972471,0.347474887
9,134,211318720,67,4.141230577,0.142569608,0.047972471,0.348765804
8,134,211318720,67,6.067924505,0.142569608,0.047972471,0.048573966
10,134,211318720,67,7.605308388,0.142569608,0.047972471,0.047406528
20,134,211318720,67,10.021474070,0.142569608,0.047972471,0.000004764
19,135,211318720,67,0.455660949,0.142569608,0.025942309,0.243075511
3,135,211318720,67,0.461792551,0.142569608,0.025942309,0.253213005
5,135,211318720,67,0.472605998,0.142569608,0.025942309,0.264527650
4,135,211318720,67,0.567817078,0.142569608,0.025942309,0.304068394
11,135,211318720,67,0.698314549,0.142569608,0.025942309,0.454067780
16,135,211318720,67,0.760880050,0.142569608,0.025942309,0.541085788
1,135,211318720,67,0.761743658,0.142569608,0.025942309,0.541976765
17,135,211318720,67,0.867536073,0.142569608,0.025942309,0.592345756
18,135,211318720,67,0.987839039,0.142569608,0.025942309,0.634080379
2,135,211318720,67,1.206638200,0.142569608,0.025942309,0.656712177
14,135,211318720,67,1.762749486,0.142569608,0.025942309,0.569564975
12,135,211318720,67,2.005690731,0.142569608,0.025942309,0.585029205
10,135,211318720,67,2.943990344,0.142569608,0.025942309,0.371962870
8,135,211318720,67,3.539622628,0.142569608,0.025942309,0.344338027
6,135,211318720,67,3.568602095,0.142569608,0.025942309,0.370746120
7,135,211318720,67,3.686335113,0.142569608,0.025942309,0.411051356
9,135,211318720,67,4.831435673,0.142569608,0.025942309,0.128213928
13,135,211318720,67,6.250617297,0.142569608,0.025942309,0.080837564
20,135,211318720,67,6.346933578,0.142569608,0.025942309,0.112639000
15,135,211318720,67,8.417849879,0.142569608,0.025942309,0.000004764
19,136,211318720,67,0.455660949,0.142569608,0.021033535,0.236399846
11,136,211318720,67,0.498796107,0.142569608,0.021033535,0.419063429
18,136,211318720,67,0.515394281,0.142569608,0.021033535,0.480087493
1,136,211318720,67,0.544102613,0.142569608,0.021033535,0.566420048
2,136,211318720,67,0.556909938,0.142569608,0.021033535,0.596263645
17,136,211318720,67,0.593577313,0.142569608,0.021033535,0.657706273
3,136,211318720,67,0.600330317,0.142569608,0.021033535,0.664561513
5,136,211318720,67,0.601498543,0.142569608,0.021033535,0.665002879
16,136,211318720,67,0.760880050,0.142569608,0.021033535,0.770614634
4,136,211318720,67,0.811167254,0.142569608,0.021033535,0.787701046
14,136,211318720,67,1.922999439,0.142569608,0.021033535,0.554992299
12,136,211318720,67,2.005690731,0.142569608,0.021033535,0.583785931
7,136,211318720,67,3.119206634,0.142569608,0.021033535,0.310607843
10,136,211318720,67,3.434655401,0.142569608,0.021033535,0.299531531
9,136,211318720,67,3.623576755,0.142569608,0.021033535,0.332155688
6,136,211318720,67,4.163369111,0.142569608,0.021033535,0.249528276
15,136,211318720,67,6.684763139,0.142569608,0.021033535,0.049574349
13,136,211318720,67,6.875679027,0.142569608,0.021033535,0.080084928
8,136,211318720,67,7.332075444,0.142569608,0.021033535,0.047787971
20,136,211318720,67,8.017179256,0.142569608,0.021033535,0.000004764
17,137,211318720,67,0.365278347,0.142569608,0.052844159,0.085680407
18,137,211318720,67,0.472444758,0.142569608,0.052844159,0.261503478
4,137,211318720,67,0.486700352,0.142569608,0.052844159,0.303951437
2,137,211318720,67,0.556909938,0.142569608,0.052844159,0.468992523
16,137,211318720,67,0.597834325,0.142569608,0.052844159,0.536379806
3,137,211318720,67,0.600330317,0.142569608,0.052844159,0.538819066
5,137,211318720,67,0.601498543,0.142569608,0.052844159,0.539308088
1,137,211318720,67,0.761743658,0.142569608,0.052844159,0.581824158
19,137,211318720,67,1.291039357,0.142569608,0.052844159,0.502019883
11,137,211318720,67,1.546267931,0.142569608,0.052844159,0.511301006
12,137,211318720,67,2.005690731,0.142569608,0.052844159,0.453777956
13,137,211318720,67,2.500246919,0.142569608,0.052844159,0.388007879
15,137,211318720,67,2.723422020,0.142569608,0.052844159,0.411373845
10,137,211318720,67,2.943990344,0.142569608,0.052844159,0.537285515
6,137,211318720,67,2.973835079,0.142569608,0.052844159,0.567237772
14,137,211318720,67,3.044749111,0.142569608,0.052844159,0.590958430
8,137,211318720,67,3.539622628,0.142569608,0.052844159,0.522498740
20,137,211318720,67,4.676687899,0.142569608,0.052844159,0.243872637
9,137,211318720,67,5.176538221,0.142569608,0.052844159,0.176068508
7,137,211318720,67,5.954849029,0.142569608,0.052844159,0.000004764
19,138,211318720,67,0.417689204,0.142569608,0.042177878,0.058968083
17,138,211318720,67,0.547917520,0.142569608,0.042177878,0.417634778
18,138,211318720,67,0.558343805,0.142569608,0.042177878,0.443395563
5,138,211318720,67,0.558534361,0.142569608,0.042177878,0.443810254
4,138,211318720,67,0.567817078,0.142569608,0.042177878,0.459407384
2,138,211318720,67,0.603319100,0.142569608,0.042177878,0.495668318
11,138,211318720,67,0.698314549,0.142569608,0.042177878,0.633662533
16,138,211318720,67,0.760880050,0.142569608,0.042177878,0.714255525
1,138,211318720,67,0.761743658,0.142569608,0.042177878,0.714918036
3,138,211318720,67,0.877405848,0.142569608,0.042177878,0.753053521
12,138,211318720,67,1.575899860,0.142569608,0.042177878,0.623180804
14,138,211318720,67,2.243499345,0.142569608,0.042177878,0.494070115
9,138,211318720,67,2.415717836,0.142569608,0.042177878,0.572645000
13,138,211318720,67,2.500246919,0.142569608,0.042177878,0.600812382
15,138,211318720,67,2.723422020,0.142569608,0.042177878,0.620831564
8,138,211318720,67,3.033962253,0.142569608,0.042177878,0.614153448
7,138,211318720,67,3.402770874,0.142569608,0.042177878,0.660634635
10,138,211318720,67,3.434655401,0.142569608,0.042177878,0.672113161
6,138,211318720,67,3.865985603,0.142569608,0.042177878,0.625634077
20,138,211318720,67,4.008589628,0.142569608,0.042177878,0.578109901
11,139,211318720,67,0.399036885,0.142569608,0.047821827,0.177866293
5,139,211318720,67,0.429641816,0.142569608,0.047821827,0.229440563
19,139,211318720,67,0.455660949,0.142569608,0.047821827,0.273310062
1,139,211318720,67,0.544102613,0.142569608,0.047821827,0.389593171
4,139,211318720,67,0.567817078,0.142569608,0.047821827,0.416352041
3,139,211318720,67,0.646509572,0.142569608,0.047821827,0.495886758
16,139,211318720,67,0.706531475,0.142569608,0.047821827,0.516186851
18,139,211318720,67,1.288485703,0.142569608,0.047821827,0.486697622
17,139,211318720,67,1.369793800,0.142569608,0.047821827,0.569267498
2,139,211318720,67,1.392274846,0.142569608,0.047821827,0.576789009
13,139,211318720,67,1.666831279,0.142569608,0.047821827,0.641713366
12,139,211318720,67,1.719163483,0.142569608,0.047821827,0.659941656
9,139,211318720,67,2.070615288,0.142569608,0.047821827,0.726265713
14,139,211318720,67,2.083249392,0.142569608,0.047821827,0.730287325
8,139,211318720,67,3.033962253,0.142569608,0.047821827,0.509338624
15,139,211318720,67,3.466173480,0.142569608,0.047821827,0.463618345
7,139,211318720,67,4.253463592,0.142569608,0.047821827,0.298373098
20,139,211318720,67,4.676687899,0.142569608,0.047821827,0.255694024
10,139,211318720,67,7.359975859,0.142569608,0.047821827,0.048387459
6,139,211318720,67,8.326738222,0.142569608,0.047821827,0.000004764
19,140,211318720,67,0.493632695,0.142569608,0.079328053,0.126018719
5,140,211318720,67,0.558534361,0.142569608,0.079328053,0.260965043
1,140,211318720,67,0.598512874,0.142569608,0.079328053,0.327322608
3,140,211318720,67,0.646509572,0.142569608,0.079328053,0.393952742
2,140,211318720,67,0.649728261,0.142569608,0.079328053,0.397103282
16,140,211318720,67,0.760880050,0.142569608,0.079328053,0.434430731
11,140,211318720,67,1.097351435,0.142569608,0.079328053,0.461994637
4,140,211318720,67,1.176192518,0.142569608,0.079328053,0.508283247
18,140,211318720,67,1.288485703,0.142569608,0.079328053,0.546484015
17,140,211318720,67,1.461113387,0.142569608,0.079328053,0.585517130
14,140,211318720,67,2.243499345,0.142569608,0.079328053,0.423247758
13,140,211318720,67,2.708600829,0.142569608,0.079328053,0.445083324
15,140,211318720,67,2.723422020,0.142569608,0.079328053,0.449716892
8,140,211318720,67,3.539622628,0.142569608,0.079328053,0.392745335
6,140,211318720,67,3.568602095,0.142569608,0.079328053,0.421301261
9,140,211318720,67,3.623576755,0.142569608,0.079328053,0.439021064
10,140,211318720,67,4.170652987,0.142569608,0.079328053,0.362303100
12,140,211318720,67,4.297908708,0.142569608,0.079328053,0.403904638
7,140,211318720,67,5.954849029,0.142569608,0.079328053,0.047098079
20,140,211318720,67,8.017179256,0.142569608,0.079328053,0.000004764
4,141,211318720,67,0.365025264,0.142569608,0.104204297,0.092920653
17,141,211318720,67,0.456597933,0.142569608,0.104204297,0.213298226
19,141,211318720,67,0.493632695,0.142569608,0.104204297,0.250935455
18,141,211318720,67,0.558343805,0.142569608,0.104204297,0.303406023
1,141,211318720,67,0.652923135,0.142569608,0.104204297,0.335423979
2,141,211318720,67,0.974592392,0.142569608,0.104204297,0.381663781
5,141,211318720,67,1.031140359,0.142569608,0.104204297,0.400774850
3,141,211318720,67,1.339198399,0.142569608,0.104204297,0.393680811
11,141,211318720,67,1.496388320,0.142569608,0.104204297,0.443100694
16,141,211318720,67,1.630457250,0.142569608,0.104204297,0.487987688
14,141,211318720,67,2.243499345,0.142569608,0.104204297,0.375020241
12,141,211318720,67,2.722008849,0.142569608,0.104204297,0.310118580
6,141,211318720,67,3.271218587,0.142569608,0.104204297,0.304442864
8,141,211318720,67,3.286792440,0.142569608,0.104204297,0.310201472
9,141,211318720,67,3.623576755,0.142569608,0.104204297,0.295035092
7,141,211318720,67,3.969899353,0.142569608,0.104204297,0.274708432
15,141,211318720,67,6.189595499,0.142569608,0.104204297,0.047757632
13,141,211318720,67,6.875679027,0.142569608,0.104204297,0.047556206
10,141,211318720,67,7.359975859,0.142569608,0.104204297,0.047112412
20,141,211318720,67,8.685277527,0.142569608,0.104204297,0.000004764
19,142,211318720,67,0.531604441,0.142569608,0.016188242,0.331276891
3,142,211318720,67,0.554151062,0.142569608,0.016188242,0.413541526
4,142,211318720,67,0.567817078,0.142569608,0.016188242,0.455050179
17,142,211318720,67,0.593577313,0.142569608,0.016188242,0.514869457
18,142,211318720,67,0.601293328,0.142569608,0.016188242,0.527763622
2,142,211318720,67,0.649728261,0.142569608,0.016188242,0.577280123
1,142,211318720,67,0.652923135,0.142569608,0.016188242,0.578464371
16,142,211318720,67,0.815228625,0.142569608,0.016188242,0.620576065
11,142,211318720,67,1.047471824,0.142569608,0.016188242,0.657255439
5,142,211318720,67,1.160032904,0.142569608,0.016188242,0.694765775
12,142,211318720,67,1.719163483,0.142569608,0.016188242,0.602928903
9,142,211318720,67,2.415717836,0.142569608,0.016188242,0.465637897
13,142,211318720,67,2.916954739,0.142569608,0.016188242,0.453127670
6,142,211318720,67,2.973835079,0.142569608,0.016188242,0.473026237
7,142,211318720,67,3.119206634,0.142569608,0.016188242,0.520126842
8,142,211318720,67,3.539622628,0.142569608,0.016188242,0.478537744
20,142,211318720,67,4.676687899,0.142569608,0.016188242,0.277306566
15,142,211318720,67,4.704092579,0.142569608,0.016188242,0.286844207
14,142,211318720,67,5.127998503,0.142569608,0.016188242,0.242952930
10,142,211318720,67,8.095973445,0.142569608,0.016188242,0.000004764
4,143,211318720,67,0.486700352,0.142569608,0.089452766,0.208492206
5,143,211318720,67,0.515570179,0.142569608,0.089452766,0.260409733
19,143,211318720,67,0.531604441,0.142569608,0.089452766,0.286705597
16,143,211318720,67,0.597834325,0.142569608,0.089452766,0.354207839
1,143,211318720,67,0.652923135,0.142569608,0.089452766,0.373093887
3,143,211318720,67,0.969764358,0.142569608,0.089452766,0.452951173
2,143,211318720,67,0.974592392,0.142569608,0.089452766,0.454723291
12,143,211318720,67,1.146108989,0.142569608,0.089452766,0.492627820
17,143,211318720,67,1.369793800,0.142569608,0.089452766,0.608549237
18,143,211318720,67,1.374384750,0.142569608,0.089452766,0.609859630
11,143,211318720,67,1.546267931,0.142569608,0.089452766,0.646025503
9,143,211318720,67,2.070615288,0.142569608,0.089452766,0.569982008
8,143,211318720,67,2.781132065,0.142569608,0.089452766,0.435246218
13,143,211318720,67,2.916954739,0.142569608,0.089452766,0.540083340
15,143,211318720,67,2.971005840,0.142569608,0.089452766,0.557262009
10,143,211318720,67,3.434655401,0.142569608,0.089452766,0.506262287
6,143,211318720,67,3.568602095,0.142569608,0.089452766,0.549274732
14,143,211318720,67,5.127998503,0.142569608,0.089452766,0.135697738
7,143,211318720,67,5.387720550,0.142569608,0.089452766,0.144677330
20,143,211318720,67,5.678835306,0.142569608,0.089452766,0.048281361
5,144,211318720,67,0.601498543,0.142569608,0.039324928,0.047903386
16,144,211318720,67,0.760880050,0.142569608,0.039324928,0.160477512
19,144,211318720,67,0.797406662,0.142569608,0.039324928,0.173205866
11,144,211318720,67,0.947712603,0.142569608,0.039324928,0.219416347
18,144,211318720,67,1.245536180,0.142569608,0.039324928,0.264460033
4,144,211318720,67,1.338425969,0.142569608,0.039324928,0.435646400
17,144,211318720,67,1.369793800,0.142569608,0.039324928,0.504993688
1,144,211318720,67,1.414666793,0.142569608,0.039324928,0.579624032
3,144,211318720,67,1.431556909,0.142569608,0.039324928,0.596151086
2,144,211318720,67,1.485093169,0.142569608,0.039324928,0.614753426
13,144,211318720,67,2.291893009,0.142569608,0.039324928,0.455087047
9,144,211318720,67,2.415717836,0.142569608,0.039324928,0.495201126
14,144,211318720,67,3.044749111,0.142569608,0.039324928,0.430124814
7,144,211318720,67,3.119206634,0.142569608,0.039324928,0.456447698
8,144,211318720,67,3.286792440,0.142569608,0.039324928,0.497134232
10,144,211318720,67,3.434655401,0.142569608,0.039324928,0.545284807
6,144,211318720,67,3.865985603,0.142569608,0.039324928,0.497072106
12,144,211318720,67,4.154645085,0.142569608,0.039324928,0.494943151
15,144,211318720,67,5.199260219,0.142569608,0.039324928,0.240847615
20,144,211318720,67,9.353375798,0.142569608,0.039324928,0.000004764
19,145,211318720,67,0.493632695,0.142569608,0.021687737,0.217984907
3,145,211318720,67,0.507971807,0.142569608,0.021687737,0.232368482
2,145,211318720,67,0.510500777,0.142569608,0.021687737,0.233330203
11,145,211318720,67,0.698314549,0.142569608,0.021687737,0.356174647
16,145,211318720,67,0.706531475,0.142569608,0.021687737,0.358535010
1,145,211318720,67,0.924974441,0.142569608,0.021687737,0.415078778
5,145,211318720,67,1.031140359,0.142569608,0.021687737,0.522038956
4,145,211318720,67,1.054517430,0.142569608,0.021687737,0.529426561
18,145,211318720,67,1.202586656,0.142569608,0.021687737,0.588839185
17,145,211318720,67,1.324134007,0.142569608,0.021687737,0.652755632
12,145,211318720,67,1.432636236,0.142569608,0.021687737,0.686157053
9,145,211318720,67,2.070615288,0.142569608,0.021687737,0.574227001
10,145,211318720,67,2.207992758,0.142569608,0.021687737,0.621478341
15,145,211318720,67,3.466173480,0.142569608,0.021687737,0.300118419
6,145,211318720,67,3.865985603,0.142569608,0.021687737,0.293318423
7,145,211318720,67,3.969899353,0.142569608,0.021687737,0.398229497
20,145,211318720,67,4.008589628,0.142569608,0.021687737,0.411150852
14,145,211318720,67,5.127998503,0.142569608,0.021687737,0.139288306
8,145,211318720,67,6.573584881,0.142569608,0.021687737,0.045222804
13,145,211318720,67,7.084032937,0.142569608,0.021687737,0.000004764
3,146,211318720,67,0.461792551,0.142569608,0.012666604,0.253487162
18,146,211318720,67,0.515394281,0.142569608,0.012666604,0.462888760
19,146,211318720,67,0.531604441,0.142569608,0.012666604,0.522161089
16,146,211318720,67,0.543485750,0.142569608,0.012666604,0.557605302
2,146,211318720,67,0.556909938,0.142569608,0.012666604,0.589378297
4,146,211318720,67,0.567817078,0.142569608,0.012666604,0.609313244
5,146,211318720,67,0.601498543,0.142569608,0.012666604,0.666347046
17,146,211318720,67,0.639237107,0.142569608,0.012666604,0.703550765
1,146,211318720,67,0.707333396,0.142569608,0.012666604,0.726673070
11,146,211318720,67,0.947712603,0.142569608,0.012666604,0.745607365
12,146,211318720,67,1.146108989,0.142569608,0.012666604,0.776665312
14,146,211318720,67,2.083249392,0.142569608,0.012666604,0.563459891
13,146,211318720,67,2.916954739,0.142569608,0.012666604,0.437596105
6,146,211318720,67,2.973835079,0.142569608,0.012666604,0.462285963
9,146,211318720,67,3.105922933,0.142569608,0.012666604,0.508130451
7,146,211318720,67,3.686335113,0.142569608,0.012666604,0.410833415
20,146,211318720,67,4.676687899,0.142569608,0.012666604,0.252066720
15,146,211318720,67,4.704092579,0.142569608,0.012666604,0.261483654
8,146,211318720,67,7.079245256,0.142569608,0.012666604,0.046755942
10,146,211318720,67,8.095973445,0.142569608,0.012666604,0.000004764
18,147,211318720,67,0.472444758,0.142569608,0.046285164,0.224591005
2,147,211318720,67,0.510500777,0.142569608,0.046285164,0.313392659
19,147,211318720,67,0.531604441,0.142569608,0.046285164,0.349486574
5,147,211318720,67,0.558534361,0.142569608,0.046285164,0.376820734
17,147,211318720,67,0.593577313,0.142569608,0.046285164,0.388895489
16,147,211318720,67,0.760880050,0.142569608,0.046285164,0.429825765
11,147,211318720,67,0.947712603,0.142569608,0.046285164,0.463394311
3,147,211318720,67,1.108302123,0.142569608,0.046285164,0.503761520
4,147,211318720,67,1.338425969,0.142569608,0.046285164,0.523676297
1,147,211318720,67,1.577897577,0.142569608,0.046285164,0.619073266
14,147,211318720,67,1.602499532,0.142569608,0.046285164,0.642765065
12,147,211318720,67,1.719163483,0.142569608,0.046285164,0.680789776
9,147,211318720,67,2.243166562,0.142569608,0.046285164,0.605370857
8,147,211318720,67,3.033962253,0.142569608,0.046285164,0.440259528
20,147,211318720,67,4.342638764,0.142569608,0.046285164,0.103460604
15,147,211318720,67,5.199260219,0.142569608,0.046285164,0.049787644
13,147,211318720,67,7.084032937,0.142569608,0.046285164,0.048376197
10,147,211318720,67,7.359975859,0.142569608,0.046285164,0.049875263
7,147,211318720,67,8.223362945,0.142569608,0.046285164,0.048147123
6,147,211318720,67,8.624121730,0.142569608,0.046285164,0.000004764
4,148,211318720,67,0.446141990,0.142569608,0.144919544,0.261048028
18,148,211318720,67,0.472444758,0.142569608,0.144919544,0.333698717
17,148,211318720,67,0.502257727,0.142569608,0.144919544,0.403511108
5,148,211318720,67,0.515570179,0.142569608,0.144919544,0.431208864
1,148,211318720,67,0.544102613,0.142569608,0.144919544,0.479233674
11,148,211318720,67,0.598555328,0.142569608,0.144919544,0.556633459
2,148,211318720,67,0.649728261,0.142569608,0.144919544,0.608319856
16,148,211318720,67,0.706531475,0.142569608,0.144919544,0.627747290
3,148,211318720,67,1.062122868,0.142569608,0.144919544,0.676143465
19,148,211318720,67,1.101180628,0.142569608,0.144919544,0.688978822
12,148,211318720,67,2.005690731,0.142569608,0.144919544,0.480264767
9,148,211318720,67,2.415717836,0.142569608,0.144919544,0.479308886
13,148,211318720,67,2.500246919,0.142569608,0.144919544,0.507889708
20,148,211318720,67,3.006442221,0.142569608,0.144919544,0.438259846
14,148,211318720,67,3.365249018,0.142569608,0.144919544,0.508938996
7,148,211318720,67,3.402770874,0.142569608,0.144919544,0.549910242
15,148,211318720,67,3.466173480,0.142569608,0.144919544,0.613073576
8,148,211318720,67,3.539622628,0.142569608,0.144919544,0.638538474
6,148,211318720,67,3.865985603,0.142569608,0.144919544,0.627404166
10,148,211318720,67,4.661318044,0.142569608,0.144919544,0.365990984
4,149,211318720,67,0.324466901,0.142569608,0.007205780,0.082872280
17,149,211318720,67,0.410938140,0.142569608,0.007205780,0.177794116
19,149,211318720,67,0.493632695,0.142569608,0.007205780,0.339191518
5,149,211318720,67,0.515570179,0.142569608,0.007205780,0.381467829
18,149,211318720,67,0.558343805,0.142569608,0.007205780,0.453504237
11,149,211318720,67,0.598555328,0.142569608,0.007205780,0.515618129
2,149,211318720,67,0.649728261,0.142569608,0.007205780,0.587180787
1,149,211318720,67,0.707333396,0.142569608,0.007205780,0.658496985
16,149,211318720,67,0.760880050,0.142569608,0.007205780,0.712012925
3,149,211318720,67,0.831226593,0.142569608,0.007205780,0.736205418
9,149,211318720,67,1.898064014,0.142569608,0.007205780,0.474589102
14,149,211318720,67,2.243499345,0.142569608,0.007205780,0.453200699
10,149,211318720,67,2.453325286,0.142569608,0.007205780,0.478093022
8,149,211318720,67,3.033962253,0.142569608,0.007205780,0.377454367
12,149,211318720,67,4.441172332,0.142569608,0.007205780,0.047076380
20,149,211318720,67,4.676687899,0.142569608,0.007205780,0.062695040
13,149,211318720,67,6.042263387,0.142569608,0.007205780,0.049828116
7,149,211318720,67,6.805541747,0.142569608,0.007205780,0.057850493
15,149,211318720,67,6.932346959,0.142569608,0.007205780,0.102213741
6,149,211318720,67,7.137204190,0.142569608,0.007205780,0.034860999
19,150,211318720,67,0.417689204,0.142569608,0.011280579,0.086251961
18,150,211318720,67,0.515394281,0.142569608,0.011280579,0.309824411
17,150,211318720,67,0.547917520,0.142569608,0.011280579,0.364042580
2,150,211318720,67,0.556909938,0.142569608,0.011280579,0.373934838
4,150,211318720,67,0.567817078,0.142569608,0.011280579,0.384859499
11,150,211318720,67,0.698314549,0.142569608,0.011280579,0.484368979
16,150,211318720,67,0.760880050,0.142569608,0.011280579,0.506387372
1,150,211318720,67,1.033794964,0.142569608,0.011280579,0.509696079
5,150,211318720,67,1.202997085,0.142569608,0.011280579,0.580914518
3,150,211318720,67,1.293019144,0.142569608,0.011280579,0.611041722
9,150,211318720,67,2.415717836,0.142569608,0.011280579,0.332299680
14,150,211318720,67,2.724249205,0.142569608,0.011280579,0.326329754
12,150,211318720,67,3.008536096,0.142569608,0.011280579,0.326959040
7,150,211318720,67,3.969899353,0.142569608,0.011280579,0.105346238
6,150,211318720,67,4.163369111,0.142569608,0.011280579,0.136742824
13,150,211318720,67,5.833909477,0.142569608,0.011280579,0.049331909
8,150,211318720,67,6.573584881,0.142569608,0.011280579,0.049573249
10,150,211318720,67,7.114643330,0.142569608,0.011280579,0.048616619
15,150,211318720,67,7.427514599,0.142569608,0.011280579,0.048258138
20,150,211318720,67,10.021474070,0.142569608,0.011280579,0.000004764
5,151,211318720,67,0.472605998,0.142569608,0.063619487,0.202965553
4,151,211318720,67,0.486700352,0.142569608,0.063619487,0.226791181
19,151,211318720,67,0.531604441,0.142569608,0.063619487,0.272106198
11,151,211318720,67,0.598555328,0.142569608,0.063619487,0.294734838
3,151,211318720,67,0.923585103,0.142569608,0.063619487,0.281558879
18,151,211318720,67,1.288485703,0.142569608,0.063619487,0.266029860
1,151,211318720,67,1.414666793,0.142569608,0.063619487,0.359695257
17,151,211318720,67,1.506773180,0.142569608,0.063619487,0.501509414
2,151,211318720,67,1.531502330,0.142569608,0.063619487,0.525496365
16,151,211318720,67,1.576108675,0.142569608,0.063619487,0.541602165
12,151,211318720,67,2.005690731,0.142569608,0.063619487,0.494868213
9,151,211318720,67,2.588269110,0.142569608,0.063619487,0.401081204
8,151,211318720,67,2.781132065,0.142569608,0.063619487,0.432754429
15,151,211318720,67,2.971005840,0.142569608,0.063619487,0.465158712
7,151,211318720,67,3.119206634,0.142569608,0.063619487,0.511601078
10,151,211318720,67,3.434655401,0.142569608,0.063619487,0.505012202
6,151,211318720,67,3.865985603,0.142569608,0.063619487,0.456259938
14,151,211318720,67,4.326748737,0.142569608,0.063619487,0.484189239
20,151,211318720,67,4.342638764,0.142569608,0.063619487,0.489217274
13,151,211318720,67,5.833909477,0.142569608,0.063619487,0.000004764
4,152,211318720,67,0.405583627,0.142569608,0.010568303,0.050287836
18,152,211318720,67,0.558343805,0.142569608,0.010568303,0.222167068
5,152,211318720,67,0.558534361,0.142569608,0.010568303,0.222491762
16,152,211318720,67,0.652182900,0.142569608,0.010568303,0.316552256
11,152,211318720,67,0.698314549,0.142569608,0.010568303,0.331406030
19,152,211318720,67,1.177124119,0.142569608,0.010568303,0.267305821
17,152,211318720,67,1.324134007,0.142569608,0.010568303,0.448189733
3,152,211318720,67,1.339198399,0.142569608,0.010568303,0.463657883
2,152,211318720,67,1.392274846,0.142569608,0.010568303,0.480540117
1,152,211318720,67,1.577897577,0.142569608,0.010568303,0.515511977
12,152,211318720,67,1.719163483,0.142569608,0.010568303,0.563223540
15,152,211318720,67,1.980670560,0.142569608,0.010568303,0.570286166
14,152,211318720,67,2.243499345,0.142569608,0.010568303,0.579140695
13,152,211318720,67,2.916954739,0.142569608,0.010568303,0.446972414
9,152,211318720,67,3.796128029,0.142569608,0.010568303,0.245403777
8,152,211318720,67,4.803773567,0.142569608,0.010568303,0.046992131
7,152,211318720,67,5.387720550,0.142569608,0.010568303,0.046965245
6,152,211318720,67,5.947670158,0.142569608,0.010568303,0.047169013
20,152,211318720,67,6.346933578,0.142569608,0.010568303,0.048526179
10,152,211318720,67,7.850640916,0.142569608,0.010568303,0.000004764
19,153,211318720,67,0.493632695,0.142569608,0.089153886,0.158094689
11,153,211318720,67,0.548675717,0.142569608,0.089153886,0.241200537
18,153,211318720,67,0.558343805,0.142569608,0.089153886,0.250513740
2,153,211318720,67,0.649728261,0.142569608,0.089153886,0.302270557
16,153,211318720,67,0.760880050,0.142569608,0.089153886,0.364343027
17,153,211318720,67,0.867536073,0.142569608,0.089153886,0.399202865
5,153,211318720,67,1.074104540,0.142569608,0.089153886,0.425589579
4,153,211318720,67,1.257309243,0.142569608,0.089153886,0.469745206
3,153,211318720,67,1.385377654,0.142569608,0.089153886,0.515353233
1,153,211318720,67,1.523487315,0.142569608,0.089153886,0.562383332
12,153,211318720,67,2.005690731,0.142569608,0.089153886,0.547496214
9,153,211318720,67,2.070615288,0.142569608,0.089153886,0.569960513
6,153,211318720,67,2.379068063,0.142569608,0.089153886,0.575661324
13,153,211318720,67,2.500246919,0.142569608,0.089153886,0.617109177
7,153,211318720,67,3.119206634,0.142569608,0.089153886,0.509626646
15,153,211318720,67,3.466173480,0.142569608,0.089153886,0.492744596
14,153,211318720,67,4.166498784,0.142569608,0.089153886,0.356073528
8,153,211318720,67,7.332075444,0.142569608,0.089153886,0.124545056
10,153,211318720,67,7.359975859,0.142569608,0.089153886,0.134409021
20,153,211318720,67,10.689572341,0.142569608,0.089153886,0.000004764
19,154,211318720,67,0.379717458,0.142569608,0.170580715,0.070600070
4,154,211318720,67,0.486700352,0.142569608,0.170580715,0.122005034
2,154,211318720,67,0.603319100,0.142569608,0.170580715,0.253110108
11,154,211318720,67,0.648434939,0.142569608,0.170580715,0.299474538
16,154,211318720,67,0.706531475,0.142569608,0.170580715,0.341815786
5,154,211318720,67,0.816319451,0.142569608,0.170580715,0.378109519
17,154,211318720,67,1.278474213,0.142569608,0.170580715,0.326829329
18,154,211318720,67,1.417334273,0.142569608,0.170580715,0.372896819
3,154,211318720,67,1.570094675,0.142569608,0.170580715,0.469506667
1,154,211318720,67,1.632307838,0.142569608,0.170580715,0.499130652
14,154,211318720,67,1.762749486,0.142569608,0.170580715,0.543545670
10,154,211318720,67,3.189322872,0.142569608,0.170580715,0.226477510
8,154,211318720,67,3.286792440,0.142569608,0.170580715,0.324165216
12,154,211318720,67,3.295063343,0.142569608,0.170580715,0.327157013
6,154,211318720,67,4.163369111,0.142569608,0.170580715,0.198125621
15,154,211318720,67,4.208924939,0.142569608,0.170580715,0.213358925
13,154,211318720,67,4.792139928,0.142569608,0.170580715,0.114905519
9,154,211318720,67,5.176538221,0.142569608,0.170580715,0.086483167
7,154,211318720,67,9.074055663,0.142569608,0.170580715,0.049570315
20,154,211318720,67,9.687424934,0.142569608,0.170580715,0.000004764
4,155,211318720,67,0.446141990,0.142569608,0.037516475,0.316995069
5,155,211318720,67,0.472605998,0.142569608,0.037516475,0.413556351
19,155,211318720,67,0.493632695,0.142569608,0.037516475,0.477434889
2,155,211318720,67,0.510500777,0.142569608,0.037516475,0.516371637
16,155,211318720,67,0.543485750,0.142569608,0.037516475,0.571299638
3,155,211318720,67,0.554151062,0.142569608,0.037516475,0.582478344
18,155,211318720,67,0.558343805,0.142569608,0.037516475,0.583760526
1,155,211318720,67,0.761743658,0.142569608,0.037516475,0.612540509
11,155,211318720,67,0.947712603,0.142569608,0.037516475,0.647779958
17,155,211318720,67,1.552432973,0.142569608,0.037516475,0.540714386
12,155,211318720,67,1.719163483,0.142569608,0.037516475,0.580493220
14,155,211318720,67,2.243499345,0.142569608,0.037516475,0.503249113
15,155,211318720,67,2.971005840,0.142569608,0.037516475,0.356068285
10,155,211318720,67,3.434655401,0.142569608,0.037516475,0.300367547
6,155,211318720,67,3.865985603,0.142569608,0.037516475,0.279299244
7,155,211318720,67,3.969899353,0.142569608,0.037516475,0.382619829
20,155,211318720,67,4.008589628,0.142569608,0.037516475,0.396725106
9,155,211318720,67,5.176538221,0.142569608,0.037516475,0.105918161
13,155,211318720,67,5.833909477,0.142569608,0.037516475,0.047991922
8,155,211318720,67,7.584905632,0.142569608,0.037516475,0.000004764
4,156,211318720,67,0.446141990,0.142569608,0.047692098,0.091093772
3,156,211318720,67,0.554151062,0.142569608,0.047692098,0.456532674
5,156,211318720,67,0.558534361,0.142569608,0.047692098,0.474237795
16,156,211318720,67,0.597834325,0.142569608,0.047692098,0.617937288
18,156,211318720,67,0.601293328,0.142569608,0.047692098,0.628515154
2,156,211318720,67,0.603319100,0.142569608,0.047692098,0.633313758
17,156,211318720,67,0.639237107,0.142569608,0.047692098,0.693312379
1,156,211318720,67,0.652923135,0.142569608,0.047692098,0.706512009
11,156,211318720,67,0.698314549,0.142569608,0.047692098,0.724707498
19,156,211318720,67,0.835378407,0.142569608,0.047692098,0.769601889
12,156,211318720,67,1.719163483,0.142569608,0.047692098,0.575864558
9,156,211318720,67,2.070615288,0.142569608,0.047692098,0.554860715
13,156,211318720,67,2.291893009,0.142569608,0.047692098,0.577480204
6,156,211318720,67,2.676451571,0.142569608,0.047692098,0.575137188
8,156,211318720,67,2.781132065,0.142569608,0.047692098,0.610797100
15,156,211318720,67,3.218589660,0.142569608,0.047692098,0.559678281
7,156,211318720,67,3.402770874,0.142569608,0.047692098,0.667554036
10,156,211318720,67,3.434655401,0.142569608,0.047692098,0.677933294
20,156,211318720,67,4.342638764,0.142569608,0.047692098,0.475818181
14,156,211318720,67,5.127998503,0.142569608,0.047692098,0.215426334
19,157,211318720,67,0.455660949,0.142569608,0.040211838,0.101799704
18,157,211318720,67,0.515394281,0.142569608,0.040211838,0.218441405
11,157,211318720,67,0.598555328,0.142569608,0.040211838,0.412783767
2,157,211318720,67,0.603319100,0.142569608,0.040211838,0.421017337
17,157,211318720,67,0.639237107,0.142569608,0.040211838,0.469943693
3,157,211318720,67,0.646509572,0.142569608,0.040211838,0.477113138
1,157,211318720,67,0.761743658,0.142569608,0.040211838,0.517314317
4,157,211318720,67,1.054517430,0.142569608,0.040211838,0.514763525
5,157,211318720,67,1.288925448,0.142569608,0.040211838,0.532807416
16,157,211318720,67,1.630457250,0.142569608,0.040211838,0.512676559
14,157,211318720,67,3.365249018,0.142569608,0.040211838,0.125799925
10,157,211318720,67,3.434655401,0.142569608,0.040211838,0.220569304
15,157,211318720,67,3.466173480,0.142569608,0.040211838,0.251789970
8,157,211318720,67,3.539622628,0.142569608,0.040211838,0.281718251
20,157,211318720,67,3.674540492,0.142569608,0.040211838,0.326539892
12,157,211318720,67,4.154645085,0.142569608,0.040211838,0.266422697
9,157,211318720,67,4.486333125,0.142569608,0.040211838,0.252862050
6,157,211318720,67,5.650286650,0.142569608,0.040211838,0.047525971
13,157,211318720,67,6.250617297,0.142569608,0.040211838,0.048710833
7,157,211318720,67,6.805541747,0.142569608,0.040211838,0.000004764
18,158,211318720,67,0.472444758,0.142569608,0.010814738,0.279811273
3,158,211318720,67,0.507971807,0.142569608,0.010814738,0.397904948
4,158,211318720,67,0.527258715,0.142569608,0.010814738,0.469302506
16,158,211318720,67,0.543485750,0.142569608,0.010814738,0.518113982
11,158,211318720,67,0.548675717,0.142569608,0.010814738,0.530325288
5,158,211318720,67,0.601498543,0.142569608,0.010814738,0.619327727
17,158,211318720,67,0.639237107,0.142569608,0.010814738,0.657634724
19,158,211318720,67,0.645519678,0.142569608,0.010814738,0.659967561
1,158,211318720,67,1.251436009,0.142569608,0.010814738,0.588296890
2,158,211318720,67,1.345865684,0.142569608,0.010814738,0.619382933
12,158,211318720,67,1.575899860,0.142569608,0.010814738,0.638297098
14,158,211318720,67,1.762749486,0.142569608,0.010814738,0.673716694
8,158,211318720,67,3.033962253,0.142569608,0.010814738,0.347992000
10,158,211318720,67,3.189322872,0.142569608,0.010814738,0.426712785
9,158,211318720,67,3.278474207,0.142569608,0.010814738,0.457593039
7,158,211318720,67,3.969899353,0.142569608,0.010814738,0.326096962
20,158,211318720,67,4.676687899,0.142569608,0.010814738,0.187583142
6,158,211318720,67,5.352903142,0.142569608,0.010814738,0.057494598
13,158,211318720,67,6.875679027,0.142569608,0.010814738,0.048952880
15,158,211318720,67,8.417849879,0.142569608,0.010814738,0.000004764
18,159,211318720,67,0.472444758,0.142569608,0.065403342,0.287777579
4,159,211318720,67,0.486700352,0.142569608,0.065403342,0.321138119
3,159,211318720,67,0.507971807,0.142569608,0.065403342,0.364203526
11,159,211318720,67,0.548675717,0.142569608,0.065403342,0.432342154
2,159,211318720,67,0.556909938,0.142569608,0.065403342,0.440977722
17,159,211318720,67,0.639237107,0.142569608,0.065403342,0.481524072
16,159,211318720,67,0.760880050,0.142569608,0.065403342,0.521748687
19,159,211318720,67,0.911321899,0.142569608,0.065403342,0.568088768
5,159,211318720,67,1.331889630,0.142569608,0.065403342,0.520489790
1,159,211318720,67,1.686718099,0.142569608,0.065403342,0.499210917
12,159,211318720,67,1.862427107,0.142569608,0.065403342,0.565165203
10,159,211318720,67,1.962660229,0.142569608,0.065403342,0.600350575
14,159,211318720,67,2.243499345,0.142569608,0.065403342,0.676591289
8,159,211318720,67,2.275471690,0.142569608,0.065403342,0.689218868
9,159,211318720,67,2.415717836,0.142569608,0.065403342,0.736385018
13,159,211318720,67,2.916954739,0.142569608,0.065403342,0.763752990
15,159,211318720,67,2.971005840,0.142569608,0.065403342,0.818742556
20,159,211318720,67,3.006442221,0.142569608,0.065403342,0.830780203
6,159,211318720,67,3.568602095,0.142569608,0.065403342,0.739418787
7,159,211318720,67,8.790491424,0.142569608,0.065403342,0.000004764
19,160,211318720,67,0.417689204,0.142569608,0.024845406,0.197922501
18,160,211318720,67,0.429495234,0.142569608,0.024845406,0.209197276
2,160,211318720,67,0.464091615,0.142569608,0.024845406,0.229955495
17,160,211318720,67,0.593577313,0.142569608,0.024845406,0.353091046
3,160,211318720,67,0.646509572,0.142569608,0.024845406,0.406387106
16,160,211318720,67,0.706531475,0.142569608,0.024845406,0.425581215
5,160,211318720,67,0.945211995,0.142569608,0.024845406,0.536995649
11,160,211318720,67,0.947712603,0.142569608,0.024845406,0.537937380
1,160,211318720,67,1.251436009,0.142569608,0.024845406,0.544040877
4,160,211318720,67,1.378984331,0.142569608,0.024845406,0.589546383
12,160,211318720,67,1.862427107,0.142569608,0.024845406,0.527930997
9,160,211318720,67,2.415717836,0.142569608,0.024845406,0.437284025
13,160,211318720,67,2.708600829,0.142569608,0.024845406,0.482545878
8,160,211318720,67,2.781132065,0.142569608,0.024845406,0.506314561
7,160,211318720,67,3.119206634,0.142569608,0.024845406,0.566141341
10,160,211318720,67,3.189322872,0.142569608,0.024845406,0.676035220
15,160,211318720,67,3.218589660,0.142569608,0.024845406,0.705359935
6,160,211318720,67,3.271218587,0.142569608,0.024845406,0.722662620
14,160,211318720,67,4.486998690,0.142569608,0.024845406,0.415059183
20,160,211318720,67,8.685277527,0.142569608,0.024845406,0.000004764
4,161,211318720,67,0.365025264,0.142569608,0.181448445,0.071680373
18,161,211318720,67,0.472444758,0.142569608,0.181448445,0.116958314
5,161,211318720,67,0.601498543,0.142569608,0.181448445,0.256163458
3,161,211318720,67,0.646509572,0.142569608,0.181448445,0.319723760
11,161,211318720,67,0.698314549,0.142569608,0.181448445,0.371722185
1,161,211318720,67,0.761743658,0.142569608,0.181448445,0.392500632
17,161,211318720,67,0.958855660,0.142569608,0.181448445,0.421828798
19,161,211318720,67,1.139152374,0.142569608,0.181448445,0.457609387
2,161,211318720,67,1.392274846,0.142569608,0.181448445,0.470153863
16,161,211318720,67,1.630457250,0.142569608,0.181448445,0.556560987
13,161,211318720,67,1.666831279,0.142569608,0.181448445,0.569184359
15,161,211318720,67,1.980670560,0.142569608,0.181448445,0.560023650
14,161,211318720,67,2.243499345,0.142569608,0.181448445,0.568287167
9,161,211318720,67,2.415717836,0.142569608,0.181448445,0.607758477
12,161,211318720,67,2.722008849,0.142569608,0.181448445,0.601267328
8,161,211318720,67,3.286792440,0.142569608,0.181448445,0.526612200
7,161,211318720,67,3.402770874,0.142569608,0.181448445,0.640632549
10,161,211318720,67,3.434655401,0.142569608,0.181448445,0.651789482
6,161,211318720,67,3.865985603,0.142569608,0.181448445,0.605584966
20,161,211318720,67,4.008589628,0.142569608,0.181448445,0.558059446
19,162,211318720,67,0.455660949,0.142569608,0.021350116,0.190081644
5,162,211318720,67,0.472605998,0.142569608,0.021350116,0.226083140
3,162,211318720,67,0.554151062,0.142569608,0.021350116,0.397984706
18,162,211318720,67,0.558343805,0.142569608,0.021350116,0.407653138
2,162,211318720,67,0.603319100,0.142569608,0.021350116,0.483551568
11,162,211318720,67,0.648434939,0.142569608,0.021350116,0.529374281
4,162,211318720,67,0.689492166,0.142569608,0.021350116,0.543128118
17,162,211318720,67,1.050175247,0.142569608,0.021350116,0.517184165
12,162,211318720,67,1.432636236,0.142569608,0.021350116,0.487236273
16,162,211318720,67,1.739154400,0.142569608,0.021350116,0.537664280
1,162,211318720,67,1.795538622,0.142569608,0.021350116,0.555523165
9,162,211318720,67,2.070615288,0.142569608,0.021350116,0.558251157
10,162,211318720,67,2.698657815,0.142569608,0.021350116,0.446599282
13,162,211318720,67,3.125308648,0.142569608,0.021350116,0.400486647
7,162,211318720,67,3.402770874,0.142569608,0.021350116,0.402869336
6,162,211318720,67,4.163369111,0.142569608,0.021350116,0.246257193
20,162,211318720,67,4.676687899,0.142569608,0.021350116,0.181415046
14,162,211318720,67,4.807498597,0.142569608,0.021350116,0.226090699
8,162,211318720,67,5.309433942,0.142569608,0.021350116,0.156403387
15,162,211318720,67,7.179930779,0.142569608,0.021350116,0.000004764
19,163,211318720,67,0.455660949,0.142569608,0.006536709,0.214507130
17,163,211318720,67,0.502257727,0.142569608,0.006536709,0.354059814
18,163,211318720,67,0.515394281,0.142569608,0.006536709,0.384500948
5,163,211318720,67,0.558534361,0.142569608,0.006536709,0.457277610
4,163,211318720,67,0.567817078,0.142569608,0.006536709,0.472729243
3,163,211318720,67,0.600330317,0.142569608,0.006536709,0.504937692
11,163,211318720,67,0.698314549,0.142569608,0.006536709,0.537542151
2,163,211318720,67,0.974592392,0.142569608,0.006536709,0.541349991
16,163,211318720,67,1.630457250,0.142569608,0.006536709,0.421152672
1,163,211318720,67,1.795538622,0.142569608,0.006536709,0.461226813
20,163,211318720,67,2.672393085,0.142569608,0.006536709,0.265356008
10,163,211318720,67,2.943990344,0.142569608,0.006536709,0.375072227
15,163,211318720,67,2.971005840,0.142569608,0.006536709,0.402934144
14,163,211318720,67,3.044749111,0.142569608,0.006536709,0.427860502
8,163,211318720,67,3.286792440,0.142569608,0.006536709,0.442694147
12,163,211318720,67,3.868117837,0.142569608,0.006536709,0.348532107
6,163,211318720,67,4.163369111,0.142569608,0.006536709,0.346237862
9,163,211318720,67,5.176538221,0.142569608,0.006536709,0.108758099
13,163,211318720,67,7.084032937,0.142569608,0.006536709,0.047259541
7,163,211318720,67,9.074055663,0.142569608,0.006536709,0.000004764
19,164,211318720,67,0.493632695,0.142569608,0.025812685,0.106953044
11,164,211318720,67,0.548675717,0.142569608,0.025812685,0.187422856
17,164,211318720,67,0.639237107,0.142569608,0.025812685,0.278582146
16,164,211318720,67,0.652182900,0.142569608,0.025812685,0.282128339
2,164,211318720,67,0.974592392,0.142569608,0.025812685,0.304601650
3,164,211318720,67,1.062122868,0.142569608,0.025812685,0.392243839
18,164,211318720,67,1.116687609,0.142569608,0.025812685,0.444246973
4,164,211318720,67,1.216750881,0.142569608,0.025812685,0.543323730
1,164,211318720,67,1.251436009,0.142569608,0.025812685,0.554502009
5,164,211318720,67,1.417817993,0.142569608,0.025812685,0.595284558
14,164,211318720,67,2.243499345,0.142569608,0.025812685,0.420950063
9,164,211318720,67,2.415717836,0.142569608,0.025812685,0.459307826
13,164,211318720,67,2.708600829,0.142569608,0.025812685,0.541764166
12,164,211318720,67,2.722008849,0.142569608,0.025812685,0.546143972
10,164,211318720,67,3.434655401,0.142569608,0.025812685,0.430443455
8,164,211318720,67,3.539622628,0.142569608,0.025812685,0.466762031
6,164,211318720,67,3.865985603,0.142569608,0.025812685,0.455204167
20,164,211318720,67,4.342638764,0.142569608,0.025812685,0.406612671
15,164,211318720,67,4.456508759,0.142569608,0.025812685,0.443864294
7,164,211318720,67,5.387720550,0.142569608,0.025812685,0.137524007
18,165,211318720,67,0.343596187,0.142569608,0.013340767,0.048943295
4,165,211318720,67,0.567817078,0.142569608,0.013340767,0.157943816
17,165,211318720,67,0.639237107,0.142569608,0.013340767,0.243265363
2,165,211318720,67,0.649728261,0.142569608,0.013340767,0.253688271
1,165,211318720,67,0.761743658,0.142569608,0.013340767,0.293121911
19,165,211318720,67,1.139152374,0.142569608,0.013340767,0.345340615
5,165,211318720,67,1.160032904,0.142569608,0.013340767,0.351978789
3,165,211318720,67,1.339198399,0.142569608,0.013340767,0.411955627
11,165,211318720,67,1.446508709,0.142569608,0.013340767,0.447764669
12,165,211318720,67,1.719163483,0.142569608,0.013340767,0.498487352
16,165,211318720,67,1.793502975,0.142569608,0.013340767,0.548176861
9,165,211318720,67,1.898064014,0.142569608,0.013340767,0.582727349
14,165,211318720,67,2.243499345,0.142569608,0.013340767,0.562677730
13,165,211318720,67,2.708600829,0.142569608,0.013340767,0.504490132
8,165,211318720,67,3.033962253,0.142569608,0.013340767,0.491230236
7,165,211318720,67,3.686335113,0.142569608,0.013340767,0.371284346
10,165,211318720,67,4.661318044,0.142569608,0.013340767,0.147574119
20,165,211318720,67,6.012884442,0.142569608,0.013340767,0.049227378
15,165,211318720,67,8.417849879,0.142569608,0.013340767,0.048618855
6,165,211318720,67,9.813655761,0.142569608,0.013340767,0.000004764
4,166,211318720,67,0.405583627,0.142569608,0.049694899,0.227128117
17,166,211318720,67,0.410938140,0.142569608,0.049694899,0.232878420
19,166,211318720,67,0.417689204,0.142569608,0.049694899,0.237321651
2,166,211318720,67,0.556909938,0.142569608,0.049694899,0.418483496
16,166,211318720,67,0.597834325,0.142569608,0.049694899,0.486939863
18,166,211318720,67,0.601293328,0.142569608,0.049694899,0.490405513
11,166,211318720,67,0.698314549,0.142569608,0.049694899,0.524244970
3,166,211318720,67,1.062122868,0.142569608,0.049694899,0.499724482
5,166,211318720,67,1.460782175,0.142569608,0.049694899,0.462690406
1,166,211318720,67,1.632307838,0.142569608,0.049694899,0.499337872
8,166,211318720,67,2.022641502,0.142569608,0.049694899,0.467963345
14,166,211318720,67,2.243499345,0.142569608,0.049694899,0.489098252
12,166,211318720,67,2.722008849,0.142569608,0.049694899,0.425105217
9,166,211318720,67,3.278474207,0.142569608,0.049694899,0.335132778
13,166,211318720,67,4.792139928,0.142569608,0.049694899,0.046936340
10,166,211318720,67,5.642648159,0.142569608,0.049694899,0.047041127
15,166,211318720,67,7.179930779,0.142569608,0.049694899,0.048085543
7,166,211318720,67,8.223362945,0.142569608,0.049694899,0.047526328
20,166,211318720,67,9.019326663,0.142569608,0.049694899,0.046776141
6,166,211318720,67,9.813655761,0.142569608,0.049694899,0.000004764
18,167,211318720,67,0.343596187,0.142569608,0.045551255,0.119314970
19,167,211318720,67,0.379717458,0.142569608,0.045551255,0.139480821
2,167,211318720,67,0.510500777,0.142569608,0.045551255,0.254064046
3,167,211318720,67,0.554151062,0.142569608,0.045551255,0.327196849
11,167,211318720,67,0.648434939,0.142569608,0.045551255,0.440895841
16,167,211318720,67,0.652182900,0.142569608,0.045551255,0.444720476
1,167,211318720,67,0.761743658,0.142569608,0.045551255,0.481540517
17,167,211318720,67,0.958855660,0.142569608,0.045551255,0.543015303
4,167,211318720,67,1.054517430,0.142569608,0.045551255,0.574697340
5,167,211318720,67,1.288925448,0.142569608,0.045551255,0.593412757
9,167,211318720,67,1.898064014,0.142569608,0.045551255,0.486761736
13,167,211318720,67,2.500246919,0.142569608,0.045551255,0.381439539
10,167,211318720,67,3.189322872,0.142569608,0.045551255,0.325956009
15,167,211318720,67,3.218589660,0.142569608,0.045551255,0.336063745
12,167,211318720,67,3.438326967,0.142569608,0.045551255,0.386017063
8,167,211318720,67,3.539622628,0.142569608,0.045551255,0.420299873
7,167,211318720,67,3.969899353,0.142569608,0.045551255,0.376959249
14,167,211318720,67,4.967748550,0.142569608,0.045551255,0.140003393
20,167,211318720,67,8.017179256,0.142569608,0.045551255,0.047535294
6,167,211318720,67,8.029354714,0.142569608,0.045551255,0.043482189
19,168,211318720,67,0.455660949,0.142569640,0.109268941,0.050312543
17,168,211318720,67,0.593577313,0.142569640,0.109268941,0.334555451
18,168,211318720,67,0.601293328,0.142569640,0.109268941,0.347446148
2,168,211318720,67,0.603319100,0.142569640,0.109268941,0.349583430
3,168,211318720,67,0.646509572,0.142569640,0.109268941,0.412785372
16,168,211318720,67,0.760880050,0.142569640,0.109268941,0.603512855
1,168,211318720,67,0.761743658,0.142569640,0.109268941,0.604337930
4,168,211318720,67,0.770608891,0.142569640,0.109268941,0.607442225
5,168,211318720,67,1.117068722,0.142569640,0.109268941,0.588517898
11,168,211318720,67,1.496388320,0.142569640,0.109268941,0.581220634
14,168,211318720,67,1.602499532,0.142569640,0.109268941,0.616065111
12,168,211318720,67,2.005690731,0.142569640,0.109268941,0.573947167
13,168,211318720,67,2.916954739,0.142569640,0.109268941,0.374541266
6,168,211318720,67,3.865985603,0.142569640,0.109268941,0.183272424
7,168,211318720,67,3.969899353,0.142569640,0.109268941,0.218582296
9,168,211318720,67,5.176538221,0.142569640,0.109268941,0.054367369
8,168,211318720,67,5.309433942,0.142569640,0.109268941,0.135131308
10,168,211318720,67,5.397315630,0.142569640,0.109268941,0.165082039
15,168,211318720,67,5.694427859,0.142569640,0.109268941,0.160593312
20,168,211318720,67,10.021474070,0.142569640,0.109268941,0.000004764
19,169,211318720,67,0.531604441,0.142569640,0.099057473,0.210054410
18,169,211318720,67,0.558343805,0.142569640,0.099057473,0.272193208
5,169,211318720,67,0.601498543,0.142569640,0.099057473,0.369192231
3,169,211318720,67,0.646509572,0.142569640,0.099057473,0.461304775
11,169,211318720,67,0.648434939,0.142569640,0.099057473,0.464436091
16,169,211318720,67,0.706531475,0.142569640,0.099057473,0.522914074
1,169,211318720,67,0.761743658,0.142569640,0.099057473,0.541783119
2,169,211318720,67,0.974592392,0.142569640,0.099057473,0.607324763
4,169,211318720,67,1.054517430,0.142569640,0.099057473,0.634023697
17,169,211318720,67,1.324134007,0.142569640,0.099057473,0.662538021
12,169,211318720,67,1.432636236,0.142569640,0.099057473,0.699564053
9,169,211318720,67,1.898064014,0.142569640,0.099057473,0.642200076
14,169,211318720,67,2.243499345,0.142569640,0.099057473,0.624236150
15,169,211318720,67,2.475838200,0.142569640,0.099057473,0.644984924
13,169,211318720,67,2.708600829,0.142569640,0.099057473,0.663079346
8,169,211318720,67,3.033962253,0.142569640,0.099057473,0.651237423
10,169,211318720,67,3.434655401,0.142569640,0.099057473,0.615737223
6,169,211318720,67,3.865985603,0.142569640,0.099057473,0.566297329
20,169,211318720,67,4.008589628,0.142569640,0.099057473,0.614572156
7,169,211318720,67,6.521977508,0.142569640,0.099057473,0.000004764
19,170,211318720,67,0.531604441,0.142569640,0.086134888,0.203667307
18,170,211318720,67,0.558343805,0.142569640,0.086134888,0.266442026
5,170,211318720,67,0.601498543,0.142569640,0.086134888,0.338934285
2,170,211318720,67,0.649728261,0.142569640,0.086134888,0.408080568
1,170,211318720,67,0.652923135,0.142569640,0.086134888,0.411382793
16,170,211318720,67,0.760880050,0.142569640,0.086134888,0.471883148
17,170,211318720,67,0.867536073,0.142569640,0.086134888,0.507035048
4,170,211318720,67,1.054517430,0.142569640,0.086134888,0.542034470
3,170,211318720,67,1.385377654,0.142569640,0.086134888,0.548917931
11,170,211318720,67,1.496388320,0.142569640,0.086134888,0.588110197
13,170,211318720,67,1.875185189,0.142569640,0.086134888,0.565919327
12,170,211318720,67,2.005690731,0.142569640,0.086134888,0.608284763
9,170,211318720,67,2.415717836,0.142569640,0.086134888,0.565461381
15,170,211318720,67,2.971005840,0.142569640,0.086134888,0.477897082
7,170,211318720,67,3.119206634,0.142569640,0.086134888,0.523383277
20,170,211318720,67,3.674540492,0.142569640,0.086134888,0.437530986
14,170,211318720,67,5.127998503,0.142569640,0.086134888,0.050170592
6,170,211318720,67,7.137204190,0.142569640,0.086134888,0.046331751
8,170,211318720,67,7.584905632,0.142569640,0.086134888,0.047930316
10,170,211318720,67,7.605308388,0.142569640,0.086134888,0.041133608
17,171,211318720,67,0.456597933,0.142569640,0.057818417,0.142313841
4,171,211318720,67,0.527258715,0.142569640,0.057818417,0.320375378
19,171,211318720,67,0.531604441,0.142569640,0.057818417,0.330092057
16,171,211318720,67,0.597834325,0.142569640,0.057818417,0.462742442
3,171,211318720,67,0.600330317,0.142569640,0.057818417,0.466908730
2,171,211318720,67,0.649728261,0.142569640,0.057818417,0.516826064
1,171,211318720,67,0.707333396,0.142569640,0.057818417,0.536185368
11,171,211318720,67,0.947712603,0.142569640,0.057818417,0.554115645
5,171,211318720,67,1.374853812,0.142569640,0.057818417,0.544176351
18,171,211318720,67,1.460283797,0.142569640,0.057818417,0.572066596
9,171,211318720,67,1.898064014,0.142569640,0.057818417,0.600722729
14,171,211318720,67,1.922999439,0.142569640,0.057818417,0.608717778
10,171,211318720,67,2.698657815,0.142569640,0.057818417,0.523972602
15,171,211318720,67,2.723422020,0.142569640,0.057818417,0.531311273
7,171,211318720,67,3.402770874,0.142569640,0.057818417,0.401749559
6,171,211318720,67,3.568602095,0.142569640,0.057818417,0.443660485
8,171,211318720,67,3.792452816,0.142569640,0.057818417,0.509123174
12,171,211318720,67,3.868117837,0.142569640,0.057818417,0.535244525
13,171,211318720,67,4.375432108,0.142569640,0.057818417,0.463422265
20,171,211318720,67,4.676687899,0.142569640,0.057818417,0.364518696
4,172,211318720,67,0.365025264,0.142569640,0.003525217,0.133662378
19,172,211318720,67,0.379717458,0.142569640,0.003525217,0.138695314
17,172,211318720,67,0.547917520,0.142569640,0.003525217,0.380853569
18,172,211318720,67,0.558343805,0.142569640,0.003525217,0.400147494
5,172,211318720,67,0.558534361,0.142569640,0.003525217,0.400433577
2,172,211318720,67,0.649728261,0.142569640,0.003525217,0.569598379
11,172,211318720,67,0.698314549,0.142569640,0.003525217,0.649599295
1,172,211318720,67,0.707333396,0.142569640,0.003525217,0.658813402
16,172,211318720,67,0.760880050,0.142569640,0.003525217,0.678137950
3,172,211318720,67,1.385377654,0.142569640,0.003525217,0.566884054
12,172,211318720,67,1.575899860,0.142569640,0.003525217,0.598124290
14,172,211318720,67,2.243499345,0.142569640,0.003525217,0.534541446
13,172,211318720,67,2.291893009,0.142569640,0.003525217,0.551670913
10,172,211318720,67,3.189322872,0.142569640,0.003525217,0.453602408
15,172,211318720,67,3.218589660,0.142569640,0.003525217,0.482566542
8,172,211318720,67,3.286792440,0.142569640,0.003525217,0.505330532
7,172,211318720,67,3.969899353,0.142569640,0.003525217,0.372612978
20,172,211318720,67,4.342638764,0.142569640,0.003525217,0.345915573
9,172,211318720,67,5.176538221,0.142569640,0.003525217,0.165292610
6,172,211318720,67,7.731971206,0.142569640,0.003525217,0.000004764
5,173,211318720,67,0.343713453,0.142569640,0.007935225,0.088579155
19,173,211318720,67,0.455660949,0.142569640,0.007935225,0.201450894
17,173,211318720,67,0.456597933,0.142569640,0.007935225,0.201820516
3,173,211318720,67,0.646509572,0.142569640,0.007935225,0.387821573
2,173,211318720,67,0.649728261,0.142569640,0.007935225,0.390798123
11,173,211318720,67,0.698314549,0.142569640,0.007935225,0.406384519
16,173,211318720,67,0.923925775,0.142569640,0.007935225,0.434840879
4,173,211318720,67,1.054517430,0.142569640,0.007935225,0.477720052
18,173,211318720,67,1.245536180,0.142569640,0.007935225,0.511201333
1,173,211318720,67,1.686718099,0.142569640,0.007935225,0.462308919
12,173,211318720,67,2.005690731,0.142569640,0.007935225,0.451272597
14,173,211318720,67,2.243499345,0.142569640,0.007935225,0.467819226
9,173,211318720,67,2.415717836,0.142569640,0.007935225,0.506237320
10,173,211318720,67,3.434655401,0.142569640,0.007935225,0.293890587
8,173,211318720,67,3.539622628,0.142569640,0.007935225,0.398662054
6,173,211318720,67,3.568602095,0.142569640,0.007935225,0.408454404
7,173,211318720,67,3.969899353,0.142569640,0.007935225,0.373546418
13,173,211318720,67,6.042263387,0.142569640,0.007935225,0.046433276
20,173,211318720,67,6.346933578,0.142569640,0.007935225,0.048368589
15,173,211318720,67,6.437179319,0.142569640,0.007935225,0.018291699
18,174,211318720,67,0.472444758,0.142569640,0.042208273,0.159495696
17,174,211318720,67,0.502257727,0.142569640,0.042208273,0.189541137
5,174,211318720,67,0.558534361,0.142569640,0.042208273,0.277740813
3,174,211318720,67,0.646509572,0.142569640,0.042208273,0.366263417
2,174,211318720,67,0.649728261,0.142569640,0.042208273,0.367346853
19,174,211318720,67,0.987265390,0.142569640,0.042208273,0.349775840
4,174,211318720,67,1.257309243,0.142569640,0.042208273,0.358539517
11,174,211318720,67,1.396629099,0.142569640,0.042208273,0.451282851
1,174,211318720,67,1.469077054,0.142569640,0.042208273,0.475354995
16,174,211318720,67,1.630457250,0.142569640,0.042208273,0.517688400
13,174,211318720,67,2.083539099,0.142569640,0.042208273,0.461862074
12,174,211318720,67,3.008536096,0.142569640,0.042208273,0.321312080
14,174,211318720,67,3.044749111,0.142569640,0.042208273,0.332607458
15,174,211318720,67,3.218589660,0.142569640,0.042208273,0.483336198
6,174,211318720,67,3.271218587,0.142569640,0.042208273,0.537059112
9,174,211318720,67,3.278474207,0.142569640,0.042208273,0.539936317
20,174,211318720,67,6.012884442,0.142569640,0.042208273,0.048395206
8,174,211318720,67,6.573584881,0.142569640,0.042208273,0.048856326
10,174,211318720,67,7.114643330,0.142569640,0.042208273,0.047717319
7,174,211318720,67,8.506927184,0.142569640,0.042208273,0.000004764
17,175,211318720,67,0.365278347,0.142569640,0.004416379,0.143087720
18,175,211318720,67,0.429495234,0.142569640,0.004416379,0.216552177
4,175,211318720,67,0.446141990,0.142569640,0.004416379,0.233130064
5,175,211318720,67,0.558534361,0.142569640,0.004416379,0.370254116
3,175,211318720,67,0.600330317,0.142569640,0.004416379,0.411405677
1,175,211318720,67,0.652923135,0.142569640,0.004416379,0.453157420
16,175,211318720,67,0.760880050,0.142569640,0.004416379,0.561243889
19,175,211318720,67,0.797406662,0.142569640,0.004416379,0.574095384
11,175,211318720,67,1.047471824,0.142569640,0.004416379,0.585340844
2,175,211318720,67,1.392274846,0.142569640,0.004416379,0.566352420
9,175,211318720,67,2.415717836,0.142569640,0.004416379,0.365800593
13,175,211318720,67,2.500246919,0.142569640,0.004416379,0.438613378
12,175,211318720,67,2.578745225,0.142569640,0.004416379,0.464769792
20,175,211318720,67,4.008589628,0.142569640,0.004416379,0.090629184
6,175,211318720,67,4.163369111,0.142569640,0.004416379,0.134526901
14,175,211318720,67,4.967748550,0.142569640,0.004416379,0.050026298
7,175,211318720,67,5.387720550,0.142569640,0.004416379,0.048427217
15,175,211318720,67,6.437179319,0.142569640,0.004416379,0.047777268
8,175,211318720,67,7.584905632,0.142569640,0.004416379,0.049538780
10,175,211318720,67,8.095973445,0.142569640,0.004416379,0.000004764
18,176,211318720,67,0.386545711,0.142569640,0.072885469,0.090523397
4,176,211318720,67,0.486700352,0.142569640,0.072885469,0.297030376
3,176,211318720,67,0.507971807,0.142569640,0.072885469,0.346638581
19,176,211318720,67,0.531604441,0.142569640,0.072885469,0.386081003
17,176,211318720,67,0.593577313,0.142569640,0.072885469,0.448951141
2,176,211318720,67,0.603319100,0.142569640,0.072885469,0.452128532
16,176,211318720,67,0.760880050,0.142569640,0.072885469,0.586211831
1,176,211318720,67,0.761743658,0.142569640,0.072885469,0.586569415
11,176,211318720,67,1.296869877,0.142569640,0.072885469,0.576446217
5,176,211318720,67,1.331889630,0.142569640,0.072885469,0.587168717
12,176,211318720,67,1.862427107,0.142569640,0.072885469,0.507486341
10,176,211318720,67,2.698657815,0.142569640,0.072885469,0.332059650
15,176,211318720,67,3.218589660,0.142569640,0.072885469,0.302609777
8,176,211318720,67,3.286792440,0.142569640,0.072885469,0.368317640
14,176,211318720,67,3.365249018,0.142569640,0.072885469,0.394917468
7,176,211318720,67,3.686335113,0.142569640,0.072885469,0.385311105
6,176,211318720,67,3.865985603,0.142569640,0.072885469,0.420509960
20,176,211318720,67,4.008589628,0.142569640,0.072885469,0.469430654
9,176,211318720,67,4.486333125,0.142569640,0.072885469,0.403968678
13,176,211318720,67,6.875679027,0.142569640,0.072885469,0.000004764
11,177,211318720,67,0.399036885,0.142569640,0.121680200,0.065801674
18,177,211318720,67,0.515394281,0.142569640,0.121680200,0.208897741
4,177,211318720,67,0.567817078,0.142569640,0.121680200,0.260796920
17,177,211318720,67,0.593577313,0.142569640,0.121680200,0.268493813
1,177,211318720,67,0.761743658,0.142569640,0.121680200,0.306920738
2,177,211318720,67,1.113819877,0.142569640,0.121680200,0.428499412
19,177,211318720,67,1.139152374,0.142569640,0.121680200,0.454821420
5,177,211318720,67,1.160032904,0.142569640,0.121680200,0.476057461
14,177,211318720,67,1.281999626,0.142569640,0.121680200,0.515273109
3,177,211318720,67,1.431556909,0.142569640,0.121680200,0.559868919
16,177,211318720,67,1.793502975,0.142569640,0.121680200,0.535093825
13,177,211318720,67,2.083539099,0.142569640,0.121680200,0.533829703
9,177,211318720,67,2.243166562,0.142569640,0.121680200,0.576978158
8,177,211318720,67,2.528301877,0.142569640,0.121680200,0.657376459
7,177,211318720,67,2.552078155,0.142569640,0.121680200,0.664609190
12,177,211318720,67,3.295063343,0.142569640,0.121680200,0.516893769
15,177,211318720,67,3.466173480,0.142569640,0.121680200,0.555716470
20,177,211318720,67,4.008589628,0.142569640,0.121680200,0.471852725
6,177,211318720,67,4.163369111,0.142569640,0.121680200,0.517233486
10,177,211318720,67,7.114643330,0.142569640,0.121680200,0.000004764
19,178,211318720,67,0.455660949,0.142569640,0.033585023,0.182981755
4,178,211318720,67,0.486700352,0.142569640,0.033585023,0.232481857
3,178,211318720,67,0.507971807,0.142569640,0.033585023,0.253298974
5,178,211318720,67,0.601498543,0.142569640,0.033585023,0.284568258
17,178,211318720,67,0.913195867,0.142569640,0.033585023,0.348366943
11,178,211318720,67,0.947712603,0.142569640,0.033585023,0.359364918
18,178,211318720,67,1.245536180,0.142569640,0.033585023,0.507652655
16,178,211318720,67,1.250017225,0.142569640,0.033585023,0.512222323
2,178,211318720,67,1.299456523,0.142569640,0.033585023,0.528437227
1,178,211318720,67,1.686718099,0.142569640,0.033585023,0.498317480
13,178,211318720,67,2.083539099,0.142569640,0.033585023,0.462523776
14,178,211318720,67,2.243499345,0.142569640,0.033585023,0.503362290
10,178,211318720,67,2.698657815,0.142569640,0.033585023,0.447573565
9,178,211318720,67,3.278474207,0.142569640,0.033585023,0.435826945
12,178,211318720,67,3.295063343,0.142569640,0.033585023,0.441355799
7,178,211318720,67,3.686335113,0.142569640,0.033585023,0.407983269
6,178,211318720,67,4.163369111,0.142569640,0.033585023,0.342431876
15,178,211318720,67,4.456508759,0.142569640,0.033585023,0.341742931
8,178,211318720,67,6.826415069,0.142569640,0.033585023,0.048643829
20,178,211318720,67,11.023621477,0.142569640,0.033585023,0.000004764
11,179,211318720,67,0.399036885,0.142569640,0.078703083,0.220670918
16,179,211318720,67,0.434788600,0.142569640,0.078703083,0.287124102
19,179,211318720,67,0.455660949,0.142569640,0.078703083,0.322374780
18,179,211318720,67,0.472444758,0.142569640,0.078703083,0.339469721
4,179,211318720,67,0.567817078,0.142569640,0.078703083,0.504986410
17,179,211318720,67,0.639237107,0.142569640,0.078703083,0.672674233
3,179,211318720,67,0.646509572,0.142569640,0.078703083,0.684859156
2,179,211318720,67,0.649728261,0.142569640,0.078703083,0.688210568
1,179,211318720,67,0.707333396,0.142569640,0.078703083,0.707562398
5,179,211318720,67,1.374853812,0.142569640,0.078703083,0.585616200
12,179,211318720,67,1.719163483,0.142569640,0.078703083,0.566312682
9,179,211318720,67,2.243166562,0.142569640,0.078703083,0.657883417
14,179,211318720,67,2.243499345,0.142569640,0.078703083,0.658251662
8,179,211318720,67,2.275471690,0.142569640,0.078703083,0.669117912
13,179,211318720,67,2.708600829,0.142569640,0.078703083,0.623102131
15,179,211318720,67,3.218589660,0.142569640,0.078703083,0.548875409
10,179,211318720,67,3.434655401,0.142569640,0.078703083,0.571099457
6,179,211318720,67,3.865985603,0.142569640,0.078703083,0.526079670
20,179,211318720,67,4.676687899,0.142569640,0.078703083,0.349767090
7,179,211318720,67,6.238413268,0.142569640,0.078703083,0.000004764
17,180,211318720,67,0.365278347,0.142569640,0.006083446,0.047016599
3,180,211318720,67,0.507971807,0.142569640,0.006083446,0.163088167
1,180,211318720,67,0.598512874,0.142569640,0.006083446,0.343285662
18,180,211318720,67,0.601293328,0.142569640,0.006083446,0.347920981
2,180,211318720,67,0.649728261,0.142569640,0.006083446,0.396670038
11,180,211318720,67,0.698314549,0.142569640,0.006083446,0.417410284
19,180,211318720,67,0.835378407,0.142569640,0.006083446,0.462879145
4,180,211318720,67,1.095075793,0.142569640,0.006083446,0.493971944
5,180,211318720,67,1.202997085,0.142569640,0.006083446,0.530361118
16,180,211318720,67,1.576108675,0.142569640,0.006083446,0.506234922
12,180,211318720,67,1.719163483,0.142569640,0.006083446,0.554596911
14,180,211318720,67,1.922999439,0.142569640,0.006083446,0.582799853
9,180,211318720,67,2.243166562,0.142569640,0.006083446,0.571627588
10,180,211318720,67,2.453325286,0.142569640,0.006083446,0.703700029
13,180,211318720,67,2.500246919,0.142569640,0.006083446,0.751028964
8,180,211318720,67,2.528301877,0.142569640,0.006083446,0.760638171
15,180,211318720,67,3.466173480,0.142569640,0.006083446,0.572458104
6,180,211318720,67,3.568602095,0.142569640,0.006083446,0.624147524
7,180,211318720,67,3.686335113,0.142569640,0.006083446,0.665088715
20,180,211318720,67,8.685277527,0.142569640,0.006083446,0.000004764
19,181,211318720,67,0.531604441,0.142569640,0.018017869,0.277494251
16,181,211318720,67,0.597834325,0.142569640,0.018017869,0.521025715
18,181,211318720,67,0.601293328,0.142569640,0.018017869,0.531408748
5,181,211318720,67,0.601498543,0.142569640,0.018017869,0.531926146
2,181,211318720,67,0.603319100,0.142569640,0.018017869,0.534832420
3,181,211318720,67,0.646509572,0.142569640,0.018017869,0.578355985
1,181,211318720,67,0.652923135,0.142569640,0.018017869,0.580494042
11,181,211318720,67,1.147231045,0.142569640,0.018017869,0.518034342
17,181,211318720,67,1.278474213,0.142569640,0.018017869,0.643488782
4,181,211318720,67,1.297867606,0.142569640,0.018017869,0.650406048
12,181,211318720,67,2.005690731,0.142569640,0.018017869,0.515961287
9,181,211318720,67,2.243166562,0.142569640,0.018017869,0.532249040
14,181,211318720,67,4.967748550,0.142569640,0.018017869,0.045560582
8,181,211318720,67,5.562264130,0.142569640,0.018017869,0.101509570
13,181,211318720,67,5.625555567,0.142569640,0.018017869,0.122382481
10,181,211318720,67,6.378645745,0.142569640,0.018017869,0.048710344
15,181,211318720,67,7.675098419,0.142569640,0.018017869,0.138810215
20,181,211318720,67,7.683130120,0.142569640,0.018017869,0.141121415
7,181,211318720,67,8.506927184,0.142569640,0.018017869,0.048264871
6,181,211318720,67,8.624121730,0.142569640,0.018017869,0.009201507
5,182,211318720,67,0.343713453,0.142569640,0.112561226,0.118379607
4,182,211318720,67,0.405583627,0.142569640,0.112561226,0.223486784
3,182,211318720,67,0.461792551,0.142569640,0.112561226,0.321187221
17,182,211318720,67,0.502257727,0.142569640,0.112561226,0.388666215
19,182,211318720,67,0.531604441,0.142569640,0.112561226,0.435058063
1,182,211318720,67,0.598512874,0.142569640,0.112561226,0.528735957
2,182,211318720,67,0.649728261,0.142569640,0.112561226,0.579992464
11,182,211318720,67,0.698314549,0.142569640,0.112561226,0.595352898
16,182,211318720,67,1.250017225,0.142569640,0.112561226,0.549958479
18,182,211318720,67,1.331435226,0.142569640,0.112561226,0.576767915
9,182,211318720,67,2.415717836,0.142569640,0.112561226,0.304864360
10,182,211318720,67,3.189322872,0.142569640,0.112561226,0.143083909
15,182,211318720,67,3.466173480,0.142569640,0.112561226,0.147627563
14,182,211318720,67,3.845998877,0.142569640,0.112561226,0.116748028
6,182,211318720,67,4.163369111,0.142569640,0.112561226,0.197102073
13,182,211318720,67,4.167078198,0.142569640,0.112561226,0.198321391
20,182,211318720,67,4.676687899,0.142569640,0.112561226,0.126514784
12,182,211318720,67,4.870963203,0.142569640,0.112561226,0.158244997
8,182,211318720,67,5.562264130,0.142569640,0.112561226,0.048748982
7,182,211318720,67,7.939798705,0.142569640,0.112561226,0.000004764
5,183,211318720,67,0.343713453,0.142569640,0.023870427,0.045869371
19,183,211318720,67,0.531604441,0.142569640,0.023870427,0.300694976
3,183,211318720,67,0.554151062,0.142569640,0.023870427,0.353464169
4,183,211318720,67,0.567817078,0.142569640,0.023870427,0.375989932
18,183,211318720,67,0.601293328,0.142569640,0.023870427,0.409243626
17,183,211318720,67,0.639237107,0.142569640,0.023870427,0.449349277
16,183,211318720,67,0.760880050,0.142569640,0.023870427,0.571675181
1,183,211318720,67,0.761743658,0.142569640,0.023870427,0.571957429
2,183,211318720,67,1.438684007,0.142569640,0.023870427,0.535843997
11,183,211318720,67,1.446508709,0.142569640,0.023870427,0.538337257
9,183,211318720,67,2.243166562,0.142569640,0.023870427,0.372024951
13,183,211318720,67,2.500246919,0.142569640,0.023870427,0.381943383
8,183,211318720,67,2.781132065,0.142569640,0.023870427,0.382669259
10,183,211318720,67,2.943990344,0.142569640,0.023870427,0.475775848
12,183,211318720,67,3.008536096,0.142569640,0.023870427,0.498213069
7,183,211318720,67,3.686335113,0.142569640,0.023870427,0.363358006
20,183,211318720,67,4.342638764,0.142569640,0.023870427,0.239348374
14,183,211318720,67,4.807498597,0.142569640,0.023870427,0.184397808
15,183,211318720,67,6.932346959,0.142569640,0.023870427,0.049031672
6,183,211318720,67,8.624121730,0.142569640,0.023870427,0.000004764
5,184,211318720,67,0.472605998,0.142569640,0.019314688,0.198262168
19,184,211318720,67,0.531604441,0.142569640,0.019314688,0.392345611
17,184,211318720,67,0.547917520,0.142569640,0.019314688,0.440212523
4,184,211318720,67,0.567817078,0.142569640,0.019314688,0.495024860
16,184,211318720,67,0.597834325,0.142569640,0.019314688,0.565368140
2,184,211318720,67,0.603319100,0.142569640,0.019314688,0.574496721
3,184,211318720,67,0.646509572,0.142569640,0.019314688,0.635646217
11,184,211318720,67,0.698314549,0.142569640,0.019314688,0.687756277
1,184,211318720,67,0.761743658,0.142569640,0.019314688,0.709455699
18,184,211318720,67,1.288485703,0.142569640,0.019314688,0.631312100
14,184,211318720,67,1.922999439,0.142569640,0.019314688,0.517672585
7,184,211318720,67,2.268513916,0.142569640,0.019314688,0.587102118
8,184,211318720,67,2.275471690,0.142569640,0.019314688,0.589836056
10,184,211318720,67,2.943990344,0.142569640,0.019314688,0.463767215
15,184,211318720,67,3.218589660,0.142569640,0.019314688,0.467405184
6,184,211318720,67,3.865985603,0.142569640,0.019314688,0.346272194
12,184,211318720,67,4.727699579,0.142569640,0.019314688,0.178291424
9,184,211318720,67,4.831435673,0.142569640,0.019314688,0.213587361
13,184,211318720,67,6.875679027,0.142569640,0.019314688,0.049313472
20,184,211318720,67,8.685277527,0.142569640,0.019314688,0.000004764
3,185,211318720,67,0.369434041,0.142569640,0.007559899,0.047630635
17,185,211318720,67,0.593577313,0.142569640,0.007559899,0.219437260
11,185,211318720,67,0.598555328,0.142569640,0.007559899,0.224415999
2,185,211318720,67,0.649728261,0.142569640,0.007559899,0.241109908
4,185,211318720,67,0.851725616,0.142569640,0.007559899,0.271738403
18,185,211318720,67,0.987839039,0.142569640,0.007559899,0.452953393
19,185,211318720,67,1.025237136,0.142569640,0.007559899,0.490383268
16,185,211318720,67,1.032622925,0.142569640,0.007559899,0.492859231
5,185,211318720,67,1.245961267,0.142569640,0.007559899,0.518820891
14,185,211318720,67,1.762749486,0.142569640,0.007559899,0.518331072
1,185,211318720,67,1.795538622,0.142569640,0.007559899,0.528637028
12,185,211318720,67,2.005690731,0.142569640,0.007559899,0.553314941
13,185,211318720,67,2.500246919,0.142569640,0.007559899,0.483879954
10,185,211318720,67,2.943990344,0.142569640,0.007559899,0.434368096
15,185,211318720,67,3.218589660,0.142569640,0.007559899,0.439953414
8,185,211318720,67,3.539622628,0.142569640,0.007559899,0.433729061
20,185,211318720,67,3.674540492,0.142569640,0.007559899,0.567021925
7,185,211318720,67,3.686335113,0.142569640,0.007559899,0.571104886
6,185,211318720,67,4.163369111,0.142569640,0.007559899,0.508346162
9,185,211318720,67,5.866743317,0.142569640,0.007559899,0.000004764
16,186,211318720,67,0.434788600,0.142569640,0.004844239,0.045896125
5,186,211318720,67,0.601498543,0.142569640,0.004844239,0.174695687
11,186,211318720,67,0.648434939,0.142569640,0.004844239,0.221353628
1,186,211318720,67,0.707333396,0.142569640,0.004844239,0.242348977
4,186,211318720,67,1.054517430,0.142569640,0.004844239,0.287350655
17,186,211318720,67,1.095835040,0.142569640,0.004844239,0.316810241
19,186,211318720,67,1.215095865,0.142569640,0.004844239,0.431130660
18,186,211318720,67,1.245536180,0.142569640,0.004844239,0.443724474
3,186,211318720,67,1.385377654,0.142569640,0.004844239,0.490319018
2,186,211318720,67,1.531502330,0.142569640,0.004844239,0.536010832
12,186,211318720,67,1.862427107,0.142569640,0.004844239,0.520590861
9,186,211318720,67,2.243166562,0.142569640,0.004844239,0.586810343
14,186,211318720,67,2.243499345,0.142569640,0.004844239,0.586961774
15,186,211318720,67,2.723422020,0.142569640,0.004844239,0.522438898
8,186,211318720,67,3.539622628,0.142569640,0.004844239,0.347226773
6,186,211318720,67,6.542437174,0.142569640,0.004844239,0.048252248
13,186,211318720,67,6.875679027,0.142569640,0.004844239,0.047265000
10,186,211318720,67,7.605308388,0.142569640,0.004844239,0.047902457
7,186,211318720,67,8.506927184,0.142569640,0.004844239,0.048485788
20,186,211318720,67,9.687424934,0.142569640,0.004844239,0.000004764
18,187,211318720,67,0.429495234,0.142569640,0.038892176,0.090504199
3,187,211318720,67,0.507971807,0.142569640,0.038892176,0.125222846
17,187,211318720,67,0.639237107,0.142569640,0.038892176,0.312238640
1,187,211318720,67,0.652923135,0.142569640,0.038892176,0.325862415
11,187,211318720,67,0.698314549,0.142569640,0.038892176,0.340963824
4,187,211318720,67,0.851725616,0.142569640,0.038892176,0.382621470
2,187,211318720,67,1.021001554,0.142569640,0.038892176,0.545146333
19,187,211318720,67,1.025237136,0.142569640,0.038892176,0.549710818
5,187,211318720,67,1.117068722,0.142569640,0.038892176,0.580398389
12,187,211318720,67,1.289372612,0.142569640,0.038892176,0.619713220
16,187,211318720,67,1.630457250,0.142569640,0.038892176,0.606515166
9,187,211318720,67,2.415717836,0.142569640,0.038892176,0.479650171
13,187,211318720,67,2.500246919,0.142569640,0.038892176,0.508727815
7,187,211318720,67,3.119206634,0.142569640,0.038892176,0.427614543
15,187,211318720,67,3.218589660,0.142569640,0.038892176,0.459806119
14,187,211318720,67,3.845998877,0.142569640,0.038892176,0.346235593
20,187,211318720,67,4.676687899,0.142569640,0.038892176,0.164453441
8,187,211318720,67,6.573584881,0.142569640,0.038892176,0.047304972
10,187,211318720,67,7.359975859,0.142569640,0.038892176,0.047446790
6,187,211318720,67,9.516272253,0.142569640,0.038892176,0.000004764
5,188,211318720,67,0.429641816,0.142569640,0.028385133,0.119773353
3,188,211318720,67,0.507971807,0.142569640,0.028385133,0.198979807
4,188,211318720,67,0.527258715,0.142569640,0.028385133,0.218482380
2,188,211318720,67,0.649728261,0.142569640,0.028385133,0.337807742
1,188,211318720,67,0.707333396,0.142569640,0.028385133,0.395306122
16,188,211318720,67,0.760880050,0.142569640,0.028385133,0.413933062
19,188,211318720,67,1.139152374,0.142569640,0.028385133,0.472294446
11,188,211318720,67,1.147231045,0.142569640,0.028385133,0.475302298
18,188,211318720,67,1.288485703,0.142569640,0.028385133,0.562647849
17,188,211318720,67,1.369793800,0.142569640,0.028385133,0.589907748
12,188,211318720,67,1.719163483,0.142569640,0.028385133,0.567208804
9,188,211318720,67,2.070615288,0.142569640,0.028385133,0.629863955
14,188,211318720,67,2.083249392,0.142569640,0.028385133,0.634201260
13,188,211318720,67,2.916954739,0.142569640,0.028385133,0.473577144
8,188,211318720,67,3.033962253,0.142569640,0.028385133,0.512296025
7,188,211318720,67,3.402770874,0.142569640,0.028385133,0.485507498
6,188,211318720,67,3.865985603,0.142569640,0.028385133,0.428501101
10,188,211318720,67,4.170652987,0.142569640,0.028385133,0.424444265
20,188,211318720,67,4.676687899,0.142569640,0.028385133,0.352697684
15,188,211318720,67,8.170266059,0.142569640,0.028385133,0.000004764
19,189,211318720,67,0.455660949,0.142569640,0.032183170,0.094714757
18,189,211318720,67,0.558343805,0.142569640,0.032183170,0.363045799
4,189,211318720,67,0.567817078,0.142569640,0.032183170,0.391627254
2,189,211318720,67,0.603319100,0.142569640,0.032183170,0.475389604
11,189,211318720,67,0.648434939,0.142569640,0.032183170,0.551523226
16,189,211318720,67,0.652182900,0.142569640,0.032183170,0.554842714
1,189,211318720,67,0.652923135,0.142569640,0.032183170,0.554932346
3,189,211318720,67,1.200660634,0.142569640,0.032183170,0.530644404
5,189,211318720,67,1.245961267,0.142569640,0.032183170,0.545680943
17,189,211318720,67,1.461113387,0.142569640,0.032183170,0.570108700
9,189,211318720,67,2.070615288,0.142569640,0.032183170,0.550393941
14,189,211318720,67,2.083249392,0.142569640,0.032183170,0.554812736
15,189,211318720,67,2.475838200,0.142569640,0.032183170,0.520340914
10,189,211318720,67,3.189322872,0.142569640,0.032183170,0.378856186
7,189,211318720,67,3.686335113,0.142569640,0.032183170,0.379072659
12,189,211318720,67,3.724854214,0.142569640,0.032183170,0.393016479
20,189,211318720,67,4.676687899,0.142569640,0.032183170,0.173981307
13,189,211318720,67,5.833909477,0.142569640,0.032183170,0.048179822
8,189,211318720,67,8.596226383,0.142569640,0.032183170,0.049093646
6,189,211318720,67,9.218888745,0.142569640,0.032183170,0.000004764
18,190,211318720,67,0.472444758,0.142569640,0.167299688,0.244862389
17,190,211318720,67,0.502257727,0.142569640,0.167299688,0.334309098
11,190,211318720,67,0.548675717,0.142569640,0.167299688,0.443646239
2,190,211318720,67,0.556909938,0.142569640,0.167299688,0.457166623
4,190,211318720,67,0.567817078,0.142569640,0.167299688,0.470457455
5,190,211318720,67,0.601498543,0.142569640,0.167299688,0.504811076
16,190,211318720,67,0.706531475,0.142569640,0.167299688,0.598867207
1,190,211318720,67,0.761743658,0.142569640,0.167299688,0.616829606
19,190,211318720,67,1.025237136,0.142569640,0.167299688,0.622927007
3,190,211318720,67,1.293019144,0.142569640,0.167299688,0.627964341
12,190,211318720,67,2.005690731,0.142569640,0.167299688,0.537432791
9,190,211318720,67,2.070615288,0.142569640,0.167299688,0.559721972
8,190,211318720,67,2.781132065,0.142569640,0.167299688,0.421981066
15,190,211318720,67,3.218589660,0.142569640,0.167299688,0.373014198
14,190,211318720,67,3.845998877,0.142569640,0.167299688,0.356643823
6,190,211318720,67,3.865985603,0.142569640,0.167299688,0.376668961
7,190,211318720,67,3.969899353,0.142569640,0.167299688,0.412317652
20,190,211318720,67,6.346933578,0.142569640,0.167299688,0.050473949
10,190,211318720,67,6.869310802,0.142569640,0.167299688,0.047562133
13,190,211318720,67,6.875679027,0.142569640,0.167299688,0.045440977
19,191,211318720,67,0.379717458,0.142569640,0.019028829,0.047453930
4,191,211318720,67,0.527258715,0.142569640,0.019028829,0.215902970
18,191,211318720,67,0.558343805,0.142569640,0.019028829,0.246542538
11,191,211318720,67,0.598555328,0.142569640,0.019028829,0.260040029
17,191,211318720,67,1.187154627,0.142569640,0.019028829,0.158429889
3,191,211318720,67,1.339198399,0.142569640,0.019028829,0.334729147
5,191,211318720,67,1.374853812,0.142569640,0.019028829,0.370165390
2,191,211318720,67,1.392274846,0.142569640,0.019028829,0.375917396
16,191,211318720,67,1.630457250,0.142569640,0.019028829,0.449777807
1,191,211318720,67,1.686718099,0.142569640,0.019028829,0.468876603
12,191,211318720,67,2.005690731,0.142569640,0.019028829,0.504946114
13,191,211318720,67,2.083539099,0.142569640,0.019028829,0.530196103
14,191,211318720,67,2.724249205,0.142569640,0.019028829,0.408203810
8,191,211318720,67,3.539622628,0.142569640,0.019028829,0.233382007
9,191,211318720,67,3.968679303,0.142569640,0.019028829,0.185313525
10,191,211318720,67,4.661318044,0.142569640,0.019028829,0.052177850
7,191,211318720,67,5.671284789,0.142569640,0.019028829,0.048415960
15,191,211318720,67,7.179930779,0.142569640,0.019028829,0.049384198
6,191,211318720,67,8.029354714,0.142569640,0.019028829,0.047666855
20,191,211318720,67,10.021474070,0.142569640,0.019028829,0.000004764
19,192,211318720,67,0.455660949,0.142569640,0.051818464,0.147873958
17,192,211318720,67,0.502257727,0.142569640,0.051818464,0.254218310
1,192,211318720,67,0.544102613,0.142569640,0.051818464,0.348162637
11,192,211318720,67,0.598555328,0.142569640,0.051818464,0.439224328
5,192,211318720,67,0.601498543,0.142569640,0.051818464,0.442010486
2,192,211318720,67,0.649728261,0.142569640,0.051818464,0.457759517
4,192,211318720,67,1.135634155,0.142569640,0.051818464,0.446916678
3,192,211318720,67,1.200660634,0.142569640,0.051818464,0.504798474
18,192,211318720,67,1.288485703,0.142569640,0.051818464,0.535731214
16,192,211318720,67,1.576108675,0.142569640,0.051818464,0.534995836
12,192,211318720,67,1.719163483,0.142569640,0.051818464,0.583882308
14,192,211318720,67,1.922999439,0.142569640,0.051818464,0.613441627
13,192,211318720,67,2.083539099,0.142569640,0.051818464,0.656572186
9,192,211318720,67,2.415717836,0.142569640,0.051818464,0.640268571
10,192,211318720,67,2.698657815,0.142569640,0.051818464,0.682471207
8,192,211318720,67,2.781132065,0.142569640,0.051818464,0.708948630
15,192,211318720,67,3.218589660,0.142569640,0.051818464,0.657250867
7,192,211318720,67,3.686335113,0.142569640,0.051818464,0.596415647
6,192,211318720,67,4.163369111,0.142569640,0.051818464,0.530757226
20,192,211318720,67,5.010737035,0.142569640,0.051818464,0.249722894
4,193,211318720,67,0.324466901,0.142569640,0.024879247,0.048286574
18,193,211318720,67,0.472444758,0.142569640,0.024879247,0.184410695
19,193,211318720,67,0.493632695,0.142569640,0.024879247,0.205585753
5,193,211318720,67,0.601498543,0.142569640,0.024879247,0.273356959
11,193,211318720,67,0.698314549,0.142569640,0.024879247,0.307107875
2,193,211318720,67,1.113819877,0.142569640,0.024879247,0.300107885
3,193,211318720,67,1.200660634,0.142569640,0.024879247,0.372294869
17,193,211318720,67,1.278474213,0.142569640,0.024879247,0.402999026
1,193,211318720,67,1.414666793,0.142569640,0.024879247,0.473188784
16,193,211318720,67,1.521760100,0.142569640,0.024879247,0.509897905
12,193,211318720,67,2.435481601,0.142569640,0.024879247,0.303617541
13,193,211318720,67,2.916954739,0.142569640,0.024879247,0.238008626
8,193,211318720,67,3.286792440,0.142569640,0.024879247,0.214657581
9,193,211318720,67,4.141230577,0.142569640,0.024879247,0.048900298
14,193,211318720,67,4.807498597,0.142569640,0.024879247,0.048743543
10,193,211318720,67,6.378645745,0.142569640,0.024879247,0.048587679
7,193,211318720,67,7.656234466,0.142569640,0.024879247,0.127611024
15,193,211318720,67,7.675098419,0.142569640,0.024879247,0.133720510
6,193,211318720,67,8.326738222,0.142569640,0.024879247,0.047384106
20,193,211318720,67,10.021474070,0.142569640,0.024879247,0.000004764
19,194,211318720,67,0.341745712,0.142569640,0.039271083,0.047732194
4,194,211318720,67,0.486700352,0.142569640,0.039271083,0.209344085
18,194,211318720,67,0.515394281,0.142569640,0.039271083,0.262803603
3,194,211318720,67,0.600330317,0.142569640,0.039271083,0.434745190
5,194,211318720,67,0.601498543,0.142569640,0.039271083,0.436729793
2,194,211318720,67,0.649728261,0.142569640,0.039271083,0.506355254
11,194,211318720,67,0.698314549,0.142569640,0.039271083,0.555423759
1,194,211318720,67,0.761743658,0.142569640,0.039271083,0.576503387
17,194,211318720,67,1.506773180,0.142569640,0.039271083,0.513865231
16,194,211318720,67,1.521760100,0.142569640,0.039271083,0.519196088
14,194,211318720,67,2.243499345,0.142569640,0.039271083,0.370418027
13,194,211318720,67,2.916954739,0.142569640,0.039271083,0.246128366
8,194,211318720,67,3.286792440,0.142569640,0.039271083,0.309312487
12,194,211318720,67,3.295063343,0.142569640,0.039271083,0.312450697
15,194,211318720,67,3.466173480,0.142569640,0.039271083,0.352022173
20,194,211318720,67,4.676687899,0.142569640,0.039271083,0.047777196
9,194,211318720,67,5.003986947,0.142569640,0.039271083,0.049170203
7,194,211318720,67,6.805541747,0.142569640,0.039271083,0.047824426
10,194,211318720,67,7.359975859,0.142569640,0.039271083,0.048073683
6,194,211318720,67,8.921505237,0.142569640,0.039271083,0.000004764
5,195,211318720,67,0.343713453,0.142569640,0.016975936,0.048896041
19,195,211318720,67,0.493632695,0.142569640,0.016975936,0.176598169
11,195,211318720,67,0.548675717,0.142569640,0.016975936,0.266160582
18,195,211318720,67,0.601293328,0.142569640,0.016975936,0.344406896
17,195,211318720,67,0.639237107,0.142569640,0.016975936,0.383314342
1,195,211318720,67,0.707333396,0.142569640,0.016975936,0.405557847
4,195,211318720,67,1.095075793,0.142569640,0.016975936,0.370081471
3,195,211318720,67,1.339198399,0.142569640,0.016975936,0.487476529
2,195,211318720,67,1.392274846,0.142569640,0.016975936,0.540687088
16,195,211318720,67,1.413062950,0.142569640,0.016975936,0.547618407
14,195,211318720,67,2.243499345,0.142569640,0.016975936,0.364776285
9,195,211318720,67,2.415717836,0.142569640,0.016975936,0.442220929
13,195,211318720,67,2.500246919,0.142569640,0.016975936,0.471494183
12,195,211318720,67,3.008536096,0.142569640,0.016975936,0.398781436
15,195,211318720,67,3.218589660,0.142569640,0.016975936,0.485963688
6,195,211318720,67,3.271218587,0.142569640,0.016975936,0.504198989
10,195,211318720,67,4.415985515,0.142569640,0.016975936,0.221074929
20,195,211318720,67,4.676687899,0.142569640,0.016975936,0.229097189
7,195,211318720,67,7.372670226,0.142569640,0.016975936,0.047143908
8,195,211318720,67,7.584905632,0.142569640,0.016975936,0.000004764
5,196,211318720,67,0.343713453,0.142569640,0.017852830,0.117405979
19,196,211318720,67,0.379717458,0.142569640,0.017852830,0.129545134
18,196,211318720,67,0.558343805,0.142569640,0.017852830,0.376567639
11,196,211318720,67,0.598555328,0.142569640,0.017852830,0.470047757
3,196,211318720,67,0.600330317,0.142569640,0.017852830,0.472854216
17,196,211318720,67,0.639237107,0.142569640,0.017852830,0.538967133
2,196,211318720,67,0.649728261,0.142569640,0.017852830,0.556176173
16,196,211318720,67,0.760880050,0.142569640,0.017852830,0.727406740
1,196,211318720,67,0.761743658,0.142569640,0.017852830,0.728232668
4,196,211318720,67,0.811167254,0.142569640,0.017852830,0.744679043
10,196,211318720,67,2.207992758,0.142569640,0.017852830,0.377435920
13,196,211318720,67,2.916954739,0.142569640,0.017852830,0.269168527
12,196,211318720,67,3.008536096,0.142569640,0.017852830,0.301320570
7,196,211318720,67,3.402770874,0.142569640,0.017852830,0.265829344
9,196,211318720,67,3.796128029,0.142569640,0.017852830,0.232099812
20,196,211318720,67,4.008589628,0.142569640,0.017852830,0.256419043
6,196,211318720,67,4.163369111,0.142569640,0.017852830,0.301008473
14,196,211318720,67,4.967748550,0.142569640,0.017852830,0.132604844
15,196,211318720,67,5.694427859,0.142569640,0.017852830,0.046515320
8,196,211318720,67,8.343396195,0.142569640,0.017852830,0.000004764
19,197,211318720,67,0.417689204,0.142569640,0.088697508,0.139140968
18,197,211318720,67,0.429495234,0.142569640,0.088697508,0.150859980
3,197,211318720,67,0.554151062,0.142569640,0.088697508,0.325594198
17,197,211318720,67,0.593577313,0.142569640,0.088697508,0.384133039
5,197,211318720,67,0.601498543,0.142569640,0.088697508,0.391450036
1,197,211318720,67,0.707333396,0.142569640,0.088697508,0.427285307
4,197,211318720,67,0.851725616,0.142569640,0.088697508,0.474799477
2,197,211318720,67,1.067410715,0.142569640,0.088697508,0.497158749
11,197,211318720,67,1.296869877,0.142569640,0.088697508,0.608691156
16,197,211318720,67,1.304365800,0.142569640,0.088697508,0.611333271
12,197,211318720,67,1.862427107,0.142569640,0.088697508,0.523313484
8,197,211318720,67,2.275471690,0.142569640,0.088697508,0.487593500
9,197,211318720,67,2.415717836,0.142569640,0.088697508,0.534000840
15,197,211318720,67,2.971005840,0.142569640,0.088697508,0.447673031
10,197,211318720,67,3.434655401,0.142569640,0.088697508,0.390431550
6,197,211318720,67,3.865985603,0.142569640,0.088697508,0.341883076
14,197,211318720,67,5.288248457,0.142569640,0.088697508,0.048414770
13,197,211318720,67,5.833909477,0.142569640,0.088697508,0.047584842
20,197,211318720,67,7.683130120,0.142569640,0.088697508,0.047056701
7,197,211318720,67,8.223362945,0.142569640,0.088697508,0.000004764
3,198,211318720,67,0.415613296,0.142569640,0.066356517,0.066556670
19,198,211318720,67,0.531604441,0.142569640,0.066356517,0.251571183
18,198,211318720,67,0.558343805,0.142569640,0.066356517,0.296380113
16,198,211318720,67,0.597834325,0.142569640,0.066356517,0.335866546
11,198,211318720,67,0.648434939,0.142569640,0.066356517,0.353029685
17,198,211318720,67,0.821876280,0.142569640,0.066356517,0.403728255
5,198,211318720,67,0.945211995,0.142569640,0.066356517,0.490778755
2,198,211318720,67,1.021001554,0.142569640,0.066356517,0.560349327
4,198,211318720,67,1.095075793,0.142569640,0.066356517,0.586514399
13,198,211318720,67,1.666831279,0.142569640,0.066356517,0.577053957
1,198,211318720,67,1.686718099,0.142569640,0.066356517,0.583500530
9,198,211318720,67,1.898064014,0.142569640,0.066356517,0.631941829
12,198,211318720,67,2.005690731,0.142569640,0.066356517,0.711930161
14,198,211318720,67,2.083249392,0.142569640,0.066356517,0.737937600
15,198,211318720,67,2.971005840,0.142569640,0.066356517,0.539892998
10,198,211318720,67,3.189322872,0.142569640,0.066356517,0.562996773
6,198,211318720,67,4.163369111,0.142569640,0.066356517,0.338923153
20,198,211318720,67,4.676687899,0.142569640,0.066356517,0.264919703
8,198,211318720,67,7.332075444,0.142569640,0.066356517,0.048477233
7,198,211318720,67,9.357619903,0.142569640,0.066356517,0.000004764
18,199,211318720,67,0.429495234,0.142569640,0.043285694,0.115842275
5,199,211318720,67,0.515570179,0.142569640,0.043285694,0.283613595
19,199,211318720,67,0.531604441,0.142569640,0.043285694,0.331753428
4,199,211318720,67,0.567817078,0.142569640,0.043285694,0.418295426
17,199,211318720,67,0.639237107,0.142569640,0.043285694,0.585627409
3,199,211318720,67,0.646509572,0.142569640,0.043285694,0.598067994
16,199,211318720,67,0.652182900,0.142569640,0.043285694,0.603903151
1,199,211318720,67,0.707333396,0.142569640,0.043285694,0.622551766
2,199,211318720,67,1.392274846,0.142569640,0.043285694,0.586752998
11,199,211318720,67,1.396629099,0.142569640,0.043285694,0.588528046
12,199,211318720,67,2.005690731,0.142569640,0.043285694,0.483539611
14,199,211318720,67,2.243499345,0.142569640,0.043285694,0.498331485
15,199,211318720,67,3.218589660,0.142569640,0.043285694,0.263961763
10,199,211318720,67,3.434655401,0.142569640,0.043285694,0.313153443
8,199,211318720,67,3.539622628,0.142569640,0.043285694,0.349638239
6,199,211318720,67,3.865985603,0.142569640,0.043285694,0.364921757
7,199,211318720,67,3.969899353,0.142569640,0.043285694,0.398989780
20,199,211318720,67,4.676687899,0.142569640,0.043285694,0.263813083
13,199,211318720,67,5.000493838,0.142569640,0.043285694,0.251682024
9,199,211318720,67,5.349089495,0.142569640,0.043285694,0.134005577
3,200,211318720,67,0.507971807,0.142569640,0.092090108,0.257185697
2,200,211318720,67,0.510500777,0.142569640,0.092090108,0.261428741
4,200,211318720,67,0.527258715,0.142569640,0.092090108,0.277582865
18,200,211318720,67,0.601293328,0.142569640,0.092090108,0.302539509
19,200,211318720,67,0.797406662,0.142569640,0.092090108,0.331426024
1,200,211318720,67,1.033794964,0.142569640,0.092090108,0.350223461
17,200,211318720,67,1.187154627,0.142569640,0.092090108,0.450294624
5,200,211318720,67,1.245961267,0.142569640,0.092090108,0.470161403
11,200,211318720,67,1.396629099,0.142569640,0.092090108,0.563372557
16,200,211318720,67,1.467411525,0.142569640,0.092090108,0.586702685
14,200,211318720,67,1.762749486,0.142569640,0.092090108,0.605834511
13,200,211318720,67,1.875185189,0.142569640,0.092090108,0.644125664
10,200,211318720,67,2.698657815,0.142569640,0.092090108,0.463738754
6,200,211318720,67,2.973835079,0.142569640,0.092090108,0.469174480
9,200,211318720,67,3.278474207,0.142569640,0.092090108,0.465649694
8,200,211318720,67,3.539622628,0.142569640,0.092090108,0.473025823
7,200,211318720,67,3.969899353,0.142569640,0.092090108,0.426878604
12,200,211318720,67,4.297908708,0.142569640,0.092090108,0.411918743
15,200,211318720,67,6.189595499,0.142569640,0.092090108,0.048454279
20,200,211318720,67,7.683130120,0.142569640,0.092090108,0.000004764
18,201,211318720,67,0.343596187,0.142569640,0.090619110,0.127127347
19,201,211318720,67,0.417689204,0.142569640,0.090619110,0.202409215
1,201,211318720,67,0.435282090,0.142569640,0.090619110,0.226762824
5,201,211318720,67,0.558534361,0.142569640,0.090619110,0.428506125
4,201,211318720,67,0.567817078,0.142569640,0.090619110,0.444166476
17,201,211318720,67,0.639237107,0.142569640,0.090619110,0.515447918
3,201,211318720,67,0.646509572,0.142569640,0.090619110,0.517734361
2,201,211318720,67,1.299456523,0.142569640,0.090619110,0.491286991
16,201,211318720,67,1.304365800,0.142569640,0.090619110,0.492875310
11,201,211318720,67,1.496388320,0.142569640,0.090619110,0.567143506
12,201,211318720,67,1.575899860,0.142569640,0.090619110,0.594896724
9,201,211318720,67,1.898064014,0.142569640,0.090619110,0.585696636
14,201,211318720,67,2.243499345,0.142569640,0.090619110,0.567139941
15,201,211318720,67,3.218589660,0.142569640,0.090619110,0.334971251
10,201,211318720,67,3.434655401,0.142569640,0.090619110,0.360131992
7,201,211318720,67,3.969899353,0.142569640,0.090619110,0.278000690
6,201,211318720,67,4.163369111,0.142569640,0.090619110,0.309261174
8,201,211318720,67,4.803773567,0.142569640,0.090619110,0.195767186
13,201,211318720,67,6.042263387,0.142569640,0.090619110,0.050432926
20,201,211318720,67,11.023621477,0.142569640,0.090619110,0.000004764
19,202,211318720,67,0.531604441,0.142569640,0.000748088,0.313100303
11,202,211318720,67,0.548675717,0.142569640,0.000748088,0.364984780
2,202,211318720,67,0.556909938,0.142569640,0.000748088,0.384156560
4,202,211318720,67,0.567817078,0.142569640,0.000748088,0.402601466
3,202,211318720,67,0.646509572,0.142569640,0.000748088,0.482962241
1,202,211318720,67,0.652923135,0.142569640,0.000748088,0.484869730
5,202,211318720,67,0.816319451,0.142569640,0.000748088,0.522499378
17,202,211318720,67,1.050175247,0.142569640,0.000748088,0.540485570
18,202,211318720,67,1.288485703,0.142569640,0.000748088,0.555839193
16,202,211318720,67,1.630457250,0.142569640,0.000748088,0.538845063
14,202,211318720,67,1.922999439,0.142569640,0.000748088,0.536997809
13,202,211318720,67,2.291893009,0.142569640,0.000748088,0.507290892
8,202,211318720,67,3.286792440,0.142569640,0.000748088,0.382371595
12,202,211318720,67,3.295063343,0.142569640,0.000748088,0.390847734
7,202,211318720,67,3.402770874,0.142569640,0.000748088,0.479943256
15,202,211318720,67,3.466173480,0.142569640,0.000748088,0.501406016
20,202,211318720,67,4.676687899,0.142569640,0.000748088,0.195879111
9,202,211318720,67,5.176538221,0.142569640,0.000748088,0.123363924
10,202,211318720,67,8.341305974,0.142569640,0.000748088,0.046921869
6,202,211318720,67,9.218888745,0.142569640,0.000748088,0.000004764
5,203,211318720,67,0.386677635,0.142569640,0.054150257,0.049208501
3,203,211318720,67,0.554151062,0.142569640,0.054150257,0.210051468
4,203,211318720,67,0.608375440,0.142569640,0.054150257,0.300637513
11,203,211318720,67,0.648434939,0.142569640,0.054150257,0.360033535
16,203,211318720,67,0.652182900,0.142569640,0.054150257,0.363584194
1,203,211318720,67,0.761743658,0.142569640,0.054150257,0.473730800
18,203,211318720,67,0.816040945,0.142569640,0.054150257,0.527661966
2,203,211318720,67,0.881774069,0.142569640,0.054150257,0.550236106
19,203,211318720,67,1.139152374,0.142569640,0.054150257,0.562194674
17,203,211318720,67,1.415453593,0.142569640,0.054150257,0.564866717
14,203,211318720,67,2.243499345,0.142569640,0.054150257,0.391383740
10,203,211318720,67,2.698657815,0.142569640,0.054150257,0.423379827
13,203,211318720,67,2.708600829,0.142569640,0.054150257,0.427108322
15,203,211318720,67,3.218589660,0.142569640,0.054150257,0.356755434
7,203,211318720,67,3.402770874,0.142569640,0.054150257,0.390409918
12,203,211318720,67,4.011381461,0.142569640,0.054150257,0.283060194
6,203,211318720,67,4.163369111,0.142569640,0.054150257,0.325379661
20,203,211318720,67,4.676687899,0.142569640,0.054150257,0.251302184
9,203,211318720,67,5.176538221,0.142569640,0.054150257,0.182400376
8,203,211318720,67,7.837735819,0.142569640,0.054150257,0.000004764
19,204,211318720,67,0.493632695,0.142569640,0.001852912,0.244622248
11,204,211318720,67,0.498796107,0.142569640,0.001852912,0.253280015
17,204,211318720,67,0.547917520,0.142569640,0.001852912,0.302972391
4,204,211318720,67,0.567817078,0.142569640,0.001852912,0.309262045
16,204,211318720,67,0.760880050,0.142569640,0.001852912,0.342382452
3,204,211318720,67,0.969764358,0.142569640,0.001852912,0.422249059
5,204,211318720,67,1.031140359,0.142569640,0.001852912,0.443016771
18,204,211318720,67,1.288485703,0.142569640,0.001852912,0.515445701
9,204,211318720,67,1.380410192,0.142569640,0.001852912,0.643383251
2,204,211318720,67,1.392274846,0.142569640,0.001852912,0.654995747
1,204,211318720,67,1.469077054,0.142569640,0.001852912,0.679931324
14,204,211318720,67,1.922999439,0.142569640,0.001852912,0.664398081
12,204,211318720,67,2.005690731,0.142569640,0.001852912,0.692132144
13,204,211318720,67,2.708600829,0.142569640,0.001852912,0.555748950
15,204,211318720,67,3.218589660,0.142569640,0.001852912,0.479191184
8,204,211318720,67,3.539622628,0.142569640,0.001852912,0.465866876
7,204,211318720,67,3.969899353,0.142569640,0.001852912,0.417836263
20,204,211318720,67,4.676687899,0.142569640,0.001852912,0.279926642
10,204,211318720,67,8.095973445,0.142569640,0.001852912,0.045461520
6,204,211318720,67,8.921505237,0.142569640,0.001852912,0.000004764
11,205,211318720,67,0.598555328,0.142569640,0.038149215,0.235754340
5,205,211318720,67,0.601498543,0.142569640,0.038149215,0.240747012
2,205,211318720,67,0.649728261,0.142569640,0.038149215,0.289657771
4,205,211318720,67,0.689492166,0.142569640,0.038149215,0.302561897
18,205,211318720,67,1.116687609,0.142569640,0.038149215,0.257787493
19,205,211318720,67,1.253067611,0.142569640,0.038149215,0.381036433
17,205,211318720,67,1.278474213,0.142569640,0.038149215,0.389482157
3,205,211318720,67,1.431556909,0.142569640,0.038149215,0.504595961
1,205,211318720,67,1.469077054,0.142569640,0.038149215,0.517173162
16,205,211318720,67,1.684805825,0.142569640,0.038149215,0.539910831
8,205,211318720,67,2.022641502,0.142569640,0.038149215,0.641993689
9,205,211318720,67,2.070615288,0.142569640,0.038149215,0.690117112
14,205,211318720,67,2.083249392,0.142569640,0.038149215,0.694239442
13,205,211318720,67,2.916954739,0.142569640,0.038149215,0.551011816
12,205,211318720,67,3.008536096,0.142569640,0.038149215,0.604013677
7,205,211318720,67,3.119206634,0.142569640,0.038149215,0.689482109
10,205,211318720,67,3.189322872,0.142569640,0.038149215,0.713827322
15,205,211318720,67,3.713757300,0.142569640,0.038149215,0.636187270
20,205,211318720,67,6.346933578,0.142569640,0.038149215,0.048277151
6,205,211318720,67,8.921505237,0.142569640,0.038149215,0.000004764
4,206,211318720,67,0.405583627,0.142569640,0.002426018,0.047970379
3,206,211318720,67,0.554151062,0.142569640,0.002426018,0.123270243
2,206,211318720,67,0.649728261,0.142569640,0.002426018,0.295785164
11,206,211318720,67,0.698314549,0.142569640,0.002426018,0.394508142
16,206,211318720,67,0.706531475,0.142569640,0.002426018,0.407804915
1,206,211318720,67,0.761743658,0.142569640,0.002426018,0.466311404
18,206,211318720,67,0.816040945,0.142569640,0.002426018,0.520738402
5,206,211318720,67,0.902247814,0.142569640,0.002426018,0.563147778
19,206,211318720,67,1.025237136,0.142569640,0.002426018,0.605557870
17,206,211318720,67,1.324134007,0.142569640,0.002426018,0.603326344
12,206,211318720,67,2.005690731,0.142569640,0.002426018,0.474723150
15,206,211318720,67,2.971005840,0.142569640,0.002426018,0.248590765
20,206,211318720,67,3.674540492,0.142569640,0.002426018,0.109910933
6,206,211318720,67,3.865985603,0.142569640,0.002426018,0.142168217
14,206,211318720,67,4.807498597,0.142569640,0.002426018,0.046483189
9,206,211318720,67,5.176538221,0.142569640,0.002426018,0.049097510
7,206,211318720,67,5.387720550,0.142569640,0.002426018,0.074047659
8,206,211318720,67,6.067924505,0.142569640,0.002426018,0.047023426
13,206,211318720,67,6.250617297,0.142569640,0.002426018,0.082269053
10,206,211318720,67,7.359975859,0.142569640,0.002426018,0.000004764
5,207,211318720,67,0.429641816,0.142569640,0.135707065,0.144441215
17,207,211318720,67,0.502257727,0.142569640,0.135707065,0.264074516
18,207,211318720,67,0.515394281,0.142569640,0.135707065,0.283928261
3,207,211318720,67,0.554151062,0.142569640,0.135707065,0.322926001
11,207,211318720,67,0.648434939,0.142569640,0.135707065,0.411900357
1,207,211318720,67,0.707333396,0.142569640,0.135707065,0.431838594
2,207,211318720,67,1.021001554,0.142569640,0.135707065,0.422653054
19,207,211318720,67,1.177124119,0.142569640,0.135707065,0.534903453
4,207,211318720,67,1.216750881,0.142569640,0.135707065,0.548578912
16,207,211318720,67,1.576108675,0.142569640,0.135707065,0.559166686
13,207,211318720,67,1.666831279,0.142569640,0.135707065,0.588752138
14,207,211318720,67,2.243499345,0.142569640,0.135707065,0.491921990
9,207,211318720,67,2.415717836,0.142569640,0.135707065,0.529128604
15,207,211318720,67,2.723422020,0.142569640,0.135707065,0.524539651
8,207,211318720,67,3.033962253,0.142569640,0.135707065,0.514433667
10,207,211318720,67,3.189322872,0.142569640,0.135707065,0.556488771
6,207,211318720,67,3.568602095,0.142569640,0.135707065,0.543776428
7,207,211318720,67,3.686335113,0.142569640,0.135707065,0.581836862
12,207,211318720,67,4.011381461,0.142569640,0.135707065,0.569368753
20,207,211318720,67,10.689572341,0.142569640,0.135707065,0.000004764
18,208,211318720,67,0.472444758,0.142569640,0.029340515,0.234809461
4,208,211318720,67,0.486700352,0.142569640,0.029340515,0.269068276
19,208,211318720,67,0.493632695,0.142569640,0.029340515,0.280543575
11,208,211318720,67,0.598555328,0.142569640,0.029340515,0.475982145
3,208,211318720,67,0.600330317,0.142569640,0.029340515,0.478866289
17,208,211318720,67,0.639237107,0.142569640,0.029340515,0.519025874
16,208,211318720,67,0.706531475,0.142569640,0.029340515,0.541074795
1,208,211318720,67,1.251436009,0.142569640,0.029340515,0.530600196
5,208,211318720,67,1.288925448,0.142569640,0.029340515,0.543165116
2,208,211318720,67,1.577911492,0.142569640,0.029340515,0.543358249
14,208,211318720,67,1.922999439,0.142569640,0.029340515,0.527513544
9,208,211318720,67,2.070615288,0.142569640,0.029340515,0.571288015
13,208,211318720,67,2.291893009,0.142569640,0.029340515,0.593413104
10,208,211318720,67,3.189322872,0.142569640,0.029340515,0.466515334
15,208,211318720,67,3.218589660,0.142569640,0.029340515,0.476558099
20,208,211318720,67,3.674540492,0.142569640,0.029340515,0.421420020
12,208,211318720,67,4.011381461,0.142569640,0.029340515,0.404436765
7,208,211318720,67,6.238413268,0.142569640,0.029340515,0.049406761
8,208,211318720,67,7.584905632,0.142569640,0.029340515,0.049320228
6,208,211318720,67,9.516272253,0.142569640,0.029340515,0.000004764
5,209,211318720,67,0.429641816,0.142569640,0.006519785,0.142544959
19,209,211318720,67,0.493632695,0.142569640,0.006519785,0.206042722
2,209,211318720,67,0.510500777,0.142569640,0.006519785,0.211760826
1,209,211318720,67,0.652923135,0.142569640,0.006519785,0.260908125
18,209,211318720,67,0.816040945,0.142569640,0.006519785,0.303475571
3,209,211318720,67,1.154481379,0.142569640,0.006519785,0.386548893
17,209,211318720,67,1.187154627,0.142569640,0.006519785,0.419513771
4,209,211318720,67,1.257309243,0.142569640,0.006519785,0.444672264
11,209,211318720,67,1.396629099,0.142569640,0.006519785,0.575938066
16,209,211318720,67,1.413062950,0.142569640,0.006519785,0.581741949
15,209,211318720,67,1.980670560,0.142569640,0.006519785,0.550860287
9,209,211318720,67,2.070615288,0.142569640,0.006519785,0.684676507
14,209,211318720,67,2.083249392,0.142569640,0.006519785,0.697608204
12,209,211318720,67,2.148954354,0.142569640,0.006519785,0.720660678
8,209,211318720,67,2.781132065,0.142569640,0.006519785,0.609600612
10,209,211318720,67,3.434655401,0.142569640,0.006519785,0.485188987
20,209,211318720,67,4.676687899,0.142569640,0.006519785,0.167844434
13,209,211318720,67,6.458971207,0.142569640,0.006519785,0.047645226
6,209,211318720,67,7.731971206,0.142569640,0.006519785,0.051043780
7,209,211318720,67,8.506927184,0.142569640,0.006519785,0.000004764
4,210,211318720,67,0.324466901,0.142569640,0.003828362,0.047892321
18,210,211318720,67,0.472444758,0.142569640,0.003828362,0.161724278
19,210,211318720,67,0.531604441,0.142569640,0.003828362,0.235011779
17,210,211318720,67,0.593577313,0.142569640,0.003828362,0.298060889
1,210,211318720,67,0.652923135,0.142569640,0.003828362,0.340280698
16,210,211318720,67,0.760880050,0.142569640,0.003828362,0.394266672
3,210,211318720,67,0.877405848,0.142569640,0.003828362,0.453904852
5,210,211318720,67,0.988176177,0.142569640,0.003828362,0.492127620
12,210,211318720,67,1.146108989,0.142569640,0.003828362,0.654043375
11,210,211318720,67,1.147231045,0.142569640,0.003828362,0.655134659
2,210,211318720,67,1.253047361,0.142569640,0.003828362,0.691681709
9,210,211318720,67,2.415717836,0.142569640,0.003828362,0.401492351
13,210,211318720,67,2.916954739,0.142569640,0.003828362,0.332722166
15,210,211318720,67,3.218589660,0.142569640,0.003828362,0.329985151
8,210,211318720,67,3.539622628,0.142569640,0.003828362,0.318064875
7,210,211318720,67,3.686335113,0.142569640,0.003828362,0.363306804
14,210,211318720,67,4.006248831,0.142569640,0.003828362,0.351704400
10,210,211318720,67,5.887980687,0.142569640,0.003828362,0.048925255
20,210,211318720,67,7.015031849,0.142569640,0.003828362,0.049474952
6,210,211318720,67,9.218888745,0.142569640,0.003828362,0.000004764
19,211,211318720,67,0.417689204,0.142569640,0.008758166,0.139774979
18,211,211318720,67,0.472444758,0.142569640,0.008758166,0.224950054
2,211,211318720,67,0.510500777,0.142569640,0.008758166,0.270938591
4,211,211318720,67,0.567817078,0.142569640,0.008758166,0.367624302
3,211,211318720,67,0.646509572,0.142569640,0.008758166,0.465562776
11,211,211318720,67,0.648434939,0.142569640,0.008758166,0.467533790
16,211,211318720,67,0.760880050,0.142569640,0.008758166,0.504807070
5,211,211318720,67,1.160032904,0.142569640,0.008758166,0.535842192
1,211,211318720,67,1.197025748,0.142569640,0.008758166,0.547844212
17,211,211318720,67,1.369793800,0.142569640,0.008758166,0.587132595
14,211,211318720,67,2.083249392,0.142569640,0.008758166,0.448268500
9,211,211318720,67,2.243166562,0.142569640,0.008758166,0.490219241
7,211,211318720,67,3.119206634,0.142569640,0.008758166,0.300183077
15,211,211318720,67,3.466173480,0.142569640,0.008758166,0.278726078
6,211,211318720,67,3.865985603,0.142569640,0.008758166,0.241690935
12,211,211318720,67,4.011381461,0.142569640,0.008758166,0.288632378
20,211,211318720,67,4.676687899,0.142569640,0.008758166,0.184215032
13,211,211318720,67,4.792139928,0.142569640,0.008758166,0.222361658
8,211,211318720,67,5.815094318,0.142569640,0.008758166,0.048237364
10,211,211318720,67,6.378645745,0.142569640,0.008758166,0.000004764
19,212,211318720,67,0.417689204,0.142569640,0.036043543,0.086691214
5,212,211318720,67,0.515570179,0.142569640,0.036043543,0.289814170
17,212,211318720,67,0.547917520,0.142569640,0.036043543,0.365914571
4,212,211318720,67,0.567817078,0.142569640,0.036043543,0.398944508
2,212,211318720,67,0.603319100,0.142569640,0.036043543,0.434714016
3,212,211318720,67,0.646509572,0.142569640,0.036043543,0.449602127
11,212,211318720,67,1.197110656,0.142569640,0.036043543,0.482290565
18,212,211318720,67,1.245536180,0.142569640,0.036043543,0.530456833
16,212,211318720,67,1.250017225,0.142569640,0.036043543,0.531998728
12,212,211318720,67,1.432636236,0.142569640,0.036043543,0.582911335
9,212,211318720,67,1.552961466,0.142569640,0.036043543,0.665838802
1,212,211318720,67,1.632307838,0.142569640,0.036043543,0.691985923
15,212,211318720,67,1.980670560,0.142569640,0.036043543,0.668282257
14,212,211318720,67,2.243499345,0.142569640,0.036043543,0.675815459
10,212,211318720,67,3.434655401,0.142569640,0.036043543,0.382534260
7,212,211318720,67,3.969899353,0.142569640,0.036043543,0.303400096
20,212,211318720,67,4.676687899,0.142569640,0.036043543,0.172684642
8,212,211318720,67,4.803773567,0.142569640,0.036043543,0.216380298
13,212,211318720,67,6.042263387,0.142569640,0.036043543,0.047730894
6,212,211318720,67,6.245053666,0.142569640,0.036043543,0.000004764
1,213,211318720,67,0.435282090,0.142569640,0.003712847,0.104686109
19,213,211318720,67,0.531604441,0.142569640,0.003712847,0.332377124
17,213,211318720,67,0.547917520,0.142569640,0.003712847,0.370739785
4,213,211318720,67,0.567817078,0.142569640,0.003712847,0.403751080
11,213,211318720,67,0.598555328,0.142569640,0.003712847,0.434552672
2,213,211318720,67,0.649728261,0.142569640,0.003712847,0.472668967
16,213,211318720,67,0.760880050,0.142569640,0.003712847,0.510011449
18,213,211318720,67,0.987839039,0.142569640,0.003712847,0.531231691
5,213,211318720,67,1.460782175,0.142569640,0.003712847,0.510232603
3,213,211318720,67,1.570094675,0.142569640,0.003712847,0.620438119
12,213,211318720,67,1.575899860,0.142569640,0.003712847,0.622525869
9,213,211318720,67,1.898064014,0.142569640,0.003712847,0.611994514
13,213,211318720,67,2.708600829,0.142569640,0.003712847,0.441085182
10,213,211318720,67,2.943990344,0.142569640,0.003712847,0.533389116
6,213,211318720,67,2.973835079,0.142569640,0.003712847,0.543501688
14,213,211318720,67,3.204999065,0.142569640,0.003712847,0.563563109
15,213,211318720,67,3.466173480,0.142569640,0.003712847,0.573972210
8,213,211318720,67,3.792452816,0.142569640,0.003712847,0.560773106
20,213,211318720,67,4.676687899,0.142569640,0.003712847,0.362222274
7,213,211318720,67,8.223362945,0.142569640,0.003712847,0.000004764
19,214,211318720,67,0.531604441,0.142569640,0.033418272,0.168535946
17,214,211318720,67,0.593577313,0.142569640,0.033418272,0.323632365
5,214,211318720,67,0.601498543,0.142569640,0.033418272,0.347536519
11,214,211318720,67,0.648434939,0.142569640,0.033418272,0.477537176
3,214,211318720,67,0.692688827,0.142569640,0.033418272,0.580786326
1,214,211318720,67,0.707333396,0.142569640,0.033418272,0.605086365
18,214,211318720,67,0.730141898,0.142569640,0.033418272,0.627494804
16,214,211318720,67,0.760880050,0.142569640,0.033418272,0.638050738
4,214,211318720,67,1.095075793,0.142569640,0.033418272,0.621461766
2,214,211318720,67,1.345865684,0.142569640,0.033418272,0.633950159
14,214,211318720,67,2.083249392,0.142569640,0.033418272,0.486817744
9,214,211318720,67,2.415717836,0.142569640,0.033418272,0.471170883
15,214,211318720,67,3.218589660,0.142569640,0.033418272,0.316080241
20,214,211318720,67,3.340491357,0.142569640,0.033418272,0.388193027
12,214,211318720,67,3.438326967,0.142569640,0.033418272,0.449264725
8,214,211318720,67,3.539622628,0.142569640,0.033418272,0.484345923
7,214,211318720,67,3.969899353,0.142569640,0.033418272,0.434921522
10,214,211318720,67,4.661318044,0.142569640,0.033418272,0.309031855
13,214,211318720,67,4.792139928,0.142569640,0.033418272,0.353800774
6,214,211318720,67,7.731971206,0.142569640,0.033418272,0.000004764
5,215,211318720,67,0.515570179,0.142569640,0.054882761,0.066468231
17,215,211318720,67,0.639237107,0.142569640,0.054882761,0.254955355
11,215,211318720,67,0.648434939,0.142569640,0.054882761,0.270437920
16,215,211318720,67,0.706531475,0.142569640,0.054882761,0.328804283
1,215,211318720,67,0.761743658,0.142569640,0.054882761,0.361282622
2,215,211318720,67,0.881774069,0.142569640,0.054882761,0.400894494
3,215,211318720,67,1.062122868,0.142569640,0.054882761,0.437989475
4,215,211318720,67,1.216750881,0.142569640,0.054882761,0.554740847
19,215,211318720,67,1.253067611,0.142569640,0.054882761,0.567077839
18,215,211318720,67,1.417334273,0.142569640,0.054882761,0.609844553
12,215,211318720,67,1.719163483,0.142569640,0.054882761,0.606565913
14,215,211318720,67,2.083249392,0.142569640,0.054882761,0.581400650
9,215,211318720,67,2.415717836,0.142569640,0.054882761,0.564821942
20,215,211318720,67,3.340491357,0.142569640,0.054882761,0.441052616
7,215,211318720,67,3.402770874,0.142569640,0.054882761,0.503119266
10,215,211318720,67,3.434655401,0.142569640,0.054882761,0.514126265
6,215,211318720,67,4.163369111,0.142569640,0.054882761,0.369925537
13,215,211318720,67,4.375432108,0.142569640,0.054882761,0.393699812
8,215,211318720,67,5.309433942,0.142569640,0.054882761,0.176131478
15,215,211318720,67,8.417849879,0.142569640,0.054882761,0.000004764
17,216,211318720,67,0.365278347,0.142569640,0.001204033,0.318009552
3,216,211318720,67,0.369434041,0.142569640,0.001204033,0.324917912
2,216,211318720,67,0.371273292,0.142569640,0.001204033,0.326682473
19,216,211318720,67,0.379717458,0.142569640,0.001204033,0.329307512
11,216,211318720,67,0.598555328,0.142569640,0.001204033,0.503698954
5,216,211318720,67,0.601498543,0.142569640,0.001204033,0.506699380
1,216,211318720,67,0.652923135,0.142569640,0.001204033,0.523679276
16,216,211318720,67,1.086971500,0.142569640,0.001204033,0.476179719
18,216,211318720,67,1.288485703,0.142569640,0.001204033,0.594332923
4,216,211318720,67,1.297867606,0.142569640,0.001204033,0.597987301
9,216,211318720,67,1.552961466,0.142569640,0.001204033,0.611259465
12,216,211318720,67,2.005690731,0.142569640,0.001204033,0.601042053
14,216,211318720,67,2.083249392,0.142569640,0.001204033,0.628046958
13,216,211318720,67,2.708600829,0.142569640,0.001204033,0.527456569
7,216,211318720,67,2.835642395,0.142569640,0.001204033,0.570308380
8,216,211318720,67,3.033962253,0.142569640,0.001204033,0.599282045
6,216,211318720,67,3.865985603,0.142569640,0.001204033,0.417412487
20,216,211318720,67,6.012884442,0.142569640,0.001204033,0.050026574
15,216,211318720,67,7.427514599,0.142569640,0.001204033,0.046092505
10,216,211318720,67,7.605308388,0.142569640,0.001204033,0.000004764
4,217,211318720,67,0.446141990,0.142569640,0.037247889,0.131076586
2,217,211318720,67,0.464091615,0.142569640,0.037247889,0.145504728
11,217,211318720,67,0.598555328,0.142569640,0.037247889,0.337290690
18,217,211318720,67,0.601293328,0.142569640,0.037247889,0.340208072
16,217,211318720,67,0.652182900,0.142569640,0.037247889,0.379742438
1,217,211318720,67,0.761743658,0.142569640,0.037247889,0.416448779
3,217,211318720,67,0.969764358,0.142569640,0.037247889,0.526051608
19,217,211318720,67,0.987265390,0.142569640,0.037247889,0.532218120
5,217,211318720,67,1.245961267,0.142569640,0.037247889,0.586450125
17,217,211318720,67,1.324134007,0.142569640,0.037247889,0.613264777
12,217,211318720,67,1.862427107,0.142569640,0.037247889,0.670109970
13,217,211318720,67,1.875185189,0.142569640,0.037247889,0.682998890
14,217,211318720,67,1.922999439,0.142569640,0.037247889,0.698570430
9,217,211318720,67,2.070615288,0.142569640,0.037247889,0.744114900
10,217,211318720,67,2.453325286,0.142569640,0.037247889,0.713326529
8,217,211318720,67,3.539622628,0.142569640,0.037247889,0.447186411
6,217,211318720,67,3.865985603,0.142569640,0.037247889,0.459226363
7,217,211318720,67,3.969899353,0.142569640,0.037247889,0.494311403
15,217,211318720,67,5.694427859,0.142569640,0.037247889,0.048694657
20,217,211318720,67,7.683130120,0.142569640,0.037247889,0.000004764
1,218,211318720,67,0.435282090,0.142569640,0.064830787,0.088220513
5,218,211318720,67,0.515570179,0.142569640,0.064830787,0.160088777
18,218,211318720,67,0.601293328,0.142569640,0.064830787,0.245524495
11,218,211318720,67,0.648434939,0.142569640,0.064830787,0.261958018
19,218,211318720,67,0.911321899,0.142569640,0.064830787,0.270259890
4,218,211318720,67,1.054517430,0.142569640,0.064830787,0.320120093
16,218,211318720,67,1.195668650,0.142569640,0.064830787,0.439570182
3,218,211318720,67,1.246839889,0.142569640,0.064830787,0.491181224
17,218,211318720,67,1.324134007,0.142569640,0.064830787,0.517083697
2,218,211318720,67,1.531502330,0.142569640,0.064830787,0.540767305
12,218,211318720,67,1.862427107,0.142569640,0.064830787,0.528520776
14,218,211318720,67,2.083249392,0.142569640,0.064830787,0.644951429
13,218,211318720,67,2.083539099,0.142569640,0.064830787,0.645066785
15,218,211318720,67,3.218589660,0.142569640,0.064830787,0.366539355
7,218,211318720,67,3.402770874,0.142569640,0.064830787,0.479558026
10,218,211318720,67,3.434655401,0.142569640,0.064830787,0.511403041
8,218,211318720,67,3.539622628,0.142569640,0.064830787,0.546399034
9,218,211318720,67,5.176538221,0.142569640,0.064830787,0.095586436
20,218,211318720,67,7.349080985,0.142569640,0.064830787,0.048524760
6,218,211318720,67,9.516272253,0.142569640,0.064830787,0.000004764
19,219,211318720,67,0.493632695,0.142569640,0.011188647,0.153341503
17,219,211318720,67,0.547917520,0.142569640,0.011188647,0.243526739
18,219,211318720,67,0.601293328,0.142569640,0.011188647,0.326453001
5,219,211318720,67,0.601498543,0.142569640,0.011188647,0.326599992
11,219,211318720,67,0.698314549,0.142569640,0.011188647,0.359769389
3,219,211318720,67,0.877405848,0.142569640,0.011188647,0.572674783
2,219,211318720,67,0.881774069,0.142569640,0.011188647,0.576732169
4,219,211318720,67,0.892283979,0.142569640,0.011188647,0.580457402
16,219,211318720,67,1.413062950,0.142569640,0.011188647,0.504308292
1,219,211318720,67,1.686718099,0.142569640,0.011188647,0.509996579
8,219,211318720,67,2.022641502,0.142569640,0.011188647,0.548881216
14,219,211318720,67,2.083249392,0.142569640,0.011188647,0.570509330
13,219,211318720,67,2.291893009,0.142569640,0.011188647,0.608095951
9,219,211318720,67,2.415717836,0.142569640,0.011188647,0.649751822
10,219,211318720,67,3.189322872,0.142569640,0.011188647,0.567439017
15,219,211318720,67,3.218589660,0.142569640,0.011188647,0.576049988
20,219,211318720,67,4.008589628,0.142569640,0.011188647,0.411799952
12,219,211318720,67,4.297908708,0.142569640,0.011188647,0.409356315
7,219,211318720,67,6.521977508,0.142569640,0.011188647,0.049107843
6,219,211318720,67,7.137204190,0.142569640,0.011188647,0.000004764
4,220,211318720,67,0.324466901,0.142569640,0.081752457,0.157095162
2,220,211318720,67,0.371273292,0.142569640,0.081752457,0.234128857
17,220,211318720,67,0.410938140,0.142569640,0.081752457,0.277573112
19,220,211318720,67,0.455660949,0.142569640,0.081752457,0.351633555
11,220,211318720,67,0.548675717,0.142569640,0.081752457,0.471944309
3,220,211318720,67,0.554151062,0.142569640,0.081752457,0.477500947
16,220,211318720,67,0.652182900,0.142569640,0.081752457,0.508079458
18,220,211318720,67,1.288485703,0.142569640,0.081752457,0.410355146
1,220,211318720,67,1.414666793,0.142569640,0.081752457,0.537898502
5,220,211318720,67,1.417817993,0.142569640,0.081752457,0.539185914
9,220,211318720,67,2.070615288,0.142569640,0.081752457,0.507118744
13,220,211318720,67,2.083539099,0.142569640,0.081752457,0.511768038
12,220,211318720,67,2.865272472,0.142569640,0.081752457,0.348541630
8,220,211318720,67,3.033962253,0.142569640,0.081752457,0.386843380
10,220,211318720,67,3.434655401,0.142569640,0.081752457,0.357409318
6,220,211318720,67,3.568602095,0.142569640,0.081752457,0.421213690
14,220,211318720,67,3.685748924,0.142569640,0.081752457,0.461823150
15,220,211318720,67,7.675098419,0.142569640,0.081752457,0.048220175
7,220,211318720,67,8.223362945,0.142569640,0.081752457,0.047706693
20,220,211318720,67,10.355523205,0.142569640,0.081752457,0.000004764
2,221,211318720,67,0.510500777,0.142569640,0.087885626,0.152896227
17,221,211318720,67,0.547917520,0.142569640,0.087885626,0.190526439
3,221,211318720,67,0.600330317,0.142569640,0.087885626,0.208256715
1,221,211318720,67,0.761743658,0.142569640,0.087885626,0.269122267
19,221,211318720,67,0.873350153,0.142569640,0.087885626,0.317918628
11,221,211318720,67,0.997592213,0.142569640,0.087885626,0.431182813
5,221,211318720,67,1.031140359,0.142569640,0.087885626,0.442843292
4,221,211318720,67,1.216750881,0.142569640,0.087885626,0.553268210
18,221,211318720,67,1.245536180,0.142569640,0.087885626,0.562992933
16,221,211318720,67,1.521760100,0.142569640,0.087885626,0.569211730
14,221,211318720,67,2.083249392,0.142569640,0.087885626,0.476956416
9,221,211318720,67,2.243166562,0.142569640,0.087885626,0.519713088
15,221,211318720,67,2.475838200,0.142569640,0.087885626,0.538713484
13,221,211318720,67,2.916954739,0.142569640,0.087885626,0.522445246
12,221,211318720,67,3.008536096,0.142569640,0.087885626,0.553979977
10,221,211318720,67,3.189322872,0.142569640,0.087885626,0.661278570
6,221,211318720,67,3.271218587,0.142569640,0.087885626,0.743183727
8,221,211318720,67,3.286792440,0.142569640,0.087885626,0.748516785
7,221,211318720,67,8.506927184,0.142569640,0.087885626,0.048330517
20,221,211318720,67,10.355523205,0.142569640,0.087885626,0.000004764
19,222,211318720,67,0.493632695,0.142569640,0.083673306,0.100924916
18,222,211318720,67,0.558343805,0.142569640,0.083673306,0.158020591
2,222,211318720,67,0.649728261,0.142569640,0.083673306,0.209750261
16,222,211318720,67,0.760880050,0.142569640,0.083673306,0.245612508
11,222,211318720,67,1.047471824,0.142569640,0.083673306,0.247883751
4,222,211318720,67,1.216750881,0.142569640,0.083673306,0.318758571
5,222,211318720,67,1.331889630,0.142569640,0.083673306,0.502652089
3,222,211318720,67,1.339198399,0.142569640,0.083673306,0.510058065
17,222,211318720,67,1.369793800,0.142569640,0.083673306,0.520950652
1,222,211318720,67,1.795538622,0.142569640,0.083673306,0.497956507
9,222,211318720,67,1.898064014,0.142569640,0.083673306,0.556935534
12,222,211318720,67,2.005690731,0.142569640,0.083673306,0.593946118
13,222,211318720,67,2.500246919,0.142569640,0.083673306,0.522196746
6,222,211318720,67,3.568602095,0.142569640,0.083673306,0.264279355
7,222,211318720,67,3.969899353,0.142569640,0.083673306,0.227905876
14,222,211318720,67,4.326748737,0.142569640,0.083673306,0.204258874
20,222,211318720,67,4.676687899,0.142569640,0.083673306,0.183747873
10,222,211318720,67,5.642648159,0.142569640,0.083673306,0.047378438
8,222,211318720,67,6.826415069,0.142569640,0.083673306,0.048115612
15,222,211318720,67,6.932346959,0.142569640,0.083673306,0.012807210
19,223,211318720,67,0.455660949,0.142569640,0.087041914,0.186811450
4,223,211318720,67,0.486700352,0.142569640,0.087041914,0.253608051
17,223,211318720,67,0.502257727,0.142569640,0.087041914,0.279002403
18,223,211318720,67,0.601293328,0.142569640,0.087041914,0.379378864
2,223,211318720,67,0.603319100,0.142569640,0.087041914,0.380152036
5,223,211318720,67,1.374853812,0.142569640,0.087041914,0.418072533
3,223,211318720,67,1.385377654,0.142569640,0.087041914,0.435808806
11,223,211318720,67,1.396629099,0.142569640,0.087041914,0.446506298
16,223,211318720,67,1.467411525,0.142569640,0.087041914,0.469773187
1,223,211318720,67,1.686718099,0.142569640,0.087041914,0.492180271
12,223,211318720,67,2.005690731,0.142569640,0.087041914,0.481536923
6,223,211318720,67,2.379068063,0.142569640,0.087041914,0.453532896
13,223,211318720,67,2.916954739,0.142569640,0.087041914,0.370055620
10,223,211318720,67,3.434655401,0.142569640,0.087041914,0.394819165
15,223,211318720,67,3.466173480,0.142569640,0.087041914,0.426438828
8,223,211318720,67,3.539622628,0.142569640,0.087041914,0.448685481
9,223,211318720,67,3.968679303,0.142569640,0.087041914,0.402753177
14,223,211318720,67,4.807498597,0.142569640,0.087041914,0.220585104
7,223,211318720,67,6.521977508,0.142569640,0.087041914,0.048931254
20,223,211318720,67,7.683130120,0.142569640,0.087041914,0.000004764
18,224,211318720,67,0.343596187,0.142569640,0.112815678,0.074898958
4,224,211318720,67,0.446141990,0.142569640,0.112815678,0.174188038
19,224,211318720,67,0.531604441,0.142569640,0.112815678,0.307035329
17,224,211318720,67,0.547917520,0.142569640,0.112815678,0.323190977
2,224,211318720,67,0.603319100,0.142569640,0.112815678,0.373377127
11,224,211318720,67,0.698314549,0.142569640,0.112815678,0.404634083
3,224,211318720,67,0.877405848,0.142569640,0.112815678,0.441645270
5,224,211318720,67,1.288925448,0.142569640,0.112815678,0.400442855
1,224,211318720,67,1.577897577,0.142569640,0.112815678,0.460984992
16,224,211318720,67,1.630457250,0.142569640,0.112815678,0.513591372
12,224,211318720,67,1.719163483,0.142569640,0.112815678,0.544229117
9,224,211318720,67,1.898064014,0.142569640,0.112815678,0.656702370
14,224,211318720,67,1.922999439,0.142569640,0.112815678,0.665009739
13,224,211318720,67,2.708600829,0.142569640,0.112815678,0.502800501
15,224,211318720,67,5.199260219,0.142569640,0.112815678,0.047029052
20,224,211318720,67,6.346933578,0.142569640,0.112815678,0.122765307
10,224,211318720,67,6.378645745,0.142569640,0.112815678,0.132968175
8,224,211318720,67,7.332075444,0.142569640,0.112815678,0.048898931
7,224,211318720,67,9.074055663,0.142569640,0.112815678,0.049180544
6,224,211318720,67,9.218888745,0.142569640,0.112815678,0.000783861
2,225,211318720,67,0.556909938,0.142569640,0.023618612,0.219783953
17,225,211318720,67,0.593577313,0.142569640,0.023618612,0.280679684
5,225,211318720,67,0.601498543,0.142569640,0.023618612,0.288686050
3,225,211318720,67,0.646509572,0.142569640,0.023618612,0.304567953
19,225,211318720,67,0.873350153,0.142569640,0.023618612,0.324953704
16,225,211318720,67,1.086971500,0.142569640,0.023618612,0.411372211
4,225,211318720,67,1.135634155,0.142569640,0.023618612,0.427756185
18,225,211318720,67,1.288485703,0.142569640,0.023618612,0.560719919
11,225,211318720,67,1.296869877,0.142569640,0.023618612,0.563268683
1,225,211318720,67,1.686718099,0.142569640,0.023618612,0.533788653
9,225,211318720,67,1.898064014,0.142569640,0.023618612,0.560536272
15,225,211318720,67,3.466173480,0.142569640,0.023618612,0.130973833
7,225,211318720,67,3.969899353,0.142569640,0.023618612,0.057784825
12,225,211318720,67,4.154645085,0.142569640,0.023618612,0.182641433
6,225,211318720,67,4.163369111,0.142569640,0.023618612,0.185419436
13,225,211318720,67,4.583786018,0.142569640,0.023618612,0.197415858
14,225,211318720,67,4.647248644,0.142569640,0.023618612,0.220006129
10,225,211318720,67,6.869310802,0.142569640,0.023618612,0.049887979
20,225,211318720,67,7.349080985,0.142569640,0.023618612,0.047373126
8,225,211318720,67,7.584905632,0.142569640,0.023618612,0.000004764
4,226,211318720,67,0.527258715,0.142569640,0.244193122,0.297500318
19,226,211318720,67,0.531604441,0.142569640,0.244193122,0.304653128
17,226,211318720,67,0.547917520,0.142569640,0.244193122,0.321144345
18,226,211318720,67,0.558343805,0.142569640,0.244193122,0.324841193
3,226,211318720,67,0.969764358,0.142569640,0.244193122,0.353598824
2,226,211318720,67,1.021001554,0.142569640,0.244193122,0.435860704
11,226,211318720,67,1.097351435,0.142569640,0.244193122,0.512553853
5,226,211318720,67,1.117068722,0.142569640,0.244193122,0.518974364
12,226,211318720,67,1.575899860,0.142569640,0.244193122,0.480475666
1,226,211318720,67,1.686718099,0.142569640,0.244193122,0.515057969
16,226,211318720,67,1.847851550,0.142569640,0.244193122,0.558444907
13,226,211318720,67,2.708600829,0.142569640,0.244193122,0.367117455
14,226,211318720,67,3.044749111,0.142569640,0.244193122,0.351491434
10,226,211318720,67,3.189322872,0.142569640,0.244193122,0.399400905
7,226,211318720,67,3.686335113,0.142569640,0.244193122,0.330179415
9,226,211318720,67,3.968679303,0.142569640,0.244193122,0.402285942
20,226,211318720,67,4.008589628,0.142569640,0.244193122,0.414677411
15,226,211318720,67,5.446844039,0.142569640,0.244193122,0.049621066
8,226,211318720,67,5.815094318,0.142569640,0.244193122,0.046646435
6,226,211318720,67,9.813655761,0.142569640,0.244193122,0.000004764
18,227,211318720,67,0.515394281,0.142569640,0.180385515,0.301577727
4,227,211318720,67,0.527258715,0.142569640,0.180385515,0.336379070
19,227,211318720,67,0.531604441,0.142569640,0.180385515,0.346684763
11,227,211318720,67,0.598555328,0.142569640,0.180385515,0.482268556
5,227,211318720,67,0.601498543,0.142569640,0.180385515,0.487300830
2,227,211318720,67,0.649728261,0.142569640,0.180385515,0.535643354
16,227,211318720,67,0.706531475,0.142569640,0.180385515,0.555104120
3,227,211318720,67,0.877405848,0.142569640,0.180385515,0.594504996
17,227,211318720,67,1.324134007,0.142569640,0.180385515,0.546100276
1,227,211318720,67,1.795538622,0.142569640,0.180385515,0.484075395
14,227,211318720,67,2.243499345,0.142569640,0.180385515,0.432883319
10,227,211318720,67,2.698657815,0.142569640,0.180385515,0.456073680
12,227,211318720,67,2.722008849,0.142569640,0.180385515,0.464690297
15,227,211318720,67,3.218589660,0.142569640,0.180385515,0.396624361
9,227,211318720,67,3.623576755,0.142569640,0.180385515,0.357522925
20,227,211318720,67,4.008589628,0.142569640,0.180385515,0.323496472
8,227,211318720,67,4.803773567,0.142569640,0.180385515,0.153845928
13,227,211318720,67,5.000493838,0.142569640,0.180385515,0.184748617
7,227,211318720,67,6.521977508,0.142569640,0.180385515,0.048480138
6,227,211318720,67,9.516272253,0.142569640,0.180385515,0.000004764
5,228,211318720,67,0.429641816,0.142569640,0.062217787,0.209736108
4,228,211318720,67,0.446141990,0.142569640,0.062217787,0.226260360
17,228,211318720,67,0.456597933,0.142569640,0.062217787,0.230127210
2,228,211318720,67,0.649728261,0.142569640,0.062217787,0.417358979
1,228,211318720,67,0.652923135,0.142569640,0.062217787,0.420620319
11,228,211318720,67,0.698314549,0.142569640,0.062217787,0.435469781
19,228,211318720,67,0.873350153,0.142569640,0.062217787,0.472366339
3,228,211318720,67,1.108302123,0.142569640,0.062217787,0.577108501
18,228,211318720,67,1.116687609,0.142569640,0.062217787,0.580103612
16,228,211318720,67,1.793502975,0.142569640,0.062217787,0.498289424
12,228,211318720,67,1.862427107,0.142569640,0.062217787,0.521503529
14,228,211318720,67,2.243499345,0.142569640,0.062217787,0.487377608
9,228,211318720,67,2.415717836,0.142569640,0.062217787,0.563922472
13,228,211318720,67,2.500246919,0.142569640,0.062217787,0.593272177
15,228,211318720,67,3.466173480,0.142569640,0.062217787,0.438975741
8,228,211318720,67,3.539622628,0.142569640,0.062217787,0.512439154
6,228,211318720,67,3.568602095,0.142569640,0.062217787,0.522717140
7,228,211318720,67,5.104156311,0.142569640,0.062217787,0.114537781
10,228,211318720,67,6.623978273,0.142569640,0.062217787,0.049086272
20,228,211318720,67,8.685277527,0.142569640,0.062217787,0.000004764
4,229,211318720,67,0.446141990,0.142569640,0.020301102,0.141901455
1,229,211318720,67,0.489692351,0.142569640,0.020301102,0.246396486
17,229,211318720,67,0.547917520,0.142569640,0.020301102,0.382348775
3,229,211318720,67,0.600330317,0.142569640,0.020301102,0.469412240
5,229,211318720,67,0.601498543,0.142569640,0.020301102,0.470646297
2,229,211318720,67,0.603319100,0.142569640,0.020301102,0.471376684
11,229,211318720,67,1.047471824,0.142569640,0.020301102,0.453870606
19,229,211318720,67,1.139152374,0.142569640,0.020301102,0.536521196
18,229,211318720,67,1.202586656,0.142569640,0.020301102,0.557076941
16,229,211318720,67,1.847851550,0.142569640,0.020301102,0.436892701
9,229,211318720,67,2.070615288,0.142569640,0.020301102,0.457895512
20,229,211318720,67,3.006442221,0.142569640,0.020301102,0.248138819
10,229,211318720,67,3.189322872,0.142569640,0.020301102,0.281500714
8,229,211318720,67,3.539622628,0.142569640,0.020301102,0.263434456
12,229,211318720,67,3.724854214,0.142569640,0.020301102,0.298007673
7,229,211318720,67,3.969899353,0.142569640,0.020301102,0.311826377
14,229,211318720,67,5.127998503,0.142569640,0.020301102,0.047404549
13,229,211318720,67,5.833909477,0.142569640,0.020301102,0.047939295
6,229,211318720,67,6.245053666,0.142569640,0.020301102,0.050341562
15,229,211318720,67,7.675098419,0.142569640,0.020301102,0.000004764
3,230,211318720,67,0.554151062,0.142569640,0.062292982,0.227055265
4,230,211318720,67,0.567817078,0.142569640,0.062292982,0.249623012
5,230,211318720,67,0.601498543,0.142569640,0.062292982,0.298862069
1,230,211318720,67,0.652923135,0.142569640,0.062292982,0.350843380
19,230,211318720,67,0.721463170,0.142569640,0.062292982,0.374896444
2,230,211318720,67,1.253047361,0.142569640,0.062292982,0.310899029
17,230,211318720,67,1.369793800,0.142569640,0.062292982,0.429555140
11,230,211318720,67,1.446508709,0.142569640,0.062292982,0.508786897
18,230,211318720,67,1.460283797,0.142569640,0.062292982,0.513712026
16,230,211318720,67,1.684805825,0.142569640,0.062292982,0.535410321
12,230,211318720,67,2.005690731,0.142569640,0.062292982,0.521307801
14,230,211318720,67,2.243499345,0.142569640,0.062292982,0.537285797
9,230,211318720,67,2.415717836,0.142569640,0.062292982,0.575990202
6,230,211318720,67,2.676451571,0.142569640,0.062292982,0.586059635
15,230,211318720,67,3.218589660,0.142569640,0.062292982,0.499045911
7,230,211318720,67,3.402770874,0.142569640,0.062292982,0.537327656
8,230,211318720,67,3.539622628,0.142569640,0.062292982,0.585163735
13,230,211318720,67,4.375432108,0.142569640,0.062292982,0.406295997
10,230,211318720,67,5.397315630,0.142569640,0.062292982,0.166760291
20,230,211318720,67,8.017179256,0.142569640,0.062292982,0.000004764
19,231,211318720,67,0.455660949,0.142569640,0.022440597,0.103114740
11,231,211318720,67,0.548675717,0.142569640,0.022440597,0.435522527
4,231,211318720,67,0.567817078,0.142569640,0.022440597,0.518616289
18,231,211318720,67,0.601293328,0.142569640,0.022440597,0.640619115
5,231,211318720,67,0.601498543,0.142569640,0.022440597,0.641272229
2,231,211318720,67,0.603319100,0.142569640,0.022440597,0.645505532
3,231,211318720,67,0.646509572,0.142569640,0.022440597,0.718015742
16,231,211318720,67,0.652182900,0.142569640,0.022440597,0.723960021
17,231,211318720,67,0.684896900,0.142569640,0.022440597,0.735801867
1,231,211318720,67,1.142615487,0.142569640,0.022440597,0.676095333
12,231,211318720,67,1.575899860,0.142569640,0.022440597,0.629145879
14,231,211318720,67,1.922999439,0.142569640,0.022440597,0.665261986
15,231,211318720,67,1.980670560,0.142569640,0.022440597,0.684939228
10,231,211318720,67,2.698657815,0.142569640,0.022440597,0.546666043
6,231,211318720,67,3.271218587,0.142569640,0.022440597,0.454689031
8,231,211318720,67,3.539622628,0.142569640,0.022440597,0.505785211
9,231,211318720,67,3.623576755,0.142569640,0.022440597,0.591340899
20,231,211318720,67,3.674540492,0.142569640,0.022440597,0.607995402
13,231,211318720,67,4.792139928,0.142569640,0.022440597,0.332557468
7,231,211318720,67,7.939798705,0.142569640,0.022440597,0.000004764
11,232,211318720,67,0.548675717,0.142569640,0.009533281,0.225894682
18,232,211318720,67,0.558343805,0.142569640,0.009533281,0.242494341
16,232,211318720,67,0.597834325,0.142569640,0.009533281,0.281947970
2,232,211318720,67,0.649728261,0.142569640,0.009533281,0.319477449
1,232,211318720,67,0.761743658,0.142569640,0.009533281,0.356957119
19,232,211318720,67,0.949293645,0.142569640,0.009533281,0.567139119
17,232,211318720,67,0.958855660,0.142569640,0.009533281,0.583364093
5,232,211318720,67,0.988176177,0.142569640,0.009533281,0.613532990
3,232,211318720,67,1.062122868,0.142569640,0.009533281,0.656864675
4,232,211318720,67,1.176192518,0.142569640,0.009533281,0.694824076
9,232,211318720,67,2.415717836,0.142569640,0.009533281,0.384742992
15,232,211318720,67,2.971005840,0.142569640,0.009533281,0.293763720
12,232,211318720,67,3.295063343,0.142569640,0.009533281,0.282899314
13,232,211318720,67,3.542016468,0.142569640,0.009533281,0.294853576
7,232,211318720,67,3.969899353,0.142569640,0.009533281,0.317036386
20,232,211318720,67,4.008589628,0.142569640,0.009533281,0.330182496
14,232,211318720,67,4.166498784,0.142569640,0.009533281,0.371811279
6,232,211318720,67,5.650286650,0.142569640,0.009533281,0.046073790
10,232,211318720,67,7.359975859,0.142569640,0.009533281,0.049020503
8,232,211318720,67,8.090566007,0.142569640,0.009533281,0.000004764
19,233,211318720,67,0.531604441,0.142569640,0.004679226,0.312668680
17,233,211318720,67,0.547917520,0.142569640,0.004679226,0.372705607
1,233,211318720,67,0.598512874,0.142569640,0.004679226,0.525735064
3,233,211318720,67,0.600330317,0.142569640,0.004679226,0.529923265
5,233,211318720,67,0.601498543,0.142569640,0.004679226,0.532019875
11,233,211318720,67,0.648434939,0.142569640,0.004679226,0.613519184
2,233,211318720,67,0.649728261,0.142569640,0.004679226,0.615712109
16,233,211318720,67,0.760880050,0.142569640,0.004679226,0.726779033
4,233,211318720,67,0.770608891,0.142569640,0.004679226,0.730045040
18,233,211318720,67,1.116687609,0.142569640,0.004679226,0.710688176
9,233,211318720,67,1.552961466,0.142569640,0.004679226,0.660100410
15,233,211318720,67,2.228254380,0.142569640,0.004679226,0.528466111
6,233,211318720,67,2.379068063,0.142569640,0.004679226,0.575561109
12,233,211318720,67,2.578745225,0.142569640,0.004679226,0.603203091
8,233,211318720,67,3.286792440,0.142569640,0.004679226,0.464955821
14,233,211318720,67,4.807498597,0.142569640,0.004679226,0.054184270
10,233,211318720,67,5.642648159,0.142569640,0.004679226,0.047625907
7,233,211318720,67,6.238413268,0.142569640,0.004679226,0.049425036
13,233,211318720,67,6.667325117,0.142569640,0.004679226,0.047547498
20,233,211318720,67,9.353375798,0.142569640,0.004679226,0.000004764
4,234,211318720,67,0.365025264,0.142569640,0.124915823,0.106727045
19,234,211318720,67,0.417689204,0.142569640,0.124915823,0.124761201
18,234,211318720,67,0.558343805,0.142569640,0.124915823,0.339190756
3,234,211318720,67,0.600330317,0.142569640,0.124915823,0.409828367
5,234,211318720,67,0.601498543,0.142569640,0.124915823,0.411010485
1,234,211318720,67,0.652923135,0.142569640,0.124915823,0.428418003
17,234,211318720,67,1.050175247,0.142569640,0.124915823,0.453561912
11,234,211318720,67,1.097351435,0.142569640,0.124915823,0.469858120
16,234,211318720,67,1.413062950,0.142569640,0.124915823,0.535221110
2,234,211318720,67,1.438684007,0.142569640,0.124915823,0.544256023
9,234,211318720,67,2.415717836,0.142569640,0.124915823,0.319132158
13,234,211318720,67,2.708600829,0.142569640,0.124915823,0.315221587
10,234,211318720,67,2.943990344,0.142569640,0.124915823,0.334177741
7,234,211318720,67,3.402770874,0.142569640,0.124915823,0.402888375
12,234,211318720,67,3.438326967,0.142569640,0.124915823,0.437874607
15,234,211318720,67,3.466173480,0.142569640,0.124915823,0.446863901
14,234,211318720,67,4.166498784,0.142569640,0.124915823,0.311304847
20,234,211318720,67,4.342638764,0.142569640,0.124915823,0.349987923
8,234,211318720,67,7.079245256,0.142569640,0.124915823,0.047055000
6,234,211318720,67,8.921505237,0.142569640,0.124915823,0.000004764
2,235,211318720,67,0.371273292,0.142569640,0.049631521,0.170769363
19,235,211318720,67,0.379717458,0.142569640,0.049631521,0.183469569
3,235,211318720,67,0.461792551,0.142569640,0.049631521,0.296351783
18,235,211318720,67,0.515394281,0.142569640,0.049631521,0.350129856
5,235,211318720,67,0.558534361,0.142569640,0.049631521,0.364765877
4,235,211318720,67,0.730050528,0.142569640,0.049631521,0.401748816
1,235,211318720,67,1.033794964,0.142569640,0.049631521,0.394400885
17,235,211318720,67,1.369793800,0.142569640,0.049631521,0.390409941
11,235,211318720,67,1.496388320,0.142569640,0.049631521,0.432506643
16,235,211318720,67,1.739154400,0.142569640,0.049631521,0.446494355
9,235,211318720,67,2.415717836,0.142569640,0.049631521,0.313861178
10,235,211318720,67,3.434655401,0.142569640,0.049631521,0.071526719
7,235,211318720,67,3.686335113,0.142569640,0.049631521,0.153788453
12,235,211318720,67,3.724854214,0.142569640,0.049631521,0.166643068
6,235,211318720,67,4.163369111,0.142569640,0.049631521,0.118759864
13,235,211318720,67,4.792139928,0.142569640,0.049631521,0.132345237
14,235,211318720,67,4.807498597,0.142569640,0.049631521,0.137055268
8,235,211318720,67,6.826415069,0.142569640,0.049631521,0.047014716
15,235,211318720,67,7.427514599,0.142569640,0.049631521,0.048463750
20,235,211318720,67,7.683130120,0.142569640,0.049631521,0.000004764
4,236,211318720,67,0.486700352,0.142569640,0.021049570,0.224357400
18,236,211318720,67,0.515394281,0.142569640,0.021049570,0.303748370
19,236,211318720,67,0.531604441,0.142569640,0.021049570,0.352406353
5,236,211318720,67,0.601498543,0.142569640,0.021049570,0.541921044
2,236,211318720,67,0.603319100,0.142569640,0.021049570,0.546399534
3,236,211318720,67,0.646509572,0.142569640,0.021049570,0.618214082
11,236,211318720,67,0.648434939,0.142569640,0.021049570,0.620206230
16,236,211318720,67,0.706531475,0.142569640,0.021049570,0.640316841
1,236,211318720,67,1.033794964,0.142569640,0.021049570,0.629420920
17,236,211318720,67,1.187154627,0.142569640,0.021049570,0.673809505
14,236,211318720,67,2.243499345,0.142569640,0.021049570,0.418428642
8,236,211318720,67,2.528301877,0.142569640,0.021049570,0.417845302
13,236,211318720,67,2.916954739,0.142569640,0.021049570,0.384273686
10,236,211318720,67,3.434655401,0.142569640,0.021049570,0.310080006
20,236,211318720,67,4.008589628,0.142569640,0.021049570,0.215077920
12,236,211318720,67,4.297908708,0.142569640,0.021049570,0.298956303
9,236,211318720,67,4.313781851,0.142569640,0.021049570,0.303823309
7,236,211318720,67,4.820592071,0.142569640,0.021049570,0.230116698
15,236,211318720,67,7.675098419,0.142569640,0.021049570,0.047423071
6,236,211318720,67,8.921505237,0.142569640,0.021049570,0.000004764
4,237,211318720,67,0.324466901,0.142569640,0.118901812,0.096034060
11,237,211318720,67,0.399036885,0.142569640,0.118901812,0.252548672
3,237,211318720,67,0.461792551,0.142569640,0.118901812,0.360691023
18,237,211318720,67,0.472444758,0.142569640,0.118901812,0.385454731
1,237,211318720,67,0.489692351,0.142569640,0.118901812,0.414665055
5,237,211318720,67,0.601498543,0.142569640,0.118901812,0.596828055
2,237,211318720,67,0.603319100,0.142569640,0.118901812,0.598726950
17,237,211318720,67,0.639237107,0.142569640,0.118901812,0.609748888
19,237,211318720,67,0.911321899,0.142569640,0.118901812,0.614558281
16,237,211318720,67,1.141320075,0.142569640,0.118901812,0.633344992
14,237,211318720,67,1.762749486,0.142569640,0.118901812,0.523351888
13,237,211318720,67,2.916954739,0.142569640,0.118901812,0.240001061
8,237,211318720,67,3.286792440,0.142569640,0.118901812,0.210292950
10,237,211318720,67,3.434655401,0.142569640,0.118901812,0.329838549
15,237,211318720,67,3.466173480,0.142569640,0.118901812,0.340406965
9,237,211318720,67,3.623576755,0.142569640,0.118901812,0.436331858
7,237,211318720,67,3.686335113,0.142569640,0.118901812,0.457426965
6,237,211318720,67,4.163369111,0.142569640,0.118901812,0.403602479
12,237,211318720,67,4.297908708,0.142569640,0.118901812,0.448789158
20,237,211318720,67,10.021474070,0.142569640,0.118901812,0.000004764
5,238,211318720,67,0.515570179,0.142569640,0.025601404,0.219756706
16,238,211318720,67,0.543485750,0.142569640,0.025601404,0.303322966
17,238,211318720,67,0.593577313,0.142569640,0.025601404,0.429093525
18,238,211318720,67,0.601293328,0.142569640,0.025601404,0.447071785
3,238,211318720,67,0.646509572,0.142569640,0.025601404,0.534802573
11,238,211318720,67,0.648434939,0.142569640,0.025601404,0.537998302
19,238,211318720,67,0.721463170,0.142569640,0.025601404,0.610286934
4,238,211318720,67,0.770608891,0.142569640,0.025601404,0.627170918
2,238,211318720,67,0.974592392,0.142569640,0.025601404,0.746740822
1,238,211318720,67,0.979384703,0.142569640,0.025601404,0.748237649
14,238,211318720,67,1.281999626,0.142569640,0.025601404,0.833380895
12,238,211318720,67,1.289372612,0.142569640,0.025601404,0.836127471
13,238,211318720,67,2.500246919,0.142569640,0.025601404,0.534830664
8,238,211318720,67,2.781132065,0.142569640,0.025601404,0.538649449
10,238,211318720,67,2.943990344,0.142569640,0.025601404,0.655867251
15,238,211318720,67,2.971005840,0.142569640,0.025601404,0.665223192
7,238,211318720,67,3.119206634,0.142569640,0.025601404,0.710877249
6,238,211318720,67,3.568602095,0.142569640,0.025601404,0.655030400
20,238,211318720,67,4.008589628,0.142569640,0.025601404,0.602587769
9,238,211318720,67,5.176538221,0.142569640,0.025601404,0.217106975
5,239,211318720,67,0.429641816,0.142569640,0.018998120,0.099076640
19,239,211318720,67,0.531604441,0.142569640,0.018998120,0.422986572
3,239,211318720,67,0.554151062,0.142569640,0.018998120,0.506601154
18,239,211318720,67,0.558343805,0.142569640,0.018998120,0.521041921
4,239,211318720,67,0.567817078,0.142569640,0.018998120,0.549030665
17,239,211318720,67,0.593577313,0.142569640,0.018998120,0.608916533
2,239,211318720,67,0.649728261,0.142569640,0.018998120,0.702666704
1,239,211318720,67,0.652923135,0.142569640,0.018998120,0.706011503
11,239,211318720,67,0.698314549,0.142569640,0.018998120,0.721677246
16,239,211318720,67,1.467411525,0.142569640,0.018998120,0.559971395
12,239,211318720,67,1.862427107,0.142569640,0.018998120,0.579480969
14,239,211318720,67,1.922999439,0.142569640,0.018998120,0.600151305
13,239,211318720,67,2.083539099,0.142569640,0.018998120,0.642152371
10,239,211318720,67,3.189322872,0.142569640,0.018998120,0.400549762
8,239,211318720,67,3.286792440,0.142569640,0.018998120,0.433840754
20,239,211318720,67,4.676687899,0.142569640,0.018998120,0.071809240
9,239,211318720,67,5.349089495,0.142569640,0.018998120,0.138699211
6,239,211318720,67,5.352903142,0.142569640,0.018998120,0.139932443
15,239,211318720,67,7.427514599,0.142569640,0.018998120,0.047897475
7,239,211318720,67,8.506927184,0.142569640,0.018998120,0.000004764
1,240,211318720,67,0.489692351,0.142569640,0.034744587,0.258092689
4,240,211318720,67,0.527258715,0.142569640,0.034744587,0.380115019
19,240,211318720,67,0.531604441,0.142569640,0.034744587,0.393095002
2,240,211318720,67,0.556909938,0.142569640,0.034744587,0.452396782
11,240,211318720,67,0.598555328,0.142569640,0.034744587,0.545220427
17,240,211318720,67,0.639237107,0.142569640,0.034744587,0.612870470
3,240,211318720,67,0.646509572,0.142569640,0.034744587,0.619991217
16,240,211318720,67,0.706531475,0.142569640,0.034744587,0.640951413
5,240,211318720,67,1.245961267,0.142569640,0.034744587,0.628284904
18,240,211318720,67,1.288485703,0.142569640,0.034744587,0.642995502
12,240,211318720,67,2.005690731,0.142569640,0.034744587,0.504473931
14,240,211318720,67,2.243499345,0.142569640,0.034744587,0.521201207
13,240,211318720,67,2.916954739,0.142569640,0.034744587,0.395786587
8,240,211318720,67,3.286792440,0.142569640,0.034744587,0.429961442
20,240,211318720,67,3.340491357,0.142569640,0.034744587,0.478971672
10,240,211318720,67,3.434655401,0.142569640,0.034744587,0.510677924
15,240,211318720,67,3.713757300,0.142569640,0.034744587,0.513363737
9,240,211318720,67,5.003986947,0.142569640,0.034744587,0.187058574
6,240,211318720,67,6.542437174,0.142569640,0.034744587,0.048855487
7,240,211318720,67,6.805541747,0.142569640,0.034744587,0.000004764
19,241,211318720,67,0.455660949,0.142569640,0.004138307,0.095645686
4,241,211318720,67,0.527258715,0.142569640,0.004138307,0.183071628
2,241,211318720,67,0.603319100,0.142569640,0.004138307,0.258520822
17,241,211318720,67,0.639237107,0.142569640,0.004138307,0.283663406
16,241,211318720,67,0.760880050,0.142569640,0.004138307,0.325945407
18,241,211318720,67,0.987839039,0.142569640,0.004138307,0.344500020
5,241,211318720,67,1.374853812,0.142569640,0.004138307,0.391091470
11,241,211318720,67,1.396629099,0.142569640,0.004138307,0.408957905
3,241,211318720,67,1.523915420,0.142569640,0.004138307,0.475631849
1,241,211318720,67,1.632307838,0.142569640,0.004138307,0.512887220
14,241,211318720,67,2.243499345,0.142569640,0.004138307,0.405859491
13,241,211318720,67,2.916954739,0.142569640,0.004138307,0.282846734
8,241,211318720,67,3.286792440,0.142569640,0.004138307,0.258651806
10,241,211318720,67,3.434655401,0.142569640,0.004138307,0.310974990
6,241,211318720,67,3.568602095,0.142569640,0.004138307,0.353695398
9,241,211318720,67,4.141230577,0.142569640,0.004138307,0.258015449
20,241,211318720,67,4.342638764,0.142569640,0.004138307,0.316422916
12,241,211318720,67,4.441172332,0.142569640,0.004138307,0.349780888
15,241,211318720,67,6.437179319,0.142569640,0.004138307,0.048609168
7,241,211318720,67,7.656234466,0.142569640,0.004138307,0.000004764
18,242,211318720,67,0.429495234,0.142569640,0.016040860,0.141506418
4,242,211318720,67,0.446141990,0.142569640,0.016040860,0.158472514
5,242,211318720,67,0.558534361,0.142569640,0.016040860,0.267170346
3,242,211318720,67,0.646509572,0.142569640,0.016040860,0.432825388
16,242,211318720,67,0.652182900,0.142569640,0.016040860,0.442492566
11,242,211318720,67,0.698314549,0.142569640,0.016040860,0.489233853
1,242,211318720,67,0.761743658,0.142569640,0.016040860,0.525741982
2,242,211318720,67,0.881774069,0.142569640,0.016040860,0.566425859
19,242,211318720,67,1.139152374,0.142569640,0.016040860,0.671042195
17,242,211318720,67,1.141494833,0.142569640,0.016040860,0.671892770
14,242,211318720,67,1.762749486,0.142569640,0.016040860,0.563351213
9,242,211318720,67,2.070615288,0.142569640,0.016040860,0.599789787
12,242,211318720,67,2.148954354,0.142569640,0.016040860,0.626080474
13,242,211318720,67,2.916954739,0.142569640,0.016040860,0.467636056
7,242,211318720,67,3.686335113,0.142569640,0.016040860,0.306733240
20,242,211318720,67,4.008589628,0.142569640,0.016040860,0.293555073
6,242,211318720,67,4.163369111,0.142569640,0.016040860,0.337481968
15,242,211318720,67,5.694427859,0.142569640,0.016040860,0.049080138
8,242,211318720,67,6.826415069,0.142569640,0.016040860,0.050606089
10,242,211318720,67,7.605308388,0.142569640,0.016040860,0.000004764
11,243,211318720,67,0.399036885,0.142569640,0.041208196,0.143770189
4,243,211318720,67,0.446141990,0.142569640,0.041208196,0.190413729
19,243,211318720,67,0.493632695,0.142569640,0.041208196,0.253163970
18,243,211318720,67,0.601293328,0.142569640,0.041208196,0.517571430
5,243,211318720,67,0.601498543,0.142569640,0.041208196,0.518025831
17,243,211318720,67,0.639237107,0.142569640,0.041208196,0.594276790
2,243,211318720,67,0.649728261,0.142569640,0.041208196,0.611641613
1,243,211318720,67,0.707333396,0.142569640,0.041208196,0.669915278
16,243,211318720,67,0.760880050,0.142569640,0.041208196,0.687651644
3,243,211318720,67,1.246839889,0.142569640,0.041208196,0.619833366
14,243,211318720,67,2.083249392,0.142569640,0.041208196,0.436361100
15,243,211318720,67,3.466173480,0.142569640,0.041208196,0.143863927
8,243,211318720,67,3.539622628,0.142569640,0.041208196,0.217455265
6,243,211318720,67,3.568602095,0.142569640,0.041208196,0.243570539
7,243,211318720,67,3.686335113,0.142569640,0.041208196,0.283207261
12,243,211318720,67,4.870963203,0.142569640,0.041208196,0.048046278
9,243,211318720,67,5.176538221,0.142569640,0.041208196,0.047041815
10,243,211318720,67,5.887980687,0.142569640,0.041208196,0.049844490
13,243,211318720,67,6.667325117,0.142569640,0.041208196,0.048322556
20,243,211318720,67,9.687424934,0.142569640,0.041208196,0.000004764
16,244,211318720,67,0.597834325,0.142569640,0.005887790,0.284147750
18,244,211318720,67,0.601293328,0.142569640,0.005887790,0.292179891
11,244,211318720,67,0.648434939,0.142569640,0.005887790,0.370945926
2,244,211318720,67,0.649728261,0.142569640,0.005887790,0.372266523
1,244,211318720,67,0.707333396,0.142569640,0.005887790,0.391961702
4,244,211318720,67,0.851725616,0.142569640,0.005887790,0.438016160
17,244,211318720,67,1.050175247,0.142569640,0.005887790,0.616998082
3,244,211318720,67,1.062122868,0.142569640,0.005887790,0.629051396
19,244,211318720,67,1.101180628,0.142569640,0.005887790,0.642794936
5,244,211318720,67,1.245961267,0.142569640,0.005887790,0.689341917
12,244,211318720,67,1.862427107,0.142569640,0.005887790,0.582063303
13,244,211318720,67,2.708600829,0.142569640,0.005887790,0.395696275
7,244,211318720,67,3.402770874,0.142569640,0.005887790,0.276412925
14,244,211318720,67,3.525498971,0.142569640,0.005887790,0.384910471
6,244,211318720,67,3.568602095,0.142569640,0.005887790,0.399993155
20,244,211318720,67,4.008589628,0.142569640,0.005887790,0.349660359
9,244,211318720,67,5.003986947,0.142569640,0.005887790,0.116810770
10,244,211318720,67,5.151983101,0.142569640,0.005887790,0.163983724
15,244,211318720,67,5.446844039,0.142569640,0.005887790,0.164439686
8,244,211318720,67,7.079245256,0.142569640,0.005887790,0.000004764
16,245,211318720,67,0.543485750,0.142569640,0.003323003,0.331608250
18,245,211318720,67,0.558343805,0.142569640,0.003323003,0.377806043
5,245,211318720,67,0.558534361,0.142569640,0.003323003,0.378310730
2,245,211318720,67,0.603319100,0.142569640,0.003323003,0.483176077
17,245,211318720,67,0.639237107,0.142569640,0.003323003,0.543359444
19,245,211318720,67,0.645519678,0.142569640,0.003323003,0.549581755
11,245,211318720,67,0.698314549,0.142569640,0.003323003,0.567011710
3,245,211318720,67,1.246839889,0.142569640,0.003323003,0.640112373
4,245,211318720,67,1.257309243,0.142569640,0.003323003,0.650786903
14,245,211318720,67,1.281999626,0.142569640,0.003323003,0.659201365
12,245,211318720,67,1.432636236,0.142569640,0.003323003,0.705898941
1,245,211318720,67,1.577897577,0.142569640,0.003323003,0.754708466
9,245,211318720,67,2.415717836,0.142569640,0.003323003,0.570254797
10,245,211318720,67,2.698657815,0.142569640,0.003323003,0.572125247
13,245,211318720,67,2.916954739,0.142569640,0.003323003,0.594234958
7,245,211318720,67,3.119206634,0.142569640,0.003323003,0.652094724
15,245,211318720,67,3.218589660,0.142569640,0.003323003,0.734856785
8,245,211318720,67,3.286792440,0.142569640,0.003323003,0.759089909
20,245,211318720,67,4.676687899,0.142569640,0.003323003,0.395550105
6,245,211318720,67,7.731971206,0.142569640,0.003323003,0.000004764
4,246,211318720,67,0.486700352,0.142569640,0.033259522,0.188237094
19,246,211318720,67,0.531604441,0.142569640,0.033259522,0.335694920
11,246,211318720,67,0.598555328,0.142569640,0.033259522,0.536814986
3,246,211318720,67,0.600330317,0.142569640,0.033259522,0.540931767
5,246,211318720,67,0.601498543,0.142569640,0.033259522,0.542871154
2,246,211318720,67,0.603319100,0.142569640,0.033259522,0.544824573
1,246,211318720,67,0.652923135,0.142569640,0.033259522,0.561545766
17,246,211318720,67,1.004515453,0.142569640,0.033259522,0.545750175
16,246,211318720,67,1.141320075,0.142569640,0.033259522,0.647893701
18,246,211318720,67,1.202586656,0.142569640,0.033259522,0.708958752
14,246,211318720,67,1.281999626,0.142569640,0.033259522,0.736481256
13,246,211318720,67,2.500246919,0.142569640,0.033259522,0.429576151
12,246,211318720,67,3.581590590,0.142569640,0.033259522,0.187809524
7,246,211318720,67,3.686335113,0.142569640,0.033259522,0.222638920
9,246,211318720,67,4.141230577,0.142569640,0.033259522,0.250221869
6,246,211318720,67,4.163369111,0.142569640,0.033259522,0.258166292
20,246,211318720,67,4.342638764,0.142569640,0.033259522,0.296286663
8,246,211318720,67,7.079245256,0.142569640,0.033259522,0.047779504
10,246,211318720,67,7.359975859,0.142569640,0.033259522,0.049244567
15,246,211318720,67,7.675098419,0.142569640,0.033259522,0.000004764
4,247,211318720,67,0.486700352,0.142569640,0.149965405,0.176167063
19,247,211318720,67,0.493632695,0.142569640,0.149965405,0.187142242
18,247,211318720,67,0.601293328,0.142569640,0.149965405,0.482157822
5,247,211318720,67,0.601498543,0.142569640,0.149965405,0.482727046
17,247,211318720,67,0.639237107,0.142569640,0.149965405,0.571634310
2,247,211318720,67,0.649728261,0.142569640,0.149965405,0.589386699
11,247,211318720,67,0.698314549,0.142569640,0.149965405,0.637430716
1,247,211318720,67,0.707333396,0.142569640,0.149965405,0.640135783
3,247,211318720,67,1.246839889,0.142569640,0.149965405,0.557440396
16,247,211318720,67,1.847851550,0.142569640,0.149965405,0.538798776
12,247,211318720,67,1.862427107,0.142569640,0.149965405,0.543717658
9,247,211318720,67,2.243166562,0.142569640,0.149965405,0.515449864
6,247,211318720,67,2.379068063,0.142569640,0.149965405,0.563079308
13,247,211318720,67,2.916954739,0.142569640,0.149965405,0.496347263
8,247,211318720,67,3.033962253,0.142569640,0.149965405,0.536343363
10,247,211318720,67,3.434655401,0.142569640,0.149965405,0.495802299
14,247,211318720,67,4.967748550,0.142569640,0.149965405,0.152954215
20,247,211318720,67,5.010737035,0.142569640,0.149965405,0.167031940
15,247,211318720,67,7.427514599,0.142569640,0.149965405,0.049400006
7,247,211318720,67,7.656234466,0.142569640,0.149965405,0.000004764
17,248,211318720,67,0.365278347,0.142569640,0.031357300,0.142036332
3,248,211318720,67,0.415613296,0.142569640,0.031357300,0.226361327
18,248,211318720,67,0.472444758,0.142569640,0.031357300,0.363145457
19,248,211318720,67,0.493632695,0.142569640,0.031357300,0.412949094
5,248,211318720,67,0.558534361,0.142569640,0.031357300,0.521686657
4,248,211318720,67,0.567817078,0.142569640,0.031357300,0.530685005
11,248,211318720,67,0.598555328,0.142569640,0.031357300,0.541280037
16,248,211318720,67,0.760880050,0.142569640,0.031357300,0.580395041
1,248,211318720,67,1.305846270,0.142569640,0.031357300,0.497637074
2,248,211318720,67,1.531502330,0.142569640,0.031357300,0.518471893
12,248,211318720,67,1.862427107,0.142569640,0.031357300,0.558331225
14,248,211318720,67,1.922999439,0.142569640,0.031357300,0.578825820
7,248,211318720,67,3.402770874,0.142569640,0.031357300,0.261684576
10,248,211318720,67,3.434655401,0.142569640,0.031357300,0.292533186
8,248,211318720,67,3.539622628,0.142569640,0.031357300,0.367486360
9,248,211318720,67,3.623576755,0.142569640,0.031357300,0.405599620
13,248,211318720,67,3.750370378,0.142569640,0.031357300,0.447220967
20,248,211318720,67,4.008589628,0.142569640,0.031357300,0.458711851
6,248,211318720,67,4.163369111,0.142569640,0.031357300,0.502236384
15,248,211318720,67,4.951676399,0.142569640,0.031357300,0.239712235
4,249,211318720,67,0.527258715,0.142569640,0.011669380,0.446948058
11,249,211318720,67,0.548675717,0.142569640,0.011669380,0.554300320
3,249,211318720,67,0.554151062,0.142569640,0.011669380,0.578158601
2,249,211318720,67,0.556909938,0.142569640,0.011669380,0.588246336
17,249,211318720,67,0.593577313,0.142569640,0.011669380,0.698554261
18,249,211318720,67,0.601293328,0.142569640,0.011669380,0.716592337
5,249,211318720,67,0.601498543,0.142569640,0.011669380,0.716902276
16,249,211318720,67,0.652182900,0.142569640,0.011669380,0.768251292
1,249,211318720,67,0.652923135,0.142569640,0.011669380,0.768508244
19,249,211318720,67,0.873350153,0.142569640,0.011669380,0.789881173
12,249,211318720,67,1.862427107,0.142569640,0.011669380,0.557939644
15,249,211318720,67,2.228254380,0.142569640,0.011669380,0.618639452
9,249,211318720,67,2.243166562,0.142569640,0.011669380,0.623880552
13,249,211318720,67,2.916954739,0.142569640,0.011669380,0.558491145
6,249,211318720,67,2.973835079,0.142569640,0.011669380,0.577962738
10,249,211318720,67,3.434655401,0.142569640,0.011669380,0.522545191
20,249,211318720,67,4.342638764,0.142569640,0.011669380,0.319321407
14,249,211318720,67,4.647248644,0.142569640,0.011669380,0.314791629
8,249,211318720,67,8.343396195,0.142569640,0.011669380,0.047994190
7,249,211318720,67,9.641184142,0.142569640,0.011669380,0.000004764
19,250,211318720,67,0.417689204,0.142569640,0.016425753,0.083332845
3,250,211318720,67,0.507971807,0.142569640,0.016425753,0.333916314
18,250,211318720,67,0.558343805,0.142569640,0.016425753,0.517767495
4,250,211318720,67,0.567817078,0.142569640,0.016425753,0.546279173
17,250,211318720,67,0.593577313,0.142569640,0.016425753,0.606851971
5,250,211318720,67,0.601498543,0.142569640,0.016425753,0.620068215
2,250,211318720,67,0.603319100,0.142569640,0.016425753,0.621964984
11,250,211318720,67,0.648434939,0.142569640,0.016425753,0.656668508
16,250,211318720,67,0.760880050,0.142569640,0.016425753,0.693787540
12,250,211318720,67,1.575899860,0.142569640,0.016425753,0.518012847
1,250,211318720,67,1.795538622,0.142569640,0.016425753,0.539398790
9,250,211318720,67,2.415717836,0.142569640,0.016425753,0.433565055
13,250,211318720,67,2.916954739,0.142569640,0.016425753,0.436231438
10,250,211318720,67,2.943990344,0.142569640,0.016425753,0.444763832
7,250,211318720,67,3.686335113,0.142569640,0.016425753,0.292972602
6,250,211318720,67,3.865985603,0.142569640,0.016425753,0.328559869
20,250,211318720,67,4.008589628,0.142569640,0.016425753,0.376521829
8,250,211318720,67,4.803773567,0.142569640,0.016425753,0.301189850
14,250,211318720,67,4.807498597,0.142569640,0.016425753,0.302529033
15,250,211318720,67,6.189595499,0.142569640,0.016425753,0.000004764
4,251,211318720,67,0.405583627,0.142569640,0.001282851,0.133853910
19,251,211318720,67,0.417689204,0.142569640,0.001282851,0.147164142
11,251,211318720,67,0.548675717,0.142569640,0.001282851,0.336203469
5,251,211318720,67,0.558534361,0.142569640,0.001282851,0.352809105
3,251,211318720,67,0.646509572,0.142569640,0.001282851,0.549711999
2,251,211318720,67,0.649728261,0.142569640,0.001282851,0.555016588
16,251,211318720,67,0.706531475,0.142569640,0.001282851,0.612439346
1,251,211318720,67,0.707333396,0.142569640,0.001282851,0.612759049
18,251,211318720,67,0.987839039,0.142569640,0.001282851,0.614749805
17,251,211318720,67,1.232814420,0.142569640,0.001282851,0.690123126
14,251,211318720,67,1.281999626,0.142569640,0.001282851,0.706046302
12,251,211318720,67,1.862427107,0.142569640,0.001282851,0.609496330
10,251,211318720,67,2.207992758,0.142569640,0.001282851,0.591801586
8,251,211318720,67,3.286792440,0.142569640,0.001282851,0.333839175
6,251,211318720,67,3.568602095,0.142569640,0.001282851,0.360481248
20,251,211318720,67,3.674540492,0.142569640,0.001282851,0.395892307
9,251,211318720,67,4.141230577,0.142569640,0.001282851,0.336384247
7,251,211318720,67,5.104156311,0.142569640,0.001282851,0.149645810
15,251,211318720,67,5.199260219,0.142569640,0.001282851,0.180537324
13,251,211318720,67,6.875679027,0.142569640,0.001282851,0.000004764
19,252,211318720,67,0.493632695,0.142569640,0.060419634,0.104434066
11,252,211318720,67,0.548675717,0.142569640,0.060419634,0.236628637
17,252,211318720,67,0.639237107,0.142569640,0.060419634,0.453325569
2,252,211318720,67,0.649728261,0.142569640,0.060419634,0.478257010
16,252,211318720,67,0.652182900,0.142569640,0.060419634,0.482348825
1,252,211318720,67,0.652923135,0.142569640,0.060419634,0.483116131
5,252,211318720,67,0.773355269,0.142569640,0.060419634,0.523277009
4,252,211318720,67,1.054517430,0.142569640,0.060419634,0.523950336
3,252,211318720,67,1.200660634,0.142569640,0.060419634,0.635620788
18,252,211318720,67,1.245536180,0.142569640,0.060419634,0.651892238
9,252,211318720,67,1.898064014,0.142569640,0.060419634,0.530992480
14,252,211318720,67,2.083249392,0.142569640,0.060419634,0.568305030
6,252,211318720,67,2.379068063,0.142569640,0.060419634,0.580598714
13,252,211318720,67,2.500246919,0.142569640,0.060419634,0.620096774
15,252,211318720,67,3.466173480,0.142569640,0.060419634,0.442668762
8,252,211318720,67,3.539622628,0.142569640,0.060419634,0.468999112
7,252,211318720,67,3.969899353,0.142569640,0.060419634,0.424009051
20,252,211318720,67,4.342638764,0.142569640,0.060419634,0.426558209
12,252,211318720,67,4.441172332,0.142569640,0.060419634,0.459541909
10,252,211318720,67,7.359975859,0.142569640,0.060419634,0.000004764
17,253,211318720,67,0.502257727,0.142569640,0.085213631,0.135250527
18,253,211318720,67,0.558343805,0.142569640,0.085213631,0.191895982
11,253,211318720,67,0.598555328,0.142569640,0.085213631,0.241450576
1,253,211318720,67,0.707333396,0.142569640,0.085213631,0.348295781
19,253,211318720,67,0.721463170,0.142569640,0.085213631,0.361631602
4,253,211318720,67,0.851725616,0.142569640,0.085213631,0.405611905
2,253,211318720,67,1.067410715,0.142569640,0.085213631,0.536853635
5,253,211318720,67,1.117068722,0.142569640,0.085213631,0.585872963
16,253,211318720,67,1.141320075,0.142569640,0.085213631,0.594276414
3,253,211318720,67,1.293019144,0.142569640,0.085213631,0.639834393
12,253,211318720,67,1.862427107,0.142569640,0.085213631,0.599643266
14,253,211318720,67,1.922999439,0.142569640,0.085213631,0.619151511
13,253,211318720,67,3.125308648,0.142569640,0.085213631,0.317256081
10,253,211318720,67,3.434655401,0.142569640,0.085213631,0.409023242
15,253,211318720,67,3.466173480,0.142569640,0.085213631,0.440692516
8,253,211318720,67,3.539622628,0.142569640,0.085213631,0.465529903
9,253,211318720,67,3.796128029,0.142569640,0.085213631,0.472452539
20,253,211318720,67,4.676687899,0.142569640,0.085213631,0.273572782
7,253,211318720,67,7.372670226,0.142569640,0.085213631,0.048226120
6,253,211318720,67,8.326738222,0.142569640,0.085213631,0.000004764
16,254,211318720,67,0.543485750,0.142569640,0.181164965,0.272535480
5,254,211318720,67,0.558534361,0.142569640,0.181164965,0.317722322
1,254,211318720,67,0.598512874,0.142569640,0.181164965,0.411172578
17,254,211318720,67,0.639237107,0.142569640,0.181164965,0.478645731
3,254,211318720,67,0.646509572,0.142569640,0.181164965,0.485888971
2,254,211318720,67,0.649728261,0.142569640,0.181164965,0.487040593
19,254,211318720,67,0.797406662,0.142569640,0.181164965,0.538246012
4,254,211318720,67,0.932842342,0.142569640,0.181164965,0.585041735
18,254,211318720,67,1.073738086,0.142569640,0.181164965,0.631985131
11,254,211318720,67,1.596147541,0.142569640,0.181164965,0.555165949
9,254,211318720,67,1.898064014,0.142569640,0.181164965,0.576642757
12,254,211318720,67,2.005690731,0.142569640,0.181164965,0.613085195
14,254,211318720,67,2.243499345,0.142569640,0.181164965,0.631928677
15,254,211318720,67,3.218589660,0.142569640,0.181164965,0.408326202
6,254,211318720,67,3.568602095,0.142569640,0.181164965,0.390304171
20,254,211318720,67,4.342638764,0.142569640,0.181164965,0.227891386
10,254,211318720,67,4.906650573,0.142569640,0.181164965,0.135520655
8,254,211318720,67,5.815094318,0.142569640,0.181164965,0.048658325
13,254,211318720,67,6.042263387,0.142569640,0.181164965,0.069551317
7,254,211318720,67,9.641184142,0.142569640,0.181164965,0.000004764
3,255,211318720,67,0.461792551,0.142569640,0.018403333,0.048237748
17,255,211318720,67,0.639237107,0.142569640,0.018403333,0.202118758
11,255,211318720,67,0.648434939,0.142569640,0.018403333,0.217447484
16,255,211318720,67,0.760880050,0.142569640,0.018403333,0.331680737
1,255,211318720,67,0.761743658,0.142569640,0.018403333,0.332052923
5,255,211318720,67,1.031140359,0.142569640,0.018403333,0.363340798
19,255,211318720,67,1.139152374,0.142569640,0.018403333,0.452773042
18,255,211318720,67,1.202586656,0.142569640,0.018403333,0.515773467
14,255,211318720,67,1.281999626,0.142569640,0.018403333,0.573452436
4,255,211318720,67,1.378984331,0.142569640,0.018403333,0.662311767
2,255,211318720,67,1.438684007,0.142569640,0.018403333,0.682647487
6,255,211318720,67,2.379068063,0.142569640,0.018403333,0.463734726
8,255,211318720,67,3.286792440,0.142569640,0.018403333,0.261214662
10,255,211318720,67,3.434655401,0.142569640,0.018403333,0.307207925
12,255,211318720,67,4.154645085,0.142569640,0.018403333,0.163904994
9,255,211318720,67,4.486333125,0.142569640,0.018403333,0.147008574
20,255,211318720,67,6.012884442,0.142569640,0.018403333,0.049114648
7,255,211318720,67,6.521977508,0.142569640,0.018403333,0.049122907
13,255,211318720,67,6.667325117,0.142569640,0.018403333,0.095191956
15,255,211318720,67,7.179930779,0.142569640,0.018403333,0.000004764
4,256,211318720,67,0.324466901,0.142569640,0.175755560,0.109371478
5,256,211318720,67,0.386677635,0.142569640,0.175755560,0.169931404
19,256,211318720,67,0.455660949,0.142569640,0.175755560,0.219027508
18,256,211318720,67,0.558343805,0.142569640,0.175755560,0.287238034
16,256,211318720,67,0.652182900,0.142569640,0.175755560,0.404173040
11,256,211318720,67,0.698314549,0.142569640,0.175755560,0.449845434
1,256,211318720,67,0.761743658,0.142569640,0.175755560,0.471828955
17,256,211318720,67,1.324134007,0.142569640,0.175755560,0.514544460
2,256,211318720,67,1.345865684,0.142569640,0.175755560,0.536423077
3,256,211318720,67,1.385377654,0.142569640,0.175755560,0.548778028
12,256,211318720,67,1.719163483,0.142569640,0.175755560,0.532317822
14,256,211318720,67,2.243499345,0.142569640,0.175755560,0.453280368
9,256,211318720,67,2.415717836,0.142569640,0.175755560,0.490070601
13,256,211318720,67,2.708600829,0.142569640,0.175755560,0.534170535
8,256,211318720,67,2.781132065,0.142569640,0.175755560,0.558323374
15,256,211318720,67,3.466173480,0.142569640,0.175755560,0.428358435
7,256,211318720,67,3.686335113,0.142569640,0.175755560,0.452580806
20,256,211318720,67,4.008589628,0.142569640,0.175755560,0.441101501
10,256,211318720,67,5.397315630,0.142569640,0.175755560,0.074457623
6,256,211318720,67,7.137204190,0.142569640,0.175755560,0.000004764
16,257,211318720,67,0.489137175,0.142569640,0.016836857,0.314604414
11,257,211318720,67,0.498796107,0.142569640,0.016836857,0.343709910
19,257,211318720,67,0.531604441,0.142569640,0.016836857,0.434150885
5,257,211318720,67,0.558534361,0.142569640,0.016836857,0.497523991
4,257,211318720,67,0.567817078,0.142569640,0.016836857,0.513094208
3,257,211318720,67,0.600330317,0.142569640,0.016836857,0.544225206
1,257,211318720,67,0.652923135,0.142569640,0.016836857,0.561811635
18,257,211318720,67,0.944889516,0.142569640,0.016836857,0.646791177
17,257,211318720,67,0.958855660,0.142569640,0.016836857,0.651607624
2,257,211318720,67,1.392274846,0.142569640,0.016836857,0.605443442
14,257,211318720,67,1.762749486,0.142569640,0.016836857,0.578909326
9,257,211318720,67,2.243166562,0.142569640,0.016836857,0.513300415
13,257,211318720,67,2.916954739,0.142569640,0.016836857,0.387881119
15,257,211318720,67,3.466173480,0.142569640,0.016836857,0.326628712
6,257,211318720,67,3.568602095,0.142569640,0.016836857,0.359395257
12,257,211318720,67,3.724854214,0.142569640,0.016836857,0.405000885
10,257,211318720,67,6.869310802,0.142569640,0.016836857,0.049633802
7,257,211318720,67,7.939798705,0.142569640,0.016836857,0.047153471
8,257,211318720,67,8.343396195,0.142569640,0.016836857,0.047336236
20,257,211318720,67,9.687424934,0.142569640,0.016836857,0.000004764
4,258,211318720,67,0.486700352,0.142569640,0.114403248,0.164392087
2,258,211318720,67,0.556909938,0.142569640,0.114403248,0.282885585
18,258,211318720,67,0.558343805,0.142569640,0.114403248,0.284443225
3,258,211318720,67,0.600330317,0.142569640,0.114403248,0.298985020
19,258,211318720,67,1.101180628,0.142569640,0.114403248,0.262137437
11,258,211318720,67,1.197110656,0.142569640,0.114403248,0.327369371
5,258,211318720,67,1.288925448,0.142569640,0.114403248,0.399543931
17,258,211318720,67,1.369793800,0.142569640,0.114403248,0.425483928
1,258,211318720,67,1.632307838,0.142569640,0.114403248,0.455956333
16,258,211318720,67,1.739154400,0.142569640,0.114403248,0.505827564
12,258,211318720,67,1.862427107,0.142569640,0.114403248,0.547185661
9,258,211318720,67,2.243166562,0.142569640,0.114403248,0.612494213
14,258,211318720,67,2.243499345,0.142569640,0.114403248,0.612640076
13,258,211318720,67,2.708600829,0.142569640,0.114403248,0.558828606
10,258,211318720,67,3.189322872,0.142569640,0.114403248,0.498340584
6,258,211318720,67,3.865985603,0.142569640,0.114403248,0.367852984
8,258,211318720,67,5.815094318,0.142569640,0.114403248,0.047719724
15,258,211318720,67,7.179930779,0.142569640,0.114403248,0.047787695
7,258,211318720,67,8.506927184,0.142569640,0.114403248,0.047528150
20,258,211318720,67,10.689572341,0.142569640,0.114403248,0.000004764
19,259,211318720,67,0.341745712,0.142569640,0.017643364,0.048886161
5,259,211318720,67,0.558534361,0.142569640,0.017643364,0.396632635
4,259,211318720,67,0.567817078,0.142569640,0.017643364,0.424180750
16,259,211318720,67,0.597834325,0.142569640,0.017643364,0.494591190
3,259,211318720,67,0.600330317,0.142569640,0.017643364,0.498675270
18,259,211318720,67,0.601293328,0.142569640,0.017643364,0.499696903
2,259,211318720,67,0.649728261,0.142569640,0.017643364,0.536088702
1,259,211318720,67,0.761743658,0.142569640,0.017643364,0.573833830
17,259,211318720,67,1.187154627,0.142569640,0.017643364,0.532579239
11,259,211318720,67,1.446508709,0.142569640,0.017643364,0.545761544
10,259,211318720,67,1.962660229,0.142569640,0.017643364,0.527470703
8,259,211318720,67,2.022641502,0.142569640,0.017643364,0.547114146
14,259,211318720,67,2.243499345,0.142569640,0.017643364,0.568178180
13,259,211318720,67,2.916954739,0.142569640,0.017643364,0.476488207
12,259,211318720,67,3.008536096,0.142569640,0.017643364,0.506802274
6,259,211318720,67,3.271218587,0.142569640,0.017643364,0.522477569
7,259,211318720,67,3.402770874,0.142569640,0.017643364,0.566740508
9,259,211318720,67,5.176538221,0.142569640,0.017643364,0.077176369
15,259,211318720,67,6.437179319,0.142569640,0.017643364,0.047988586
20,259,211318720,67,10.021474070,0.142569640,0.017643364,0.000004764
19,260,211318720,67,0.531604441,0.142569640,0.005766988,0.237396144
4,260,211318720,67,0.567817078,0.142569640,0.005766988,0.324661686
17,260,211318720,67,0.593577313,0.142569640,0.005766988,0.385348539
18,260,211318720,67,0.601293328,0.142569640,0.005766988,0.398596516
2,260,211318720,67,0.649728261,0.142569640,0.005766988,0.446831002
16,260,211318720,67,0.706531475,0.142569640,0.005766988,0.466412362
3,260,211318720,67,1.062122868,0.142569640,0.005766988,0.481538119
11,260,211318720,67,1.147231045,0.142569640,0.005766988,0.539651551
5,260,211318720,67,1.245961267,0.142569640,0.005766988,0.571502797
1,260,211318720,67,1.469077054,0.142569640,0.005766988,0.593010775
12,260,211318720,67,2.005690731,0.142569640,0.005766988,0.511751522
15,260,211318720,67,2.475838200,0.142569640,0.005766988,0.450287907
13,260,211318720,67,2.708600829,0.142569640,0.005766988,0.469640388
10,260,211318720,67,3.189322872,0.142569640,0.005766988,0.404694452
7,260,211318720,67,3.402770874,0.142569640,0.005766988,0.431525355
8,260,211318720,67,3.539622628,0.142569640,0.005766988,0.478204989
20,260,211318720,67,4.342638764,0.142569640,0.005766988,0.311933396
14,260,211318720,67,5.127998503,0.142569640,0.005766988,0.144973257
9,260,211318720,67,5.866743317,0.142569640,0.005766988,0.048877446
6,260,211318720,67,8.624121730,0.142569640,0.005766988,0.000004764
19,261,211318720,67,0.455660949,0.142569640,0.096766785,0.151358976
5,261,211318720,67,0.472605998,0.142569640,0.096766785,0.175961127
4,261,211318720,67,0.567817078,0.142569640,0.096766785,0.357762792
2,261,211318720,67,0.603319100,0.142569640,0.096766785,0.417053653
18,261,211318720,67,0.644242851,0.142569640,0.096766785,0.474465983
11,261,211318720,67,0.648434939,0.142569640,0.096766785,0.478383375
1,261,211318720,67,0.761743658,0.142569640,0.096766785,0.515552724
17,261,211318720,67,1.050175247,0.142569640,0.096766785,0.515724739
3,261,211318720,67,1.385377654,0.142569640,0.096766785,0.540598902
16,261,211318720,67,1.467411525,0.142569640,0.096766785,0.568985988
12,261,211318720,67,1.719163483,0.142569640,0.096766785,0.579436026
14,261,211318720,67,2.083249392,0.142569640,0.096766785,0.550151769
10,261,211318720,67,3.434655401,0.142569640,0.096766785,0.204007590
6,261,211318720,67,3.568602095,0.142569640,0.096766785,0.247673011
9,261,211318720,67,3.796128029,0.142569640,0.096766785,0.270152374
13,261,211318720,67,4.375432108,0.142569640,0.096766785,0.171243010
20,261,211318720,67,4.676687899,0.142569640,0.096766785,0.239521033
15,261,211318720,67,4.704092579,0.142569640,0.096766785,0.248388981
8,261,211318720,67,8.596226383,0.142569640,0.096766785,0.049631159
7,261,211318720,67,9.074055663,0.142569640,0.096766785,0.000004764
18,262,211318720,67,0.472444758,0.142569640,0.000693671,0.352024071
19,262,211318720,67,0.493632695,0.142569640,0.000693671,0.415524098
3,262,211318720,67,0.507971807,0.142569640,0.000693671,0.450717480
2,262,211318720,67,0.510500777,0.142569640,0.000693671,0.456753097
17,262,211318720,67,0.547917520,0.142569640,0.000693671,0.518710716
5,262,211318720,67,0.558534361,0.142569640,0.000693671,0.529534072
11,262,211318720,67,0.648434939,0.142569640,0.000693671,0.635989282
16,262,211318720,67,0.706531475,0.142569640,0.000693671,0.693187297
1,262,211318720,67,0.761743658,0.142569640,0.000693671,0.710836430
4,262,211318720,67,0.932842342,0.142569640,0.000693671,0.750041951
14,262,211318720,67,2.083249392,0.142569640,0.000693671,0.462499579
7,262,211318720,67,2.268513916,0.142569640,0.000693671,0.494909850
13,262,211318720,67,2.708600829,0.142569640,0.000693671,0.446434779
10,262,211318720,67,3.189322872,0.142569640,0.000693671,0.383550686
15,262,211318720,67,3.466173480,0.142569640,0.000693671,0.430911975
8,262,211318720,67,3.539622628,0.142569640,0.000693671,0.455478507
9,262,211318720,67,4.141230577,0.142569640,0.000693671,0.519561706
12,262,211318720,67,4.154645085,0.142569640,0.000693671,0.533212486
6,262,211318720,67,4.163369111,0.142569640,0.000693671,0.536302916
20,262,211318720,67,10.355523205,0.142569640,0.000693671,0.000004764
17,263,211318720,67,0.502257727,0.142569640,0.214976341,0.410056936
18,263,211318720,67,0.515394281,0.142569640,0.214976341,0.467703756
19,263,211318720,67,0.531604441,0.142569640,0.214976341,0.538163159
3,263,211318720,67,0.554151062,0.142569640,0.214976341,0.621087803
2,263,211318720,67,0.556909938,0.142569640,0.214976341,0.629270062
4,263,211318720,67,0.567817078,0.142569640,0.214976341,0.654838290
5,263,211318720,67,0.601498543,0.142569640,0.214976341,0.710822532
11,263,211318720,67,0.648434939,0.142569640,0.214976341,0.758348253
1,263,211318720,67,0.652923135,0.142569640,0.214976341,0.759962136
16,263,211318720,67,1.195668650,0.142569640,0.214976341,0.676856683
14,263,211318720,67,1.762749486,0.142569640,0.214976341,0.583671278
12,263,211318720,67,2.005690731,0.142569640,0.214976341,0.599337741
10,263,211318720,67,2.943990344,0.142569640,0.214976341,0.385650741
15,263,211318720,67,3.466173480,0.142569640,0.214976341,0.352548782
8,263,211318720,67,3.539622628,0.142569640,0.214976341,0.378201177
6,263,211318720,67,3.865985603,0.142569640,0.214976341,0.389505527
7,263,211318720,67,3.969899353,0.142569640,0.214976341,0.423744707
13,263,211318720,67,4.375432108,0.142569640,0.214976341,0.382390880
9,263,211318720,67,5.176538221,0.142569640,0.214976341,0.209737549
20,263,211318720,67,10.355523205,0.142569640,0.214976341,0.000004764
18,264,211318720,67,0.343596187,0.142569640,0.153396398,0.160647169
5,264,211318720,67,0.386677635,0.142569640,0.153396398,0.224668507
19,264,211318720,67,0.417689204,0.142569640,0.153396398,0.255442452
11,264,211318720,67,0.498796107,0.142569640,0.153396398,0.363723388
4,264,211318720,67,0.567817078,0.142569640,0.153396398,0.470504106
17,264,211318720,67,0.593577313,0.142569640,0.153396398,0.497770195
16,264,211318720,67,0.652182900,0.142569640,0.153396398,0.524093417
3,264,211318720,67,0.785047337,0.142569640,0.153396398,0.567753354
2,264,211318720,67,0.928183231,0.142569640,0.153396398,0.614727535
1,264,211318720,67,1.577897577,0.142569640,0.153396398,0.495675186
14,264,211318720,67,2.243499345,0.142569640,0.153396398,0.372217090
9,264,211318720,67,2.415717836,0.142569640,0.153396398,0.446367153
13,264,211318720,67,2.500246919,0.142569640,0.153396398,0.472858614
7,264,211318720,67,2.835642395,0.142569640,0.153396398,0.479405824
10,264,211318720,67,2.943990344,0.142569640,0.153396398,0.515612387
8,264,211318720,67,3.286792440,0.142569640,0.153396398,0.497710087
6,264,211318720,67,3.865985603,0.142569640,0.153396398,0.405352364
12,264,211318720,67,4.870963203,0.142569640,0.153396398,0.168146325
20,264,211318720,67,5.010737035,0.142569640,0.153396398,0.215594267
15,264,211318720,67,7.427514599,0.142569640,0.153396398,0.000004764
17,265,211318720,67,0.502257727,0.142569640,0.004356215,0.227760236
18,265,211318720,67,0.515394281,0.142569640,0.004356215,0.264039482
16,265,211318720,67,0.597834325,0.142569640,0.004356215,0.457653936
1,265,211318720,67,0.598512874,0.142569640,0.004356215,0.458765005
3,265,211318720,67,0.600330317,0.142569640,0.004356215,0.460518958
11,265,211318720,67,0.648434939,0.142569640,0.004356215,0.476304393
5,265,211318720,67,0.859283632,0.142569640,0.004356215,0.502820274
19,265,211318720,67,1.025237136,0.142569640,0.004356215,0.579769404
2,265,211318720,67,1.113819877,0.142569640,0.004356215,0.608650148
4,265,211318720,67,1.257309243,0.142569640,0.004356215,0.656680494
12,265,211318720,67,1.719163483,0.142569640,0.004356215,0.601399606
14,265,211318720,67,2.083249392,0.142569640,0.004356215,0.592224401
10,265,211318720,67,2.207992758,0.142569640,0.004356215,0.633677097
9,265,211318720,67,2.415717836,0.142569640,0.004356215,0.661083204
6,265,211318720,67,3.865985603,0.142569640,0.004356215,0.275066676
20,265,211318720,67,4.676687899,0.142569640,0.004356215,0.103701109
13,265,211318720,67,5.833909477,0.142569640,0.004356215,0.049429055
15,265,211318720,67,7.427514599,0.142569640,0.004356215,0.049250957
8,265,211318720,67,8.090566007,0.142569640,0.004356215,0.048440483
7,265,211318720,67,8.790491424,0.142569640,0.004356215,0.000004764
18,266,211318720,67,0.386545711,0.142569640,0.001763810,0.074281430
1,266,211318720,67,0.489692351,0.142569640,0.001763810,0.175943286
19,266,211318720,67,0.531604441,0.142569640,0.001763810,0.240551649
3,266,211318720,67,0.646509572,0.142569640,0.001763810,0.431113866
11,266,211318720,67,0.648434939,0.142569640,0.001763810,0.432968955
16,266,211318720,67,0.652182900,0.142569640,0.001763810,0.434215759
5,266,211318720,67,0.859283632,0.142569640,0.001763810,0.508861720
4,266,211318720,67,0.932842342,0.142569640,0.001763810,0.534472995
17,266,211318720,67,1.141494833,0.142569640,0.001763810,0.561418956
2,266,211318720,67,1.531502330,0.142569640,0.001763810,0.529477351
9,266,211318720,67,2.243166562,0.142569640,0.001763810,0.389357939
13,266,211318720,67,2.708600829,0.142569640,0.001763810,0.417685274
15,266,211318720,67,2.723422020,0.142569640,0.001763810,0.421974308
14,266,211318720,67,3.044749111,0.142569640,0.001763810,0.410384962
7,266,211318720,67,3.686335113,0.142569640,0.001763810,0.291708706
12,266,211318720,67,3.868117837,0.142569640,0.001763810,0.327848841
6,266,211318720,67,4.163369111,0.142569640,0.001763810,0.324777746
8,266,211318720,67,5.562264130,0.142569640,0.001763810,0.048728145
10,266,211318720,67,7.605308388,0.142569640,0.001763810,0.048534840
20,266,211318720,67,7.683130120,0.142569640,0.001763810,0.022597050
2,267,211318720,67,0.371273292,0.142569640,0.019783502,0.049217977
18,267,211318720,67,0.515394281,0.142569640,0.019783502,0.278918508
5,267,211318720,67,0.515570179,0.142569640,0.019783502,0.279460570
4,267,211318720,67,0.567817078,0.142569640,0.019783502,0.403633322
17,267,211318720,67,0.639237107,0.142569640,0.019783502,0.611253946
3,267,211318720,67,0.646509572,0.142569640,0.019783502,0.628232758
11,267,211318720,67,0.648434939,0.142569640,0.019783502,0.631223890
16,267,211318720,67,0.706531475,0.142569640,0.019783502,0.689104774
19,267,211318720,67,0.721463170,0.142569640,0.019783502,0.694119279
1,267,211318720,67,1.142615487,0.142569640,0.019783502,0.646439338
9,267,211318720,67,2.243166562,0.142569640,0.019783502,0.447264741
13,267,211318720,67,2.291893009,0.142569640,0.019783502,0.463236778
14,267,211318720,67,3.044749111,0.142569640,0.019783502,0.306938010
10,267,211318720,67,3.434655401,0.142569640,0.019783502,0.271999142
20,267,211318720,67,4.342638764,0.142569640,0.019783502,0.098196056
12,267,211318720,67,4.441172332,0.142569640,0.019783502,0.131061762
15,267,211318720,67,7.922682239,0.142569640,0.019783502,0.048027929
8,267,211318720,67,8.090566007,0.142569640,0.019783502,0.087975669
7,267,211318720,67,8.506927184,0.142569640,0.019783502,0.047137475
6,267,211318720,67,8.921505237,0.142569640,0.019783502,0.000004764
19,268,211318720,67,0.455660949,0.142569640,0.015041186,0.219755402
3,268,211318720,67,0.461792551,0.142569640,0.015041186,0.234194135
2,268,211318720,67,0.510500777,0.142569640,0.015041186,0.316375485
4,268,211318720,67,0.567817078,0.142569640,0.015041186,0.374709348
17,268,211318720,67,0.593577313,0.142569640,0.015041186,0.383047863
18,268,211318720,67,0.816040945,0.142569640,0.015041186,0.403526243
5,268,211318720,67,1.160032904,0.142569640,0.015041186,0.386962643
16,268,211318720,67,1.413062950,0.142569640,0.015041186,0.438648052
11,268,211318720,67,1.496388320,0.142569640,0.015041186,0.513237031
12,268,211318720,67,1.575899860,0.142569640,0.015041186,0.592532226
1,268,211318720,67,1.632307838,0.142569640,0.015041186,0.645149944
9,268,211318720,67,1.725512740,0.142569640,0.015041186,0.676642840
14,268,211318720,67,2.243499345,0.142569640,0.015041186,0.601995946
15,268,211318720,67,3.218589660,0.142569640,0.015041186,0.371613225
6,268,211318720,67,3.865985603,0.142569640,0.015041186,0.243769829
20,268,211318720,67,4.008589628,0.142569640,0.015041186,0.293461933
10,268,211318720,67,4.170652987,0.142569640,0.015041186,0.332464786
13,268,211318720,67,6.250617297,0.142569640,0.015041186,0.048673537
8,268,211318720,67,6.573584881,0.142569640,0.015041186,0.048711021
7,268,211318720,67,8.506927184,0.142569640,0.015041186,0.000004764
5,269,211318720,67,0.386677635,0.142569640,0.076094560,0.112030039
19,269,211318720,67,0.455660949,0.142569640,0.076094560,0.240603586
3,269,211318720,67,0.507971807,0.142569640,0.076094560,0.328597203
17,269,211318720,67,0.547917520,0.142569640,0.076094560,0.420971849
18,269,211318720,67,0.558343805,0.142569640,0.076094560,0.437866705
2,269,211318720,67,0.649728261,0.142569640,0.076094560,0.529781037
16,269,211318720,67,0.652182900,0.142569640,0.076094560,0.530629413
4,269,211318720,67,0.892283979,0.142569640,0.076094560,0.548812068
12,269,211318720,67,1.575899860,0.142569640,0.076094560,0.555992290
11,269,211318720,67,1.596147541,0.142569640,0.076094560,0.576971796
1,269,211318720,67,1.632307838,0.142569640,0.076094560,0.588727353
14,269,211318720,67,1.922999439,0.142569640,0.076094560,0.588118072
9,269,211318720,67,2.243166562,0.142569640,0.076094560,0.579892348
8,269,211318720,67,2.528301877,0.142569640,0.076094560,0.582873797
10,269,211318720,67,2.943990344,0.142569640,0.076094560,0.537737569
15,269,211318720,67,3.218589660,0.142569640,0.076094560,0.541538591
20,269,211318720,67,3.674540492,0.142569640,0.076094560,0.486050612
7,269,211318720,67,3.969899353,0.142569640,0.076094560,0.483574248
6,269,211318720,67,4.163369111,0.142569640,0.076094560,0.516049296
13,269,211318720,67,4.792139928,0.142569640,0.076094560,0.305268123
19,270,211318720,67,0.531604441,0.142569640,0.001721109,0.228782013
17,270,211318720,67,0.547917520,0.142569640,0.001721109,0.255650985
3,270,211318720,67,0.600330317,0.142569640,0.001721109,0.385880670
18,270,211318720,67,0.601293328,0.142569640,0.001721109,0.388173009
11,270,211318720,67,0.698314549,0.142569640,0.001721109,0.550559863
16,270,211318720,67,0.706531475,0.142569640,0.001721109,0.559273790
1,270,211318720,67,0.707333396,0.142569640,0.001721109,0.559506646
2,270,211318720,67,1.113819877,0.142569640,0.001721109,0.520822926
5,270,211318720,67,1.331889630,0.142569640,0.001721109,0.632286423
4,270,211318720,67,1.338425969,0.142569640,0.001721109,0.634658258
12,270,211318720,67,1.719163483,0.142569640,0.001721109,0.606708255
13,270,211318720,67,1.875185189,0.142569640,0.001721109,0.651457797
14,270,211318720,67,2.243499345,0.142569640,0.001721109,0.628180805
7,270,211318720,67,2.835642395,0.142569640,0.001721109,0.530646810
15,270,211318720,67,3.466173480,0.142569640,0.001721109,0.413324354
9,270,211318720,67,3.623576755,0.142569640,0.001721109,0.454245941
8,270,211318720,67,3.792452816,0.142569640,0.001721109,0.492254373
20,270,211318720,67,4.676687899,0.142569640,0.001721109,0.292812333
6,270,211318720,67,5.947670158,0.142569640,0.001721109,0.049260299
10,270,211318720,67,6.378645745,0.142569640,0.001721109,0.000004764
4,271,211318720,67,0.324466901,0.142569640,0.044916999,0.083772210
3,271,211318720,67,0.415613296,0.142569640,0.044916999,0.216256343
5,271,211318720,67,0.472605998,0.142569640,0.044916999,0.349352317
19,271,211318720,67,0.493632695,0.142569640,0.044916999,0.384123679
2,271,211318720,67,0.556909938,0.142569640,0.044916999,0.488886629
18,271,211318720,67,0.558343805,0.142569640,0.044916999,0.491191564
17,271,211318720,67,0.639237107,0.142569640,0.044916999,0.622687180
11,271,211318720,67,0.698314549,0.142569640,0.044916999,0.681837352
1,271,211318720,67,0.707333396,0.142569640,0.044916999,0.684756879
16,271,211318720,67,1.521760100,0.142569640,0.044916999,0.509503548
13,271,211318720,67,1.875185189,0.142569640,0.044916999,0.489028031
9,271,211318720,67,2.415717836,0.142569640,0.044916999,0.401664082
12,271,211318720,67,2.722008849,0.142569640,0.044916999,0.393981854
14,271,211318720,67,2.884499158,0.142569640,0.044916999,0.437726390
7,271,211318720,67,3.119206634,0.142569640,0.044916999,0.454633450
8,271,211318720,67,3.286792440,0.142569640,0.044916999,0.494073161
10,271,211318720,67,3.434655401,0.142569640,0.044916999,0.549615013
6,271,211318720,67,3.568602095,0.142569640,0.044916999,0.593880380
20,271,211318720,67,6.680982713,0.142569640,0.044916999,0.047716472
15,271,211318720,67,6.684763139,0.142569640,0.044916999,0.046461366
3,272,211318720,67,0.369434041,0.142569640,0.114716195,0.108006032
2,272,211318720,67,0.464091615,0.142569640,0.114716195,0.294922538
18,272,211318720,67,0.472444758,0.142569640,0.114716195,0.314963902
19,272,211318720,67,0.531604441,0.142569640,0.114716195,0.413626881
11,272,211318720,67,0.548675717,0.142569640,0.114716195,0.431110806
5,272,211318720,67,0.601498543,0.142569640,0.114716195,0.449477376
1,272,211318720,67,0.761743658,0.142569640,0.114716195,0.493162267
4,272,211318720,67,0.932842342,0.142569640,0.114716195,0.607767093
17,272,211318720,67,1.004515453,0.142569640,0.114716195,0.679025632
16,272,211318720,67,1.032622925,0.142569640,0.114716195,0.688685491
12,272,211318720,67,1.432636236,0.142569640,0.114716195,0.652501419
9,272,211318720,67,2.243166562,0.142569640,0.114716195,0.571390460
14,272,211318720,67,2.243499345,0.142569640,0.114716195,0.571543093
13,272,211318720,67,2.916954739,0.142569640,0.114716195,0.522859020
10,272,211318720,67,2.943990344,0.142569640,0.114716195,0.532033295
15,272,211318720,67,3.466173480,0.142569640,0.114716195,0.453433925
7,272,211318720,67,3.686335113,0.142569640,0.114716195,0.477767848
6,272,211318720,67,4.163369111,0.142569640,0.114716195,0.413702308
8,272,211318720,67,6.826415069,0.142569640,0.114716195,0.047276884
20,272,211318720,67,10.355523205,0.142569640,0.114716195,0.000004764
4,273,211318720,67,0.446141990,0.142569640,0.023576470,0.169104913
19,273,211318720,67,0.493632695,0.142569640,0.023576470,0.241227337
17,273,211318720,67,0.502257727,0.142569640,0.023576470,0.249773634
11,273,211318720,67,0.598555328,0.142569640,0.023576470,0.305549537
16,273,211318720,67,0.706531475,0.142569640,0.023576470,0.341102405
5,273,211318720,67,0.902247814,0.142569640,0.023576470,0.371932241
3,273,211318720,67,1.062122868,0.142569640,0.023576470,0.414361728
2,273,211318720,67,1.299456523,0.142569640,0.023576470,0.494712265
18,273,211318720,67,1.374384750,0.142569640,0.023576470,0.569268482
1,273,211318720,67,1.414666793,0.142569640,0.023576470,0.582732887
14,273,211318720,67,1.762749486,0.142569640,0.023576470,0.560671963
12,273,211318720,67,2.005690731,0.142569640,0.023576470,0.575631322
13,273,211318720,67,2.500246919,0.142569640,0.023576470,0.504001977
8,273,211318720,67,2.781132065,0.142569640,0.023576470,0.507033485
15,273,211318720,67,2.971005840,0.142569640,0.023576470,0.536357025
10,273,211318720,67,3.189322872,0.142569640,0.023576470,0.560680676
9,273,211318720,67,4.486333125,0.142569640,0.023576470,0.228204076
6,273,211318720,67,5.650286650,0.142569640,0.023576470,0.046115529
20,273,211318720,67,8.017179256,0.142569640,0.023576470,0.047381471
7,273,211318720,67,8.790491424,0.142569640,0.023576470,0.000004764
4,274,211318720,67,0.446141990,0.142569640,0.067827880,0.211930436
18,274,211318720,67,0.515394281,0.142569640,0.067827880,0.386480032
5,274,211318720,67,0.515570179,0.142569640,0.067827880,0.386864376
19,274,211318720,67,0.531604441,0.142569640,0.067827880,0.414120308
11,274,211318720,67,0.548675717,0.142569640,0.067827880,0.432005570
17,274,211318720,67,0.639237107,0.142569640,0.067827880,0.525424845
1,274,211318720,67,0.707333396,0.142569640,0.067827880,0.594751253
16,274,211318720,67,0.760880050,0.142569640,0.067827880,0.612624280
2,274,211318720,67,1.160229038,0.142569640,0.067827880,0.644055608
3,274,211318720,67,1.200660634,0.142569640,0.067827880,0.657943488
14,274,211318720,67,1.922999439,0.142569640,0.067827880,0.517130183
12,274,211318720,67,2.722008849,0.142569640,0.067827880,0.345684033
6,274,211318720,67,2.973835079,0.142569640,0.067827880,0.356732450
15,274,211318720,67,3.218589660,0.142569640,0.067827880,0.370056596
10,274,211318720,67,3.434655401,0.142569640,0.067827880,0.393007517
9,274,211318720,67,3.623576755,0.142569640,0.067827880,0.479880627
7,274,211318720,67,3.686335113,0.142569640,0.067827880,0.500895417
8,274,211318720,67,5.309433942,0.142569640,0.067827880,0.081579519
13,274,211318720,67,5.417201657,0.142569640,0.067827880,0.118138761
20,274,211318720,67,6.346933578,0.142569640,0.067827880,0.000004764
3,275,211318720,67,0.507971807,0.142569640,0.000949442,0.286146415
19,275,211318720,67,0.531604441,0.142569640,0.000949442,0.356745870
2,275,211318720,67,0.556909938,0.142569640,0.000949442,0.415780930
5,275,211318720,67,0.558534361,0.142569640,0.000949442,0.418644078
18,275,211318720,67,0.601293328,0.142569640,0.000949442,0.462616574
11,275,211318720,67,0.648434939,0.142569640,0.000949442,0.478624558
17,275,211318720,67,0.958855660,0.142569640,0.000949442,0.471297996
4,275,211318720,67,1.135634155,0.142569640,0.000949442,0.561077095
1,275,211318720,67,1.197025748,0.142569640,0.000949442,0.580725855
9,275,211318720,67,1.380410192,0.142569640,0.000949442,0.615062598
16,275,211318720,67,1.576108675,0.142569640,0.000949442,0.646806922
14,275,211318720,67,2.243499345,0.142569640,0.000949442,0.522447302
13,275,211318720,67,2.500246919,0.142569640,0.000949442,0.590299958
7,275,211318720,67,2.552078155,0.142569640,0.000949442,0.607025491
10,275,211318720,67,3.189322872,0.142569640,0.000949442,0.493325554
6,275,211318720,67,3.568602095,0.142569640,0.000949442,0.462148656
12,275,211318720,67,4.584435955,0.142569640,0.000949442,0.220343235
20,275,211318720,67,5.678835306,0.142569640,0.000949442,0.048647231
15,275,211318720,67,6.189595499,0.142569640,0.000949442,0.048748007
8,275,211318720,67,7.837735819,0.142569640,0.000949442,0.000004764
19,276,211318720,67,0.455660949,0.142569640,0.032764316,0.137409179
2,276,211318720,67,0.464091615,0.142569640,0.032764316,0.147913526
3,276,211318720,67,0.600330317,0.142569640,0.032764316,0.544291262
5,276,211318720,67,0.601498543,0.142569640,0.032764316,0.548688395
17,276,211318720,67,0.639237107,0.142569640,0.032764316,0.661818017
11,276,211318720,67,0.648434939,0.142569640,0.032764316,0.683008125
16,276,211318720,67,0.652182900,0.142569640,0.032764316,0.689486710
1,276,211318720,67,0.652923135,0.142569640,0.032764316,0.690190827
4,276,211318720,67,0.730050528,0.142569640,0.032764316,0.715950019
18,276,211318720,67,1.116687609,0.142569640,0.032764316,0.677786255
12,276,211318720,67,2.005690731,0.142569640,0.032764316,0.483597592
9,276,211318720,67,2.415717836,0.142569640,0.032764316,0.444226519
13,276,211318720,67,2.916954739,0.142569640,0.032764316,0.375662842
10,276,211318720,67,3.189322872,0.142569640,0.032764316,0.381451990
15,276,211318720,67,3.466173480,0.142569640,0.032764316,0.386112465
6,276,211318720,67,3.865985603,0.142569640,0.032764316,0.373875788
7,276,211318720,67,3.969899353,0.142569640,0.032764316,0.477984811
20,276,211318720,67,4.008589628,0.142569640,0.032764316,0.491301108
14,276,211318720,67,4.326748737,0.142569640,0.032764316,0.484421999
8,276,211318720,67,5.309433942,0.142569640,0.032764316,0.160714326
4,277,211318720,67,0.324466901,0.142569640,0.017737487,0.048656408
19,277,211318720,67,0.531604441,0.142569640,0.017737487,0.272765956
17,277,211318720,67,0.547917520,0.142569640,0.017737487,0.311349705
18,277,211318720,67,0.558343805,0.142569640,0.017737487,0.328881726
3,277,211318720,67,0.646509572,0.142569640,0.017737487,0.419292988
11,277,211318720,67,0.648434939,0.142569640,0.017737487,0.420016595
5,277,211318720,67,1.331889630,0.142569640,0.017737487,0.415016071
2,277,211318720,67,1.345865684,0.142569640,0.017737487,0.428936150
16,277,211318720,67,1.413062950,0.142569640,0.017737487,0.451878277
1,277,211318720,67,1.632307838,0.142569640,0.017737487,0.472149066
14,277,211318720,67,2.083249392,0.142569640,0.017737487,0.414110431
9,277,211318720,67,2.243166562,0.142569640,0.017737487,0.457259666
7,277,211318720,67,2.552078155,0.142569640,0.017737487,0.450428156
10,277,211318720,67,2.943990344,0.142569640,0.017737487,0.451609924
8,277,211318720,67,3.033962253,0.142569640,0.017737487,0.483029897
6,277,211318720,67,3.568602095,0.142569640,0.017737487,0.401698100
12,277,211318720,67,4.441172332,0.142569640,0.017737487,0.203999099
15,277,211318720,67,5.199260219,0.142569640,0.017737487,0.052418032
13,277,211318720,67,6.875679027,0.142569640,0.017737487,0.048523242
20,277,211318720,67,10.021474070,0.142569640,0.017737487,0.000004764





























































































































































































































































































































































































































































































































































































































































































































































































































































































































































































































































































