client-id,round_number,workload,bg-workload,computation-time,client-queue-delay,propagation-delay,station-queue-delay
8,1,211318720,67,0.464923853,0.142569611,0.119492806,0.128769040
19,1,211318720,67,0.542840689,0.142569611,0.119492806,0.311442771
11,1,211318720,67,0.552216916,0.142569611,0.119492806,0.333452486
12,1,211318720,67,0.613448897,0.142569611,0.119492806,0.436203935
15,1,211318720,67,0.628710132,0.142569611,0.119492806,0.452317907
14,1,211318720,67,0.658485284,0.142569611,0.119492806,0.462487268
9,1,211318720,67,0.896252374,0.142569611,0.119492806,0.496711019
6,1,211318720,67,1.012313408,0.142569611,0.119492806,0.571269128
7,1,211318720,67,1.102316711,0.142569611,0.119492806,0.601505178
5,1,211318720,67,1.360275730,0.142569611,0.119492806,0.612873899
17,1,211318720,67,1.518444278,0.142569611,0.119492806,0.725057820
16,1,211318720,67,1.590198497,0.142569611,0.119492806,0.845031150
4,1,211318720,67,1.636309869,0.142569611,0.119492806,0.914007252
20,1,211318720,67,1.649531190,0.142569611,0.119492806,0.936307435
10,1,211318720,67,1.748959065,0.142569611,0.119492806,1.035527812
1,1,211318720,67,1.773783767,0.142569611,0.119492806,1.044679516
2,1,211318720,67,2.958686961,0.142569611,0.119492806,0.748322316
18,1,211318720,67,3.211439317,0.142569611,0.119492806,0.760291945
3,1,211318720,67,4.378401965,0.142569611,0.119492806,0.468226100
13,1,211318720,67,5.511243943,0.142569611,0.119492806,0.096040126
19,2,211318720,67,0.452367241,0.142569611,0.056385003,0.078508721
14,2,211318720,67,0.548737736,0.142569611,0.056385003,0.203166663
12,2,211318720,67,0.613448897,0.142569611,0.056385003,0.268603528
15,2,211318720,67,0.628710132,0.142569611,0.056385003,0.273975473
8,2,211318720,67,0.774873089,0.142569611,0.056385003,0.389448056
7,2,211318720,67,0.814755830,0.142569611,0.056385003,0.402784597
11,2,211318720,67,1.196469985,0.142569611,0.056385003,0.412691048
9,2,211318720,67,1.280360534,0.142569611,0.056385003,0.441477328
16,2,211318720,67,1.457681955,0.142569611,0.056385003,0.478584615
17,2,211318720,67,1.630921632,0.142569611,0.056385003,0.720723848
5,2,211318720,67,1.643666507,0.142569611,0.056385003,0.742181705
20,2,211318720,67,1.649531190,0.142569611,0.056385003,0.748224940
3,2,211318720,67,1.720086486,0.142569611,0.056385003,0.813143855
4,2,211318720,67,1.799940856,0.142569611,0.056385003,0.882070034
6,2,211318720,67,1.880010615,0.142569611,0.056385003,0.909362817
18,2,211318720,67,2.140959545,0.142569611,0.056385003,0.919398842
2,2,211318720,67,2.712129714,0.142569611,0.056385003,0.826776594
10,2,211318720,67,3.323022224,0.142569611,0.056385003,0.718227217
1,2,211318720,67,3.991013475,0.142569611,0.056385003,0.589360738
13,2,211318720,67,4.188545396,0.142569611,0.056385003,0.523409713
12,3,211318720,67,0.330318637,0.142569610,0.016473994,0.104457521
8,3,211318720,67,0.387436544,0.142569610,0.016473994,0.159370902
19,3,211318720,67,0.497603965,0.142569610,0.016473994,0.355160444
9,3,211318720,67,0.512144213,0.142569610,0.016473994,0.379527687
7,3,211318720,67,0.527194949,0.142569610,0.016473994,0.394780333
5,3,211318720,67,0.623459709,0.142569610,0.016473994,0.522154227
17,3,211318720,67,0.674864124,0.142569610,0.016473994,0.589436266
14,3,211318720,67,0.713359057,0.142569610,0.016473994,0.628579010
20,3,211318720,67,0.794218721,0.142569610,0.016473994,0.698547342
11,3,211318720,67,0.874343450,0.142569610,0.016473994,0.725476511
15,3,211318720,67,1.354144901,0.142569610,0.016473994,0.658609151
18,3,211318720,67,2.140959545,0.142569610,0.016473994,0.531390704
2,3,211318720,67,2.219015221,0.142569610,0.016473994,0.555683902
3,3,211318720,67,2.658315479,0.142569610,0.016473994,0.506122144
6,3,211318720,67,3.036940224,0.142569610,0.016473994,0.474518444
16,3,211318720,67,3.577946618,0.142569610,0.016473994,0.394482646
10,3,211318720,67,4.197501756,0.142569610,0.016473994,0.322125988
1,3,211318720,67,4.286644103,0.142569610,0.016473994,0.351961202
4,3,211318720,67,4.908929607,0.142569610,0.016473994,0.241596578
13,3,211318720,67,5.290794185,0.142569610,0.016473994,0.117298093
8,4,211318720,67,0.426180199,0.142569610,0.082304068,0.301664635
20,4,211318720,67,0.427656234,0.142569610,0.082304068,0.305234843
11,4,211318720,67,0.460180763,0.142569610,0.082304068,0.359066318
19,4,211318720,67,0.497603965,0.142569610,0.082304068,0.415867267
9,4,211318720,67,0.512144213,0.142569610,0.082304068,0.430631719
12,4,211318720,67,0.613448897,0.142569610,0.082304068,0.493624437
14,4,211318720,67,0.713359057,0.142569610,0.082304068,0.527227947
1,4,211318720,67,1.034707197,0.142569610,0.082304068,0.604973231
17,4,211318720,67,1.068534863,0.142569610,0.082304068,0.639209261
7,4,211318720,67,1.150243524,0.142569610,0.082304068,0.667430026
4,4,211318720,67,1.309047895,0.142569610,0.082304068,0.713416527
6,4,211318720,67,1.446162012,0.142569610,0.082304068,0.851326687
15,4,211318720,67,1.450869536,0.142569610,0.082304068,0.853040805
5,4,211318720,67,1.643666507,0.142569610,0.082304068,0.898530032
13,4,211318720,67,1.763598062,0.142569610,0.082304068,0.938402294
18,4,211318720,67,2.854612726,0.142569610,0.082304068,0.675912087
16,4,211318720,67,3.445430076,0.142569610,0.082304068,0.577953698
10,4,211318720,67,3.672814037,0.142569610,0.082304068,0.598157387
3,4,211318720,67,3.909287469,0.142569610,0.082304068,0.616287781
2,4,211318720,67,6.903602909,0.142569610,0.082304068,0.000004764
15,5,211318720,67,0.338536225,0.142569610,0.083734460,0.062418449
11,5,211318720,67,0.460180763,0.142569610,0.083734460,0.285262876
7,5,211318720,67,0.479268135,0.142569610,0.083734460,0.332138591
19,5,211318720,67,0.542840689,0.142569610,0.083734460,0.481501768
14,5,211318720,67,0.548737736,0.142569610,0.083734460,0.491474242
12,5,211318720,67,0.566260521,0.142569610,0.083734460,0.509341524
17,5,211318720,67,0.618625447,0.142569610,0.083734460,0.527237808
8,5,211318720,67,0.813616743,0.142569610,0.083734460,0.557038998
9,5,211318720,67,0.981609742,0.142569610,0.083734460,0.594522084
5,5,211318720,67,1.133563108,0.142569610,0.083734460,0.640901905
6,5,211318720,67,1.446162012,0.142569610,0.083734460,0.715139636
20,5,211318720,67,1.466249947,0.142569610,0.083734460,0.722272046
4,5,211318720,67,1.636309869,0.142569610,0.083734460,0.765102189
1,5,211318720,67,1.773783767,0.142569610,0.083734460,0.810287288
10,5,211318720,67,2.098750878,0.142569610,0.083734460,0.863536107
18,5,211318720,67,2.140959545,0.142569610,0.083734460,0.877065504
13,5,211318720,67,2.645397093,0.142569610,0.083734460,0.807332569
2,5,211318720,67,3.205244208,0.142569610,0.083734460,0.719576558
16,5,211318720,67,3.710463159,0.142569610,0.083734460,0.646561537
3,5,211318720,67,4.534773464,0.142569610,0.083734460,0.373435341
9,6,211318720,67,0.512144213,0.142569610,0.000033857,0.213694542
11,6,211318720,67,0.552216916,0.142569610,0.000033857,0.320623977
15,6,211318720,67,0.580347815,0.142569610,0.000033857,0.388810075
12,6,211318720,67,0.613448897,0.142569610,0.000033857,0.466709469
5,6,211318720,67,0.623459709,0.142569610,0.000033857,0.483241974
17,6,211318720,67,0.674864124,0.142569610,0.000033857,0.536035022
7,6,211318720,67,0.718902203,0.142569610,0.000033857,0.550145712
8,6,211318720,67,0.891104052,0.142569610,0.000033857,0.587390682
1,6,211318720,67,1.034707197,0.142569610,0.000033857,0.724343297
19,6,211318720,67,1.040444654,0.142569610,0.000033857,0.726024287
18,6,211318720,67,1.427306363,0.142569610,0.000033857,0.691954069
14,6,211318720,67,1.591339436,0.142569610,0.000033857,0.789393540
20,6,211318720,67,1.649531190,0.142569610,0.000033857,0.809586391
6,6,211318720,67,1.880010615,0.142569610,0.000033857,0.869458991
4,6,211318720,67,1.963571843,0.142569610,0.000033857,0.945655461
3,6,211318720,67,2.032829484,0.142569610,0.000033857,0.968806550
16,6,211318720,67,2.252781204,0.142569610,0.000033857,0.990930951
10,6,211318720,67,4.897085382,0.142569610,0.000033857,0.218092439
13,6,211318720,67,5.511243943,0.142569610,0.000033857,0.111891056
2,6,211318720,67,5.917373922,0.142569610,0.000033857,0.000004764
15,7,211318720,67,0.338536225,0.142569610,0.038690638,0.047608436
12,7,211318720,67,0.519072144,0.142569610,0.038690638,0.217948264
9,7,211318720,67,0.554822898,0.142569610,0.038690638,0.285388039
5,7,211318720,67,0.566781554,0.142569610,0.038690638,0.305651164
20,7,211318720,67,0.672031225,0.142569610,0.038690638,0.478269715
17,7,211318720,67,0.674864124,0.142569610,0.038690638,0.481233659
14,7,211318720,67,0.713359057,0.142569610,0.038690638,0.494692696
19,7,211318720,67,0.904734482,0.142569610,0.038690638,0.529422239
11,7,211318720,67,1.150451908,0.142569610,0.038690638,0.723031650
6,7,211318720,67,1.156929609,0.142569610,0.038690638,0.733273992
8,7,211318720,67,1.162309633,0.142569610,0.038690638,0.738826007
7,7,211318720,67,1.294023965,0.142569610,0.038690638,0.802479692
3,7,211318720,67,1.407343489,0.142569610,0.038690638,0.892127302
4,7,211318720,67,1.472678882,0.142569610,0.038690638,0.930333748
16,7,211318720,67,1.590198497,0.142569610,0.038690638,0.971519085
10,7,211318720,67,1.748959065,0.142569610,0.038690638,1.015872845
18,7,211318720,67,2.140959545,0.142569610,0.038690638,0.979111035
1,7,211318720,67,2.512860336,0.142569610,0.038690638,0.954045145
2,7,211318720,67,2.958686961,0.142569610,0.038690638,0.902671346
13,7,211318720,67,5.511243943,0.142569610,0.038690638,0.058840574
11,8,211318720,67,0.460180763,0.142569610,0.061882034,0.263684560
9,8,211318720,67,0.469465529,0.142569610,0.061882034,0.290667699
5,8,211318720,67,0.510103399,0.142569610,0.061882034,0.402898445
12,8,211318720,67,0.519072144,0.142569610,0.061882034,0.423984491
19,8,211318720,67,0.588077413,0.142569610,0.061882034,0.538711834
14,8,211318720,67,0.603611510,0.142569610,0.061882034,0.573513837
15,8,211318720,67,0.628710132,0.142569610,0.061882034,0.614919894
17,8,211318720,67,0.731102801,0.142569610,0.061882034,0.718201350
20,8,211318720,67,0.733124973,0.142569610,0.061882034,0.718854445
8,8,211318720,67,1.046078670,0.142569610,0.061882034,0.710417604
7,8,211318720,67,1.246097151,0.142569610,0.061882034,0.779334429
1,8,211318720,67,1.330337825,0.142569610,0.061882034,0.807482685
6,8,211318720,67,1.590778213,0.142569610,0.061882034,0.815510522
3,8,211318720,67,1.876457985,0.142569610,0.061882034,0.817166076
18,8,211318720,67,2.140959545,0.142569610,0.061882034,0.831105406
10,8,211318720,67,2.273646785,0.142569610,0.061882034,0.875465394
16,8,211318720,67,2.517814287,0.142569610,0.061882034,0.888693956
2,8,211318720,67,2.958686961,0.142569610,0.061882034,0.837705784
4,8,211318720,67,4.254405660,0.142569610,0.061882034,0.495273758
13,8,211318720,67,5.952143458,0.142569610,0.061882034,0.000004764
8,9,211318720,67,0.426180199,0.142569610,0.050524980,0.126791738
9,9,211318720,67,0.512144213,0.142569610,0.050524980,0.444619148
7,9,211318720,67,0.527194949,0.142569610,0.050524980,0.507681988
11,9,211318720,67,0.552216916,0.142569610,0.050524980,0.600009980
12,9,211318720,67,0.566260521,0.142569610,0.050524980,0.642555805
15,9,211318720,67,0.580347815,0.142569610,0.050524980,0.675548636
19,9,211318720,67,0.588077413,0.142569610,0.050524980,0.688531560
17,9,211318720,67,0.618625447,0.142569610,0.050524980,0.737479630
14,9,211318720,67,0.658485284,0.142569610,0.050524980,0.777275417
20,9,211318720,67,0.733124973,0.142569610,0.050524980,0.802560166
16,9,211318720,67,1.192648873,0.142569610,0.050524980,0.765802149
6,9,211318720,67,1.301545810,0.142569610,0.050524980,0.801538187
5,9,211318720,67,1.586988351,0.142569610,0.050524980,0.806867587
3,9,211318720,67,1.720086486,0.142569610,0.050524980,0.909772633
1,9,211318720,67,1.773783767,0.142569610,0.050524980,0.928821644
4,9,211318720,67,1.963571843,0.142569610,0.050524980,0.962072056
13,9,211318720,67,2.204497577,0.142569610,0.050524980,0.978024584
10,9,211318720,67,3.497918130,0.142569610,0.050524980,0.642853448
18,9,211318720,67,4.995572271,0.142569610,0.050524980,0.249808107
2,9,211318720,67,5.177702182,0.142569610,0.050524980,0.188673620
8,10,211318720,67,0.426180199,0.142569610,0.037085131,0.097141162
17,10,211318720,67,0.506148093,0.142569610,0.037085131,0.271436042
11,10,211318720,67,0.552216916,0.142569610,0.037085131,0.373171063
7,10,211318720,67,0.575121762,0.142569610,0.037085131,0.426108802
15,10,211318720,67,0.580347815,0.142569610,0.037085131,0.434655098
20,10,211318720,67,0.672031225,0.142569610,0.037085131,0.584819892
5,10,211318720,67,0.680137865,0.142569610,0.037085131,0.593243951
9,10,211318720,67,0.725537636,0.142569610,0.037085131,0.608965809
19,10,211318720,67,1.130918102,0.142569610,0.037085131,0.571329279
12,10,211318720,67,1.368462925,0.142569610,0.037085131,0.590565801
14,10,211318720,67,1.591339436,0.142569610,0.037085131,0.618527069
16,10,211318720,67,1.722715038,0.142569610,0.037085131,0.750710284
6,10,211318720,67,1.735394414,0.142569610,0.037085131,0.754305892
10,10,211318720,67,1.923854972,0.142569610,0.037085131,0.857015627
4,10,211318720,67,1.963571843,0.142569610,0.037085131,0.870093238
2,10,211318720,67,2.712129714,0.142569610,0.037085131,0.721806047
18,10,211318720,67,2.854612726,0.142569610,0.037085131,0.785205587
3,10,211318720,67,2.971058477,0.142569610,0.037085131,0.830694811
1,10,211318720,67,3.104121591,0.142569610,0.037085131,0.875807087
13,10,211318720,67,5.952143458,0.142569610,0.037085131,0.000004764
15,11,211318720,67,0.338536225,0.142569610,0.026803229,0.060476475
8,11,211318720,67,0.464923853,0.142569610,0.026803229,0.496675277
7,11,211318720,67,0.479268135,0.142569610,0.026803229,0.558755682
19,11,211318720,67,0.497603965,0.142569610,0.026803229,0.625228734
17,11,211318720,67,0.506148093,0.142569610,0.026803229,0.650968503
5,11,211318720,67,0.510103399,0.142569610,0.026803229,0.660271192
14,11,211318720,67,0.548737736,0.142569610,0.026803229,0.738310415
11,11,211318720,67,0.552216916,0.142569610,0.026803229,0.744421647
12,11,211318720,67,0.566260521,0.142569610,0.026803229,0.758491415
20,11,211318720,67,0.672031225,0.142569610,0.026803229,0.793625288
9,11,211318720,67,1.066967111,0.142569610,0.026803229,0.757152061
4,11,211318720,67,1.799940856,0.142569610,0.026803229,0.655830792
3,11,211318720,67,1.876457985,0.142569610,0.026803229,0.683027272
2,11,211318720,67,2.712129714,0.142569610,0.026803229,0.536584002
10,11,211318720,67,2.798334504,0.142569610,0.026803229,0.565096867
16,11,211318720,67,3.312913535,0.142569610,0.026803229,0.571503950
18,11,211318720,67,3.389852612,0.142569610,0.026803229,0.648936536
1,11,211318720,67,3.399752219,0.142569610,0.026803229,0.652678387
6,11,211318720,67,3.615405029,0.142569610,0.026803229,0.676843256
13,11,211318720,67,5.731693700,0.142569610,0.026803229,0.000004764
8,12,211318720,67,0.387436544,0.142569612,0.007598314,0.220224847
9,12,211318720,67,0.426786845,0.142569612,0.007598314,0.313245125
11,12,211318720,67,0.460180763,0.142569612,0.007598314,0.369317482
7,12,211318720,67,0.479268135,0.142569612,0.007598314,0.388662210
19,12,211318720,67,0.497603965,0.142569612,0.007598314,0.394986555
14,12,211318720,67,0.658485284,0.142569612,0.007598314,0.484019173
20,12,211318720,67,0.733124973,0.142569612,0.007598314,0.508529433
5,12,211318720,67,0.963528642,0.142569612,0.007598314,0.525329833
10,12,211318720,67,1.224271346,0.142569612,0.007598314,0.604429203
15,12,211318720,67,1.305782583,0.142569612,0.007598314,0.686539681
12,12,211318720,67,1.321274548,0.142569612,0.007598314,0.693510212
17,12,211318720,67,1.462205602,0.142569612,0.007598314,0.741226713
1,12,211318720,67,1.773783767,0.142569612,0.007598314,0.734454858
3,12,211318720,67,2.501943980,0.142569612,0.007598314,0.587974170
2,12,211318720,67,3.205244208,0.142569612,0.007598314,0.451503005
18,12,211318720,67,3.389852612,0.142569612,0.007598314,0.526434792
6,12,211318720,67,3.470788828,0.142569612,0.007598314,0.576164633
16,12,211318720,67,3.577946618,0.142569612,0.007598314,0.612202119
4,12,211318720,67,4.418036646,0.142569612,0.007598314,0.432549411
13,12,211318720,67,5.511243943,0.142569612,0.007598314,0.071550801
5,13,211318720,67,0.396747088,0.142569612,0.004313835,0.189161562
19,13,211318720,67,0.452367241,0.142569612,0.004313835,0.318857364
12,13,211318720,67,0.471883767,0.142569612,0.004313835,0.351976582
11,13,211318720,67,0.506198840,0.142569612,0.004313835,0.387281222
9,13,211318720,67,0.512144213,0.142569612,0.004313835,0.389434326
17,13,211318720,67,0.731102801,0.142569612,0.004313835,0.411301951
8,13,211318720,67,1.084822324,0.142569612,0.004313835,0.621840169
7,13,211318720,67,1.102316711,0.142569612,0.004313835,0.662995308
15,13,211318720,67,1.112333311,0.142569612,0.004313835,0.679717075
14,13,211318720,67,1.152349247,0.142569612,0.004313835,0.719583530
16,13,211318720,67,1.192648873,0.142569612,0.004313835,0.733647880
3,13,211318720,67,1.563714988,0.142569612,0.004313835,0.709716264
20,13,211318720,67,1.710624938,0.142569612,0.004313835,0.836539227
6,13,211318720,67,1.735394414,0.142569612,0.004313835,0.844731650
4,13,211318720,67,1.963571843,0.142569612,0.004313835,0.865122598
18,13,211318720,67,2.140959545,0.142569612,0.004313835,0.902361588
1,13,211318720,67,2.512860336,0.142569612,0.004313835,0.875030378
10,13,211318720,67,4.022605850,0.142569612,0.004313835,0.476116747
13,13,211318720,67,5.952143458,0.142569612,0.004313835,0.048851784
2,13,211318720,67,6.410488416,0.142569612,0.004313835,0.000004764
8,14,211318720,67,0.271205581,0.142569612,0.076095000,0.047778324
19,14,211318720,67,0.452367241,0.142569612,0.076095000,0.242012152
7,14,211318720,67,0.479268135,0.142569612,0.076095000,0.302817420
12,14,211318720,67,0.519072144,0.142569612,0.076095000,0.368603388
14,14,211318720,67,0.548737736,0.142569612,0.076095000,0.416141028
11,14,211318720,67,0.598234992,0.142569612,0.076095000,0.499753256
17,14,211318720,67,0.674864124,0.142569612,0.076095000,0.576630693
5,14,211318720,67,0.680137865,0.142569612,0.076095000,0.578585698
9,14,211318720,67,1.195003165,0.142569612,0.076095000,0.565743181
15,14,211318720,67,1.257420265,0.142569612,0.076095000,0.628514829
16,14,211318720,67,1.325165414,0.142569612,0.076095000,0.691813908
3,14,211318720,67,1.407343489,0.142569612,0.076095000,0.719677158
20,14,211318720,67,1.649531190,0.142569612,0.076095000,0.735285749
10,14,211318720,67,1.923854972,0.142569612,0.076095000,0.809842523
4,14,211318720,67,1.963571843,0.142569612,0.076095000,0.823476309
1,14,211318720,67,2.512860336,0.142569612,0.076095000,0.740813863
2,14,211318720,67,2.958686961,0.142569612,0.076095000,0.689793721
13,14,211318720,67,3.527196123,0.142569612,0.076095000,0.595709525
18,14,211318720,67,3.746679203,0.142569612,0.076095000,0.616668277
6,14,211318720,67,3.904637431,0.142569612,0.076095000,0.564086518
8,15,211318720,67,0.464923853,0.142569612,0.068398282,0.229152643
15,15,211318720,67,0.483623179,0.142569612,0.068398282,0.260614150
12,15,211318720,67,0.519072144,0.142569612,0.068398282,0.295886956
14,15,211318720,67,0.548737736,0.142569612,0.068398282,0.329394509
20,15,211318720,67,0.672031225,0.142569612,0.068398282,0.526076450
17,15,211318720,67,0.674864124,0.142569612,0.068398282,0.531044714
5,15,211318720,67,0.736816020,0.142569612,0.068398282,0.592743098
11,15,211318720,67,0.782307298,0.142569612,0.068398282,0.618225951
7,15,211318720,67,0.910609457,0.142569612,0.068398282,0.729214902
19,15,211318720,67,0.949971206,0.142569612,0.068398282,0.743088595
9,15,211318720,67,1.152324480,0.142569612,0.068398282,0.773442144
16,15,211318720,67,1.457681955,0.142569612,0.068398282,0.769026686
18,15,211318720,67,1.962546249,0.142569612,0.068398282,0.702186203
10,15,211318720,67,2.098750878,0.142569612,0.068398282,0.750058238
13,15,211318720,67,2.645397093,0.142569612,0.068398282,0.664602199
4,15,211318720,67,3.272619738,0.142569612,0.068398282,0.555430206
1,15,211318720,67,3.695382847,0.142569612,0.068398282,0.561023087
6,15,211318720,67,3.760021230,0.142569612,0.068398282,0.583434035
3,15,211318720,67,4.222030467,0.142569612,0.068398282,0.527784409
2,15,211318720,67,5.917373922,0.142569612,0.068398282,0.000004764
8,16,211318720,67,0.426180199,0.142569612,0.025033480,0.172854095
12,16,211318720,67,0.471883767,0.142569612,0.025033480,0.248835782
11,16,211318720,67,0.506198840,0.142569612,0.025033480,0.299166527
19,16,211318720,67,0.542840689,0.142569612,0.025033480,0.343942911
5,16,211318720,67,0.623459709,0.142569612,0.025033480,0.447171853
17,16,211318720,67,0.674864124,0.142569612,0.025033480,0.499158760
20,16,211318720,67,0.733124973,0.142569612,0.025033480,0.519462061
6,16,211318720,67,1.012313408,0.142569612,0.025033480,0.548126627
15,16,211318720,67,1.112333311,0.142569612,0.025033480,0.584875942
3,16,211318720,67,1.250971990,0.142569612,0.025033480,0.773075907
9,16,211318720,67,1.280360534,0.142569612,0.025033480,0.802410500
7,16,211318720,67,1.294023965,0.142569612,0.025033480,0.807254752
14,16,211318720,67,1.481591888,0.142569612,0.025033480,0.844059995
13,16,211318720,67,1.763598062,0.142569612,0.025033480,0.931817098
1,16,211318720,67,1.773783767,0.142569612,0.025033480,0.935088157
10,16,211318720,67,2.098750878,0.142569612,0.025033480,0.989785766
18,16,211318720,67,2.140959545,0.142569612,0.025033480,1.004848688
4,16,211318720,67,2.618095791,0.142569612,0.025033480,0.943244718
16,16,211318720,67,3.842979701,0.142569612,0.025033480,0.635408876
2,16,211318720,67,5.670816675,0.142569612,0.025033480,0.035250824
11,17,211318720,67,0.368144611,0.142569612,0.100856163,0.070882486
7,17,211318720,67,0.479268135,0.142569612,0.100856163,0.221503838
14,17,211318720,67,0.548737736,0.142569612,0.100856163,0.337047280
5,17,211318720,67,0.566781554,0.142569612,0.100856163,0.355545503
15,17,211318720,67,0.580347815,0.142569612,0.100856163,0.360402478
20,17,211318720,67,0.733124973,0.142569612,0.100856163,0.407448946
8,17,211318720,67,1.123565979,0.142569612,0.100856163,0.508723005
9,17,211318720,67,1.152324480,0.142569612,0.100856163,0.552447085
19,17,211318720,67,1.176154826,0.142569612,0.100856163,0.592679527
12,17,211318720,67,1.274086172,0.142569612,0.100856163,0.749365246
17,17,211318720,67,1.293489571,0.142569612,0.100856163,0.769423167
1,17,211318720,67,1.330337825,0.142569612,0.100856163,0.782806344
13,17,211318720,67,1.543148304,0.142569612,0.100856163,0.807788320
16,17,211318720,67,1.722715038,0.142569612,0.100856163,0.929854208
6,17,211318720,67,1.735394414,0.142569612,0.100856163,0.933827508
4,17,211318720,67,1.963571843,0.142569612,0.100856163,1.003300394
3,17,211318720,67,2.032829484,0.142569612,0.100856163,1.025036603
2,17,211318720,67,2.958686961,0.142569612,0.100856163,0.810588349
10,17,211318720,67,3.497918130,0.142569612,0.100856163,0.725355483
18,17,211318720,67,4.995572271,0.142569612,0.100856163,0.226581904
5,18,211318720,67,0.396747088,0.142569612,0.023145294,0.259029074
8,18,211318720,67,0.426180199,0.142569612,0.023145294,0.356339305
7,18,211318720,67,0.431341322,0.142569612,0.023145294,0.372021383
12,18,211318720,67,0.471883767,0.142569612,0.023145294,0.489213149
9,18,211318720,67,0.512144213,0.142569612,0.023145294,0.583822865
19,18,211318720,67,0.542840689,0.142569612,0.023145294,0.653318760
11,18,211318720,67,0.552216916,0.142569612,0.023145294,0.668807141
15,18,211318720,67,0.580347815,0.142569612,0.023145294,0.696591934
14,18,211318720,67,0.658485284,0.142569612,0.023145294,0.722430853
20,18,211318720,67,1.282968703,0.142569612,0.023145294,0.610003897
16,18,211318720,67,1.457681955,0.142569612,0.023145294,0.783664717
1,18,211318720,67,1.478153139,0.142569612,0.023145294,0.804266885
17,18,211318720,67,1.518444278,0.142569612,0.023145294,0.817673193
10,18,211318720,67,1.748959065,0.142569612,0.023145294,0.835130542
18,18,211318720,67,1.962546249,0.142569612,0.023145294,0.857634669
4,18,211318720,67,2.127202830,0.142569612,0.023145294,0.898376114
2,18,211318720,67,2.712129714,0.142569612,0.023145294,0.869355114
6,18,211318720,67,2.747707822,0.142569612,0.023145294,0.880961725
3,18,211318720,67,4.222030467,0.142569612,0.023145294,0.489395830
13,18,211318720,67,5.952143458,0.142569612,0.023145294,0.000004764
5,19,211318720,67,0.396747088,0.142569612,0.028682884,0.106401693
11,19,211318720,67,0.460180763,0.142569612,0.028682884,0.169724737
15,19,211318720,67,0.531985497,0.142569612,0.028682884,0.241573057
14,19,211318720,67,0.603611510,0.142569612,0.028682884,0.280722750
19,19,211318720,67,0.723787585,0.142569612,0.028682884,0.321571150
8,19,211318720,67,1.046078670,0.142569612,0.028682884,0.332871125
9,19,211318720,67,1.152324480,0.142569612,0.028682884,0.437979638
16,19,211318720,67,1.192648873,0.142569612,0.028682884,0.451952466
12,19,211318720,67,1.368462925,0.142569612,0.028682884,0.535855999
7,19,211318720,67,1.437804405,0.142569612,0.028682884,0.559164860
17,19,211318720,67,1.630921632,0.142569612,0.028682884,0.673081734
20,19,211318720,67,1.649531190,0.142569612,0.028682884,0.691412905
1,19,211318720,67,1.773783767,0.142569612,0.028682884,0.733408619
10,19,211318720,67,2.273646785,0.142569612,0.028682884,0.664906719
2,19,211318720,67,2.958686961,0.142569612,0.028682884,0.532179690
3,19,211318720,67,3.283801474,0.142569612,0.028682884,0.518791963
6,19,211318720,67,3.615405029,0.142569612,0.028682884,0.503170743
4,19,211318720,67,4.254405660,0.142569612,0.028682884,0.387030679
18,19,211318720,67,4.638745680,0.142569612,0.028682884,0.353115462
13,19,211318720,67,6.613492731,0.142569612,0.028682884,0.000004764
8,20,211318720,67,0.387436544,0.142569612,0.050603911,0.218962056
20,20,211318720,67,0.427656234,0.142569612,0.050603911,0.323375298
7,20,211318720,67,0.431341322,0.142569612,0.050603911,0.331690954
15,20,211318720,67,0.483623179,0.142569612,0.050603911,0.420537432
12,20,211318720,67,0.519072144,0.142569612,0.050603911,0.481425157
11,20,211318720,67,0.552216916,0.142569612,0.050603911,0.537334213
5,20,211318720,67,0.623459709,0.142569612,0.050603911,0.632987247
14,20,211318720,67,0.658485284,0.142569612,0.050603911,0.667984461
17,20,211318720,67,0.731102801,0.142569612,0.050603911,0.693793743
9,20,211318720,67,1.152324480,0.142569612,0.050603911,0.666981294
19,20,211318720,67,1.266628274,0.142569612,0.050603911,0.705427771
6,20,211318720,67,1.590778213,0.142569612,0.050603911,0.772510976
1,20,211318720,67,1.625968453,0.142569612,0.050603911,0.808586817
3,20,211318720,67,1.720086486,0.142569612,0.050603911,0.839038601
10,20,211318720,67,2.098750878,0.142569612,0.050603911,0.953189736
4,20,211318720,67,2.127202830,0.142569612,0.050603911,0.981840359
18,20,211318720,67,2.140959545,0.142569612,0.050603911,0.985200104
16,20,211318720,67,2.517814287,0.142569612,0.050603911,0.966066240
13,20,211318720,67,2.645397093,0.142569612,0.050603911,1.009280985
2,20,211318720,67,2.712129714,0.142569612,0.050603911,0.987037949
7,21,211318720,67,0.335487695,0.142569612,0.012566232,0.048672412
8,21,211318720,67,0.581154817,0.142569612,0.012566232,0.240247499
20,21,211318720,67,0.610937478,0.142569612,0.012566232,0.309411021
14,21,211318720,67,0.658485284,0.142569612,0.012566232,0.388924279
17,21,211318720,67,0.674864124,0.142569612,0.012566232,0.407761980
5,21,211318720,67,0.680137865,0.142569612,0.012566232,0.412721138
19,21,211318720,67,0.814261034,0.142569612,0.012566232,0.457662082
11,21,211318720,67,1.150451908,0.142569612,0.012566232,0.609892639
12,21,211318720,67,1.179709418,0.142569612,0.012566232,0.658003962
15,21,211318720,67,1.209057947,0.142569612,0.012566232,0.688123437
9,21,211318720,67,1.237681849,0.142569612,0.012566232,0.698524556
16,21,211318720,67,1.590198497,0.142569612,0.012566232,0.680193941
6,21,211318720,67,1.735394414,0.142569612,0.012566232,0.796803385
1,21,211318720,67,1.773783767,0.142569612,0.012566232,0.833916870
3,21,211318720,67,1.876457985,0.142569612,0.012566232,0.969719492
10,21,211318720,67,1.923854972,0.142569612,0.012566232,1.017932306
4,21,211318720,67,1.963571843,0.142569612,0.012566232,1.031071286
2,21,211318720,67,2.219015221,0.142569612,0.012566232,1.041535528
18,21,211318720,67,3.568265908,0.142569612,0.012566232,0.687509873
13,21,211318720,67,3.747645881,0.142569612,0.012566232,0.628381168
12,22,211318720,67,0.330318637,0.142569612,0.007492782,0.109070333
15,22,211318720,67,0.386898543,0.142569612,0.007492782,0.219708241
8,22,211318720,67,0.464923853,0.142569612,0.007492782,0.355201702
7,22,211318720,67,0.479268135,0.142569612,0.007492782,0.379423383
19,22,211318720,67,0.497603965,0.142569612,0.007492782,0.408390071
11,22,211318720,67,0.598234992,0.142569612,0.007492782,0.553348318
5,22,211318720,67,0.623459709,0.142569612,0.007492782,0.577985109
17,22,211318720,67,0.674864124,0.142569612,0.007492782,0.595024308
9,22,211318720,67,0.853573689,0.142569612,0.007492782,0.632429629
14,22,211318720,67,1.262096794,0.142569612,0.007492782,0.647929337
16,22,211318720,67,1.325165414,0.142569612,0.007492782,0.669227797
20,22,211318720,67,1.649531190,0.142569612,0.007492782,0.656227119
3,22,211318720,67,1.876457985,0.142569612,0.007492782,0.714362137
4,22,211318720,67,1.963571843,0.142569612,0.007492782,0.744337056
13,22,211318720,67,2.645397093,0.142569612,0.007492782,0.611365352
1,22,211318720,67,3.695382847,0.142569612,0.007492782,0.359552914
6,22,211318720,67,3.904637431,0.142569612,0.007492782,0.383837747
10,22,211318720,67,4.372397663,0.142569612,0.007492782,0.325802506
18,22,211318720,67,4.817158975,0.142569612,0.007492782,0.273908156
2,22,211318720,67,6.163931169,0.142569612,0.007492782,0.000004764
8,23,211318720,67,0.426180199,0.142569608,0.049240548,0.115752965
12,23,211318720,67,0.519072144,0.142569608,0.049240548,0.443534727
19,23,211318720,67,0.542840689,0.142569608,0.049240548,0.517745189
11,23,211318720,67,0.552216916,0.142569608,0.049240548,0.545397399
17,23,211318720,67,0.562386770,0.142569608,0.049240548,0.569281379
7,23,211318720,67,0.575121762,0.142569608,0.049240548,0.590218691
15,23,211318720,67,0.580347815,0.142569608,0.049240548,0.595761253
5,23,211318720,67,0.680137865,0.142569608,0.049240548,0.648776799
20,23,211318720,67,0.794218721,0.142569608,0.049240548,0.742373843
9,23,211318720,67,0.853573689,0.142569608,0.049240548,0.766967566
14,23,211318720,67,0.987727926,0.142569608,0.049240548,0.810071911
16,23,211318720,67,1.590198497,0.142569608,0.049240548,0.777665409
1,23,211318720,67,1.625968453,0.142569608,0.049240548,0.812033977
6,23,211318720,67,1.735394414,0.142569608,0.049240548,0.848994704
10,23,211318720,67,2.098750878,0.142569608,0.049240548,0.837911951
2,23,211318720,67,2.219015221,0.142569608,0.049240548,0.877530352
3,23,211318720,67,2.501943980,0.142569608,0.049240548,0.877680072
4,23,211318720,67,4.418036646,0.142569608,0.049240548,0.407702677
18,23,211318720,67,4.460332385,0.142569608,0.049240548,0.422538775
13,23,211318720,67,5.731693700,0.142569608,0.049240548,0.008374591
17,24,211318720,67,0.393670739,0.142569608,0.163856268,0.141697395
15,24,211318720,67,0.483623179,0.142569608,0.163856268,0.391873234
14,24,211318720,67,0.493863963,0.142569608,0.163856268,0.429128531
11,24,211318720,67,0.506198840,0.142569608,0.163856268,0.465336182
12,24,211318720,67,0.519072144,0.142569608,0.163856268,0.495155904
7,24,211318720,67,0.575121762,0.142569608,0.163856268,0.588764798
8,24,211318720,67,0.619898471,0.142569608,0.163856268,0.652754715
5,24,211318720,67,0.623459709,0.142569608,0.163856268,0.656422902
20,24,211318720,67,0.733124973,0.142569608,0.163856268,0.693106221
19,24,211318720,67,0.904734482,0.142569608,0.163856268,0.732869414
9,24,211318720,67,1.066967111,0.142569608,0.163856268,0.771574639
16,24,211318720,67,1.325165414,0.142569608,0.163856268,0.782027937
3,24,211318720,67,1.563714988,0.142569608,0.163856268,0.796527034
1,24,211318720,67,1.773783767,0.142569608,0.163856268,0.824384510
4,24,211318720,67,1.963571843,0.142569608,0.163856268,0.856968719
18,24,211318720,67,2.140959545,0.142569608,0.163856268,0.894129749
13,24,211318720,67,3.747645881,0.142569608,0.163856268,0.463263943
6,24,211318720,67,4.193869834,0.142569608,0.163856268,0.411671528
10,24,211318720,67,4.547293569,0.142569608,0.163856268,0.388490821
2,24,211318720,67,4.684587688,0.142569608,0.163856268,0.342729449
8,25,211318720,67,0.387436544,0.142569608,0.006371139,0.147563443
17,25,211318720,67,0.393670739,0.142569608,0.006371139,0.157713081
12,25,211318720,67,0.519072144,0.142569608,0.006371139,0.406080393
7,25,211318720,67,0.527194949,0.142569608,0.006371139,0.419514181
11,25,211318720,67,0.552216916,0.142569608,0.006371139,0.460330746
19,25,211318720,67,0.588077413,0.142569608,0.006371139,0.497146586
20,25,211318720,67,0.672031225,0.142569608,0.006371139,0.526095242
9,25,211318720,67,0.981609742,0.142569608,0.006371139,0.519695719
3,25,211318720,67,1.250971990,0.142569608,0.006371139,0.585168275
16,25,211318720,67,1.325165414,0.142569608,0.006371139,0.730535236
14,25,211318720,67,1.371844341,0.142569608,0.006371139,0.809030007
15,25,211318720,67,1.402507219,0.142569608,0.006371139,0.851878827
18,25,211318720,67,1.427306363,0.142569608,0.006371139,0.892509141
5,25,211318720,67,1.530310196,0.142569608,0.006371139,1.027835220
13,25,211318720,67,1.543148304,0.142569608,0.006371139,1.040481722
1,25,211318720,67,1.625968453,0.142569608,0.006371139,1.091398681
6,25,211318720,67,1.735394414,0.142569608,0.006371139,1.132528578
4,25,211318720,67,1.963571843,0.142569608,0.006371139,1.152046332
2,25,211318720,67,2.958686961,0.142569608,0.006371139,0.915133216
10,25,211318720,67,4.722189476,0.142569608,0.006371139,0.333232403
19,26,211318720,67,0.316657069,0.142569608,0.149505332,0.130085552
9,26,211318720,67,0.341429476,0.142569608,0.149505332,0.175866928
5,26,211318720,67,0.453425243,0.142569608,0.149505332,0.392693080
8,26,211318720,67,0.464923853,0.142569608,0.149505332,0.412348805
12,26,211318720,67,0.471883767,0.142569608,0.149505332,0.419643009
11,26,211318720,67,0.552216916,0.142569608,0.149505332,0.445907071
7,26,211318720,67,0.910609457,0.142569608,0.149505332,0.422863431
3,26,211318720,67,1.094600491,0.142569608,0.149505332,0.532701440
17,26,211318720,67,1.124773540,0.142569608,0.149505332,0.542581059
20,26,211318720,67,1.282968703,0.142569608,0.149505332,0.664680486
15,26,211318720,67,1.305782583,0.142569608,0.149505332,0.672203993
14,26,211318720,67,1.481591888,0.142569608,0.149505332,0.709755491
4,26,211318720,67,1.636309869,0.142569608,0.149505332,0.754570371
6,26,211318720,67,1.880010615,0.142569608,0.149505332,0.770810170
18,26,211318720,67,2.319372840,0.142569608,0.149505332,0.717781560
13,26,211318720,67,2.645397093,0.142569608,0.149505332,0.707029454
16,26,211318720,67,3.047880452,0.142569608,0.149505332,0.666927065
1,26,211318720,67,3.843198161,0.142569608,0.149505332,0.502181828
10,26,211318720,67,4.022605850,0.142569608,0.149505332,0.537756001
2,26,211318720,67,6.163931169,0.142569608,0.149505332,0.000004764
12,27,211318720,67,0.330318637,0.142569608,0.054141145,0.048482650
15,27,211318720,67,0.531985497,0.142569608,0.054141145,0.307589035
9,27,211318720,67,0.554822898,0.142569608,0.054141145,0.361930562
17,27,211318720,67,0.562386770,0.142569608,0.054141145,0.374538825
7,27,211318720,67,0.575121762,0.142569608,0.054141145,0.387396282
14,27,211318720,67,0.658485284,0.142569608,0.054141145,0.504453480
20,27,211318720,67,0.733124973,0.142569608,0.054141145,0.621980634
5,27,211318720,67,0.736816020,0.142569608,0.054141145,0.625514305
8,27,211318720,67,0.813616743,0.142569608,0.054141145,0.650460830
11,27,211318720,67,1.058415756,0.142569608,0.054141145,0.713444352
19,27,211318720,67,1.130918102,0.142569608,0.054141145,0.738638211
16,27,211318720,67,1.457681955,0.142569608,0.054141145,0.726775240
6,27,211318720,67,1.735394414,0.142569608,0.054141145,0.845028228
18,27,211318720,67,1.784132954,0.142569608,0.054141145,0.929423877
4,27,211318720,67,1.799940856,0.142569608,0.054141145,0.956263141
3,27,211318720,67,1.876457985,0.142569608,0.054141145,1.033360160
1,27,211318720,67,1.921599080,0.142569608,0.054141145,1.047494841
13,27,211318720,67,2.645397093,0.142569608,0.054141145,0.900989097
10,27,211318720,67,3.148126317,0.142569608,0.054141145,0.828928697
2,27,211318720,67,3.205244208,0.142569608,0.054141145,0.809893759
11,28,211318720,67,0.322126534,0.142569608,0.076286860,0.050155055
8,28,211318720,67,0.464923853,0.142569608,0.076286860,0.393239212
12,28,211318720,67,0.471883767,0.142569608,0.076286860,0.414199927
14,28,211318720,67,0.493863963,0.142569608,0.076286860,0.465241244
9,28,211318720,67,0.512144213,0.142569608,0.076286860,0.496173123
19,28,211318720,67,0.542840689,0.142569608,0.076286860,0.531533134
7,28,211318720,67,0.575121762,0.142569608,0.076286860,0.563884661
5,28,211318720,67,0.680137865,0.142569608,0.076286860,0.659112015
20,28,211318720,67,0.733124973,0.142569608,0.076286860,0.677691273
17,28,211318720,67,1.068534863,0.142569608,0.076286860,0.663574257
15,28,211318720,67,1.257420265,0.142569608,0.076286860,0.697297108
3,28,211318720,67,1.407343489,0.142569608,0.076286860,0.740194536
4,28,211318720,67,1.636309869,0.142569608,0.076286860,0.830876102
16,28,211318720,67,1.722715038,0.142569608,0.076286860,0.973988119
6,28,211318720,67,1.735394414,0.142569608,0.076286860,0.986393794
1,28,211318720,67,1.773783767,0.142569608,0.076286860,0.997705185
18,28,211318720,67,1.962546249,0.142569608,0.076286860,1.030775482
13,28,211318720,67,2.645397093,0.142569608,0.076286860,0.898360466
10,28,211318720,67,5.246877195,0.142569608,0.076286860,0.135116387
2,28,211318720,67,6.657045662,0.142569608,0.076286860,0.000004764
12,29,211318720,67,0.424695391,0.142569608,0.035908032,0.228830735
11,29,211318720,67,0.460180763,0.142569608,0.035908032,0.311683283
19,29,211318720,67,0.497603965,0.142569608,0.035908032,0.399107531
9,29,211318720,67,0.512144213,0.142569608,0.035908032,0.433302315
7,29,211318720,67,0.527194949,0.142569608,0.035908032,0.458374806
17,29,211318720,67,0.618625447,0.142569608,0.035908032,0.609818549
5,29,211318720,67,0.623459709,0.142569608,0.035908032,0.614758626
20,29,211318720,67,0.672031225,0.142569608,0.035908032,0.630481146
8,29,211318720,67,0.891104052,0.142569608,0.035908032,0.654659807
14,29,211318720,67,1.097475473,0.142569608,0.035908032,0.766180294
15,29,211318720,67,1.112333311,0.142569608,0.035908032,0.770824886
10,29,211318720,67,1.748959065,0.142569608,0.035908032,0.667225411
3,29,211318720,67,1.876457985,0.142569608,0.035908032,0.747213345
4,29,211318720,67,1.963571843,0.142569608,0.035908032,0.775726393
13,29,211318720,67,2.645397093,0.142569608,0.035908032,0.699920258
2,29,211318720,67,2.712129714,0.142569608,0.035908032,0.722519967
1,29,211318720,67,3.399752219,0.142569608,0.035908032,0.654566621
16,29,211318720,67,3.445430076,0.142569608,0.035908032,0.669795705
18,29,211318720,67,4.103505794,0.142569608,0.035908032,0.549117949
6,29,211318720,67,4.193869834,0.142569608,0.035908032,0.518998314
19,30,211318720,67,0.452367241,0.142569608,0.060141981,0.184234712
8,30,211318720,67,0.464923853,0.142569608,0.060141981,0.207983905
11,30,211318720,67,0.552216916,0.142569608,0.060141981,0.416011920
12,30,211318720,67,0.566260521,0.142569608,0.060141981,0.448694753
14,30,211318720,67,0.603611510,0.142569608,0.060141981,0.524998761
5,30,211318720,67,0.623459709,0.142569608,0.060141981,0.558729607
20,30,211318720,67,0.672031225,0.142569608,0.060141981,0.607683294
9,30,211318720,67,0.725537636,0.142569608,0.060141981,0.626705696
6,30,211318720,67,1.012313408,0.142569608,0.060141981,0.682236547
7,30,211318720,67,1.102316711,0.142569608,0.060141981,0.771793019
17,30,211318720,67,1.124773540,0.142569608,0.060141981,0.780165808
15,30,211318720,67,1.402507219,0.142569608,0.060141981,0.783485308
1,30,211318720,67,1.625968453,0.142569608,0.060141981,0.804748481
3,30,211318720,67,1.876457985,0.142569608,0.060141981,0.858041887
18,30,211318720,67,1.962546249,0.142569608,0.060141981,0.886087113
2,30,211318720,67,2.958686961,0.142569608,0.060141981,0.652235984
4,30,211318720,67,3.108988751,0.142569608,0.060141981,0.696102206
16,30,211318720,67,3.312913535,0.142569608,0.060141981,0.721937541
13,30,211318720,67,4.629444912,0.142569608,0.060141981,0.380298955
10,30,211318720,67,4.722189476,0.142569608,0.060141981,0.349385611
19,31,211318720,67,0.316657069,0.142569608,0.016689559,0.097460533
8,31,211318720,67,0.387436544,0.142569608,0.016689559,0.122086568
15,31,211318720,67,0.628710132,0.142569608,0.016689559,0.288904529
17,31,211318720,67,0.674864124,0.142569608,0.016689559,0.390063586
5,31,211318720,67,0.680137865,0.142569608,0.016689559,0.398790228
20,31,211318720,67,0.733124973,0.142569608,0.016689559,0.451891056
11,31,211318720,67,0.782307298,0.142569608,0.016689559,0.467828642
9,31,211318720,67,0.981609742,0.142569608,0.016689559,0.497552845
12,31,211318720,67,1.226897795,0.142569608,0.016689559,0.666053237
7,31,211318720,67,1.246097151,0.142569608,0.016689559,0.685215038
14,31,211318720,67,1.262096794,0.142569608,0.016689559,0.690345490
3,31,211318720,67,1.407343489,0.142569608,0.016689559,0.868874781
6,31,211318720,67,1.446162012,0.142569608,0.016689559,0.906561789
16,31,211318720,67,1.457681955,0.142569608,0.016689559,0.909957157
1,31,211318720,67,1.773783767,0.142569608,0.016689559,0.978275775
4,31,211318720,67,1.799940856,0.142569608,0.016689559,0.987646581
13,31,211318720,67,2.204497577,0.142569608,0.016689559,0.947571884
2,31,211318720,67,2.958686961,0.142569608,0.016689559,0.797480945
10,31,211318720,67,3.323022224,0.142569608,0.016689559,0.772571421
18,31,211318720,67,4.460332385,0.142569608,0.016689559,0.389114100
8,32,211318720,67,0.503667508,0.142569608,0.005053431,0.251808088
7,32,211318720,67,0.527194949,0.142569608,0.005053431,0.306132584
11,32,211318720,67,0.552216916,0.142569608,0.005053431,0.360990594
12,32,211318720,67,0.566260521,0.142569608,0.005053431,0.384932552
15,32,211318720,67,0.628710132,0.142569608,0.005053431,0.470260551
17,32,211318720,67,0.674864124,0.142569608,0.005053431,0.516574283
5,32,211318720,67,0.736816020,0.142569608,0.005053431,0.539249349
14,32,211318720,67,0.877980378,0.142569608,0.005053431,0.670401271
9,32,211318720,67,0.896252374,0.142569608,0.005053431,0.676398418
19,32,211318720,67,1.357101723,0.142569608,0.005053431,0.634635839
1,32,211318720,67,1.478153139,0.142569608,0.005053431,0.673891366
20,32,211318720,67,1.649531190,0.142569608,0.005053431,0.760558156
3,32,211318720,67,1.720086486,0.142569608,0.005053431,0.825760912
4,32,211318720,67,1.799940856,0.142569608,0.005053431,0.851593172
10,32,211318720,67,2.098750878,0.142569608,0.005053431,0.848764883
18,32,211318720,67,2.319372840,0.142569608,0.005053431,0.870800175
16,32,211318720,67,3.577946618,0.142569608,0.005053431,0.554845286
6,32,211318720,67,3.904637431,0.142569608,0.005053431,0.539878640
13,32,211318720,67,6.393042974,0.142569608,0.005053431,0.049367585
2,32,211318720,67,6.657045662,0.142569608,0.005053431,0.000004764
9,33,211318720,67,0.384108160,0.142569608,0.082655072,0.141115924
8,33,211318720,67,0.426180199,0.142569608,0.082655072,0.212690310
19,33,211318720,67,0.497603965,0.142569608,0.082655072,0.344028723
12,33,211318720,67,0.519072144,0.142569608,0.082655072,0.382693755
5,33,211318720,67,0.566781554,0.142569608,0.082655072,0.462186437
17,33,211318720,67,0.618625447,0.142569608,0.082655072,0.514363263
14,33,211318720,67,0.658485284,0.142569608,0.082655072,0.528315836
11,33,211318720,67,0.874343450,0.142569608,0.082655072,0.552124719
15,33,211318720,67,1.015608676,0.142569608,0.082655072,0.599613182
7,33,211318720,67,1.389877592,0.142569608,0.082655072,0.572454725
20,33,211318720,67,1.527343694,0.142569608,0.082655072,0.694461283
16,33,211318720,67,1.590198497,0.142569608,0.082655072,0.754745441
4,33,211318720,67,1.636309869,0.142569608,0.082655072,0.819139290
6,33,211318720,67,1.735394414,0.142569608,0.082655072,0.918386323
10,33,211318720,67,1.748959065,0.142569608,0.082655072,0.923099149
3,33,211318720,67,2.032829484,0.142569608,0.082655072,0.946116565
18,33,211318720,67,2.140959545,0.142569608,0.082655072,0.983187828
1,33,211318720,67,3.399752219,0.142569608,0.082655072,0.664832044
2,33,211318720,67,5.917373922,0.142569608,0.082655072,0.047038122
13,33,211318720,67,5.952143458,0.142569608,0.082655072,0.035449500
11,34,211318720,67,0.368144611,0.142569608,0.112276182,0.209551805
7,34,211318720,67,0.383414508,0.142569608,0.112276182,0.254450188
8,34,211318720,67,0.426180199,0.142569608,0.112276182,0.352872821
14,34,211318720,67,0.493863963,0.142569608,0.112276182,0.502909692
19,34,211318720,67,0.497603965,0.142569608,0.112276182,0.509285412
9,34,211318720,67,0.512144213,0.142569608,0.112276182,0.524167280
15,34,211318720,67,0.580347815,0.142569608,0.112276182,0.579147161
17,34,211318720,67,0.674864124,0.142569608,0.112276182,0.667274136
20,34,211318720,67,0.733124973,0.142569608,0.112276182,0.687673145
12,34,211318720,67,0.943767534,0.142569608,0.112276182,0.710378961
3,34,211318720,67,1.094600491,0.142569608,0.112276182,0.756922823
5,34,211318720,67,1.303597574,0.142569608,0.112276182,0.782217918
1,34,211318720,67,1.625968453,0.142569608,0.112276182,0.770973683
18,34,211318720,67,1.784132954,0.142569608,0.112276182,0.812681018
4,34,211318720,67,1.963571843,0.142569608,0.112276182,0.847875689
13,34,211318720,67,2.424947335,0.142569608,0.112276182,0.793225957
10,34,211318720,67,2.973230411,0.142569608,0.112276182,0.709239747
16,34,211318720,67,3.577946618,0.142569608,0.112276182,0.606171456
6,34,211318720,67,3.904637431,0.142569608,0.112276182,0.595214677
2,34,211318720,67,5.917373922,0.142569608,0.112276182,0.000004764
9,35,211318720,67,0.512144213,0.142569608,0.067667030,0.278291356
7,35,211318720,67,0.527194949,0.142569608,0.067667030,0.310890028
19,35,211318720,67,0.542840689,0.142569608,0.067667030,0.340562298
14,35,211318720,67,0.548737736,0.142569608,0.067667030,0.350454712
8,35,211318720,67,0.658642125,0.142569608,0.067667030,0.552367052
5,35,211318720,67,0.680137865,0.142569608,0.067667030,0.588380344
17,35,211318720,67,0.731102801,0.142569608,0.067667030,0.639358595
20,35,211318720,67,0.733124973,0.142569608,0.067667030,0.640037329
15,35,211318720,67,0.967246358,0.142569608,0.067667030,0.660348289
12,35,211318720,67,1.226897795,0.142569608,0.067667030,0.862150493
11,35,211318720,67,1.242488061,0.142569608,0.067667030,0.887232090
18,35,211318720,67,1.248893068,0.142569608,0.067667030,0.893790020
1,35,211318720,67,1.330337825,0.142569608,0.067667030,0.939581613
6,35,211318720,67,1.446162012,0.142569608,0.067667030,0.978148405
16,35,211318720,67,1.722715038,0.142569608,0.067667030,0.983458218
10,35,211318720,67,2.098750878,0.142569608,0.067667030,0.956829705
2,35,211318720,67,2.958686961,0.142569608,0.067667030,0.771565523
3,35,211318720,67,3.596544472,0.142569608,0.067667030,0.654764026
4,35,211318720,67,4.745298620,0.142569608,0.067667030,0.370511382
13,35,211318720,67,5.731693700,0.142569608,0.067667030,0.043475350
8,36,211318720,67,0.387436544,0.142569608,0.083422430,0.082578520
20,36,211318720,67,0.488749982,0.142569608,0.083422430,0.354722004
12,36,211318720,67,0.519072144,0.142569608,0.083422430,0.424862616
15,36,211318720,67,0.531985497,0.142569608,0.083422430,0.446815765
19,36,211318720,67,0.542840689,0.142569608,0.083422430,0.457701357
17,36,211318720,67,0.562386770,0.142569608,0.083422430,0.463641638
5,36,211318720,67,0.736816020,0.142569608,0.083422430,0.542787490
7,36,211318720,67,0.814755830,0.142569608,0.083422430,0.569247561
11,36,211318720,67,1.058415756,0.142569608,0.083422430,0.588012874
9,36,211318720,67,1.195003165,0.142569608,0.083422430,0.642589405
16,36,211318720,67,1.325165414,0.142569608,0.083422430,0.712785252
14,36,211318720,67,1.426718115,0.142569608,0.083422430,0.748647351
3,36,211318720,67,1.720086486,0.142569608,0.083422430,0.833452297
6,36,211318720,67,1.735394414,0.142569608,0.083422430,0.837917708
1,36,211318720,67,1.921599080,0.142569608,0.083422430,1.031455791
10,36,211318720,67,1.923854972,0.142569608,0.083422430,1.033825065
18,36,211318720,67,1.962546249,0.142569608,0.083422430,1.047829170
4,36,211318720,67,2.127202830,0.142569608,0.083422430,1.088356574
2,36,211318720,67,2.958686961,0.142569608,0.083422430,0.907250760
13,36,211318720,67,5.952143458,0.142569608,0.083422430,0.000004764
8,37,211318720,67,0.426180199,0.142569608,0.028526071,0.282805484
7,37,211318720,67,0.431341322,0.142569608,0.028526071,0.294991436
11,37,211318720,67,0.460180763,0.142569608,0.028526071,0.342726125
9,37,211318720,67,0.512144213,0.142569608,0.028526071,0.395334575
12,37,211318720,67,0.519072144,0.142569608,0.028526071,0.397818512
20,37,211318720,67,0.794218721,0.142569608,0.028526071,0.401683618
5,37,211318720,67,0.963528642,0.142569608,0.028526071,0.440195792
19,37,211318720,67,1.221391550,0.142569608,0.028526071,0.497647270
17,37,211318720,67,1.293489571,0.142569608,0.028526071,0.585316128
14,37,211318720,67,1.371844341,0.142569608,0.028526071,0.666164377
15,37,211318720,67,1.402507219,0.142569608,0.028526071,0.676461541
6,37,211318720,67,1.735394414,0.142569608,0.028526071,0.724314816
18,37,211318720,67,1.784132954,0.142569608,0.028526071,0.739696336
10,37,211318720,67,2.098750878,0.142569608,0.028526071,0.744641864
2,37,211318720,67,2.219015221,0.142569608,0.028526071,0.787502003
1,37,211318720,67,2.365045022,0.142569608,0.028526071,0.888700064
13,37,211318720,67,2.424947335,0.142569608,0.028526071,0.907927217
3,37,211318720,67,2.658315479,0.142569608,0.028526071,0.925756150
4,37,211318720,67,3.272619738,0.142569608,0.028526071,0.818222465
16,37,211318720,67,3.577946618,0.142569608,0.028526071,0.717241760
11,38,211318720,67,0.460180763,0.142569608,0.009632272,0.074977780
17,38,211318720,67,0.562386770,0.142569608,0.009632272,0.242266220
12,38,211318720,67,0.613448897,0.142569608,0.009632272,0.343579099
7,38,211318720,67,0.623048576,0.142569608,0.009632272,0.359275811
5,38,211318720,67,0.680137865,0.142569608,0.009632272,0.452026483
20,38,211318720,67,0.733124973,0.142569608,0.009632272,0.504912374
19,38,211318720,67,0.769024309,0.142569608,0.009632272,0.527332930
9,38,211318720,67,0.896252374,0.142569608,0.009632272,0.568905020
14,38,211318720,67,1.042601699,0.142569608,0.009632272,0.684662120
8,38,211318720,67,1.084822324,0.142569608,0.009632272,0.699261307
15,38,211318720,67,1.257420265,0.142569608,0.009632272,0.737972767
16,38,211318720,67,1.590198497,0.142569608,0.009632272,0.796456560
1,38,211318720,67,1.625968453,0.142569608,0.009632272,0.808728910
10,38,211318720,67,2.098750878,0.142569608,0.009632272,0.748655499
2,38,211318720,67,2.465572468,0.142569608,0.009632272,0.722535186
3,38,211318720,67,3.909287469,0.142569608,0.009632272,0.339860195
4,38,211318720,67,4.254405660,0.142569608,0.009632272,0.362899332
6,38,211318720,67,4.338486035,0.142569608,0.009632272,0.405170244
18,38,211318720,67,4.460332385,0.142569608,0.009632272,0.446357841
13,38,211318720,67,6.393042974,0.142569608,0.009632272,0.000004764
8,39,211318720,67,0.387436544,0.142569608,0.008472465,0.179651148
11,39,211318720,67,0.414162687,0.142569608,0.008472465,0.229779502
19,39,211318720,67,0.452367241,0.142569608,0.008472465,0.312906099
7,39,211318720,67,0.527194949,0.142569608,0.008472465,0.465746345
20,39,211318720,67,0.549843730,0.142569608,0.008472465,0.503709444
12,39,211318720,67,0.566260521,0.142569608,0.008472465,0.520421035
15,39,211318720,67,0.628710132,0.142569608,0.008472465,0.542223442
5,39,211318720,67,1.076884953,0.142569608,0.008472465,0.491843046
9,39,211318720,67,1.237681849,0.142569608,0.008472465,0.553655397
17,39,211318720,67,1.349728248,0.142569608,0.008472465,0.597062972
14,39,211318720,67,1.481591888,0.142569608,0.008472465,0.663474323
16,39,211318720,67,1.590198497,0.142569608,0.008472465,0.699560533
6,39,211318720,67,1.880010615,0.142569608,0.008472465,0.763998903
4,39,211318720,67,1.963571843,0.142569608,0.008472465,0.847653575
13,39,211318720,67,1.984047819,0.142569608,0.008472465,0.854493595
10,39,211318720,67,2.273646785,0.142569608,0.008472465,0.856576465
2,39,211318720,67,2.465572468,0.142569608,0.008472465,0.888902409
1,39,211318720,67,3.991013475,0.142569608,0.008472465,0.527968847
3,39,211318720,67,4.065658968,0.142569608,0.008472465,0.554476174
18,39,211318720,67,4.995572271,0.142569608,0.008472465,0.247309421
9,40,211318720,67,0.384108160,0.142569608,0.004762175,0.088907761
8,40,211318720,67,0.464923853,0.142569608,0.004762175,0.224798925
19,40,211318720,67,0.542840689,0.142569608,0.004762175,0.400558933
11,40,211318720,67,0.552216916,0.142569608,0.004762175,0.422496366
12,40,211318720,67,0.566260521,0.142569608,0.004762175,0.445896550
15,40,211318720,67,0.628710132,0.142569608,0.004762175,0.575636646
17,40,211318720,67,0.674864124,0.142569608,0.004762175,0.683982346
14,40,211318720,67,0.713359057,0.142569608,0.004762175,0.748178121
20,40,211318720,67,0.733124973,0.142569608,0.004762175,0.767640853
7,40,211318720,67,0.766829016,0.142569608,0.004762175,0.779467863
3,40,211318720,67,1.094600491,0.142569608,0.004762175,0.893473282
5,40,211318720,67,1.133563108,0.142569608,0.004762175,0.932059453
4,40,211318720,67,1.145416908,0.142569608,0.004762175,0.935076616
16,40,211318720,67,1.457681955,0.142569608,0.004762175,1.007967703
1,40,211318720,67,1.478153139,0.142569608,0.004762175,1.015276310
18,40,211318720,67,1.784132954,0.142569608,0.004762175,1.011100631
13,40,211318720,67,2.424947335,0.142569608,0.004762175,0.965642063
2,40,211318720,67,2.465572468,0.142569608,0.004762175,0.979864504
10,40,211318720,67,3.323022224,0.142569608,0.004762175,0.789611867
6,40,211318720,67,3.326172627,0.142569608,0.004762175,0.788565792
15,41,211318720,67,0.338536225,0.142569608,0.092085890,0.172332072
12,41,211318720,67,0.377507014,0.142569608,0.092085890,0.238441841
11,41,211318720,67,0.414162687,0.142569608,0.092085890,0.274155446
8,41,211318720,67,0.464923853,0.142569608,0.092085890,0.321748816
17,41,211318720,67,0.562386770,0.142569608,0.092085890,0.462737085
7,41,211318720,67,0.623048576,0.142569608,0.092085890,0.524102926
5,41,211318720,67,0.623459709,0.142569608,0.092085890,0.524180080
9,41,211318720,67,0.810895005,0.142569608,0.092085890,0.557146475
14,41,211318720,67,0.987727926,0.142569608,0.092085890,0.594141312
19,41,211318720,67,1.130918102,0.142569608,0.092085890,0.642012990
20,41,211318720,67,1.282968703,0.142569608,0.092085890,0.685397984
16,41,211318720,67,1.590198497,0.142569608,0.092085890,0.773764742
6,41,211318720,67,1.590778213,0.142569608,0.092085890,0.773870114
1,41,211318720,67,1.773783767,0.142569608,0.092085890,0.837475358
3,41,211318720,67,1.876457985,0.142569608,0.092085890,0.973656011
10,41,211318720,67,1.923854972,0.142569608,0.092085890,1.021201354
4,41,211318720,67,1.963571843,0.142569608,0.092085890,1.034761618
13,41,211318720,67,2.865846850,0.142569608,0.092085890,0.831488257
18,41,211318720,67,3.746679203,0.142569608,0.092085890,0.628853441
2,41,211318720,67,6.163931169,0.142569608,0.092085890,0.000004764
5,42,211318720,67,0.396747088,0.142569608,0.091055460,0.173047378
8,42,211318720,67,0.464923853,0.142569608,0.091055460,0.354238434
9,42,211318720,67,0.469465529,0.142569608,0.091055460,0.364850326
19,42,211318720,67,0.497603965,0.142569608,0.091055460,0.423444819
20,42,211318720,67,0.549843730,0.142569608,0.091055460,0.522287943
12,42,211318720,67,0.566260521,0.142569608,0.091055460,0.550029831
7,42,211318720,67,0.623048576,0.142569608,0.091055460,0.606483305
17,42,211318720,67,0.674864124,0.142569608,0.091055460,0.623847649
14,42,211318720,67,1.097475473,0.142569608,0.091055460,0.577053456
11,42,211318720,67,1.242488061,0.142569608,0.091055460,0.677360402
15,42,211318720,67,1.305782583,0.142569608,0.091055460,0.699529579
3,42,211318720,67,1.720086486,0.142569608,0.091055460,0.783224736
13,42,211318720,67,1.763598062,0.142569608,0.091055460,0.825658979
1,42,211318720,67,1.773783767,0.142569608,0.091055460,0.829298588
10,42,211318720,67,2.098750878,0.142569608,0.091055460,0.882735953
18,42,211318720,67,2.140959545,0.142569608,0.091055460,0.897215518
16,42,211318720,67,2.385297745,0.142569608,0.091055460,0.955338202
2,42,211318720,67,2.465572468,0.142569608,0.091055460,0.983005067
6,42,211318720,67,3.470788828,0.142569608,0.091055460,0.743929883
4,42,211318720,67,3.763512699,0.142569608,0.091055460,0.647916295
11,43,211318720,67,0.322126534,0.142569608,0.071130358,0.054398963
19,43,211318720,67,0.452367241,0.142569608,0.071130358,0.204888879
9,43,211318720,67,0.512144213,0.142569608,0.071130358,0.305524227
14,43,211318720,67,0.548737736,0.142569608,0.071130358,0.363331290
12,43,211318720,67,0.566260521,0.142569608,0.071130358,0.381506022
8,43,211318720,67,0.658642125,0.142569608,0.071130358,0.455692340
5,43,211318720,67,0.736816020,0.142569608,0.071130358,0.480479172
17,43,211318720,67,0.956057509,0.142569608,0.071130358,0.503846927
20,43,211318720,67,1.221874955,0.142569608,0.071130358,0.630739140
7,43,211318720,67,1.246097151,0.142569608,0.071130358,0.655279177
15,43,211318720,67,1.305782583,0.142569608,0.071130358,0.676543866
3,43,211318720,67,1.563714988,0.142569608,0.071130358,0.732232521
4,43,211318720,67,1.636309869,0.142569608,0.071130358,0.755162194
10,43,211318720,67,2.098750878,0.142569608,0.071130358,0.698123108
18,43,211318720,67,3.389852612,0.142569608,0.071130358,0.367282305
16,43,211318720,67,3.577946618,0.142569608,0.071130358,0.415155718
1,43,211318720,67,3.695382847,0.142569608,0.071130358,0.456339409
6,43,211318720,67,3.904637431,0.142569608,0.071130358,0.485747656
13,43,211318720,67,4.629444912,0.142569608,0.071130358,0.343239590
2,43,211318720,67,6.657045662,0.142569608,0.071130358,0.000004764
19,44,211318720,67,0.361893793,0.142569608,0.110961892,0.127361241
9,44,211318720,67,0.384108160,0.142569608,0.110961892,0.148912570
17,44,211318720,67,0.506148093,0.142569608,0.110961892,0.222868826
7,44,211318720,67,0.623048576,0.142569608,0.110961892,0.483888870
5,44,211318720,67,0.623459709,0.142569608,0.110961892,0.484884609
14,44,211318720,67,0.658485284,0.142569608,0.110961892,0.542381762
11,44,211318720,67,0.690271145,0.142569608,0.110961892,0.574438823
20,44,211318720,67,0.733124973,0.142569608,0.110961892,0.589525468
8,44,211318720,67,0.968591361,0.142569608,0.110961892,0.606646059
12,44,211318720,67,1.179709418,0.142569608,0.110961892,0.643074499
15,44,211318720,67,1.305782583,0.142569608,0.110961892,0.687249925
6,44,211318720,67,1.446162012,0.142569608,0.110961892,0.895471761
16,44,211318720,67,1.457681955,0.142569608,0.110961892,0.906929249
1,44,211318720,67,1.478153139,0.142569608,0.110961892,0.914361109
4,44,211318720,67,1.636309869,0.142569608,0.110961892,0.957213445
2,44,211318720,67,1.972457974,0.142569608,0.110961892,0.950180155
10,44,211318720,67,2.098750878,0.142569608,0.110961892,1.059494967
18,44,211318720,67,2.140959545,0.142569608,0.110961892,1.074396733
13,44,211318720,67,2.645397093,0.142569608,0.110961892,1.000517701
3,44,211318720,67,4.222030467,0.142569608,0.110961892,0.477016009
8,45,211318720,67,0.426180199,0.142569608,0.007393750,0.160002331
12,45,211318720,67,0.471883767,0.142569608,0.007393750,0.259199367
9,45,211318720,67,0.512144213,0.142569608,0.007393750,0.326147421
11,45,211318720,67,0.552216916,0.142569608,0.007393750,0.366508875
15,45,211318720,67,0.580347815,0.142569608,0.007393750,0.375592376
5,45,211318720,67,0.736816020,0.142569608,0.007393750,0.417855238
17,45,211318720,67,0.899818832,0.142569608,0.007393750,0.519439919
19,45,211318720,67,0.949971206,0.142569608,0.007393750,0.537331697
7,45,211318720,67,1.294023965,0.142569608,0.007393750,0.519767085
14,45,211318720,67,1.481591888,0.142569608,0.007393750,0.588206840
16,45,211318720,67,1.590198497,0.142569608,0.007393750,0.767371911
18,45,211318720,67,1.605719658,0.142569608,0.007393750,0.782803803
1,45,211318720,67,1.625968453,0.142569608,0.007393750,0.790030231
20,45,211318720,67,1.771718685,0.142569608,0.007393750,0.838559609
10,45,211318720,67,2.098750878,0.142569608,0.007393750,0.822860501
4,45,211318720,67,3.108988751,0.142569608,0.007393750,0.587166263
6,45,211318720,67,3.904637431,0.142569608,0.007393750,0.424821621
3,45,211318720,67,4.378401965,0.142569608,0.007393750,0.363006912
2,45,211318720,67,5.177702182,0.142569608,0.007393750,0.193317609
13,45,211318720,67,5.731693700,0.142569608,0.007393750,0.008941943
15,46,211318720,67,0.338536225,0.142569608,0.032504812,0.167356234
8,46,211318720,67,0.387436544,0.142569608,0.032504812,0.280711395
9,46,211318720,67,0.426786845,0.142569608,0.032504812,0.346757802
11,46,211318720,67,0.460180763,0.142569608,0.032504812,0.399589384
12,46,211318720,67,0.471883767,0.142569608,0.032504812,0.411525280
7,46,211318720,67,0.575121762,0.142569608,0.032504812,0.444826273
17,46,211318720,67,1.068534863,0.142569608,0.032504812,0.391076371
5,46,211318720,67,1.190241264,0.142569608,0.032504812,0.476024342
19,46,211318720,67,1.266628274,0.142569608,0.032504812,0.501167086
14,46,211318720,67,1.426718115,0.142569608,0.032504812,0.630036658
1,46,211318720,67,1.478153139,0.142569608,0.032504812,0.681365375
20,46,211318720,67,1.527343694,0.142569608,0.032504812,0.698816600
16,46,211318720,67,1.722715038,0.142569608,0.032504812,0.727963823
3,46,211318720,67,1.876457985,0.142569608,0.032504812,0.866353203
6,46,211318720,67,1.880010615,0.142569608,0.032504812,0.867535215
10,46,211318720,67,2.098750878,0.142569608,0.032504812,0.890685674
2,46,211318720,67,2.712129714,0.142569608,0.032504812,0.781193868
18,46,211318720,67,3.389852612,0.142569608,0.032504812,0.651622599
4,46,211318720,67,4.090774673,0.142569608,0.032504812,0.514150287
13,46,211318720,67,5.952143458,0.142569608,0.032504812,0.000004764
19,47,211318720,67,0.407130517,0.142569608,0.071418136,0.105036894
20,47,211318720,67,0.488749982,0.142569608,0.071418136,0.354290907
7,47,211318720,67,0.527194949,0.142569608,0.071418136,0.469864815
14,47,211318720,67,0.548737736,0.142569608,0.071418136,0.520302897
17,47,211318720,67,0.562386770,0.142569608,0.071418136,0.543096920
15,47,211318720,67,0.580347815,0.142569608,0.071418136,0.561029811
8,47,211318720,67,0.581154817,0.142569608,0.071418136,0.561302538
9,47,211318720,67,1.109645796,0.142569608,0.071418136,0.483307870
12,47,211318720,67,1.274086172,0.142569608,0.071418136,0.549219018
11,47,211318720,67,1.380542290,0.142569608,0.071418136,0.680944902
6,47,211318720,67,1.446162012,0.142569608,0.071418136,0.747062349
16,47,211318720,67,1.457681955,0.142569608,0.071418136,0.751282247
5,47,211318720,67,1.700344662,0.142569608,0.071418136,0.764822557
3,47,211318720,67,1.876457985,0.142569608,0.071418136,0.801799182
18,47,211318720,67,2.140959545,0.142569608,0.071418136,0.853107997
2,47,211318720,67,2.219015221,0.142569608,0.071418136,0.879649030
13,47,211318720,67,2.645397093,0.142569608,0.071418136,0.833670340
4,47,211318720,67,3.763512699,0.142569608,0.071418136,0.561548770
1,47,211318720,67,3.991013475,0.142569608,0.071418136,0.583690580
10,47,211318720,67,4.722189476,0.142569608,0.071418136,0.343828408
11,48,211318720,67,0.322126534,0.142569608,0.013568174,0.137304646
12,48,211318720,67,0.330318637,0.142569608,0.013568174,0.140298284
19,48,211318720,67,0.497603965,0.142569608,0.013568174,0.239612828
15,48,211318720,67,0.580347815,0.142569608,0.013568174,0.352712919
20,48,211318720,67,0.610937478,0.142569608,0.013568174,0.383887721
5,48,211318720,67,0.680137865,0.142569608,0.013568174,0.407375856
7,48,211318720,67,0.910609457,0.142569608,0.013568174,0.430406640
8,48,211318720,67,1.046078670,0.142569608,0.013568174,0.500887732
9,48,211318720,67,1.152324480,0.142569608,0.013568174,0.568044601
18,48,211318720,67,1.248893068,0.142569608,0.013568174,0.601650352
17,48,211318720,67,1.462205602,0.142569608,0.013568174,0.714919706
14,48,211318720,67,1.481591888,0.142569608,0.013568174,0.734630014
6,48,211318720,67,1.590778213,0.142569608,0.013568174,0.772448810
1,48,211318720,67,1.773783767,0.142569608,0.013568174,0.833691658
3,48,211318720,67,1.876457985,0.142569608,0.013568174,0.930907694
10,48,211318720,67,1.923854972,0.142569608,0.013568174,0.945990992
4,48,211318720,67,2.127202830,0.142569608,0.013568174,0.974928259
16,48,211318720,67,3.842979701,0.142569608,0.013568174,0.502598249
13,48,211318720,67,5.952143458,0.142569608,0.013568174,0.047989889
2,48,211318720,67,6.657045662,0.142569608,0.013568174,0.000004764
8,49,211318720,67,0.387436544,0.142569608,0.027699901,0.189307728
14,49,211318720,67,0.438990189,0.142569608,0.027699901,0.352292801
9,49,211318720,67,0.469465529,0.142569608,0.027699901,0.443732734
12,49,211318720,67,0.471883767,0.142569608,0.027699901,0.449506823
15,49,211318720,67,0.531985497,0.142569608,0.027699901,0.550619981
19,49,211318720,67,0.542840689,0.142569608,0.027699901,0.561678292
11,49,211318720,67,0.552216916,0.142569608,0.027699901,0.565044122
17,49,211318720,67,0.731102801,0.142569608,0.027699901,0.784672853
20,49,211318720,67,0.733124973,0.142569608,0.027699901,0.786775897
5,49,211318720,67,0.736816020,0.142569608,0.027699901,0.787981667
7,49,211318720,67,0.958536270,0.142569608,0.027699901,0.809565355
3,49,211318720,67,1.250971990,0.142569608,0.027699901,0.853998241
16,49,211318720,67,1.325165414,0.142569608,0.027699901,0.879991749
1,49,211318720,67,1.478153139,0.142569608,0.027699901,0.926314936
6,49,211318720,67,1.880010615,0.142569608,0.027699901,0.887438986
4,49,211318720,67,2.127202830,0.142569608,0.027699901,0.985839472
18,49,211318720,67,2.140959545,0.142569608,0.027699901,0.989896778
13,49,211318720,67,2.424947335,0.142569608,0.027699901,0.991062870
2,49,211318720,67,2.958686961,0.142569608,0.027699901,0.908956350
10,49,211318720,67,3.672814037,0.142569608,0.027699901,0.677126762
8,50,211318720,67,0.271205581,0.142569608,0.008541129,0.047079766
14,50,211318720,67,0.438990189,0.142569608,0.008541129,0.324713267
19,50,211318720,67,0.452367241,0.142569608,0.008541129,0.356373576
9,50,211318720,67,0.469465529,0.142569608,0.008541129,0.384786304
15,50,211318720,67,0.483623179,0.142569608,0.008541129,0.398104407
17,50,211318720,67,0.562386770,0.142569608,0.008541129,0.442574689
5,50,211318720,67,0.680137865,0.142569608,0.008541129,0.508828960
11,50,211318720,67,0.782307298,0.142569608,0.008541129,0.543400054
12,50,211318720,67,0.990955911,0.142569608,0.008541129,0.656196665
7,50,211318720,67,1.006463084,0.142569608,0.008541129,0.661781159
16,50,211318720,67,1.325165414,0.142569608,0.008541129,0.653892921
6,50,211318720,67,1.590778213,0.142569608,0.008541129,0.661986918
20,50,211318720,67,1.771718685,0.142569608,0.008541129,0.698173548
18,50,211318720,67,1.962546249,0.142569608,0.008541129,0.735013900
10,50,211318720,67,2.098750878,0.142569608,0.008541129,0.781167916
1,50,211318720,67,2.512860336,0.142569608,0.008541129,0.738143039
2,50,211318720,67,2.958686961,0.142569608,0.008541129,0.686904577
4,50,211318720,67,3.763512699,0.142569608,0.008541129,0.514416553
13,50,211318720,67,4.188545396,0.142569608,0.008541129,0.469740311
3,50,211318720,67,4.378401965,0.142569608,0.008541129,0.406112274
5,51,211318720,67,0.396747088,0.142569608,0.080489181,0.166222768
8,51,211318720,67,0.464923853,0.142569608,0.080489181,0.396226871
15,51,211318720,67,0.483623179,0.142569608,0.080489181,0.462243709
11,51,211318720,67,0.506198840,0.142569608,0.080489181,0.529893700
7,51,211318720,67,0.527194949,0.142569608,0.080489181,0.579023147
19,51,211318720,67,0.542840689,0.142569608,0.080489181,0.607502511
12,51,211318720,67,0.566260521,0.142569608,0.080489181,0.646687213
20,51,211318720,67,0.610937478,0.142569608,0.080489181,0.690804373
9,51,211318720,67,0.682858951,0.142569608,0.080489181,0.715244079
16,51,211318720,67,1.325165414,0.142569608,0.080489181,0.601419678
17,51,211318720,67,1.462205602,0.142569608,0.080489181,0.645843621
1,51,211318720,67,1.625968453,0.142569608,0.080489181,0.768254329
14,51,211318720,67,1.646213209,0.142569608,0.080489181,0.775304193
3,51,211318720,67,1.876457985,0.142569608,0.080489181,0.857316156
10,51,211318720,67,1.923854972,0.142569608,0.080489181,0.873703269
18,51,211318720,67,2.319372840,0.142569608,0.080489181,0.836989470
6,51,211318720,67,4.193869834,0.142569608,0.080489181,0.317471671
4,51,211318720,67,4.745298620,0.142569608,0.080489181,0.228691159
13,51,211318720,67,5.070344427,0.142569608,0.080489181,0.217468314
2,51,211318720,67,6.163931169,0.142569608,0.080489181,0.000004764
11,52,211318720,67,0.460180763,0.142569608,0.053389389,0.164387224
19,52,211318720,67,0.497603965,0.142569608,0.053389389,0.219071172
15,52,211318720,67,0.531985497,0.142569608,0.053389389,0.252918912
12,52,211318720,67,0.613448897,0.142569608,0.053389389,0.280418720
8,52,211318720,67,0.774873089,0.142569608,0.053389389,0.327764170
7,52,211318720,67,0.910609457,0.142569608,0.053389389,0.453296449
14,52,211318720,67,0.932854152,0.142569608,0.053389389,0.461279497
20,52,211318720,67,1.099687460,0.142569608,0.053389389,0.500668079
9,52,211318720,67,1.280360534,0.142569608,0.053389389,0.617272031
5,52,211318720,67,1.303597574,0.142569608,0.053389389,0.625046044
16,52,211318720,67,1.457681955,0.142569608,0.053389389,0.832886847
4,52,211318720,67,1.472678882,0.142569608,0.053389389,0.857919480
17,52,211318720,67,1.518444278,0.142569608,0.053389389,0.903278721
3,52,211318720,67,1.563714988,0.142569608,0.053389389,0.917454042
18,52,211318720,67,2.319372840,0.142569608,0.053389389,0.766370585
10,52,211318720,67,3.672814037,0.142569608,0.053389389,0.460215156
13,52,211318720,67,3.747645881,0.142569608,0.053389389,0.483980708
1,52,211318720,67,4.138828789,0.142569608,0.053389389,0.510125087
6,52,211318720,67,4.193869834,0.142569608,0.053389389,0.529339048
2,52,211318720,67,5.177702182,0.142569608,0.053389389,0.207265492
15,53,211318720,67,0.338536225,0.142569608,0.028793445,0.129728737
14,53,211318720,67,0.384116416,0.142569608,0.028793445,0.210257857
8,53,211318720,67,0.464923853,0.142569608,0.028793445,0.403605322
9,53,211318720,67,0.469465529,0.142569608,0.028793445,0.414283692
12,53,211318720,67,0.519072144,0.142569608,0.028793445,0.497374046
11,53,211318720,67,0.552216916,0.142569608,0.028793445,0.530472854
7,53,211318720,67,0.575121762,0.142569608,0.028793445,0.537932929
20,53,211318720,67,0.794218721,0.142569608,0.028793445,0.559936864
5,53,211318720,67,1.133563108,0.142569608,0.028793445,0.612234554
19,53,211318720,67,1.176154826,0.142569608,0.028793445,0.643787285
17,53,211318720,67,1.293489571,0.142569608,0.028793445,0.701146404
3,53,211318720,67,1.407343489,0.142569608,0.028793445,0.739901676
10,53,211318720,67,1.574063159,0.142569608,0.028793445,0.779659942
4,53,211318720,67,1.799940856,0.142569608,0.028793445,0.798807604
18,53,211318720,67,2.319372840,0.142569608,0.028793445,0.724846351
1,53,211318720,67,2.512860336,0.142569608,0.028793445,0.762883790
13,53,211318720,67,2.645397093,0.142569608,0.028793445,0.833398744
6,53,211318720,67,2.747707822,0.142569608,0.028793445,0.868337442
16,53,211318720,67,3.710463159,0.142569608,0.028793445,0.645925848
2,53,211318720,67,5.917373922,0.142569608,0.028793445,0.000004764
12,54,211318720,67,0.330318637,0.142569608,0.046203110,0.097378172
9,54,211318720,67,0.426786845,0.142569608,0.046203110,0.330102857
5,54,211318720,67,0.453425243,0.142569608,0.046203110,0.391511913
8,54,211318720,67,0.464923853,0.142569608,0.046203110,0.410854855
19,54,211318720,67,0.497603965,0.142569608,0.046203110,0.443692233
15,54,211318720,67,0.531985497,0.142569608,0.046203110,0.457328473
20,54,211318720,67,0.672031225,0.142569608,0.046203110,0.502768667
7,54,211318720,67,0.814755830,0.142569608,0.046203110,0.551552456
11,54,211318720,67,1.104433832,0.142569608,0.046203110,0.550988985
14,54,211318720,67,1.262096794,0.142569608,0.046203110,0.666375715
17,54,211318720,67,1.293489571,0.142569608,0.046203110,0.676953668
10,54,211318720,67,1.748959065,0.142569608,0.046203110,0.699070663
1,54,211318720,67,1.773783767,0.142569608,0.046203110,0.706296784
4,54,211318720,67,2.127202830,0.142569608,0.046203110,0.768617872
18,54,211318720,67,2.140959545,0.142569608,0.046203110,0.772839296
13,54,211318720,67,2.645397093,0.142569608,0.046203110,0.706991408
16,54,211318720,67,2.782847369,0.142569608,0.046203110,0.753464533
2,54,211318720,67,2.958686961,0.142569608,0.046203110,0.789986851
3,54,211318720,67,3.127429975,0.142569608,0.046203110,0.828356033
6,54,211318720,67,4.049253632,0.142569608,0.046203110,0.523135396
8,55,211318720,67,0.387436544,0.142569608,0.005119975,0.107230258
12,55,211318720,67,0.471883767,0.142569608,0.005119975,0.261874710
19,55,211318720,67,0.497603965,0.142569608,0.005119975,0.303690329
14,55,211318720,67,0.548737736,0.142569608,0.005119975,0.355443160
7,55,211318720,67,0.575121762,0.142569608,0.005119975,0.364602952
20,55,211318720,67,0.733124973,0.142569608,0.005119975,0.476066919
15,55,211318720,67,0.773797086,0.142569608,0.005119975,0.489357903
9,55,211318720,67,1.280360534,0.142569608,0.005119975,0.526549279
6,55,211318720,67,1.301545810,0.142569608,0.005119975,0.548039491
11,55,211318720,67,1.380542290,0.142569608,0.005119975,0.576123877
17,55,211318720,67,1.518444278,0.142569608,0.005119975,0.758949819
5,55,211318720,67,1.530310196,0.142569608,0.005119975,0.771028565
16,55,211318720,67,1.590198497,0.142569608,0.005119975,0.790880517
1,55,211318720,67,1.773783767,0.142569608,0.005119975,0.851369270
3,55,211318720,67,1.876457985,0.142569608,0.005119975,0.885919842
10,55,211318720,67,2.098750878,0.142569608,0.005119975,0.975628102
18,55,211318720,67,2.140959545,0.142569608,0.005119975,0.990734860
2,55,211318720,67,2.712129714,0.142569608,0.005119975,0.898198558
13,55,211318720,67,2.865846850,0.142569608,0.005119975,0.943519136
4,55,211318720,67,3.763512699,0.142569608,0.005119975,0.643789475
15,56,211318720,67,0.483623179,0.142569608,0.039079055,0.481445661
14,56,211318720,67,0.493863963,0.142569608,0.039079055,0.533178164
19,56,211318720,67,0.497603965,0.142569608,0.039079055,0.549224356
8,56,211318720,67,0.503667508,0.142569608,0.039079055,0.570979007
7,56,211318720,67,0.527194949,0.142569608,0.039079055,0.641589705
9,56,211318720,67,0.554822898,0.142569608,0.039079055,0.705943083
12,56,211318720,67,0.566260521,0.142569608,0.039079055,0.725000702
11,56,211318720,67,0.598234992,0.142569608,0.039079055,0.762637160
17,56,211318720,67,0.618625447,0.142569608,0.039079055,0.783503570
20,56,211318720,67,0.733124973,0.142569608,0.039079055,0.822644061
3,56,211318720,67,1.250971990,0.142569608,0.039079055,0.806105932
6,56,211318720,67,1.301545810,0.142569608,0.039079055,0.823588630
5,56,211318720,67,1.530310196,0.142569608,0.039079055,0.872935617
1,56,211318720,67,1.625968453,0.142569608,0.039079055,0.936010883
16,56,211318720,67,1.722715038,0.142569608,0.039079055,0.968436090
10,56,211318720,67,1.923854972,0.142569608,0.039079055,0.996378043
18,56,211318720,67,2.140959545,0.142569608,0.039079055,1.019038557
13,56,211318720,67,2.865846850,0.142569608,0.039079055,0.909080914
2,56,211318720,67,2.958686961,0.142569608,0.039079055,0.940537770
4,56,211318720,67,3.108988751,0.142569608,0.039079055,0.890503033
19,57,211318720,67,0.497603965,0.142569608,0.048328776,0.103183971
7,57,211318720,67,0.575121762,0.142569608,0.048328776,0.237942216
5,57,211318720,67,0.623459709,0.142569608,0.048328776,0.318874834
8,57,211318720,67,0.658642125,0.142569608,0.048328776,0.353720431
11,57,211318720,67,0.690271145,0.142569608,0.048328776,0.364220516
9,57,211318720,67,1.152324480,0.142569608,0.048328776,0.444511272
15,57,211318720,67,1.160695629,0.142569608,0.048328776,0.452986582
10,57,211318720,67,1.224271346,0.142569608,0.048328776,0.474961860
12,57,211318720,67,1.415651302,0.142569608,0.048328776,0.639728352
1,57,211318720,67,1.478153139,0.142569608,0.048328776,0.823424791
14,57,211318720,67,1.481591888,0.142569608,0.048328776,0.833719033
17,57,211318720,67,1.518444278,0.142569608,0.048328776,0.936316092
3,57,211318720,67,1.563714988,0.142569608,0.048328776,1.041811164
20,57,211318720,67,1.588437442,0.142569608,0.048328776,1.083730815
6,57,211318720,67,1.590778213,0.142569608,0.048328776,1.086060782
4,57,211318720,67,1.636309869,0.142569608,0.048328776,1.101590911
18,57,211318720,67,2.140959545,0.142569608,0.048328776,1.030186809
13,57,211318720,67,2.645397093,0.142569608,0.048328776,0.956499152
16,57,211318720,67,3.975496242,0.142569608,0.048328776,0.613053521
2,57,211318720,67,6.657045662,0.142569608,0.048328776,0.000004764
7,58,211318720,67,0.335487695,0.142569608,0.009842025,0.070306363
19,58,211318720,67,0.452367241,0.142569608,0.009842025,0.271364070
12,58,211318720,67,0.471883767,0.142569608,0.009842025,0.303371321
9,58,211318720,67,0.512144213,0.142569608,0.009842025,0.360668933
11,58,211318720,67,0.552216916,0.142569608,0.009842025,0.410889555
15,58,211318720,67,0.628710132,0.142569608,0.009842025,0.551301633
5,58,211318720,67,0.680137865,0.142569608,0.009842025,0.638142659
14,58,211318720,67,0.713359057,0.142569608,0.009842025,0.671580712
20,58,211318720,67,0.733124973,0.142569608,0.009842025,0.678374587
8,58,211318720,67,1.123565979,0.142569608,0.009842025,0.714495649
6,58,211318720,67,1.156929609,0.142569608,0.009842025,0.725813446
16,58,211318720,67,1.325165414,0.142569608,0.009842025,0.806887543
17,58,211318720,67,1.405966925,0.142569608,0.009842025,0.832425401
10,58,211318720,67,1.748959065,0.142569608,0.009842025,0.815824799
1,58,211318720,67,1.921599080,0.142569608,0.009842025,0.873428550
3,58,211318720,67,2.032829484,0.142569608,0.009842025,0.910323306
2,58,211318720,67,2.958686961,0.142569608,0.009842025,0.706530181
4,58,211318720,67,3.272619738,0.142569608,0.009842025,0.698326960
18,58,211318720,67,4.638745680,0.142569608,0.009842025,0.335020765
13,58,211318720,67,5.952143458,0.142569608,0.009842025,0.000004764
9,59,211318720,67,0.298750791,0.142569608,0.021695161,0.126121241
15,59,211318720,67,0.338536225,0.142569608,0.021695161,0.187149656
8,59,211318720,67,0.426180199,0.142569608,0.021695161,0.355633802
17,59,211318720,67,0.449909416,0.142569608,0.021695161,0.394499302
19,59,211318720,67,0.497603965,0.142569608,0.021695161,0.442096288
12,59,211318720,67,0.519072144,0.142569608,0.021695161,0.449552913
11,59,211318720,67,0.874343450,0.142569608,0.021695161,0.501702269
5,59,211318720,67,0.906850487,0.142569608,0.021695161,0.512704487
7,59,211318720,67,1.294023965,0.142569608,0.021695161,0.524942925
14,59,211318720,67,1.371844341,0.142569608,0.021695161,0.552167556
16,59,211318720,67,1.590198497,0.142569608,0.021695161,0.573862345
20,59,211318720,67,1.771718685,0.142569608,0.021695161,0.655495882
3,59,211318720,67,1.876457985,0.142569608,0.021695161,0.824154310
6,59,211318720,67,1.880010615,0.142569608,0.021695161,0.827839578
10,59,211318720,67,1.923854972,0.142569608,0.021695161,0.843062037
18,59,211318720,67,2.140959545,0.142569608,0.021695161,0.917392641
13,59,211318720,67,2.204497577,0.142569608,0.021695161,0.939420387
2,59,211318720,67,2.465572468,0.142569608,0.021695161,0.948750294
4,59,211318720,67,2.945357764,0.142569608,0.021695161,0.884871921
1,59,211318720,67,3.399752219,0.142569608,0.021695161,0.737783755
8,60,211318720,67,0.387436544,0.142569608,0.008309960,0.232421690
5,60,211318720,67,0.396747088,0.142569608,0.008309960,0.254439758
9,60,211318720,67,0.469465529,0.142569608,0.008309960,0.385115610
7,60,211318720,67,0.479268135,0.142569608,0.008309960,0.401439147
19,60,211318720,67,0.497603965,0.142569608,0.008309960,0.427450572
11,60,211318720,67,0.598234992,0.142569608,0.008309960,0.618648260
15,60,211318720,67,0.628710132,0.142569608,0.008309960,0.668947090
20,60,211318720,67,0.672031225,0.142569608,0.008309960,0.712055879
17,60,211318720,67,0.674864124,0.142569608,0.008309960,0.713114020
14,60,211318720,67,1.042601699,0.142569608,0.008309960,0.687048687
12,60,211318720,67,1.274086172,0.142569608,0.008309960,0.703826461
16,60,211318720,67,1.457681955,0.142569608,0.008309960,0.739412624
1,60,211318720,67,1.625968453,0.142569608,0.008309960,0.801456949
6,60,211318720,67,1.735394414,0.142569608,0.008309960,0.838622387
3,60,211318720,67,1.876457985,0.142569608,0.008309960,0.924206109
4,60,211318720,67,1.963571843,0.142569608,0.008309960,0.953836682
13,60,211318720,67,2.645397093,0.142569608,0.008309960,0.822890591
2,60,211318720,67,2.958686961,0.142569608,0.008309960,0.812889003
18,60,211318720,67,4.103505794,0.142569608,0.008309960,0.532174548
10,60,211318720,67,4.372397663,0.142569608,0.008309960,0.443104839
11,61,211318720,67,0.368144611,0.142569608,0.051892053,0.236385882
8,61,211318720,67,0.387436544,0.142569608,0.051892053,0.270949474
9,61,211318720,67,0.426786845,0.142569608,0.051892053,0.352902033
15,61,211318720,67,0.435260861,0.142569608,0.051892053,0.372754888
7,61,211318720,67,0.527194949,0.142569608,0.051892053,0.525420976
14,61,211318720,67,0.548737736,0.142569608,0.051892053,0.547250068
12,61,211318720,67,0.566260521,0.142569608,0.051892053,0.552930933
19,61,211318720,67,0.949971206,0.142569608,0.051892053,0.532539722
5,61,211318720,67,1.076884953,0.142569608,0.051892053,0.620114952
17,61,211318720,67,1.181012217,0.142569608,0.051892053,0.792011510
16,61,211318720,67,1.192648873,0.142569608,0.051892053,0.804012559
20,61,211318720,67,1.221874955,0.142569608,0.051892053,0.813713974
3,61,211318720,67,1.876457985,0.142569608,0.051892053,0.690455069
10,61,211318720,67,2.098750878,0.142569608,0.051892053,0.711085808
18,61,211318720,67,2.319372840,0.142569608,0.051892053,0.732594707
13,61,211318720,67,2.645397093,0.142569608,0.051892053,0.719399535
6,61,211318720,67,3.904637431,0.142569608,0.051892053,0.439283392
1,61,211318720,67,3.991013475,0.142569608,0.051892053,0.467813190
4,61,211318720,67,4.581667633,0.142569608,0.051892053,0.365863922
2,61,211318720,67,4.931144935,0.142569608,0.051892053,0.249777078
9,62,211318720,67,0.426786845,0.142569608,0.015905196,0.167645398
19,62,211318720,67,0.452367241,0.142569608,0.015905196,0.220381269
7,62,211318720,67,0.527194949,0.142569608,0.015905196,0.379485726
14,62,211318720,67,0.548737736,0.142569608,0.015905196,0.423556831
15,62,211318720,67,0.580347815,0.142569608,0.015905196,0.476499322
17,62,211318720,67,0.618625447,0.142569608,0.015905196,0.533320210
5,62,211318720,67,0.680137865,0.142569608,0.015905196,0.595241910
20,62,211318720,67,0.733124973,0.142569608,0.015905196,0.613562000
8,62,211318720,67,0.968591361,0.142569608,0.015905196,0.712211658
12,62,211318720,67,0.990955911,0.142569608,0.015905196,0.719945117
11,62,211318720,67,1.242488061,0.142569608,0.015905196,0.729360294
6,62,211318720,67,1.735394414,0.142569608,0.015905196,0.730280424
1,62,211318720,67,1.773783767,0.142569608,0.015905196,0.742990884
18,62,211318720,67,2.319372840,0.142569608,0.015905196,0.684592413
13,62,211318720,67,2.424947335,0.142569608,0.015905196,0.720263665
2,62,211318720,67,2.712129714,0.142569608,0.015905196,0.723833542
10,62,211318720,67,3.148126317,0.142569608,0.015905196,0.675435458
3,62,211318720,67,3.283801474,0.142569608,0.015905196,0.719913599
16,62,211318720,67,3.710463159,0.142569608,0.015905196,0.678391401
4,62,211318720,67,4.745298620,0.142569608,0.015905196,0.335375092
11,63,211318720,67,0.506198840,0.142569608,0.093999505,0.155511369
9,63,211318720,67,0.554822898,0.142569608,0.093999505,0.256942005
15,63,211318720,67,0.580347815,0.142569608,0.093999505,0.316781723
14,63,211318720,67,0.658485284,0.142569608,0.093999505,0.448073373
17,63,211318720,67,0.674864124,0.142569608,0.093999505,0.464260337
5,63,211318720,67,0.680137865,0.142569608,0.093999505,0.465722158
8,63,211318720,67,0.968591361,0.142569608,0.093999505,0.470966017
7,63,211318720,67,1.102316711,0.142569608,0.093999505,0.636860622
12,63,211318720,67,1.132521041,0.142569608,0.093999505,0.667889272
19,63,211318720,67,1.176154826,0.142569608,0.093999505,0.682837568
6,63,211318720,67,1.446162012,0.142569608,0.093999505,0.764382940
1,63,211318720,67,1.478153139,0.142569608,0.093999505,0.775313909
3,63,211318720,67,1.720086486,0.142569608,0.093999505,0.847999396
20,63,211318720,67,1.771718685,0.142569608,0.093999505,0.865287558
4,63,211318720,67,1.963571843,0.142569608,0.093999505,0.902112801
10,63,211318720,67,2.098750878,0.142569608,0.093999505,1.014024908
18,63,211318720,67,2.140959545,0.142569608,0.093999505,1.028434290
2,63,211318720,67,2.958686961,0.142569608,0.093999505,0.855726755
16,63,211318720,67,3.445430076,0.142569608,0.093999505,0.790583937
13,63,211318720,67,6.613492731,0.142569608,0.093999505,0.000004764
8,64,211318720,67,0.387436544,0.142569608,0.109818965,0.148677200
11,64,211318720,67,0.460180763,0.142569608,0.109818965,0.382960764
7,64,211318720,67,0.479268135,0.142569608,0.109818965,0.452525421
9,64,211318720,67,0.512144213,0.142569608,0.109818965,0.568824296
12,64,211318720,67,0.519072144,0.142569608,0.109818965,0.589339725
19,64,211318720,67,0.542840689,0.142569608,0.109818965,0.644084913
5,64,211318720,67,0.566781554,0.142569608,0.109818965,0.684340611
14,64,211318720,67,0.603611510,0.142569608,0.109818965,0.731157200
15,64,211318720,67,0.628710132,0.142569608,0.109818965,0.756892935
17,64,211318720,67,0.731102801,0.142569608,0.109818965,0.790394519
3,64,211318720,67,1.094600491,0.142569608,0.109818965,0.765264605
20,64,211318720,67,1.282968703,0.142569608,0.109818965,0.815300907
10,64,211318720,67,1.399167252,0.142569608,0.109818965,0.918783565
6,64,211318720,67,1.446162012,0.142569608,0.109818965,0.933781705
16,64,211318720,67,1.590198497,0.142569608,0.109818965,0.982818448
1,64,211318720,67,1.921599080,0.142569608,0.109818965,0.969756847
4,64,211318720,67,2.127202830,0.142569608,0.109818965,1.083677270
18,64,211318720,67,2.140959545,0.142569608,0.109818965,1.087767916
13,64,211318720,67,3.968095639,0.142569608,0.109818965,0.585783896
2,64,211318720,67,5.177702182,0.142569608,0.109818965,0.188043278
12,65,211318720,67,0.424695391,0.142569608,0.072116517,0.310451736
11,65,211318720,67,0.460180763,0.142569608,0.072116517,0.456288692
8,65,211318720,67,0.464923853,0.142569608,0.072116517,0.473806441
17,65,211318720,67,0.506148093,0.142569608,0.072116517,0.622850797
5,65,211318720,67,0.510103399,0.142569608,0.072116517,0.634844825
7,65,211318720,67,0.527194949,0.142569608,0.072116517,0.674801309
19,65,211318720,67,0.542840689,0.142569608,0.072116517,0.700789711
15,65,211318720,67,0.580347815,0.142569608,0.072116517,0.738094716
20,65,211318720,67,0.610937478,0.142569608,0.072116517,0.749334914
9,65,211318720,67,0.810895005,0.142569608,0.072116517,0.777642119
1,65,211318720,67,1.034707197,0.142569608,0.072116517,0.800033380
16,65,211318720,67,1.192648873,0.142569608,0.072116517,0.948914901
18,65,211318720,67,1.248893068,0.142569608,0.072116517,1.005334112
14,65,211318720,67,1.262096794,0.142569608,0.072116517,1.010408951
4,65,211318720,67,1.636309869,0.142569608,0.072116517,1.013594499
6,65,211318720,67,1.735394414,0.142569608,0.072116517,1.048765544
3,65,211318720,67,1.876457985,0.142569608,0.072116517,1.096379807
13,65,211318720,67,2.424947335,0.142569608,0.072116517,1.008430786
10,65,211318720,67,2.973230411,0.142569608,0.072116517,0.921348558
2,65,211318720,67,3.944915948,0.142569608,0.072116517,0.597651415
8,66,211318720,67,0.309949235,0.142569608,0.065030009,0.047606063
15,66,211318720,67,0.483623179,0.142569608,0.065030009,0.294734208
12,66,211318720,67,0.519072144,0.142569608,0.065030009,0.379889422
19,66,211318720,67,0.542840689,0.142569608,0.065030009,0.435304562
17,66,211318720,67,0.562386770,0.142569608,0.065030009,0.467567219
5,66,211318720,67,0.566781554,0.142569608,0.065030009,0.472003467
14,66,211318720,67,0.658485284,0.142569608,0.065030009,0.503158902
7,66,211318720,67,0.814755830,0.142569608,0.065030009,0.570554838
11,66,211318720,67,0.920361527,0.142569608,0.065030009,0.604808722
9,66,211318720,67,1.280360534,0.142569608,0.065030009,0.592607257
20,66,211318720,67,1.405156199,0.142569608,0.065030009,0.631457556
18,66,211318720,67,1.784132954,0.142569608,0.065030009,0.600920731
16,66,211318720,67,1.987748121,0.142569608,0.065030009,0.629795855
13,66,211318720,67,2.424947335,0.142569608,0.065030009,0.581821275
1,66,211318720,67,2.660675650,0.142569608,0.065030009,0.600776245
3,66,211318720,67,2.971058477,0.142569608,0.065030009,0.643919600
6,66,211318720,67,3.036940224,0.142569608,0.065030009,0.667055545
10,66,211318720,67,3.497918130,0.142569608,0.065030009,0.609927129
4,66,211318720,67,3.927143686,0.142569608,0.065030009,0.560793295
2,66,211318720,67,4.931144935,0.142569608,0.065030009,0.228504035
19,67,211318720,67,0.316657069,0.142569608,0.095494948,0.109432616
11,67,211318720,67,0.368144611,0.142569608,0.095494948,0.156803979
8,67,211318720,67,0.464923853,0.142569608,0.095494948,0.273582705
17,67,211318720,67,0.562386770,0.142569608,0.095494948,0.486521675
12,67,211318720,67,0.566260521,0.142569608,0.095494948,0.493192546
5,67,211318720,67,0.566781554,0.142569608,0.095494948,0.493721116
15,67,211318720,67,0.628710132,0.142569608,0.095494948,0.514374118
9,67,211318720,67,1.066967111,0.142569608,0.095494948,0.572620099
3,67,211318720,67,1.094600491,0.142569608,0.095494948,0.600212550
20,67,211318720,67,1.160781208,0.142569608,0.095494948,0.629340769
7,67,211318720,67,1.294023965,0.142569608,0.095494948,0.670686642
14,67,211318720,67,1.536465662,0.142569608,0.095494948,0.773867904
6,67,211318720,67,1.590778213,0.142569608,0.095494948,0.828153832
4,67,211318720,67,1.636309869,0.142569608,0.095494948,0.845440970
1,67,211318720,67,1.773783767,0.142569608,0.095494948,0.980780882
18,67,211318720,67,1.784132954,0.142569608,0.095494948,0.984122911
16,67,211318720,67,2.782847369,0.142569608,0.095494948,0.748605253
13,67,211318720,67,3.747645881,0.142569608,0.095494948,0.527370488
10,67,211318720,67,5.071981289,0.142569608,0.095494948,0.180416403
2,67,211318720,67,6.657045662,0.142569608,0.095494948,0.000004764
11,68,211318720,67,0.368144611,0.142569608,0.040653776,0.104059466
12,68,211318720,67,0.424695391,0.142569608,0.040653776,0.159328260
9,68,211318720,67,0.512144213,0.142569608,0.040653776,0.239575884
15,68,211318720,67,0.580347815,0.142569608,0.040653776,0.365821012
14,68,211318720,67,0.658485284,0.142569608,0.040653776,0.540994431
17,68,211318720,67,0.674864124,0.142569608,0.040653776,0.568897587
5,68,211318720,67,0.680137865,0.142569608,0.040653776,0.574184962
8,68,211318720,67,0.736129434,0.142569608,0.040653776,0.593962034
16,68,211318720,67,1.060132331,0.142569608,0.040653776,0.629710041
19,68,211318720,67,1.130918102,0.142569608,0.040653776,0.654303000
7,68,211318720,67,1.294023965,0.142569608,0.040653776,0.695122221
20,68,211318720,67,1.466249947,0.142569608,0.040653776,0.734914042
1,68,211318720,67,1.625968453,0.142569608,0.040653776,0.916577859
4,68,211318720,67,1.636309869,0.142569608,0.040653776,0.933742738
2,68,211318720,67,1.725900727,0.142569608,0.040653776,1.079520397
6,68,211318720,67,1.735394414,0.142569608,0.040653776,1.089344977
18,68,211318720,67,1.784132954,0.142569608,0.040653776,1.108048584
10,68,211318720,67,1.923854972,0.142569608,0.040653776,1.154927181
13,68,211318720,67,2.645397093,0.142569608,0.040653776,1.014974875
3,68,211318720,67,4.065658968,0.142569608,0.040653776,0.548470275
14,69,211318720,67,0.384116416,0.142569608,0.063244261,0.130986531
8,69,211318720,67,0.464923853,0.142569608,0.063244261,0.358164653
19,69,211318720,67,0.497603965,0.142569608,0.063244261,0.442448571
11,69,211318720,67,0.506198840,0.142569608,0.063244261,0.462913234
9,69,211318720,67,0.512144213,0.142569608,0.063244261,0.472813950
20,69,211318720,67,0.549843730,0.142569608,0.063244261,0.531161907
15,69,211318720,67,0.628710132,0.142569608,0.063244261,0.661880961
17,69,211318720,67,0.674864124,0.142569608,0.063244261,0.708132201
5,69,211318720,67,0.680137865,0.142569608,0.063244261,0.710114469
12,69,211318720,67,0.943767534,0.142569608,0.063244261,0.717364463
7,69,211318720,67,1.198170338,0.142569608,0.063244261,0.727815288
3,69,211318720,67,1.720086486,0.142569608,0.063244261,0.733187644
6,69,211318720,67,1.735394414,0.142569608,0.063244261,0.738788492
18,69,211318720,67,1.962546249,0.142569608,0.063244261,0.851000751
2,69,211318720,67,1.972457974,0.142569608,0.063244261,0.860090699
10,69,211318720,67,2.098750878,0.142569608,0.063244261,0.977947577
4,69,211318720,67,2.127202830,0.142569608,0.063244261,0.988441285
13,69,211318720,67,2.424947335,0.142569608,0.063244261,0.986327303
16,69,211318720,67,3.577946618,0.142569608,0.063244261,0.708850441
1,69,211318720,67,3.991013475,0.142569608,0.063244261,0.571701174
9,70,211318720,67,0.384108160,0.142569608,0.219789848,0.060907831
8,70,211318720,67,0.503667508,0.142569608,0.219789848,0.191981727
7,70,211318720,67,0.575121762,0.142569608,0.219789848,0.361243627
15,70,211318720,67,0.580347815,0.142569608,0.219789848,0.373732685
14,70,211318720,67,0.658485284,0.142569608,0.219789848,0.502902920
20,70,211318720,67,0.672031225,0.142569608,0.219789848,0.516757741
17,70,211318720,67,0.674864124,0.142569608,0.219789848,0.517653084
11,70,211318720,67,0.966379603,0.142569608,0.219789848,0.515960385
5,70,211318720,67,1.133563108,0.142569608,0.219789848,0.672652598
6,70,211318720,67,1.156929609,0.142569608,0.219789848,0.696193709
19,70,211318720,67,1.221391550,0.142569608,0.219789848,0.744734554
16,70,211318720,67,1.325165414,0.142569608,0.219789848,0.891498652
12,70,211318720,67,1.368462925,0.142569608,0.219789848,0.933946397
10,70,211318720,67,1.399167252,0.142569608,0.219789848,0.944210993
3,70,211318720,67,1.563714988,0.142569608,0.219789848,0.986455971
1,70,211318720,67,1.773783767,0.142569608,0.219789848,1.014087199
13,70,211318720,67,2.865846850,0.142569608,0.219789848,0.750983906
18,70,211318720,67,3.746679203,0.142569608,0.219789848,0.553567995
4,70,211318720,67,4.090774673,0.142569608,0.219789848,0.533672949
2,70,211318720,67,5.670816675,0.142569608,0.219789848,0.008416159
19,71,211318720,67,0.407130517,0.142569608,0.022074426,0.094566179
7,71,211318720,67,0.479268135,0.142569608,0.022074426,0.172621497
11,71,211318720,67,0.552216916,0.142569608,0.022074426,0.309666736
12,71,211318720,67,0.613448897,0.142569608,0.022074426,0.411856092
17,71,211318720,67,0.618625447,0.142569608,0.022074426,0.417130639
20,71,211318720,67,0.672031225,0.142569608,0.022074426,0.466298201
9,71,211318720,67,0.768216320,0.142569608,0.022074426,0.512945710
8,71,211318720,67,0.891104052,0.142569608,0.022074426,0.566241312
6,71,211318720,67,1.012313408,0.142569608,0.022074426,0.670932750
16,71,211318720,67,1.060132331,0.142569608,0.022074426,0.687697684
15,71,211318720,67,1.305782583,0.142569608,0.022074426,0.703076315
14,71,211318720,67,1.481591888,0.142569608,0.022074426,0.804057917
5,71,211318720,67,1.530310196,0.142569608,0.022074426,0.820603353
10,71,211318720,67,1.748959065,0.142569608,0.022074426,0.921723289
1,71,211318720,67,1.773783767,0.142569608,0.022074426,0.930079736
18,71,211318720,67,1.962546249,0.142569608,0.022074426,0.962715576
4,71,211318720,67,2.127202830,0.142569608,0.022074426,1.005281084
2,71,211318720,67,2.958686961,0.142569608,0.022074426,0.827106019
3,71,211318720,67,3.596544472,0.142569608,0.022074426,0.709051935
13,71,211318720,67,5.952143458,0.142569608,0.022074426,0.000004764
11,72,211318720,67,0.322126534,0.142569608,0.036372386,0.048860224
20,72,211318720,67,0.488749982,0.142569608,0.036372386,0.430835536
8,72,211318720,67,0.503667508,0.142569608,0.036372386,0.485547653
9,72,211318720,67,0.512144213,0.142569608,0.036372386,0.511014076
12,72,211318720,67,0.519072144,0.142569608,0.036372386,0.527722536
14,72,211318720,67,0.548737736,0.142569608,0.036372386,0.584247814
7,72,211318720,67,0.575121762,0.142569608,0.036372386,0.628746470
17,72,211318720,67,0.618625447,0.142569608,0.036372386,0.672982033
5,72,211318720,67,0.680137865,0.142569608,0.036372386,0.692555393
19,72,211318720,67,0.904734482,0.142569608,0.036372386,0.799949192
15,72,211318720,67,0.918884040,0.142569608,0.036372386,0.804819191
1,72,211318720,67,1.330337825,0.142569608,0.036372386,0.762029049
16,72,211318720,67,1.590198497,0.142569608,0.036372386,0.771026960
3,72,211318720,67,1.876457985,0.142569608,0.036372386,0.846948979
18,72,211318720,67,1.962546249,0.142569608,0.036372386,0.939000118
4,72,211318720,67,1.963571843,0.142569608,0.036372386,0.940053507
10,72,211318720,67,2.098750878,0.142569608,0.036372386,0.985000189
6,72,211318720,67,2.603091621,0.142569608,0.036372386,0.982812355
13,72,211318720,67,2.645397093,0.142569608,0.036372386,0.996919181
2,72,211318720,67,2.712129714,0.142569608,0.036372386,0.974676146
8,73,211318720,67,0.387436544,0.142569608,0.009298878,0.139511348
17,73,211318720,67,0.393670739,0.142569608,0.009298878,0.141687776
19,73,211318720,67,0.542840689,0.142569608,0.009298878,0.428682353
9,73,211318720,67,0.554822898,0.142569608,0.009298878,0.456821522
12,73,211318720,67,0.566260521,0.142569608,0.009298878,0.476353050
15,73,211318720,67,0.580347815,0.142569608,0.009298878,0.490543565
5,73,211318720,67,0.680137865,0.142569608,0.009298878,0.523768371
7,73,211318720,67,0.910609457,0.142569608,0.009298878,0.601076846
11,73,211318720,67,0.966379603,0.142569608,0.009298878,0.621126758
16,73,211318720,67,1.325165414,0.142569608,0.009298878,0.599162453
14,73,211318720,67,1.646213209,0.142569608,0.009298878,0.756066100
20,73,211318720,67,1.649531190,0.142569608,0.009298878,0.763949943
6,73,211318720,67,1.735394414,0.142569608,0.009298878,0.959740021
10,73,211318720,67,1.748959065,0.142569608,0.009298878,0.982615432
1,73,211318720,67,1.773783767,0.142569608,0.009298878,1.007300790
4,73,211318720,67,1.799940856,0.142569608,0.009298878,1.014872443
3,73,211318720,67,2.032829484,0.142569608,0.009298878,1.057405046
18,73,211318720,67,2.140959545,0.142569608,0.009298878,1.093135647
13,73,211318720,67,6.393042974,0.142569608,0.009298878,0.047589201
2,73,211318720,67,7.150160156,0.142569608,0.009298878,0.000004764
8,74,211318720,67,0.426180199,0.142569608,0.020301925,0.173169461
12,74,211318720,67,0.471883767,0.142569608,0.020301925,0.286205228
19,74,211318720,67,0.497603965,0.142569608,0.020301925,0.353727418
20,74,211318720,67,0.549843730,0.142569608,0.020301925,0.482740542
7,74,211318720,67,0.575121762,0.142569608,0.020301925,0.542128783
11,74,211318720,67,0.598234992,0.142569608,0.020301925,0.587456031
15,74,211318720,67,0.628710132,0.142569608,0.020301925,0.638681851
9,74,211318720,67,0.682858951,0.142569608,0.020301925,0.693382433
17,74,211318720,67,0.731102801,0.142569608,0.020301925,0.709983902
5,74,211318720,67,0.963528642,0.142569608,0.020301925,0.729475255
14,74,211318720,67,1.262096794,0.142569608,0.020301925,0.728229872
10,74,211318720,67,1.399167252,0.142569608,0.020301925,0.773904882
6,74,211318720,67,1.590778213,0.142569608,0.020301925,0.814535116
16,74,211318720,67,1.722715038,0.142569608,0.020301925,0.860304727
13,74,211318720,67,2.204497577,0.142569608,0.020301925,0.798567621
4,74,211318720,67,4.090774673,0.142569608,0.020301925,0.334034559
1,74,211318720,67,4.138828789,0.142569608,0.020301925,0.381907089
3,74,211318720,67,4.222030467,0.142569608,0.020301925,0.464395448
18,74,211318720,67,4.281919089,0.142569608,0.020301925,0.485248900
2,74,211318720,67,4.931144935,0.142569608,0.020301925,0.272522181
11,75,211318720,67,0.322126534,0.142569608,0.086780831,0.102169440
15,75,211318720,67,0.386898543,0.142569608,0.086780831,0.266761455
8,75,211318720,67,0.464923853,0.142569608,0.086780831,0.522691584
12,75,211318720,67,0.471883767,0.142569608,0.086780831,0.543314595
20,75,211318720,67,0.488749982,0.142569608,0.086780831,0.582537499
19,75,211318720,67,0.497603965,0.142569608,0.086780831,0.597600038
5,75,211318720,67,0.510103399,0.142569608,0.086780831,0.610105933
7,75,211318720,67,0.575121762,0.142569608,0.086780831,0.633089209
14,75,211318720,67,0.987727926,0.142569608,0.086780831,0.591816825
9,75,211318720,67,1.152324480,0.142569608,0.086780831,0.632282764
1,75,211318720,67,1.478153139,0.142569608,0.086780831,0.725509769
17,75,211318720,67,1.518444278,0.142569608,0.086780831,0.766956982
3,75,211318720,67,1.563714988,0.142569608,0.086780831,0.782773152
16,75,211318720,67,1.722715038,0.142569608,0.086780831,0.991053620
6,75,211318720,67,1.735394414,0.142569608,0.086780831,1.003621115
10,75,211318720,67,1.748959065,0.142569608,0.086780831,1.008090755
18,75,211318720,67,2.140959545,0.142569608,0.086780831,0.974373396
13,75,211318720,67,2.424947335,0.142569608,0.086780831,0.974440370
4,75,211318720,67,2.618095791,0.142569608,0.086780831,1.007317802
2,75,211318720,67,2.712129714,0.142569608,0.086780831,0.975973274
15,76,211318720,67,0.386898543,0.142569608,0.106076367,0.118175316
8,76,211318720,67,0.464923853,0.142569608,0.106076367,0.347841112
11,76,211318720,67,0.506198840,0.142569608,0.106076367,0.472297121
9,76,211318720,67,0.512144213,0.142569608,0.106076367,0.486195797
14,76,211318720,67,0.548737736,0.142569608,0.106076367,0.554544524
20,76,211318720,67,0.549843730,0.142569608,0.106076367,0.556440223
7,76,211318720,67,0.575121762,0.142569608,0.106076367,0.581667183
5,76,211318720,67,0.680137865,0.142569608,0.106076367,0.652497647
19,76,211318720,67,0.769024309,0.142569608,0.106076367,0.692282207
12,76,211318720,67,0.896579158,0.142569608,0.106076367,0.736541547
17,76,211318720,67,1.405966925,0.142569608,0.106076367,0.665125103
3,76,211318720,67,1.563714988,0.142569608,0.106076367,0.709448061
10,76,211318720,67,1.748959065,0.142569608,0.106076367,0.741109483
1,76,211318720,67,1.921599080,0.142569608,0.106076367,0.834859500
13,76,211318720,67,1.984047819,0.142569608,0.106076367,0.855968195
4,76,211318720,67,2.127202830,0.142569608,0.106076367,0.989013784
18,76,211318720,67,2.140959545,0.142569608,0.106076367,0.993812327
6,76,211318720,67,2.747707822,0.142569608,0.106076367,0.890038558
2,76,211318720,67,2.958686961,0.142569608,0.106076367,0.916904540
16,76,211318720,67,3.047880452,0.142569608,0.106076367,0.887178237
19,77,211318720,67,0.316657069,0.142569608,0.102251507,0.088151099
9,77,211318720,67,0.426786845,0.142569608,0.102251507,0.232672848
20,77,211318720,67,0.427656234,0.142569608,0.102251507,0.234214904
12,77,211318720,67,0.519072144,0.142569608,0.102251507,0.440863019
5,77,211318720,67,0.566781554,0.142569608,0.102251507,0.553550128
7,77,211318720,67,0.575121762,0.142569608,0.102251507,0.568021407
15,77,211318720,67,0.580347815,0.142569608,0.102251507,0.573204090
14,77,211318720,67,0.658485284,0.142569608,0.102251507,0.646808725
17,77,211318720,67,0.731102801,0.142569608,0.102251507,0.670707410
8,77,211318720,67,1.084822324,0.142569608,0.102251507,0.649678097
11,77,211318720,67,1.334524214,0.142569608,0.102251507,0.682026943
6,77,211318720,67,1.446162012,0.142569608,0.102251507,0.738689697
3,77,211318720,67,1.563714988,0.142569608,0.102251507,0.854680823
16,77,211318720,67,1.590198497,0.142569608,0.102251507,0.864183478
10,77,211318720,67,2.098750878,0.142569608,0.102251507,0.858321281
18,77,211318720,67,2.140959545,0.142569608,0.102251507,0.871763435
2,77,211318720,67,2.958686961,0.142569608,0.102251507,0.697221182
1,77,211318720,67,3.104121591,0.142569608,0.102251507,0.742897060
13,77,211318720,67,3.747645881,0.142569608,0.102251507,0.626915836
4,77,211318720,67,3.763512699,0.142569608,0.102251507,0.621627159
8,78,211318720,67,0.387436544,0.142569608,0.158591941,0.076918231
11,78,211318720,67,0.506198840,0.142569608,0.158591941,0.282095134
9,78,211318720,67,0.512144213,0.142569608,0.158591941,0.296043659
12,78,211318720,67,0.566260521,0.142569608,0.158591941,0.386172103
5,78,211318720,67,0.623459709,0.142569608,0.158591941,0.444571858
15,78,211318720,67,0.628710132,0.142569608,0.158591941,0.445794828
20,78,211318720,67,0.794218721,0.142569608,0.158591941,0.485908584
7,78,211318720,67,1.102316711,0.142569608,0.158591941,0.497134090
19,78,211318720,67,1.221391550,0.142569608,0.158591941,0.605286197
14,78,211318720,67,1.262096794,0.142569608,0.158591941,0.618858614
17,78,211318720,67,1.518444278,0.142569608,0.158591941,0.694235561
3,78,211318720,67,1.563714988,0.142569608,0.158591941,0.709740297
16,78,211318720,67,1.722715038,0.142569608,0.158591941,0.814869984
1,78,211318720,67,1.773783767,0.142569608,0.158591941,0.831909884
4,78,211318720,67,1.963571843,0.142569608,0.158591941,0.864247415
13,78,211318720,67,2.865846850,0.142569608,0.158591941,0.663355153
2,78,211318720,67,3.205244208,0.142569608,0.158591941,0.646764360
18,78,211318720,67,3.389852612,0.142569608,0.158591941,0.682811253
6,78,211318720,67,3.904637431,0.142569608,0.158591941,0.609552011
10,78,211318720,67,4.372397663,0.142569608,0.158591941,0.453680974
8,79,211318720,67,0.348692890,0.142569608,0.032911364,0.086509793
5,79,211318720,67,0.453425243,0.142569608,0.032911364,0.328634793
12,79,211318720,67,0.471883767,0.142569608,0.032911364,0.383789427
9,79,211318720,67,0.512144213,0.142569608,0.032911364,0.477617714
19,79,211318720,67,0.542840689,0.142569608,0.032911364,0.528785583
14,79,211318720,67,0.548737736,0.142569608,0.032911364,0.534808500
7,79,211318720,67,0.575121762,0.142569608,0.032911364,0.543341967
20,79,211318720,67,0.733124973,0.142569608,0.032911364,0.587589799
15,79,211318720,67,1.015608676,0.142569608,0.032911364,0.594575289
11,79,211318720,67,1.150451908,0.142569608,0.032911364,0.639046381
6,79,211318720,67,1.446162012,0.142569608,0.032911364,0.725703249
16,79,211318720,67,1.457681955,0.142569608,0.032911364,0.729158845
17,79,211318720,67,1.630921632,0.142569608,0.032911364,0.769135328
18,79,211318720,67,1.784132954,0.142569608,0.032911364,0.813398411
4,79,211318720,67,1.963571843,0.142569608,0.032911364,0.848253999
10,79,211318720,67,2.273646785,0.142569608,0.032911364,0.840031405
1,79,211318720,67,3.399752219,0.142569608,0.032911364,0.564573798
3,79,211318720,67,3.596544472,0.142569608,0.032911364,0.594943319
13,79,211318720,67,5.952143458,0.142569608,0.032911364,0.048546224
2,79,211318720,67,7.396717403,0.142569608,0.032911364,0.000004764
9,80,211318720,67,0.298750791,0.142569608,0.111388557,0.048637999
8,80,211318720,67,0.464923853,0.142569608,0.111388557,0.376381231
15,80,211318720,67,0.483623179,0.142569608,0.111388557,0.457410446
14,80,211318720,67,0.493863963,0.142569608,0.111388557,0.494662202
11,80,211318720,67,0.552216916,0.142569608,0.111388557,0.670812137
17,80,211318720,67,0.562386770,0.142569608,0.111388557,0.694503896
5,80,211318720,67,0.566781554,0.142569608,0.111388557,0.701665261
7,80,211318720,67,0.575121762,0.142569608,0.111388557,0.710625884
19,80,211318720,67,0.588077413,0.142569608,0.111388557,0.714987678
20,80,211318720,67,0.733124973,0.142569608,0.111388557,0.762470125
12,80,211318720,67,0.896579158,0.142569608,0.111388557,0.804856341
16,80,211318720,67,1.325165414,0.142569608,0.111388557,0.771466155
6,80,211318720,67,1.446162012,0.142569608,0.111388557,0.813216603
1,80,211318720,67,1.773783767,0.142569608,0.111388557,0.825915258
3,80,211318720,67,1.876457985,0.142569608,0.111388557,0.862439715
10,80,211318720,67,2.098750878,0.142569608,0.111388557,0.949911196
18,80,211318720,67,2.140959545,0.142569608,0.111388557,0.963947330
13,80,211318720,67,2.424947335,0.142569608,0.111388557,0.964705326
2,80,211318720,67,2.712129714,0.142569608,0.111388557,0.966762623
4,80,211318720,67,4.581667633,0.142569608,0.111388557,0.348388512
15,81,211318720,67,0.483623179,0.142569608,0.081147358,0.105080878
19,81,211318720,67,0.542840689,0.142569608,0.081147358,0.164846994
5,81,211318720,67,0.623459709,0.142569608,0.081147358,0.193727729
8,81,211318720,67,0.813616743,0.142569608,0.081147358,0.226935265
9,81,211318720,67,1.066967111,0.142569608,0.081147358,0.319717380
12,81,211318720,67,1.085332665,0.142569608,0.081147358,0.325842017
11,81,211318720,67,1.242488061,0.142569608,0.081147358,0.513985471
7,81,211318720,67,1.294023965,0.142569608,0.081147358,0.600557398
14,81,211318720,67,1.316970567,0.142569608,0.081147358,0.623907262
16,81,211318720,67,1.325165414,0.142569608,0.081147358,0.626359995
17,81,211318720,67,1.518444278,0.142569608,0.081147358,0.747632643
20,81,211318720,67,1.527343694,0.142569608,0.081147358,0.750514904
6,81,211318720,67,1.735394414,0.142569608,0.081147358,0.866757906
10,81,211318720,67,1.748959065,0.142569608,0.081147358,0.871304503
4,81,211318720,67,1.963571843,0.142569608,0.081147358,0.896814395
2,81,211318720,67,2.712129714,0.142569608,0.081147358,0.742154344
13,81,211318720,67,2.865846850,0.142569608,0.081147358,0.786113688
3,81,211318720,67,3.127429975,0.142569608,0.081147358,0.797292175
1,81,211318720,67,3.695382847,0.142569608,0.081147358,0.704258032
18,81,211318720,67,5.173985566,0.142569608,0.081147358,0.212040247
12,82,211318720,67,0.377507014,0.142569608,0.009705322,0.217943877
8,82,211318720,67,0.426180199,0.142569608,0.009705322,0.342965661
15,82,211318720,67,0.435260861,0.142569608,0.009705322,0.363824063
19,82,211318720,67,0.452367241,0.142569608,0.009705322,0.392017049
9,82,211318720,67,0.512144213,0.142569608,0.009705322,0.501701471
11,82,211318720,67,0.552216916,0.142569608,0.009705322,0.593137825
20,82,211318720,67,0.610937478,0.142569608,0.009705322,0.691259557
5,82,211318720,67,0.623459709,0.142569608,0.009705322,0.704590441
14,82,211318720,67,0.658485284,0.142569608,0.009705322,0.716196494
17,82,211318720,67,1.181012217,0.142569608,0.009705322,0.727191588
7,82,211318720,67,1.198170338,0.142569608,0.009705322,0.732761030
4,82,211318720,67,1.472678882,0.142569608,0.009705322,0.771108191
3,82,211318720,67,1.563714988,0.142569608,0.009705322,0.802791221
6,82,211318720,67,1.735394414,0.142569608,0.009705322,0.911228346
1,82,211318720,67,1.773783767,0.142569608,0.009705322,0.924328914
10,82,211318720,67,1.923854972,0.142569608,0.009705322,0.969638279
16,82,211318720,67,2.252781204,0.142569608,0.009705322,0.955216758
2,82,211318720,67,2.465572468,0.142569608,0.009705322,0.981420022
18,82,211318720,67,3.389852612,0.142569608,0.009705322,0.766929935
13,82,211318720,67,4.188545396,0.142569608,0.009705322,0.501896649
11,83,211318720,67,0.368144611,0.142569608,0.099987671,0.161046171
12,83,211318720,67,0.424695391,0.142569608,0.099987671,0.234097436
9,83,211318720,67,0.426786845,0.142569608,0.099987671,0.236104001
19,83,211318720,67,0.542840689,0.142569608,0.099987671,0.428645498
7,83,211318720,67,0.575121762,0.142569608,0.099987671,0.503303697
15,83,211318720,67,0.580347815,0.142569608,0.099987671,0.512341576
17,83,211318720,67,0.674864124,0.142569608,0.099987671,0.662122725
5,83,211318720,67,0.680137865,0.142569608,0.099987671,0.667572578
8,83,211318720,67,0.736129434,0.142569608,0.099987671,0.686387258
3,83,211318720,67,1.094600491,0.142569608,0.099987671,0.660957347
16,83,211318720,67,1.457681955,0.142569608,0.099987671,0.716368942
14,83,211318720,67,1.481591888,0.142569608,0.099987671,0.724448058
20,83,211318720,67,1.649531190,0.142569608,0.099987671,0.806766868
10,83,211318720,67,1.748959065,0.142569608,0.099987671,0.908738919
1,83,211318720,67,1.773783767,0.142569608,0.099987671,0.917381499
4,83,211318720,67,1.963571843,0.142569608,0.099987671,1.031014081
13,83,211318720,67,1.984047819,0.142569608,0.099987671,1.037772235
6,83,211318720,67,3.760021230,0.142569608,0.099987671,0.547740635
18,83,211318720,67,4.103505794,0.142569608,0.099987671,0.529245135
2,83,211318720,67,6.410488416,0.142569608,0.099987671,0.000004764
8,84,211318720,67,0.426180199,0.142569608,0.174644217,0.242622446
9,84,211318720,67,0.426786845,0.142569608,0.174644217,0.244085528
11,84,211318720,67,0.460180763,0.142569608,0.174644217,0.318290262
15,84,211318720,67,0.531985497,0.142569608,0.174644217,0.450073682
5,84,211318720,67,0.566781554,0.142569608,0.174644217,0.530734049
7,84,211318720,67,0.575121762,0.142569608,0.174644217,0.544954192
14,84,211318720,67,0.658485284,0.142569608,0.174644217,0.675348258
20,84,211318720,67,0.672031225,0.142569608,0.174644217,0.689104600
17,84,211318720,67,0.731102801,0.142569608,0.174644217,0.718767164
19,84,211318720,67,0.859497758,0.142569608,0.174644217,0.801806947
12,84,211318720,67,0.943767534,0.142569608,0.174644217,0.831047916
1,84,211318720,67,1.478153139,0.142569608,0.174644217,0.749782327
3,84,211318720,67,1.720086486,0.142569608,0.174644217,0.805778081
4,84,211318720,67,1.799940856,0.142569608,0.174644217,0.833687439
10,84,211318720,67,2.098750878,0.142569608,0.174644217,0.830511186
18,84,211318720,67,2.319372840,0.142569608,0.174644217,0.853468078
2,84,211318720,67,2.465572468,0.142569608,0.174644217,0.962507505
16,84,211318720,67,2.517814287,0.142569608,0.174644217,0.980554090
13,84,211318720,67,3.527196123,0.142569608,0.174644217,0.737944444
6,84,211318720,67,4.338486035,0.142569608,0.174644217,0.467013200
9,85,211318720,67,0.384108160,0.142569608,0.032406896,0.113769158
8,85,211318720,67,0.426180199,0.142569608,0.032406896,0.159810219
19,85,211318720,67,0.542840689,0.142569608,0.032406896,0.360239307
14,85,211318720,67,0.548737736,0.142569608,0.032406896,0.370109249
12,85,211318720,67,0.566260521,0.142569608,0.032406896,0.388285218
17,85,211318720,67,0.674864124,0.142569608,0.032406896,0.425872886
7,85,211318720,67,1.246097151,0.142569608,0.032406896,0.552279087
15,85,211318720,67,1.257420265,0.142569608,0.032406896,0.578840097
20,85,211318720,67,1.282968703,0.142569608,0.032406896,0.621397249
5,85,211318720,67,1.303597574,0.142569608,0.032406896,0.642605630
11,85,211318720,67,1.380542290,0.142569608,0.032406896,0.763426833
6,85,211318720,67,1.446162012,0.142569608,0.032406896,0.830332031
16,85,211318720,67,1.457681955,0.142569608,0.032406896,0.834380771
3,85,211318720,67,1.876457985,0.142569608,0.032406896,0.829484989
18,85,211318720,67,1.962546249,0.142569608,0.032406896,0.863355606
10,85,211318720,67,2.098750878,0.142569608,0.032406896,0.910711432
13,85,211318720,67,2.424947335,0.142569608,0.032406896,0.899713422
2,85,211318720,67,2.958686961,0.142569608,0.032406896,0.818157931
1,85,211318720,67,3.547567533,0.142569608,0.032406896,0.718458932
4,85,211318720,67,4.090774673,0.142569608,0.032406896,0.539273458
8,86,211318720,67,0.464923853,0.142569608,0.169895098,0.175185663
19,86,211318720,67,0.542840689,0.142569608,0.169895098,0.358887004
14,86,211318720,67,0.548737736,0.142569608,0.169895098,0.372769252
12,86,211318720,67,0.566260521,0.142569608,0.169895098,0.401747224
15,86,211318720,67,0.580347815,0.142569608,0.169895098,0.415820572
5,86,211318720,67,0.680137865,0.142569608,0.169895098,0.570092999
17,86,211318720,67,0.731102801,0.142569608,0.169895098,0.621567043
20,86,211318720,67,0.733124973,0.142569608,0.169895098,0.622221041
7,86,211318720,67,1.102316711,0.142569608,0.169895098,0.776950057
11,86,211318720,67,1.104433832,0.142569608,0.169895098,0.778897497
9,86,211318720,67,1.109645796,0.142569608,0.169895098,0.780260526
4,86,211318720,67,1.799940856,0.142569608,0.169895098,0.645229794
10,86,211318720,67,2.098750878,0.142569608,0.169895098,0.643770604
13,86,211318720,67,2.645397093,0.142569608,0.169895098,0.587522444
6,86,211318720,67,2.747707822,0.142569608,0.169895098,0.620602308
1,86,211318720,67,3.695382847,0.142569608,0.169895098,0.463476831
18,86,211318720,67,3.746679203,0.142569608,0.169895098,0.511163988
16,86,211318720,67,3.842979701,0.142569608,0.169895098,0.593212075
3,86,211318720,67,3.909287469,0.142569608,0.169895098,0.616193661
2,86,211318720,67,6.903602909,0.142569608,0.169895098,0.000004764
7,87,211318720,67,0.383414508,0.142569608,0.015372047,0.239983684
9,87,211318720,67,0.384108160,0.142569608,0.015372047,0.241136652
14,87,211318720,67,0.384116416,0.142569608,0.015372047,0.241149004
12,87,211318720,67,0.519072144,0.142569608,0.015372047,0.572776399
15,87,211318720,67,0.531985497,0.142569608,0.015372047,0.611737666
19,87,211318720,67,0.542840689,0.142569608,0.015372047,0.637542244
5,87,211318720,67,0.566781554,0.142569608,0.015372047,0.677247285
17,87,211318720,67,0.618625447,0.142569608,0.015372047,0.729208935
8,87,211318720,67,0.619898471,0.142569608,0.015372047,0.729526424
16,87,211318720,67,1.060132331,0.142569608,0.015372047,0.679424929
20,87,211318720,67,1.221874955,0.142569608,0.015372047,0.741448095
11,87,211318720,67,1.334524214,0.142569608,0.015372047,0.800949345
6,87,211318720,67,1.446162012,0.142569608,0.015372047,0.839770568
4,87,211318720,67,1.636309869,0.142569608,0.015372047,0.877328704
1,87,211318720,67,1.773783767,0.142569608,0.015372047,0.923790460
3,87,211318720,67,2.032829484,0.142569608,0.015372047,0.934927281
13,87,211318720,67,2.645397093,0.142569608,0.015372047,0.828558818
10,87,211318720,67,3.672814037,0.142569608,0.015372047,0.584124903
18,87,211318720,67,4.103505794,0.142569608,0.015372047,0.537357118
2,87,211318720,67,7.396717403,0.142569608,0.015372047,0.000004764
9,88,211318720,67,0.298750791,0.142569608,0.026217096,0.129156948
19,88,211318720,67,0.316657069,0.142569608,0.026217096,0.135462481
12,88,211318720,67,0.471883767,0.142569608,0.026217096,0.342081879
11,88,211318720,67,0.506198840,0.142569608,0.026217096,0.416720140
15,88,211318720,67,0.531985497,0.142569608,0.026217096,0.460428348
17,88,211318720,67,0.562386770,0.142569608,0.026217096,0.491080640
7,88,211318720,67,0.623048576,0.142569608,0.026217096,0.530745809
8,88,211318720,67,0.736129434,0.142569608,0.026217096,0.570083999
14,88,211318720,67,1.262096794,0.142569608,0.026217096,0.492686794
16,88,211318720,67,1.457681955,0.142569608,0.026217096,0.609164567
5,88,211318720,67,1.473632041,0.142569608,0.026217096,0.614387050
20,88,211318720,67,1.649531190,0.142569608,0.026217096,0.683870035
10,88,211318720,67,1.748959065,0.142569608,0.026217096,0.792113526
18,88,211318720,67,1.784132954,0.142569608,0.026217096,0.827069893
6,88,211318720,67,1.880010615,0.142569608,0.026217096,0.859552747
4,88,211318720,67,2.127202830,0.142569608,0.026217096,0.871777071
2,88,211318720,67,2.465572468,0.142569608,0.026217096,0.856236052
3,88,211318720,67,3.752915970,0.142569608,0.026217096,0.518314293
1,88,211318720,67,4.138828789,0.142569608,0.026217096,0.489082159
13,88,211318720,67,5.511243943,0.142569608,0.026217096,0.038097947
8,89,211318720,67,0.387436544,0.142569608,0.123095632,0.118470394
9,89,211318720,67,0.426786845,0.142569608,0.123095632,0.175794577
7,89,211318720,67,0.527194949,0.142569608,0.123095632,0.387100091
19,89,211318720,67,0.542840689,0.142569608,0.123095632,0.427435042
14,89,211318720,67,0.603611510,0.142569608,0.123095632,0.568907784
12,89,211318720,67,0.613448897,0.142569608,0.123095632,0.585330076
15,89,211318720,67,0.628710132,0.142569608,0.123095632,0.601037056
5,89,211318720,67,0.680137865,0.142569608,0.123095632,0.637235999
20,89,211318720,67,0.794218721,0.142569608,0.123095632,0.675939577
17,89,211318720,67,0.956057509,0.142569608,0.123095632,0.717608477
11,89,211318720,67,1.150451908,0.142569608,0.123095632,0.747338947
3,89,211318720,67,1.407343489,0.142569608,0.123095632,0.758397913
16,89,211318720,67,1.590198497,0.142569608,0.123095632,0.886545190
6,89,211318720,67,1.590778213,0.142569608,0.123095632,0.886687401
18,89,211318720,67,2.140959545,0.142569608,0.123095632,0.802089926
2,89,211318720,67,2.465572468,0.142569608,0.123095632,0.791041457
1,89,211318720,67,2.808490964,0.142569608,0.123095632,0.772433605
10,89,211318720,67,3.672814037,0.142569608,0.123095632,0.582995750
4,89,211318720,67,4.090774673,0.142569608,0.123095632,0.542090580
13,89,211318720,67,5.952143458,0.142569608,0.123095632,0.000004764
12,90,211318720,67,0.424695391,0.142569608,0.005459814,0.200780653
9,90,211318720,67,0.426786845,0.142569608,0.005459814,0.204383299
7,90,211318720,67,0.479268135,0.142569608,0.005459814,0.285629570
5,90,211318720,67,0.566781554,0.142569608,0.005459814,0.397033451
15,90,211318720,67,0.580347815,0.142569608,0.005459814,0.410191320
17,90,211318720,67,0.674864124,0.142569608,0.005459814,0.466032060
11,90,211318720,67,0.782307298,0.142569608,0.005459814,0.501981255
8,90,211318720,67,1.007335015,0.142569608,0.005459814,0.568039743
19,90,211318720,67,1.085681378,0.142569608,0.005459814,0.599061067
20,90,211318720,67,1.221874955,0.142569608,0.005459814,0.644541042
14,90,211318720,67,1.481591888,0.142569608,0.005459814,0.688710736
16,90,211318720,67,1.590198497,0.142569608,0.005459814,0.795724782
18,90,211318720,67,1.605719658,0.142569608,0.005459814,0.801076053
1,90,211318720,67,1.773783767,0.142569608,0.005459814,0.865276382
3,90,211318720,67,1.876457985,0.142569608,0.005459814,0.900287672
4,90,211318720,67,2.127202830,0.142569608,0.005459814,0.912138594
6,90,211318720,67,3.615405029,0.142569608,0.005459814,0.516567072
10,90,211318720,67,4.372397663,0.142569608,0.005459814,0.359080486
13,90,211318720,67,5.070344427,0.142569608,0.005459814,0.223034135
2,90,211318720,67,6.657045662,0.142569608,0.005459814,0.000004764
8,91,211318720,67,0.387436544,0.142569608,0.032967173,0.131328533
15,91,211318720,67,0.483623179,0.142569608,0.032967173,0.390702693
20,91,211318720,67,0.488749982,0.142569608,0.032967173,0.406243972
14,91,211318720,67,0.493863963,0.142569608,0.032967173,0.418209082
19,91,211318720,67,0.542840689,0.142569608,0.032967173,0.507335892
7,91,211318720,67,0.575121762,0.142569608,0.032967173,0.562132163
12,91,211318720,67,0.613448897,0.142569608,0.032967173,0.600360033
17,91,211318720,67,0.674864124,0.142569608,0.032967173,0.626181045
9,91,211318720,67,0.810895005,0.142569608,0.032967173,0.673589057
11,91,211318720,67,1.334524214,0.142569608,0.032967173,0.650578591
5,91,211318720,67,1.416953885,0.142569608,0.032967173,0.734915510
16,91,211318720,67,1.457681955,0.142569608,0.032967173,0.773551487
3,91,211318720,67,1.563714988,0.142569608,0.032967173,0.810491613
4,91,211318720,67,1.799940856,0.142569608,0.032967173,0.840967227
10,91,211318720,67,1.923854972,0.142569608,0.032967173,0.882518425
13,91,211318720,67,2.645397093,0.142569608,0.032967173,0.739160130
6,91,211318720,67,3.470788828,0.142569608,0.032967173,0.565405310
1,91,211318720,67,3.991013475,0.142569608,0.032967173,0.487938432
18,91,211318720,67,4.817158975,0.142569608,0.032967173,0.308603056
2,91,211318720,67,5.917373922,0.142569608,0.032967173,0.000004764
14,92,211318720,67,0.384116416,0.142569608,0.104709521,0.243484625
8,92,211318720,67,0.387436544,0.142569608,0.104709521,0.253236028
9,92,211318720,67,0.469465529,0.142569608,0.104709521,0.516754405
7,92,211318720,67,0.479268135,0.142569608,0.104709521,0.548034263
19,92,211318720,67,0.497603965,0.142569608,0.104709521,0.602892765
11,92,211318720,67,0.506198840,0.142569608,0.104709521,0.622425452
20,92,211318720,67,0.549843730,0.142569608,0.104709521,0.694862381
12,92,211318720,67,0.566260521,0.142569608,0.104709521,0.711820994
17,92,211318720,67,0.618625447,0.142569608,0.104709521,0.728268701
15,92,211318720,67,0.918884040,0.142569608,0.104709521,0.718917614
5,92,211318720,67,1.133563108,0.142569608,0.104709521,0.742445836
6,92,211318720,67,1.590778213,0.142569608,0.104709521,0.690522279
18,92,211318720,67,1.784132954,0.142569608,0.104709521,0.839046333
4,92,211318720,67,1.799940856,0.142569608,0.104709521,0.854995687
3,92,211318720,67,1.876457985,0.142569608,0.104709521,0.882185418
10,92,211318720,67,2.098750878,0.142569608,0.104709521,0.904607533
16,92,211318720,67,2.252781204,0.142569608,0.104709521,0.949805547
1,92,211318720,67,3.104121591,0.142569608,0.104709521,0.764514433
2,92,211318720,67,5.177702182,0.142569608,0.104709521,0.170249791
13,92,211318720,67,6.613492731,0.142569608,0.104709521,0.000004764
7,93,211318720,67,0.431341322,0.142569608,0.079448111,0.130770545
9,93,211318720,67,0.512144213,0.142569608,0.079448111,0.319634903
19,93,211318720,67,0.542840689,0.142569608,0.079448111,0.405093624
11,93,211318720,67,0.552216916,0.142569608,0.079448111,0.433131212
12,93,211318720,67,0.566260521,0.142569608,0.079448111,0.466084144
14,93,211318720,67,0.658485284,0.142569608,0.079448111,0.620332474
20,93,211318720,67,0.672031225,0.142569608,0.079448111,0.634521891
17,93,211318720,67,0.674864124,0.142569608,0.079448111,0.635665017
8,93,211318720,67,1.046078670,0.142569608,0.079448111,0.693941838
15,93,211318720,67,1.112333311,0.142569608,0.079448111,0.760419497
5,93,211318720,67,1.133563108,0.142569608,0.079448111,0.767970121
6,93,211318720,67,1.301545810,0.142569608,0.079448111,0.808094166
16,93,211318720,67,1.457681955,0.142569608,0.079448111,0.853661116
1,93,211318720,67,1.773783767,0.142569608,0.079448111,0.839336497
13,93,211318720,67,2.204497577,0.142569608,0.079448111,0.793220607
3,93,211318720,67,2.971058477,0.142569608,0.079448111,0.693000627
18,93,211318720,67,3.033026022,0.142569608,0.079448111,0.714550153
10,93,211318720,67,3.672814037,0.142569608,0.079448111,0.598357161
4,93,211318720,67,3.927143686,0.142569608,0.079448111,0.607420719
2,93,211318720,67,4.684587688,0.142569608,0.079448111,0.359391033
8,94,211318720,67,0.426180199,0.142569608,0.017710282,0.081802688
15,94,211318720,67,0.531985497,0.142569608,0.017710282,0.328639849
9,94,211318720,67,0.554822898,0.142569608,0.017710282,0.382018649
12,94,211318720,67,0.566260521,0.142569608,0.017710282,0.400577679
7,94,211318720,67,0.623048576,0.142569608,0.017710282,0.457740128
5,94,211318720,67,0.623459709,0.142569608,0.017710282,0.457806246
11,94,211318720,67,0.966379603,0.142569608,0.017710282,0.481592731
14,94,211318720,67,1.042601699,0.142569608,0.017710282,0.505894568
19,94,211318720,67,1.221391550,0.142569608,0.017710282,0.634559230
20,94,211318720,67,1.221874955,0.142569608,0.017710282,0.634747761
17,94,211318720,67,1.574682955,0.142569608,0.017710282,0.697372821
16,94,211318720,67,1.590198497,0.142569608,0.017710282,0.711085648
3,94,211318720,67,1.720086486,0.142569608,0.017710282,0.892437062
6,94,211318720,67,1.735394414,0.142569608,0.017710282,0.908161986
18,94,211318720,67,1.784132954,0.142569608,0.017710282,0.925861477
4,94,211318720,67,1.963571843,0.142569608,0.017710282,1.055931121
2,94,211318720,67,1.972457974,0.142569608,0.017710282,1.064913626
10,94,211318720,67,2.098750878,0.142569608,0.017710282,1.107673769
1,94,211318720,67,2.512860336,0.142569608,0.017710282,1.062846309
13,94,211318720,67,5.511243943,0.142569608,0.017710282,0.077523790
8,95,211318720,67,0.503667508,0.142569608,0.196570486,0.360758641
11,95,211318720,67,0.506198840,0.142569608,0.196570486,0.368216505
9,95,211318720,67,0.512144213,0.142569608,0.196570486,0.382390741
7,95,211318720,67,0.527194949,0.142569608,0.196570486,0.414857399
19,95,211318720,67,0.588077413,0.142569608,0.196570486,0.593085305
15,95,211318720,67,0.628710132,0.142569608,0.196570486,0.688612415
14,95,211318720,67,0.658485284,0.142569608,0.196570486,0.738708781
20,95,211318720,67,0.672031225,0.142569608,0.196570486,0.752791663
17,95,211318720,67,0.674864124,0.142569608,0.196570486,0.753777174
12,95,211318720,67,1.085332665,0.142569608,0.196570486,0.745015379
1,95,211318720,67,1.182522511,0.142569608,0.196570486,0.776862452
5,95,211318720,67,1.530310196,0.142569608,0.196570486,0.758951384
6,95,211318720,67,1.735394414,0.142569608,0.196570486,0.838934309
4,95,211318720,67,1.799940856,0.142569608,0.196570486,0.872358060
10,95,211318720,67,1.923854972,0.142569608,0.196570486,0.937292875
3,95,211318720,67,2.032829484,0.142569608,0.196570486,0.998002163
18,95,211318720,67,2.140959545,0.142569608,0.196570486,1.033454939
13,95,211318720,67,2.645397093,0.142569608,0.196570486,0.965524354
16,95,211318720,67,3.842979701,0.142569608,0.196570486,0.666410223
2,95,211318720,67,5.917373922,0.142569608,0.196570486,0.000004764
8,96,211318720,67,0.271205581,0.142569608,0.043360628,0.096202322
9,96,211318720,67,0.341429476,0.142569608,0.043360628,0.124366333
7,96,211318720,67,0.479268135,0.142569608,0.043360628,0.286375615
11,96,211318720,67,0.506198840,0.142569608,0.043360628,0.313664918
12,96,211318720,67,0.566260521,0.142569608,0.043360628,0.356557640
17,96,211318720,67,0.674864124,0.142569608,0.043360628,0.448763212
20,96,211318720,67,0.733124973,0.142569608,0.043360628,0.469062813
15,96,211318720,67,0.918884040,0.142569608,0.043360628,0.588009214
14,96,211318720,67,0.932854152,0.142569608,0.043360628,0.593031244
19,96,211318720,67,1.085681378,0.142569608,0.043360628,0.637361200
5,96,211318720,67,1.303597574,0.142569608,0.043360628,0.753645068
4,96,211318720,67,1.309047895,0.142569608,0.043360628,0.759097668
6,96,211318720,67,1.446162012,0.142569608,0.043360628,0.804272687
16,96,211318720,67,1.722715038,0.142569608,0.043360628,0.887311335
10,96,211318720,67,1.748959065,0.142569608,0.043360628,0.896407102
3,96,211318720,67,2.032829484,0.142569608,0.043360628,0.897608558
13,96,211318720,67,2.204497577,0.142569608,0.043360628,0.935453633
1,96,211318720,67,2.956306278,0.142569608,0.043360628,0.779674996
18,96,211318720,67,4.638745680,0.142569608,0.043360628,0.318163640
2,96,211318720,67,6.163931169,0.142569608,0.043360628,0.000004764
12,97,211318720,67,0.377507014,0.142569608,0.226574957,0.195949200
8,97,211318720,67,0.387436544,0.142569608,0.226574957,0.205175691
7,97,211318720,67,0.431341322,0.142569608,0.226574957,0.241150487
19,97,211318720,67,0.542840689,0.142569608,0.226574957,0.281110381
5,97,211318720,67,0.680137865,0.142569608,0.226574957,0.387357996
20,97,211318720,67,0.733124973,0.142569608,0.226574957,0.420063330
9,97,211318720,67,0.853573689,0.142569608,0.226574957,0.487652072
17,97,211318720,67,0.956057509,0.142569608,0.226574957,0.523737640
11,97,211318720,67,1.242488061,0.142569608,0.226574957,0.531789656
14,97,211318720,67,1.371844341,0.142569608,0.226574957,0.650322750
15,97,211318720,67,1.402507219,0.142569608,0.226574957,0.661403459
1,97,211318720,67,1.625968453,0.142569608,0.226574957,0.749553807
16,97,211318720,67,1.722715038,0.142569608,0.226574957,0.911674073
6,97,211318720,67,1.735394414,0.142569608,0.226574957,0.924023745
10,97,211318720,67,1.748959065,0.142569608,0.226574957,0.928920086
4,97,211318720,67,1.963571843,0.142569608,0.226574957,1.089530016
2,97,211318720,67,1.972457974,0.142569608,0.226574957,1.098325641
3,97,211318720,67,2.032829484,0.142569608,0.226574957,1.141477835
18,97,211318720,67,2.140959545,0.142569608,0.226574957,1.176721441
13,97,211318720,67,2.645397093,0.142569608,0.226574957,1.014759611
8,98,211318720,67,0.464923853,0.142569608,0.016522840,0.372361853
12,98,211318720,67,0.471883767,0.142569608,0.016522840,0.397787939
19,98,211318720,67,0.497603965,0.142569608,0.016522840,0.475100263
17,98,211318720,67,0.506148093,0.142569608,0.016522840,0.494937954
14,98,211318720,67,0.548737736,0.142569608,0.016522840,0.573576476
9,98,211318720,67,0.554822898,0.142569608,0.016522840,0.584085129
15,98,211318720,67,0.580347815,0.142569608,0.016522840,0.609974123
5,98,211318720,67,0.680137865,0.142569608,0.016522840,0.643143288
20,98,211318720,67,1.160781208,0.142569608,0.016522840,0.653487622
7,98,211318720,67,1.198170338,0.142569608,0.016522840,0.670663896
11,98,211318720,67,1.334524214,0.142569608,0.016522840,0.768360362
10,98,211318720,67,1.399167252,0.142569608,0.016522840,0.789957100
3,98,211318720,67,1.563714988,0.142569608,0.016522840,0.908403506
6,98,211318720,67,1.590778213,0.142569608,0.016522840,0.924204426
16,98,211318720,67,1.722715038,0.142569608,0.016522840,1.028349530
1,98,211318720,67,1.773783767,0.142569608,0.016522840,1.044301189
13,98,211318720,67,2.645397093,0.142569608,0.016522840,0.906064551
2,98,211318720,67,2.712129714,0.142569608,0.016522840,0.928327587
4,98,211318720,67,3.272619738,0.142569608,0.016522840,0.834510890
18,98,211318720,67,4.460332385,0.142569608,0.016522840,0.442230952
8,99,211318720,67,0.387436544,0.142569608,0.168939352,0.060039914
9,99,211318720,67,0.512144213,0.142569608,0.168939352,0.232865546
15,99,211318720,67,0.580347815,0.142569608,0.168939352,0.421474282
14,99,211318720,67,0.603611510,0.142569608,0.168939352,0.475433621
12,99,211318720,67,0.613448897,0.142569608,0.168939352,0.491664112
7,99,211318720,67,0.623048576,0.142569608,0.168939352,0.501310155
5,99,211318720,67,0.680137865,0.142569608,0.168939352,0.547455197
11,99,211318720,67,0.782307298,0.142569608,0.168939352,0.624600049
19,99,211318720,67,0.859497758,0.142569608,0.168939352,0.651430347
17,99,211318720,67,1.068534863,0.142569608,0.168939352,0.677887723
20,99,211318720,67,1.527343694,0.142569608,0.168939352,0.697211876
16,99,211318720,67,1.590198497,0.142569608,0.168939352,0.769513252
4,99,211318720,67,1.636309869,0.142569608,0.168939352,0.845519062
3,99,211318720,67,1.720086486,0.142569608,0.168939352,0.929930969
6,99,211318720,67,1.735394414,0.142569608,0.168939352,0.935292979
10,99,211318720,67,2.098750878,0.142569608,0.168939352,0.911520450
18,99,211318720,67,2.319372840,0.142569608,0.168939352,1.023714669
1,99,211318720,67,2.365045022,0.142569608,0.168939352,1.068229133
13,99,211318720,67,2.424947335,0.142569608,0.168939352,1.088346705
2,99,211318720,67,6.410488416,0.142569608,0.168939352,0.000004764
5,100,211318720,67,0.396747088,0.142569608,0.069366470,0.244433110
12,100,211318720,67,0.424695391,0.142569608,0.069366470,0.318842199
8,100,211318720,67,0.464923853,0.142569608,0.069366470,0.412525794
7,100,211318720,67,0.479268135,0.142569608,0.069366470,0.435855472
14,100,211318720,67,0.493863963,0.142569608,0.069366470,0.450679234
11,100,211318720,67,0.552216916,0.142569608,0.069366470,0.483603102
17,100,211318720,67,0.674864124,0.142569608,0.069366470,0.524045902
19,100,211318720,67,1.040444654,0.142569608,0.069366470,0.517697140
9,100,211318720,67,1.152324480,0.142569608,0.069366470,0.578639438
15,100,211318720,67,1.257420265,0.142569608,0.069366470,0.614288724
20,100,211318720,67,1.405156199,0.142569608,0.069366470,0.705511045
1,100,211318720,67,1.478153139,0.142569608,0.069366470,0.732160919
4,100,211318720,67,1.636309869,0.142569608,0.069366470,0.822280660
6,100,211318720,67,1.735394414,0.142569608,0.069366470,0.922224144
10,100,211318720,67,1.748959065,0.142569608,0.069366470,0.927115880
13,100,211318720,67,2.204497577,0.142569608,0.069366470,0.933028477
16,100,211318720,67,2.252781204,0.142569608,0.069366470,0.949453630
3,100,211318720,67,2.814686978,0.142569608,0.069366470,0.856936778
2,100,211318720,67,2.958686961,0.142569608,0.069366470,0.902916024
18,100,211318720,67,4.817158975,0.142569608,0.069366470,0.292678463
7,101,211318720,67,0.479268135,0.142569608,0.023458986,0.241744632
8,101,211318720,67,0.503667508,0.142569608,0.023458986,0.315140957
11,101,211318720,67,0.552216916,0.142569608,0.023458986,0.427906435
12,101,211318720,67,0.566260521,0.142569608,0.023458986,0.452097178
15,101,211318720,67,0.580347815,0.142569608,0.023458986,0.472475734
17,101,211318720,67,0.618625447,0.142569608,0.023458986,0.511651745
14,101,211318720,67,0.713359057,0.142569608,0.023458986,0.542945064
9,101,211318720,67,1.109645796,0.142569608,0.023458986,0.507614300
19,101,211318720,67,1.266628274,0.142569608,0.023458986,0.549646134
5,101,211318720,67,1.473632041,0.142569608,0.023458986,0.575636067
20,101,211318720,67,1.649531190,0.142569608,0.023458986,0.689843306
16,101,211318720,67,1.722715038,0.142569608,0.023458986,0.764199307
10,101,211318720,67,1.748959065,0.142569608,0.023458986,0.772272799
18,101,211318720,67,1.962546249,0.142569608,0.023458986,0.796560482
6,101,211318720,67,2.603091621,0.142569608,0.023458986,0.681843929
2,101,211318720,67,2.958686961,0.142569608,0.023458986,0.660547191
4,101,211318720,67,3.436250725,0.142569608,0.023458986,0.629693868
13,101,211318720,67,3.527196123,0.142569608,0.023458986,0.661333551
1,101,211318720,67,3.991013475,0.142569608,0.023458986,0.599857324
3,101,211318720,67,4.222030467,0.142569608,0.023458986,0.523329317
19,102,211318720,67,0.407130517,0.142569608,0.083443537,0.047569632
11,102,211318720,67,0.552216916,0.142569608,0.083443537,0.217243185
17,102,211318720,67,0.618625447,0.142569608,0.083443537,0.345083636
7,102,211318720,67,0.623048576,0.142569608,0.083443537,0.352694279
14,102,211318720,67,0.658485284,0.142569608,0.083443537,0.405654115
20,102,211318720,67,0.733124973,0.142569608,0.083443537,0.524150994
8,102,211318720,67,0.774873089,0.142569608,0.083443537,0.566191884
9,102,211318720,67,0.810895005,0.142569608,0.083443537,0.578065951
12,102,211318720,67,1.274086172,0.142569608,0.083443537,0.523098262
15,102,211318720,67,1.402507219,0.142569608,0.083443537,0.674589874
16,102,211318720,67,1.457681955,0.142569608,0.083443537,0.767058775
5,102,211318720,67,1.473632041,0.142569608,0.083443537,0.782426391
13,102,211318720,67,1.543148304,0.142569608,0.083443537,0.803934049
3,102,211318720,67,1.876457985,0.142569608,0.083443537,0.852342746
10,102,211318720,67,1.923854972,0.142569608,0.083443537,0.867775112
2,102,211318720,67,2.958686961,0.142569608,0.083443537,0.615436831
4,102,211318720,67,3.436250725,0.142569608,0.083443537,0.553646481
1,102,211318720,67,3.991013475,0.142569608,0.083443537,0.467733365
6,102,211318720,67,4.193869834,0.142569608,0.083443537,0.493471279
18,102,211318720,67,5.352398862,0.142569608,0.083443537,0.113298256
14,103,211318720,67,0.493863963,0.142569608,0.066835590,0.455233331
8,103,211318720,67,0.503667508,0.142569608,0.066835590,0.490858366
9,103,211318720,67,0.512144213,0.142569608,0.066835590,0.516914582
12,103,211318720,67,0.519072144,0.142569608,0.066835590,0.532771096
19,103,211318720,67,0.542840689,0.142569608,0.066835590,0.581989295
11,103,211318720,67,0.552216916,0.142569608,0.066835590,0.604057852
15,103,211318720,67,0.580347815,0.142569608,0.066835590,0.650605377
17,103,211318720,67,0.674864124,0.142569608,0.066835590,0.800162862
5,103,211318720,67,0.680137865,0.142569608,0.066835590,0.805288792
20,103,211318720,67,0.733124973,0.142569608,0.066835590,0.823530593
7,103,211318720,67,1.198170338,0.142569608,0.066835590,0.765019627
18,103,211318720,67,1.605719658,0.142569608,0.066835590,0.742785771
3,103,211318720,67,1.720086486,0.142569608,0.066835590,0.780098567
4,103,211318720,67,1.963571843,0.142569608,0.066835590,0.801117125
10,103,211318720,67,2.098750878,0.142569608,0.066835590,0.871801388
13,103,211318720,67,2.204497577,0.142569608,0.066835590,0.907734199
2,103,211318720,67,2.958686961,0.142569608,0.066835590,0.760169669
16,103,211318720,67,3.180396994,0.142569608,0.066835590,0.782707487
6,103,211318720,67,3.326172627,0.142569608,0.066835590,0.830288149
1,103,211318720,67,4.286644103,0.142569608,0.066835590,0.514962917
19,104,211318720,67,0.407130517,0.142569608,0.027158679,0.097543975
8,104,211318720,67,0.503667508,0.142569608,0.027158679,0.276158837
12,104,211318720,67,0.519072144,0.142569608,0.027158679,0.302270098
14,104,211318720,67,0.548737736,0.142569608,0.027158679,0.352711322
7,104,211318720,67,0.623048576,0.142569608,0.027158679,0.476978079
20,104,211318720,67,0.672031225,0.142569608,0.027158679,0.557378223
5,104,211318720,67,0.680137865,0.142569608,0.027158679,0.565893412
9,104,211318720,67,0.768216320,0.142569608,0.027158679,0.654526449
15,104,211318720,67,0.822159404,0.142569608,0.027158679,0.672213463
17,104,211318720,67,1.012296186,0.142569608,0.027158679,0.706482774
11,104,211318720,67,1.242488061,0.142569608,0.027158679,0.724747288
18,104,211318720,67,1.427306363,0.142569608,0.027158679,0.841194853
6,104,211318720,67,1.446162012,0.142569608,0.027158679,0.847905262
16,104,211318720,67,1.590198497,0.142569608,0.027158679,0.895150032
1,104,211318720,67,1.921599080,0.142569608,0.027158679,0.900529077
3,104,211318720,67,2.032829484,0.142569608,0.027158679,0.989631579
10,104,211318720,67,2.098750878,0.142569608,0.027158679,1.012662384
13,104,211318720,67,2.645397093,0.142569608,0.027158679,0.928584080
4,104,211318720,67,4.418036646,0.142569608,0.027158679,0.431083933
2,104,211318720,67,6.657045662,0.142569608,0.027158679,0.000004764
11,105,211318720,67,0.460180763,0.142569608,0.006115313,0.094739832
14,105,211318720,67,0.548737736,0.142569608,0.006115313,0.274982432
19,105,211318720,67,0.588077413,0.142569608,0.006115313,0.341129703
7,105,211318720,67,0.623048576,0.142569608,0.006115313,0.398952353
5,105,211318720,67,0.623459709,0.142569608,0.006115313,0.399332341
17,105,211318720,67,0.731102801,0.142569608,0.006115313,0.449737500
9,105,211318720,67,0.853573689,0.142569608,0.006115313,0.492696089
8,105,211318720,67,1.084822324,0.142569608,0.006115313,0.590590284
15,105,211318720,67,1.112333311,0.142569608,0.006115313,0.617686856
12,105,211318720,67,1.226897795,0.142569608,0.006115313,0.655989638
20,105,211318720,67,1.771718685,0.142569608,0.006115313,0.595563202
3,105,211318720,67,1.876457985,0.142569608,0.006115313,0.704643235
18,105,211318720,67,1.962546249,0.142569608,0.006115313,0.791131705
4,105,211318720,67,1.963571843,0.142569608,0.006115313,0.791608009
13,105,211318720,67,2.204497577,0.142569608,0.006115313,0.807102606
2,105,211318720,67,2.465572468,0.142569608,0.006115313,0.819343875
1,105,211318720,67,3.104121591,0.142569608,0.006115313,0.701034190
16,105,211318720,67,3.312913535,0.142569608,0.006115313,0.728053122
6,105,211318720,67,3.904637431,0.142569608,0.006115313,0.626598422
10,105,211318720,67,4.022605850,0.142569608,0.006115313,0.587279302
19,106,211318720,67,0.452367241,0.142569608,0.048572440,0.279294348
7,106,211318720,67,0.479268135,0.142569608,0.048572440,0.376659761
8,106,211318720,67,0.503667508,0.142569608,0.048572440,0.450453892
9,106,211318720,67,0.512144213,0.142569608,0.048572440,0.470447382
12,106,211318720,67,0.566260521,0.142569608,0.048572440,0.559776040
5,106,211318720,67,0.566781554,0.142569608,0.048572440,0.560348183
11,106,211318720,67,0.598234992,0.142569608,0.048572440,0.575570693
20,106,211318720,67,0.733124973,0.142569608,0.048572440,0.689665133
15,106,211318720,67,0.773797086,0.142569608,0.048572440,0.703211903
17,106,211318720,67,1.405966925,0.142569608,0.048572440,0.630459171
14,106,211318720,67,1.481591888,0.142569608,0.048572440,0.654522983
3,106,211318720,67,1.720086486,0.142569608,0.048572440,0.908413194
16,106,211318720,67,1.722715038,0.142569608,0.048572440,0.913026806
6,106,211318720,67,1.735394414,0.142569608,0.048572440,0.925276798
1,106,211318720,67,1.773783767,0.142569608,0.048572440,0.937340399
4,106,211318720,67,1.963571843,0.142569608,0.048572440,0.971551877
18,106,211318720,67,2.140959545,0.142569608,0.048572440,1.009810889
13,106,211318720,67,2.424947335,0.142569608,0.048572440,1.011366607
10,106,211318720,67,3.497918130,0.142569608,0.048572440,0.750800536
2,106,211318720,67,6.657045662,0.142569608,0.048572440,0.000004764
14,107,211318720,67,0.384116416,0.142569608,0.044755157,0.108367596
8,107,211318720,67,0.464923853,0.142569608,0.044755157,0.248039564
19,107,211318720,67,0.497603965,0.142569608,0.044755157,0.324069966
17,107,211318720,67,0.562386770,0.142569608,0.044755157,0.430015819
7,107,211318720,67,0.575121762,0.142569608,0.044755157,0.442708303
11,107,211318720,67,0.598234992,0.142569608,0.044755157,0.461192317
9,107,211318720,67,0.725537636,0.142569608,0.044755157,0.547841715
12,107,211318720,67,0.802202404,0.142569608,0.044755157,0.574705776
15,107,211318720,67,1.209057947,0.142569608,0.044755157,0.538553783
20,107,211318720,67,1.527343694,0.142569608,0.044755157,0.585032014
5,107,211318720,67,1.586988351,0.142569608,0.044755157,0.609028471
16,107,211318720,67,1.722715038,0.142569608,0.044755157,0.698354968
4,107,211318720,67,1.799940856,0.142569608,0.044755157,0.768161295
3,107,211318720,67,1.876457985,0.142569608,0.044755157,0.825496130
2,107,211318720,67,1.972457974,0.142569608,0.044755157,0.857166594
13,107,211318720,67,2.645397093,0.142569608,0.044755157,0.730796412
1,107,211318720,67,3.843198161,0.142569608,0.044755157,0.479745450
6,107,211318720,67,3.904637431,0.142569608,0.044755157,0.500153939
10,107,211318720,67,4.372397663,0.142569608,0.044755157,0.439118398
18,107,211318720,67,4.638745680,0.142569608,0.044755157,0.352258239
8,108,211318720,67,0.464923853,0.142569608,0.023076762,0.474575635
9,108,211318720,67,0.469465529,0.142569608,0.023076762,0.494233579
12,108,211318720,67,0.471883767,0.142569608,0.023076762,0.502955297
7,108,211318720,67,0.479268135,0.142569608,0.023076762,0.525242330
19,108,211318720,67,0.497603965,0.142569608,0.023076762,0.568099138
14,108,211318720,67,0.548737736,0.142569608,0.023076762,0.660765819
17,108,211318720,67,0.562386770,0.142569608,0.023076762,0.683448616
15,108,211318720,67,0.580347815,0.142569608,0.023076762,0.701760063
5,108,211318720,67,0.680137865,0.142569608,0.023076762,0.795836812
20,108,211318720,67,0.733124973,0.142569608,0.023076762,0.813793938
11,108,211318720,67,1.380542290,0.142569608,0.023076762,0.737529820
16,108,211318720,67,1.457681955,0.142569608,0.023076762,0.763044434
4,108,211318720,67,1.799940856,0.142569608,0.023076762,0.744154372
13,108,211318720,67,2.424947335,0.142569608,0.023076762,0.629011570
6,108,211318720,67,2.747707822,0.142569608,0.023076762,0.617052216
2,108,211318720,67,3.205244208,0.142569608,0.023076762,0.558861799
10,108,211318720,67,3.497918130,0.142569608,0.023076762,0.557779799
3,108,211318720,67,3.909287469,0.142569608,0.023076762,0.556915035
1,108,211318720,67,3.991013475,0.142569608,0.023076762,0.584405868
18,108,211318720,67,4.460332385,0.142569608,0.023076762,0.430649093
19,109,211318720,67,0.452367241,0.142569608,0.026630210,0.223176548
15,109,211318720,67,0.483623179,0.142569608,0.026630210,0.275023053
9,109,211318720,67,0.512144213,0.142569608,0.026630210,0.304106218
7,109,211318720,67,0.527194949,0.142569608,0.026630210,0.309543611
17,109,211318720,67,0.674864124,0.142569608,0.026630210,0.447663721
5,109,211318720,67,0.680137865,0.142569608,0.026630210,0.449116020
11,109,211318720,67,0.874343450,0.142569608,0.026630210,0.563105660
8,109,211318720,67,0.891104052,0.142569608,0.026630210,0.568536532
12,109,211318720,67,1.321274548,0.142569608,0.026630210,0.544916575
14,109,211318720,67,1.426718115,0.142569608,0.026630210,0.579918605
20,109,211318720,67,1.649531190,0.142569608,0.026630210,0.602086432
3,109,211318720,67,1.876457985,0.142569608,0.026630210,0.658756247
18,109,211318720,67,1.962546249,0.142569608,0.026630210,0.688708926
4,109,211318720,67,2.127202830,0.142569608,0.026630210,0.728733423
13,109,211318720,67,2.645397093,0.142569608,0.026630210,0.652805139
10,109,211318720,67,2.798334504,0.142569608,0.026630210,0.696816580
2,109,211318720,67,3.205244208,0.142569608,0.026630210,0.681567980
16,109,211318720,67,3.312913535,0.142569608,0.026630210,0.717436515
1,109,211318720,67,3.695382847,0.142569608,0.026630210,0.685529712
6,109,211318720,67,3.904637431,0.142569608,0.026630210,0.616768511
14,110,211318720,67,0.384116416,0.142569608,0.027093560,0.058774894
9,110,211318720,67,0.512144213,0.142569608,0.027093560,0.178546131
19,110,211318720,67,0.542840689,0.142569608,0.027093560,0.188661821
11,110,211318720,67,0.828325374,0.142569608,0.027093560,0.198000309
17,110,211318720,67,0.956057509,0.142569608,0.027093560,0.328147229
12,110,211318720,67,0.990955911,0.142569608,0.027093560,0.369930477
5,110,211318720,67,1.076884953,0.142569608,0.027093560,0.456200239
8,110,211318720,67,1.123565979,0.142569608,0.027093560,0.471554141
20,110,211318720,67,1.282968703,0.142569608,0.027093560,0.649704581
7,110,211318720,67,1.294023965,0.142569608,0.027093560,0.661123850
15,110,211318720,67,1.354144901,0.142569608,0.027093560,0.681291748
16,110,211318720,67,1.722715038,0.142569608,0.027093560,0.801777579
6,110,211318720,67,1.735394414,0.142569608,0.027093560,0.815231987
1,110,211318720,67,1.773783767,0.142569608,0.027093560,0.854630254
3,110,211318720,67,1.876457985,0.142569608,0.027093560,0.925848106
4,110,211318720,67,1.963571843,0.142569608,0.027093560,0.955921507
2,110,211318720,67,2.958686961,0.142569608,0.027093560,0.721384439
10,110,211318720,67,3.497918130,0.142569608,0.027093560,0.638301606
13,110,211318720,67,4.188545396,0.142569608,0.027093560,0.502860091
18,110,211318720,67,4.460332385,0.142569608,0.027093560,0.411934262
12,111,211318720,67,0.377507014,0.142569608,0.056056518,0.126240505
9,111,211318720,67,0.426786845,0.142569608,0.056056518,0.191453298
19,111,211318720,67,0.497603965,0.142569608,0.056056518,0.364122781
11,111,211318720,67,0.552216916,0.142569608,0.056056518,0.490225720
17,111,211318720,67,0.562386770,0.142569608,0.056056518,0.506879662
7,111,211318720,67,0.575121762,0.142569608,0.056056518,0.520057050
5,111,211318720,67,0.623459709,0.142569608,0.056056518,0.536192767
8,111,211318720,67,0.891104052,0.142569608,0.056056518,0.545321277
16,111,211318720,67,1.060132331,0.142569608,0.056056518,0.653459004
20,111,211318720,67,1.099687460,0.142569608,0.056056518,0.666307125
15,111,211318720,67,1.305782583,0.142569608,0.056056518,0.782150490
14,111,211318720,67,1.316970567,0.142569608,0.056056518,0.786066090
3,111,211318720,67,1.720086486,0.142569608,0.056056518,0.806954389
1,111,211318720,67,1.773783767,0.142569608,0.056056518,0.847470933
6,111,211318720,67,1.880010615,0.142569608,0.056056518,0.884135363
10,111,211318720,67,2.098750878,0.142569608,0.056056518,0.906279445
13,111,211318720,67,2.645397093,0.142569608,0.056056518,0.894298096
18,111,211318720,67,2.676199431,0.142569608,0.056056518,0.905154139
2,111,211318720,67,3.205244208,0.142569608,0.056056518,0.823325334
4,111,211318720,67,4.090774673,0.142569608,0.056056518,0.535004873
12,112,211318720,67,0.471883767,0.142569608,0.053242262,0.289230961
7,112,211318720,67,0.479268135,0.142569608,0.053242262,0.303821163
19,112,211318720,67,0.497603965,0.142569608,0.053242262,0.342134032
11,112,211318720,67,0.506198840,0.142569608,0.053242262,0.356278595
17,112,211318720,67,0.618625447,0.142569608,0.053242262,0.593429973
15,112,211318720,67,0.628710132,0.142569608,0.053242262,0.617196688
5,112,211318720,67,0.680137865,0.142569608,0.053242262,0.710121985
9,112,211318720,67,0.682858951,0.142569608,0.053242262,0.714775546
20,112,211318720,67,0.733124973,0.142569608,0.053242262,0.765822441
8,112,211318720,67,0.813616743,0.142569608,0.053242262,0.792010067
14,112,211318720,67,1.042601699,0.142569608,0.053242262,0.812139392
16,112,211318720,67,1.325165414,0.142569608,0.053242262,0.812116086
6,112,211318720,67,1.590778213,0.142569608,0.053242262,0.820078130
1,112,211318720,67,1.773783767,0.142569608,0.053242262,0.932120041
4,112,211318720,67,1.799940856,0.142569608,0.053242262,0.941104779
2,112,211318720,67,2.958686961,0.142569608,0.053242262,0.648446752
13,112,211318720,67,4.188545396,0.142569608,0.053242262,0.409765905
3,112,211318720,67,4.222030467,0.142569608,0.053242262,0.420911454
10,112,211318720,67,4.722189476,0.142569608,0.053242262,0.353295849
18,112,211318720,67,5.173985566,0.142569608,0.053242262,0.204863437
15,113,211318720,67,0.338536225,0.142569608,0.032587636,0.122053362
11,113,211318720,67,0.414162687,0.142569608,0.032587636,0.273049111
19,113,211318720,67,0.452367241,0.142569608,0.032587636,0.355454518
8,113,211318720,67,0.464923853,0.142569608,0.032587636,0.376908770
12,113,211318720,67,0.519072144,0.142569608,0.032587636,0.431378942
5,113,211318720,67,0.566781554,0.142569608,0.032587636,0.471800477
17,113,211318720,67,0.674864124,0.142569608,0.032587636,0.508310853
6,113,211318720,67,1.012313408,0.142569608,0.032587636,0.496260864
7,113,211318720,67,1.150243524,0.142569608,0.032587636,0.721823277
9,113,211318720,67,1.152324480,0.142569608,0.032587636,0.724070086
20,113,211318720,67,1.160781208,0.142569608,0.032587636,0.727161392
1,113,211318720,67,1.478153139,0.142569608,0.032587636,0.774063594
14,113,211318720,67,1.536465662,0.142569608,0.032587636,0.793545121
3,113,211318720,67,1.876457985,0.142569608,0.032587636,0.796225566
16,113,211318720,67,1.987748121,0.142569608,0.032587636,0.834752179
4,113,211318720,67,2.127202830,0.142569608,0.032587636,0.880978154
10,113,211318720,67,4.022605850,0.142569608,0.032587636,0.354076897
18,113,211318720,67,4.817158975,0.142569608,0.032587636,0.182668675
13,113,211318720,67,5.952143458,0.142569608,0.032587636,0.048293574
2,113,211318720,67,6.163931169,0.142569608,0.032587636,0.000004764
17,114,211318720,67,0.393670739,0.142569608,0.024311295,0.132083657
8,114,211318720,67,0.464923853,0.142569608,0.024311295,0.276523614
7,114,211318720,67,0.479268135,0.142569608,0.024311295,0.300775461
11,114,211318720,67,0.552216916,0.142569608,0.024311295,0.372967880
9,114,211318720,67,0.554822898,0.142569608,0.024311295,0.373859558
20,114,211318720,67,0.733124973,0.142569608,0.024311295,0.503001842
5,114,211318720,67,0.736816020,0.142569608,0.024311295,0.504508888
15,114,211318720,67,0.918884040,0.142569608,0.024311295,0.538177267
19,114,211318720,67,1.130918102,0.142569608,0.024311295,0.564158396
12,114,211318720,67,1.274086172,0.142569608,0.024311295,0.678792886
14,114,211318720,67,1.316970567,0.142569608,0.024311295,0.692922775
16,114,211318720,67,1.590198497,0.142569608,0.024311295,0.796128449
6,114,211318720,67,1.590778213,0.142569608,0.024311295,0.796265497
1,114,211318720,67,1.773783767,0.142569608,0.024311295,0.830910638
4,114,211318720,67,1.963571843,0.142569608,0.024311295,0.909718914
3,114,211318720,67,2.032829484,0.142569608,0.024311295,0.956439626
18,114,211318720,67,2.140959545,0.142569608,0.024311295,1.044580584
13,114,211318720,67,2.204497577,0.142569608,0.024311295,1.065153162
2,114,211318720,67,2.958686961,0.142569608,0.024311295,0.906602008
10,114,211318720,67,4.547293569,0.142569608,0.024311295,0.378381036
14,115,211318720,67,0.493863963,0.142569608,0.009916885,0.316824189
7,115,211318720,67,0.527194949,0.142569608,0.009916885,0.416247533
11,115,211318720,67,0.552216916,0.142569608,0.009916885,0.474759988
9,115,211318720,67,0.554822898,0.142569608,0.009916885,0.479353578
5,115,211318720,67,0.566781554,0.142569608,0.009916885,0.491126925
15,115,211318720,67,0.580347815,0.142569608,0.009916885,0.495890417
17,115,211318720,67,0.731102801,0.142569608,0.009916885,0.761867871
20,115,211318720,67,0.733124973,0.142569608,0.009916885,0.766530067
12,115,211318720,67,0.755014028,0.142569608,0.009916885,0.803300057
8,115,211318720,67,0.813616743,0.142569608,0.009916885,0.862170363
19,115,211318720,67,0.859497758,0.142569608,0.009916885,0.877070836
16,115,211318720,67,1.590198497,0.142569608,0.009916885,0.728448687
1,115,211318720,67,1.773783767,0.142569608,0.009916885,0.792181789
3,115,211318720,67,1.876457985,0.142569608,0.009916885,0.863025984
4,115,211318720,67,1.963571843,0.142569608,0.009916885,0.898291911
10,115,211318720,67,2.098750878,0.142569608,0.009916885,0.943389578
2,115,211318720,67,2.958686961,0.142569608,0.009916885,0.794398196
6,115,211318720,67,3.036940224,0.142569608,0.009916885,0.820874267
18,115,211318720,67,4.460332385,0.142569608,0.009916885,0.450911680
13,115,211318720,67,5.290794185,0.142569608,0.009916885,0.174850113
11,116,211318720,67,0.322126534,0.142569608,0.088914409,0.119163772
8,116,211318720,67,0.387436544,0.142569608,0.088914409,0.225735938
7,116,211318720,67,0.431341322,0.142569608,0.088914409,0.269653691
9,116,211318720,67,0.469465529,0.142569608,0.088914409,0.304628201
15,116,211318720,67,0.580347815,0.142569608,0.088914409,0.404352171
17,116,211318720,67,0.674864124,0.142569608,0.088914409,0.499959661
5,116,211318720,67,0.680137865,0.142569608,0.088914409,0.502000905
14,116,211318720,67,0.932854152,0.142569608,0.088914409,0.537199962
19,116,211318720,67,1.040444654,0.142569608,0.088914409,0.606030376
12,116,211318720,67,1.132521041,0.142569608,0.088914409,0.637740911
20,116,211318720,67,1.649531190,0.142569608,0.088914409,0.613859822
16,116,211318720,67,1.722715038,0.142569608,0.088914409,0.687175140
18,116,211318720,67,1.784132954,0.142569608,0.088914409,0.711261261
1,116,211318720,67,1.921599080,0.142569608,0.088914409,0.755525785
4,116,211318720,67,2.127202830,0.142569608,0.088914409,0.781127493
2,116,211318720,67,2.465572468,0.142569608,0.088914409,0.763066349
13,116,211318720,67,2.645397093,0.142569608,0.088914409,0.798841832
3,116,211318720,67,3.283801474,0.142569608,0.088914409,0.749257115
10,116,211318720,67,3.323022224,0.142569608,0.088914409,0.762330488
6,116,211318720,67,3.326172627,0.142569608,0.088914409,0.761284412
15,117,211318720,67,0.386898543,0.142569608,0.054177102,0.089151660
9,117,211318720,67,0.469465529,0.142569608,0.054177102,0.181835673
11,117,211318720,67,0.552216916,0.142569608,0.054177102,0.277144045
7,117,211318720,67,0.575121762,0.142569608,0.054177102,0.300577018
17,117,211318720,67,0.674864124,0.142569608,0.054177102,0.363595294
8,117,211318720,67,0.774873089,0.142569608,0.054177102,0.398147650
14,117,211318720,67,0.987727926,0.142569608,0.054177102,0.425676875
19,117,211318720,67,1.130918102,0.142569608,0.054177102,0.537014744
20,117,211318720,67,1.221874955,0.142569608,0.054177102,0.627935192
12,117,211318720,67,1.226897795,0.142569608,0.054177102,0.629562015
5,117,211318720,67,1.530310196,0.142569608,0.054177102,0.699302738
3,117,211318720,67,1.563714988,0.142569608,0.054177102,0.711187704
6,117,211318720,67,1.735394414,0.142569608,0.054177102,0.748340067
1,117,211318720,67,2.808490964,0.142569608,0.054177102,0.493054204
2,117,211318720,67,2.958686961,0.142569608,0.054177102,0.537266191
16,117,211318720,67,3.842979701,0.142569608,0.054177102,0.337078908
4,117,211318720,67,4.090774673,0.142569608,0.054177102,0.350497379
18,117,211318720,67,4.281919089,0.142569608,0.054177102,0.382812644
10,117,211318720,67,4.722189476,0.142569608,0.054177102,0.332760041
13,117,211318720,67,5.952143458,0.142569608,0.054177102,0.000004764
9,118,211318720,67,0.341429476,0.142569608,0.029935416,0.138923921
12,118,211318720,67,0.377507014,0.142569608,0.029935416,0.212908382
11,118,211318720,67,0.460180763,0.142569608,0.029935416,0.372590457
7,118,211318720,67,0.479268135,0.142569608,0.029935416,0.403037648
19,118,211318720,67,0.497603965,0.142569608,0.029935416,0.420901324
5,118,211318720,67,0.566781554,0.142569608,0.029935416,0.443729096
20,118,211318720,67,0.733124973,0.142569608,0.029935416,0.485452212
16,118,211318720,67,0.927615790,0.142569608,0.029935416,0.535479699
8,118,211318720,67,1.046078670,0.142569608,0.029935416,0.574991411
15,118,211318720,67,1.209057947,0.142569608,0.029935416,0.618168361
17,118,211318720,67,1.349728248,0.142569608,0.029935416,0.666478819
14,118,211318720,67,1.536465662,0.142569608,0.029935416,0.819027803
13,118,211318720,67,1.543148304,0.142569608,0.029935416,0.825894624
4,118,211318720,67,1.636309869,0.142569608,0.029935416,0.857121552
10,118,211318720,67,1.923854972,0.142569608,0.029935416,0.858319560
2,118,211318720,67,2.958686961,0.142569608,0.029935416,0.609772685
3,118,211318720,67,3.127429975,0.142569608,0.029935416,0.650875662
1,118,211318720,67,3.991013475,0.142569608,0.029935416,0.460332978
6,118,211318720,67,4.193869834,0.142569608,0.029935416,0.489287679
18,118,211318720,67,4.281919089,0.142569608,0.029935416,0.459939181
8,119,211318720,67,0.464923853,0.142569608,0.038073007,0.138430146
15,119,211318720,67,0.531985497,0.142569608,0.038073007,0.250989917
11,119,211318720,67,0.552216916,0.142569608,0.038073007,0.284886048
14,119,211318720,67,0.603611510,0.142569608,0.038073007,0.341470869
17,119,211318720,67,0.674864124,0.142569608,0.038073007,0.414624015
5,119,211318720,67,0.736816020,0.142569608,0.038073007,0.494432450
7,119,211318720,67,0.814755830,0.142569608,0.038073007,0.599642678
9,119,211318720,67,0.853573689,0.142569608,0.038073007,0.638135703
20,119,211318720,67,0.916406217,0.142569608,0.038073007,0.660108670
19,119,211318720,67,1.130918102,0.142569608,0.038073007,0.768912103
4,119,211318720,67,1.145416908,0.142569608,0.038073007,0.783196730
12,119,211318720,67,1.274086172,0.142569608,0.038073007,0.825932072
3,119,211318720,67,1.720086486,0.142569608,0.038073007,0.771944288
10,119,211318720,67,2.098750878,0.142569608,0.038073007,0.741300201
13,119,211318720,67,2.424947335,0.142569608,0.038073007,0.725372091
2,119,211318720,67,2.958686961,0.142569608,0.038073007,0.678060165
16,119,211318720,67,3.047880452,0.142569608,0.038073007,0.708506262
18,119,211318720,67,3.389852612,0.142569608,0.038073007,0.778178915
1,119,211318720,67,3.399752219,0.142569608,0.038073007,0.781472400
6,119,211318720,67,4.193869834,0.142569608,0.038073007,0.521402390
9,120,211318720,67,0.384108160,0.142569608,0.027717775,0.176632040
14,120,211318720,67,0.384116416,0.142569608,0.027717775,0.176646732
15,120,211318720,67,0.483623179,0.142569608,0.027717775,0.283501451
12,120,211318720,67,0.519072144,0.142569608,0.027717775,0.318610372
17,120,211318720,67,0.618625447,0.142569608,0.027717775,0.426880719
20,120,211318720,67,0.672031225,0.142569608,0.027717775,0.481058385
5,120,211318720,67,0.736816020,0.142569608,0.027717775,0.516024174
19,120,211318720,67,0.859497758,0.142569608,0.027717775,0.557501344
8,120,211318720,67,1.007335015,0.142569608,0.027717775,0.696847057
11,120,211318720,67,1.058415756,0.142569608,0.027717775,0.747028026
7,120,211318720,67,1.102316711,0.142569608,0.027717775,0.761966426
6,120,211318720,67,1.301545810,0.142569608,0.027717775,0.792477566
16,120,211318720,67,1.590198497,0.142569608,0.027717775,0.800777339
3,120,211318720,67,1.720086486,0.142569608,0.027717775,0.885754635
4,120,211318720,67,1.799940856,0.142569608,0.027717775,0.914353552
10,120,211318720,67,2.098750878,0.142569608,0.027717775,0.979426843
18,120,211318720,67,2.140959545,0.142569608,0.027717775,0.994002958
2,120,211318720,67,2.958686961,0.142569608,0.027717775,0.815709646
1,120,211318720,67,4.138828789,0.142569608,0.027717775,0.521163389
13,120,211318720,67,6.172593216,0.142569608,0.027717775,0.000004764
8,121,211318720,67,0.348692890,0.142569608,0.009103694,0.074304457
19,121,211318720,67,0.452367241,0.142569608,0.009103694,0.328534697
14,121,211318720,67,0.493863963,0.142569608,0.009103694,0.453253960
17,121,211318720,67,0.506148093,0.142569608,0.009103694,0.482029806
9,121,211318720,67,0.512144213,0.142569608,0.009103694,0.491524257
11,121,211318720,67,0.552216916,0.142569608,0.009103694,0.532255451
15,121,211318720,67,0.580347815,0.142569608,0.009103694,0.541921946
1,121,211318720,67,1.034707197,0.142569608,0.009103694,0.556421249
3,121,211318720,67,1.094600491,0.142569608,0.009103694,0.654327517
6,121,211318720,67,1.156929609,0.142569608,0.009103694,0.762114566
12,121,211318720,67,1.179709418,0.142569608,0.009103694,0.800345496
7,121,211318720,67,1.246097151,0.142569608,0.009103694,0.866460427
20,121,211318720,67,1.282968703,0.142569608,0.009103694,0.878935731
16,121,211318720,67,1.457681955,0.142569608,0.009103694,0.915641662
5,121,211318720,67,1.643666507,0.142569608,0.009103694,0.949180513
4,121,211318720,67,1.963571843,0.142569608,0.009103694,0.938725491
18,121,211318720,67,2.140959545,0.142569608,0.009103694,0.975815646
13,121,211318720,67,2.865846850,0.142569608,0.009103694,0.832324340
10,121,211318720,67,4.722189476,0.142569608,0.009103694,0.312767022
2,121,211318720,67,6.657045662,0.142569608,0.009103694,0.000004764
19,122,211318720,67,0.452367241,0.142569608,0.059193924,0.159365516
11,122,211318720,67,0.460180763,0.142569608,0.059193924,0.167118984
12,122,211318720,67,0.566260521,0.142569608,0.059193924,0.259408450
14,122,211318720,67,0.658485284,0.142569608,0.059193924,0.397435869
17,122,211318720,67,0.674864124,0.142569608,0.059193924,0.415556066
20,122,211318720,67,0.733124973,0.142569608,0.059193924,0.473661799
8,122,211318720,67,0.813616743,0.142569608,0.059193924,0.500879298
9,122,211318720,67,1.109645796,0.142569608,0.059193924,0.497142928
7,122,211318720,67,1.294023965,0.142569608,0.059193924,0.603454211
5,122,211318720,67,1.360275730,0.142569608,0.059193924,0.685932184
15,122,211318720,67,1.402507219,0.142569608,0.059193924,0.727669494
1,122,211318720,67,1.478153139,0.142569608,0.059193924,0.753922124
4,122,211318720,67,1.636309869,0.142569608,0.059193924,0.863519037
16,122,211318720,67,1.722715038,0.142569608,0.059193924,0.950846754
6,122,211318720,67,1.735394414,0.142569608,0.059193924,0.955489156
10,122,211318720,67,2.098750878,0.142569608,0.059193924,0.929663368
2,122,211318720,67,2.465572468,0.142569608,0.059193924,0.901495590
3,122,211318720,67,2.658315479,0.142569608,0.059193924,0.934301483
18,122,211318720,67,5.173985566,0.142569608,0.059193924,0.206812400
13,122,211318720,67,5.731693700,0.142569608,0.059193924,0.023740625
19,123,211318720,67,0.452367241,0.142569608,0.122562528,0.214320975
9,123,211318720,67,0.469465529,0.142569608,0.122562528,0.237718254
12,123,211318720,67,0.471883767,0.142569608,0.122562528,0.240075211
14,123,211318720,67,0.603611510,0.142569608,0.122562528,0.495173361
17,123,211318720,67,0.618625447,0.142569608,0.122562528,0.520589672
7,123,211318720,67,0.623048576,0.142569608,0.122562528,0.525008543
5,123,211318720,67,0.680137865,0.142569608,0.122562528,0.545009838
11,123,211318720,67,0.874343450,0.142569608,0.122562528,0.659681207
8,123,211318720,67,0.891104052,0.142569608,0.122562528,0.665252711
15,123,211318720,67,1.305782583,0.142569608,0.122562528,0.622197650
3,123,211318720,67,1.563714988,0.142569608,0.122562528,0.675693354
4,123,211318720,67,1.636309869,0.142569608,0.122562528,0.705167408
20,123,211318720,67,1.771718685,0.142569608,0.122562528,0.753123224
18,123,211318720,67,2.140959545,0.142569608,0.122562528,0.726716741
6,123,211318720,67,3.470788828,0.142569608,0.122562528,0.406600999
16,123,211318720,67,3.577946618,0.142569608,0.122562528,0.460326655
1,123,211318720,67,3.695382847,0.142569608,0.122562528,0.499641875
13,123,211318720,67,4.629444912,0.142569608,0.122562528,0.345472841
2,123,211318720,67,4.684587688,0.142569608,0.122562528,0.363779866
10,123,211318720,67,4.897085382,0.142569608,0.122562528,0.294300384
9,124,211318720,67,0.341429476,0.142569608,0.130552366,0.228370957
19,124,211318720,67,0.361893793,0.142569608,0.130552366,0.262368632
15,124,211318720,67,0.386898543,0.142569608,0.130552366,0.287143048
7,124,211318720,67,0.431341322,0.142569608,0.130552366,0.307661868
12,124,211318720,67,0.566260521,0.142569608,0.130552366,0.372352770
5,124,211318720,67,0.680137865,0.142569608,0.130552366,0.491923925
17,124,211318720,67,0.731102801,0.142569608,0.130552366,0.543140880
20,124,211318720,67,0.794218721,0.142569608,0.130552366,0.565623030
11,124,211318720,67,0.966379603,0.142569608,0.130552366,0.697882366
8,124,211318720,67,0.968591361,0.142569608,0.130552366,0.698642348
1,124,211318720,67,1.478153139,0.142569608,0.130552366,0.757575237
14,124,211318720,67,1.481591888,0.142569608,0.130552366,0.763141994
16,124,211318720,67,1.590198497,0.142569608,0.130552366,0.871754255
6,124,211318720,67,1.590778213,0.142569608,0.130552366,0.872020345
10,124,211318720,67,1.748959065,0.142569608,0.130552366,0.913137855
13,124,211318720,67,1.984047819,0.142569608,0.130552366,0.929308874
2,124,211318720,67,2.712129714,0.142569608,0.130552366,0.779663042
3,124,211318720,67,4.222030467,0.142569608,0.130552366,0.376078044
18,124,211318720,67,4.460332385,0.142569608,0.130552366,0.392318907
4,124,211318720,67,4.908929607,0.142569608,0.130552366,0.241323464
11,125,211318720,67,0.322126534,0.142569608,0.098640203,0.176204771
15,125,211318720,67,0.386898543,0.142569608,0.098640203,0.283885082
8,125,211318720,67,0.387436544,0.142569608,0.098640203,0.284407031
9,125,211318720,67,0.426786845,0.142569608,0.098640203,0.313090264
14,125,211318720,67,0.548737736,0.142569608,0.098640203,0.435611991
12,125,211318720,67,0.566260521,0.142569608,0.098640203,0.441853664
17,125,211318720,67,0.731102801,0.142569608,0.098640203,0.575926380
20,125,211318720,67,0.733124973,0.142569608,0.098640203,0.576762994
19,125,211318720,67,0.904734482,0.142569608,0.098640203,0.707573302
7,125,211318720,67,0.910609457,0.142569608,0.098640203,0.709219805
3,125,211318720,67,1.094600491,0.142569608,0.098640203,0.742798836
5,125,211318720,67,1.416953885,0.142569608,0.098640203,0.789467244
1,125,211318720,67,1.478153139,0.142569608,0.098640203,0.830837279
16,125,211318720,67,1.590198497,0.142569608,0.098640203,0.870435190
2,125,211318720,67,1.725900727,0.142569608,0.098640203,1.004188062
6,125,211318720,67,1.735394414,0.142569608,0.098640203,1.007629665
18,125,211318720,67,1.962546249,0.142569608,0.098640203,1.032617771
10,125,211318720,67,2.098750878,0.142569608,0.098640203,1.078455598
13,125,211318720,67,2.645397093,0.142569608,0.098640203,0.995406621
4,125,211318720,67,3.436250725,0.142569608,0.098640203,0.733866826
9,126,211318720,67,0.384108160,0.142569608,0.012250606,0.047771066
15,126,211318720,67,0.531985497,0.142569608,0.012250606,0.248799181
14,126,211318720,67,0.548737736,0.142569608,0.012250606,0.286920622
7,126,211318720,67,0.623048576,0.142569608,0.012250606,0.410555449
5,126,211318720,67,0.623459709,0.142569608,0.012250606,0.411021030
17,126,211318720,67,0.674864124,0.142569608,0.012250606,0.464407573
19,126,211318720,67,0.769024309,0.142569608,0.012250606,0.559905423
8,126,211318720,67,0.813616743,0.142569608,0.012250606,0.573560885
16,126,211318720,67,1.060132331,0.142569608,0.012250606,0.668172433
12,126,211318720,67,1.085332665,0.142569608,0.012250606,0.675527694
11,126,211318720,67,1.334524214,0.142569608,0.012250606,0.694995090
20,126,211318720,67,1.466249947,0.142569608,0.012250606,0.740592671
1,126,211318720,67,1.773783767,0.142569608,0.012250606,0.734762974
3,126,211318720,67,2.032829484,0.142569608,0.012250606,0.796622111
10,126,211318720,67,2.098750878,0.142569608,0.012250606,0.817905314
2,126,211318720,67,2.712129714,0.142569608,0.012250606,0.707791120
13,126,211318720,67,3.527196123,0.142569608,0.012250606,0.571814716
6,126,211318720,67,3.615405029,0.142569608,0.012250606,0.602746519
4,126,211318720,67,3.763512699,0.142569608,0.012250606,0.651260565
18,126,211318720,67,5.173985566,0.142569608,0.012250606,0.181350011
9,127,211318720,67,0.384108160,0.142569608,0.014051111,0.285834978
14,127,211318720,67,0.384116416,0.142569608,0.014051111,0.285855107
20,127,211318720,67,0.427656234,0.142569608,0.014051111,0.358176851
11,127,211318720,67,0.460180763,0.142569608,0.014051111,0.405846591
7,127,211318720,67,0.479268135,0.142569608,0.014051111,0.424413911
15,127,211318720,67,0.580347815,0.142569608,0.014051111,0.531172680
8,127,211318720,67,0.658642125,0.142569608,0.014051111,0.610665745
5,127,211318720,67,0.680137865,0.142569608,0.014051111,0.618231389
12,127,211318720,67,0.896579158,0.142569608,0.014051111,0.641960533
16,127,211318720,67,1.192648873,0.142569608,0.014051111,0.744840889
19,127,211318720,67,1.221391550,0.142569608,0.014051111,0.773775005
17,127,211318720,67,1.293489571,0.142569608,0.014051111,0.797144808
6,127,211318720,67,1.590778213,0.142569608,0.014051111,0.804353936
3,127,211318720,67,1.720086486,0.142569608,0.014051111,0.908038260
1,127,211318720,67,1.773783767,0.142569608,0.014051111,0.925762071
18,127,211318720,67,2.140959545,0.142569608,0.014051111,0.950181189
13,127,211318720,67,2.204497577,0.142569608,0.014051111,0.972514161
2,127,211318720,67,2.958686961,0.142569608,0.014051111,0.904110219
10,127,211318720,67,2.973230411,0.142569608,0.014051111,0.909242630
4,127,211318720,67,4.418036646,0.142569608,0.014051111,0.429312763
8,128,211318720,67,0.426180199,0.142569608,0.020738248,0.201820367
7,128,211318720,67,0.479268135,0.142569608,0.020738248,0.375686583
5,128,211318720,67,0.510103399,0.142569608,0.020738248,0.488390661
9,128,211318720,67,0.512144213,0.142569608,0.020738248,0.494669120
19,128,211318720,67,0.542840689,0.142569608,0.020738248,0.573519010
15,128,211318720,67,0.580347815,0.142569608,0.020738248,0.660975598
11,128,211318720,67,0.598234992,0.142569608,0.020738248,0.690769269
20,128,211318720,67,0.610937478,0.142569608,0.020738248,0.703673314
17,128,211318720,67,0.674864124,0.142569608,0.020738248,0.724929776
12,128,211318720,67,1.085332665,0.142569608,0.020738248,0.733223096
14,128,211318720,67,1.152349247,0.142569608,0.020738248,0.785199274
3,128,211318720,67,1.250971990,0.142569608,0.020738248,0.818108920
6,128,211318720,67,1.446162012,0.142569608,0.020738248,0.848465051
1,128,211318720,67,1.625968453,0.142569608,0.020738248,0.881660623
10,128,211318720,67,1.923854972,0.142569608,0.020738248,0.878094030
4,128,211318720,67,2.127202830,0.142569608,0.020738248,0.906953169
16,128,211318720,67,2.650330828,0.142569608,0.020738248,0.827078743
18,128,211318720,67,3.389852612,0.142569608,0.020738248,0.677376106
13,128,211318720,67,5.511243943,0.142569608,0.020738248,0.075281287
2,128,211318720,67,6.657045662,0.142569608,0.020738248,0.000004764
8,129,211318720,67,0.464923853,0.142569608,0.187039137,0.297628861
9,129,211318720,67,0.469465529,0.142569608,0.187039137,0.308376907
7,129,211318720,67,0.479268135,0.142569608,0.187039137,0.326966822
19,129,211318720,67,0.542840689,0.142569608,0.187039137,0.491956174
12,129,211318720,67,0.566260521,0.142569608,0.187039137,0.561999173
17,129,211318720,67,0.618625447,0.142569608,0.187039137,0.684290276
15,129,211318720,67,0.628710132,0.142569608,0.187039137,0.701441447
14,129,211318720,67,0.658485284,0.142569608,0.187039137,0.732117916
5,129,211318720,67,0.680137865,0.142569608,0.187039137,0.739896088
6,129,211318720,67,1.012313408,0.142569608,0.187039137,0.854938876
11,129,211318720,67,1.058415756,0.142569608,0.187039137,0.901384810
16,129,211318720,67,1.060132331,0.142569608,0.187039137,0.902043658
10,129,211318720,67,1.224271346,0.142569608,0.187039137,0.944182201
20,129,211318720,67,1.466249947,0.142569608,0.187039137,0.960959849
1,129,211318720,67,1.773783767,0.142569608,0.187039137,0.955388125
13,129,211318720,67,3.306746366,0.142569608,0.187039137,0.546847680
3,129,211318720,67,3.596544472,0.142569608,0.187039137,0.547734337
18,129,211318720,67,4.281919089,0.142569608,0.187039137,0.417891885
4,129,211318720,67,4.745298620,0.142569608,0.187039137,0.359409853
2,129,211318720,67,6.163931169,0.142569608,0.187039137,0.000004764
11,130,211318720,67,0.368144611,0.142569608,0.006399245,0.096224249
12,130,211318720,67,0.471883767,0.142569608,0.006399245,0.311231975
7,130,211318720,67,0.479268135,0.142569608,0.006399245,0.328408207
9,130,211318720,67,0.512144213,0.142569608,0.006399245,0.421870954
17,130,211318720,67,0.562386770,0.142569608,0.006399245,0.539286693
14,130,211318720,67,0.603611510,0.142569608,0.006399245,0.614564696
5,130,211318720,67,0.623459709,0.142569608,0.006399245,0.647659649
15,130,211318720,67,0.628710132,0.142569608,0.006399245,0.653123190
8,130,211318720,67,0.736129434,0.142569608,0.006399245,0.690399184
19,130,211318720,67,1.176154826,0.142569608,0.006399245,0.638050214
20,130,211318720,67,1.466249947,0.142569608,0.006399245,0.648830425
6,130,211318720,67,1.590778213,0.142569608,0.006399245,0.690791629
1,130,211318720,67,1.773783767,0.142569608,0.006399245,0.802013209
4,130,211318720,67,1.799940856,0.142569608,0.006399245,0.811030399
10,130,211318720,67,2.098750878,0.142569608,0.006399245,0.873042771
18,130,211318720,67,2.140959545,0.142569608,0.006399245,0.886848618
13,130,211318720,67,2.424947335,0.142569608,0.006399245,0.889630865
2,130,211318720,67,2.958686961,0.142569608,0.006399245,0.809090783
16,130,211318720,67,3.975496242,0.142569608,0.006399245,0.572310969
3,130,211318720,67,4.222030467,0.142569608,0.006399245,0.490082615
19,131,211318720,67,0.316657069,0.142569608,0.007430674,0.136389769
8,131,211318720,67,0.348692890,0.142569608,0.007430674,0.182928242
15,131,211318720,67,0.435260861,0.142569608,0.007430674,0.272231372
9,131,211318720,67,0.469465529,0.142569608,0.007430674,0.307169380
7,131,211318720,67,0.575121762,0.142569608,0.007430674,0.504550609
5,131,211318720,67,0.623459709,0.142569608,0.007430674,0.617174112
14,131,211318720,67,0.658485284,0.142569608,0.007430674,0.674890065
20,131,211318720,67,0.672031225,0.142569608,0.007430674,0.688347998
17,131,211318720,67,0.674864124,0.142569608,0.007430674,0.689330046
12,131,211318720,67,1.321274548,0.142569608,0.007430674,0.661166835
11,131,211318720,67,1.334524214,0.142569608,0.007430674,0.665665198
16,131,211318720,67,1.590198497,0.142569608,0.007430674,0.748208851
1,131,211318720,67,1.625968453,0.142569608,0.007430674,0.774459481
10,131,211318720,67,1.748959065,0.142569608,0.007430674,0.815624466
4,131,211318720,67,1.963571843,0.142569608,0.007430674,0.838800305
18,131,211318720,67,2.140959545,0.142569608,0.007430674,0.875906684
2,131,211318720,67,3.205244208,0.142569608,0.007430674,0.662878837
3,131,211318720,67,3.283801474,0.142569608,0.007430674,0.690714457
6,131,211318720,67,3.904637431,0.142569608,0.007430674,0.582335969
13,131,211318720,67,6.613492731,0.142569608,0.007430674,0.000004764
8,132,211318720,67,0.426180199,0.142569608,0.093074173,0.338632378
14,132,211318720,67,0.438990189,0.142569608,0.093074173,0.390016487
19,132,211318720,67,0.452367241,0.142569608,0.093074173,0.439515369
5,132,211318720,67,0.453425243,0.142569608,0.093074173,0.442670294
12,132,211318720,67,0.519072144,0.142569608,0.093074173,0.596331167
11,132,211318720,67,0.552216916,0.142569608,0.093074173,0.659863030
17,132,211318720,67,0.562386770,0.142569608,0.093074173,0.676514074
7,132,211318720,67,0.575121762,0.142569608,0.093074173,0.689219053
9,132,211318720,67,0.682858951,0.142569608,0.093074173,0.727992942
15,132,211318720,67,1.015608676,0.142569608,0.093074173,0.713726091
16,132,211318720,67,1.192648873,0.142569608,0.093074173,0.750174667
18,132,211318720,67,1.605719658,0.142569608,0.093074173,0.780480967
20,132,211318720,67,1.649531190,0.142569608,0.093074173,0.823859483
6,132,211318720,67,1.735394414,0.142569608,0.093074173,0.905240090
4,132,211318720,67,1.799940856,0.142569608,0.093074173,0.969696711
3,132,211318720,67,1.876457985,0.142569608,0.093074173,0.995562427
13,132,211318720,67,2.204497577,0.142569608,0.093074173,1.032090649
10,132,211318720,67,2.273646785,0.142569608,0.093074173,1.055677754
2,132,211318720,67,2.465572468,0.142569608,0.093074173,1.086811095
1,132,211318720,67,2.956306278,0.142569608,0.093074173,0.923014406
8,133,211318720,67,0.387436544,0.142569608,0.159605786,0.081439913
15,133,211318720,67,0.483623179,0.142569608,0.159605786,0.272606335
7,133,211318720,67,0.527194949,0.142569608,0.159605786,0.382513851
11,133,211318720,67,0.552216916,0.142569608,0.159605786,0.439825816
12,133,211318720,67,0.566260521,0.142569608,0.159605786,0.463307257
17,133,211318720,67,0.618625447,0.142569608,0.159605786,0.531283569
14,133,211318720,67,0.658485284,0.142569608,0.159605786,0.571903007
5,133,211318720,67,0.736816020,0.142569608,0.159605786,0.598467087
9,133,211318720,67,0.896252374,0.142569608,0.159605786,0.680208407
20,133,211318720,67,0.977499964,0.142569608,0.159605786,0.708171493
19,133,211318720,67,1.176154826,0.142569608,0.159605786,0.735458762
1,133,211318720,67,1.330337825,0.142569608,0.159605786,0.808943282
6,133,211318720,67,1.446162012,0.142569608,0.159605786,0.942240307
16,133,211318720,67,1.457681955,0.142569608,0.159605786,0.953510361
3,133,211318720,67,1.563714988,0.142569608,0.159605786,0.989466793
18,133,211318720,67,2.140959545,0.142569608,0.159605786,0.893264396
2,133,211318720,67,2.958686961,0.142569608,0.159605786,0.803451031
10,133,211318720,67,2.973230411,0.142569608,0.159605786,0.812885070
4,133,211318720,67,3.108988751,0.142569608,0.159605786,0.856441448
13,133,211318720,67,4.408995154,0.142569608,0.159605786,0.423975313
12,134,211318720,67,0.330318637,0.142569608,0.065333456,0.116823813
11,134,211318720,67,0.368144611,0.142569608,0.065333456,0.129263639
14,134,211318720,67,0.548737736,0.142569608,0.065333456,0.410654262
5,134,211318720,67,0.566781554,0.142569608,0.065333456,0.452922523
7,134,211318720,67,0.575121762,0.142569608,0.065333456,0.467032502
15,134,211318720,67,0.580347815,0.142569608,0.065333456,0.472134721
17,134,211318720,67,0.674864124,0.142569608,0.065333456,0.507467478
8,134,211318720,67,0.813616743,0.142569608,0.065333456,0.597951117
9,134,211318720,67,0.896252374,0.142569608,0.065333456,0.681240613
19,134,211318720,67,0.949971206,0.142569608,0.065333456,0.697795079
20,134,211318720,67,1.649531190,0.142569608,0.065333456,0.612120614
6,134,211318720,67,1.735394414,0.142569608,0.065333456,0.698512314
1,134,211318720,67,1.773783767,0.142569608,0.065333456,0.711464402
3,134,211318720,67,2.032829484,0.142569608,0.065333456,0.744107293
18,134,211318720,67,2.140959545,0.142569608,0.065333456,0.832795998
13,134,211318720,67,2.204497577,0.142569608,0.065333456,0.853659851
2,134,211318720,67,2.958686961,0.142569608,0.065333456,0.697211037
16,134,211318720,67,3.312913535,0.142569608,0.065333456,0.672814814
4,134,211318720,67,4.418036646,0.142569608,0.065333456,0.403663951
10,134,211318720,67,4.897085382,0.142569608,0.065333456,0.242310657
19,135,211318720,67,0.452367241,0.142569608,0.033786580,0.222489038
8,135,211318720,67,0.503667508,0.142569608,0.033786580,0.410065806
7,135,211318720,67,0.527194949,0.142569608,0.033786580,0.480465455
14,135,211318720,67,0.548737736,0.142569608,0.033786580,0.530482268
12,135,211318720,67,0.566260521,0.142569608,0.033786580,0.559900255
5,135,211318720,67,0.566781554,0.142569608,0.033786580,0.560444092
11,135,211318720,67,0.598234992,0.142569608,0.033786580,0.570342468
17,135,211318720,67,0.956057509,0.142569608,0.033786580,0.648543807
20,135,211318720,67,0.977499964,0.142569608,0.033786580,0.670664398
9,135,211318720,67,1.066967111,0.142569608,0.033786580,0.700593066
3,135,211318720,67,1.407343489,0.142569608,0.033786580,0.821541866
6,135,211318720,67,1.446162012,0.142569608,0.033786580,0.861547525
15,135,211318720,67,1.450869536,0.142569608,0.033786580,0.865604048
16,135,211318720,67,1.590198497,0.142569608,0.033786580,0.912669795
10,135,211318720,67,1.748959065,0.142569608,0.033786580,1.033163675
1,135,211318720,67,1.773783767,0.142569608,0.033786580,1.041989441
4,135,211318720,67,2.127202830,0.142569608,0.033786580,1.021460861
18,135,211318720,67,3.746679203,0.142569608,0.033786580,0.581004292
2,135,211318720,67,5.670816675,0.142569608,0.033786580,0.047135712
13,135,211318720,67,5.731693700,0.142569608,0.033786580,0.026845996
11,136,211318720,67,0.414162687,0.142569608,0.095714226,0.171675344
7,136,211318720,67,0.431341322,0.142569608,0.095714226,0.194518928
19,136,211318720,67,0.497603965,0.142569608,0.095714226,0.286530836
12,136,211318720,67,0.566260521,0.142569608,0.095714226,0.397545439
14,136,211318720,67,0.603611510,0.142569608,0.095714226,0.459164556
17,136,211318720,67,0.674864124,0.142569608,0.095714226,0.534741965
5,136,211318720,67,0.680137865,0.142569608,0.095714226,0.539851774
9,136,211318720,67,0.810895005,0.142569608,0.095714226,0.583413326
8,136,211318720,67,0.968591361,0.142569608,0.095714226,0.627716597
15,136,211318720,67,1.160695629,0.142569608,0.095714226,0.752339530
1,136,211318720,67,1.182522511,0.142569608,0.095714226,0.774258005
20,136,211318720,67,1.282968703,0.142569608,0.095714226,0.808552085
16,136,211318720,67,1.722715038,0.142569608,0.095714226,0.815705173
18,136,211318720,67,1.784132954,0.142569608,0.095714226,0.900136544
3,136,211318720,67,1.876457985,0.142569608,0.095714226,0.991763953
6,136,211318720,67,1.880010615,0.142569608,0.095714226,0.993083034
10,136,211318720,67,2.098750878,0.142569608,0.095714226,1.016547703
2,136,211318720,67,2.712129714,0.142569608,0.095714226,0.910416176
4,136,211318720,67,2.945357764,0.142569608,0.095714226,0.929867274
13,136,211318720,67,6.393042974,0.142569608,0.095714226,0.000004764
17,137,211318720,67,0.393670739,0.142569608,0.047777705,0.103698945
15,137,211318720,67,0.483623179,0.142569608,0.047777705,0.202425782
8,137,211318720,67,0.503667508,0.142569608,0.047777705,0.223189005
12,137,211318720,67,0.613448897,0.142569608,0.047777705,0.326522724
5,137,211318720,67,0.680137865,0.142569608,0.047777705,0.392762696
20,137,211318720,67,0.733124973,0.142569608,0.047777705,0.419124703
7,137,211318720,67,0.862682643,0.142569608,0.047777705,0.511664457
14,137,211318720,67,0.932854152,0.142569608,0.047777705,0.535574515
9,137,211318720,67,1.152324480,0.142569608,0.047777705,0.655262692
6,137,211318720,67,1.156929609,0.142569608,0.047777705,0.659936616
11,137,211318720,67,1.288506138,0.142569608,0.047777705,0.824682593
16,137,211318720,67,1.325165414,0.142569608,0.047777705,0.861197419
19,137,211318720,67,1.357101723,0.142569608,0.047777705,0.872111818
4,137,211318720,67,1.636309869,0.142569608,0.047777705,0.918230643
3,137,211318720,67,1.720086486,0.142569608,0.047777705,1.055475678
1,137,211318720,67,1.773783767,0.142569608,0.047777705,1.109860519
18,137,211318720,67,1.784132954,0.142569608,0.047777705,1.114692360
10,137,211318720,67,1.923854972,0.142569608,0.047777705,1.159801803
13,137,211318720,67,2.424947335,0.142569608,0.047777705,1.087257676
2,137,211318720,67,2.712129714,0.142569608,0.047777705,0.991356615
8,138,211318720,67,0.387436544,0.142569608,0.072954029,0.276138053
19,138,211318720,67,0.407130517,0.142569608,0.072954029,0.335559802
12,138,211318720,67,0.424695391,0.142569608,0.072954029,0.389259892
7,138,211318720,67,0.479268135,0.142569608,0.072954029,0.552394037
15,138,211318720,67,0.483623179,0.142569608,0.072954029,0.564525778
9,138,211318720,67,0.512144213,0.142569608,0.072954029,0.631284195
11,138,211318720,67,0.552216916,0.142569608,0.072954029,0.736716024
17,138,211318720,67,0.562386770,0.142569608,0.072954029,0.760444494
5,138,211318720,67,0.623459709,0.142569608,0.072954029,0.861912601
14,138,211318720,67,0.658485284,0.142569608,0.072954029,0.898392159
20,138,211318720,67,0.672031225,0.142569608,0.072954029,0.902939569
16,138,211318720,67,1.590198497,0.142569608,0.072954029,0.793498958
6,138,211318720,67,1.590778213,0.142569608,0.072954029,0.793607192
1,138,211318720,67,1.773783767,0.142569608,0.072954029,0.828013845
18,138,211318720,67,1.962546249,0.142569608,0.072954029,0.960149923
4,138,211318720,67,1.963571843,0.142569608,0.072954029,0.961231650
10,138,211318720,67,2.098750878,0.142569608,0.072954029,1.032014690
13,138,211318720,67,2.204497577,0.142569608,0.072954029,1.067483540
3,138,211318720,67,2.658315479,0.142569608,0.072954029,1.010090775
2,138,211318720,67,2.958686961,0.142569608,0.072954029,0.911348176
11,139,211318720,67,0.322126534,0.142569608,0.034119215,0.081545100
8,139,211318720,67,0.426180199,0.142569608,0.034119215,0.323981536
19,139,211318720,67,0.452367241,0.142569608,0.034119215,0.395393007
9,139,211318720,67,0.469465529,0.142569608,0.034119215,0.435538677
5,139,211318720,67,0.510103399,0.142569608,0.034119215,0.522277768
12,139,211318720,67,0.519072144,0.142569608,0.034119215,0.539227003
15,139,211318720,67,0.580347815,0.142569608,0.034119215,0.642265837
7,139,211318720,67,0.623048576,0.142569608,0.034119215,0.707814736
14,139,211318720,67,0.658485284,0.142569608,0.034119215,0.742376696
20,139,211318720,67,0.733124973,0.142569608,0.034119215,0.767485971
1,139,211318720,67,1.330337825,0.142569608,0.034119215,0.667122881
17,139,211318720,67,1.518444278,0.142569608,0.034119215,0.825585303
13,139,211318720,67,1.543148304,0.142569608,0.034119215,0.850214300
16,139,211318720,67,1.590198497,0.142569608,0.034119215,0.865453186
3,139,211318720,67,1.876457985,0.142569608,0.034119215,0.865276733
4,139,211318720,67,2.127202830,0.142569608,0.034119215,0.877646820
6,139,211318720,67,3.615405029,0.142569608,0.034119215,0.479293517
10,139,211318720,67,4.722189476,0.142569608,0.034119215,0.238033656
18,139,211318720,67,4.817158975,0.142569608,0.034119215,0.271482701
2,139,211318720,67,6.657045662,0.142569608,0.034119215,0.000004764
15,140,211318720,67,0.435260861,0.142569608,0.008102594,0.146372861
8,140,211318720,67,0.464923853,0.142569608,0.008102594,0.176724646
19,140,211318720,67,0.542840689,0.142569608,0.008102594,0.263525158
5,140,211318720,67,0.623459709,0.142569608,0.008102594,0.345005753
14,140,211318720,67,0.658485284,0.142569608,0.008102594,0.356401354
9,140,211318720,67,0.810895005,0.142569608,0.008102594,0.514052221
7,140,211318720,67,0.862682643,0.142569608,0.008102594,0.566840287
11,140,211318720,67,0.874343450,0.142569608,0.008102594,0.571006300
12,140,211318720,67,1.274086172,0.142569608,0.008102594,0.624288661
20,140,211318720,67,1.282968703,0.142569608,0.008102594,0.627237683
1,140,211318720,67,1.478153139,0.142569608,0.008102594,0.698090644
16,140,211318720,67,1.590198497,0.142569608,0.008102594,0.878761817
6,140,211318720,67,1.590778213,0.142569608,0.008102594,0.879426176
17,140,211318720,67,1.630921632,0.142569608,0.008102594,0.892510230
3,140,211318720,67,1.876457985,0.142569608,0.008102594,0.906706083
10,140,211318720,67,2.623438598,0.142569608,0.008102594,0.837689893
13,140,211318720,67,2.645397093,0.142569608,0.008102594,0.844472917
2,140,211318720,67,2.958686961,0.142569608,0.008102594,0.836333279
4,140,211318720,67,4.090774673,0.142569608,0.008102594,0.554887919
18,140,211318720,67,4.817158975,0.142569608,0.008102594,0.314551421
8,141,211318720,67,0.464923853,0.142569608,0.017187208,0.189080849
19,141,211318720,67,0.497603965,0.142569608,0.017187208,0.233638658
17,141,211318720,67,0.506148093,0.142569608,0.017187208,0.242224525
7,141,211318720,67,0.623048576,0.142569608,0.017187208,0.317124757
14,141,211318720,67,0.713359057,0.142569608,0.017187208,0.414238296
12,141,211318720,67,0.802202404,0.142569608,0.017187208,0.502122640
9,141,211318720,67,0.810895005,0.142569608,0.017187208,0.504966016
15,141,211318720,67,1.112333311,0.142569608,0.017187208,0.551619119
5,141,211318720,67,1.190241264,0.142569608,0.017187208,0.665858448
11,141,211318720,67,1.242488061,0.142569608,0.017187208,0.753796744
6,141,211318720,67,1.301545810,0.142569608,0.017187208,0.838032987
4,141,211318720,67,1.309047895,0.142569608,0.017187208,0.845800997
20,141,211318720,67,1.405156199,0.142569608,0.017187208,0.924634407
1,141,211318720,67,1.478153139,0.142569608,0.017187208,0.950224640
18,141,211318720,67,2.140959545,0.142569608,0.017187208,0.832306711
16,141,211318720,67,3.445430076,0.142569608,0.017187208,0.501429344
3,141,211318720,67,4.065658968,0.142569608,0.017187208,0.388932116
2,141,211318720,67,4.684587688,0.142569608,0.017187208,0.348107715
10,141,211318720,67,4.722189476,0.142569608,0.017187208,0.361320083
13,141,211318720,67,6.393042974,0.142569608,0.017187208,0.000004764
8,142,211318720,67,0.464923853,0.142569608,0.107009798,0.329534794
12,142,211318720,67,0.471883767,0.142569608,0.107009798,0.345995274
7,142,211318720,67,0.479268135,0.142569608,0.107009798,0.360369740
9,142,211318720,67,0.512144213,0.142569608,0.107009798,0.414522320
19,142,211318720,67,0.542840689,0.142569608,0.107009798,0.445753638
17,142,211318720,67,0.618625447,0.142569608,0.107009798,0.489013614
20,142,211318720,67,0.733124973,0.142569608,0.107009798,0.562954856
15,142,211318720,67,0.822159404,0.142569608,0.107009798,0.652497047
11,142,211318720,67,0.874343450,0.142569608,0.107009798,0.668923998
6,142,211318720,67,1.301545810,0.142569608,0.107009798,0.678086820
5,142,211318720,67,1.360275730,0.142569608,0.107009798,0.697718637
14,142,211318720,67,1.536465662,0.142569608,0.107009798,0.768970857
1,142,211318720,67,1.625968453,0.142569608,0.107009798,0.861424222
3,142,211318720,67,1.720086486,0.142569608,0.107009798,0.955968626
16,142,211318720,67,1.722715038,0.142569608,0.107009798,0.956841962
4,142,211318720,67,2.127202830,0.142569608,0.107009798,1.003257482
18,142,211318720,67,2.140959545,0.142569608,0.107009798,1.007735441
13,142,211318720,67,2.865846850,0.142569608,0.107009798,0.862912629
2,142,211318720,67,3.205244208,0.142569608,0.107009798,0.846563797
10,142,211318720,67,5.071981289,0.142569608,0.107009798,0.231093360
12,143,211318720,67,0.330318637,0.142569608,0.034096502,0.105144468
8,143,211318720,67,0.387436544,0.142569608,0.034096502,0.193707536
9,143,211318720,67,0.469465529,0.142569608,0.034096502,0.321968728
15,143,211318720,67,0.483623179,0.142569608,0.034096502,0.338209658
19,143,211318720,67,0.542840689,0.142569608,0.034096502,0.397297502
5,143,211318720,67,0.623459709,0.142569608,0.034096502,0.424550040
7,143,211318720,67,0.814755830,0.142569608,0.034096502,0.483011025
20,143,211318720,67,0.916406217,0.142569608,0.034096502,0.515667163
16,143,211318720,67,1.192648873,0.142569608,0.034096502,0.580680269
11,143,211318720,67,1.242488061,0.142569608,0.034096502,0.598322261
1,143,211318720,67,1.478153139,0.142569608,0.034096502,0.759127445
17,143,211318720,67,1.518444278,0.142569608,0.034096502,0.843243699
14,143,211318720,67,1.536465662,0.142569608,0.034096502,0.873574090
6,143,211318720,67,1.590778213,0.142569608,0.034096502,0.928201716
4,143,211318720,67,1.636309869,0.142569608,0.034096502,0.944484941
10,143,211318720,67,2.098750878,0.142569608,0.034096502,0.886232193
13,143,211318720,67,2.865846850,0.142569608,0.034096502,0.753133778
3,143,211318720,67,2.971058477,0.142569608,0.034096502,0.787334809
2,143,211318720,67,4.684587688,0.142569608,0.034096502,0.320874490
18,143,211318720,67,5.173985566,0.142569608,0.034096502,0.158995711
8,144,211318720,67,0.464923853,0.142569608,0.053954419,0.195915212
7,144,211318720,67,0.479268135,0.142569608,0.053954419,0.210333105
9,144,211318720,67,0.512144213,0.142569608,0.053954419,0.220678941
5,144,211318720,67,0.736816020,0.142569608,0.053954419,0.319797058
11,144,211318720,67,0.782307298,0.142569608,0.053954419,0.368694905
19,144,211318720,67,0.859497758,0.142569608,0.053954419,0.491196775
15,144,211318720,67,0.918884040,0.142569608,0.053954419,0.551604943
14,144,211318720,67,0.932854152,0.142569608,0.053954419,0.556393938
12,144,211318720,67,1.226897795,0.142569608,0.053954419,0.554171491
17,144,211318720,67,1.518444278,0.142569608,0.053954419,0.737072359
20,144,211318720,67,1.527343694,0.142569608,0.053954419,0.752117384
16,144,211318720,67,1.590198497,0.142569608,0.053954419,0.814116290
6,144,211318720,67,1.590778213,0.142569608,0.053954419,0.814307483
10,144,211318720,67,2.098750878,0.142569608,0.053954419,0.761465506
13,144,211318720,67,2.204497577,0.142569608,0.053954419,0.795039892
1,144,211318720,67,3.399752219,0.142569608,0.053954419,0.493924429
3,144,211318720,67,4.222030467,0.142569608,0.053954419,0.318693605
18,144,211318720,67,4.460332385,0.142569608,0.053954419,0.336709906
4,144,211318720,67,4.745298620,0.142569608,0.053954419,0.337572291
2,144,211318720,67,6.903602909,0.142569608,0.053954419,0.000004764
12,145,211318720,67,0.424695391,0.142569608,0.029741744,0.199264286
9,145,211318720,67,0.426786845,0.142569608,0.029741744,0.202563398
19,145,211318720,67,0.497603965,0.142569608,0.029741744,0.356642444
11,145,211318720,67,0.552216916,0.142569608,0.029741744,0.462627323
7,145,211318720,67,0.575121762,0.142569608,0.029741744,0.501072191
15,145,211318720,67,0.580347815,0.142569608,0.029741744,0.506210990
20,145,211318720,67,0.672031225,0.142569608,0.029741744,0.536101130
8,145,211318720,67,0.891104052,0.142569608,0.029741744,0.560657619
5,145,211318720,67,1.190241264,0.142569608,0.029741744,0.555241947
10,145,211318720,67,1.399167252,0.142569608,0.029741744,0.693190894
16,145,211318720,67,1.457681955,0.142569608,0.029741744,0.822091965
17,145,211318720,67,1.462205602,0.142569608,0.029741744,0.832361000
14,145,211318720,67,1.536465662,0.142569608,0.029741744,0.956302407
3,145,211318720,67,1.563714988,0.142569608,0.029741744,0.983563621
6,145,211318720,67,1.590778213,0.142569608,0.029741744,0.992143681
1,145,211318720,67,2.217229708,0.142569608,0.029741744,0.882122358
2,145,211318720,67,2.465572468,0.142569608,0.029741744,0.895416269
4,145,211318720,67,3.763512699,0.142569608,0.029741744,0.561185687
18,145,211318720,67,4.460332385,0.142569608,0.029741744,0.424731098
13,145,211318720,67,6.613492731,0.142569608,0.029741744,0.000004764
12,146,211318720,67,0.330318637,0.142569608,0.131466031,0.047974800
7,146,211318720,67,0.527194949,0.142569608,0.131466031,0.170480743
19,146,211318720,67,0.542840689,0.142569608,0.131466031,0.189851235
14,146,211318720,67,0.658485284,0.142569608,0.131466031,0.447098570
5,146,211318720,67,0.680137865,0.142569608,0.131466031,0.512319611
9,146,211318720,67,0.682858951,0.142569608,0.131466031,0.520589930
17,146,211318720,67,0.731102801,0.142569608,0.131466031,0.634212789
11,146,211318720,67,0.782307298,0.142569608,0.131466031,0.718698844
20,146,211318720,67,0.794218721,0.142569608,0.131466031,0.730715466
15,146,211318720,67,0.822159404,0.142569608,0.131466031,0.740515760
8,146,211318720,67,0.968591361,0.142569608,0.131466031,0.788372159
16,146,211318720,67,1.192648873,0.142569608,0.131466031,0.887083436
3,146,211318720,67,1.250971990,0.142569608,0.131466031,0.944899893
6,146,211318720,67,1.301545810,0.142569608,0.131466031,0.962036196
1,146,211318720,67,1.773783767,0.142569608,0.131466031,0.991380045
18,146,211318720,67,1.784132954,0.142569608,0.131466031,0.994847445
4,146,211318720,67,2.127202830,0.142569608,0.131466031,0.976858581
2,146,211318720,67,2.712129714,0.142569608,0.131466031,0.878708465
13,146,211318720,67,2.865846850,0.142569608,0.131466031,0.922697969
10,146,211318720,67,5.071981289,0.142569608,0.131466031,0.191614002
8,147,211318720,67,0.426180199,0.142569608,0.089202054,0.216246111
12,147,211318720,67,0.471883767,0.142569608,0.089202054,0.323986038
14,147,211318720,67,0.493863963,0.142569608,0.089202054,0.360493442
9,147,211318720,67,0.512144213,0.142569608,0.089202054,0.378410262
19,147,211318720,67,0.542840689,0.142569608,0.089202054,0.408847109
20,147,211318720,67,0.672031225,0.142569608,0.089202054,0.647390294
17,147,211318720,67,0.674864124,0.142569608,0.089202054,0.652154781
5,147,211318720,67,0.680137865,0.142569608,0.089202054,0.657350208
11,147,211318720,67,0.782307298,0.142569608,0.089202054,0.696408793
15,147,211318720,67,0.918884040,0.142569608,0.089202054,0.742459641
7,147,211318720,67,1.198170338,0.142569608,0.089202054,0.743467235
18,147,211318720,67,1.605719658,0.142569608,0.089202054,0.721172875
16,147,211318720,67,1.722715038,0.142569608,0.089202054,0.761150274
2,147,211318720,67,2.219015221,0.142569608,0.089202054,0.694082748
3,147,211318720,67,3.283801474,0.142569608,0.089202054,0.435513324
6,147,211318720,67,3.760021230,0.142569608,0.089202054,0.413222291
1,147,211318720,67,3.843198161,0.142569608,0.089202054,0.440848491
10,147,211318720,67,4.547293569,0.142569608,0.089202054,0.299939895
4,147,211318720,67,4.745298620,0.142569608,0.089202054,0.328142720
13,147,211318720,67,6.613492731,0.142569608,0.089202054,0.000004764
11,148,211318720,67,0.460180763,0.142569608,0.023272958,0.371059065
7,148,211318720,67,0.479268135,0.142569608,0.023272958,0.447212885
20,148,211318720,67,0.488749982,0.142569608,0.023272958,0.487334625
8,148,211318720,67,0.503667508,0.142569608,0.023272958,0.541776662
9,148,211318720,67,0.512144213,0.142569608,0.023272958,0.567348502
17,148,211318720,67,0.562386770,0.142569608,0.023272958,0.685057507
15,148,211318720,67,0.580347815,0.142569608,0.023272958,0.714804508
12,148,211318720,67,0.613448897,0.142569608,0.023272958,0.747474507
5,148,211318720,67,0.623459709,0.142569608,0.023272958,0.750757278
14,148,211318720,67,1.042601699,0.142569608,0.023272958,0.712272790
19,148,211318720,67,1.176154826,0.142569608,0.023272958,0.756423279
1,148,211318720,67,1.330337825,0.142569608,0.023272958,0.800728438
16,148,211318720,67,1.590198497,0.142569608,0.023272958,0.874543506
4,148,211318720,67,1.636309869,0.142569608,0.023272958,0.917306347
6,148,211318720,67,1.735394414,0.142569608,0.023272958,1.010947456
18,148,211318720,67,1.784132954,0.142569608,0.023272958,1.028359321
13,148,211318720,67,2.424947335,0.142569608,0.023272958,0.912961844
10,148,211318720,67,2.798334504,0.142569608,0.023272958,0.884341996
2,148,211318720,67,2.958686961,0.142569608,0.023272958,0.926880462
3,148,211318720,67,3.127429975,0.142569608,0.023272958,0.871418124
8,149,211318720,67,0.387436544,0.142569608,0.002314876,0.205541397
9,149,211318720,67,0.426786845,0.142569608,0.002314876,0.298111930
17,149,211318720,67,0.449909416,0.142569608,0.002314876,0.336562244
19,149,211318720,67,0.497603965,0.142569608,0.002314876,0.396164196
11,149,211318720,67,0.506198840,0.142569608,0.002314876,0.405308177
5,149,211318720,67,0.623459709,0.142569608,0.002314876,0.501024601
14,149,211318720,67,0.713359057,0.142569608,0.002314876,0.591236894
20,149,211318720,67,0.733124973,0.142569608,0.002314876,0.598124442
7,149,211318720,67,1.006463084,0.142569608,0.002314876,0.603708988
4,149,211318720,67,1.145416908,0.142569608,0.002314876,0.713630666
15,149,211318720,67,1.209057947,0.142569608,0.002314876,0.778395475
12,149,211318720,67,1.274086172,0.142569608,0.002314876,0.799904439
10,149,211318720,67,1.574063159,0.142569608,0.002314876,0.797506790
16,149,211318720,67,1.722715038,0.142569608,0.002314876,0.903948143
1,149,211318720,67,1.773783767,0.142569608,0.002314876,0.920402679
18,149,211318720,67,1.962546249,0.142569608,0.002314876,0.953363626
3,149,211318720,67,2.501943980,0.142569608,0.002314876,0.870989371
2,149,211318720,67,2.958686961,0.142569608,0.002314876,0.856474071
6,149,211318720,67,3.036940224,0.142569608,0.002314876,0.881028936
13,149,211318720,67,5.731693700,0.142569608,0.002314876,0.000004764
19,150,211318720,67,0.407130517,0.142569608,0.011706436,0.048637648
9,150,211318720,67,0.554822898,0.142569608,0.011706436,0.297001654
7,150,211318720,67,0.575121762,0.142569608,0.011706436,0.331121333
11,150,211318720,67,0.598234992,0.142569608,0.011706436,0.354939892
17,150,211318720,67,0.618625447,0.142569608,0.011706436,0.362115249
14,150,211318720,67,0.823106605,0.142569608,0.011706436,0.518207828
12,150,211318720,67,0.849390781,0.142569608,0.011706436,0.543760716
8,150,211318720,67,0.891104052,0.142569608,0.011706436,0.557758495
15,150,211318720,67,1.305782583,0.142569608,0.011706436,0.539389113
5,150,211318720,67,1.416953885,0.142569608,0.011706436,0.577595210
16,150,211318720,67,1.590198497,0.142569608,0.011706436,0.670781925
20,150,211318720,67,1.649531190,0.142569608,0.011706436,0.734140111
6,150,211318720,67,1.735394414,0.142569608,0.011706436,0.819878983
18,150,211318720,67,1.784132954,0.142569608,0.011706436,0.835668291
4,150,211318720,67,2.127202830,0.142569608,0.011706436,0.819517152
1,150,211318720,67,2.365045022,0.142569608,0.011706436,0.864542558
2,150,211318720,67,2.465572468,0.142569608,0.011706436,0.899024725
3,150,211318720,67,3.909287469,0.142569608,0.011706436,0.514773066
10,150,211318720,67,4.372397663,0.142569608,0.011706436,0.455895792
13,150,211318720,67,5.511243943,0.142569608,0.011706436,0.077212814
8,151,211318720,67,0.387436544,0.142569608,0.031201407,0.171950392
7,151,211318720,67,0.431341322,0.142569608,0.031201407,0.312809619
15,151,211318720,67,0.483623179,0.142569608,0.031201407,0.506291824
11,151,211318720,67,0.506198840,0.142569608,0.031201407,0.574222927
5,151,211318720,67,0.510103399,0.142569608,0.031201407,0.583470942
19,151,211318720,67,0.542840689,0.142569608,0.031201407,0.638189029
9,151,211318720,67,0.554822898,0.142569608,0.031201407,0.650320554
12,151,211318720,67,0.566260521,0.142569608,0.031201407,0.653811558
20,151,211318720,67,0.733124973,0.142569608,0.031201407,0.692778003
14,151,211318720,67,1.316970567,0.142569608,0.031201407,0.592325266
6,151,211318720,67,1.590778213,0.142569608,0.031201407,0.665199807
17,151,211318720,67,1.630921632,0.142569608,0.031201407,0.680039533
4,151,211318720,67,1.799940856,0.142569608,0.031201407,0.719889322
10,151,211318720,67,2.098750878,0.142569608,0.031201407,0.715239350
3,151,211318720,67,2.814686978,0.142569608,0.031201407,0.578344016
16,151,211318720,67,3.312913535,0.142569608,0.031201407,0.544469449
1,151,211318720,67,3.399752219,0.142569608,0.031201407,0.573954133
18,151,211318720,67,4.817158975,0.142569608,0.031201407,0.193512685
13,151,211318720,67,5.511243943,0.142569608,0.031201407,0.054514638
2,151,211318720,67,7.150160156,0.142569608,0.031201407,0.000004764
15,152,211318720,67,0.338536225,0.142569608,0.075671114,0.047605194
12,152,211318720,67,0.519072144,0.142569608,0.075671114,0.131000295
11,152,211318720,67,0.598234992,0.142569608,0.075671114,0.303580507
14,152,211318720,67,0.658485284,0.142569608,0.075671114,0.404472433
8,152,211318720,67,0.658642125,0.142569608,0.075671114,0.404609600
5,152,211318720,67,0.680137865,0.142569608,0.075671114,0.424575898
9,152,211318720,67,0.810895005,0.142569608,0.075671114,0.556652343
7,152,211318720,67,0.814755830,0.142569608,0.075671114,0.558039660
20,152,211318720,67,1.038593712,0.142569608,0.075671114,0.579033919
19,152,211318720,67,1.221391550,0.142569608,0.075671114,0.613186549
16,152,211318720,67,1.457681955,0.142569608,0.075671114,0.806477213
17,152,211318720,67,1.462205602,0.142569608,0.075671114,0.810934330
4,152,211318720,67,1.472678882,0.142569608,0.075671114,0.814673786
18,152,211318720,67,1.962546249,0.142569608,0.075671114,0.748464695
6,152,211318720,67,2.603091621,0.142569608,0.075671114,0.700453228
13,152,211318720,67,2.645397093,0.142569608,0.075671114,0.714046604
1,152,211318720,67,3.695382847,0.142569608,0.075671114,0.460399956
3,152,211318720,67,4.065658968,0.142569608,0.075671114,0.428332960
10,152,211318720,67,4.897085382,0.142569608,0.075671114,0.248339954
2,152,211318720,67,6.657045662,0.142569608,0.075671114,0.000004764
7,153,211318720,67,0.431341322,0.142569608,0.080925561,0.245145130
11,153,211318720,67,0.460180763,0.142569608,0.080925561,0.308551554
9,153,211318720,67,0.469465529,0.142569608,0.080925561,0.324157910
19,153,211318720,67,0.497603965,0.142569608,0.080925561,0.370690317
15,153,211318720,67,0.580347815,0.142569608,0.080925561,0.452610665
12,153,211318720,67,0.613448897,0.142569608,0.080925561,0.463467593
17,153,211318720,67,0.956057509,0.142569608,0.080925561,0.591349377
8,153,211318720,67,0.968591361,0.142569608,0.080925561,0.604242652
6,153,211318720,67,1.012313408,0.142569608,0.080925561,0.620334101
14,153,211318720,67,1.262096794,0.142569608,0.080925561,0.701490581
5,153,211318720,67,1.303597574,0.142569608,0.080925561,0.715213458
16,153,211318720,67,1.590198497,0.142569608,0.080925561,0.731180312
20,153,211318720,67,1.710624938,0.142569608,0.080925561,0.772963745
18,153,211318720,67,1.962546249,0.142569608,0.080925561,0.781983540
13,153,211318720,67,2.204497577,0.142569608,0.080925561,0.799334957
2,153,211318720,67,3.205244208,0.142569608,0.080925561,0.567167539
1,153,211318720,67,3.695382847,0.142569608,0.080925561,0.500457280
3,153,211318720,67,4.222030467,0.142569608,0.080925561,0.418834138
4,153,211318720,67,4.581667633,0.142569608,0.080925561,0.394103633
10,153,211318720,67,4.722189476,0.142569608,0.080925561,0.347268058
19,154,211318720,67,0.407130517,0.142569608,0.014648144,0.129596525
8,154,211318720,67,0.426180199,0.142569608,0.014648144,0.159557406
14,154,211318720,67,0.548737736,0.142569608,0.014648144,0.284359259
11,154,211318720,67,0.552216916,0.142569608,0.014648144,0.285479865
15,154,211318720,67,0.725434768,0.142569608,0.014648144,0.322604387
5,154,211318720,67,0.963528642,0.142569608,0.014648144,0.415282187
12,154,211318720,67,0.990955911,0.142569608,0.014648144,0.424982036
9,154,211318720,67,1.152324480,0.142569608,0.014648144,0.468549901
7,154,211318720,67,1.341950778,0.142569608,0.014648144,0.552957064
17,154,211318720,67,1.405966925,0.142569608,0.014648144,0.589126157
20,154,211318720,67,1.527343694,0.142569608,0.014648144,0.705499006
16,154,211318720,67,1.590198497,0.142569608,0.014648144,0.768227786
4,154,211318720,67,1.636309869,0.142569608,0.014648144,0.812098182
6,154,211318720,67,1.735394414,0.142569608,0.014648144,0.844729373
10,154,211318720,67,1.923854972,0.142569608,0.014648144,0.876809557
2,154,211318720,67,2.712129714,0.142569608,0.014648144,0.712401159
1,154,211318720,67,3.991013475,0.142569608,0.014648144,0.390945832
13,154,211318720,67,4.408995154,0.142569608,0.014648144,0.349318783
3,154,211318720,67,4.691144963,0.142569608,0.014648144,0.350926527
18,154,211318720,67,5.173985566,0.142569608,0.014648144,0.190216711
15,155,211318720,67,0.483623179,0.142569608,0.127561763,0.327903945
19,155,211318720,67,0.497603965,0.142569608,0.127561763,0.369842724
5,155,211318720,67,0.510103399,0.142569608,0.127561763,0.399217794
12,155,211318720,67,0.519072144,0.142569608,0.127561763,0.415982918
7,155,211318720,67,0.575121762,0.142569608,0.127561763,0.508145236
20,155,211318720,67,0.610937478,0.142569608,0.127561763,0.555674897
14,155,211318720,67,0.658485284,0.142569608,0.127561763,0.603710981
11,155,211318720,67,0.736289221,0.142569608,0.127561763,0.629309113
8,155,211318720,67,1.046078670,0.142569608,0.127561763,0.643153207
9,155,211318720,67,1.152324480,0.142569608,0.127561763,0.747308880
16,155,211318720,67,1.192648873,0.142569608,0.127561763,0.761029167
3,155,211318720,67,1.563714988,0.142569608,0.127561763,0.789886931
4,155,211318720,67,1.636309869,0.142569608,0.127561763,0.894223156
17,155,211318720,67,1.687160309,0.142569608,0.127561763,0.978903573
6,155,211318720,67,1.735394414,0.142569608,0.127561763,1.028233192
1,155,211318720,67,1.773783767,0.142569608,0.127561763,1.040619733
10,155,211318720,67,2.098750878,0.142569608,0.127561763,1.096548263
18,155,211318720,67,2.140959545,0.142569608,0.127561763,1.111344844
2,155,211318720,67,2.465572468,0.142569608,0.127561763,1.099376773
13,155,211318720,67,5.511243943,0.142569608,0.127561763,0.094919717
8,156,211318720,67,0.387436544,0.142569608,0.054941405,0.128078750
9,156,211318720,67,0.426786845,0.142569608,0.054941405,0.193742417
12,156,211318720,67,0.519072144,0.142569608,0.054941405,0.407557371
7,156,211318720,67,0.527194949,0.142569608,0.054941405,0.426674793
15,156,211318720,67,0.580347815,0.142569608,0.054941405,0.516061236
11,156,211318720,67,0.598234992,0.142569608,0.054941405,0.545844066
5,156,211318720,67,0.623459709,0.142569608,0.054941405,0.587538321
17,156,211318720,67,0.731102801,0.142569608,0.054941405,0.704631226
20,156,211318720,67,0.733124973,0.142569608,0.054941405,0.706558368
19,156,211318720,67,0.859497758,0.142569608,0.054941405,0.749058599
6,156,211318720,67,1.156929609,0.142569608,0.054941405,0.745868742
16,156,211318720,67,1.325165414,0.142569608,0.054941405,0.784891464
1,156,211318720,67,1.478153139,0.142569608,0.054941405,0.924091939
14,156,211318720,67,1.536465662,0.142569608,0.054941405,1.011154456
3,156,211318720,67,1.563714988,0.142569608,0.054941405,1.036795130
4,156,211318720,67,1.636309869,0.142569608,0.054941405,1.061400588
18,156,211318720,67,2.140959545,0.142569608,0.054941405,1.045414006
13,156,211318720,67,2.204497577,0.142569608,0.054941405,1.109385626
10,156,211318720,67,2.273646785,0.142569608,0.054941405,1.133458970
2,156,211318720,67,2.958686961,0.142569608,0.054941405,0.904855808
19,157,211318720,67,0.452367241,0.142569608,0.008280383,0.208491668
11,157,211318720,67,0.460180763,0.142569608,0.008280383,0.221314295
8,157,211318720,67,0.503667508,0.142569608,0.008280383,0.289119589
15,157,211318720,67,0.580347815,0.142569608,0.008280383,0.398025928
20,157,211318720,67,0.610937478,0.142569608,0.008280383,0.428583511
17,157,211318720,67,0.674864124,0.142569608,0.008280383,0.450280225
9,157,211318720,67,0.981609742,0.142569608,0.008280383,0.613712830
14,157,211318720,67,0.987727926,0.142569608,0.008280383,0.619748053
7,157,211318720,67,1.006463084,0.142569608,0.008280383,0.626050070
12,157,211318720,67,1.179709418,0.142569608,0.008280383,0.663181050
5,157,211318720,67,1.530310196,0.142569608,0.008280383,0.645128124
1,157,211318720,67,1.773783767,0.142569608,0.008280383,0.658756768
18,157,211318720,67,1.962546249,0.142569608,0.008280383,0.743785965
3,157,211318720,67,2.032829484,0.142569608,0.008280383,0.814556465
10,157,211318720,67,2.098750878,0.142569608,0.008280383,0.836356550
6,157,211318720,67,2.458475420,0.142569608,0.008280383,0.811598095
2,157,211318720,67,2.958686961,0.142569608,0.008280383,0.740269396
16,157,211318720,67,3.577946618,0.142569608,0.008280383,0.629171383
4,157,211318720,67,3.763512699,0.142569608,0.008280383,0.660821487
13,157,211318720,67,5.952143458,0.142569608,0.008280383,0.000004764
8,158,211318720,67,0.426180199,0.142569608,0.018307215,0.199717254
11,158,211318720,67,0.460180763,0.142569608,0.018307215,0.274370560
12,158,211318720,67,0.471883767,0.142569608,0.018307215,0.294102282
14,158,211318720,67,0.548737736,0.142569608,0.018307215,0.398025896
7,158,211318720,67,0.575121762,0.142569608,0.018307215,0.459679247
17,158,211318720,67,0.674864124,0.142569608,0.018307215,0.702464696
19,158,211318720,67,0.678550861,0.142569608,0.018307215,0.711179446
5,158,211318720,67,0.680137865,0.142569608,0.018307215,0.713863983
9,158,211318720,67,0.725537636,0.142569608,0.018307215,0.758687506
20,158,211318720,67,0.794218721,0.142569608,0.018307215,0.782285976
16,158,211318720,67,1.060132331,0.142569608,0.018307215,0.792517616
3,158,211318720,67,1.407343489,0.142569608,0.018307215,0.842479081
15,158,211318720,67,1.450869536,0.142569608,0.018307215,0.857564712
18,158,211318720,67,1.784132954,0.142569608,0.018307215,0.843546913
10,158,211318720,67,1.923854972,0.142569608,0.018307215,0.956648618
4,158,211318720,67,1.963571843,0.142569608,0.018307215,0.970305442
6,158,211318720,67,2.313859219,0.142569608,0.018307215,0.948391508
1,158,211318720,67,2.956306278,0.142569608,0.018307215,0.824539276
13,158,211318720,67,6.393042974,0.142569608,0.018307215,0.047663611
2,158,211318720,67,6.410488416,0.142569608,0.018307215,0.041848788
8,159,211318720,67,0.309949235,0.142569608,0.155878693,0.046871692
11,159,211318720,67,0.460180763,0.142569608,0.155878693,0.333916040
20,159,211318720,67,0.488749982,0.142569608,0.155878693,0.401255553
9,159,211318720,67,0.512144213,0.142569608,0.155878693,0.440848092
12,159,211318720,67,0.519072144,0.142569608,0.155878693,0.449932770
15,159,211318720,67,0.531985497,0.142569608,0.155878693,0.463204650
14,159,211318720,67,0.658485284,0.142569608,0.155878693,0.590836829
17,159,211318720,67,0.674864124,0.142569608,0.155878693,0.596404519
19,159,211318720,67,0.949971206,0.142569608,0.155878693,0.600791941
10,159,211318720,67,1.224271346,0.142569608,0.155878693,0.623351911
7,159,211318720,67,1.341950778,0.142569608,0.155878693,0.716016966
3,159,211318720,67,1.407343489,0.142569608,0.155878693,0.750699784
5,159,211318720,67,1.530310196,0.142569608,0.155878693,0.946156697
16,159,211318720,67,1.590198497,0.142569608,0.155878693,1.046302883
6,159,211318720,67,1.590778213,0.142569608,0.155878693,1.046855196
18,159,211318720,67,1.605719658,0.142569608,0.155878693,1.050849892
4,159,211318720,67,1.799940856,0.142569608,0.155878693,1.081438595
13,159,211318720,67,2.645397093,0.142569608,0.155878693,0.949215246
2,159,211318720,67,2.712129714,0.142569608,0.155878693,0.972381479
1,159,211318720,67,3.991013475,0.142569608,0.155878693,0.554966014
8,160,211318720,67,0.387436544,0.142569608,0.074463576,0.141074868
19,160,211318720,67,0.452367241,0.142569608,0.074463576,0.286258919
7,160,211318720,67,0.479268135,0.142569608,0.074463576,0.350527617
12,160,211318720,67,0.519072144,0.142569608,0.074463576,0.444316270
9,160,211318720,67,0.554822898,0.142569608,0.074463576,0.503729881
15,160,211318720,67,0.580347815,0.142569608,0.074463576,0.529001976
17,160,211318720,67,0.618625447,0.142569608,0.074463576,0.541807825
11,160,211318720,67,0.782307298,0.142569608,0.074463576,0.583052217
5,160,211318720,67,1.076884953,0.142569608,0.074463576,0.580131697
6,160,211318720,67,1.301545810,0.142569608,0.074463576,0.676095900
14,160,211318720,67,1.371844341,0.142569608,0.074463576,0.747219271
20,160,211318720,67,1.405156199,0.142569608,0.074463576,0.758923728
16,160,211318720,67,1.590198497,0.142569608,0.074463576,0.879916278
18,160,211318720,67,1.605719658,0.142569608,0.074463576,0.885246721
3,160,211318720,67,1.876457985,0.142569608,0.074463576,0.987596519
10,160,211318720,67,1.923854972,0.142569608,0.074463576,1.035653606
2,160,211318720,67,1.972457974,0.142569608,0.074463576,1.052453652
13,160,211318720,67,2.645397093,0.142569608,0.074463576,0.927648786
1,160,211318720,67,3.104121591,0.142569608,0.074463576,0.871832527
4,160,211318720,67,4.908929607,0.142569608,0.074463576,0.273054791
15,161,211318720,67,0.338536225,0.142569608,0.002344574,0.058771238
8,161,211318720,67,0.464923853,0.142569608,0.002344574,0.286597860
7,161,211318720,67,0.479268135,0.142569608,0.002344574,0.309573938
9,161,211318720,67,0.512144213,0.142569608,0.002344574,0.342248315
11,161,211318720,67,0.552216916,0.142569608,0.002344574,0.404802163
14,161,211318720,67,0.658485284,0.142569608,0.002344574,0.583260166
20,161,211318720,67,0.672031225,0.142569608,0.002344574,0.604946606
5,161,211318720,67,0.680137865,0.142569608,0.002344574,0.612435516
12,161,211318720,67,0.802202404,0.142569608,0.002344574,0.652952180
17,161,211318720,67,1.068534863,0.142569608,0.002344574,0.659294640
19,161,211318720,67,1.221391550,0.142569608,0.002344574,0.740180034
4,161,211318720,67,1.309047895,0.142569608,0.002344574,0.771114595
13,161,211318720,67,1.543148304,0.142569608,0.002344574,0.850500647
6,161,211318720,67,1.590778213,0.142569608,0.002344574,0.865670739
1,161,211318720,67,1.773783767,0.142569608,0.002344574,0.988968623
18,161,211318720,67,1.784132954,0.142569608,0.002344574,0.992364607
3,161,211318720,67,2.032829484,0.142569608,0.002344574,1.057142917
10,161,211318720,67,2.098750878,0.142569608,0.002344574,1.079015108
16,161,211318720,67,3.577946618,0.142569608,0.002344574,0.683122225
2,161,211318720,67,6.657045662,0.142569608,0.002344574,0.000004764
12,162,211318720,67,0.424695391,0.142569608,0.002018558,0.288237334
9,162,211318720,67,0.426786845,0.142569608,0.002018558,0.294518874
19,162,211318720,67,0.452367241,0.142569608,0.002018558,0.354418560
7,162,211318720,67,0.479268135,0.142569608,0.002018558,0.399662191
11,162,211318720,67,0.552216916,0.142569608,0.002018558,0.473464773
5,162,211318720,67,0.566781554,0.142569608,0.002018558,0.478519199
20,162,211318720,67,0.733124973,0.142569608,0.002018558,0.611054281
8,162,211318720,67,0.736129434,0.142569608,0.002018558,0.612223697
17,162,211318720,67,1.124773540,0.142569608,0.002018558,0.587958713
15,162,211318720,67,1.257420265,0.142569608,0.002018558,0.631210935
14,162,211318720,67,1.481591888,0.142569608,0.002018558,0.650961527
3,162,211318720,67,1.720086486,0.142569608,0.002018558,0.744440623
10,162,211318720,67,1.748959065,0.142569608,0.002018558,0.761803754
6,162,211318720,67,1.880010615,0.142569608,0.002018558,0.847402887
18,162,211318720,67,1.962546249,0.142569608,0.002018558,0.875290463
4,162,211318720,67,2.454464804,0.142569608,0.002018558,0.809535923
2,162,211318720,67,2.712129714,0.142569608,0.002018558,0.820260808
13,162,211318720,67,2.865846850,0.142569608,0.002018558,0.863972499
16,162,211318720,67,3.710463159,0.142569608,0.002018558,0.675346091
1,162,211318720,67,4.286644103,0.142569608,0.002018558,0.482262929
20,163,211318720,67,0.427656234,0.142569608,0.042079069,0.266537152
8,163,211318720,67,0.464923853,0.142569608,0.042079069,0.360605925
15,163,211318720,67,0.483623179,0.142569608,0.042079069,0.404426102
19,163,211318720,67,0.497603965,0.142569608,0.042079069,0.427948147
17,163,211318720,67,0.506148093,0.142569608,0.042079069,0.436447280
11,163,211318720,67,0.598234992,0.142569608,0.042079069,0.507718562
5,163,211318720,67,0.680137865,0.142569608,0.042079069,0.535181918
14,163,211318720,67,0.932854152,0.142569608,0.042079069,0.546062845
12,163,211318720,67,1.132521041,0.142569608,0.042079069,0.655996152
9,163,211318720,67,1.152324480,0.142569608,0.042079069,0.662735765
7,163,211318720,67,1.341950778,0.142569608,0.042079069,0.696529114
3,163,211318720,67,1.720086486,0.142569608,0.042079069,0.880031704
6,163,211318720,67,1.735394414,0.142569608,0.042079069,0.905449092
10,163,211318720,67,1.748959065,0.142569608,0.042079069,0.919547160
18,163,211318720,67,1.784132954,0.142569608,0.042079069,0.930696095
4,163,211318720,67,1.963571843,0.142569608,0.042079069,0.967980364
16,163,211318720,67,3.577946618,0.142569608,0.042079069,0.526855198
1,163,211318720,67,4.286644103,0.142569608,0.042079069,0.391236073
2,163,211318720,67,4.438030442,0.142569608,0.042079069,0.437347525
13,163,211318720,67,6.613492731,0.142569608,0.042079069,0.000004764
11,164,211318720,67,0.460180763,0.142569608,0.048485741,0.245241378
19,164,211318720,67,0.497603965,0.142569608,0.048485741,0.308658996
8,164,211318720,67,0.503667508,0.142569608,0.048485741,0.314757058
9,164,211318720,67,0.512144213,0.142569608,0.048485741,0.317717971
20,164,211318720,67,0.672031225,0.142569608,0.048485741,0.518539040
14,164,211318720,67,0.713359057,0.142569608,0.048485741,0.642669156
17,164,211318720,67,0.731102801,0.142569608,0.048485741,0.684091277
15,164,211318720,67,0.773797086,0.142569608,0.048485741,0.755109467
12,164,211318720,67,0.802202404,0.142569608,0.048485741,0.782992039
7,164,211318720,67,0.814755830,0.142569608,0.048485741,0.787316434
16,164,211318720,67,1.325165414,0.142569608,0.048485741,0.710234188
5,164,211318720,67,1.643666507,0.142569608,0.048485741,0.730800223
6,164,211318720,67,1.735394414,0.142569608,0.048485741,0.762011765
10,164,211318720,67,2.273646785,0.142569608,0.048485741,0.679291418
13,164,211318720,67,2.424947335,0.142569608,0.048485741,0.723970572
1,164,211318720,67,2.956306278,0.142569608,0.048485741,0.639191102
3,164,211318720,67,3.127429975,0.142569608,0.048485741,0.676763517
18,164,211318720,67,4.103505794,0.142569608,0.048485741,0.447231730
4,164,211318720,67,4.418036646,0.142569608,0.048485741,0.440062503
2,164,211318720,67,4.684587688,0.142569608,0.048485741,0.351041210
8,165,211318720,67,0.387436544,0.142569608,0.021260981,0.157880387
9,165,211318720,67,0.426786845,0.142569608,0.021260981,0.224110436
12,165,211318720,67,0.471883767,0.142569608,0.021260981,0.269474692
7,165,211318720,67,0.527194949,0.142569608,0.021260981,0.295940195
14,165,211318720,67,0.658485284,0.142569608,0.021260981,0.387691432
17,165,211318720,67,0.731102801,0.142569608,0.021260981,0.412830930
20,165,211318720,67,0.977499964,0.142569608,0.021260981,0.426580973
11,165,211318720,67,1.150451908,0.142569608,0.021260981,0.542136388
19,165,211318720,67,1.221391550,0.142569608,0.021260981,0.616277990
18,165,211318720,67,1.248893068,0.142569608,0.021260981,0.643498041
5,165,211318720,67,1.360275730,0.142569608,0.021260981,0.715401311
15,165,211318720,67,1.450869536,0.142569608,0.021260981,0.746298054
1,165,211318720,67,1.773783767,0.142569608,0.021260981,0.736617992
4,165,211318720,67,1.963571843,0.142569608,0.021260981,0.768554334
13,165,211318720,67,2.645397093,0.142569608,0.021260981,0.639923993
2,165,211318720,67,2.958686961,0.142569608,0.021260981,0.715672941
10,165,211318720,67,2.973230411,0.142569608,0.021260981,0.719789978
16,165,211318720,67,3.842979701,0.142569608,0.021260981,0.530461389
3,165,211318720,67,4.065658968,0.142569608,0.021260981,0.552179802
6,165,211318720,67,4.193869834,0.142569608,0.021260981,0.509445860
8,166,211318720,67,0.271205581,0.142569608,0.006680345,0.051687501
19,166,211318720,67,0.407130517,0.142569608,0.006680345,0.164376934
17,166,211318720,67,0.449909416,0.142569608,0.006680345,0.177853672
11,166,211318720,67,0.598234992,0.142569608,0.006680345,0.252618608
14,166,211318720,67,0.713359057,0.142569608,0.006680345,0.404436649
9,166,211318720,67,0.725537636,0.142569608,0.006680345,0.416997138
12,166,211318720,67,0.802202404,0.142569608,0.006680345,0.442562734
7,166,211318720,67,1.198170338,0.142569608,0.006680345,0.496021022
15,166,211318720,67,1.257420265,0.142569608,0.006680345,0.594614287
4,166,211318720,67,1.309047895,0.142569608,0.006680345,0.645613312
16,166,211318720,67,1.325165414,0.142569608,0.006680345,0.651988980
20,166,211318720,67,1.466249947,0.142569608,0.006680345,0.700687090
5,166,211318720,67,1.700344662,0.142569608,0.006680345,0.716342477
18,166,211318720,67,2.319372840,0.142569608,0.006680345,0.607107993
2,166,211318720,67,2.465572468,0.142569608,0.006680345,0.653526207
3,166,211318720,67,3.127429975,0.142569608,0.006680345,0.530516771
10,166,211318720,67,3.672814037,0.142569608,0.006680345,0.445037058
1,166,211318720,67,3.991013475,0.142569608,0.006680345,0.435796262
6,166,211318720,67,4.193869834,0.142569608,0.006680345,0.463303462
13,166,211318720,67,4.408995154,0.142569608,0.006680345,0.390174418
19,167,211318720,67,0.407130517,0.142569608,0.074397109,0.186734740
9,167,211318720,67,0.426786845,0.142569608,0.074397109,0.217902602
8,167,211318720,67,0.464923853,0.142569608,0.074397109,0.295888064
11,167,211318720,67,0.552216916,0.142569608,0.074397109,0.442233601
7,167,211318720,67,0.575121762,0.142569608,0.074397109,0.465531740
15,167,211318720,67,0.580347815,0.142569608,0.074397109,0.467328424
12,167,211318720,67,0.990955911,0.142569608,0.074397109,0.509171131
17,167,211318720,67,1.012296186,0.142569608,0.074397109,0.516297826
18,167,211318720,67,1.248893068,0.142569608,0.074397109,0.604399141
20,167,211318720,67,1.282968703,0.142569608,0.074397109,0.615656787
16,167,211318720,67,1.457681955,0.142569608,0.074397109,0.766530768
5,167,211318720,67,1.530310196,0.142569608,0.074397109,0.887727416
14,167,211318720,67,1.536465662,0.142569608,0.074397109,0.893855023
3,167,211318720,67,1.563714988,0.142569608,0.074397109,0.903446313
1,167,211318720,67,1.921599080,0.142569608,0.074397109,0.881217857
10,167,211318720,67,2.098750878,0.142569608,0.074397109,0.940888813
13,167,211318720,67,2.204497577,0.142569608,0.074397109,0.976769172
2,167,211318720,67,2.465572468,0.142569608,0.074397109,0.984785218
6,167,211318720,67,3.470788828,0.142569608,0.074397109,0.747088702
4,167,211318720,67,3.763512699,0.142569608,0.074397109,0.649959720
19,168,211318720,67,0.452367241,0.142569608,0.034053329,0.148329234
14,168,211318720,67,0.493863963,0.142569608,0.034053329,0.217181863
12,168,211318720,67,0.566260521,0.142569608,0.034053329,0.313462486
7,168,211318720,67,0.575121762,0.142569608,0.034053329,0.322144992
17,168,211318720,67,0.674864124,0.142569608,0.034053329,0.410456253
8,168,211318720,67,0.736129434,0.142569608,0.034053329,0.431243694
15,168,211318720,67,1.015608676,0.142569608,0.034053329,0.438736158
9,168,211318720,67,1.152324480,0.142569608,0.034053329,0.520509069
11,168,211318720,67,1.242488061,0.142569608,0.034053329,0.606054562
5,168,211318720,67,1.303597574,0.142569608,0.034053329,0.626459372
6,168,211318720,67,1.590778213,0.142569608,0.034053329,0.689233590
20,168,211318720,67,1.649531190,0.142569608,0.034053329,0.759804974
16,168,211318720,67,1.722715038,0.142569608,0.034053329,0.833994074
1,168,211318720,67,1.773783767,0.142569608,0.034053329,0.877509741
3,168,211318720,67,1.876457985,0.142569608,0.034053329,0.912225123
18,168,211318720,67,2.319372840,0.142569608,0.034053329,0.857427305
2,168,211318720,67,2.712129714,0.142569608,0.034053329,0.870274375
4,168,211318720,67,2.781726777,0.142569608,0.034053329,0.932949043
13,168,211318720,67,2.865846850,0.142569608,0.034053329,0.961700584
10,168,211318720,67,3.323022224,0.142569608,0.034053329,0.810370808
8,169,211318720,67,0.387436544,0.142569608,0.020968750,0.265372391
12,169,211318720,67,0.424695391,0.142569608,0.020968750,0.369291247
9,169,211318720,67,0.426786845,0.142569608,0.020968750,0.374113285
15,169,211318720,67,0.435260861,0.142569608,0.020968750,0.388178458
11,169,211318720,67,0.506198840,0.142569608,0.020968750,0.458821610
19,169,211318720,67,0.542840689,0.142569608,0.020968750,0.502172479
14,169,211318720,67,0.658485284,0.142569608,0.020968750,0.695016555
20,169,211318720,67,0.672031225,0.142569608,0.020968750,0.708450431
5,169,211318720,67,0.680137865,0.142569608,0.020968750,0.711362662
7,169,211318720,67,0.958536270,0.142569608,0.020968750,0.712798664
17,169,211318720,67,1.462205602,0.142569608,0.020968750,0.645902573
16,169,211318720,67,1.590198497,0.142569608,0.020968750,0.689658045
6,169,211318720,67,1.735394414,0.142569608,0.020968750,0.809587584
1,169,211318720,67,1.773783767,0.142569608,0.020968750,0.848515241
3,169,211318720,67,1.876457985,0.142569608,0.020968750,0.882321546
10,169,211318720,67,2.098750878,0.142569608,0.020968750,0.967316822
18,169,211318720,67,2.140959545,0.142569608,0.020968750,0.981828034
13,169,211318720,67,2.645397093,0.142569608,0.020968750,0.908718886
4,169,211318720,67,3.763512699,0.142569608,0.020968750,0.637193773
2,169,211318720,67,4.684587688,0.142569608,0.020968750,0.333202986
7,170,211318720,67,0.479268135,0.142569608,0.073669463,0.290669615
9,170,211318720,67,0.512144213,0.142569608,0.073669463,0.389270053
15,170,211318720,67,0.531985497,0.142569608,0.073669463,0.435499067
20,170,211318720,67,0.549843730,0.142569608,0.073669463,0.464943521
12,170,211318720,67,0.566260521,0.142569608,0.073669463,0.481346173
19,170,211318720,67,0.588077413,0.142569608,0.073669463,0.489063970
5,170,211318720,67,0.736816020,0.142569608,0.073669463,0.536047937
17,170,211318720,67,0.956057509,0.142569608,0.073669463,0.592572919
8,170,211318720,67,1.046078670,0.142569608,0.073669463,0.623424455
11,170,211318720,67,1.242488061,0.142569608,0.073669463,0.655805696
14,170,211318720,67,1.536465662,0.142569608,0.073669463,0.688859889
1,170,211318720,67,1.625968453,0.142569608,0.073669463,0.752681482
16,170,211318720,67,1.722715038,0.142569608,0.073669463,0.849792882
13,170,211318720,67,1.763598062,0.142569608,0.073669463,0.863537829
18,170,211318720,67,2.140959545,0.142569608,0.073669463,0.833718949
6,170,211318720,67,3.036940224,0.142569608,0.073669463,0.637234923
2,170,211318720,67,3.205244208,0.142569608,0.073669463,0.676987330
4,170,211318720,67,3.763512699,0.142569608,0.073669463,0.588179896
3,170,211318720,67,4.222030467,0.142569608,0.073669463,0.532455318
10,170,211318720,67,4.722189476,0.142569608,0.073669463,0.370399008
9,171,211318720,67,0.384108160,0.142569608,0.017232317,0.137699858
7,171,211318720,67,0.479268135,0.142569608,0.017232317,0.393737617
15,171,211318720,67,0.483623179,0.142569608,0.017232317,0.406971683
8,171,211318720,67,0.503667508,0.142569608,0.017232317,0.453661677
17,171,211318720,67,0.506148093,0.142569608,0.017232317,0.457731746
19,171,211318720,67,0.588077413,0.142569608,0.017232317,0.540520520
14,171,211318720,67,0.603611510,0.142569608,0.017232317,0.553800472
20,171,211318720,67,0.733124973,0.142569608,0.017232317,0.660005608
11,171,211318720,67,0.782307298,0.142569608,0.017232317,0.676718374
12,171,211318720,67,1.132521041,0.142569608,0.017232317,0.655444621
16,171,211318720,67,1.325165414,0.142569608,0.017232317,0.688142458
5,171,211318720,67,1.586988351,0.142569608,0.017232317,0.787073006
6,171,211318720,67,1.590778213,0.142569608,0.017232317,0.788419190
10,171,211318720,67,1.748959065,0.142569608,0.017232317,0.980798056
1,171,211318720,67,1.773783767,0.142569608,0.017232317,1.022638716
4,171,211318720,67,1.799940856,0.142569608,0.017232317,1.048995754
3,171,211318720,67,1.876457985,0.142569608,0.017232317,1.075395536
2,171,211318720,67,2.958686961,0.142569608,0.017232317,0.817088072
13,171,211318720,67,4.188545396,0.142569608,0.017232317,0.500575078
18,171,211318720,67,5.352398862,0.142569608,0.017232317,0.116553625
19,172,211318720,67,0.407130517,0.142569608,0.085027523,0.156906427
8,172,211318720,67,0.464923853,0.142569608,0.085027523,0.261356666
12,172,211318720,67,0.471883767,0.142569608,0.085027523,0.277711738
7,172,211318720,67,0.575121762,0.142569608,0.085027523,0.544656573
15,172,211318720,67,0.580347815,0.142569608,0.085027523,0.560220210
11,172,211318720,67,0.598234992,0.142569608,0.085027523,0.607605075
17,172,211318720,67,0.618625447,0.142569608,0.085027523,0.654982902
5,172,211318720,67,0.680137865,0.142569608,0.085027523,0.756657593
14,172,211318720,67,0.713359057,0.142569608,0.085027523,0.790440054
20,172,211318720,67,0.733124973,0.142569608,0.085027523,0.797310094
9,172,211318720,67,1.109645796,0.142569608,0.085027523,0.770830263
4,172,211318720,67,1.309047895,0.142569608,0.085027523,0.799426472
16,172,211318720,67,1.590198497,0.142569608,0.085027523,0.872213102
1,172,211318720,67,1.625968453,0.142569608,0.085027523,0.884102112
10,172,211318720,67,1.923854972,0.142569608,0.085027523,1.003811176
18,172,211318720,67,1.962546249,0.142569608,0.085027523,1.043002484
13,172,211318720,67,1.984047819,0.142569608,0.085027523,1.050825093
2,172,211318720,67,2.958686961,0.142569608,0.085027523,0.827096993
6,172,211318720,67,3.326172627,0.142569608,0.085027523,0.799882028
3,172,211318720,67,4.222030467,0.142569608,0.085027523,0.505017238
5,173,211318720,67,0.396747088,0.142569640,0.038017586,0.166260450
8,173,211318720,67,0.464923853,0.142569640,0.038017586,0.383823221
19,173,211318720,67,0.497603965,0.142569640,0.038017586,0.499546561
17,173,211318720,67,0.506148093,0.142569640,0.038017586,0.525178946
9,173,211318720,67,0.512144213,0.142569640,0.038017586,0.539512075
11,173,211318720,67,0.552216916,0.142569640,0.038017586,0.630138889
7,173,211318720,67,0.575121762,0.142569640,0.038017586,0.668172708
12,173,211318720,67,0.613448897,0.142569640,0.038017586,0.705756328
14,173,211318720,67,0.658485284,0.142569640,0.038017586,0.720626763
20,173,211318720,67,1.038593712,0.142569640,0.038017586,0.735786337
15,173,211318720,67,1.112333311,0.142569640,0.038017586,0.761011605
6,173,211318720,67,1.446162012,0.142569640,0.038017586,0.749919101
16,173,211318720,67,1.987748121,0.142569640,0.038017586,0.754462234
3,173,211318720,67,2.032829484,0.142569640,0.038017586,0.799133384
10,173,211318720,67,2.098750878,0.142569640,0.038017586,0.820457672
2,173,211318720,67,2.958686961,0.142569640,0.038017586,0.629706378
4,173,211318720,67,3.763512699,0.142569640,0.038017586,0.458999433
1,173,211318720,67,3.991013475,0.142569640,0.038017586,0.477911133
18,173,211318720,67,4.638745680,0.142569640,0.038017586,0.360696676
13,173,211318720,67,5.731693700,0.142569640,0.038017586,0.000004764
17,174,211318720,67,0.562386770,0.142569640,0.055507045,0.184631139
15,174,211318720,67,0.580347815,0.142569640,0.055507045,0.202934586
5,174,211318720,67,0.623459709,0.142569640,0.055507045,0.244326244
9,174,211318720,67,0.725537636,0.142569640,0.055507045,0.291662858
12,174,211318720,67,0.849390781,0.142569640,0.055507045,0.485347150
14,174,211318720,67,0.877980378,0.142569640,0.055507045,0.533053663
8,174,211318720,67,0.891104052,0.142569640,0.055507045,0.546717215
20,174,211318720,67,0.977499964,0.142569640,0.055507045,0.628132084
19,174,211318720,67,1.040444654,0.142569640,0.055507045,0.669705863
11,174,211318720,67,1.150451908,0.142569640,0.055507045,0.706547766
7,174,211318720,67,1.294023965,0.142569640,0.055507045,0.843663598
6,174,211318720,67,1.301545810,0.142569640,0.055507045,0.846310374
18,174,211318720,67,1.784132954,0.142569640,0.055507045,0.817804270
3,174,211318720,67,1.876457985,0.142569640,0.055507045,0.872763613
13,174,211318720,67,1.984047819,0.142569640,0.055507045,0.907958285
2,174,211318720,67,2.958686961,0.142569640,0.055507045,0.680966652
16,174,211318720,67,3.445430076,0.142569640,0.055507045,0.642938540
1,174,211318720,67,3.547567533,0.142569640,0.055507045,0.675046857
10,174,211318720,67,4.372397663,0.142569640,0.055507045,0.496326109
4,174,211318720,67,4.418036646,0.142569640,0.055507045,0.481116664
17,175,211318720,67,0.393670739,0.142569640,0.003258656,0.064763494
9,175,211318720,67,0.512144213,0.142569640,0.003258656,0.134555855
20,175,211318720,67,0.610937478,0.142569640,0.003258656,0.217350383
5,175,211318720,67,0.680137865,0.142569640,0.003258656,0.291014270
12,175,211318720,67,0.755014028,0.142569640,0.003258656,0.437052053
7,175,211318720,67,0.814755830,0.142569640,0.003258656,0.535157728
11,175,211318720,67,0.828325374,0.142569640,0.003258656,0.549053884
19,175,211318720,67,0.859497758,0.142569640,0.003258656,0.559775078
8,175,211318720,67,1.046078670,0.142569640,0.003258656,0.645839033
15,175,211318720,67,1.112333311,0.142569640,0.003258656,0.667873778
14,175,211318720,67,1.481591888,0.142569640,0.003258656,0.652843308
18,175,211318720,67,1.605719658,0.142569640,0.003258656,0.887440437
1,175,211318720,67,1.625968453,0.142569640,0.003258656,0.934106295
4,175,211318720,67,1.636309869,0.142569640,0.003258656,0.951272113
3,175,211318720,67,1.720086486,0.142569640,0.003258656,1.036000407
16,175,211318720,67,1.722715038,0.142569640,0.003258656,1.036887841
6,175,211318720,67,1.880010615,0.142569640,0.003258656,1.077862683
13,175,211318720,67,2.204497577,0.142569640,0.003258656,1.066079998
10,175,211318720,67,5.071981289,0.142569640,0.003258656,0.213183216
2,175,211318720,67,6.657045662,0.142569640,0.003258656,0.000004764
8,176,211318720,67,0.426180199,0.142569640,0.004525514,0.050031637
12,176,211318720,67,0.566260521,0.142569640,0.004525514,0.442223907
7,176,211318720,67,0.575121762,0.142569640,0.004525514,0.468742969
15,176,211318720,67,0.580347815,0.142569640,0.004525514,0.480790355
19,176,211318720,67,0.588077413,0.142569640,0.004525514,0.493542393
20,176,211318720,67,0.610937478,0.142569640,0.004525514,0.515934900
17,176,211318720,67,0.674864124,0.142569640,0.004525514,0.537210754
9,176,211318720,67,0.981609742,0.142569640,0.004525514,0.628856497
14,176,211318720,67,1.042601699,0.142569640,0.004525514,0.689784069
11,176,211318720,67,1.058415756,0.142569640,0.004525514,0.695026745
18,176,211318720,67,1.427306363,0.142569640,0.004525514,0.697482549
5,176,211318720,67,1.530310196,0.142569640,0.004525514,0.946994116
3,176,211318720,67,1.563714988,0.142569640,0.004525514,1.023998812
10,176,211318720,67,1.574063159,0.142569640,0.004525514,1.040960784
16,176,211318720,67,1.590198497,0.142569640,0.004525514,1.056974144
4,176,211318720,67,1.636309869,0.142569640,0.004525514,1.104811946
6,176,211318720,67,1.735394414,0.142569640,0.004525514,1.204631901
1,176,211318720,67,1.773783767,0.142569640,0.004525514,1.218040741
2,176,211318720,67,2.958686961,0.142569640,0.004525514,0.923614488
13,176,211318720,67,6.393042974,0.142569640,0.004525514,0.000004764
11,177,211318720,67,0.322126534,0.142569640,0.110636666,0.232295296
8,177,211318720,67,0.348692890,0.142569640,0.110636666,0.290936509
7,177,211318720,67,0.383414508,0.142569640,0.110636666,0.348200047
14,177,211318720,67,0.384116416,0.142569640,0.110636666,0.348984216
9,177,211318720,67,0.469465529,0.142569640,0.110636666,0.400178936
15,177,211318720,67,0.580347815,0.142569640,0.110636666,0.544252291
20,177,211318720,67,0.610937478,0.142569640,0.110636666,0.575133603
17,177,211318720,67,0.674864124,0.142569640,0.110636666,0.596437251
12,177,211318720,67,0.990955911,0.142569640,0.110636666,0.585449809
19,177,211318720,67,1.221391550,0.142569640,0.110636666,0.606969756
5,177,211318720,67,1.360275730,0.142569640,0.110636666,0.654885851
18,177,211318720,67,1.784132954,0.142569640,0.110636666,0.640151797
6,177,211318720,67,1.880010615,0.142569640,0.110636666,0.802762599
1,177,211318720,67,1.921599080,0.142569640,0.110636666,0.872946105
4,177,211318720,67,1.963571843,0.142569640,0.110636666,0.915521126
13,177,211318720,67,1.984047819,0.142569640,0.110636666,0.922697824
16,177,211318720,67,3.842979701,0.142569640,0.110636666,0.410545810
3,177,211318720,67,4.222030467,0.142569640,0.110636666,0.380301586
10,177,211318720,67,4.547293569,0.142569640,0.110636666,0.368139157
2,177,211318720,67,5.177702182,0.142569640,0.110636666,0.157380337
19,178,211318720,67,0.497603965,0.142569640,0.012223843,0.091743344
7,178,211318720,67,0.575121762,0.142569640,0.012223843,0.157170654
14,178,211318720,67,0.658485284,0.142569640,0.012223843,0.310203994
9,178,211318720,67,0.725537636,0.142569640,0.012223843,0.467506308
5,178,211318720,67,0.736816020,0.142569640,0.012223843,0.486365530
15,178,211318720,67,0.773797086,0.142569640,0.012223843,0.523344784
11,178,211318720,67,0.782307298,0.142569640,0.012223843,0.526273214
8,178,211318720,67,0.929847706,0.142569640,0.012223843,0.698524369
12,178,211318720,67,0.943767534,0.142569640,0.012223843,0.712792553
17,178,211318720,67,1.012296186,0.142569640,0.012223843,0.735122210
3,178,211318720,67,1.563714988,0.142569640,0.012223843,0.695184871
4,178,211318720,67,1.636309869,0.142569640,0.012223843,0.743611026
10,178,211318720,67,1.748959065,0.142569640,0.012223843,0.862742347
20,178,211318720,67,1.771718685,0.142569640,0.012223843,0.886050537
6,178,211318720,67,1.880010615,0.142569640,0.012223843,0.947447596
13,178,211318720,67,1.984047819,0.142569640,0.012223843,0.980914739
16,178,211318720,67,2.650330828,0.142569640,0.012223843,0.857189148
1,178,211318720,67,4.138828789,0.142569640,0.012223843,0.465110729
18,178,211318720,67,4.638745680,0.142569640,0.012223843,0.395874718
2,178,211318720,67,6.163931169,0.142569640,0.012223843,0.000004764
8,179,211318720,67,0.309949235,0.142569640,0.175963506,0.135592517
11,179,211318720,67,0.322126534,0.142569640,0.175963506,0.147198110
19,179,211318720,67,0.452367241,0.142569640,0.175963506,0.364349747
9,179,211318720,67,0.469465529,0.142569640,0.175963506,0.393118335
12,179,211318720,67,0.471883767,0.142569640,0.175963506,0.395600435
15,179,211318720,67,0.580347815,0.142569640,0.175963506,0.473688602
14,179,211318720,67,0.658485284,0.142569640,0.175963506,0.591525804
17,179,211318720,67,0.731102801,0.142569640,0.175963506,0.664294576
20,179,211318720,67,0.733124973,0.142569640,0.175963506,0.664809428
7,179,211318720,67,0.910609457,0.142569640,0.175963506,0.783770809
16,179,211318720,67,0.927615790,0.142569640,0.175963506,0.789634092
5,179,211318720,67,1.586988351,0.142569640,0.175963506,0.734790815
1,179,211318720,67,1.625968453,0.142569640,0.175963506,0.770472324
6,179,211318720,67,1.735394414,0.142569640,0.175963506,0.870834168
18,179,211318720,67,1.784132954,0.142569640,0.175963506,0.919735640
3,179,211318720,67,1.876457985,0.142569640,0.175963506,0.987421467
4,179,211318720,67,1.963571843,0.142569640,0.175963506,1.021673555
10,179,211318720,67,2.098750878,0.142569640,0.175963506,1.066749301
13,179,211318720,67,2.645397093,0.142569640,0.175963506,0.983667406
2,179,211318720,67,2.958686961,0.142569640,0.175963506,0.882027791
8,180,211318720,67,0.348692890,0.142569640,0.061505742,0.141538994
17,180,211318720,67,0.393670739,0.142569640,0.061505742,0.217038826
9,180,211318720,67,0.469465529,0.142569640,0.061505742,0.353293414
12,180,211318720,67,0.471883767,0.142569640,0.061505742,0.360687981
7,180,211318720,67,0.575121762,0.142569640,0.061505742,0.602095208
15,180,211318720,67,0.580347815,0.142569640,0.061505742,0.610844656
11,180,211318720,67,0.598234992,0.142569640,0.061505742,0.628885263
14,180,211318720,67,0.603611510,0.142569640,0.061505742,0.630369058
19,180,211318720,67,0.904734482,0.142569640,0.061505742,0.624811010
20,180,211318720,67,1.405156199,0.142569640,0.061505742,0.690858390
5,180,211318720,67,1.416953885,0.142569640,0.061505742,0.703047218
1,180,211318720,67,1.478153139,0.142569640,0.061505742,0.812682537
3,180,211318720,67,1.563714988,0.142569640,0.061505742,0.955540825
10,180,211318720,67,1.574063159,0.142569640,0.061505742,0.965925224
6,180,211318720,67,1.590778213,0.142569640,0.061505742,0.971388135
13,180,211318720,67,2.204497577,0.142569640,0.061505742,0.877505008
18,180,211318720,67,2.319372840,0.142569640,0.061505742,0.915396965
2,180,211318720,67,2.958686961,0.142569640,0.061505742,0.800042528
16,180,211318720,67,3.312913535,0.142569640,0.061505742,0.775428680
4,180,211318720,67,3.927143686,0.142569640,0.061505742,0.567972897
9,181,211318720,67,0.512144213,0.142569640,0.004269253,0.180816247
19,181,211318720,67,0.542840689,0.142569640,0.004269253,0.216036511
12,181,211318720,67,0.566260521,0.142569640,0.004269253,0.239189980
5,181,211318720,67,0.680137865,0.142569640,0.004269253,0.334446623
8,181,211318720,67,0.736129434,0.142569640,0.004269253,0.353438983
11,181,211318720,67,0.966379603,0.142569640,0.004269253,0.370680237
20,181,211318720,67,1.221874955,0.142569640,0.004269253,0.494680098
7,181,211318720,67,1.294023965,0.142569640,0.004269253,0.635779277
15,181,211318720,67,1.305782583,0.142569640,0.004269253,0.654941042
16,181,211318720,67,1.325165414,0.142569640,0.004269253,0.674049843
17,181,211318720,67,1.405966925,0.142569640,0.004269253,0.746111524
14,181,211318720,67,1.481591888,0.142569640,0.004269253,0.771524406
1,181,211318720,67,1.625968453,0.142569640,0.004269253,0.819867177
3,181,211318720,67,2.032829484,0.142569640,0.004269253,0.781844625
18,181,211318720,67,2.319372840,0.142569640,0.004269253,0.781813471
2,181,211318720,67,2.958686961,0.142569640,0.004269253,0.663787677
6,181,211318720,67,3.760021230,0.142569640,0.004269253,0.492248103
10,181,211318720,67,4.022605850,0.142569640,0.004269253,0.499562182
4,181,211318720,67,4.745298620,0.142569640,0.004269253,0.357774168
13,181,211318720,67,5.290794185,0.142569640,0.004269253,0.177653976
5,182,211318720,67,0.396747088,0.142569640,0.009688878,0.063503830
9,182,211318720,67,0.512144213,0.142569640,0.009688878,0.324854035
11,182,211318720,67,0.552216916,0.142569640,0.009688878,0.419056056
17,182,211318720,67,0.562386770,0.142569640,0.009688878,0.435978304
15,182,211318720,67,0.580347815,0.142569640,0.009688878,0.454689535
19,182,211318720,67,0.588077413,0.142569640,0.009688878,0.456921707
20,182,211318720,67,0.733124973,0.142569640,0.009688878,0.598007016
8,182,211318720,67,0.736129434,0.142569640,0.009688878,0.599133919
14,182,211318720,67,1.152349247,0.142569640,0.009688878,0.621912395
7,182,211318720,67,1.198170338,0.142569640,0.009688878,0.636320543
3,182,211318720,67,1.407343489,0.142569640,0.009688878,0.851551913
12,182,211318720,67,1.415651302,0.142569640,0.009688878,0.864955086
4,182,211318720,67,1.472678882,0.142569640,0.009688878,0.921224012
1,182,211318720,67,1.478153139,0.142569640,0.009688878,0.923133630
6,182,211318720,67,1.735394414,0.142569640,0.009688878,0.937458695
10,182,211318720,67,2.098750878,0.142569640,0.009688878,0.913482660
16,182,211318720,67,2.782847369,0.142569640,0.009688878,0.784082328
2,182,211318720,67,2.958686961,0.142569640,0.009688878,0.821543911
13,182,211318720,67,3.968095639,0.142569640,0.009688878,0.581160065
18,182,211318720,67,4.817158975,0.142569640,0.009688878,0.298809205
8,183,211318720,67,0.387436544,0.142569640,0.026542176,0.177905840
5,183,211318720,67,0.396747088,0.142569640,0.026542176,0.193555199
9,183,211318720,67,0.469465529,0.142569640,0.026542176,0.283809685
7,183,211318720,67,0.527194949,0.142569640,0.026542176,0.341863720
19,183,211318720,67,0.588077413,0.142569640,0.026542176,0.399267412
17,183,211318720,67,0.674864124,0.142569640,0.026542176,0.483266266
20,183,211318720,67,0.733124973,0.142569640,0.026542176,0.501957564
12,183,211318720,67,0.896579158,0.142569640,0.026542176,0.543156318
11,183,211318720,67,1.196469985,0.142569640,0.026542176,0.627270586
15,183,211318720,67,1.209057947,0.142569640,0.026542176,0.631556710
14,183,211318720,67,1.481591888,0.142569640,0.026542176,0.659204215
16,183,211318720,67,1.590198497,0.142569640,0.026542176,0.704760625
3,183,211318720,67,1.720086486,0.142569640,0.026542176,0.825284386
10,183,211318720,67,1.748959065,0.142569640,0.026542176,0.834962046
1,183,211318720,67,1.921599080,0.142569640,0.026542176,0.873950921
4,183,211318720,67,2.127202830,0.142569640,0.026542176,1.032307743
18,183,211318720,67,2.140959545,0.142569640,0.026542176,1.046349074
13,183,211318720,67,2.204497577,0.142569640,0.026542176,1.068565382
6,183,211318720,67,3.760021230,0.142569640,0.026542176,0.645468205
2,183,211318720,67,6.657045662,0.142569640,0.026542176,0.000004764
8,184,211318720,67,0.309949235,0.142569640,0.089394070,0.125411817
7,184,211318720,67,0.335487695,0.142569640,0.089394070,0.134990000
5,184,211318720,67,0.510103399,0.142569640,0.089394070,0.415062982
19,184,211318720,67,0.542840689,0.142569640,0.089394070,0.513154032
11,184,211318720,67,0.552216916,0.142569640,0.089394070,0.535313485
15,184,211318720,67,0.580347815,0.142569640,0.089394070,0.582241825
14,184,211318720,67,0.603611510,0.142569640,0.089394070,0.605740695
17,184,211318720,67,0.618625447,0.142569640,0.089394070,0.610931586
9,184,211318720,67,1.066967111,0.142569640,0.089394070,0.563352809
16,184,211318720,67,1.192648873,0.142569640,0.089394070,0.608106192
12,184,211318720,67,1.368462925,0.142569640,0.089394070,0.715021664
20,184,211318720,67,1.405156199,0.142569640,0.089394070,0.727511634
6,184,211318720,67,1.590778213,0.142569640,0.089394070,0.762575468
10,184,211318720,67,1.748959065,0.142569640,0.089394070,0.893973786
1,184,211318720,67,1.773783767,0.142569640,0.089394070,0.918230477
3,184,211318720,67,1.876457985,0.142569640,0.089394070,0.990778455
4,184,211318720,67,1.963571843,0.142569640,0.089394070,1.019950453
2,184,211318720,67,2.958686961,0.142569640,0.089394070,0.784705616
18,184,211318720,67,4.817158975,0.142569640,0.089394070,0.264359169
13,184,211318720,67,6.393042974,0.142569640,0.089394070,0.000004764
8,185,211318720,67,0.464923853,0.142569640,0.132143319,0.226805775
11,185,211318720,67,0.506198840,0.142569640,0.132143319,0.391639465
15,185,211318720,67,0.531985497,0.142569640,0.132143319,0.486064871
14,185,211318720,67,0.548737736,0.142569640,0.132143319,0.536609536
7,185,211318720,67,0.575121762,0.142569640,0.132143319,0.598221094
20,185,211318720,67,0.610937478,0.142569640,0.132143319,0.658291239
12,185,211318720,67,0.613448897,0.142569640,0.132143319,0.660866675
17,185,211318720,67,0.618625447,0.142569640,0.132143319,0.662597673
19,185,211318720,67,1.085681378,0.142569640,0.132143319,0.692405257
3,185,211318720,67,1.094600491,0.142569640,0.132143319,0.695382470
9,185,211318720,67,1.280360534,0.142569640,0.132143319,0.732400039
5,185,211318720,67,1.416953885,0.142569640,0.132143319,0.778666098
6,185,211318720,67,1.735394414,0.142569640,0.132143319,0.854645153
10,185,211318720,67,1.748959065,0.142569640,0.132143319,0.859391968
13,185,211318720,67,2.204497577,0.142569640,0.132143319,0.864376346
16,185,211318720,67,2.252781204,0.142569640,0.132143319,0.880944795
2,185,211318720,67,2.958686961,0.142569640,0.132143319,0.743147734
4,185,211318720,67,3.108988751,0.142569640,0.132143319,0.790181915
18,185,211318720,67,3.746679203,0.142569640,0.132143319,0.673379097
1,185,211318720,67,4.286644103,0.142569640,0.132143319,0.493876260
15,186,211318720,67,0.435260861,0.142569640,0.076390162,0.252802168
8,186,211318720,67,0.464923853,0.142569640,0.076390162,0.322366415
9,186,211318720,67,0.469465529,0.142569640,0.076390162,0.330168360
12,186,211318720,67,0.519072144,0.142569640,0.076390162,0.381744353
11,186,211318720,67,0.552216916,0.142569640,0.076390162,0.425491991
14,186,211318720,67,0.658485284,0.142569640,0.076390162,0.532972291
5,186,211318720,67,0.680137865,0.142569640,0.076390162,0.540083837
16,186,211318720,67,0.927615790,0.142569640,0.076390162,0.554784588
17,186,211318720,67,1.181012217,0.142569640,0.076390162,0.627337753
19,186,211318720,67,1.266628274,0.142569640,0.076390162,0.712737839
7,186,211318720,67,1.294023965,0.142569640,0.076390162,0.722268430
20,186,211318720,67,1.588437442,0.142569640,0.076390162,0.721137154
1,186,211318720,67,1.773783767,0.142569640,0.076390162,0.755705279
6,186,211318720,67,2.892324023,0.142569640,0.076390162,0.480483978
4,186,211318720,67,3.763512699,0.142569640,0.076390162,0.287600152
3,186,211318720,67,4.222030467,0.142569640,0.076390162,0.229498856
18,186,211318720,67,4.638745680,0.142569640,0.076390162,0.225172457
10,186,211318720,67,4.722189476,0.142569640,0.076390162,0.253269269
13,186,211318720,67,6.393042974,0.142569640,0.076390162,0.046860783
2,186,211318720,67,7.150160156,0.142569640,0.076390162,0.000004764
12,187,211318720,67,0.377507014,0.142569640,0.000809041,0.112035636
7,187,211318720,67,0.431341322,0.142569640,0.000809041,0.207306534
9,187,211318720,67,0.512144213,0.142569640,0.000809041,0.341614626
15,187,211318720,67,0.531985497,0.142569640,0.000809041,0.361530351
11,187,211318720,67,0.552216916,0.142569640,0.000809041,0.368515865
17,187,211318720,67,0.731102801,0.142569640,0.000809041,0.497789035
20,187,211318720,67,0.733124973,0.142569640,0.000809041,0.498454897
8,187,211318720,67,0.891104052,0.142569640,0.000809041,0.540070295
19,187,211318720,67,1.085681378,0.142569640,0.000809041,0.622307338
14,187,211318720,67,1.152349247,0.142569640,0.000809041,0.645155911
5,187,211318720,67,1.303597574,0.142569640,0.000809041,0.729097301
3,187,211318720,67,1.407343489,0.142569640,0.000809041,0.881725870
18,187,211318720,67,1.427306363,0.142569640,0.000809041,0.901463908
1,187,211318720,67,1.478153139,0.142569640,0.000809041,0.917698986
13,187,211318720,67,2.424947335,0.142569640,0.000809041,0.700955304
4,187,211318720,67,3.108988751,0.142569640,0.000809041,0.572590638
16,187,211318720,67,3.577946618,0.142569640,0.000809041,0.512038464
6,187,211318720,67,4.049253632,0.142569640,0.000809041,0.453277814
2,187,211318720,67,4.684587688,0.142569640,0.000809041,0.332688914
10,187,211318720,67,4.722189476,0.142569640,0.000809041,0.320157112
8,188,211318720,67,0.387436544,0.142569640,0.032100979,0.174149641
9,188,211318720,67,0.469465529,0.142569640,0.032100979,0.363869010
12,188,211318720,67,0.471883767,0.142569640,0.032100979,0.368042012
7,188,211318720,67,0.479268135,0.142569640,0.032100979,0.374973406
5,188,211318720,67,0.510103399,0.142569640,0.032100979,0.384373754
14,188,211318720,67,0.658485284,0.142569640,0.032100979,0.474710196
20,188,211318720,67,0.733124973,0.142569640,0.032100979,0.500512875
11,188,211318720,67,0.920361527,0.142569640,0.032100979,0.534346553
19,188,211318720,67,1.221391550,0.142569640,0.032100979,0.530602645
15,188,211318720,67,1.402507219,0.142569640,0.032100979,0.710932910
3,188,211318720,67,1.407343489,0.142569640,0.032100979,0.715871833
17,188,211318720,67,1.462205602,0.142569640,0.032100979,0.744387295
16,188,211318720,67,1.590198497,0.142569640,0.032100979,0.857109090
1,188,211318720,67,1.625968453,0.142569640,0.032100979,0.890919212
6,188,211318720,67,1.735394414,0.142569640,0.032100979,0.926537263
4,188,211318720,67,1.963571843,0.142569640,0.032100979,0.946701888
10,188,211318720,67,2.623438598,0.142569640,0.032100979,0.901465917
13,188,211318720,67,2.645397093,0.142569640,0.032100979,0.909243176
2,188,211318720,67,3.205244208,0.142569640,0.032100979,0.820045908
18,188,211318720,67,4.817158975,0.142569640,0.032100979,0.289873593
15,189,211318720,67,0.435260861,0.142569640,0.082475811,0.224459126
9,189,211318720,67,0.469465529,0.142569640,0.082475811,0.304562104
19,189,211318720,67,0.497603965,0.142569640,0.082475811,0.351199853
7,189,211318720,67,0.527194949,0.142569640,0.082475811,0.388237762
11,189,211318720,67,0.552216916,0.142569640,0.082475811,0.412538610
14,189,211318720,67,0.658485284,0.142569640,0.082475811,0.451990654
20,189,211318720,67,0.794218721,0.142569640,0.082475811,0.498501922
12,189,211318720,67,1.085332665,0.142569640,0.082475811,0.542392021
8,189,211318720,67,1.162309633,0.142569640,0.082475811,0.567220962
16,189,211318720,67,1.325165414,0.142569640,0.082475811,0.642114912
5,189,211318720,67,1.416953885,0.142569640,0.082475811,0.727558651
1,189,211318720,67,1.478153139,0.142569640,0.082475811,0.747591128
17,189,211318720,67,1.630921632,0.142569640,0.082475811,0.793238548
10,189,211318720,67,1.923854972,0.142569640,0.082475811,0.927679151
18,189,211318720,67,1.962546249,0.142569640,0.082475811,0.966498376
4,189,211318720,67,1.963571843,0.142569640,0.082475811,0.966767524
2,189,211318720,67,2.958686961,0.142569640,0.082475811,0.729571857
3,189,211318720,67,3.596544472,0.142569640,0.082475811,0.614348976
6,189,211318720,67,4.049253632,0.142569640,0.082475811,0.559749731
13,189,211318720,67,5.511243943,0.142569640,0.082475811,0.077105524
8,190,211318720,67,0.387436544,0.142569640,0.077095315,0.179225232
9,190,211318720,67,0.426786845,0.142569640,0.077095315,0.247216691
11,190,211318720,67,0.460180763,0.142569640,0.077095315,0.336555551
17,190,211318720,67,0.506148093,0.142569640,0.077095315,0.443990706
12,190,211318720,67,0.566260521,0.142569640,0.077095315,0.563174083
7,190,211318720,67,0.575121762,0.142569640,0.077095315,0.578035919
15,190,211318720,67,0.580347815,0.142569640,0.077095315,0.583350180
5,190,211318720,67,0.680137865,0.142569640,0.077095315,0.617361846
20,190,211318720,67,1.038593712,0.142569640,0.077095315,0.678146564
19,190,211318720,67,1.085681378,0.142569640,0.077095315,0.725875820
14,190,211318720,67,1.152349247,0.142569640,0.077095315,0.748341527
16,190,211318720,67,1.457681955,0.142569640,0.077095315,0.740915487
18,190,211318720,67,1.605719658,0.142569640,0.077095315,0.795777781
6,190,211318720,67,1.735394414,0.142569640,0.077095315,0.909451475
1,190,211318720,67,1.773783767,0.142569640,0.077095315,0.922662960
4,190,211318720,67,1.963571843,0.142569640,0.077095315,0.955101009
2,190,211318720,67,2.465572468,0.142569640,0.077095315,0.885921534
3,190,211318720,67,3.909287469,0.142569640,0.077095315,0.506577717
10,190,211318720,67,4.372397663,0.142569640,0.077095315,0.450475244
13,190,211318720,67,6.393042974,0.142569640,0.077095315,0.000004764
19,191,211318720,67,0.407130517,0.142569640,0.026642045,0.164696362
11,191,211318720,67,0.460180763,0.142569640,0.026642045,0.242361724
8,191,211318720,67,0.464923853,0.142569640,0.026642045,0.246944074
12,191,211318720,67,0.566260521,0.142569640,0.026642045,0.282878079
14,191,211318720,67,0.823106605,0.142569640,0.026642045,0.437822298
9,191,211318720,67,0.853573689,0.142569640,0.026642045,0.468778214
7,191,211318720,67,0.862682643,0.142569640,0.026642045,0.471724498
15,191,211318720,67,1.209057947,0.142569640,0.026642045,0.492298214
17,191,211318720,67,1.293489571,0.142569640,0.026642045,0.520894288
5,191,211318720,67,1.586988351,0.142569640,0.026642045,0.574344202
20,191,211318720,67,1.649531190,0.142569640,0.026642045,0.595342783
18,191,211318720,67,1.962546249,0.142569640,0.026642045,0.764187583
4,191,211318720,67,1.963571843,0.142569640,0.026642045,0.765213314
13,191,211318720,67,1.984047819,0.142569640,0.026642045,0.772334450
10,191,211318720,67,2.973230411,0.142569640,0.026642045,0.541148793
16,191,211318720,67,3.445430076,0.142569640,0.026642045,0.556842644
6,191,211318720,67,3.470788828,0.142569640,0.026642045,0.565973673
1,191,211318720,67,3.991013475,0.142569640,0.026642045,0.535259913
3,191,211318720,67,4.065658968,0.142569640,0.026642045,0.560757798
2,191,211318720,67,6.657045662,0.142569640,0.026642045,0.000004764
8,192,211318720,67,0.387436544,0.142569640,0.009236320,0.104828255
19,192,211318720,67,0.497603965,0.142569640,0.009236320,0.553237175
11,192,211318720,67,0.506198840,0.142569640,0.009236320,0.590295701
9,192,211318720,67,0.512144213,0.142569640,0.009236320,0.612194701
12,192,211318720,67,0.519072144,0.142569640,0.009236320,0.632906461
15,192,211318720,67,0.531985497,0.142569640,0.009236320,0.663061906
17,192,211318720,67,0.562386770,0.142569640,0.009236320,0.730380839
7,192,211318720,67,0.575121762,0.142569640,0.009236320,0.751712278
14,192,211318720,67,0.603611510,0.142569640,0.009236320,0.781302501
5,192,211318720,67,0.680137865,0.142569640,0.009236320,0.826457747
20,192,211318720,67,0.794218721,0.142569640,0.009236320,0.864049134
1,192,211318720,67,1.330337825,0.142569640,0.009236320,0.783310434
6,192,211318720,67,1.735394414,0.142569640,0.009236320,0.830474277
10,192,211318720,67,1.748959065,0.142569640,0.009236320,0.834702685
13,192,211318720,67,1.984047819,0.142569640,0.009236320,0.852127464
2,192,211318720,67,2.958686961,0.142569640,0.009236320,0.626966462
16,192,211318720,67,3.312913535,0.142569640,0.009236320,0.604939682
3,192,211318720,67,3.596544472,0.142569640,0.009236320,0.606122881
4,192,211318720,67,4.090774673,0.142569640,0.009236320,0.537016833
18,192,211318720,67,4.817158975,0.142569640,0.009236320,0.293742447
8,193,211318720,67,0.464923853,0.142569640,0.035178594,0.127761669
19,193,211318720,67,0.497603965,0.142569640,0.035178594,0.160961770
11,193,211318720,67,0.598234992,0.142569640,0.035178594,0.256450154
5,193,211318720,67,0.680137865,0.142569640,0.035178594,0.339108441
12,193,211318720,67,0.707825651,0.142569640,0.035178594,0.347955296
9,193,211318720,67,0.896252374,0.142569640,0.035178594,0.379976220
4,193,211318720,67,1.145416908,0.142569640,0.035178594,0.483821143
7,193,211318720,67,1.150243524,0.142569640,0.035178594,0.485664102
15,193,211318720,67,1.305782583,0.142569640,0.035178594,0.557074164
17,193,211318720,67,1.405966925,0.142569640,0.035178594,0.635621059
14,193,211318720,67,1.481591888,0.142569640,0.035178594,0.661500991
20,193,211318720,67,1.649531190,0.142569640,0.035178594,0.707299849
18,193,211318720,67,1.784132954,0.142569640,0.035178594,0.751873535
13,193,211318720,67,2.645397093,0.142569640,0.035178594,0.561725163
16,193,211318720,67,3.312913535,0.142569640,0.035178594,0.470948244
1,193,211318720,67,3.399752219,0.142569640,0.035178594,0.501183327
3,193,211318720,67,3.596544472,0.142569640,0.035178594,0.613910282
6,193,211318720,67,3.615405029,0.142569640,0.035178594,0.620586648
10,193,211318720,67,4.022605850,0.142569640,0.035178594,0.582798120
2,193,211318720,67,5.177702182,0.142569640,0.035178594,0.202038489
19,194,211318720,67,0.361893793,0.142569640,0.012746407,0.074850172
8,194,211318720,67,0.464923853,0.142569640,0.012746407,0.165133964
11,194,211318720,67,0.552216916,0.142569640,0.012746407,0.261679272
15,194,211318720,67,0.580347815,0.142569640,0.012746407,0.295979738
5,194,211318720,67,0.680137865,0.142569640,0.012746407,0.456068884
14,194,211318720,67,0.713359057,0.142569640,0.012746407,0.490380509
20,194,211318720,67,0.733124973,0.142569640,0.012746407,0.496963460
12,194,211318720,67,0.990955911,0.142569640,0.012746407,0.633861829
7,194,211318720,67,1.006463084,0.142569640,0.012746407,0.649377147
9,194,211318720,67,1.066967111,0.142569640,0.012746407,0.669333728
17,194,211318720,67,1.630921632,0.142569640,0.012746407,0.609080214
3,194,211318720,67,1.720086486,0.142569640,0.012746407,0.732944588
18,194,211318720,67,1.784132954,0.142569640,0.012746407,0.800144816
4,194,211318720,67,1.799940856,0.142569640,0.012746407,0.815522102
1,194,211318720,67,1.921599080,0.142569640,0.012746407,0.856730045
13,194,211318720,67,2.865846850,0.142569640,0.012746407,0.643732744
2,194,211318720,67,3.205244208,0.142569640,0.012746407,0.651444312
16,194,211318720,67,3.312913535,0.142569640,0.012746407,0.688217003
6,194,211318720,67,3.904637431,0.142569640,0.012746407,0.585590986
10,194,211318720,67,4.722189476,0.142569640,0.012746407,0.318767491
5,195,211318720,67,0.396747088,0.142569640,0.002587375,0.150535703
11,195,211318720,67,0.414162687,0.142569640,0.002587375,0.177499329
9,195,211318720,67,0.512144213,0.142569640,0.002587375,0.326024649
19,195,211318720,67,0.542840689,0.142569640,0.002587375,0.381591701
15,195,211318720,67,0.580347815,0.142569640,0.002587375,0.443886234
14,195,211318720,67,0.658485284,0.142569640,0.002587375,0.567515697
17,195,211318720,67,0.674864124,0.142569640,0.002587375,0.584053214
20,195,211318720,67,0.733124973,0.142569640,0.002587375,0.603533955
12,195,211318720,67,0.896579158,0.142569640,0.002587375,0.643855458
8,195,211318720,67,1.046078670,0.142569640,0.002587375,0.745090976
7,195,211318720,67,1.102316711,0.142569640,0.002587375,0.763896015
6,195,211318720,67,1.446162012,0.142569640,0.002587375,0.748379947
1,195,211318720,67,1.773783767,0.142569640,0.002587375,0.734961113
18,195,211318720,67,2.140959545,0.142569640,0.002587375,0.761942165
13,195,211318720,67,2.204497577,0.142569640,0.002587375,0.783588510
10,195,211318720,67,2.798334504,0.142569640,0.002587375,0.679043216
16,195,211318720,67,3.047880452,0.142569640,0.002587375,0.692302105
4,195,211318720,67,3.927143686,0.142569640,0.002587375,0.499363131
3,195,211318720,67,4.065658968,0.142569640,0.002587375,0.546007490
2,195,211318720,67,6.410488416,0.142569640,0.002587375,0.000004764
5,196,211318720,67,0.396747088,0.142569640,0.018137207,0.197430985
19,196,211318720,67,0.407130517,0.142569640,0.018137207,0.215083449
7,196,211318720,67,0.479268135,0.142569640,0.018137207,0.294472733
11,196,211318720,67,0.506198840,0.142569640,0.018137207,0.321485373
20,196,211318720,67,0.610937478,0.142569640,0.018137207,0.370565019
17,196,211318720,67,0.731102801,0.142569640,0.018137207,0.424876095
9,196,211318720,67,0.853573689,0.142569640,0.018137207,0.552808114
12,196,211318720,67,0.896579158,0.142569640,0.018137207,0.595985593
15,196,211318720,67,0.967246358,0.142569640,0.018137207,0.619307261
8,196,211318720,67,1.123565979,0.142569640,0.018137207,0.663116043
10,196,211318720,67,1.399167252,0.142569640,0.018137207,0.706457919
14,196,211318720,67,1.481591888,0.142569640,0.018137207,0.756435498
16,196,211318720,67,1.590198497,0.142569640,0.018137207,0.791833493
6,196,211318720,67,1.735394414,0.142569640,0.018137207,0.911305758
1,196,211318720,67,1.773783767,0.142569640,0.018137207,0.950012547
3,196,211318720,67,1.876457985,0.142569640,0.018137207,0.984162342
18,196,211318720,67,2.140959545,0.142569640,0.018137207,0.991632120
13,196,211318720,67,2.645397093,0.142569640,0.018137207,0.917295359
4,196,211318720,67,2.945357764,0.142569640,0.018137207,0.912471298
2,196,211318720,67,2.958686961,0.142569640,0.018137207,0.908030878
8,197,211318720,67,0.309949235,0.142569640,0.062658310,0.049235203
19,197,211318720,67,0.452367241,0.142569640,0.062658310,0.214514403
9,197,211318720,67,0.512144213,0.142569640,0.062658310,0.338877087
15,197,211318720,67,0.531985497,0.142569640,0.062658310,0.371713397
12,197,211318720,67,0.566260521,0.142569640,0.062658310,0.424957111
17,197,211318720,67,0.618625447,0.142569640,0.062658310,0.478103664
5,197,211318720,67,0.680137865,0.142569640,0.062658310,0.498722460
11,197,211318720,67,1.058415756,0.142569640,0.062658310,0.471610205
7,197,211318720,67,1.198170338,0.142569640,0.062658310,0.556332102
20,197,211318720,67,1.282968703,0.142569640,0.062658310,0.584507144
3,197,211318720,67,1.563714988,0.142569640,0.062658310,0.861722033
6,197,211318720,67,1.590778213,0.142569640,0.062658310,0.925164663
14,197,211318720,67,1.591339436,0.142569640,0.062658310,0.926040411
18,197,211318720,67,1.605719658,0.142569640,0.062658310,0.940545171
1,197,211318720,67,1.625968453,0.142569640,0.062658310,0.948212127
10,197,211318720,67,2.098750878,0.142569640,0.062658310,0.884802249
16,197,211318720,67,2.782847369,0.142569640,0.062658310,0.755440886
4,197,211318720,67,3.108988751,0.142569640,0.062658310,0.743317252
2,197,211318720,67,4.931144935,0.142569640,0.062658310,0.239446418
13,197,211318720,67,5.511243943,0.142569640,0.062658310,0.050676978
9,198,211318720,67,0.426786845,0.142569640,0.066798158,0.118007303
15,198,211318720,67,0.483623179,0.142569640,0.066798158,0.238277879
11,198,211318720,67,0.552216916,0.142569640,0.066798158,0.377291188
12,198,211318720,67,0.566260521,0.142569640,0.066798158,0.401305286
19,198,211318720,67,0.588077413,0.142569640,0.066798158,0.422989943
14,198,211318720,67,0.658485284,0.142569640,0.066798158,0.491657836
20,198,211318720,67,0.733124973,0.142569640,0.066798158,0.517656636
17,198,211318720,67,0.899818832,0.142569640,0.066798158,0.609206819
8,198,211318720,67,0.968591361,0.142569640,0.066798158,0.632002553
5,198,211318720,67,1.133563108,0.142569640,0.066798158,0.741827362
16,198,211318720,67,1.192648873,0.142569640,0.066798158,0.800611441
3,198,211318720,67,1.250971990,0.142569640,0.066798158,0.822359599
7,198,211318720,67,1.389877592,0.142569640,0.066798158,0.869464018
13,198,211318720,67,1.543148304,0.142569640,0.066798158,0.915504842
6,198,211318720,67,1.735394414,0.142569640,0.066798158,0.945574912
10,198,211318720,67,1.923854972,0.142569640,0.066798158,0.977884686
18,198,211318720,67,2.140959545,0.142569640,0.066798158,1.001060864
4,198,211318720,67,3.927143686,0.142569640,0.066798158,0.560723001
1,198,211318720,67,3.991013475,0.142569640,0.066798158,0.581924260
2,198,211318720,67,4.684587688,0.142569640,0.066798158,0.353761054
8,199,211318720,67,0.464923853,0.142569640,0.029206906,0.155483378
12,199,211318720,67,0.566260521,0.142569640,0.029206906,0.493750041
5,199,211318720,67,0.566781554,0.142569640,0.029206906,0.495359628
7,199,211318720,67,0.575121762,0.142569640,0.029206906,0.514686296
15,199,211318720,67,0.580347815,0.142569640,0.029206906,0.523184344
19,199,211318720,67,0.588077413,0.142569640,0.029206906,0.531042082
14,199,211318720,67,0.658485284,0.142569640,0.029206906,0.605288156
17,199,211318720,67,0.731102801,0.142569640,0.029206906,0.678448712
20,199,211318720,67,0.794218721,0.142569640,0.029206906,0.698881109
11,199,211318720,67,1.150451908,0.142569640,0.029206906,0.770344001
9,199,211318720,67,1.152324480,0.142569640,0.029206906,0.770989669
16,199,211318720,67,1.457681955,0.142569640,0.029206906,0.767818109
18,199,211318720,67,1.605719658,0.142569640,0.029206906,0.902625079
1,199,211318720,67,1.625968453,0.142569640,0.029206906,0.922319931
6,199,211318720,67,1.735394414,0.142569640,0.029206906,0.959095280
3,199,211318720,67,1.876457985,0.142569640,0.029206906,1.006399905
4,199,211318720,67,2.127202830,0.142569640,0.029206906,1.019923731
10,199,211318720,67,2.273646785,0.142569640,0.029206906,1.064946621
13,199,211318720,67,4.629444912,0.142569640,0.029206906,0.375155795
2,199,211318720,67,6.657045662,0.142569640,0.029206906,0.000004764
8,200,211318720,67,0.503667508,0.142569640,0.024784951,0.160203454
14,200,211318720,67,0.548737736,0.142569640,0.024784951,0.204769421
7,200,211318720,67,0.575121762,0.142569640,0.024784951,0.214506017
9,200,211318720,67,0.725537636,0.142569640,0.024784951,0.296071878
19,200,211318720,67,0.814261034,0.142569640,0.024784951,0.325479018
15,200,211318720,67,1.112333311,0.142569640,0.024784951,0.414081629
11,200,211318720,67,1.150451908,0.142569640,0.024784951,0.464683635
20,200,211318720,67,1.221874955,0.142569640,0.024784951,0.627202804
12,200,211318720,67,1.274086172,0.142569640,0.024784951,0.713807091
17,200,211318720,67,1.293489571,0.142569640,0.024784951,0.732525461
6,200,211318720,67,1.301545810,0.142569640,0.024784951,0.735075994
5,200,211318720,67,1.473632041,0.142569640,0.024784951,0.837069947
3,200,211318720,67,1.563714988,0.142569640,0.024784951,0.928051648
10,200,211318720,67,1.574063159,0.142569640,0.024784951,0.930860252
13,200,211318720,67,1.763598062,0.142569640,0.024784951,0.961858151
4,200,211318720,67,1.963571843,0.142569640,0.024784951,0.988710522
18,200,211318720,67,2.140959545,0.142569640,0.024784951,1.067569430
2,200,211318720,67,2.219015221,0.142569640,0.024784951,1.093550923
1,200,211318720,67,2.365045022,0.142569640,0.024784951,1.139000293
16,200,211318720,67,3.180396994,0.142569640,0.024784951,0.873330048
12,201,211318720,67,0.424695391,0.142569640,0.000798362,0.219230275
9,201,211318720,67,0.426786845,0.142569640,0.000798362,0.221249050
19,201,211318720,67,0.452367241,0.142569640,0.000798362,0.253867587
7,201,211318720,67,0.575121762,0.142569640,0.000798362,0.535504922
15,201,211318720,67,0.580347815,0.142569640,0.000798362,0.551233318
8,201,211318720,67,0.619898471,0.142569640,0.000798362,0.642399299
14,201,211318720,67,0.658485284,0.142569640,0.000798362,0.707005751
17,201,211318720,67,0.674864124,0.142569640,0.000798362,0.723323609
5,201,211318720,67,0.680137865,0.142569640,0.000798362,0.725249217
1,201,211318720,67,1.034707197,0.142569640,0.000798362,0.699068013
11,201,211318720,67,1.242488061,0.142569640,0.000798362,0.815736070
18,201,211318720,67,1.248893068,0.142569640,0.000798362,0.817831995
20,201,211318720,67,1.771718685,0.142569640,0.000798362,0.762483618
6,201,211318720,67,1.880010615,0.142569640,0.000798362,0.798783206
3,201,211318720,67,2.032829484,0.142569640,0.000798362,0.926097186
10,201,211318720,67,2.098750878,0.142569640,0.000798362,0.992964597
4,201,211318720,67,2.127202830,0.142569640,0.000798362,1.002534180
16,201,211318720,67,2.782847369,0.142569640,0.000798362,0.881365105
13,201,211318720,67,5.511243943,0.142569640,0.000798362,0.078700398
2,201,211318720,67,6.163931169,0.142569640,0.000798362,0.000004764
11,202,211318720,67,0.460180763,0.142569640,0.002515866,0.312999682
8,202,211318720,67,0.464923853,0.142569640,0.002515866,0.327019538
7,202,211318720,67,0.479268135,0.142569640,0.002515866,0.360844837
19,202,211318720,67,0.542840689,0.142569640,0.002515866,0.467986655
14,202,211318720,67,0.548737736,0.142569640,0.002515866,0.474041544
15,202,211318720,67,0.580347815,0.142569640,0.002515866,0.484827774
20,202,211318720,67,0.794218721,0.142569640,0.002515866,0.508480592
12,202,211318720,67,0.943767534,0.142569640,0.002515866,0.636389295
5,202,211318720,67,0.963528642,0.142569640,0.002515866,0.643256531
9,202,211318720,67,1.109645796,0.142569640,0.002515866,0.735900532
17,202,211318720,67,1.181012217,0.142569640,0.002515866,0.760009461
1,202,211318720,67,1.478153139,0.142569640,0.002515866,0.757337752
4,202,211318720,67,1.963571843,0.142569640,0.002515866,0.822530318
13,202,211318720,67,1.984047819,0.142569640,0.002515866,0.842916563
3,202,211318720,67,2.032829484,0.142569640,0.002515866,0.859175589
2,202,211318720,67,2.712129714,0.142569640,0.002515866,0.729473681
16,202,211318720,67,3.577946618,0.142569640,0.002515866,0.538754518
6,202,211318720,67,3.904637431,0.142569640,0.002515866,0.523380563
18,202,211318720,67,4.817158975,0.142569640,0.002515866,0.319182937
10,202,211318720,67,5.246877195,0.142569640,0.002515866,0.176235685
5,203,211318720,67,0.453425243,0.142569640,0.032825865,0.133966991
7,203,211318720,67,0.527194949,0.142569640,0.032825865,0.265406040
11,203,211318720,67,0.552216916,0.142569640,0.032825865,0.306827279
15,203,211318720,67,0.580347815,0.142569640,0.032825865,0.335368678
14,203,211318720,67,0.658485284,0.142569640,0.032825865,0.407036242
20,203,211318720,67,0.733124973,0.142569640,0.032825865,0.431167248
8,203,211318720,67,1.046078670,0.142569640,0.032825865,0.454847137
9,203,211318720,67,1.152324480,0.142569640,0.032825865,0.611881319
12,203,211318720,67,1.179709418,0.142569640,0.032825865,0.639332999
19,203,211318720,67,1.221391550,0.142569640,0.032825865,0.652870338
16,203,211318720,67,1.457681955,0.142569640,0.032825865,0.752167545
17,203,211318720,67,1.518444278,0.142569640,0.032825865,0.813146255
3,203,211318720,67,1.563714988,0.142569640,0.032825865,0.828361894
6,203,211318720,67,1.735394414,0.142569640,0.032825865,1.022699377
10,203,211318720,67,1.748959065,0.142569640,0.032825865,1.036652548
1,203,211318720,67,1.773783767,0.142569640,0.032825865,1.045522651
4,203,211318720,67,2.127202830,0.142569640,0.032825865,1.026445928
13,203,211318720,67,2.645397093,0.142569640,0.032825865,0.953314536
18,203,211318720,67,3.033026022,0.142569640,0.032825865,0.921047507
2,203,211318720,67,3.944915948,0.142569640,0.032825865,0.622323634
9,204,211318720,67,0.298750791,0.142569640,0.042918120,0.066734083
11,204,211318720,67,0.414162687,0.142569640,0.042918120,0.226987028
8,204,211318720,67,0.464923853,0.142569640,0.042918120,0.375440924
19,204,211318720,67,0.497603965,0.142569640,0.042918120,0.480519213
15,204,211318720,67,0.531985497,0.142569640,0.042918120,0.583310996
14,204,211318720,67,0.548737736,0.142569640,0.042918120,0.622591598
17,204,211318720,67,0.562386770,0.142569640,0.042918120,0.645428492
12,204,211318720,67,0.613448897,0.142569640,0.042918120,0.697537437
7,204,211318720,67,0.623048576,0.142569640,0.042918120,0.700907540
20,204,211318720,67,0.794218721,0.142569640,0.042918120,0.740117560
5,204,211318720,67,1.190241264,0.142569640,0.042918120,0.703359694
16,204,211318720,67,1.590198497,0.142569640,0.042918120,0.667758349
4,204,211318720,67,1.963571843,0.142569640,0.042918120,0.636572773
13,204,211318720,67,2.645397093,0.142569640,0.042918120,0.510966912
3,204,211318720,67,2.971058477,0.142569640,0.042918120,0.496163126
1,204,211318720,67,3.547567533,0.142569640,0.042918120,0.403346145
6,204,211318720,67,3.904637431,0.142569640,0.042918120,0.382331753
18,204,211318720,67,4.817158975,0.142569640,0.042918120,0.175689256
10,204,211318720,67,5.071981289,0.142569640,0.042918120,0.187266403
2,204,211318720,67,6.657045662,0.142569640,0.042918120,0.000004764
8,205,211318720,67,0.271205581,0.142569640,0.078325361,0.048252583
11,205,211318720,67,0.460180763,0.142569640,0.078325361,0.251346569
9,205,211318720,67,0.469465529,0.142569640,0.078325361,0.260749520
7,205,211318720,67,0.479268135,0.142569640,0.078325361,0.263918515
15,205,211318720,67,0.628710132,0.142569640,0.078325361,0.446448987
14,205,211318720,67,0.658485284,0.142569640,0.078325361,0.476136679
5,205,211318720,67,0.680137865,0.142569640,0.078325361,0.483962721
12,205,211318720,67,0.896579158,0.142569640,0.078325361,0.507614503
20,205,211318720,67,1.038593712,0.142569640,0.078325361,0.556716173
19,205,211318720,67,1.311864998,0.142569640,0.078325361,0.594059093
17,205,211318720,67,1.405966925,0.142569640,0.078325361,0.626260053
10,205,211318720,67,2.098750878,0.142569640,0.078325361,0.488795685
4,205,211318720,67,2.454464804,0.142569640,0.078325361,0.466813739
13,205,211318720,67,2.645397093,0.142569640,0.078325361,0.500919244
2,205,211318720,67,2.958686961,0.142569640,0.078325361,0.492512857
1,205,211318720,67,3.547567533,0.142569640,0.078325361,0.466669631
16,205,211318720,67,3.577946618,0.142569640,0.078325361,0.478378022
6,205,211318720,67,3.904637431,0.142569640,0.078325361,0.466317267
18,205,211318720,67,4.103505794,0.142569640,0.078325361,0.497770221
3,205,211318720,67,4.222030467,0.142569640,0.078325361,0.458267289
15,206,211318720,67,0.531985497,0.142569640,0.003838518,0.183071882
11,206,211318720,67,0.598234992,0.142569640,0.003838518,0.294159649
20,206,211318720,67,0.610937478,0.142569640,0.003838518,0.306976703
12,206,211318720,67,0.613448897,0.142569640,0.003838518,0.307878250
8,206,211318720,67,0.813616743,0.142569640,0.003838518,0.428160779
7,206,211318720,67,0.814755830,0.142569640,0.003838518,0.428304426
5,206,211318720,67,1.076884953,0.142569640,0.003838518,0.571601564
19,206,211318720,67,1.085681378,0.142569640,0.003838518,0.580640421
9,206,211318720,67,1.152324480,0.142569640,0.003838518,0.601639215
17,206,211318720,67,1.462205602,0.142569640,0.003838518,0.784903525
4,206,211318720,67,1.472678882,0.142569640,0.003838518,0.809422028
14,206,211318720,67,1.481591888,0.142569640,0.003838518,0.824557873
16,206,211318720,67,1.590198497,0.142569640,0.003838518,0.941590953
6,206,211318720,67,1.590778213,0.142569640,0.003838518,0.942229943
3,206,211318720,67,1.720086486,0.142569640,0.003838518,0.986927851
1,206,211318720,67,1.921599080,0.142569640,0.003838518,1.011901255
2,206,211318720,67,2.958686961,0.142569640,0.003838518,0.813100579
18,206,211318720,67,3.033026022,0.142569640,0.003838518,0.836993604
10,206,211318720,67,4.547293569,0.142569640,0.003838518,0.435955478
13,206,211318720,67,5.952143458,0.142569640,0.003838518,0.000004764
8,207,211318720,67,0.426180199,0.142569640,0.016190778,0.267036080
5,207,211318720,67,0.453425243,0.142569640,0.016190778,0.363557819
15,207,211318720,67,0.483623179,0.142569640,0.016190778,0.453978327
11,207,211318720,67,0.506198840,0.142569640,0.016190778,0.506128449
9,207,211318720,67,0.512144213,0.142569640,0.016190778,0.516183329
17,207,211318720,67,0.562386770,0.142569640,0.016190778,0.566765186
7,207,211318720,67,0.575121762,0.142569640,0.016190778,0.573110204
14,207,211318720,67,0.713359057,0.142569640,0.016190778,0.621362613
12,207,211318720,67,1.179709418,0.142569640,0.016190778,0.630742173
19,207,211318720,67,1.221391550,0.142569640,0.016190778,0.644929443
13,207,211318720,67,1.543148304,0.142569640,0.016190778,0.777615646
3,207,211318720,67,1.563714988,0.142569640,0.016190778,0.798200964
6,207,211318720,67,1.590778213,0.142569640,0.016190778,0.822464983
20,207,211318720,67,1.710624938,0.142569640,0.016190778,0.916996629
1,207,211318720,67,1.773783767,0.142569640,0.016190778,0.938025157
18,207,211318720,67,1.962546249,0.142569640,0.016190778,0.974374023
10,207,211318720,67,2.098750878,0.142569640,0.016190778,1.019306313
16,207,211318720,67,3.445430076,0.142569640,0.016190778,0.666386269
4,207,211318720,67,4.254405660,0.142569640,0.016190778,0.492806356
2,207,211318720,67,4.684587688,0.142569640,0.016190778,0.348797627
9,208,211318720,67,0.426786845,0.142569640,0.041822255,0.120007580
11,208,211318720,67,0.506198840,0.142569640,0.041822255,0.322901695
19,208,211318720,67,0.542840689,0.142569640,0.041822255,0.415431594
14,208,211318720,67,0.548737736,0.142569640,0.041822255,0.429445955
15,208,211318720,67,0.580347815,0.142569640,0.041822255,0.482425349
20,208,211318720,67,0.610937478,0.142569640,0.041822255,0.513318796
17,208,211318720,67,0.674864124,0.142569640,0.041822255,0.534336798
7,208,211318720,67,0.910609457,0.142569640,0.041822255,0.556096338
8,208,211318720,67,1.046078670,0.142569640,0.041822255,0.606381652
12,208,211318720,67,1.179709418,0.142569640,0.041822255,0.650418599
5,208,211318720,67,1.530310196,0.142569640,0.041822255,0.687834487
16,208,211318720,67,1.590198497,0.142569640,0.041822255,0.708814351
18,208,211318720,67,1.784132954,0.142569640,0.041822255,0.858152941
4,208,211318720,67,1.799940856,0.142569640,0.041822255,0.885054394
3,208,211318720,67,1.876457985,0.142569640,0.041822255,0.961616326
10,208,211318720,67,1.923854972,0.142569640,0.041822255,0.978120197
13,208,211318720,67,2.204497577,0.142569640,0.041822255,0.977676208
1,208,211318720,67,3.104121591,0.142569640,0.041822255,0.774882177
6,208,211318720,67,4.049253632,0.142569640,0.041822255,0.556272395
2,208,211318720,67,7.396717403,0.142569640,0.041822255,0.000004764
15,209,211318720,67,0.338536225,0.142569640,0.069871910,0.116106512
8,209,211318720,67,0.387436544,0.142569640,0.069871910,0.199457931
9,209,211318720,67,0.469465529,0.142569640,0.069871910,0.341943579
19,209,211318720,67,0.497603965,0.142569640,0.069871910,0.406032873
5,209,211318720,67,0.510103399,0.142569640,0.069871910,0.426760262
14,209,211318720,67,0.603611510,0.142569640,0.069871910,0.529936868
12,209,211318720,67,0.613448897,0.142569640,0.069871910,0.540194149
20,209,211318720,67,0.733124973,0.142569640,0.069871910,0.578660851
11,209,211318720,67,1.150451908,0.142569640,0.069871910,0.531605073
17,209,211318720,67,1.293489571,0.142569640,0.069871910,0.673825397
7,209,211318720,67,1.294023965,0.142569640,0.069871910,0.673981865
1,209,211318720,67,1.625968453,0.142569640,0.069871910,0.661639518
10,209,211318720,67,2.273646785,0.142569640,0.069871910,0.541369396
2,209,211318720,67,2.465572468,0.142569640,0.069871910,0.572531456
18,209,211318720,67,3.033026022,0.142569640,0.069871910,0.563707953
16,209,211318720,67,3.047880452,0.142569640,0.069871910,0.568321241
6,209,211318720,67,3.326172627,0.142569640,0.069871910,0.571952214
3,209,211318720,67,3.596544472,0.142569640,0.069871910,0.578946067
4,209,211318720,67,4.418036646,0.142569640,0.069871910,0.405010445
13,209,211318720,67,5.952143458,0.142569640,0.069871910,0.000004764
12,210,211318720,67,0.330318637,0.142569640,0.059209149,0.052588497
8,210,211318720,67,0.464923853,0.142569640,0.059209149,0.246957027
9,210,211318720,67,0.512144213,0.142569640,0.059209149,0.357445797
15,210,211318720,67,0.531985497,0.142569640,0.059209149,0.390150904
7,210,211318720,67,0.575121762,0.142569640,0.059209149,0.461638247
19,210,211318720,67,0.588077413,0.142569640,0.059209149,0.474862999
17,210,211318720,67,0.674864124,0.142569640,0.059209149,0.505179189
11,210,211318720,67,0.966379603,0.142569640,0.059209149,0.513347653
20,210,211318720,67,1.099687460,0.142569640,0.059209149,0.656750196
4,210,211318720,67,1.145416908,0.142569640,0.059209149,0.719902939
5,210,211318720,67,1.190241264,0.142569640,0.059209149,0.764373592
14,210,211318720,67,1.262096794,0.142569640,0.059209149,0.788392594
1,210,211318720,67,1.478153139,0.142569640,0.059209149,0.821680825
18,210,211318720,67,1.605719658,0.142569640,0.059209149,0.883210043
16,210,211318720,67,1.722715038,0.142569640,0.059209149,0.923177766
3,210,211318720,67,2.501943980,0.142569640,0.059209149,0.758294647
13,210,211318720,67,2.645397093,0.142569640,0.059209149,0.804351150
10,210,211318720,67,3.672814037,0.142569640,0.059209149,0.567289157
6,210,211318720,67,3.904637431,0.142569640,0.059209149,0.584722799
2,210,211318720,67,5.917373922,0.142569640,0.059209149,0.000004764
19,211,211318720,67,0.452367241,0.142569640,0.010693550,0.246932948
9,211,211318720,67,0.469465529,0.142569640,0.010693550,0.292770614
7,211,211318720,67,0.479268135,0.142569640,0.010693550,0.316077523
11,211,211318720,67,0.552216916,0.142569640,0.010693550,0.438181836
15,211,211318720,67,0.580347815,0.142569640,0.010693550,0.466278229
14,211,211318720,67,0.603611510,0.142569640,0.010693550,0.483171765
20,211,211318720,67,0.733124973,0.142569640,0.010693550,0.593091707
8,211,211318720,67,0.774873089,0.142569640,0.010693550,0.607217958
12,211,211318720,67,1.179709418,0.142569640,0.010693550,0.567932073
5,211,211318720,67,1.360275730,0.142569640,0.010693550,0.604718181
17,211,211318720,67,1.518444278,0.142569640,0.010693550,0.693529024
6,211,211318720,67,1.590778213,0.142569640,0.010693550,0.725212560
16,211,211318720,67,1.722715038,0.142569640,0.010693550,0.823981771
18,211,211318720,67,1.784132954,0.142569640,0.010693550,0.878746675
3,211,211318720,67,1.876457985,0.142569640,0.010693550,0.948336783
4,211,211318720,67,1.963571843,0.142569640,0.010693550,0.979086395
2,211,211318720,67,2.465572468,0.142569640,0.010693550,0.906143148
1,211,211318720,67,2.808490964,0.142569640,0.010693550,0.890348555
10,211,211318720,67,4.022605850,0.142569640,0.010693550,0.585784297
13,211,211318720,67,4.629444912,0.142569640,0.010693550,0.381246580
15,212,211318720,67,0.338536225,0.142569640,0.109068058,0.229284862
9,212,211318720,67,0.341429476,0.142569640,0.109068058,0.234228042
19,212,211318720,67,0.407130517,0.142569640,0.109068058,0.300172557
12,212,211318720,67,0.424695391,0.142569640,0.109068058,0.306016810
7,212,211318720,67,0.575121762,0.142569640,0.109068058,0.556676749
17,212,211318720,67,0.618625447,0.142569640,0.109068058,0.677157913
5,212,211318720,67,0.623459709,0.142569640,0.109068058,0.688416246
14,212,211318720,67,0.658485284,0.142569640,0.109068058,0.748057364
8,212,211318720,67,0.658642125,0.142569640,0.109068058,0.748226485
20,212,211318720,67,0.733124973,0.142569640,0.109068058,0.773304266
11,212,211318720,67,0.966379603,0.142569640,0.109068058,0.791036792
3,212,211318720,67,1.876457985,0.142569640,0.109068058,0.589010009
10,212,211318720,67,2.098750878,0.142569640,0.109068058,0.686005256
4,212,211318720,67,2.127202830,0.142569640,0.109068058,0.695930857
16,212,211318720,67,2.650330828,0.142569640,0.109068058,0.650097294
6,212,211318720,67,2.747707822,0.142569640,0.109068058,0.681607375
2,212,211318720,67,2.958686961,0.142569640,0.109068058,0.705183825
1,212,211318720,67,3.991013475,0.142569640,0.109068058,0.460122719
18,212,211318720,67,4.638745680,0.142569640,0.109068058,0.339748024
13,212,211318720,67,5.731693700,0.142569640,0.109068058,0.000004764
12,213,211318720,67,0.424695391,0.142569640,0.010566391,0.227017309
9,213,211318720,67,0.426786845,0.142569640,0.010566391,0.231875416
8,213,211318720,67,0.503667508,0.142569640,0.010566391,0.444400858
11,213,211318720,67,0.506198840,0.142569640,0.010566391,0.450314632
17,213,211318720,67,0.562386770,0.142569640,0.010566391,0.544029994
15,213,211318720,67,0.580347815,0.142569640,0.010566391,0.562391429
19,213,211318720,67,0.588077413,0.142569640,0.010566391,0.565072155
20,213,211318720,67,0.733124973,0.142569640,0.010566391,0.613074451
14,213,211318720,67,0.987727926,0.142569640,0.010566391,0.687416111
1,213,211318720,67,1.034707197,0.142569640,0.010566391,0.716459179
6,213,211318720,67,1.156929609,0.142569640,0.010566391,0.793630973
7,213,211318720,67,1.246097151,0.142569640,0.010566391,0.824285436
5,213,211318720,67,1.700344662,0.142569640,0.010566391,0.909154481
16,213,211318720,67,1.722715038,0.142569640,0.010566391,0.932197163
10,213,211318720,67,1.748959065,0.142569640,0.010566391,0.941701772
4,213,211318720,67,1.963571843,0.142569640,0.010566391,0.965716369
13,213,211318720,67,2.645397093,0.142569640,0.010566391,0.835010122
2,213,211318720,67,2.958686961,0.142569640,0.010566391,0.826168190
18,213,211318720,67,3.568265908,0.142569640,0.010566391,0.721055191
3,213,211318720,67,4.691144963,0.142569640,0.010566391,0.345385759
8,214,211318720,67,0.503667508,0.142569640,0.053167757,0.501701659
11,214,211318720,67,0.506198840,0.142569640,0.053167757,0.514560605
9,214,211318720,67,0.512144213,0.142569640,0.053167757,0.540774620
19,214,211318720,67,0.542840689,0.142569640,0.053167757,0.656918208
20,214,211318720,67,0.549843730,0.142569640,0.053167757,0.682898674
7,214,211318720,67,0.575121762,0.142569640,0.053167757,0.758410628
15,214,211318720,67,0.580347815,0.142569640,0.053167757,0.770261378
14,214,211318720,67,0.603611510,0.142569640,0.053167757,0.809475135
17,214,211318720,67,0.618625447,0.142569640,0.053167757,0.824231379
5,214,211318720,67,0.680137865,0.142569640,0.053167757,0.844070375
12,214,211318720,67,0.990955911,0.142569640,0.053167757,0.835494780
16,214,211318720,67,1.590198497,0.142569640,0.053167757,0.733146862
1,214,211318720,67,1.773783767,0.142569640,0.053167757,0.766829742
3,214,211318720,67,2.032829484,0.142569640,0.053167757,0.777240270
18,214,211318720,67,2.676199431,0.142569640,0.053167757,0.657390607
10,214,211318720,67,2.973230411,0.142569640,0.053167757,0.654534394
6,214,211318720,67,3.326172627,0.142569640,0.053167757,0.635503564
4,214,211318720,67,3.927143686,0.142569640,0.053167757,0.535085893
13,214,211318720,67,4.629444912,0.142569640,0.053167757,0.402634711
2,214,211318720,67,6.163931169,0.142569640,0.053167757,0.000004764
12,215,211318720,67,0.471883767,0.142569640,0.046049953,0.339862772
20,215,211318720,67,0.488749982,0.142569640,0.046049953,0.401563978
9,215,211318720,67,0.512144213,0.142569640,0.046049953,0.471703675
7,215,211318720,67,0.527194949,0.142569640,0.046049953,0.506860626
11,215,211318720,67,0.552216916,0.142569640,0.046049953,0.561900935
5,215,211318720,67,0.566781554,0.142569640,0.046049953,0.594521586
14,215,211318720,67,0.603611510,0.142569640,0.046049953,0.656301953
17,215,211318720,67,0.674864124,0.142569640,0.046049953,0.728650615
8,215,211318720,67,0.697385780,0.142569640,0.046049953,0.736625097
19,215,211318720,67,1.311864998,0.142569640,0.046049953,0.630128131
15,215,211318720,67,1.450869536,0.142569640,0.046049953,0.680771264
16,215,211318720,67,1.590198497,0.142569640,0.046049953,0.726171971
1,215,211318720,67,1.773783767,0.142569640,0.046049953,0.784144275
6,215,211318720,67,1.880010615,0.142569640,0.046049953,0.820653785
10,215,211318720,67,2.098750878,0.142569640,0.046049953,0.844504420
3,215,211318720,67,3.127429975,0.142569640,0.046049953,0.601725568
13,215,211318720,67,4.188545396,0.142569640,0.046049953,0.439395718
2,215,211318720,67,4.191473195,0.142569640,0.046049953,0.440296780
4,215,211318720,67,4.418036646,0.142569640,0.046049953,0.458389576
18,215,211318720,67,5.173985566,0.142569640,0.046049953,0.213629097
9,216,211318720,67,0.341429476,0.142569640,0.075223930,0.280557914
7,216,211318720,67,0.383414508,0.142569640,0.075223930,0.406464064
17,216,211318720,67,0.393670739,0.142569640,0.075223930,0.429815044
19,216,211318720,67,0.407130517,0.142569640,0.075223930,0.451848702
8,216,211318720,67,0.426180199,0.142569640,0.075223930,0.473341081
11,216,211318720,67,0.460180763,0.142569640,0.075223930,0.507439012
12,216,211318720,67,0.566260521,0.142569640,0.075223930,0.630923315
14,216,211318720,67,0.603611510,0.142569640,0.075223930,0.667950981
5,216,211318720,67,0.680137865,0.142569640,0.075223930,0.693720239
20,216,211318720,67,0.977499964,0.142569640,0.075223930,0.709049607
3,216,211318720,67,1.094600491,0.142569640,0.075223930,0.749013896
15,216,211318720,67,1.305782583,0.142569640,0.075223930,0.773422086
6,216,211318720,67,1.590778213,0.142569640,0.075223930,0.851117436
1,216,211318720,67,1.625968453,0.142569640,0.075223930,0.886991533
2,216,211318720,67,1.725900727,0.142569640,0.075223930,0.918920314
16,216,211318720,67,2.385297745,0.142569640,0.075223930,0.796412001
13,216,211318720,67,2.645397093,0.142569640,0.075223930,0.804857915
4,216,211318720,67,4.745298620,0.142569640,0.075223930,0.259338517
18,216,211318720,67,4.817158975,0.142569640,0.075223930,0.283613895
10,216,211318720,67,4.897085382,0.142569640,0.075223930,0.256974738
9,217,211318720,67,0.426786845,0.142569640,0.008232947,0.205581383
8,217,211318720,67,0.464923853,0.142569640,0.008232947,0.294670807
11,217,211318720,67,0.506198840,0.142569640,0.008232947,0.380058938
12,217,211318720,67,0.519072144,0.142569640,0.008232947,0.401857672
14,217,211318720,67,0.548737736,0.142569640,0.008232947,0.432585106
7,217,211318720,67,0.623048576,0.142569640,0.008232947,0.458813218
15,217,211318720,67,1.015608676,0.142569640,0.008232947,0.502795230
19,217,211318720,67,1.040444654,0.142569640,0.008232947,0.511158454
20,217,211318720,67,1.221874955,0.142569640,0.008232947,0.546107612
10,217,211318720,67,1.399167252,0.142569640,0.008232947,0.740705361
16,217,211318720,67,1.457681955,0.142569640,0.008232947,0.839042515
17,217,211318720,67,1.462205602,0.142569640,0.008232947,0.843632021
5,217,211318720,67,1.473632041,0.142569640,0.008232947,0.847545255
4,217,211318720,67,1.636309869,0.142569640,0.008232947,0.929851723
6,217,211318720,67,1.735394414,0.142569640,0.008232947,1.030161267
13,217,211318720,67,1.763598062,0.142569640,0.008232947,1.040027182
1,217,211318720,67,1.921599080,0.142569640,0.008232947,1.083245930
18,217,211318720,67,2.140959545,0.142569640,0.008232947,1.147070418
2,217,211318720,67,2.219015221,0.142569640,0.008232947,1.173224309
3,217,211318720,67,2.971058477,0.142569640,0.008232947,0.926716771
7,218,211318720,67,0.479268135,0.142569640,0.042882670,0.317886333
8,218,211318720,67,0.503667508,0.142569640,0.042882670,0.407908996
11,218,211318720,67,0.506198840,0.142569640,0.042882670,0.415702178
12,218,211318720,67,0.566260521,0.142569640,0.042882670,0.557112107
5,218,211318720,67,0.566781554,0.142569640,0.042882670,0.557960624
15,218,211318720,67,0.580347815,0.142569640,0.042882670,0.572280039
14,218,211318720,67,0.603611510,0.142569640,0.042882670,0.580473110
19,218,211318720,67,0.949971206,0.142569640,0.042882670,0.597753809
1,218,211318720,67,1.034707197,0.142569640,0.042882670,0.652210900
9,218,211318720,67,1.152324480,0.142569640,0.042882670,0.770032338
20,218,211318720,67,1.160781208,0.142569640,0.042882670,0.773061469
17,218,211318720,67,1.462205602,0.142569640,0.042882670,0.768514448
13,218,211318720,67,1.763598062,0.142569640,0.042882670,0.765044134
10,218,211318720,67,2.098750878,0.142569640,0.042882670,0.813042144
18,218,211318720,67,2.140959545,0.142569640,0.042882670,0.828254934
16,218,211318720,67,2.517814287,0.142569640,0.042882670,0.796327090
3,218,211318720,67,3.752915970,0.142569640,0.042882670,0.571738819
4,218,211318720,67,3.763512699,0.142569640,0.042882670,0.575211896
6,218,211318720,67,4.049253632,0.142569640,0.042882670,0.577247260
2,218,211318720,67,7.150160156,0.142569640,0.042882670,0.000004764
8,219,211318720,67,0.271205581,0.142569640,0.051830076,0.047552558
9,219,211318720,67,0.512144213,0.142569640,0.051830076,0.343915282
19,219,211318720,67,0.542840689,0.142569640,0.051830076,0.456887249
11,219,211318720,67,0.552216916,0.142569640,0.051830076,0.484621921
15,219,211318720,67,0.580347815,0.142569640,0.051830076,0.550507196
14,219,211318720,67,0.603611510,0.142569640,0.051830076,0.595963205
20,219,211318720,67,0.610937478,0.142569640,0.051830076,0.608135693
17,219,211318720,67,0.618625447,0.142569640,0.051830076,0.616311735
5,219,211318720,67,0.736816020,0.142569640,0.051830076,0.657229447
7,219,211318720,67,0.958536270,0.142569640,0.051830076,0.681624042
12,219,211318720,67,1.274086172,0.142569640,0.051830076,0.671376630
10,219,211318720,67,2.098750878,0.142569640,0.051830076,0.590208692
18,219,211318720,67,2.140959545,0.142569640,0.051830076,0.631341458
13,219,211318720,67,2.204497577,0.142569640,0.051830076,0.652717720
3,219,211318720,67,2.658315479,0.142569640,0.051830076,0.594084610
6,219,211318720,67,3.036940224,0.142569640,0.051830076,0.698764316
16,219,211318720,67,3.047880452,0.142569640,0.051830076,0.709902325
4,219,211318720,67,3.108988751,0.142569640,0.051830076,0.730122959
1,219,211318720,67,3.991013475,0.142569640,0.051830076,0.532321789
2,219,211318720,67,4.191473195,0.142569640,0.051830076,0.465410469
8,220,211318720,67,0.387436544,0.142569640,0.053817224,0.270587389
11,220,211318720,67,0.414162687,0.142569640,0.053817224,0.333503699
9,220,211318720,67,0.426786845,0.142569640,0.053817224,0.354340579
17,220,211318720,67,0.449909416,0.142569640,0.053817224,0.376545629
19,220,211318720,67,0.497603965,0.142569640,0.053817224,0.392609507
12,220,211318720,67,0.849390781,0.142569640,0.053817224,0.371566279
14,220,211318720,67,1.097475473,0.142569640,0.053817224,0.449299331
4,220,211318720,67,1.145416908,0.142569640,0.053817224,0.494122272
7,220,211318720,67,1.246097151,0.142569640,0.053817224,0.584029926
15,220,211318720,67,1.305782583,0.142569640,0.053817224,0.604350408
6,220,211318720,67,1.446162012,0.142569640,0.053817224,0.738514096
16,220,211318720,67,1.457681955,0.142569640,0.053817224,0.742729500
5,220,211318720,67,1.643666507,0.142569640,0.053817224,0.966355140
20,220,211318720,67,1.649531190,0.142569640,0.053817224,0.980340774
3,220,211318720,67,1.720086486,0.142569640,0.053817224,1.098347790
2,220,211318720,67,1.725900727,0.142569640,0.053817224,1.104482282
13,220,211318720,67,1.763598062,0.142569640,0.053817224,1.117568708
10,220,211318720,67,2.098750878,0.142569640,0.053817224,1.101717969
1,220,211318720,67,3.399752219,0.142569640,0.053817224,0.764141498
18,220,211318720,67,4.817158975,0.142569640,0.053817224,0.299070760
15,221,211318720,67,0.386898543,0.142569640,0.099448547,0.130377425
8,221,211318720,67,0.464923853,0.142569640,0.099448547,0.207744538
9,221,211318720,67,0.469465529,0.142569640,0.099448547,0.209652814
17,221,211318720,67,0.618625447,0.142569640,0.099448547,0.321564224
14,221,211318720,67,0.658485284,0.142569640,0.099448547,0.335329676
11,221,211318720,67,0.828325374,0.142569640,0.099448547,0.468873192
12,221,211318720,67,0.896579158,0.142569640,0.099448547,0.535874871
19,221,211318720,67,0.904734482,0.142569640,0.099448547,0.538700560
5,221,211318720,67,1.190241264,0.142569640,0.099448547,0.564702387
7,221,211318720,67,1.294023965,0.142569640,0.099448547,0.600634881
6,221,211318720,67,1.446162012,0.142569640,0.099448547,0.646964705
20,221,211318720,67,1.649531190,0.142569640,0.099448547,0.686595387
1,221,211318720,67,1.773783767,0.142569640,0.099448547,0.754955091
3,221,211318720,67,1.876457985,0.142569640,0.099448547,0.851979590
10,221,211318720,67,1.923854972,0.142569640,0.099448547,0.868513265
2,221,211318720,67,2.219015221,0.142569640,0.099448547,0.866169209
13,221,211318720,67,2.865846850,0.142569640,0.099448547,0.747051523
16,221,211318720,67,3.312913535,0.142569640,0.099448547,0.695541382
4,221,211318720,67,4.418036646,0.142569640,0.099448547,0.428630157
18,221,211318720,67,4.460332385,0.142569640,0.099448547,0.414534859
9,222,211318720,67,0.426786845,0.142569640,0.033712789,0.066184250
19,222,211318720,67,0.542840689,0.142569640,0.033712789,0.194621420
12,222,211318720,67,0.613448897,0.142569640,0.033712789,0.280922157
7,222,211318720,67,0.623048576,0.142569640,0.033712789,0.290389484
20,222,211318720,67,0.733124973,0.142569640,0.033712789,0.328836107
11,222,211318720,67,0.874343450,0.142569640,0.033712789,0.434557742
8,222,211318720,67,0.929847706,0.142569640,0.033712789,0.453631727
15,222,211318720,67,1.209057947,0.142569640,0.033712789,0.477692919
14,222,211318720,67,1.316970567,0.142569640,0.033712789,0.520901853
6,222,211318720,67,1.446162012,0.142569640,0.033712789,0.648666748
17,222,211318720,67,1.518444278,0.142569640,0.033712789,0.767459737
5,222,211318720,67,1.530310196,0.142569640,0.033712789,0.779415936
16,222,211318720,67,1.590198497,0.142569640,0.033712789,0.800267305
18,222,211318720,67,1.962546249,0.142569640,0.033712789,0.770896012
13,222,211318720,67,2.424947335,0.142569640,0.033712789,0.713720332
2,222,211318720,67,3.205244208,0.142569640,0.033712789,0.549411495
10,222,211318720,67,3.497918130,0.142569640,0.033712789,0.548292475
3,222,211318720,67,4.065658968,0.142569640,0.033712789,0.456036202
4,222,211318720,67,4.254405660,0.142569640,0.033712789,0.489123615
1,222,211318720,67,4.286644103,0.142569640,0.033712789,0.478382122
19,223,211318720,67,0.452367241,0.142569640,0.004828240,0.158196215
8,223,211318720,67,0.503667508,0.142569640,0.004828240,0.278273898
17,223,211318720,67,0.562386770,0.142569640,0.004828240,0.376621800
12,223,211318720,67,0.566260521,0.142569640,0.004828240,0.380489354
15,223,211318720,67,0.580347815,0.142569640,0.004828240,0.385040467
9,223,211318720,67,0.896252374,0.142569640,0.004828240,0.447916755
7,223,211318720,67,0.958536270,0.142569640,0.004828240,0.510297721
6,223,211318720,67,1.012313408,0.142569640,0.004828240,0.531466679
11,223,211318720,67,1.150451908,0.142569640,0.004828240,0.586968725
20,223,211318720,67,1.282968703,0.142569640,0.004828240,0.632696170
14,223,211318720,67,1.481591888,0.142569640,0.004828240,0.687522701
5,223,211318720,67,1.586988351,0.142569640,0.004828240,0.786544596
4,223,211318720,67,1.636309869,0.142569640,0.004828240,0.803388797
18,223,211318720,67,2.140959545,0.142569640,0.004828240,0.740482985
10,223,211318720,67,2.273646785,0.142569640,0.004828240,0.785824467
13,223,211318720,67,2.865846850,0.142569640,0.004828240,0.720302182
2,223,211318720,67,2.958686961,0.142569640,0.004828240,0.751575105
16,223,211318720,67,3.180396994,0.142569640,0.004828240,0.771057044
1,223,211318720,67,4.138828789,0.142569640,0.004828240,0.549356748
3,223,211318720,67,4.222030467,0.142569640,0.004828240,0.521628241
9,224,211318720,67,0.384108160,0.142569640,0.024593273,0.052545690
12,224,211318720,67,0.519072144,0.142569640,0.024593273,0.391987934
19,224,211318720,67,0.542840689,0.142569640,0.024593273,0.447125108
14,224,211318720,67,0.548737736,0.142569640,0.024593273,0.457288734
11,224,211318720,67,0.552216916,0.142569640,0.024593273,0.460869367
17,224,211318720,67,0.562386770,0.142569640,0.024593273,0.464518791
15,224,211318720,67,0.870521722,0.142569640,0.024593273,0.486693365
8,224,211318720,67,0.968591361,0.142569640,0.024593273,0.567039266
20,224,211318720,67,1.038593712,0.142569640,0.024593273,0.590172997
18,224,211318720,67,1.248893068,0.142569640,0.024593273,0.650952470
7,224,211318720,67,1.341950778,0.142569640,0.024593273,0.683093180
5,224,211318720,67,1.530310196,0.142569640,0.024593273,0.740904942
4,224,211318720,67,1.636309869,0.142569640,0.024593273,0.777830640
13,224,211318720,67,2.645397093,0.142569640,0.024593273,0.677797162
3,224,211318720,67,2.658315479,0.142569640,0.024593273,0.690221003
2,224,211318720,67,2.712129714,0.142569640,0.024593273,0.707543405
16,224,211318720,67,3.577946618,0.142569640,0.024593273,0.522741991
1,224,211318720,67,3.843198161,0.142569640,0.024593273,0.584955912
6,224,211318720,67,3.904637431,0.142569640,0.024593273,0.605407812
10,224,211318720,67,4.022605850,0.142569640,0.024593273,0.566088718
9,225,211318720,67,0.426786845,0.142569640,0.050036166,0.047823962
7,225,211318720,67,0.575121762,0.142569640,0.050036166,0.275211283
15,225,211318720,67,0.580347815,0.142569640,0.050036166,0.283861349
17,225,211318720,67,0.618625447,0.142569640,0.050036166,0.321379304
5,225,211318720,67,0.680137865,0.142569640,0.050036166,0.340543736
19,225,211318720,67,0.949971206,0.142569640,0.050036166,0.398018974
8,225,211318720,67,1.046078670,0.142569640,0.050036166,0.518009171
11,225,211318720,67,1.058415756,0.142569640,0.050036166,0.538664830
20,225,211318720,67,1.160781208,0.142569640,0.050036166,0.641352537
12,225,211318720,67,1.179709418,0.142569640,0.050036166,0.647675582
14,225,211318720,67,1.426718115,0.142569640,0.050036166,0.660619706
3,225,211318720,67,1.876457985,0.142569640,0.050036166,0.699487059
6,225,211318720,67,1.880010615,0.142569640,0.050036166,0.700849024
16,225,211318720,67,2.385297745,0.142569640,0.050036166,0.671660076
2,225,211318720,67,2.465572468,0.142569640,0.050036166,0.698997215
1,225,211318720,67,3.991013475,0.142569640,0.050036166,0.324609508
4,225,211318720,67,4.090774673,0.142569640,0.050036166,0.359084541
10,225,211318720,67,4.372397663,0.142569640,0.050036166,0.430787058
13,225,211318720,67,4.408995154,0.142569640,0.050036166,0.443267681
18,225,211318720,67,4.817158975,0.142569640,0.050036166,0.308185658
12,226,211318720,67,0.471883767,0.142569640,0.005724265,0.192005555
7,226,211318720,67,0.527194949,0.142569640,0.005724265,0.322220357
19,226,211318720,67,0.542840689,0.142569640,0.005724265,0.348071139
17,226,211318720,67,0.562386770,0.142569640,0.005724265,0.368060989
20,226,211318720,67,0.610937478,0.142569640,0.005724265,0.384680607
8,226,211318720,67,0.774873089,0.142569640,0.005724265,0.497470818
9,226,211318720,67,0.853573689,0.142569640,0.005724265,0.668881206
11,226,211318720,67,0.874343450,0.142569640,0.005724265,0.703119062
15,226,211318720,67,0.918884040,0.142569640,0.005724265,0.748281869
14,226,211318720,67,0.932854152,0.142569640,0.005724265,0.752273377
5,226,211318720,67,1.303597574,0.142569640,0.005724265,0.722833721
4,226,211318720,67,1.963571843,0.142569640,0.005724265,0.606627497
10,226,211318720,67,2.098750878,0.142569640,0.005724265,0.717183616
18,226,211318720,67,2.140959545,0.142569640,0.005724265,0.729915605
13,226,211318720,67,2.645397093,0.142569640,0.005724265,0.662933707
3,226,211318720,67,2.971058477,0.142569640,0.005724265,0.650043269
16,226,211318720,67,3.975496242,0.142569640,0.005724265,0.500021515
1,226,211318720,67,3.991013475,0.142569640,0.005724265,0.504753302
6,226,211318720,67,4.193869834,0.142569640,0.005724265,0.535137996
2,226,211318720,67,4.931144935,0.142569640,0.005724265,0.294513030
11,227,211318720,67,0.506198840,0.142569640,0.033929761,0.187406208
19,227,211318720,67,0.542840689,0.142569640,0.033929761,0.269363881
15,227,211318720,67,0.580347815,0.142569640,0.033929761,0.363229436
20,227,211318720,67,0.610937478,0.142569640,0.033929761,0.435071866
8,227,211318720,67,0.658642125,0.142569640,0.033929761,0.515227734
5,227,211318720,67,0.680137865,0.142569640,0.033929761,0.558419347
14,227,211318720,67,0.713359057,0.142569640,0.033929761,0.613826824
12,227,211318720,67,0.802202404,0.142569640,0.033929761,0.702837380
9,227,211318720,67,0.810895005,0.142569640,0.033929761,0.705492346
7,227,211318720,67,0.958536270,0.142569640,0.033929761,0.751709110
17,227,211318720,67,1.405966925,0.142569640,0.033929761,0.760137513
16,227,211318720,67,1.457681955,0.142569640,0.033929761,0.777104510
10,227,211318720,67,1.748959065,0.142569640,0.033929761,0.846469582
18,227,211318720,67,1.784132954,0.142569640,0.033929761,0.858410234
4,227,211318720,67,1.963571843,0.142569640,0.033929761,0.892848078
3,227,211318720,67,2.658315479,0.142569640,0.033929761,0.754464134
2,227,211318720,67,2.958686961,0.142569640,0.033929761,0.750322973
6,227,211318720,67,4.193869834,0.142569640,0.033929761,0.469755642
1,227,211318720,67,4.286644103,0.142569640,0.033929761,0.500505123
13,227,211318720,67,4.629444912,0.142569640,0.033929761,0.386797936
17,228,211318720,67,0.449909416,0.142569640,0.209107339,0.326901108
8,228,211318720,67,0.464923853,0.142569640,0.209107339,0.381282321
5,228,211318720,67,0.510103399,0.142569640,0.209107339,0.517436740
9,228,211318720,67,0.512144213,0.142569640,0.209107339,0.522209935
12,228,211318720,67,0.519072144,0.142569640,0.209107339,0.535513523
11,228,211318720,67,0.552216916,0.142569640,0.209107339,0.591641093
15,228,211318720,67,0.580347815,0.142569640,0.209107339,0.619746406
14,228,211318720,67,0.658485284,0.142569640,0.209107339,0.669251434
7,228,211318720,67,0.766829016,0.142569640,0.209107339,0.709353902
19,228,211318720,67,0.904734482,0.142569640,0.209107339,0.755769593
20,228,211318720,67,1.405156199,0.142569640,0.209107339,0.784056407
4,228,211318720,67,1.472678882,0.142569640,0.209107339,0.868282092
1,228,211318720,67,1.478153139,0.142569640,0.209107339,0.873981838
6,228,211318720,67,1.590778213,0.142569640,0.209107339,0.909509224
13,228,211318720,67,2.204497577,0.142569640,0.209107339,0.804135145
2,228,211318720,67,2.958686961,0.142569640,0.209107339,0.651863376
3,228,211318720,67,3.283801474,0.142569640,0.209107339,0.637488453
16,228,211318720,67,3.842979701,0.142569640,0.209107339,0.545170338
18,228,211318720,67,4.103505794,0.142569640,0.209107339,0.554232357
10,228,211318720,67,4.197501756,0.142569640,0.209107339,0.522904212
8,229,211318720,67,0.464923853,0.142569640,0.009866211,0.250020258
9,229,211318720,67,0.469465529,0.142569640,0.009866211,0.257738893
20,229,211318720,67,0.488749982,0.142569640,0.009866211,0.282462901
17,229,211318720,67,0.562386770,0.142569640,0.009866211,0.373715269
7,229,211318720,67,0.623048576,0.142569640,0.009866211,0.435822788
5,229,211318720,67,0.680137865,0.142569640,0.009866211,0.455130282
11,229,211318720,67,0.874343450,0.142569640,0.009866211,0.487150977
12,229,211318720,67,1.085332665,0.142569640,0.009866211,0.547735944
1,229,211318720,67,1.182522511,0.142569640,0.009866211,0.658703959
19,229,211318720,67,1.221391550,0.142569640,0.009866211,0.697324324
15,229,211318720,67,1.305782583,0.142569640,0.009866211,0.725009227
14,229,211318720,67,1.536465662,0.142569640,0.009866211,0.772083649
4,229,211318720,67,1.636309869,0.142569640,0.009866211,0.807862908
3,229,211318720,67,1.876457985,0.142569640,0.009866211,0.824084449
10,229,211318720,67,2.098750878,0.142569640,0.009866211,0.847555713
6,229,211318720,67,2.747707822,0.142569640,0.009866211,0.730137758
2,229,211318720,67,2.958686961,0.142569640,0.009866211,0.757225138
16,229,211318720,67,3.975496242,0.142569640,0.009866211,0.516366358
18,229,211318720,67,4.460332385,0.142569640,0.009866211,0.451684670
13,229,211318720,67,5.511243943,0.142569640,0.009866211,0.097584764
8,230,211318720,67,0.464923853,0.142569640,0.047842130,0.182405624
7,230,211318720,67,0.527194949,0.142569640,0.047842130,0.336259271
9,230,211318720,67,0.554822898,0.142569640,0.047842130,0.411774901
12,230,211318720,67,0.566260521,0.142569640,0.047842130,0.438501940
15,230,211318720,67,0.580347815,0.142569640,0.047842130,0.462041131
14,230,211318720,67,0.658485284,0.142569640,0.047842130,0.561260477
5,230,211318720,67,0.680137865,0.142569640,0.047842130,0.582908688
19,230,211318720,67,0.769024309,0.142569640,0.047842130,0.611041603
6,230,211318720,67,1.156929609,0.142569640,0.047842130,0.656739844
11,230,211318720,67,1.196469985,0.142569640,0.047842130,0.696573261
20,230,211318720,67,1.282968703,0.142569640,0.047842130,0.725238749
17,230,211318720,67,1.518444278,0.142569640,0.047842130,0.832437212
3,230,211318720,67,1.563714988,0.142569640,0.047842130,0.878191460
1,230,211318720,67,1.625968453,0.142569640,0.047842130,0.898412577
4,230,211318720,67,1.963571843,0.142569640,0.047842130,0.885206915
10,230,211318720,67,3.497918130,0.142569640,0.047842130,0.514473083
16,230,211318720,67,3.577946618,0.142569640,0.047842130,0.541548823
13,230,211318720,67,3.968095639,0.142569640,0.047842130,0.508513129
18,230,211318720,67,5.352398862,0.142569640,0.047842130,0.155282619
2,230,211318720,67,5.917373922,0.142569640,0.047842130,0.000004764
15,231,211318720,67,0.338536225,0.142569640,0.048194025,0.130291607
12,231,211318720,67,0.424695391,0.142569640,0.048194025,0.343696942
19,231,211318720,67,0.452367241,0.142569640,0.048194025,0.408750645
11,231,211318720,67,0.460180763,0.142569640,0.048194025,0.421281605
8,231,211318720,67,0.464923853,0.142569640,0.048194025,0.426092901
14,231,211318720,67,0.548737736,0.142569640,0.048194025,0.516808925
20,231,211318720,67,0.610937478,0.142569640,0.048194025,0.594576955
5,231,211318720,67,0.680137865,0.142569640,0.048194025,0.671141151
17,231,211318720,67,0.731102801,0.142569640,0.048194025,0.722323808
9,231,211318720,67,0.810895005,0.142569640,0.048194025,0.750245485
7,231,211318720,67,1.198170338,0.142569640,0.048194025,0.726892036
16,231,211318720,67,1.325165414,0.142569640,0.048194025,0.784312203
6,231,211318720,67,1.446162012,0.142569640,0.048194025,0.825686978
10,231,211318720,67,1.748959065,0.142569640,0.048194025,0.831597723
3,231,211318720,67,1.876457985,0.142569640,0.048194025,0.910876600
4,231,211318720,67,1.963571843,0.142569640,0.048194025,0.939012474
18,231,211318720,67,2.140959545,0.142569640,0.048194025,0.976639476
2,231,211318720,67,2.712129714,0.142569640,0.048194025,0.911226702
1,231,211318720,67,2.808490964,0.142569640,0.048194025,0.944525996
13,231,211318720,67,4.629444912,0.142569640,0.048194025,0.348259416
11,232,211318720,67,0.460180763,0.142569640,0.079863138,0.171595272
9,232,211318720,67,0.512144213,0.142569640,0.079863138,0.256451919
15,232,211318720,67,0.531985497,0.142569640,0.079863138,0.278058336
7,232,211318720,67,0.575121762,0.142569640,0.079863138,0.322098565
20,232,211318720,67,0.672031225,0.142569640,0.079863138,0.354293090
12,232,211318720,67,0.943767534,0.142569640,0.079863138,0.441786495
17,232,211318720,67,1.012296186,0.142569640,0.079863138,0.544880859
19,232,211318720,67,1.040444654,0.142569640,0.079863138,0.592054594
8,232,211318720,67,1.123565979,0.142569640,0.079863138,0.679245623
5,232,211318720,67,1.133563108,0.142569640,0.079863138,0.689116427
14,232,211318720,67,1.262096794,0.142569640,0.079863138,0.786453758
16,232,211318720,67,1.325165414,0.142569640,0.079863138,0.807796295
1,232,211318720,67,1.773783767,0.142569640,0.079863138,0.755219665
18,232,211318720,67,2.140959545,0.142569640,0.079863138,0.727803998
6,232,211318720,67,2.313859219,0.142569640,0.079863138,0.766658033
2,232,211318720,67,2.958686961,0.142569640,0.079863138,0.645977861
3,232,211318720,67,3.127429975,0.142569640,0.079863138,0.683441918
13,232,211318720,67,3.306746366,0.142569640,0.079863138,0.719435957
4,232,211318720,67,4.090774673,0.142569640,0.079863138,0.557981366
10,232,211318720,67,4.722189476,0.142569640,0.079863138,0.349258002
9,233,211318720,67,0.341429476,0.142569640,0.066370018,0.150263499
15,233,211318720,67,0.386898543,0.142569640,0.066370018,0.210211019
8,233,211318720,67,0.426180199,0.142569640,0.066370018,0.270909048
11,233,211318720,67,0.506198840,0.142569640,0.066370018,0.403469092
19,233,211318720,67,0.542840689,0.142569640,0.066370018,0.440630144
17,233,211318720,67,0.562386770,0.142569640,0.066370018,0.447140852
5,233,211318720,67,0.736816020,0.142569640,0.066370018,0.564890287
12,233,211318720,67,0.755014028,0.142569640,0.066370018,0.570975156
7,233,211318720,67,0.910609457,0.142569640,0.066370018,0.641990219
6,233,211318720,67,1.012313408,0.142569640,0.066370018,0.675483109
1,233,211318720,67,1.330337825,0.142569640,0.066370018,0.666620257
14,233,211318720,67,1.481591888,0.142569640,0.066370018,0.798963207
20,233,211318720,67,1.527343694,0.142569640,0.066370018,0.844320560
16,233,211318720,67,1.590198497,0.142569640,0.066370018,0.865389019
3,233,211318720,67,1.876457985,0.142569640,0.066370018,0.868449949
4,233,211318720,67,2.781726777,0.142569640,0.066370018,0.667816369
2,233,211318720,67,2.958686961,0.142569640,0.066370018,0.707108464
10,233,211318720,67,3.497918130,0.142569640,0.066370018,0.625188881
18,233,211318720,67,4.103505794,0.142569640,0.066370018,0.522108552
13,233,211318720,67,6.172593216,0.142569640,0.066370018,0.000004764
19,234,211318720,67,0.452367241,0.142569640,0.052330036,0.187602651
7,234,211318720,67,0.479268135,0.142569640,0.052330036,0.232592913
9,234,211318720,67,0.512144213,0.142569640,0.052330036,0.265493662
15,234,211318720,67,0.580347815,0.142569640,0.052330036,0.317078736
5,234,211318720,67,0.680137865,0.142569640,0.052330036,0.410249653
20,234,211318720,67,0.733124973,0.142569640,0.052330036,0.428769355
11,234,211318720,67,0.920361527,0.142569640,0.052330036,0.572786626
8,234,211318720,67,0.968591361,0.142569640,0.052330036,0.621732839
12,234,211318720,67,0.990955911,0.142569640,0.052330036,0.635056656
17,234,211318720,67,1.124773540,0.142569640,0.052330036,0.682641592
14,234,211318720,67,1.262096794,0.142569640,0.052330036,0.792037463
4,234,211318720,67,1.309047895,0.142569640,0.052330036,0.807454808
1,234,211318720,67,1.478153139,0.142569640,0.052330036,0.846743110
10,234,211318720,67,1.748959065,0.142569640,0.052330036,0.864402507
3,234,211318720,67,1.876457985,0.142569640,0.052330036,0.907584612
18,234,211318720,67,2.140959545,0.142569640,0.052330036,0.917306138
13,234,211318720,67,2.645397093,0.142569640,0.052330036,0.849839305
16,234,211318720,67,3.047880452,0.142569640,0.052330036,0.811514973
6,234,211318720,67,3.904637431,0.142569640,0.052330036,0.623223969
2,234,211318720,67,6.903602909,0.142569640,0.052330036,0.000004764
19,235,211318720,67,0.407130517,0.142569640,0.065539092,0.088471360
9,235,211318720,67,0.512144213,0.142569640,0.065539092,0.212867366
7,235,211318720,67,0.527194949,0.142569640,0.065539092,0.227302659
5,235,211318720,67,0.623459709,0.142569640,0.065539092,0.259938470
8,235,211318720,67,0.929847706,0.142569640,0.065539092,0.254443033
12,235,211318720,67,1.085332665,0.142569640,0.065539092,0.297785924
11,235,211318720,67,1.242488061,0.142569640,0.065539092,0.462751368
20,235,211318720,67,1.282968703,0.142569640,0.065539092,0.514766490
15,235,211318720,67,1.305782583,0.142569640,0.065539092,0.538220478
3,235,211318720,67,1.407343489,0.142569640,0.065539092,0.675977559
17,235,211318720,67,1.462205602,0.142569640,0.065539092,0.731737020
14,235,211318720,67,1.481591888,0.142569640,0.065539092,0.738243823
2,235,211318720,67,1.725900727,0.142569640,0.065539092,0.897848818
6,235,211318720,67,1.735394414,0.142569640,0.065539092,0.907441478
18,235,211318720,67,1.784132954,0.142569640,0.065539092,0.923708938
10,235,211318720,67,2.098750878,0.142569640,0.065539092,0.914620896
1,235,211318720,67,2.512860336,0.142569640,0.065539092,0.901177015
4,235,211318720,67,2.618095791,0.142569640,0.065539092,0.936866515
16,235,211318720,67,3.710463159,0.142569640,0.065539092,0.670284753
13,235,211318720,67,4.408995154,0.142569640,0.065539092,0.439436902
8,236,211318720,67,0.348692890,0.142569640,0.037475351,0.049343399
19,236,211318720,67,0.542840689,0.142569640,0.037475351,0.197764096
11,236,211318720,67,0.552216916,0.142569640,0.037475351,0.219309761
14,236,211318720,67,0.658485284,0.142569640,0.037475351,0.450561084
20,236,211318720,67,0.672031225,0.142569640,0.037475351,0.473187750
5,236,211318720,67,0.680137865,0.142569640,0.037475351,0.481469773
7,236,211318720,67,0.718902203,0.142569640,0.037475351,0.494842411
9,236,211318720,67,0.981609742,0.142569640,0.037475351,0.503811817
12,236,211318720,67,1.274086172,0.142569640,0.037475351,0.655029995
17,236,211318720,67,1.293489571,0.142569640,0.037475351,0.675104842
15,236,211318720,67,1.305782583,0.142569640,0.037475351,0.679361045
16,236,211318720,67,1.590198497,0.142569640,0.037475351,0.744475252
4,236,211318720,67,1.636309869,0.142569640,0.037475351,0.760212030
3,236,211318720,67,1.876457985,0.142569640,0.037475351,0.814596552
18,236,211318720,67,1.962546249,0.142569640,0.037475351,0.847295474
10,236,211318720,67,2.098750878,0.142569640,0.037475351,0.893035820
1,236,211318720,67,2.512860336,0.142569640,0.037475351,0.854361001
13,236,211318720,67,2.865846850,0.142569640,0.037475351,0.867985143
2,236,211318720,67,2.958686961,0.142569640,0.037475351,0.898668463
6,236,211318720,67,3.904637431,0.142569640,0.037475351,0.590115883
11,237,211318720,67,0.322126534,0.142569640,0.019797094,0.047583839
8,237,211318720,67,0.464923853,0.142569640,0.019797094,0.173158932
14,237,211318720,67,0.548737736,0.142569640,0.019797094,0.331167244
7,237,211318720,67,0.575121762,0.142569640,0.019797094,0.393553831
15,237,211318720,67,0.580347815,0.142569640,0.019797094,0.401661565
17,237,211318720,67,0.674864124,0.142569640,0.019797094,0.529709246
5,237,211318720,67,0.680137865,0.142569640,0.019797094,0.535184701
9,237,211318720,67,0.768216320,0.142569640,0.019797094,0.564165964
19,237,211318720,67,0.949971206,0.142569640,0.019797094,0.598601721
4,237,211318720,67,1.145416908,0.142569640,0.019797094,0.733708123
1,237,211318720,67,1.182522511,0.142569640,0.019797094,0.795801487
3,237,211318720,67,1.250971990,0.142569640,0.019797094,0.863569842
12,237,211318720,67,1.274086172,0.142569640,0.019797094,0.871864118
20,237,211318720,67,1.588437442,0.142569640,0.019797094,0.862710146
6,237,211318720,67,1.735394414,0.142569640,0.019797094,0.971216131
18,237,211318720,67,1.784132954,0.142569640,0.019797094,0.986078009
10,237,211318720,67,2.098750878,0.142569640,0.019797094,0.977037589
16,237,211318720,67,2.517814287,0.142569640,0.019797094,0.942744042
13,237,211318720,67,2.645397093,0.142569640,0.019797094,0.985684935
2,237,211318720,67,2.712129714,0.142569640,0.019797094,0.963441908
12,238,211318720,67,0.377507014,0.142569640,0.160015821,0.285341786
14,238,211318720,67,0.384116416,0.142569640,0.160015821,0.305371207
8,238,211318720,67,0.387436544,0.142569640,0.160015821,0.313280527
7,238,211318720,67,0.479268135,0.142569640,0.160015821,0.473574246
15,238,211318720,67,0.483623179,0.142569640,0.160015821,0.482491221
11,238,211318720,67,0.506198840,0.142569640,0.160015821,0.519945674
20,238,211318720,67,0.610937478,0.142569640,0.160015821,0.696781955
5,238,211318720,67,0.623459709,0.142569640,0.160015821,0.718127786
17,238,211318720,67,0.674864124,0.142569640,0.160015821,0.769872042
19,238,211318720,67,0.723787585,0.142569640,0.160015821,0.786495191
16,238,211318720,67,1.060132331,0.142569640,0.160015821,0.801951409
9,238,211318720,67,1.152324480,0.142569640,0.160015821,0.833154147
6,238,211318720,67,1.590778213,0.142569640,0.160015821,0.785001131
10,238,211318720,67,1.748959065,0.142569640,0.160015821,0.839031458
3,238,211318720,67,1.876457985,0.142569640,0.160015821,0.883013179
18,238,211318720,67,2.140959545,0.142569640,0.160015821,0.942352640
13,238,211318720,67,2.204497577,0.142569640,0.160015821,0.964571454
1,238,211318720,67,2.365045022,0.142569640,0.160015821,1.005038111
4,238,211318720,67,2.781726777,0.142569640,0.160015821,0.960230972
2,238,211318720,67,4.684587688,0.142569640,0.160015821,0.334320883
8,239,211318720,67,0.426180199,0.142569640,0.015275789,0.134010698
5,239,211318720,67,0.510103399,0.142569640,0.015275789,0.351885511
12,239,211318720,67,0.519072144,0.142569640,0.015275789,0.373016886
14,239,211318720,67,0.548737736,0.142569640,0.015275789,0.433390567
19,239,211318720,67,0.588077413,0.142569640,0.015275789,0.499426669
11,239,211318720,67,0.598234992,0.142569640,0.015275789,0.514842563
17,239,211318720,67,0.674864124,0.142569640,0.015275789,0.592385133
20,239,211318720,67,0.733124973,0.142569640,0.015275789,0.611708605
9,239,211318720,67,1.195003165,0.142569640,0.015275789,0.602811837
7,239,211318720,67,1.294023965,0.142569640,0.015275789,0.700425525
15,239,211318720,67,1.305782583,0.142569640,0.015275789,0.703853548
1,239,211318720,67,1.478153139,0.142569640,0.015275789,0.780529299
3,239,211318720,67,1.563714988,0.142569640,0.015275789,0.811356961
13,239,211318720,67,1.763598062,0.142569640,0.015275789,0.842332401
10,239,211318720,67,1.923854972,0.142569640,0.015275789,0.955334987
4,239,211318720,67,1.963571843,0.142569640,0.015275789,0.968682918
18,239,211318720,67,2.140959545,0.142569640,0.015275789,1.006603064
6,239,211318720,67,2.313859219,0.142569640,0.015275789,1.042769529
16,239,211318720,67,3.180396994,0.142569640,0.015275789,0.849576551
2,239,211318720,67,3.205244208,0.142569640,0.015275789,0.841298521
11,240,211318720,67,0.460180763,0.142569640,0.057101369,0.207131844
8,240,211318720,67,0.464923853,0.142569640,0.057101369,0.217702864
20,240,211318720,67,0.549843730,0.142569640,0.057101369,0.412149412
12,240,211318720,67,0.566260521,0.142569640,0.057101369,0.450020279
19,240,211318720,67,0.588077413,0.142569640,0.057101369,0.498621474
15,240,211318720,67,0.628710132,0.142569640,0.057101369,0.566934154
17,240,211318720,67,0.674864124,0.142569640,0.057101369,0.612500971
14,240,211318720,67,0.713359057,0.142569640,0.057101369,0.626285157
7,240,211318720,67,1.006463084,0.142569640,0.057101369,0.679258712
9,240,211318720,67,1.066967111,0.142569640,0.057101369,0.717734529
1,240,211318720,67,1.182522511,0.142569640,0.057101369,0.758770178
5,240,211318720,67,1.416953885,0.142569640,0.057101369,0.844355491
16,240,211318720,67,1.457681955,0.142569640,0.057101369,0.857624468
4,240,211318720,67,1.799940856,0.142569640,0.057101369,0.884521462
3,240,211318720,67,1.876457985,0.142569640,0.057101369,0.909512105
10,240,211318720,67,2.098750878,0.142569640,0.057101369,0.932059059
2,240,211318720,67,2.465572468,0.142569640,0.057101369,0.903954207
13,240,211318720,67,2.645397093,0.142569640,0.057101369,0.967924213
6,240,211318720,67,2.747707822,0.142569640,0.057101369,1.001742435
18,240,211318720,67,4.817158975,0.142569640,0.057101369,0.320540679
8,241,211318720,67,0.426180199,0.142569640,0.022395564,0.096301264
19,241,211318720,67,0.497603965,0.142569640,0.022395564,0.120092563
14,241,211318720,67,0.658485284,0.142569640,0.022395564,0.334693300
20,241,211318720,67,0.672031225,0.142569640,0.022395564,0.347611207
17,241,211318720,67,0.674864124,0.142569640,0.022395564,0.348707300
9,241,211318720,67,0.896252374,0.142569640,0.022395564,0.371594720
15,241,211318720,67,1.112333311,0.142569640,0.022395564,0.535189084
7,241,211318720,67,1.150243524,0.142569640,0.022395564,0.584965092
11,241,211318720,67,1.150451908,0.142569640,0.022395564,0.585168498
12,241,211318720,67,1.274086172,0.142569640,0.022395564,0.625930560
5,241,211318720,67,1.586988351,0.142569640,0.022395564,0.802054219
16,241,211318720,67,1.590198497,0.142569640,0.022395564,0.805274140
6,241,211318720,67,1.590778213,0.142569640,0.022395564,0.805486751
4,241,211318720,67,1.963571843,0.142569640,0.022395564,0.782000963
10,241,211318720,67,2.098750878,0.142569640,0.022395564,0.826403724
13,241,211318720,67,2.645397093,0.142569640,0.022395564,0.742044152
2,241,211318720,67,2.958686961,0.142569640,0.022395564,0.735396246
18,241,211318720,67,3.746679203,0.142569640,0.022395564,0.569557599
1,241,211318720,67,3.991013475,0.142569640,0.022395564,0.584628550
3,241,211318720,67,4.534773464,0.142569640,0.022395564,0.403384094
9,242,211318720,67,0.469465529,0.142569640,0.170249864,0.193645761
14,242,211318720,67,0.493863963,0.142569640,0.170249864,0.274883444
11,242,211318720,67,0.552216916,0.142569640,0.170249864,0.450941500
7,242,211318720,67,0.575121762,0.142569640,0.170249864,0.504019244
20,242,211318720,67,0.610937478,0.142569640,0.170249864,0.564061929
12,242,211318720,67,0.613448897,0.142569640,0.170249864,0.566688480
5,242,211318720,67,0.623459709,0.142569640,0.170249864,0.569915342
8,242,211318720,67,0.929847706,0.142569640,0.170249864,0.635685136
15,242,211318720,67,0.967246358,0.142569640,0.170249864,0.647962415
19,242,211318720,67,1.221391550,0.142569640,0.170249864,0.731551312
17,242,211318720,67,1.293489571,0.142569640,0.170249864,0.804919845
16,242,211318720,67,1.325165414,0.142569640,0.170249864,0.815175680
18,242,211318720,67,1.605719658,0.142569640,0.170249864,0.899370960
4,242,211318720,67,1.636309869,0.142569640,0.170249864,0.930702420
6,242,211318720,67,1.735394414,0.142569640,0.170249864,0.966460694
3,242,211318720,67,1.876457985,0.142569640,0.170249864,1.077202307
1,242,211318720,67,1.921599080,0.142569640,0.170249864,1.092884878
13,242,211318720,67,2.645397093,0.142569640,0.170249864,0.944984736
2,242,211318720,67,4.191473195,0.142569640,0.170249864,0.523865487
10,242,211318720,67,4.897085382,0.142569640,0.170249864,0.289921186
11,243,211318720,67,0.322126534,0.142569640,0.003782062,0.047710218
8,243,211318720,67,0.503667508,0.142569640,0.003782062,0.274989090
7,243,211318720,67,0.527194949,0.142569640,0.003782062,0.322122548
19,243,211318720,67,0.542840689,0.142569640,0.003782062,0.351800332
15,243,211318720,67,0.580347815,0.142569640,0.003782062,0.414072358
14,243,211318720,67,0.658485284,0.142569640,0.003782062,0.540032851
5,243,211318720,67,0.680137865,0.142569640,0.003782062,0.561620666
17,243,211318720,67,0.731102801,0.142569640,0.003782062,0.579313869
9,243,211318720,67,1.152324480,0.142569640,0.003782062,0.535737194
12,243,211318720,67,1.415651302,0.142569640,0.003782062,0.616261036
6,243,211318720,67,1.446162012,0.142569640,0.003782062,0.626660224
20,243,211318720,67,1.588437442,0.142569640,0.003782062,0.742929861
4,243,211318720,67,1.636309869,0.142569640,0.003782062,0.793681741
16,243,211318720,67,1.722715038,0.142569640,0.003782062,0.880181579
1,243,211318720,67,1.773783767,0.142569640,0.003782062,0.897495323
18,243,211318720,67,2.140959545,0.142569640,0.003782062,0.870075714
2,243,211318720,67,2.958686961,0.142569640,0.003782062,0.693714438
10,243,211318720,67,3.672814037,0.142569640,0.003782062,0.593267454
3,243,211318720,67,3.752915970,0.142569640,0.003782062,0.620591156
13,243,211318720,67,6.393042974,0.142569640,0.003782062,0.000004764
7,244,211318720,67,0.479268135,0.142569640,0.030306997,0.161877707
11,244,211318720,67,0.506198840,0.142569640,0.030306997,0.188993593
12,244,211318720,67,0.566260521,0.142569640,0.030306997,0.234404249
20,244,211318720,67,0.672031225,0.142569640,0.030306997,0.270394226
15,244,211318720,67,0.967246358,0.142569640,0.030306997,0.436924270
8,244,211318720,67,0.968591361,0.142569640,0.030306997,0.439076491
14,244,211318720,67,1.042601699,0.142569640,0.030306997,0.522623733
9,244,211318720,67,1.066967111,0.142569640,0.030306997,0.563668381
19,244,211318720,67,1.176154826,0.142569640,0.030306997,0.673238867
17,244,211318720,67,1.181012217,0.142569640,0.030306997,0.674912854
16,244,211318720,67,1.325165414,0.142569640,0.030306997,0.738151144
6,244,211318720,67,1.446162012,0.142569640,0.030306997,0.854488367
5,244,211318720,67,1.473632041,0.142569640,0.030306997,0.864300157
1,244,211318720,67,1.773783767,0.142569640,0.030306997,0.862531372
18,244,211318720,67,2.140959545,0.142569640,0.030306997,0.835428466
13,244,211318720,67,2.645397093,0.142569640,0.030306997,0.766344473
2,244,211318720,67,2.958686961,0.142569640,0.030306997,0.755934630
4,244,211318720,67,3.108988751,0.142569640,0.030306997,0.870689632
10,244,211318720,67,3.148126317,0.142569640,0.030306997,0.883543103
3,244,211318720,67,3.283801474,0.142569640,0.030306997,0.838321242
14,245,211318720,67,0.384116416,0.142569640,0.064192310,0.231193331
12,245,211318720,67,0.424695391,0.142569640,0.064192310,0.326252359
7,245,211318720,67,0.431341322,0.142569640,0.064192310,0.337349586
8,245,211318720,67,0.464923853,0.142569640,0.064192310,0.395532485
9,245,211318720,67,0.512144213,0.142569640,0.064192310,0.473400555
15,245,211318720,67,0.580347815,0.142569640,0.064192310,0.598791319
11,245,211318720,67,0.598234992,0.142569640,0.064192310,0.640483430
19,245,211318720,67,0.678550861,0.142569640,0.064192310,0.827236686
5,245,211318720,67,0.680137865,0.142569640,0.064192310,0.829937431
17,245,211318720,67,0.731102801,0.142569640,0.064192310,0.881001815
20,245,211318720,67,0.733124973,0.142569640,0.064192310,0.881753427
16,245,211318720,67,1.060132331,0.142569640,0.064192310,0.871337893
10,245,211318720,67,1.748959065,0.142569640,0.064192310,0.737755095
18,245,211318720,67,2.140959545,0.142569640,0.064192310,0.701262498
2,245,211318720,67,2.712129714,0.142569640,0.064192310,0.609048783
13,245,211318720,67,2.865846850,0.142569640,0.064192310,0.653297072
6,245,211318720,67,3.326172627,0.142569640,0.064192310,0.599573712
1,245,211318720,67,3.695382847,0.142569640,0.064192310,0.630113531
3,245,211318720,67,3.752915970,0.142569640,0.064192310,0.650326837
4,245,211318720,67,4.418036646,0.142569640,0.064192310,0.432774048
14,246,211318720,67,0.384116416,0.142569640,0.014953577,0.063914627
11,246,211318720,67,0.506198840,0.142569640,0.014953577,0.225348602
19,246,211318720,67,0.542840689,0.142569640,0.014953577,0.266557972
7,246,211318720,67,0.575121762,0.142569640,0.014953577,0.299085079
5,246,211318720,67,0.680137865,0.142569640,0.014953577,0.392639775
20,246,211318720,67,0.733124973,0.142569640,0.014953577,0.410063431
9,246,211318720,67,0.896252374,0.142569640,0.014953577,0.495587098
8,246,211318720,67,0.968591361,0.142569640,0.014953577,0.566251221
17,246,211318720,67,1.068534863,0.142569640,0.014953577,0.667167515
12,246,211318720,67,1.085332665,0.142569640,0.014953577,0.672469115
15,246,211318720,67,1.305782583,0.142569640,0.014953577,0.694065299
1,246,211318720,67,1.478153139,0.142569640,0.014953577,0.731970787
6,246,211318720,67,1.735394414,0.142569640,0.014953577,0.793911714
4,246,211318720,67,1.799940856,0.142569640,0.014953577,0.858145466
3,246,211318720,67,1.876457985,0.142569640,0.014953577,0.884806663
13,246,211318720,67,2.424947335,0.142569640,0.014953577,0.831910831
16,246,211318720,67,2.517814287,0.142569640,0.014953577,0.863520771
2,246,211318720,67,2.712129714,0.142569640,0.014953577,0.895274490
18,246,211318720,67,4.460332385,0.142569640,0.014953577,0.411584632
10,246,211318720,67,4.722189476,0.142569640,0.014953577,0.322275066
8,247,211318720,67,0.426180199,0.142569640,0.032648902,0.164616833
9,247,211318720,67,0.469465529,0.142569640,0.032648902,0.245336660
12,247,211318720,67,0.519072144,0.142569640,0.032648902,0.327704705
19,247,211318720,67,0.542840689,0.142569640,0.032648902,0.358488694
11,247,211318720,67,0.598234992,0.142569640,0.032648902,0.416881749
17,247,211318720,67,0.674864124,0.142569640,0.032648902,0.508774975
5,247,211318720,67,0.736816020,0.142569640,0.032648902,0.570571713
20,247,211318720,67,0.794218721,0.142569640,0.032648902,0.589880281
6,247,211318720,67,1.012313408,0.142569640,0.032648902,0.615856013
7,247,211318720,67,1.150243524,0.142569640,0.032648902,0.661041575
15,247,211318720,67,1.305782583,0.142569640,0.032648902,0.704418614
14,247,211318720,67,1.481591888,0.142569640,0.032648902,0.741226899
1,247,211318720,67,1.625968453,0.142569640,0.032648902,0.878029870
4,247,211318720,67,1.636309869,0.142569640,0.032648902,0.881908684
10,247,211318720,67,2.098750878,0.142569640,0.032648902,0.887373116
18,247,211318720,67,2.140959545,0.142569640,0.032648902,0.902133941
13,247,211318720,67,2.865846850,0.142569640,0.032648902,0.754319449
2,247,211318720,67,3.205244208,0.142569640,0.032648902,0.739588047
3,247,211318720,67,3.752915970,0.142569640,0.032648902,0.653386300
16,247,211318720,67,3.975496242,0.142569640,0.032648902,0.578350833
17,248,211318720,67,0.393670739,0.142569640,0.176001638,0.122901111
8,248,211318720,67,0.464923853,0.142569640,0.176001638,0.315829124
11,248,211318720,67,0.506198840,0.142569640,0.176001638,0.465209876
7,248,211318720,67,0.527194949,0.142569640,0.176001638,0.528943843
19,248,211318720,67,0.542840689,0.142569640,0.176001638,0.568807126
12,248,211318720,67,0.566260521,0.142569640,0.176001638,0.623707317
14,248,211318720,67,0.603611510,0.142569640,0.176001638,0.685680209
20,248,211318720,67,0.610937478,0.142569640,0.176001638,0.692774576
5,248,211318720,67,0.680137865,0.142569640,0.176001638,0.723948914
9,248,211318720,67,0.810895005,0.142569640,0.176001638,0.824823837
15,248,211318720,67,0.870521722,0.142569640,0.176001638,0.844546187
3,248,211318720,67,1.250971990,0.142569640,0.176001638,0.812261109
16,248,211318720,67,1.590198497,0.142569640,0.176001638,0.796815996
18,248,211318720,67,1.784132954,0.142569640,0.176001638,0.857559535
6,248,211318720,67,1.880010615,0.142569640,0.176001638,0.928394766
4,248,211318720,67,1.963571843,0.142569640,0.176001638,0.961182691
10,248,211318720,67,2.098750878,0.142569640,0.176001638,1.005825289
1,248,211318720,67,3.104121591,0.142569640,0.176001638,0.764008581
13,248,211318720,67,3.527196123,0.142569640,0.176001638,0.721235274
2,248,211318720,67,7.150160156,0.142569640,0.176001638,0.000004764
15,249,211318720,67,0.386898543,0.142569640,0.014861801,0.106253725
11,249,211318720,67,0.460180763,0.142569640,0.014861801,0.203646219
9,249,211318720,67,0.512144213,0.142569640,0.014861801,0.255233213
12,249,211318720,67,0.566260521,0.142569640,0.014861801,0.315067038
17,249,211318720,67,0.674864124,0.142569640,0.014861801,0.479145868
5,249,211318720,67,0.680137865,0.142569640,0.014861801,0.484614264
20,249,211318720,67,0.733124973,0.142569640,0.014861801,0.503358986
19,249,211318720,67,0.949971206,0.142569640,0.014861801,0.523723130
8,249,211318720,67,1.123565979,0.142569640,0.014861801,0.562265685
6,249,211318720,67,1.301545810,0.142569640,0.014861801,0.615135621
14,249,211318720,67,1.426718115,0.142569640,0.014861801,0.818704944
7,249,211318720,67,1.437804405,0.142569640,0.014861801,0.836737593
16,249,211318720,67,1.457681955,0.142569640,0.014861801,0.856325492
3,249,211318720,67,1.563714988,0.142569640,0.014861801,0.945157927
1,249,211318720,67,1.625968453,0.142569640,0.014861801,0.967209046
4,249,211318720,67,1.963571843,0.142569640,0.014861801,0.954504800
10,249,211318720,67,2.098750878,0.142569640,0.014861801,1.002400102
18,249,211318720,67,2.319372840,0.142569640,0.014861801,1.022514673
2,249,211318720,67,2.465572468,0.142569640,0.014861801,1.069664294
13,249,211318720,67,2.645397093,0.142569640,0.014861801,1.009592891
19,250,211318720,67,0.407130517,0.142569640,0.044282418,0.154928949
12,250,211318720,67,0.471883767,0.142569640,0.044282418,0.288059232
11,250,211318720,67,0.506198840,0.142569640,0.044282418,0.345502208
9,250,211318720,67,0.512144213,0.142569640,0.044282418,0.351770094
7,250,211318720,67,0.575121762,0.142569640,0.044282418,0.496851533
8,250,211318720,67,0.658642125,0.142569640,0.044282418,0.691210742
20,250,211318720,67,0.672031225,0.142569640,0.044282418,0.712483299
17,250,211318720,67,0.674864124,0.142569640,0.044282418,0.715422941
5,250,211318720,67,0.680137865,0.142569640,0.044282418,0.717596261
15,250,211318720,67,1.112333311,0.142569640,0.044282418,0.672494667
14,250,211318720,67,1.481591888,0.142569640,0.044282418,0.706736940
3,250,211318720,67,1.563714988,0.142569640,0.044282418,0.789917418
6,250,211318720,67,1.590778213,0.142569640,0.044282418,0.805528466
16,250,211318720,67,1.722715038,0.142569640,0.044282418,0.848850287
10,250,211318720,67,1.923854972,0.142569640,0.044282418,0.946756679
4,250,211318720,67,1.963571843,0.142569640,0.044282418,0.960761093
18,250,211318720,67,2.140959545,0.142569640,0.044282418,0.997297062
13,250,211318720,67,2.645397093,0.142569640,0.044282418,0.926878455
2,250,211318720,67,2.958686961,0.142569640,0.044282418,0.918505487
1,250,211318720,67,4.286644103,0.142569640,0.044282418,0.483305376
14,251,211318720,67,0.384116416,0.142569640,0.095558658,0.238627705
11,251,211318720,67,0.414162687,0.142569640,0.095558658,0.289150059
8,251,211318720,67,0.426180199,0.142569640,0.095558658,0.302707184
19,251,211318720,67,0.452367241,0.142569640,0.095558658,0.328357339
12,251,211318720,67,0.566260521,0.142569640,0.095558658,0.488346924
20,251,211318720,67,0.610937478,0.142569640,0.095558658,0.533192783
5,251,211318720,67,0.623459709,0.142569640,0.095558658,0.537452567
7,251,211318720,67,0.766829016,0.142569640,0.095558658,0.620330038
15,251,211318720,67,0.870521722,0.142569640,0.095558658,0.724642636
9,251,211318720,67,0.896252374,0.142569640,0.095558658,0.733869221
4,251,211318720,67,1.309047895,0.142569640,0.095558658,0.796601508
17,251,211318720,67,1.349728248,0.142569640,0.095558658,0.864819309
10,251,211318720,67,1.399167252,0.142569640,0.095558658,0.915016508
6,251,211318720,67,1.446162012,0.142569640,0.095558658,0.931760545
16,251,211318720,67,1.590198497,0.142569640,0.095558658,0.980503377
1,251,211318720,67,1.773783767,0.142569640,0.095558658,1.041497872
3,251,211318720,67,1.876457985,0.142569640,0.095558658,1.074731374
2,251,211318720,67,3.205244208,0.142569640,0.095558658,0.730559617
18,251,211318720,67,3.568265908,0.142569640,0.095558658,0.706313920
13,251,211318720,67,6.393042974,0.142569640,0.095558658,0.000004764
9,252,211318720,67,0.384108160,0.142569640,0.080152236,0.152675608
11,252,211318720,67,0.460180763,0.142569640,0.080152236,0.313629835
8,252,211318720,67,0.464923853,0.142569640,0.080152236,0.324634633
19,252,211318720,67,0.497603965,0.142569640,0.080152236,0.379092655
7,252,211318720,67,0.575121762,0.142569640,0.080152236,0.496439524
15,252,211318720,67,0.580347815,0.142569640,0.080152236,0.501951594
14,252,211318720,67,0.658485284,0.142569640,0.080152236,0.620249871
17,252,211318720,67,0.731102801,0.142569640,0.080152236,0.693043432
20,252,211318720,67,0.733124973,0.142569640,0.080152236,0.693806195
5,252,211318720,67,0.906850487,0.142569640,0.080152236,0.758871010
6,252,211318720,67,1.012313408,0.142569640,0.080152236,0.794953087
12,252,211318720,67,1.321274548,0.142569640,0.080152236,0.879139544
16,252,211318720,67,1.325165414,0.142569640,0.080152236,0.880216767
1,252,211318720,67,1.478153139,0.142569640,0.080152236,0.923105994
13,252,211318720,67,2.204497577,0.142569640,0.080152236,0.778134017
2,252,211318720,67,2.958686961,0.142569640,0.080152236,0.625877748
3,252,211318720,67,3.596544472,0.142569640,0.080152236,0.508807286
4,252,211318720,67,3.763512699,0.142569640,0.080152236,0.548007488
18,252,211318720,67,4.460332385,0.142569640,0.080152236,0.413363846
10,252,211318720,67,4.722189476,0.142569640,0.080152236,0.326495688
8,253,211318720,67,0.503667508,0.142569640,0.007129706,0.397281767
17,253,211318720,67,0.506148093,0.142569640,0.007129706,0.404715316
11,253,211318720,67,0.506198840,0.142569640,0.007129706,0.404827918
12,253,211318720,67,0.519072144,0.142569640,0.007129706,0.426536555
14,253,211318720,67,0.548737736,0.142569640,0.007129706,0.455867826
15,253,211318720,67,0.628710132,0.142569640,0.007129706,0.484242513
19,253,211318720,67,0.769024309,0.142569640,0.007129706,0.649443394
20,253,211318720,67,0.794218721,0.142569640,0.007129706,0.674562044
9,253,211318720,67,0.853573689,0.142569640,0.007129706,0.695186000
7,253,211318720,67,1.102316711,0.142569640,0.007129706,0.709609623
5,253,211318720,67,1.303597574,0.142569640,0.007129706,0.739974530
1,253,211318720,67,1.625968453,0.142569640,0.007129706,0.726653951
18,253,211318720,67,2.140959545,0.142569640,0.007129706,0.656076421
10,253,211318720,67,2.273646785,0.142569640,0.007129706,0.701105957
16,253,211318720,67,2.517814287,0.142569640,0.007129706,0.716071461
13,253,211318720,67,2.865846850,0.142569640,0.007129706,0.694329508
4,253,211318720,67,3.108988751,0.142569640,0.007129706,0.709745780
6,253,211318720,67,3.615405029,0.142569640,0.007129706,0.636477993
3,253,211318720,67,3.909287469,0.142569640,0.007129706,0.635411831
2,253,211318720,67,4.931144935,0.142569640,0.007129706,0.295957621
9,254,211318720,67,0.426786845,0.142569640,0.062117331,0.074248503
15,254,211318720,67,0.531985497,0.142569640,0.062117331,0.181873252
12,254,211318720,67,0.566260521,0.142569640,0.062117331,0.258119791
20,254,211318720,67,0.672031225,0.142569640,0.062117331,0.502395511
17,254,211318720,67,0.674864124,0.142569640,0.062117331,0.510993590
5,254,211318720,67,0.680137865,0.142569640,0.062117331,0.523393532
14,254,211318720,67,0.713359057,0.142569640,0.062117331,0.578993923
8,254,211318720,67,0.813616743,0.142569640,0.062117331,0.677889505
19,254,211318720,67,0.814261034,0.142569640,0.062117331,0.678074427
16,254,211318720,67,1.060132331,0.142569640,0.062117331,0.694218688
1,254,211318720,67,1.330337825,0.142569640,0.062117331,0.812645818
11,254,211318720,67,1.334524214,0.142569640,0.062117331,0.816799593
7,254,211318720,67,1.437804405,0.142569640,0.062117331,0.852849480
6,254,211318720,67,1.590778213,0.142569640,0.062117331,0.897035902
3,254,211318720,67,1.876457985,0.142569640,0.062117331,0.899952282
2,254,211318720,67,2.958686961,0.142569640,0.062117331,0.638769430
10,254,211318720,67,3.148126317,0.142569640,0.062117331,0.683852336
4,254,211318720,67,3.272619738,0.142569640,0.062117331,0.725229278
18,254,211318720,67,4.103505794,0.142569640,0.062117331,0.548098544
13,254,211318720,67,5.731693700,0.142569640,0.062117331,0.011614575
14,255,211318720,67,0.384116416,0.142569640,0.017772473,0.101302645
8,255,211318720,67,0.464923853,0.142569640,0.017772473,0.182910109
11,255,211318720,67,0.506198840,0.142569640,0.017772473,0.196373585
17,255,211318720,67,0.731102801,0.142569640,0.017772473,0.217361819
7,255,211318720,67,0.958536270,0.142569640,0.017772473,0.457543570
20,255,211318720,67,0.977499964,0.142569640,0.017772473,0.489171019
9,255,211318720,67,0.981609742,0.142569640,0.017772473,0.493235364
6,255,211318720,67,1.012313408,0.142569640,0.017772473,0.503753422
12,255,211318720,67,1.179709418,0.142569640,0.017772473,0.822839233
5,255,211318720,67,1.190241264,0.142569640,0.017772473,0.847508344
15,255,211318720,67,1.209057947,0.142569640,0.017772473,0.879039900
19,255,211318720,67,1.221391550,0.142569640,0.017772473,0.891140236
3,255,211318720,67,1.250971990,0.142569640,0.017772473,0.901382891
16,255,211318720,67,1.590198497,0.142569640,0.017772473,0.883765447
1,255,211318720,67,1.773783767,0.142569640,0.017772473,0.917878802
10,255,211318720,67,2.098750878,0.142569640,0.017772473,0.907272652
18,255,211318720,67,4.460332385,0.142569640,0.017772473,0.223661736
4,255,211318720,67,4.908929607,0.142569640,0.017772473,0.170230218
13,255,211318720,67,6.393042974,0.142569640,0.017772473,0.046393741
2,255,211318720,67,6.657045662,0.142569640,0.017772473,0.000004764
8,256,211318720,67,0.387436544,0.142569640,0.143858314,0.158325228
19,256,211318720,67,0.452367241,0.142569640,0.143858314,0.346024739
5,256,211318720,67,0.453425243,0.142569640,0.143858314,0.349327932
12,256,211318720,67,0.519072144,0.142569640,0.143858314,0.581234434
7,256,211318720,67,0.527194949,0.142569640,0.143858314,0.610743176
9,256,211318720,67,0.554822898,0.142569640,0.143858314,0.692986583
15,256,211318720,67,0.580347815,0.142569640,0.143858314,0.753048609
11,256,211318720,67,0.598234992,0.142569640,0.143858314,0.782752418
20,256,211318720,67,0.610937478,0.142569640,0.143858314,0.795851570
14,256,211318720,67,0.658485284,0.142569640,0.143858314,0.811782339
4,256,211318720,67,1.145416908,0.142569640,0.143858314,0.749980664
17,256,211318720,67,1.405966925,0.142569640,0.143858314,0.818034149
16,256,211318720,67,1.457681955,0.142569640,0.143858314,0.835713917
1,256,211318720,67,1.921599080,0.142569640,0.143858314,0.776989768
18,256,211318720,67,2.140959545,0.142569640,0.143858314,0.799939146
13,256,211318720,67,2.645397093,0.142569640,0.143858314,0.727329777
6,256,211318720,67,3.036940224,0.142569640,0.143858314,0.695707567
10,256,211318720,67,3.497918130,0.142569640,0.143858314,0.639801319
3,256,211318720,67,4.222030467,0.142569640,0.143858314,0.494040793
2,256,211318720,67,6.163931169,0.142569640,0.143858314,0.000004764
11,257,211318720,67,0.368144611,0.142569640,0.077453673,0.077027644
9,257,211318720,67,0.469465529,0.142569640,0.077453673,0.199079341
19,257,211318720,67,0.542840689,0.142569640,0.077453673,0.352302018
14,257,211318720,67,0.548737736,0.142569640,0.077453673,0.361572235
5,257,211318720,67,0.623459709,0.142569640,0.077453673,0.436529708
15,257,211318720,67,0.628710132,0.142569640,0.077453673,0.438447050
17,257,211318720,67,1.012296186,0.142569640,0.077453673,0.536322367
16,257,211318720,67,1.060132331,0.142569640,0.077453673,0.619224014
12,257,211318720,67,1.085332665,0.142569640,0.077453673,0.661539630
8,257,211318720,67,1.123565979,0.142569640,0.077453673,0.700016254
7,257,211318720,67,1.198170338,0.142569640,0.077453673,0.724213345
20,257,211318720,67,1.527343694,0.142569640,0.077453673,0.793398244
6,257,211318720,67,1.590778213,0.142569640,0.077453673,0.858198316
1,257,211318720,67,1.625968453,0.142569640,0.077453673,0.869975363
3,257,211318720,67,1.876457985,0.142569640,0.077453673,0.916286818
4,257,211318720,67,1.963571843,0.142569640,0.077453673,0.946133660
13,257,211318720,67,2.865846850,0.142569640,0.077453673,0.746418726
18,257,211318720,67,3.568265908,0.142569640,0.077453673,0.608682045
10,257,211318720,67,4.372397663,0.142569640,0.077453673,0.441574861
2,257,211318720,67,6.657045662,0.142569640,0.077453673,0.000004764
9,258,211318720,67,0.512144213,0.142569640,0.001682271,0.108590465
12,258,211318720,67,0.566260521,0.142569640,0.001682271,0.160478599
14,258,211318720,67,0.658485284,0.142569640,0.001682271,0.208739447
8,258,211318720,67,0.774873089,0.142569640,0.001682271,0.247847007
11,258,211318720,67,0.966379603,0.142569640,0.001682271,0.279877640
19,258,211318720,67,1.130918102,0.142569640,0.001682271,0.363236320
15,258,211318720,67,1.209057947,0.142569640,0.001682271,0.425726051
7,258,211318720,67,1.294023965,0.142569640,0.001682271,0.455777957
17,258,211318720,67,1.518444278,0.142569640,0.001682271,0.579585454
5,258,211318720,67,1.530310196,0.142569640,0.001682271,0.591624573
4,258,211318720,67,1.636309869,0.142569640,0.001682271,0.740669114
20,258,211318720,67,1.710624938,0.142569640,0.001682271,0.863781433
3,258,211318720,67,1.720086486,0.142569640,0.001682271,0.873568696
6,258,211318720,67,1.735394414,0.142569640,0.001682271,0.878142730
18,258,211318720,67,1.962546249,0.142569640,0.001682271,0.902364509
10,258,211318720,67,2.098750878,0.142569640,0.001682271,0.947625012
13,258,211318720,67,2.645397093,0.142569640,0.001682271,0.913455612
2,258,211318720,67,2.712129714,0.142569640,0.001682271,0.935274433
16,258,211318720,67,3.842979701,0.142569640,0.001682271,0.657383232
1,258,211318720,67,3.991013475,0.142569640,0.001682271,0.608126597
8,259,211318720,67,0.271205581,0.142569640,0.063519120,0.084173198
19,259,211318720,67,0.361893793,0.142569640,0.063519120,0.115157658
7,259,211318720,67,0.527194949,0.142569640,0.063519120,0.191186821
5,259,211318720,67,0.623459709,0.142569640,0.063519120,0.288941347
14,259,211318720,67,0.658485284,0.142569640,0.063519120,0.301252091
12,259,211318720,67,0.896579158,0.142569640,0.063519120,0.319177020
15,259,211318720,67,1.112333311,0.142569640,0.063519120,0.471736555
9,259,211318720,67,1.152324480,0.142569640,0.063519120,0.538895735
11,259,211318720,67,1.196469985,0.142569640,0.063519120,0.622209247
10,259,211318720,67,1.224271346,0.142569640,0.063519120,0.669180423
17,259,211318720,67,1.293489571,0.142569640,0.063519120,0.739485635
16,259,211318720,67,1.325165414,0.142569640,0.063519120,0.765242750
6,259,211318720,67,1.446162012,0.142569640,0.063519120,0.806314311
20,259,211318720,67,1.649531190,0.142569640,0.063519120,0.846360257
1,259,211318720,67,1.773783767,0.142569640,0.063519120,0.913791751
3,259,211318720,67,1.876457985,0.142569640,0.063519120,0.984503814
4,259,211318720,67,1.963571843,0.142569640,0.063519120,1.013262916
18,259,211318720,67,2.140959545,0.142569640,0.063519120,1.051280507
13,259,211318720,67,2.645397093,0.142569640,0.063519120,0.980932307
2,259,211318720,67,2.958686961,0.142569640,0.063519120,0.875840624
15,260,211318720,67,0.386898543,0.142569640,0.042876609,0.098263462
7,260,211318720,67,0.479268135,0.142569640,0.042876609,0.280774392
8,260,211318720,67,0.503667508,0.142569640,0.042876609,0.321423786
19,260,211318720,67,0.542840689,0.142569640,0.042876609,0.376288524
12,260,211318720,67,0.566260521,0.142569640,0.042876609,0.415073192
20,260,211318720,67,0.672031225,0.142569640,0.042876609,0.521980012
17,260,211318720,67,0.674864124,0.142569640,0.042876609,0.522978161
11,260,211318720,67,0.920361527,0.142569640,0.042876609,0.535390325
9,260,211318720,67,1.280360534,0.142569640,0.042876609,0.516756573
5,260,211318720,67,1.416953885,0.142569640,0.042876609,0.562673249
16,260,211318720,67,1.590198497,0.142569640,0.042876609,0.695624499
14,260,211318720,67,1.591339436,0.142569640,0.042876609,0.695935315
10,260,211318720,67,1.923854972,0.142569640,0.042876609,0.682450841
4,260,211318720,67,2.127202830,0.142569640,0.042876609,0.796165170
18,260,211318720,67,2.140959545,0.142569640,0.042876609,0.800927092
13,260,211318720,67,2.424947335,0.142569640,0.042876609,0.799966125
2,260,211318720,67,2.958686961,0.142569640,0.042876609,0.719972009
3,260,211318720,67,3.127429975,0.142569640,0.042876609,0.760293324
1,260,211318720,67,3.547567533,0.142569640,0.042876609,0.713677532
6,260,211318720,67,3.760021230,0.142569640,0.042876609,0.643000184
12,261,211318720,67,0.471883767,0.142569640,0.048210621,0.239734298
19,261,211318720,67,0.497603965,0.142569640,0.048210621,0.282864514
5,261,211318720,67,0.510103399,0.142569640,0.048210621,0.295748213
11,261,211318720,67,0.552216916,0.142569640,0.048210621,0.334165636
14,261,211318720,67,0.658485284,0.142569640,0.048210621,0.414790116
20,261,211318720,67,0.733124973,0.142569640,0.048210621,0.520378717
9,261,211318720,67,0.810895005,0.142569640,0.048210621,0.598464205
15,261,211318720,67,0.822159404,0.142569640,0.048210621,0.602475251
8,261,211318720,67,1.162309633,0.142569640,0.048210621,0.665768242
17,261,211318720,67,1.181012217,0.142569640,0.048210621,0.672086429
7,261,211318720,67,1.341950778,0.142569640,0.048210621,0.742587482
6,261,211318720,67,1.446162012,0.142569640,0.048210621,0.778377279
1,261,211318720,67,1.921599080,0.142569640,0.048210621,0.788520533
4,261,211318720,67,1.963571843,0.142569640,0.048210621,0.806778023
10,261,211318720,67,2.098750878,0.142569640,0.048210621,0.852798445
18,261,211318720,67,2.319372840,0.142569640,0.048210621,0.874051815
2,261,211318720,67,2.958686961,0.142569640,0.048210621,0.758717396
16,261,211318720,67,3.180396994,0.142569640,0.048210621,0.780731357
13,261,211318720,67,4.188545396,0.142569640,0.048210621,0.535086651
3,261,211318720,67,4.222030467,0.142569640,0.048210621,0.523929721
7,262,211318720,67,0.335487695,0.142569640,0.028961994,0.055657189
8,262,211318720,67,0.464923853,0.142569640,0.028961994,0.261509726
19,262,211318720,67,0.497603965,0.142569640,0.028961994,0.363421373
11,262,211318720,67,0.506198840,0.142569640,0.028961994,0.389304042
15,262,211318720,67,0.580347815,0.142569640,0.028961994,0.562486757
14,262,211318720,67,0.603611510,0.142569640,0.028961994,0.601094291
17,262,211318720,67,0.618625447,0.142569640,0.028961994,0.616819510
5,262,211318720,67,0.623459709,0.142569640,0.028961994,0.618431700
9,262,211318720,67,0.896252374,0.142569640,0.028961994,0.622618372
12,262,211318720,67,1.226897795,0.142569640,0.028961994,0.609481692
3,262,211318720,67,1.407343489,0.142569640,0.028961994,0.644217012
16,262,211318720,67,1.590198497,0.142569640,0.028961994,0.734771637
20,262,211318720,67,1.649531190,0.142569640,0.028961994,0.810093197
6,262,211318720,67,1.735394414,0.142569640,0.028961994,0.953661100
1,262,211318720,67,1.773783767,0.142569640,0.028961994,0.991254656
18,262,211318720,67,1.784132954,0.142569640,0.028961994,0.996820605
10,262,211318720,67,1.923854972,0.142569640,0.028961994,1.042294513
2,262,211318720,67,2.219015221,0.142569640,0.028961994,1.040916277
13,262,211318720,67,2.424947335,0.142569640,0.028961994,1.069386474
4,262,211318720,67,3.272619738,0.142569640,0.028961994,0.788224691
8,263,211318720,67,0.464923853,0.142569640,0.265051693,0.300165150
17,263,211318720,67,0.506148093,0.142569640,0.265051693,0.478015382
11,263,211318720,67,0.506198840,0.142569640,0.265051693,0.478219515
14,263,211318720,67,0.548737736,0.142569640,0.265051693,0.604722735
12,263,211318720,67,0.566260521,0.142569640,0.265051693,0.645787118
7,263,211318720,67,0.575121762,0.142569640,0.265051693,0.660473733
15,263,211318720,67,0.580347815,0.142569640,0.265051693,0.665426664
19,263,211318720,67,0.588077413,0.142569640,0.265051693,0.668197016
5,263,211318720,67,0.736816020,0.142569640,0.265051693,0.712803087
9,263,211318720,67,1.152324480,0.142569640,0.265051693,0.672297588
1,263,211318720,67,1.478153139,0.142569640,0.265051693,0.720578572
3,263,211318720,67,1.563714988,0.142569640,0.265051693,0.845077714
6,263,211318720,67,1.590778213,0.142569640,0.265051693,0.871591736
20,263,211318720,67,1.649531190,0.142569640,0.265051693,0.918881105
10,263,211318720,67,1.748959065,0.142569640,0.265051693,0.951337922
18,263,211318720,67,1.962546249,0.142569640,0.265051693,1.072524918
4,263,211318720,67,1.963571843,0.142569640,0.265051693,1.072903982
2,263,211318720,67,2.465572468,0.142569640,0.265051693,1.063364939
16,263,211318720,67,2.517814287,0.142569640,0.265051693,1.079512462
13,263,211318720,67,4.188545396,0.142569640,0.265051693,0.525995105
19,264,211318720,67,0.407130517,0.142569640,0.042678189,0.364020271
11,264,211318720,67,0.414162687,0.142569640,0.042678189,0.381304096
8,264,211318720,67,0.426180199,0.142569640,0.042678189,0.409907894
7,264,211318720,67,0.431341322,0.142569640,0.042678189,0.418476344
5,264,211318720,67,0.453425243,0.142569640,0.042678189,0.440442760
9,264,211318720,67,0.554822898,0.142569640,0.042678189,0.515297316
14,264,211318720,67,0.658485284,0.142569640,0.042678189,0.623632864
17,264,211318720,67,0.674864124,0.142569640,0.042678189,0.639962527
20,264,211318720,67,0.794218721,0.142569640,0.042678189,0.679947462
18,264,211318720,67,1.248893068,0.142569640,0.042678189,0.680788220
15,264,211318720,67,1.305782583,0.142569640,0.042678189,0.719786269
12,264,211318720,67,1.415651302,0.142569640,0.042678189,0.822441574
16,264,211318720,67,1.457681955,0.142569640,0.042678189,0.836208600
6,264,211318720,67,1.735394414,0.142569640,0.042678189,0.926288796
10,264,211318720,67,1.748959065,0.142569640,0.042678189,0.930185065
4,264,211318720,67,1.963571843,0.142569640,0.042678189,0.952807304
13,264,211318720,67,2.204497577,0.142569640,0.042678189,0.967043049
3,264,211318720,67,2.345572481,0.142569640,0.042678189,1.016115196
1,264,211318720,67,3.695382847,0.142569640,0.042678189,0.667047509
2,264,211318720,67,4.438030442,0.142569640,0.042678189,0.424188665
17,265,211318720,67,0.506148093,0.142569640,0.436954618,0.291813924
12,265,211318720,67,0.519072144,0.142569640,0.436954618,0.321751812
11,265,211318720,67,0.552216916,0.142569640,0.436954618,0.376583125
9,265,211318720,67,0.554822898,0.142569640,0.436954618,0.379127633
14,265,211318720,67,0.603611510,0.142569640,0.436954618,0.396255513
20,265,211318720,67,0.794218721,0.142569640,0.436954618,0.427338654
5,265,211318720,67,1.020206797,0.142569640,0.436954618,0.548850592
8,265,211318720,67,1.084822324,0.142569640,0.436954618,0.614332500
19,265,211318720,67,1.085681378,0.142569640,0.436954618,0.614691395
15,265,211318720,67,1.305782583,0.142569640,0.436954618,0.824524530
16,265,211318720,67,1.325165414,0.142569640,0.436954618,0.856038216
7,265,211318720,67,1.341950778,0.142569640,0.436954618,0.877130966
10,265,211318720,67,1.399167252,0.142569640,0.436954618,0.934346181
1,265,211318720,67,1.478153139,0.142569640,0.436954618,0.981231210
6,265,211318720,67,1.590778213,0.142569640,0.436954618,1.020578945
18,265,211318720,67,1.784132954,0.142569640,0.436954618,1.084604298
3,265,211318720,67,1.876457985,0.142569640,0.436954618,1.116078267
4,265,211318720,67,4.418036646,0.142569640,0.436954618,0.381167585
2,265,211318720,67,5.177702182,0.142569640,0.436954618,0.221585964
13,265,211318720,67,5.511243943,0.142569640,0.436954618,0.111240500
15,266,211318720,67,0.483623179,0.142569640,0.014863735,0.262631971
11,266,211318720,67,0.506198840,0.142569640,0.014863735,0.315354882
9,266,211318720,67,0.512144213,0.142569640,0.014863735,0.325313090
7,266,211318720,67,0.575121762,0.142569640,0.014863735,0.388081201
19,266,211318720,67,0.588077413,0.142569640,0.014863735,0.392774079
8,266,211318720,67,0.736129434,0.142569640,0.014863735,0.440926004
14,266,211318720,67,0.877980378,0.142569640,0.014863735,0.489203939
5,266,211318720,67,1.020206797,0.142569640,0.014863735,0.557052444
12,266,211318720,67,1.132521041,0.142569640,0.014863735,0.692504921
1,266,211318720,67,1.182522511,0.142569640,0.014863735,0.763336477
20,266,211318720,67,1.221874955,0.142569640,0.014863735,0.803618191
17,266,211318720,67,1.293489571,0.142569640,0.014863735,0.834319058
18,266,211318720,67,1.427306363,0.142569640,0.014863735,0.955640679
16,266,211318720,67,1.457681955,0.142569640,0.014863735,0.965635009
3,266,211318720,67,1.876457985,0.142569640,0.014863735,1.014559296
6,266,211318720,67,1.880010615,0.142569640,0.014863735,1.015837561
13,266,211318720,67,2.645397093,0.142569640,0.014863735,0.857285759
4,266,211318720,67,3.272619738,0.142569640,0.014863735,0.745203572
10,266,211318720,67,4.722189476,0.142569640,0.014863735,0.358127428
2,266,211318720,67,7.150160156,0.142569640,0.014863735,0.000004764
9,267,211318720,67,0.512144213,0.142569640,0.011205393,0.136998216
11,267,211318720,67,0.552216916,0.142569640,0.011205393,0.190698551
5,267,211318720,67,0.623459709,0.142569640,0.011205393,0.284239602
17,267,211318720,67,0.674864124,0.142569640,0.011205393,0.367692508
20,267,211318720,67,0.733124973,0.142569640,0.011205393,0.426018533
19,267,211318720,67,0.769024309,0.142569640,0.011205393,0.438083398
14,267,211318720,67,0.932854152,0.142569640,0.011205393,0.478888126
8,267,211318720,67,1.084822324,0.142569640,0.011205393,0.522209058
7,267,211318720,67,1.294023965,0.142569640,0.011205393,0.645491448
12,267,211318720,67,1.321274548,0.142569640,0.011205393,0.677491112
15,267,211318720,67,1.402507219,0.142569640,0.011205393,0.759385595
16,267,211318720,67,1.457681955,0.142569640,0.011205393,0.778963069
2,267,211318720,67,1.725900727,0.142569640,0.011205393,0.840850903
18,267,211318720,67,1.784132954,0.142569640,0.011205393,0.893654443
3,267,211318720,67,1.876457985,0.142569640,0.011205393,0.961826012
4,267,211318720,67,1.963571843,0.142569640,0.011205393,0.991897804
13,267,211318720,67,2.204497577,0.142569640,0.011205393,1.055617114
10,267,211318720,67,2.273646785,0.142569640,0.011205393,1.078409016
1,267,211318720,67,2.660675650,0.142569640,0.011205393,1.044049849
6,267,211318720,67,3.904637431,0.142569640,0.011205393,0.627460363
9,268,211318720,67,0.384108160,0.142569640,0.010710207,0.135434048
12,268,211318720,67,0.424695391,0.142569640,0.010710207,0.199260814
19,268,211318720,67,0.497603965,0.142569640,0.010710207,0.287883325
15,268,211318720,67,0.531985497,0.142569640,0.010710207,0.334199488
17,268,211318720,67,0.618625447,0.142569640,0.010710207,0.479523881
14,268,211318720,67,0.658485284,0.142569640,0.010710207,0.518857289
20,268,211318720,67,0.672031225,0.142569640,0.010710207,0.523314653
8,268,211318720,67,0.891104052,0.142569640,0.010710207,0.544997294
11,268,211318720,67,1.242488061,0.142569640,0.010710207,0.692504556
3,268,211318720,67,1.250971990,0.142569640,0.010710207,0.706554393
7,268,211318720,67,1.294023965,0.142569640,0.010710207,0.749657811
5,268,211318720,67,1.360275730,0.142569640,0.010710207,0.770643863
6,268,211318720,67,1.735394414,0.142569640,0.010710207,0.740378612
4,268,211318720,67,1.963571843,0.142569640,0.010710207,0.760929762
2,268,211318720,67,2.465572468,0.142569640,0.010710207,0.692066273
10,268,211318720,67,2.623438598,0.142569640,0.010710207,0.735534981
18,268,211318720,67,2.854612726,0.142569640,0.010710207,0.755561207
16,268,211318720,67,3.047880452,0.142569640,0.010710207,0.788420373
1,268,211318720,67,3.991013475,0.142569640,0.010710207,0.570676159
13,268,211318720,67,5.952143458,0.142569640,0.010710207,0.000004764
8,269,211318720,67,0.348692890,0.142569640,0.033385597,0.084452694
5,269,211318720,67,0.453425243,0.142569640,0.033385597,0.352456204
12,269,211318720,67,0.471883767,0.142569640,0.033385597,0.410195336
19,269,211318720,67,0.497603965,0.142569640,0.033385597,0.512693631
9,269,211318720,67,0.512144213,0.142569640,0.033385597,0.566346260
14,269,211318720,67,0.548737736,0.142569640,0.033385597,0.675481093
15,269,211318720,67,0.580347815,0.142569640,0.033385597,0.749636616
20,269,211318720,67,0.610937478,0.142569640,0.033385597,0.800292262
17,269,211318720,67,0.618625447,0.142569640,0.033385597,0.808117346
7,269,211318720,67,0.623048576,0.142569640,0.033385597,0.809383415
11,269,211318720,67,1.288506138,0.142569640,0.033385597,0.760105536
16,269,211318720,67,1.325165414,0.142569640,0.033385597,0.773174731
3,269,211318720,67,1.563714988,0.142569640,0.033385597,0.790555821
6,269,211318720,67,1.735394414,0.142569640,0.033385597,0.829044162
10,269,211318720,67,1.923854972,0.142569640,0.033385597,0.862156866
18,269,211318720,67,2.140959545,0.142569640,0.033385597,0.884373151
2,269,211318720,67,2.958686961,0.142569640,0.033385597,0.709673365
4,269,211318720,67,3.272619738,0.142569640,0.033385597,0.703616255
1,269,211318720,67,3.991013475,0.142569640,0.033385597,0.560772972
13,269,211318720,67,4.408995154,0.142569640,0.033385597,0.421816321
7,270,211318720,67,0.431341322,0.142569640,0.004773811,0.149371211
8,270,211318720,67,0.503667508,0.142569640,0.004773811,0.364541915
12,270,211318720,67,0.519072144,0.142569640,0.004773811,0.412860196
19,270,211318720,67,0.542840689,0.142569640,0.004773811,0.484243041
15,270,211318720,67,0.580347815,0.142569640,0.004773811,0.572418585
11,270,211318720,67,0.598234992,0.142569640,0.004773811,0.607621905
17,270,211318720,67,0.618625447,0.142569640,0.004773811,0.641917581
14,270,211318720,67,0.658485284,0.142569640,0.004773811,0.703512715
20,270,211318720,67,0.733124973,0.142569640,0.004773811,0.778778490
9,270,211318720,67,0.768216320,0.142569640,0.004773811,0.790675397
5,270,211318720,67,1.530310196,0.142569640,0.004773811,0.688633266
16,270,211318720,67,1.590198497,0.142569640,0.004773811,0.717692246
3,270,211318720,67,1.720086486,0.142569640,0.004773811,0.887438957
13,270,211318720,67,1.763598062,0.142569640,0.004773811,0.930234344
1,270,211318720,67,1.773783767,0.142569640,0.004773811,0.933824564
18,270,211318720,67,2.140959545,0.142569640,0.004773811,0.906990974
6,270,211318720,67,2.603091621,0.142569640,0.004773811,0.848893758
10,270,211318720,67,4.022605850,0.142569640,0.004773811,0.471853950
4,270,211318720,67,4.745298620,0.142569640,0.004773811,0.328116560
2,270,211318720,67,5.177702182,0.142569640,0.004773811,0.183101153
8,271,211318720,67,0.426180199,0.142569640,0.124787010,0.205756723
7,271,211318720,67,0.479268135,0.142569640,0.124787010,0.363863178
19,271,211318720,67,0.497603965,0.142569640,0.124787010,0.406333837
9,271,211318720,67,0.512144213,0.142569640,0.124787010,0.430811960
11,271,211318720,67,0.552216916,0.142569640,0.124787010,0.484644121
5,271,211318720,67,0.566781554,0.142569640,0.124787010,0.499317568
17,271,211318720,67,0.674864124,0.142569640,0.124787010,0.576300555
12,271,211318720,67,0.755014028,0.142569640,0.124787010,0.615825115
14,271,211318720,67,0.877980378,0.142569640,0.124787010,0.657977638
20,271,211318720,67,1.099687460,0.142569640,0.124787010,0.800084278
4,271,211318720,67,1.145416908,0.142569640,0.124787010,0.871397225
15,271,211318720,67,1.160695629,0.142569640,0.124787010,0.886671426
3,271,211318720,67,1.250971990,0.142569640,0.124787010,0.916488163
6,271,211318720,67,1.446162012,0.142569640,0.124787010,0.948152917
13,271,211318720,67,1.763598062,0.142569640,0.124787010,1.028792281
1,271,211318720,67,1.773783767,0.142569640,0.124787010,1.032445502
10,271,211318720,67,2.098750878,0.142569640,0.124787010,1.088230531
18,271,211318720,67,2.140959545,0.142569640,0.124787010,1.101280114
2,271,211318720,67,2.712129714,0.142569640,0.124787010,1.008478114
16,271,211318720,67,3.312913535,0.142569640,0.124787010,0.813434615
12,272,211318720,67,0.424695391,0.142569640,0.016824007,0.201116429
11,272,211318720,67,0.460180763,0.142569640,0.016824007,0.294434457
9,272,211318720,67,0.469465529,0.142569640,0.016824007,0.315859469
19,272,211318720,67,0.542840689,0.142569640,0.016824007,0.458683947
7,272,211318720,67,0.575121762,0.142569640,0.016824007,0.534518295
15,272,211318720,67,0.580347815,0.142569640,0.016824007,0.543259480
14,272,211318720,67,0.658485284,0.142569640,0.016824007,0.621324069
5,272,211318720,67,0.680137865,0.142569640,0.016824007,0.626709851
8,272,211318720,67,0.929847706,0.142569640,0.016824007,0.642246569
17,272,211318720,67,1.068534863,0.142569640,0.016824007,0.767219458
3,272,211318720,67,1.094600491,0.142569640,0.016824007,0.776057796
20,272,211318720,67,1.649531190,0.142569640,0.016824007,0.742914973
6,272,211318720,67,1.735394414,0.142569640,0.016824007,0.887007872
1,272,211318720,67,1.773783767,0.142569640,0.016824007,0.924450523
18,272,211318720,67,1.784132954,0.142569640,0.016824007,0.930085073
10,272,211318720,67,1.923854972,0.142569640,0.016824007,0.977146316
16,272,211318720,67,2.120264662,0.142569640,0.016824007,1.037064242
2,272,211318720,67,2.219015221,0.142569640,0.016824007,1.069563631
13,272,211318720,67,2.865846850,0.142569640,0.016824007,0.954644967
4,272,211318720,67,3.436250725,0.142569640,0.016824007,0.761134267
8,273,211318720,67,0.387436544,0.142569640,0.066903420,0.171789016
11,273,211318720,67,0.460180763,0.142569640,0.066903420,0.369443098
15,273,211318720,67,0.483623179,0.142569640,0.066903420,0.433239406
14,273,211318720,67,0.493863963,0.142569640,0.066903420,0.456953690
19,273,211318720,67,0.497603965,0.142569640,0.066903420,0.463322542
17,273,211318720,67,0.562386770,0.142569640,0.066903420,0.528441059
12,273,211318720,67,0.613448897,0.142569640,0.066903420,0.545457539
9,273,211318720,67,0.981609742,0.142569640,0.066903420,0.549602277
5,273,211318720,67,1.076884953,0.142569640,0.066903420,0.582387375
20,273,211318720,67,1.282968703,0.142569640,0.066903420,0.698808816
7,273,211318720,67,1.294023965,0.142569640,0.066903420,0.702758148
16,273,211318720,67,1.590198497,0.142569640,0.066903420,0.765302154
4,273,211318720,67,1.636309869,0.142569640,0.066903420,0.781028643
10,273,211318720,67,1.923854972,0.142569640,0.066903420,0.781700215
13,273,211318720,67,2.424947335,0.142569640,0.066903420,0.785039772
6,273,211318720,67,2.458475420,0.142569640,0.066903420,0.795663085
3,273,211318720,67,3.127429975,0.142569640,0.066903420,0.673468585
1,273,211318720,67,3.399752219,0.142569640,0.066903420,0.678911558
18,273,211318720,67,4.995572271,0.142569640,0.066903420,0.246645431
2,273,211318720,67,6.163931169,0.142569640,0.066903420,0.000004764
11,274,211318720,67,0.460180763,0.142569640,0.070507780,0.152243491
15,274,211318720,67,0.531985497,0.142569640,0.070507780,0.352034827
19,274,211318720,67,0.542840689,0.142569640,0.070507780,0.384587047
7,274,211318720,67,0.575121762,0.142569640,0.070507780,0.473373683
14,274,211318720,67,0.603611510,0.142569640,0.070507780,0.540929087
5,274,211318720,67,0.623459709,0.142569640,0.070507780,0.573853372
17,274,211318720,67,0.674864124,0.142569640,0.070507780,0.639740332
8,274,211318720,67,0.697385780,0.142569640,0.070507780,0.676930568
12,274,211318720,67,0.802202404,0.142569640,0.070507780,0.783045519
9,274,211318720,67,0.810895005,0.142569640,0.070507780,0.786043454
20,274,211318720,67,1.038593712,0.142569640,0.070507780,0.804704059
6,274,211318720,67,1.301545810,0.142569640,0.070507780,0.812098808
4,274,211318720,67,1.636309869,0.142569640,0.070507780,0.837746993
16,274,211318720,67,1.722715038,0.142569640,0.070507780,0.978929644
1,274,211318720,67,1.773783767,0.142569640,0.070507780,1.029963911
18,274,211318720,67,1.784132954,0.142569640,0.070507780,1.033622037
10,274,211318720,67,2.098750878,0.142569640,0.070507780,1.022316490
3,274,211318720,67,3.596544472,0.142569640,0.070507780,0.625296182
13,274,211318720,67,5.070344427,0.142569640,0.070507780,0.235182351
2,274,211318720,67,5.670816675,0.142569640,0.070507780,0.036916936
9,275,211318720,67,0.298750791,0.142569640,0.010989820,0.086232638
7,275,211318720,67,0.383414508,0.142569640,0.010989820,0.128742576
11,275,211318720,67,0.506198840,0.142569640,0.010989820,0.240958805
19,275,211318720,67,0.542840689,0.142569640,0.010989820,0.274629876
14,275,211318720,67,0.658485284,0.142569640,0.010989820,0.389236453
5,275,211318720,67,0.680137865,0.142569640,0.010989820,0.396766797
20,275,211318720,67,0.916406217,0.142569640,0.010989820,0.422333385
8,275,211318720,67,1.046078670,0.142569640,0.010989820,0.598417060
17,275,211318720,67,1.068534863,0.142569640,0.010989820,0.621022216
15,275,211318720,67,1.112333311,0.142569640,0.010989820,0.636461899
12,275,211318720,67,1.321274548,0.142569640,0.010989820,0.661725329
3,275,211318720,67,1.563714988,0.142569640,0.010989820,0.755216074
6,275,211318720,67,1.590778213,0.142569640,0.010989820,0.764500623
10,275,211318720,67,2.098750878,0.142569640,0.010989820,0.717689197
13,275,211318720,67,2.204497577,0.142569640,0.010989820,0.771749089
18,275,211318720,67,2.319372840,0.142569640,0.010989820,0.810973263
2,275,211318720,67,2.712129714,0.142569640,0.010989820,0.807538845
1,275,211318720,67,2.808490964,0.142569640,0.010989820,0.839602345
16,275,211318720,67,3.312913535,0.142569640,0.010989820,0.771999814
4,275,211318720,67,4.090774673,0.142569640,0.010989820,0.516051503
19,276,211318720,67,0.452367241,0.142569640,0.088791534,0.175127798
11,276,211318720,67,0.506198840,0.142569640,0.088791534,0.336936316
9,276,211318720,67,0.554822898,0.142569640,0.088791534,0.482690359
12,276,211318720,67,0.566260521,0.142569640,0.088791534,0.517203085
7,276,211318720,67,0.575121762,0.142569640,0.088791534,0.538045171
15,276,211318720,67,0.580347815,0.142569640,0.088791534,0.546934868
20,276,211318720,67,0.672031225,0.142569640,0.088791534,0.742572817
17,276,211318720,67,0.674864124,0.142569640,0.088791534,0.747283994
8,276,211318720,67,0.736129434,0.142569640,0.088791534,0.808763376
5,276,211318720,67,0.736816020,0.142569640,0.088791534,0.808985504
14,276,211318720,67,1.316970567,0.142569640,0.088791534,0.801920122
16,276,211318720,67,1.325165414,0.142569640,0.088791534,0.804303587
1,276,211318720,67,1.478153139,0.142569640,0.088791534,0.849068916
6,276,211318720,67,1.735394414,0.142569640,0.088791534,0.857740976
3,276,211318720,67,1.876457985,0.142569640,0.088791534,0.906174885
10,276,211318720,67,2.098750878,0.142569640,0.088791534,0.944069742
2,276,211318720,67,2.219015221,0.142569640,0.088791534,0.985067652
4,276,211318720,67,2.618095791,0.142569640,0.088791534,1.021804260
13,276,211318720,67,2.645397093,0.142569640,0.088791534,1.030996731
18,276,211318720,67,4.103505794,0.142569640,0.088791534,0.548721556
7,277,211318720,67,0.383414508,0.142569640,0.165993422,0.177347098
8,277,211318720,67,0.387436544,0.142569640,0.165993422,0.181401105
9,277,211318720,67,0.469465529,0.142569640,0.165993422,0.328403246
19,277,211318720,67,0.542840689,0.142569640,0.165993422,0.469633187
11,277,211318720,67,0.552216916,0.142569640,0.165993422,0.485036962
17,277,211318720,67,0.562386770,0.142569640,0.165993422,0.495508304
14,277,211318720,67,0.658485284,0.142569640,0.165993422,0.526170511
15,277,211318720,67,0.918884040,0.142569640,0.165993422,0.536746454
4,277,211318720,67,1.145416908,0.142569640,0.165993422,0.565653811
12,277,211318720,67,1.274086172,0.142569640,0.165993422,0.608828485
5,277,211318720,67,1.530310196,0.142569640,0.165993422,0.690945347
6,277,211318720,67,1.590778213,0.142569640,0.165993422,0.751768265
20,277,211318720,67,1.649531190,0.142569640,0.165993422,0.771174258
3,277,211318720,67,1.876457985,0.142569640,0.165993422,0.853741100
10,277,211318720,67,1.923854972,0.142569640,0.165993422,0.868128506
18,277,211318720,67,2.140959545,0.142569640,0.165993422,0.893378298
16,277,211318720,67,3.047880452,0.142569640,0.165993422,0.689451436
1,277,211318720,67,3.991013475,0.142569640,0.165993422,0.468300583
13,277,211318720,67,6.393042974,0.142569640,0.165993422,0.047664276
2,277,211318720,67,6.410488416,0.142569640,0.165993422,0.041849457




































































































































































































































































































































































































































































































































































































































































































































































































































































































































































































































































































