client-id,round_number,workload,bg-workload,computation-time,client-queue-delay,propagation-delay,station-queue-delay
5,1,26171904,67,0.244948983,0.017657216,0.007367303,0.006393812
2,1,26171904,67,0.290195078,0.017657216,0.007367303,0.006255132
16,1,211318720,67,0.434788600,0.142569611,0.007367303,0.049129447
21,1,211318720,67,0.586459840,0.142569611,0.007367303,0.234300877
18,1,211318720,67,0.601293328,0.142569611,0.007367303,0.252760388
11,1,211318720,67,0.648434939,0.142569611,0.007367303,0.300358444
25,1,211318720,67,0.739427158,0.142569611,0.007367303,0.334366644
3,1,26171904,67,0.917229644,0.017657216,0.007367303,0.364238408
1,1,26171904,67,0.950630666,0.017657216,0.007367303,0.388356825
19,1,211318720,67,0.873350153,0.142569611,0.007367303,0.436457274
28,1,211318720,67,0.965983520,0.142569611,0.007367303,0.467501258
17,1,211318720,67,1.187154627,0.142569611,0.007367303,0.488952281
30,1,211318720,67,1.396068643,0.142569611,0.007367303,0.513292256
29,1,211318720,67,1.761837912,0.142569611,0.007367303,0.578560263
14,1,211318720,67,1.762749486,0.142569611,0.007367303,0.578950862
12,1,211318720,67,2.005690731,0.142569611,0.007367303,0.593196806
7,1,26171904,67,2.190322954,0.017657216,0.007367303,0.585568249
10,1,26171904,67,2.707159154,0.017657216,0.007367303,0.449259910
22,1,211318720,67,2.687236957,0.142569611,0.007367303,0.483636948
26,1,211318720,67,3.062553161,0.142569611,0.007367303,0.451265448
4,1,26171904,67,3.998090380,0.017657216,0.007367303,0.198439287
20,1,211318720,67,4.008589628,0.142569611,0.007367303,0.245755684
24,1,211318720,67,4.161649900,0.142569611,0.007367303,0.290016076
27,1,211318720,67,5.380898115,0.142569611,0.007367303,0.047767054
23,1,211318720,67,6.241386401,0.142569611,0.007367303,0.046672516
13,1,211318720,67,6.667325117,0.142569611,0.007367303,0.131338536
15,1,211318720,67,6.684763139,0.142569611,0.007367303,0.137404055
6,1,26171904,67,6.891199588,0.017657216,0.007367303,0.123060584
9,1,26171904,67,22.182104620,0.017657216,0.007367303,0.005214901
8,1,26171904,67,22.970120808,0.017657216,0.007367303,0.000005291
19,2,211318720,67,0.455660949,0.142569611,0.006087098,0.153269836
4,2,211318720,67,0.486700352,0.142569611,0.006087098,0.220271333
3,2,211318720,67,0.554151062,0.142569611,0.006087098,0.333104314
18,2,211318720,67,0.601293328,0.142569611,0.006087098,0.404773231
2,2,211318720,67,0.603319100,0.142569611,0.006087098,0.406858168
16,2,211318720,67,0.706531475,0.142569611,0.006087098,0.440956940
5,2,211318720,67,1.417817993,0.142569611,0.006087098,0.444427842
11,2,211318720,67,1.446508709,0.142569611,0.006087098,0.472510480
17,2,211318720,67,1.461113387,0.142569611,0.006087098,0.477828342
1,2,211318720,67,1.632307838,0.142569611,0.006087098,0.515237237
14,2,211318720,67,1.922999439,0.142569611,0.006087098,0.555171093
12,2,211318720,67,2.005690731,0.142569611,0.006087098,0.583480818
15,2,211318720,67,3.466173480,0.142569611,0.006087098,0.198967575
6,2,211318720,67,4.163369111,0.142569611,0.006087098,0.065300420
13,2,211318720,67,4.583786018,0.142569611,0.006087098,0.048815407
10,2,211318720,67,5.151983101,0.142569611,0.006087098,0.045230996
7,2,211318720,67,5.387720550,0.142569611,0.006087098,0.060108138
8,2,211318720,67,5.815094318,0.142569611,0.006087098,0.108915984
9,2,211318720,67,5.866743317,0.142569611,0.006087098,0.126168041
20,2,211318720,67,10.355523205,0.142569611,0.006087098,0.000004764
2,3,211318720,67,0.464091615,0.142569610,0.008188060,0.161109202
19,3,211318720,67,0.493632695,0.142569610,0.008188060,0.209854885
5,3,211318720,67,0.558534361,0.142569610,0.008188060,0.316118384
18,3,211318720,67,0.601293328,0.142569610,0.008188060,0.358907872
17,3,211318720,67,0.639237107,0.142569610,0.008188060,0.371722095
3,3,211318720,67,0.877405848,0.142569610,0.008188060,0.389031475
11,3,211318720,67,1.047471824,0.142569610,0.008188060,0.457875349
12,3,211318720,67,1.146108989,0.142569610,0.008188060,0.490112356
4,3,211318720,67,1.378984331,0.142569610,0.008188060,0.509155110
16,3,211318720,67,1.630457250,0.142569610,0.008188060,0.541629265
1,3,211318720,67,1.741128360,0.142569610,0.008188060,0.578215348
9,3,211318720,67,2.243166562,0.142569610,0.008188060,0.600332556
14,3,211318720,67,2.243499345,0.142569610,0.008188060,0.600375179
8,3,211318720,67,3.033962253,0.142569610,0.008188060,0.436148404
7,3,211318720,67,3.402770874,0.142569610,0.008188060,0.410314302
20,3,211318720,67,4.676687899,0.142569610,0.008188060,0.080691720
13,3,211318720,67,5.625555567,0.142569610,0.008188060,0.047973194
10,3,211318720,67,6.623978273,0.142569610,0.008188060,0.048090885
6,3,211318720,67,7.137204190,0.142569610,0.008188060,0.047980911
15,3,211318720,67,7.675098419,0.142569610,0.008188060,0.000004764
4,4,211318720,67,0.365025264,0.142569610,0.011416344,0.131084803
1,4,211318720,67,0.435282090,0.142569610,0.011416344,0.221280472
19,4,211318720,67,0.455660949,0.142569610,0.011416344,0.240418559
11,4,211318720,67,0.548675717,0.142569610,0.011416344,0.272691714
18,4,211318720,67,0.816040945,0.142569610,0.011416344,0.276492852
17,4,211318720,67,0.958855660,0.142569610,0.011416344,0.323528700
3,4,211318720,67,1.293019144,0.142569610,0.011416344,0.319816454
5,4,211318720,67,1.417817993,0.142569610,0.011416344,0.441860881
2,4,211318720,67,1.438684007,0.142569610,0.011416344,0.448759102
16,4,211318720,67,1.630457250,0.142569610,0.011416344,0.481689091
13,4,211318720,67,1.875185189,0.142569610,0.011416344,0.505248805
12,4,211318720,67,2.005690731,0.142569610,0.011416344,0.549759045
14,4,211318720,67,2.243499345,0.142569610,0.011416344,0.565132458
9,4,211318720,67,2.415717836,0.142569610,0.011416344,0.600476583
20,4,211318720,67,2.672393085,0.142569610,0.011416344,0.611010889
8,4,211318720,67,3.286792440,0.142569610,0.011416344,0.507376395
6,4,211318720,67,3.568602095,0.142569610,0.011416344,0.508467278
10,4,211318720,67,5.642648159,0.142569610,0.011416344,0.049347860
7,4,211318720,67,7.656234466,0.142569610,0.011416344,0.049667142
15,4,211318720,67,8.417849879,0.142569610,0.011416344,0.000004764
4,5,211318720,67,0.446141990,0.142569610,0.058984362,0.086261125
19,5,211318720,67,0.531604441,0.142569610,0.058984362,0.283527222
17,5,211318720,67,0.593577313,0.142569610,0.058984362,0.429199478
11,5,211318720,67,0.598555328,0.142569610,0.058984362,0.437363141
18,5,211318720,67,0.601293328,0.142569610,0.058984362,0.440009998
2,5,211318720,67,0.649728261,0.142569610,0.058984362,0.475417206
1,5,211318720,67,0.761743658,0.142569610,0.058984362,0.513483657
5,5,211318720,67,0.945211995,0.142569610,0.058984362,0.546485876
3,5,211318720,67,1.477736165,0.142569610,0.058984362,0.467974452
16,5,211318720,67,1.739154400,0.142569610,0.058984362,0.475444680
14,5,211318720,67,1.922999439,0.142569610,0.058984362,0.607137148
15,5,211318720,67,1.980670560,0.142569610,0.058984362,0.665143294
12,5,211318720,67,2.005690731,0.142569610,0.058984362,0.673626754
13,5,211318720,67,2.916954739,0.142569610,0.058984362,0.468030169
10,5,211318720,67,3.189322872,0.142569610,0.058984362,0.512224269
6,5,211318720,67,3.271218587,0.142569610,0.058984362,0.545689683
7,5,211318720,67,3.402770874,0.142569610,0.058984362,0.588977790
9,5,211318720,67,4.486333125,0.142569610,0.058984362,0.329547164
8,5,211318720,67,5.815094318,0.142569610,0.058984362,0.047405911
20,5,211318720,67,9.019326663,0.142569610,0.058984362,0.000004764
18,6,211318720,67,0.429495234,0.142569610,0.009535045,0.151041041
1,6,211318720,67,0.435282090,0.142569610,0.009535045,0.160549766
5,6,211318720,67,0.558534361,0.142569610,0.009535045,0.364384590
4,6,211318720,67,0.567817078,0.142569610,0.009535045,0.386182193
17,6,211318720,67,0.639237107,0.142569610,0.009535045,0.505412743
3,6,211318720,67,0.646509572,0.142569610,0.009535045,0.512480726
11,6,211318720,67,0.698314549,0.142569610,0.009535045,0.530145758
19,6,211318720,67,0.949293645,0.142569610,0.009535045,0.582847094
16,6,211318720,67,1.032622925,0.142569610,0.009535045,0.610871828
2,6,211318720,67,1.253047361,0.142569610,0.009535045,0.633300373
12,6,211318720,67,2.005690731,0.142569610,0.009535045,0.481351947
9,6,211318720,67,2.243166562,0.142569610,0.009535045,0.498629606
15,6,211318720,67,3.466173480,0.142569610,0.009535045,0.189384567
6,6,211318720,67,4.163369111,0.142569610,0.009535045,0.057587601
7,6,211318720,67,4.820592071,0.142569610,0.009535045,0.046878232
14,6,211318720,67,5.288248457,0.142569610,0.009535045,0.049758579
13,6,211318720,67,6.042263387,0.142569610,0.009535045,0.048179484
8,6,211318720,67,6.573584881,0.142569610,0.009535045,0.048466577
10,6,211318720,67,7.605308388,0.142569610,0.009535045,0.046274172
20,6,211318720,67,10.355523205,0.142569610,0.009535045,0.000004764
4,7,211318720,67,0.405583627,0.142569610,0.013069285,0.125684294
3,7,211318720,67,0.461792551,0.142569610,0.013069285,0.212159082
5,7,211318720,67,0.515570179,0.142569610,0.013069285,0.283018497
18,7,211318720,67,0.558343805,0.142569610,0.013069285,0.354671785
17,7,211318720,67,0.639237107,0.142569610,0.013069285,0.449747486
2,7,211318720,67,0.649728261,0.142569610,0.013069285,0.460457587
16,7,211318720,67,0.760880050,0.142569610,0.013069285,0.517971653
19,7,211318720,67,0.873350153,0.142569610,0.013069285,0.558197569
1,7,211318720,67,1.033794964,0.142569610,0.013069285,0.598928118
11,7,211318720,67,1.396629099,0.142569610,0.013069285,0.574262029
12,7,211318720,67,1.719163483,0.142569610,0.013069285,0.562853175
15,7,211318720,67,1.980670560,0.142569610,0.013069285,0.569355188
14,7,211318720,67,2.243499345,0.142569610,0.013069285,0.579565525
9,7,211318720,67,2.415717836,0.142569610,0.013069285,0.618270511
6,7,211318720,67,2.676451571,0.142569610,0.013069285,0.709106445
10,7,211318720,67,2.698657815,0.142569610,0.013069285,0.716591188
20,7,211318720,67,4.008589628,0.142569610,0.013069285,0.382724917
13,7,211318720,67,6.042263387,0.142569610,0.013069285,0.049652906
8,7,211318720,67,8.596226383,0.142569610,0.013069285,0.048325300
7,7,211318720,67,8.790491424,0.142569610,0.013069285,0.000004764
5,8,211318720,67,0.472605998,0.142569610,0.055976946,0.167938915
19,8,211318720,67,0.531604441,0.142569610,0.055976946,0.363093884
11,8,211318720,67,0.548675717,0.142569610,0.055976946,0.425156535
1,8,211318720,67,0.598512874,0.142569610,0.055976946,0.575292826
18,8,211318720,67,0.601293328,0.142569610,0.055976946,0.582018014
17,8,211318720,67,0.639237107,0.142569610,0.055976946,0.645384366
3,8,211318720,67,0.646509572,0.142569610,0.055976946,0.653115506
2,8,211318720,67,0.649728261,0.142569610,0.055976946,0.654444998
4,8,211318720,67,1.176192518,0.142569610,0.055976946,0.659188371
16,8,211318720,67,1.195668650,0.142569610,0.055976946,0.665496186
12,8,211318720,67,1.719163483,0.142569610,0.055976946,0.585064370
14,8,211318720,67,1.922999439,0.142569610,0.055976946,0.613011867
9,8,211318720,67,2.243166562,0.142569610,0.055976946,0.603537599
10,8,211318720,67,3.434655401,0.142569610,0.055976946,0.383867388
15,8,211318720,67,3.466173480,0.142569610,0.055976946,0.416164666
6,8,211318720,67,3.568602095,0.142569610,0.055976946,0.451032462
20,8,211318720,67,4.342638764,0.142569610,0.055976946,0.293941823
13,8,211318720,67,6.250617297,0.142569610,0.055976946,0.044460291
8,8,211318720,67,7.584905632,0.142569610,0.055976946,0.046893091
7,8,211318720,67,8.223362945,0.142569610,0.055976946,0.000004764
19,9,211318720,67,0.531604441,0.142569610,0.173298404,0.339788059
16,9,211318720,67,0.543485750,0.142569610,0.173298404,0.367504112
3,9,211318720,67,0.554151062,0.142569610,0.173298404,0.385549915
4,9,211318720,67,0.567817078,0.142569610,0.173298404,0.407897475
17,9,211318720,67,0.593577313,0.142569610,0.173298404,0.432417737
11,9,211318720,67,0.698314549,0.142569610,0.173298404,0.519784595
1,9,211318720,67,0.761743658,0.142569610,0.173298404,0.541364021
2,9,211318720,67,1.113819877,0.142569610,0.173298404,0.521924865
18,9,211318720,67,1.331435226,0.142569610,0.173298404,0.612612904
5,9,211318720,67,1.374853812,0.142569610,0.173298404,0.627007219
12,9,211318720,67,1.862427107,0.142569610,0.173298404,0.563046814
14,9,211318720,67,2.083249392,0.142569610,0.173298404,0.586300729
9,9,211318720,67,2.243166562,0.142569610,0.173298404,0.627564357
13,9,211318720,67,2.500246919,0.142569610,0.173298404,0.638802932
6,9,211318720,67,2.973835079,0.142569610,0.173298404,0.632721173
8,9,211318720,67,3.033962253,0.142569610,0.173298404,0.652203817
15,9,211318720,67,3.466173480,0.142569610,0.173298404,0.607221348
7,9,211318720,67,3.686335113,0.142569610,0.173298404,0.630709752
20,9,211318720,67,4.342638764,0.142569610,0.173298404,0.510744400
10,9,211318720,67,5.642648159,0.142569610,0.173298404,0.083125146
17,10,211318720,67,0.502257727,0.142569610,0.151877820,0.182911361
5,10,211318720,67,0.558534361,0.142569610,0.151877820,0.279821063
4,10,211318720,67,0.567817078,0.142569610,0.151877820,0.295211413
2,10,211318720,67,0.603319100,0.142569610,0.151877820,0.330074391
11,10,211318720,67,0.698314549,0.142569610,0.151877820,0.458949154
16,10,211318720,67,0.760880050,0.142569610,0.151877820,0.522418122
18,10,211318720,67,0.773091422,0.142569610,0.151877820,0.525949371
3,10,211318720,67,0.969764358,0.142569610,0.151877820,0.587502323
19,10,211318720,67,1.063208882,0.142569610,0.151877820,0.619164357
1,10,211318720,67,1.251436009,0.142569610,0.151877820,0.649729489
10,10,211318720,67,2.943990344,0.142569610,0.151877820,0.186040906
15,10,211318720,67,3.218589660,0.142569610,0.151877820,0.294198168
9,10,211318720,67,3.278474207,0.142569610,0.151877820,0.354942631
8,10,211318720,67,3.286792440,0.142569610,0.151877820,0.357680860
7,10,211318720,67,3.969899353,0.142569610,0.151877820,0.228791304
6,10,211318720,67,4.163369111,0.142569610,0.151877820,0.260841589
20,10,211318720,67,4.342638764,0.142569610,0.151877820,0.298039370
12,10,211318720,67,4.727699579,0.142569610,0.151877820,0.264795002
14,10,211318720,67,5.288248457,0.142569610,0.151877820,0.170495447
13,10,211318720,67,6.458971207,0.142569610,0.151877820,0.000004764
17,11,211318720,67,0.456597933,0.142569610,0.000546310,0.250826359
5,11,211318720,67,0.472605998,0.142569610,0.000546310,0.284630981
19,11,211318720,67,0.493632695,0.142569610,0.000546310,0.318863871
4,11,211318720,67,0.527258715,0.142569610,0.000546310,0.367197343
2,11,211318720,67,0.603319100,0.142569610,0.000546310,0.475923555
3,11,211318720,67,0.646509572,0.142569610,0.000546310,0.519384533
11,11,211318720,67,0.698314549,0.142569610,0.000546310,0.537129288
18,11,211318720,67,0.901939992,0.142569610,0.000546310,0.565799600
1,11,211318720,67,1.414666793,0.142569610,0.000546310,0.493401928
16,11,211318720,67,1.576108675,0.142569610,0.000546310,0.534076934
14,11,211318720,67,1.922999439,0.142569610,0.000546310,0.610082010
15,11,211318720,67,1.980670560,0.142569610,0.000546310,0.667552529
12,11,211318720,67,2.005690731,0.142569610,0.000546310,0.676547782
8,11,211318720,67,3.286792440,0.142569610,0.000546310,0.366417435
7,11,211318720,67,3.402770874,0.142569610,0.000546310,0.406583626
20,11,211318720,67,4.342638764,0.142569610,0.000546310,0.236286206
10,11,211318720,67,4.415985515,0.142569610,0.000546310,0.259614072
9,11,211318720,67,4.831435673,0.142569610,0.000546310,0.220176068
13,11,211318720,67,6.250617297,0.142569610,0.000546310,0.047804877
6,11,211318720,67,8.624121730,0.142569610,0.000546310,0.000004764
19,12,211318720,67,0.455660949,0.142569612,0.069539145,0.081241281
11,12,211318720,67,0.548675717,0.142569612,0.069539145,0.139223915
2,12,211318720,67,0.649728261,0.142569612,0.069539145,0.230909094
1,12,211318720,67,0.707333396,0.142569612,0.069539145,0.272521144
5,12,211318720,67,0.816319451,0.142569612,0.069539145,0.371325218
3,12,211318720,67,0.877405848,0.142569612,0.069539145,0.430816098
18,12,211318720,67,0.944889516,0.142569612,0.069539145,0.454527517
4,12,211318720,67,1.216750881,0.142569612,0.069539145,0.459360134
17,12,211318720,67,1.369793800,0.142569612,0.069539145,0.504623173
16,12,211318720,67,1.630457250,0.142569612,0.069539145,0.514723714
9,12,211318720,67,1.898064014,0.142569612,0.069539145,0.575117644
10,12,211318720,67,1.962660229,0.142569612,0.069539145,0.597274209
14,12,211318720,67,2.243499345,0.142569612,0.069539145,0.597166444
8,12,211318720,67,2.781132065,0.142569612,0.069539145,0.511306672
7,12,211318720,67,3.402770874,0.142569612,0.069539145,0.399371683
12,12,211318720,67,4.441172332,0.142569612,0.069539145,0.153589409
20,12,211318720,67,4.676687899,0.142569612,0.069539145,0.170711509
13,12,211318720,67,6.042263387,0.142569612,0.069539145,0.049320360
15,12,211318720,67,7.427514599,0.142569612,0.069539145,0.048384541
6,12,211318720,67,8.029354714,0.142569612,0.069539145,0.000004764
5,13,211318720,67,0.343713453,0.142569612,0.001410018,0.068592168
19,13,211318720,67,0.455660949,0.142569612,0.001410018,0.218160997
16,13,211318720,67,0.543485750,0.142569612,0.001410018,0.513779622
3,13,211318720,67,0.554151062,0.142569612,0.001410018,0.546294424
18,13,211318720,67,0.558343805,0.142569612,0.001410018,0.556029521
4,13,211318720,67,0.567817078,0.142569612,0.001410018,0.572254684
11,13,211318720,67,0.598555328,0.142569612,0.001410018,0.602869006
17,13,211318720,67,0.639237107,0.142569612,0.001410018,0.615864025
1,13,211318720,67,1.033794964,0.142569612,0.001410018,0.577634029
2,13,211318720,67,1.345865684,0.142569612,0.001410018,0.572844594
12,13,211318720,67,1.719163483,0.142569612,0.001410018,0.545317711
9,13,211318720,67,2.243166562,0.142569612,0.001410018,0.468215050
14,13,211318720,67,3.845998877,0.142569612,0.001410018,0.047789706
6,13,211318720,67,4.163369111,0.142569612,0.001410018,0.049472174
15,13,211318720,67,6.189595499,0.142569612,0.001410018,0.103237732
13,13,211318720,67,6.250617297,0.142569612,0.001410018,0.132689290
10,13,211318720,67,6.378645745,0.142569612,0.001410018,0.174832720
7,13,211318720,67,7.372670226,0.142569612,0.001410018,0.049311203
8,13,211318720,67,8.090566007,0.142569612,0.001410018,0.046334124
20,13,211318720,67,10.689572341,0.142569612,0.001410018,0.000004764
19,14,211318720,67,0.455660949,0.142569612,0.070137523,0.211637515
3,14,211318720,67,0.461792551,0.142569612,0.070137523,0.222403673
4,14,211318720,67,0.527258715,0.142569612,0.070137523,0.365105276
5,14,211318720,67,0.558534361,0.142569612,0.070137523,0.440699824
2,14,211318720,67,0.603319100,0.142569612,0.070137523,0.545930407
17,14,211318720,67,0.639237107,0.142569612,0.070137523,0.604449610
16,14,211318720,67,0.652182900,0.142569612,0.070137523,0.617335866
11,14,211318720,67,0.698314549,0.142569612,0.070137523,0.633043379
18,14,211318720,67,1.030788562,0.142569612,0.070137523,0.711323583
1,14,211318720,67,1.033794964,0.142569612,0.070137523,0.712320147
12,14,211318720,67,1.862427107,0.142569612,0.070137523,0.587722472
14,14,211318720,67,1.922999439,0.142569612,0.070137523,0.636455098
8,14,211318720,67,2.022641502,0.142569612,0.070137523,0.670084791
10,14,211318720,67,2.943990344,0.142569612,0.070137523,0.458097520
7,14,211318720,67,3.119206634,0.142569612,0.070137523,0.497775423
13,14,211318720,67,3.958724288,0.142569612,0.070137523,0.312035417
9,14,211318720,67,5.521640769,0.142569612,0.070137523,0.047039590
15,14,211318720,67,7.427514599,0.142569612,0.070137523,0.048284457
6,14,211318720,67,8.921505237,0.142569612,0.070137523,0.048278156
20,14,211318720,67,10.355523205,0.142569612,0.070137523,0.000004764
18,15,211318720,67,0.515394281,0.142569612,0.007392895,0.100500004
5,15,211318720,67,0.601498543,0.142569612,0.007392895,0.243802269
17,15,211318720,67,0.639237107,0.142569612,0.007392895,0.281343179
16,15,211318720,67,0.652182900,0.142569612,0.007392895,0.286036181
19,15,211318720,67,0.873350153,0.142569612,0.007392895,0.406499690
4,15,211318720,67,0.932842342,0.142569612,0.007392895,0.465918984
11,15,211318720,67,0.947712603,0.142569612,0.007392895,0.471197573
2,15,211318720,67,1.253047361,0.142569612,0.007392895,0.470800388
3,15,211318720,67,1.385377654,0.142569612,0.007392895,0.518108248
1,15,211318720,67,1.523487315,0.142569612,0.007392895,0.563196659
14,15,211318720,67,1.762749486,0.142569612,0.007392895,0.609401576
12,15,211318720,67,1.862427107,0.142569612,0.007392895,0.643486630
13,15,211318720,67,2.708600829,0.142569612,0.007392895,0.544338538
15,15,211318720,67,2.723422020,0.142569612,0.007392895,0.549897952
10,15,211318720,67,3.434655401,0.142569612,0.007392895,0.436437593
8,15,211318720,67,3.539622628,0.142569612,0.007392895,0.471905166
20,15,211318720,67,4.342638764,0.142569612,0.007392895,0.303203271
9,15,211318720,67,5.349089495,0.142569612,0.007392895,0.063903310
7,15,211318720,67,6.238413268,0.142569612,0.007392895,0.048210419
6,15,211318720,67,8.624121730,0.142569612,0.007392895,0.000004764
3,16,211318720,67,0.461792551,0.142569612,0.043559760,0.141238820
19,16,211318720,67,0.531604441,0.142569612,0.043559760,0.350928610
5,16,211318720,67,0.558534361,0.142569612,0.043559760,0.413712102
17,16,211318720,67,0.593577313,0.142569612,0.043559760,0.476870743
11,16,211318720,67,0.598555328,0.142569612,0.043559760,0.485428003
18,16,211318720,67,0.601293328,0.142569612,0.043559760,0.488110750
4,16,211318720,67,0.730050528,0.142569612,0.043559760,0.605647891
1,16,211318720,67,0.761743658,0.142569612,0.043559760,0.616045749
2,16,211318720,67,1.206638200,0.142569612,0.043559760,0.563124602
12,16,211318720,67,1.719163483,0.142569612,0.043559760,0.532343686
16,16,211318720,67,1.793502975,0.142569612,0.043559760,0.557181913
13,16,211318720,67,2.083539099,0.142569612,0.043559760,0.555698804
6,16,211318720,67,2.379068063,0.142569612,0.043559760,0.553820797
8,16,211318720,67,3.286792440,0.142569612,0.043559760,0.357594360
10,16,211318720,67,3.434655401,0.142569612,0.043559760,0.402514819
20,16,211318720,67,4.342638764,0.142569612,0.043559760,0.199461048
14,16,211318720,67,4.807498597,0.142569612,0.043559760,0.139480555
9,16,211318720,67,5.866743317,0.142569612,0.043559760,0.048705019
15,16,211318720,67,6.189595499,0.142569612,0.043559760,0.047365725
7,16,211318720,67,8.506927184,0.142569612,0.043559760,0.000004764
11,17,211318720,67,0.498796107,0.142569612,0.085898630,0.236852946
5,17,211318720,67,0.515570179,0.142569612,0.085898630,0.277824851
4,17,211318720,67,0.527258715,0.142569612,0.085898630,0.305513880
1,17,211318720,67,0.598512874,0.142569612,0.085898630,0.424981009
3,17,211318720,67,0.646509572,0.142569612,0.085898630,0.473039793
2,17,211318720,67,0.649728261,0.142569612,0.085898630,0.474016172
16,17,211318720,67,0.815228625,0.142569612,0.085898630,0.513644327
19,17,211318720,67,1.101180628,0.142569612,0.085898630,0.549191838
17,17,211318720,67,1.187154627,0.142569612,0.085898630,0.577773869
18,17,211318720,67,1.374384750,0.142569612,0.085898630,0.607399668
13,17,211318720,67,1.666831279,0.142569612,0.085898630,0.606859633
14,17,211318720,67,1.922999439,0.142569612,0.085898630,0.618338255
7,17,211318720,67,3.119206634,0.142569612,0.085898630,0.350081751
15,17,211318720,67,3.218589660,0.142569612,0.085898630,0.384222721
6,17,211318720,67,4.163369111,0.142569612,0.085898630,0.177566640
12,17,211318720,67,4.297908708,0.142569612,0.085898630,0.223248911
20,17,211318720,67,4.676687899,0.142569612,0.085898630,0.191670680
9,17,211318720,67,5.176538221,0.142569612,0.085898630,0.125396098
10,17,211318720,67,5.642648159,0.142569612,0.085898630,0.065713820
8,17,211318720,67,8.090566007,0.142569612,0.085898630,0.000004764
5,18,211318720,67,0.343713453,0.142569612,0.007047787,0.046445238
19,18,211318720,67,0.531604441,0.142569612,0.007047787,0.339702263
18,18,211318720,67,0.558343805,0.142569612,0.007047787,0.421630395
4,18,211318720,67,0.567817078,0.142569612,0.007047787,0.450155394
1,18,211318720,67,0.598512874,0.142569612,0.007047787,0.522531819
2,18,211318720,67,0.603319100,0.142569612,0.007047787,0.530490567
16,18,211318720,67,0.652182900,0.142569612,0.007047787,0.579912560
11,18,211318720,67,0.698314549,0.142569612,0.007047787,0.595326049
3,18,211318720,67,1.385377654,0.142569612,0.007047787,0.539800528
17,18,211318720,67,1.415453593,0.142569612,0.007047787,0.549815150
12,18,211318720,67,1.719163483,0.142569612,0.007047787,0.544198837
14,18,211318720,67,2.243499345,0.142569612,0.007047787,0.469015276
9,18,211318720,67,2.415717836,0.142569612,0.007047787,0.507308454
7,18,211318720,67,2.835642395,0.142569612,0.007047787,0.487179580
10,18,211318720,67,2.943990344,0.142569612,0.007047787,0.524409908
15,18,211318720,67,3.218589660,0.142569612,0.007047787,0.580379969
8,18,211318720,67,3.286792440,0.142569612,0.007047787,0.603188194
13,18,211318720,67,6.250617297,0.142569612,0.007047787,0.047298441
6,18,211318720,67,6.542437174,0.142569612,0.007047787,0.045748247
20,18,211318720,67,8.017179256,0.142569612,0.007047787,0.000004764
5,19,211318720,67,0.343713453,0.142569612,0.036223330,0.048452098
16,19,211318720,67,0.543485750,0.142569612,0.036223330,0.224221753
11,19,211318720,67,0.548675717,0.142569612,0.036223330,0.233072443
2,19,211318720,67,0.603319100,0.142569612,0.036223330,0.287347067
19,19,211318720,67,0.683491424,0.142569612,0.036223330,0.357781034
1,19,211318720,67,0.761743658,0.142569612,0.036223330,0.384616211
3,19,211318720,67,1.062122868,0.142569612,0.036223330,0.396312896
4,19,211318720,67,1.176192518,0.142569612,0.036223330,0.483333097
18,19,211318720,67,1.245536180,0.142569612,0.036223330,0.507184548
17,19,211318720,67,1.461113387,0.142569612,0.036223330,0.529342950
14,19,211318720,67,2.083249392,0.142569612,0.036223330,0.417576186
15,19,211318720,67,3.218589660,0.142569612,0.036223330,0.142410041
10,19,211318720,67,3.434655401,0.142569612,0.036223330,0.166181996
12,19,211318720,67,4.727699579,0.142569612,0.036223330,0.049263495
9,19,211318720,67,5.176538221,0.142569612,0.036223330,0.047139078
13,19,211318720,67,7.084032937,0.142569612,0.036223330,0.047379090
8,19,211318720,67,7.584905632,0.142569612,0.036223330,0.047136949
6,19,211318720,67,8.624121730,0.142569612,0.036223330,0.049043754
7,19,211318720,67,9.641184142,0.142569612,0.036223330,0.045507291
20,19,211318720,67,10.355523205,0.142569612,0.036223330,0.000004764
5,20,211318720,67,0.515570179,0.142569612,0.039752655,0.239934771
4,20,211318720,67,0.567817078,0.142569612,0.039752655,0.438936236
3,20,211318720,67,0.600330317,0.142569612,0.039752655,0.558459588
18,20,211318720,67,0.601293328,0.142569612,0.039752655,0.561064338
2,20,211318720,67,0.603319100,0.142569612,0.039752655,0.565402670
17,20,211318720,67,0.639237107,0.142569612,0.039752655,0.625047561
1,20,211318720,67,0.652923135,0.142569612,0.039752655,0.638952438
11,20,211318720,67,0.698314549,0.142569612,0.039752655,0.654174443
16,20,211318720,67,1.141320075,0.142569612,0.039752655,0.652304335
19,20,211318720,67,1.215095865,0.142569612,0.039752655,0.676574943
12,20,211318720,67,1.719163483,0.142569612,0.039752655,0.602614701
14,20,211318720,67,2.083249392,0.142569612,0.039752655,0.577990122
20,20,211318720,67,2.672393085,0.142569612,0.039752655,0.479898503
13,20,211318720,67,2.916954739,0.142569612,0.039752655,0.570060264
15,20,211318720,67,2.971005840,0.142569612,0.039752655,0.623199983
8,20,211318720,67,3.033962253,0.142569612,0.039752655,0.682796656
7,20,211318720,67,3.119206634,0.142569612,0.039752655,0.760057214
10,20,211318720,67,3.189322872,0.142569612,0.039752655,0.783137991
6,20,211318720,67,3.865985603,0.142569612,0.039752655,0.655747525
9,20,211318720,67,5.176538221,0.142569612,0.039752655,0.221699160
2,21,211318720,67,0.510500777,0.142569612,0.006404512,0.184874973
4,21,211318720,67,0.567817078,0.142569612,0.006404512,0.317933692
17,21,211318720,67,0.593577313,0.142569612,0.006404512,0.360954288
5,21,211318720,67,0.601498543,0.142569612,0.006404512,0.369101504
3,21,211318720,67,0.646509572,0.142569612,0.006404512,0.420746631
16,21,211318720,67,0.760880050,0.142569612,0.006404512,0.606521723
1,21,211318720,67,0.761743658,0.142569612,0.006404512,0.607400604
19,21,211318720,67,0.797406662,0.142569612,0.006404512,0.619147578
18,21,211318720,67,0.944889516,0.142569612,0.006404512,0.664447354
11,21,211318720,67,1.446508709,0.142569612,0.006404512,0.596196205
14,21,211318720,67,2.243499345,0.142569612,0.006404512,0.508073801
7,21,211318720,67,2.268513916,0.142569612,0.006404512,0.515997524
10,21,211318720,67,3.189322872,0.142569612,0.006404512,0.306381520
20,21,211318720,67,3.674540492,0.142569612,0.006404512,0.246674060
13,21,211318720,67,3.958724288,0.142569612,0.006404512,0.307947147
12,21,211318720,67,4.011381461,0.142569612,0.006404512,0.325617328
6,21,211318720,67,4.163369111,0.142569612,0.006404512,0.375203324
8,21,211318720,67,4.298113191,0.142569612,0.006404512,0.421527658
9,21,211318720,67,5.694192043,0.142569612,0.006404512,0.050798439
15,21,211318720,67,6.932346959,0.142569612,0.006404512,0.000004764
19,22,211318720,67,0.493632695,0.142569608,0.026390379,0.228658138
5,22,211318720,67,0.515570179,0.142569608,0.026390379,0.277036019
4,22,211318720,67,0.527258715,0.142569608,0.026390379,0.304065858
17,22,211318720,67,0.593577313,0.142569608,0.026390379,0.439162728
3,22,211318720,67,0.646509572,0.142569608,0.026390379,0.527542702
16,22,211318720,67,0.652182900,0.142569608,0.026390379,0.533334450
11,22,211318720,67,0.698314549,0.142569608,0.026390379,0.549741802
12,22,211318720,67,1.146108989,0.142569608,0.026390379,0.496782170
18,22,211318720,67,1.331435226,0.142569608,0.026390379,0.614392037
2,22,211318720,67,1.345865684,0.142569608,0.026390379,0.619270956
1,22,211318720,67,1.523487315,0.142569608,0.026390379,0.655927874
15,22,211318720,67,2.228254380,0.142569608,0.026390379,0.517585391
13,22,211318720,67,2.916954739,0.142569608,0.026390379,0.384333697
7,22,211318720,67,3.402770874,0.142569608,0.026390379,0.321810973
8,22,211318720,67,3.539622628,0.142569608,0.026390379,0.368175293
9,22,211318720,67,3.968679303,0.142569608,0.026390379,0.389915737
14,22,211318720,67,4.006248831,0.142569608,0.026390379,0.403505733
10,22,211318720,67,6.869310802,0.142569608,0.026390379,0.047892108
6,22,211318720,67,8.921505237,0.142569608,0.026390379,0.047911912
20,22,211318720,67,10.021474070,0.142569608,0.026390379,0.000004764
19,23,211318720,67,0.493632695,0.142569608,0.008249421,0.243508889
17,23,211318720,67,0.502257727,0.142569608,0.008249421,0.257918307
2,23,211318720,67,0.510500777,0.142569608,0.008249421,0.269170353
5,23,211318720,67,0.601498543,0.142569608,0.008249421,0.410352125
11,23,211318720,67,0.648434939,0.142569608,0.008249421,0.489288489
16,23,211318720,67,0.706531475,0.142569608,0.008249421,0.546245467
1,23,211318720,67,0.707333396,0.142569608,0.008249421,0.546588676
3,23,211318720,67,0.877405848,0.142569608,0.008249421,0.585477882
18,23,211318720,67,1.202586656,0.142569608,0.008249421,0.631041258
4,23,211318720,67,1.257309243,0.142569608,0.008249421,0.648946555
12,23,211318720,67,1.862427107,0.142569608,0.008249421,0.547787503
8,23,211318720,67,3.033962253,0.142569608,0.008249421,0.251542224
14,23,211318720,67,3.204999065,0.142569608,0.008249421,0.291503691
10,23,211318720,67,3.434655401,0.142569608,0.008249421,0.386829083
15,23,211318720,67,3.466173480,0.142569608,0.008249421,0.397259433
7,23,211318720,67,3.686335113,0.142569608,0.008249421,0.420125603
9,23,211318720,67,3.968679303,0.142569608,0.008249421,0.425695832
6,23,211318720,67,4.163369111,0.142569608,0.008249421,0.455057220
20,23,211318720,67,4.676687899,0.142569608,0.008249421,0.380200733
13,23,211318720,67,6.250617297,0.142569608,0.008249421,0.000004764
17,24,211318720,67,0.365278347,0.142569608,0.262274414,0.047735813
5,24,211318720,67,0.515570179,0.142569608,0.262274414,0.363941481
4,24,211318720,67,0.527258715,0.142569608,0.262274414,0.399495701
3,24,211318720,67,0.554151062,0.142569608,0.262274414,0.461196532
18,24,211318720,67,0.558343805,0.142569608,0.262274414,0.468456959
16,24,211318720,67,0.597834325,0.142569608,0.262274414,0.508215987
11,24,211318720,67,0.648434939,0.142569608,0.262274414,0.544980564
1,24,211318720,67,0.761743658,0.142569608,0.262274414,0.604752234
19,24,211318720,67,0.873350153,0.142569608,0.262274414,0.668108587
2,24,211318720,67,0.974592392,0.142569608,0.262274414,0.701855164
14,24,211318720,67,1.762749486,0.142569608,0.262274414,0.567041528
12,24,211318720,67,1.862427107,0.142569608,0.262274414,0.600674522
15,24,211318720,67,2.971005840,0.142569608,0.262274414,0.323682976
7,24,211318720,67,3.686335113,0.142569608,0.262274414,0.184176728
13,24,211318720,67,3.958724288,0.142569608,0.262274414,0.187388936
20,24,211318720,67,4.676687899,0.142569608,0.262274414,0.058953487
8,24,211318720,67,4.803773567,0.142569608,0.262274414,0.177887703
9,24,211318720,67,4.831435673,0.142569608,0.262274414,0.187275125
10,24,211318720,67,7.359975859,0.142569608,0.262274414,0.047474699
6,24,211318720,67,9.813655761,0.142569608,0.262274414,0.000004764
17,25,211318720,67,0.365278347,0.142569608,0.052364163,0.160784964
18,25,211318720,67,0.386545711,0.142569608,0.052364163,0.183522564
3,25,211318720,67,0.461792551,0.142569608,0.052364163,0.313337582
4,25,211318720,67,0.527258715,0.142569608,0.052364163,0.466924658
19,25,211318720,67,0.531604441,0.142569608,0.052364163,0.474178014
16,25,211318720,67,0.597834325,0.142569608,0.052364163,0.590332045
2,25,211318720,67,0.603319100,0.142569608,0.052364163,0.599384418
11,25,211318720,67,0.698314549,0.142569608,0.052364163,0.694833084
1,25,211318720,67,0.707333396,0.142569608,0.052364163,0.698032910
5,25,211318720,67,1.288925448,0.142569608,0.052364163,0.598919502
13,25,211318720,67,1.666831279,0.142569608,0.052364163,0.626605277
12,25,211318720,67,1.719163483,0.142569608,0.052364163,0.642974416
8,25,211318720,67,2.781132065,0.142569608,0.052364163,0.386060109
7,25,211318720,67,3.402770874,0.142569608,0.052364163,0.277495574
20,25,211318720,67,4.008589628,0.142569608,0.052364163,0.168587034
6,25,211318720,67,4.163369111,0.142569608,0.052364163,0.212540077
9,25,211318720,67,4.486333125,0.142569608,0.052364163,0.296938023
14,25,211318720,67,4.486998690,0.142569608,0.052364163,0.297113709
10,25,211318720,67,7.605308388,0.142569608,0.052364163,0.047966693
15,25,211318720,67,7.922682239,0.142569608,0.052364163,0.000004764
19,26,211318720,67,0.303773966,0.142569608,0.007044768,0.139863212
3,26,211318720,67,0.369434041,0.142569608,0.007044768,0.251246604
5,26,211318720,67,0.386677635,0.142569608,0.007044768,0.268819719
4,26,211318720,67,0.446141990,0.142569608,0.007044768,0.287751860
18,26,211318720,67,0.601293328,0.142569608,0.007044768,0.394298419
11,26,211318720,67,0.648434939,0.142569608,0.007044768,0.411514785
17,26,211318720,67,1.050175247,0.142569608,0.007044768,0.372631452
2,26,211318720,67,1.345865684,0.142569608,0.007044768,0.419759397
16,26,211318720,67,1.413062950,0.142569608,0.007044768,0.441222057
12,26,211318720,67,1.575899860,0.142569608,0.007044768,0.574636399
1,26,211318720,67,1.577897577,0.142569608,0.007044768,0.575133850
9,26,211318720,67,1.725512740,0.142569608,0.007044768,0.621239946
13,26,211318720,67,2.708600829,0.142569608,0.007044768,0.386751815
8,26,211318720,67,3.539622628,0.142569608,0.007044768,0.208439419
6,26,211318720,67,4.163369111,0.142569608,0.007044768,0.097615683
14,26,211318720,67,4.967748550,0.142569608,0.007044768,0.047083074
7,26,211318720,67,5.954849029,0.142569608,0.007044768,0.048852442
10,26,211318720,67,6.133313216,0.142569608,0.007044768,0.084998185
15,26,211318720,67,7.427514599,0.142569608,0.007044768,0.047464204
20,26,211318720,67,8.017179256,0.142569608,0.007044768,0.000004764
4,27,211318720,67,0.486700352,0.142569608,0.062666886,0.227861580
17,27,211318720,67,0.502257727,0.142569608,0.062666886,0.252681477
18,27,211318720,67,0.515394281,0.142569608,0.062666886,0.279140633
5,27,211318720,67,0.601498543,0.142569608,0.062666886,0.447165526
3,27,211318720,67,0.646509572,0.142569608,0.062666886,0.540212992
2,27,211318720,67,0.649728261,0.142569608,0.062666886,0.545495149
16,27,211318720,67,0.706531475,0.142569608,0.062666886,0.602675597
1,27,211318720,67,0.761743658,0.142569608,0.062666886,0.620337361
19,27,211318720,67,1.063208882,0.142569608,0.062666886,0.656007169
12,27,211318720,67,1.146108989,0.142569608,0.062666886,0.712940960
11,27,211318720,67,1.246990267,0.142569608,0.062666886,0.746856590
14,27,211318720,67,2.083249392,0.142569608,0.062666886,0.563640830
9,27,211318720,67,2.588269110,0.142569608,0.062666886,0.506783345
13,27,211318720,67,2.708600829,0.142569608,0.062666886,0.546507014
15,27,211318720,67,3.218589660,0.142569608,0.062666886,0.476358362
7,27,211318720,67,3.969899353,0.142569608,0.062666886,0.324306031
6,27,211318720,67,4.163369111,0.142569608,0.062666886,0.353440660
20,27,211318720,67,4.676687899,0.142569608,0.062666886,0.278516621
10,27,211318720,67,4.906650573,0.142569608,0.062666886,0.299322641
8,27,211318720,67,6.067924505,0.142569608,0.062666886,0.000004764
11,28,211318720,67,0.399036885,0.142569608,0.106826596,0.154638573
4,28,211318720,67,0.486700352,0.142569608,0.106826596,0.378851644
19,28,211318720,67,0.493632695,0.142569608,0.106826596,0.395044733
3,28,211318720,67,0.507971807,0.142569608,0.106826596,0.418695608
18,28,211318720,67,0.515394281,0.142569608,0.106826596,0.426188090
5,28,211318720,67,0.601498543,0.142569608,0.106826596,0.455077145
16,28,211318720,67,0.760880050,0.142569608,0.106826596,0.591250866
1,28,211318720,67,0.761743658,0.142569608,0.106826596,0.591330323
17,28,211318720,67,0.958855660,0.142569608,0.106826596,0.622956133
2,28,211318720,67,1.392274846,0.142569608,0.106826596,0.573346933
12,28,211318720,67,1.575899860,0.142569608,0.106826596,0.609054657
14,28,211318720,67,1.762749486,0.142569608,0.106826596,0.642088609
9,28,211318720,67,2.415717836,0.142569608,0.106826596,0.520311725
13,28,211318720,67,2.708600829,0.142569608,0.106826596,0.517274805
8,28,211318720,67,3.539622628,0.142569608,0.106826596,0.339497069
7,28,211318720,67,3.969899353,0.142569608,0.106826596,0.294028880
6,28,211318720,67,4.163369111,0.142569608,0.106826596,0.322571222
20,28,211318720,67,4.342638764,0.142569608,0.106826596,0.357090560
15,28,211318720,67,7.179930779,0.142569608,0.106826596,0.049170237
10,28,211318720,67,8.341305974,0.142569608,0.106826596,0.000004764
19,29,211318720,67,0.493632695,0.142569608,0.083674259,0.272610005
5,29,211318720,67,0.515570179,0.142569608,0.083674259,0.354016961
4,29,211318720,67,0.567817078,0.142569608,0.083674259,0.511355415
17,29,211318720,67,0.593577313,0.142569608,0.083674259,0.571765851
11,29,211318720,67,0.598555328,0.142569608,0.083674259,0.580308117
3,29,211318720,67,0.600330317,0.142569608,0.083674259,0.582198500
2,29,211318720,67,0.603319100,0.142569608,0.083674259,0.583371512
18,29,211318720,67,1.116687609,0.142569608,0.083674259,0.512002606
1,29,211318720,67,1.414666793,0.142569608,0.083674259,0.509659335
12,29,211318720,67,1.575899860,0.142569608,0.083674259,0.646053300
16,29,211318720,67,1.576108675,0.142569608,0.083674259,0.646136578
9,29,211318720,67,2.415717836,0.142569608,0.083674259,0.464284459
13,29,211318720,67,2.916954739,0.142569608,0.083674259,0.474088008
10,29,211318720,67,2.943990344,0.142569608,0.083674259,0.484077966
7,29,211318720,67,3.402770874,0.142569608,0.083674259,0.425163314
14,29,211318720,67,3.685748924,0.142569608,0.083674259,0.427081283
20,29,211318720,67,4.008589628,0.142569608,0.083674259,0.415735951
8,29,211318720,67,6.320754693,0.142569608,0.083674259,0.065388032
15,29,211318720,67,6.437179319,0.142569608,0.083674259,0.103526144
6,29,211318720,67,9.813655761,0.142569608,0.083674259,0.000004764
19,30,211318720,67,0.455660949,0.142569608,0.008296233,0.129342603
18,30,211318720,67,0.515394281,0.142569608,0.008296233,0.202269449
5,30,211318720,67,0.558534361,0.142569608,0.008296233,0.275653404
3,30,211318720,67,0.646509572,0.142569608,0.008296233,0.477774471
2,30,211318720,67,0.649728261,0.142569608,0.008296233,0.483067902
11,30,211318720,67,0.698314549,0.142569608,0.008296233,0.532376107
1,30,211318720,67,0.707333396,0.142569608,0.008296233,0.535084949
4,30,211318720,67,0.851725616,0.142569608,0.008296233,0.583588809
17,30,211318720,67,1.050175247,0.142569608,0.008296233,0.615083281
16,30,211318720,67,1.521760100,0.142569608,0.008296233,0.554408851
12,30,211318720,67,2.005690731,0.142569608,0.008296233,0.532282083
14,30,211318720,67,2.083249392,0.142569608,0.008296233,0.558060647
6,30,211318720,67,2.379068063,0.142569608,0.008296233,0.556006906
9,30,211318720,67,3.278474207,0.142569608,0.008296233,0.446785521
8,30,211318720,67,3.286792440,0.142569608,0.008296233,0.449636459
20,30,211318720,67,4.008589628,0.142569608,0.008296233,0.312048912
13,30,211318720,67,5.000493838,0.142569608,0.008296233,0.085135908
10,30,211318720,67,7.359975859,0.142569608,0.008296233,0.133621019
7,30,211318720,67,7.372670226,0.142569608,0.008296233,0.138239990
15,30,211318720,67,7.922682239,0.142569608,0.008296233,0.000004764
19,31,211318720,67,0.303773966,0.142569608,0.007688600,0.049407606
3,31,211318720,67,0.461792551,0.142569608,0.007688600,0.208313562
4,31,211318720,67,0.486700352,0.142569608,0.007688600,0.250479960
5,31,211318720,67,0.558534361,0.142569608,0.007688600,0.355257911
17,31,211318720,67,0.593577313,0.142569608,0.007688600,0.429644851
2,31,211318720,67,0.649728261,0.142569608,0.007688600,0.521951742
16,31,211318720,67,0.706531475,0.142569608,0.007688600,0.579528212
1,31,211318720,67,0.707333396,0.142569608,0.007688600,0.579830009
11,31,211318720,67,0.947712603,0.142569608,0.007688600,0.594737763
18,31,211318720,67,1.245536180,0.142569608,0.007688600,0.592132439
13,31,211318720,67,2.291893009,0.142569608,0.007688600,0.343723765
8,31,211318720,67,2.781132065,0.142569608,0.007688600,0.277165464
15,31,211318720,67,3.466173480,0.142569608,0.007688600,0.173175867
6,31,211318720,67,3.568602095,0.142569608,0.007688600,0.208295321
12,31,211318720,67,4.154645085,0.142569608,0.007688600,0.198659217
14,31,211318720,67,4.166498784,0.142569608,0.007688600,0.202718525
9,31,211318720,67,4.313781851,0.142569608,0.007688600,0.324558457
20,31,211318720,67,4.342638764,0.142569608,0.007688600,0.334102905
10,31,211318720,67,5.397315630,0.142569608,0.007688600,0.085951582
7,31,211318720,67,8.223362945,0.142569608,0.007688600,0.000004764
4,32,211318720,67,0.486700352,0.142569608,0.000835043,0.084341019
3,32,211318720,67,0.600330317,0.142569608,0.000835043,0.422951173
5,32,211318720,67,0.601498543,0.142569608,0.000835043,0.426477394
17,32,211318720,67,0.639237107,0.142569608,0.000835043,0.515195972
18,32,211318720,67,0.644242851,0.142569608,0.000835043,0.523192072
1,32,211318720,67,0.652923135,0.142569608,0.000835043,0.531777689
11,32,211318720,67,0.698314549,0.142569608,0.000835043,0.547781713
19,32,211318720,67,1.291039357,0.142569608,0.000835043,0.474870049
2,32,211318720,67,1.392274846,0.142569608,0.000835043,0.508419340
16,32,211318720,67,1.630457250,0.142569608,0.000835043,0.524289308
12,32,211318720,67,1.862427107,0.142569608,0.000835043,0.542020561
14,32,211318720,67,2.884499158,0.142569608,0.000835043,0.302064388
10,32,211318720,67,3.189322872,0.142569608,0.000835043,0.295581844
7,32,211318720,67,3.402770874,0.142569608,0.000835043,0.379151328
15,32,211318720,67,3.466173480,0.142569608,0.000835043,0.442776237
8,32,211318720,67,3.539622628,0.142569608,0.000835043,0.468377971
9,32,211318720,67,4.141230577,0.142569608,0.000835043,0.367352077
13,32,211318720,67,6.875679027,0.142569608,0.000835043,0.047181601
6,32,211318720,67,8.921505237,0.142569608,0.000835043,0.046456058
20,32,211318720,67,10.355523205,0.142569608,0.000835043,0.000004764
4,33,211318720,67,0.486700352,0.142569608,0.058390178,0.255021342
19,33,211318720,67,0.493632695,0.142569608,0.058390178,0.271157500
5,33,211318720,67,0.515570179,0.142569608,0.058390178,0.315795693
17,33,211318720,67,0.593577313,0.142569608,0.058390178,0.466977317
18,33,211318720,67,0.601293328,0.142569608,0.058390178,0.479830240
3,33,211318720,67,0.646509572,0.142569608,0.058390178,0.525710882
16,33,211318720,67,0.706531475,0.142569608,0.058390178,0.547320479
11,33,211318720,67,1.047471824,0.142569608,0.058390178,0.531621297
2,33,211318720,67,1.253047361,0.142569608,0.058390178,0.582070061
1,33,211318720,67,1.360256532,0.142569608,0.058390178,0.618139779
12,33,211318720,67,1.862427107,0.142569608,0.058390178,0.623362251
9,33,211318720,67,1.898064014,0.142569608,0.058390178,0.635072787
14,33,211318720,67,2.243499345,0.142569608,0.058390178,0.616502609
10,33,211318720,67,2.698657815,0.142569608,0.058390178,0.557757004
8,33,211318720,67,3.033962253,0.142569608,0.058390178,0.539243527
6,33,211318720,67,4.163369111,0.142569608,0.058390178,0.264637274
15,33,211318720,67,5.942011679,0.142569608,0.058390178,0.048421469
13,33,211318720,67,6.250617297,0.142569608,0.058390178,0.048850874
7,33,211318720,67,9.357619903,0.142569608,0.058390178,0.047539756
20,33,211318720,67,9.687424934,0.142569608,0.058390178,0.000004764
3,34,211318720,67,0.369434041,0.142569608,0.137449145,0.102110836
11,34,211318720,67,0.448916496,0.142569608,0.137449145,0.248479516
19,34,211318720,67,0.493632695,0.142569608,0.137449145,0.323000383
18,34,211318720,67,0.515394281,0.142569608,0.137449145,0.360639918
4,34,211318720,67,0.567817078,0.142569608,0.137449145,0.447425266
17,34,211318720,67,0.639237107,0.142569608,0.137449145,0.520231236
1,34,211318720,67,0.652923135,0.142569608,0.137449145,0.524404149
5,34,211318720,67,1.117068722,0.142569608,0.137449145,0.469294776
2,34,211318720,67,1.253047361,0.142569608,0.137449145,0.514375446
16,34,211318720,67,1.684805825,0.142569608,0.137449145,0.510992130
14,34,211318720,67,1.762749486,0.142569608,0.137449145,0.537657175
9,34,211318720,67,2.415717836,0.142569608,0.137449145,0.418821294
13,34,211318720,67,2.708600829,0.142569608,0.137449145,0.430604275
7,34,211318720,67,2.835642395,0.142569608,0.137449145,0.474409227
12,34,211318720,67,3.151799719,0.142569608,0.137449145,0.522267459
15,34,211318720,67,3.218589660,0.142569608,0.137449145,0.589894438
8,34,211318720,67,3.286792440,0.142569608,0.137449145,0.612972887
20,34,211318720,67,4.342638764,0.142569608,0.137449145,0.360087528
10,34,211318720,67,4.661318044,0.142569608,0.137449145,0.348734450
6,34,211318720,67,9.218888745,0.142569608,0.137449145,0.000004764
18,35,211318720,67,0.343596187,0.142569608,0.004937632,0.048916709
19,35,211318720,67,0.531604441,0.142569608,0.004937632,0.250115243
5,35,211318720,67,0.558534361,0.142569608,0.004937632,0.312585641
1,35,211318720,67,0.598512874,0.142569608,0.004937632,0.378633311
17,35,211318720,67,0.639237107,0.142569608,0.004937632,0.433378975
2,35,211318720,67,0.649728261,0.142569608,0.004937632,0.443954024
16,35,211318720,67,0.760880050,0.142569608,0.004937632,0.480364650
3,35,211318720,67,1.200660634,0.142569608,0.004937632,0.433345923
4,35,211318720,67,1.338425969,0.142569608,0.004937632,0.479930856
11,35,211318720,67,1.496388320,0.142569608,0.004937632,0.521206189
14,35,211318720,67,1.762749486,0.142569608,0.004937632,0.527952690
9,35,211318720,67,2.243166562,0.142569608,0.004937632,0.465689700
10,35,211318720,67,3.189322872,0.142569608,0.004937632,0.245063342
7,35,211318720,67,3.402770874,0.142569608,0.004937632,0.268555603
6,35,211318720,67,3.568602095,0.142569608,0.004937632,0.309098581
12,35,211318720,67,4.154645085,0.142569608,0.004937632,0.208756148
20,35,211318720,67,4.676687899,0.142569608,0.004937632,0.140496192
8,35,211318720,67,4.803773567,0.142569608,0.004937632,0.184551070
15,35,211318720,67,5.694427859,0.142569608,0.004937632,0.044659752
13,35,211318720,67,6.042263387,0.142569608,0.004937632,0.000004764
19,36,211318720,67,0.493632695,0.142569608,0.001267293,0.312469701
17,36,211318720,67,0.502257727,0.142569608,0.001267293,0.338520416
18,36,211318720,67,0.515394281,0.142569608,0.001267293,0.378591452
4,36,211318720,67,0.567817078,0.142569608,0.001267293,0.536225787
3,36,211318720,67,0.600330317,0.142569608,0.001267293,0.612272997
5,36,211318720,67,0.601498543,0.142569608,0.001267293,0.614034588
2,36,211318720,67,0.649728261,0.142569608,0.001267293,0.682368313
16,36,211318720,67,0.652182900,0.142569608,0.001267293,0.684721813
1,36,211318720,67,0.761743658,0.142569608,0.001267293,0.721161589
11,36,211318720,67,1.296869877,0.142569608,0.001267293,0.638078883
12,36,211318720,67,1.719163483,0.142569608,0.001267293,0.594100822
8,36,211318720,67,2.781132065,0.142569608,0.001267293,0.337277096
10,36,211318720,67,2.943990344,0.142569608,0.001267293,0.431715796
20,36,211318720,67,3.006442221,0.142569608,0.001267293,0.453769043
15,36,211318720,67,3.218589660,0.142569608,0.001267293,0.477933078
6,36,211318720,67,3.865985603,0.142569608,0.001267293,0.362882572
14,36,211318720,67,4.807498597,0.142569608,0.001267293,0.150244885
9,36,211318720,67,5.349089495,0.142569608,0.001267293,0.136136695
7,36,211318720,67,5.387720550,0.142569608,0.001267293,0.150069417
13,36,211318720,67,6.458971207,0.142569608,0.001267293,0.000004764
18,37,211318720,67,0.472444758,0.142569608,0.059780840,0.127352453
2,37,211318720,67,0.510500777,0.142569608,0.059780840,0.165609361
11,37,211318720,67,0.598555328,0.142569608,0.059780840,0.194168687
5,37,211318720,67,0.816319451,0.142569608,0.059780840,0.289917046
3,37,211318720,67,0.877405848,0.142569608,0.059780840,0.351391288
4,37,211318720,67,0.932842342,0.142569608,0.059780840,0.397729468
1,37,211318720,67,1.033794964,0.142569608,0.059780840,0.458084546
19,37,211318720,67,1.139152374,0.142569608,0.059780840,0.556729344
17,37,211318720,67,1.187154627,0.142569608,0.059780840,0.572862099
16,37,211318720,67,1.630457250,0.142569608,0.059780840,0.555650723
12,37,211318720,67,1.719163483,0.142569608,0.059780840,0.585336177
9,37,211318720,67,2.415717836,0.142569608,0.059780840,0.451455391
13,37,211318720,67,2.708600829,0.142569608,0.059780840,0.460499588
7,37,211318720,67,2.835642395,0.142569608,0.059780840,0.502452302
8,37,211318720,67,3.286792440,0.142569608,0.059780840,0.450403322
10,37,211318720,67,3.434655401,0.142569608,0.059780840,0.496386709
6,37,211318720,67,3.865985603,0.142569608,0.059780840,0.448716524
14,37,211318720,67,4.647248644,0.142569608,0.059780840,0.283343625
20,37,211318720,67,5.010737035,0.142569608,0.059780840,0.258311046
15,37,211318720,67,7.922682239,0.142569608,0.059780840,0.000004764
2,38,211318720,67,0.510500777,0.142569608,0.037914000,0.222110198
17,38,211318720,67,0.547917520,0.142569608,0.037914000,0.283534187
11,38,211318720,67,0.548675717,0.142569608,0.037914000,0.284162848
5,38,211318720,67,0.601498543,0.142569608,0.037914000,0.340624717
1,38,211318720,67,0.707333396,0.142569608,0.037914000,0.505456490
19,38,211318720,67,0.721463170,0.142569608,0.037914000,0.519687386
16,38,211318720,67,0.760880050,0.142569608,0.037914000,0.532538297
4,38,211318720,67,1.176192518,0.142569608,0.037914000,0.581067524
18,38,211318720,67,1.202586656,0.142569608,0.037914000,0.607717866
3,38,211318720,67,1.293019144,0.142569608,0.037914000,0.637632112
12,38,211318720,67,2.005690731,0.142569608,0.037914000,0.497108522
10,38,211318720,67,3.189322872,0.142569608,0.037914000,0.193251009
14,38,211318720,67,3.365249018,0.142569608,0.037914000,0.229698122
7,38,211318720,67,3.969899353,0.142569608,0.037914000,0.125365872
9,38,211318720,67,4.141230577,0.142569608,0.037914000,0.163800345
20,38,211318720,67,4.676687899,0.142569608,0.037914000,0.080198546
13,38,211318720,67,6.667325117,0.142569608,0.037914000,0.047397590
15,38,211318720,67,7.179930779,0.142569608,0.037914000,0.047590689
8,38,211318720,67,7.837735819,0.142569608,0.037914000,0.047935357
6,38,211318720,67,10.111039269,0.142569608,0.037914000,0.000004764
19,39,211318720,67,0.417689204,0.142569608,0.066615723,0.057177089
11,39,211318720,67,0.548675717,0.142569608,0.066615723,0.271989616
2,39,211318720,67,0.556909938,0.142569608,0.066615723,0.280223735
4,39,211318720,67,0.567817078,0.142569608,0.066615723,0.286643265
16,39,211318720,67,0.706531475,0.142569608,0.066615723,0.332957407
5,39,211318720,67,0.945211995,0.142569608,0.066615723,0.349382933
17,39,211318720,67,1.232814420,0.142569608,0.066615723,0.374592052
3,39,211318720,67,1.339198399,0.142569608,0.066615723,0.481383614
18,39,211318720,67,1.374384750,0.142569608,0.066615723,0.493458083
1,39,211318720,67,1.632307838,0.142569608,0.066615723,0.503637141
12,39,211318720,67,2.005690731,0.142569608,0.066615723,0.516488474
13,39,211318720,67,2.083539099,0.142569608,0.066615723,0.543149143
8,39,211318720,67,2.781132065,0.142569608,0.066615723,0.406892520
10,39,211318720,67,3.434655401,0.142569608,0.066615723,0.364177668
15,39,211318720,67,3.466173480,0.142569608,0.066615723,0.374313572
20,39,211318720,67,3.674540492,0.142569608,0.066615723,0.487822524
7,39,211318720,67,3.686335113,0.142569608,0.066615723,0.492274810
6,39,211318720,67,4.163369111,0.142569608,0.066615723,0.428251928
14,39,211318720,67,4.967748550,0.142569608,0.066615723,0.267398199
9,39,211318720,67,5.694192043,0.142569608,0.066615723,0.026098193
4,40,211318720,67,0.324466901,0.142569608,0.119433299,0.112135872
3,40,211318720,67,0.369434041,0.142569608,0.119433299,0.127401148
2,40,211318720,67,0.510500777,0.142569608,0.119433299,0.356006199
18,40,211318720,67,0.515394281,0.142569608,0.119433299,0.367346532
19,40,211318720,67,0.531604441,0.142569608,0.119433299,0.393850746
17,40,211318720,67,0.639237107,0.142569608,0.119433299,0.609910419
1,40,211318720,67,0.652923135,0.142569608,0.119433299,0.632245783
11,40,211318720,67,0.698314549,0.142569608,0.119433299,0.678551735
16,40,211318720,67,0.706531475,0.142569608,0.119433299,0.681210367
5,40,211318720,67,0.945211995,0.142569608,0.119433299,0.699276480
12,40,211318720,67,1.862427107,0.142569608,0.119433299,0.565258372
9,40,211318720,67,1.898064014,0.142569608,0.119433299,0.577359030
14,40,211318720,67,2.243499345,0.142569608,0.119433299,0.558245548
13,40,211318720,67,2.708600829,0.142569608,0.119433299,0.498732399
15,40,211318720,67,3.466173480,0.142569608,0.119433299,0.386816488
8,40,211318720,67,3.539622628,0.142569608,0.119433299,0.412915246
20,40,211318720,67,4.342638764,0.142569608,0.119433299,0.242986357
7,40,211318720,67,5.104156311,0.142569608,0.119433299,0.091311315
10,40,211318720,67,5.397315630,0.142569608,0.119433299,0.086414839
6,40,211318720,67,7.434587698,0.142569608,0.119433299,0.000004764
5,41,211318720,67,0.515570179,0.142569608,0.035895139,0.291805070
17,41,211318720,67,0.547917520,0.142569608,0.035895139,0.368075654
11,41,211318720,67,0.548675717,0.142569608,0.035895139,0.369357219
4,41,211318720,67,0.567817078,0.142569608,0.035895139,0.393428404
3,41,211318720,67,0.600330317,0.142569608,0.035895139,0.447253472
16,41,211318720,67,0.706531475,0.142569608,0.035895139,0.553530856
1,41,211318720,67,0.707333396,0.142569608,0.035895139,0.553853731
18,41,211318720,67,1.030788562,0.142569608,0.035895139,0.589793320
19,41,211318720,67,1.101180628,0.142569608,0.035895139,0.612428888
2,41,211318720,67,1.299456523,0.142569608,0.035895139,0.649230980
12,41,211318720,67,1.432636236,0.142569608,0.035895139,0.694461286
15,41,211318720,67,1.980670560,0.142569608,0.035895139,0.606788195
13,41,211318720,67,2.916954739,0.142569608,0.035895139,0.392267498
10,41,211318720,67,3.189322872,0.142569608,0.035895139,0.397719912
14,41,211318720,67,3.365249018,0.142569608,0.035895139,0.434090043
8,41,211318720,67,3.539622628,0.142569608,0.035895139,0.510870994
9,41,211318720,67,3.623576755,0.142569608,0.035895139,0.539339294
6,41,211318720,67,3.865985603,0.142569608,0.035895139,0.580361477
7,41,211318720,67,3.969899353,0.142569608,0.035895139,0.615162022
20,41,211318720,67,8.017179256,0.142569608,0.035895139,0.000004764
5,42,211318720,67,0.343713453,0.142569608,0.014822327,0.048032631
19,42,211318720,67,0.493632695,0.142569608,0.014822327,0.252970416
2,42,211318720,67,0.510500777,0.142569608,0.014822327,0.291252904
18,42,211318720,67,0.558343805,0.142569608,0.014822327,0.371436026
3,42,211318720,67,0.600330317,0.142569608,0.014822327,0.413410859
17,42,211318720,67,0.639237107,0.142569608,0.014822327,0.439360028
1,42,211318720,67,0.761743658,0.142569608,0.014822327,0.479553827
4,42,211318720,67,1.054517430,0.142569608,0.014822327,0.550427766
16,42,211318720,67,1.086971500,0.142569608,0.014822327,0.561815067
11,42,211318720,67,1.496388320,0.142569608,0.014822327,0.520549585
12,42,211318720,67,1.862427107,0.142569608,0.014822327,0.580816416
13,42,211318720,67,1.875185189,0.142569608,0.014822327,0.585212621
9,42,211318720,67,2.243166562,0.142569608,0.014822327,0.559137871
10,42,211318720,67,3.434655401,0.142569608,0.014822327,0.282693308
8,42,211318720,67,3.539622628,0.142569608,0.014822327,0.322654348
20,42,211318720,67,3.674540492,0.142569608,0.014822327,0.455341441
14,42,211318720,67,3.685748924,0.142569608,0.014822327,0.459231204
7,42,211318720,67,4.253463592,0.142569608,0.014822327,0.364489552
15,42,211318720,67,7.675098419,0.142569608,0.014822327,0.048381339
6,42,211318720,67,8.029354714,0.142569608,0.014822327,0.000004764
11,43,211318720,67,0.399036885,0.142569608,0.010414560,0.167110314
4,43,211318720,67,0.446141990,0.142569608,0.010414560,0.238033553
19,43,211318720,67,0.455660949,0.142569608,0.010414560,0.247954275
3,43,211318720,67,0.554151062,0.142569608,0.010414560,0.344445284
5,43,211318720,67,0.601498543,0.142569608,0.010414560,0.360612821
17,43,211318720,67,0.867536073,0.142569608,0.010414560,0.440480279
18,43,211318720,67,0.901939992,0.142569608,0.010414560,0.451467598
2,43,211318720,67,1.392274846,0.142569608,0.010414560,0.383451405
1,43,211318720,67,1.577897577,0.142569608,0.010414560,0.477344853
16,43,211318720,67,1.630457250,0.142569608,0.010414560,0.494388723
14,43,211318720,67,1.922999439,0.142569608,0.010414560,0.533204459
12,43,211318720,67,2.005690731,0.142569608,0.010414560,0.562473894
9,43,211318720,67,2.243166562,0.142569608,0.010414560,0.581907000
10,43,211318720,67,3.434655401,0.142569608,0.010414560,0.285569503
8,43,211318720,67,4.803773567,0.142569608,0.010414560,0.047627241
13,43,211318720,67,5.000493838,0.142569608,0.010414560,0.077173576
15,43,211318720,67,7.427514599,0.142569608,0.010414560,0.047217920
20,43,211318720,67,7.683130120,0.142569608,0.010414560,0.055837140
7,43,211318720,67,8.223362945,0.142569608,0.010414560,0.048197278
6,43,211318720,67,9.218888745,0.142569608,0.010414560,0.000004764
19,44,211318720,67,0.341745712,0.142569608,0.048336629,0.111557586
2,44,211318720,67,0.417682454,0.142569608,0.048336629,0.266258604
17,44,211318720,67,0.456597933,0.142569608,0.048336629,0.330944038
4,44,211318720,67,0.486700352,0.142569608,0.048336629,0.380529780
5,44,211318720,67,0.515570179,0.142569608,0.048336629,0.412510989
18,44,211318720,67,0.601293328,0.142569608,0.048336629,0.523472225
1,44,211318720,67,0.652923135,0.142569608,0.048336629,0.573461501
16,44,211318720,67,0.706531475,0.142569608,0.048336629,0.591837732
11,44,211318720,67,0.847953381,0.142569608,0.048336629,0.640870224
3,44,211318720,67,1.431556909,0.142569608,0.048336629,0.544268224
9,44,211318720,67,1.898064014,0.142569608,0.048336629,0.485235842
14,44,211318720,67,2.243499345,0.142569608,0.048336629,0.467812252
13,44,211318720,67,2.916954739,0.142569608,0.048336629,0.338241068
6,44,211318720,67,3.271218587,0.142569608,0.048336629,0.315122825
10,44,211318720,67,3.434655401,0.142569608,0.048336629,0.355787361
7,44,211318720,67,3.969899353,0.142569608,0.048336629,0.275954521
12,44,211318720,67,4.154645085,0.142569608,0.048336629,0.311082870
20,44,211318720,67,4.342638764,0.142569608,0.048336629,0.344325146
8,44,211318720,67,7.079245256,0.142569608,0.048336629,0.048188157
15,44,211318720,67,7.427514599,0.142569608,0.048336629,0.000004764
18,45,211318720,67,0.472444758,0.142569608,0.003904217,0.056855737
5,45,211318720,67,0.601498543,0.142569608,0.003904217,0.224022716
11,45,211318720,67,0.648434939,0.142569608,0.003904217,0.292015267
1,45,211318720,67,0.652923135,0.142569608,0.003904217,0.296450676
16,45,211318720,67,0.760880050,0.142569608,0.003904217,0.384893699
17,45,211318720,67,0.867536073,0.142569608,0.003904217,0.562245544
19,45,211318720,67,0.873350153,0.142569608,0.003904217,0.568346233
4,45,211318720,67,0.892283979,0.142569608,0.003904217,0.574666808
2,45,211318720,67,1.113819877,0.142569608,0.003904217,0.594491371
3,45,211318720,67,1.431556909,0.142569608,0.003904217,0.585632029
12,45,211318720,67,1.719163483,0.142569608,0.003904217,0.585578782
9,45,211318720,67,2.243166562,0.142569608,0.003904217,0.506774159
8,45,211318720,67,3.033962253,0.142569608,0.003904217,0.343851869
10,45,211318720,67,3.434655401,0.142569608,0.003904217,0.384321021
15,45,211318720,67,3.466173480,0.142569608,0.003904217,0.394925480
14,45,211318720,67,4.807498597,0.142569608,0.003904217,0.048278610
13,45,211318720,67,6.042263387,0.142569608,0.003904217,0.047277831
7,45,211318720,67,8.506927184,0.142569608,0.003904217,0.049362341
6,45,211318720,67,9.218888745,0.142569608,0.003904217,0.046706037
20,45,211318720,67,11.023621477,0.142569608,0.003904217,0.000004764
11,46,211318720,67,0.598555328,0.142569608,0.008072507,0.290681071
3,46,211318720,67,0.600330317,0.142569608,0.008072507,0.293530875
2,46,211318720,67,0.603319100,0.142569608,0.008072507,0.296540019
1,46,211318720,67,0.652923135,0.142569608,0.008072507,0.336204023
16,46,211318720,67,0.760880050,0.142569608,0.008072507,0.372610686
18,46,211318720,67,0.901939992,0.142569608,0.008072507,0.515918284
17,46,211318720,67,0.958855660,0.142569608,0.008072507,0.572533439
5,46,211318720,67,0.988176177,0.142569608,0.008072507,0.582946851
4,46,211318720,67,1.176192518,0.142569608,0.008072507,0.709625182
19,46,211318720,67,1.177124119,0.142569608,0.008072507,0.709955458
12,46,211318720,67,1.719163483,0.142569608,0.008072507,0.629629050
9,46,211318720,67,1.898064014,0.142569608,0.008072507,0.704783150
15,46,211318720,67,1.980670560,0.142569608,0.008072507,0.732509417
8,46,211318720,67,3.033962253,0.142569608,0.008072507,0.478658436
10,46,211318720,67,3.434655401,0.142569608,0.008072507,0.439754750
7,46,211318720,67,3.686335113,0.142569608,0.008072507,0.452190529
6,46,211318720,67,4.163369111,0.142569608,0.008072507,0.389598505
14,46,211318720,67,4.647248644,0.142569608,0.008072507,0.325259430
13,46,211318720,67,6.250617297,0.142569608,0.008072507,0.046887942
20,46,211318720,67,9.353375798,0.142569608,0.008072507,0.000004764
19,47,211318720,67,0.379717458,0.142569608,0.063541606,0.056196062
2,47,211318720,67,0.510500777,0.142569608,0.063541606,0.237379437
17,47,211318720,67,0.547917520,0.142569608,0.063541606,0.300351899
18,47,211318720,67,0.558343805,0.142569608,0.063541606,0.310929122
3,47,211318720,67,0.646509572,0.142569608,0.063541606,0.397136285
16,47,211318720,67,0.706531475,0.142569608,0.063541606,0.416867909
4,47,211318720,67,1.054517430,0.142569608,0.063541606,0.397253804
5,47,211318720,67,1.460782175,0.142569608,0.063541606,0.360640590
1,47,211318720,67,1.686718099,0.142569608,0.063541606,0.470278917
11,47,211318720,67,1.695906763,0.142569608,0.063541606,0.473272176
14,47,211318720,67,1.922999439,0.142569608,0.063541606,0.494394537
13,47,211318720,67,2.708600829,0.142569608,0.063541606,0.328755789
6,47,211318720,67,3.271218587,0.142569608,0.063541606,0.286676268
20,47,211318720,67,3.340491357,0.142569608,0.063541606,0.321666724
15,47,211318720,67,3.466173480,0.142569608,0.063541606,0.365267329
7,47,211318720,67,3.686335113,0.142569608,0.063541606,0.388013065
8,47,211318720,67,4.298113191,0.142569608,0.063541606,0.282069708
12,47,211318720,67,4.441172332,0.142569608,0.063541606,0.331288685
9,47,211318720,67,5.003986947,0.142569608,0.063541606,0.237575868
10,47,211318720,67,7.359975859,0.142569608,0.063541606,0.000004764
18,48,211318720,67,0.343596187,0.142569608,0.067346483,0.106540530
11,48,211318720,67,0.399036885,0.142569608,0.067346483,0.157649389
19,48,211318720,67,0.493632695,0.142569608,0.067346483,0.280092380
4,48,211318720,67,0.567817078,0.142569608,0.067346483,0.404250998
3,48,211318720,67,0.600330317,0.142569608,0.067346483,0.436525068
5,48,211318720,67,0.601498543,0.142569608,0.067346483,0.436800316
1,48,211318720,67,0.761743658,0.142569608,0.067346483,0.476850674
12,48,211318720,67,1.146108989,0.142569608,0.067346483,0.443512351
17,48,211318720,67,1.324134007,0.142569608,0.067346483,0.530438968
2,48,211318720,67,1.392274846,0.142569608,0.067346483,0.554816312
16,48,211318720,67,1.793502975,0.142569608,0.067346483,0.519164212
10,48,211318720,67,3.189322872,0.142569608,0.067346483,0.227226740
15,48,211318720,67,3.218589660,0.142569608,0.067346483,0.237532371
6,48,211318720,67,3.568602095,0.142569608,0.067346483,0.218845379
20,48,211318720,67,4.008589628,0.142569608,0.067346483,0.170544812
14,48,211318720,67,4.807498597,0.142569608,0.067346483,0.049209799
9,48,211318720,67,5.176538221,0.142569608,0.067346483,0.047243553
7,48,211318720,67,5.954849029,0.142569608,0.067346483,0.048359055
13,48,211318720,67,6.250617297,0.142569608,0.067346483,0.047539562
8,48,211318720,67,7.584905632,0.142569608,0.067346483,0.000004764
3,49,211318720,67,0.415613296,0.142569608,0.011368914,0.066931901
19,49,211318720,67,0.531604441,0.142569608,0.011368914,0.335201128
18,49,211318720,67,0.601293328,0.142569608,0.011368914,0.683013260
5,49,211318720,67,0.601498543,0.142569608,0.011368914,0.683912468
4,49,211318720,67,0.608375440,0.142569608,0.011368914,0.709054657
17,49,211318720,67,0.639237107,0.142569608,0.011368914,0.802148836
11,49,211318720,67,0.648434939,0.142569608,0.011368914,0.823782281
2,49,211318720,67,0.649728261,0.142569608,0.011368914,0.825904070
16,49,211318720,67,0.652182900,0.142569608,0.011368914,0.828441648
1,49,211318720,67,0.652923135,0.142569608,0.011368914,0.828710511
14,49,211318720,67,1.602499532,0.142569608,0.011368914,0.628246785
12,49,211318720,67,1.719163483,0.142569608,0.011368914,0.666613799
9,49,211318720,67,2.070615288,0.142569608,0.011368914,0.643748410
13,49,211318720,67,2.708600829,0.142569608,0.011368914,0.526987375
8,49,211318720,67,3.033962253,0.142569608,0.011368914,0.516913034
15,49,211318720,67,3.218589660,0.142569608,0.011368914,0.551570418
6,49,211318720,67,4.163369111,0.142569608,0.011368914,0.333396747
20,49,211318720,67,4.676687899,0.142569608,0.011368914,0.260926408
10,49,211318720,67,5.642648159,0.142569608,0.011368914,0.047024777
7,49,211318720,67,6.521977508,0.142569608,0.011368914,0.000004764
19,50,211318720,67,0.417689204,0.142569608,0.022494063,0.085972971
18,50,211318720,67,0.515394281,0.142569608,0.022494063,0.231770655
17,50,211318720,67,0.547917520,0.142569608,0.022494063,0.307508097
5,50,211318720,67,0.601498543,0.142569608,0.022494063,0.398254269
2,50,211318720,67,0.649728261,0.142569608,0.022494063,0.445810154
16,50,211318720,67,0.652182900,0.142569608,0.022494063,0.446521809
11,50,211318720,67,0.947712603,0.142569608,0.022494063,0.531981740
4,50,211318720,67,1.013959067,0.142569608,0.022494063,0.597648131
1,50,211318720,67,1.033794964,0.142569608,0.022494063,0.604816836
14,50,211318720,67,1.442249579,0.142569608,0.022494063,0.635974550
3,50,211318720,67,1.477736165,0.142569608,0.022494063,0.648059041
8,50,211318720,67,2.022641502,0.142569608,0.022494063,0.625016337
9,50,211318720,67,2.070615288,0.142569608,0.022494063,0.641024356
15,50,211318720,67,2.971005840,0.142569608,0.022494063,0.442255967
10,50,211318720,67,3.189322872,0.142569608,0.022494063,0.465813461
12,50,211318720,67,3.438326967,0.142569608,0.022494063,0.480299138
6,50,211318720,67,3.865985603,0.142569608,0.022494063,0.435796967
13,50,211318720,67,4.375432108,0.142569608,0.022494063,0.365806311
7,50,211318720,67,6.805541747,0.142569608,0.022494063,0.046182924
20,50,211318720,67,10.689572341,0.142569608,0.022494063,0.000004764
5,51,211318720,67,0.343713453,0.142569608,0.069202706,0.049475254
19,51,211318720,67,0.531604441,0.142569608,0.069202706,0.216439288
11,51,211318720,67,0.598555328,0.142569608,0.069202706,0.395475821
18,51,211318720,67,0.601293328,0.142569608,0.069202706,0.401921244
3,51,211318720,67,0.646509572,0.142569608,0.069202706,0.478345863
16,51,211318720,67,0.652182900,0.142569608,0.069202706,0.484182305
1,51,211318720,67,0.707333396,0.142569608,0.069202706,0.503089756
17,51,211318720,67,1.324134007,0.142569608,0.069202706,0.559252316
4,51,211318720,67,1.338425969,0.142569608,0.069202706,0.573767734
2,51,211318720,67,1.345865684,0.142569608,0.069202706,0.576609716
12,51,211318720,67,1.862427107,0.142569608,0.069202706,0.498830598
15,51,211318720,67,2.723422020,0.142569608,0.069202706,0.312761094
10,51,211318720,67,3.189322872,0.142569608,0.069202706,0.321658779
9,51,211318720,67,3.278474207,0.142569608,0.069202706,0.412535408
8,51,211318720,67,3.286792440,0.142569608,0.069202706,0.415635740
7,51,211318720,67,3.686335113,0.142569608,0.069202706,0.378045452
20,51,211318720,67,4.008589628,0.142569608,0.069202706,0.366126931
13,51,211318720,67,5.417201657,0.142569608,0.069202706,0.122606340
14,51,211318720,67,5.448498410,0.142569608,0.069202706,0.133504345
6,51,211318720,67,9.516272253,0.142569608,0.069202706,0.000004764
4,52,211318720,67,0.446141990,0.142569608,0.032073181,0.136277786
19,52,211318720,67,0.493632695,0.142569608,0.032073181,0.232574116
3,52,211318720,67,0.554151062,0.142569608,0.032073181,0.333266822
11,52,211318720,67,0.598555328,0.142569608,0.032073181,0.400513609
18,52,211318720,67,0.601293328,0.142569608,0.032073181,0.403347722
16,52,211318720,67,0.706531475,0.142569608,0.032073181,0.440088528
5,52,211318720,67,1.074104540,0.142569608,0.032073181,0.483079077
2,52,211318720,67,1.113819877,0.142569608,0.032073181,0.496595087
17,52,211318720,67,1.369793800,0.142569608,0.032073181,0.504993067
1,52,211318720,67,1.741128360,0.142569608,0.032073181,0.474381098
12,52,211318720,67,2.005690731,0.142569608,0.032073181,0.483211002
15,52,211318720,67,2.971005840,0.142569608,0.032073181,0.304514490
14,52,211318720,67,3.044749111,0.142569608,0.032073181,0.328302439
13,52,211318720,67,3.958724288,0.142569608,0.032073181,0.121687559
10,52,211318720,67,5.642648159,0.142569608,0.032073181,0.047818003
8,52,211318720,67,5.815094318,0.142569608,0.032073181,0.148792081
9,52,211318720,67,5.866743317,0.142569608,0.032073181,0.200858350
7,52,211318720,67,5.954849029,0.142569608,0.032073181,0.231343927
20,52,211318720,67,7.015031849,0.142569608,0.032073181,0.045026141
6,52,211318720,67,9.813655761,0.142569608,0.032073181,0.000004764
3,53,211318720,67,0.461792551,0.142569608,0.197487235,0.129719691
4,53,211318720,67,0.486700352,0.142569608,0.197487235,0.154101185
18,53,211318720,67,0.601293328,0.142569608,0.197487235,0.254699422
11,53,211318720,67,0.648434939,0.142569608,0.197487235,0.270971991
5,53,211318720,67,0.988176177,0.142569608,0.197487235,0.339281616
1,53,211318720,67,1.033794964,0.142569608,0.197487235,0.385390201
19,53,211318720,67,1.101180628,0.142569608,0.197487235,0.445676321
17,53,211318720,67,1.187154627,0.142569608,0.197487235,0.557780364
2,53,211318720,67,1.253047361,0.142569608,0.197487235,0.625211763
14,53,211318720,67,1.281999626,0.142569608,0.197487235,0.634092194
16,53,211318720,67,1.684805825,0.142569608,0.197487235,0.595579137
12,53,211318720,67,1.862427107,0.142569608,0.197487235,0.648644692
15,53,211318720,67,1.980670560,0.142569608,0.197487235,0.724816948
9,53,211318720,67,2.070615288,0.142569608,0.197487235,0.755566232
10,53,211318720,67,2.453325286,0.142569608,0.197487235,0.723598158
13,53,211318720,67,2.916954739,0.142569608,0.197487235,0.667157463
8,53,211318720,67,3.539622628,0.142569608,0.197487235,0.556443449
7,53,211318720,67,3.969899353,0.142569608,0.197487235,0.510331524
20,53,211318720,67,4.676687899,0.142569608,0.197487235,0.370293698
6,53,211318720,67,6.245053666,0.142569608,0.197487235,0.000004764
5,54,211318720,67,0.386677635,0.142569608,0.046966232,0.096048867
19,54,211318720,67,0.455660949,0.142569608,0.046966232,0.166549703
18,54,211318720,67,0.558343805,0.142569608,0.046966232,0.303867561
4,54,211318720,67,0.567817078,0.142569608,0.046966232,0.313260552
2,54,211318720,67,0.649728261,0.142569608,0.046966232,0.362145992
1,54,211318720,67,0.761743658,0.142569608,0.046966232,0.399378721
3,54,211318720,67,1.062122868,0.142569608,0.046966232,0.448661469
12,54,211318720,67,1.146108989,0.142569608,0.046966232,0.558101042
17,54,211318720,67,1.187154627,0.142569608,0.046966232,0.599366655
16,54,211318720,67,1.250017225,0.142569608,0.046966232,0.650657670
11,54,211318720,67,1.346749488,0.142569608,0.046966232,0.682671734
9,54,211318720,67,1.898064014,0.142569608,0.046966232,0.593123457
10,54,211318720,67,2.698657815,0.142569608,0.046966232,0.421093949
13,54,211318720,67,2.916954739,0.142569608,0.046966232,0.444118308
15,54,211318720,67,3.218589660,0.142569608,0.046966232,0.439558990
8,54,211318720,67,3.539622628,0.142569608,0.046966232,0.428992661
14,54,211318720,67,4.166498784,0.142569608,0.046966232,0.317629182
20,54,211318720,67,4.342638764,0.142569608,0.046966232,0.355272004
7,54,211318720,67,5.387720550,0.142569608,0.046966232,0.108791372
6,54,211318720,67,9.516272253,0.142569608,0.046966232,0.000004764
19,55,211318720,67,0.455660949,0.142569608,0.052696679,0.102441969
2,55,211318720,67,0.556909938,0.142569608,0.052696679,0.269351444
18,55,211318720,67,0.558343805,0.142569608,0.052696679,0.270649887
3,55,211318720,67,0.600330317,0.142569608,0.052696679,0.284406248
16,55,211318720,67,0.760880050,0.142569608,0.052696679,0.422277072
1,55,211318720,67,0.761743658,0.142569608,0.052696679,0.422378403
4,55,211318720,67,1.054517430,0.142569608,0.052696679,0.420111805
5,55,211318720,67,1.331889630,0.142569608,0.052696679,0.492954860
17,55,211318720,67,1.369793800,0.142569608,0.052696679,0.506709461
11,55,211318720,67,1.695906763,0.142569608,0.052696679,0.572594052
12,55,211318720,67,1.719163483,0.142569608,0.052696679,0.579808151
14,55,211318720,67,1.922999439,0.142569608,0.052696679,0.608283038
13,55,211318720,67,2.916954739,0.142569608,0.052696679,0.391560835
8,55,211318720,67,3.033962253,0.142569608,0.052696679,0.430240673
6,55,211318720,67,3.271218587,0.142569608,0.052696679,0.448471527
10,55,211318720,67,3.434655401,0.142569608,0.052696679,0.489460777
7,55,211318720,67,3.969899353,0.142569608,0.052696679,0.410869160
15,55,211318720,67,4.456508759,0.142569608,0.052696679,0.344436634
20,55,211318720,67,4.676687899,0.142569608,0.052696679,0.366436209
9,55,211318720,67,5.866743317,0.142569608,0.052696679,0.000004764
19,56,211318720,67,0.455660949,0.142569608,0.033854198,0.167958111
3,56,211318720,67,0.461792551,0.142569608,0.033854198,0.178523070
18,56,211318720,67,0.558343805,0.142569608,0.033854198,0.342404490
17,56,211318720,67,0.593577313,0.142569608,0.033854198,0.425739977
2,56,211318720,67,0.649728261,0.142569608,0.033854198,0.540705298
1,56,211318720,67,0.652923135,0.142569608,0.033854198,0.546038022
11,56,211318720,67,0.698314549,0.142569608,0.033854198,0.590921862
16,56,211318720,67,0.760880050,0.142569608,0.033854198,0.619439133
4,56,211318720,67,0.892283979,0.142569608,0.033854198,0.664066742
5,56,211318720,67,1.331889630,0.142569608,0.033854198,0.612437426
14,56,211318720,67,1.762749486,0.142569608,0.033854198,0.565867169
12,56,211318720,67,2.005690731,0.142569608,0.033854198,0.581355984
9,56,211318720,67,2.415717836,0.142569608,0.033854198,0.538634996
15,56,211318720,67,2.723422020,0.142569608,0.033854198,0.533683738
13,56,211318720,67,2.916954739,0.142569608,0.033854198,0.563638265
10,56,211318720,67,3.189322872,0.142569608,0.033854198,0.611481681
6,56,211318720,67,3.271218587,0.142569608,0.033854198,0.638346781
8,56,211318720,67,3.539622628,0.142569608,0.033854198,0.643568717
7,56,211318720,67,3.686335113,0.142569608,0.033854198,0.689916070
20,56,211318720,67,4.676687899,0.142569608,0.033854198,0.364196045
4,57,211318720,67,0.486700352,0.142569608,0.002478151,0.363022803
19,57,211318720,67,0.493632695,0.142569608,0.002478151,0.383993016
3,57,211318720,67,0.507971807,0.142569608,0.002478151,0.417870736
5,57,211318720,67,0.515570179,0.142569608,0.002478151,0.430348451
18,57,211318720,67,0.558343805,0.142569608,0.002478151,0.474494280
1,57,211318720,67,0.598512874,0.142569608,0.002478151,0.486317396
11,57,211318720,67,0.847953381,0.142569608,0.002478151,0.497730627
17,57,211318720,67,1.369793800,0.142569608,0.002478151,0.470531963
2,57,211318720,67,1.438684007,0.142569608,0.002478151,0.492957613
16,57,211318720,67,1.847851550,0.142569608,0.002478151,0.469375440
10,57,211318720,67,1.962660229,0.142569608,0.002478151,0.507891133
13,57,211318720,67,2.708600829,0.142569608,0.002478151,0.354805237
6,57,211318720,67,3.865985603,0.142569608,0.002478151,0.095575641
7,57,211318720,67,3.969899353,0.142569608,0.002478151,0.130433609
8,57,211318720,67,4.803773567,0.142569608,0.002478151,0.191410105
14,57,211318720,67,4.807498597,0.142569608,0.002478151,0.195218020
12,57,211318720,67,4.870963203,0.142569608,0.002478151,0.216216231
9,57,211318720,67,5.176538221,0.142569608,0.002478151,0.211686969
15,57,211318720,67,6.684763139,0.142569608,0.002478151,0.049136297
20,57,211318720,67,9.687424934,0.142569608,0.002478151,0.000004764
19,58,211318720,67,0.455660949,0.142569608,0.068385318,0.074424783
5,58,211318720,67,0.558534361,0.142569608,0.068385318,0.246630945
2,58,211318720,67,0.603319100,0.142569608,0.068385318,0.351122586
3,58,211318720,67,0.646509572,0.142569608,0.068385318,0.441673860
16,58,211318720,67,0.652182900,0.142569608,0.068385318,0.451115248
11,58,211318720,67,0.698314549,0.142569608,0.068385318,0.498004449
1,58,211318720,67,0.761743658,0.142569608,0.068385318,0.518327043
4,58,211318720,67,0.932842342,0.142569608,0.068385318,0.558699470
18,58,211318720,67,1.245536180,0.142569608,0.068385318,0.597080346
17,58,211318720,67,1.324134007,0.142569608,0.068385318,0.621549323
12,58,211318720,67,1.575899860,0.142569608,0.068385318,0.634482787
14,58,211318720,67,2.243499345,0.142569608,0.068385318,0.584975689
7,58,211318720,67,2.268513916,0.142569608,0.068385318,0.593635319
9,58,211318720,67,2.415717836,0.142569608,0.068385318,0.641766739
10,58,211318720,67,2.943990344,0.142569608,0.068385318,0.636636270
6,58,211318720,67,2.973835079,0.142569608,0.068385318,0.646420280
15,58,211318720,67,3.713757300,0.142569608,0.068385318,0.490535327
20,58,211318720,67,4.676687899,0.142569608,0.068385318,0.271441229
13,58,211318720,67,6.458971207,0.142569608,0.068385318,0.047197999
8,58,211318720,67,8.090566007,0.142569608,0.068385318,0.000004764
17,59,211318720,67,0.410938140,0.142569608,0.016840262,0.112953195
19,59,211318720,67,0.455660949,0.142569608,0.016840262,0.182018924
2,59,211318720,67,0.556909938,0.142569608,0.016840262,0.320425849
18,59,211318720,67,0.558343805,0.142569608,0.016840262,0.321816032
3,59,211318720,67,0.646509572,0.142569608,0.016840262,0.381001783
16,59,211318720,67,0.760880050,0.142569608,0.016840262,0.555514411
5,59,211318720,67,0.773355269,0.142569608,0.016840262,0.568181967
4,59,211318720,67,0.811167254,0.142569608,0.016840262,0.580170783
11,59,211318720,67,1.047471824,0.142569608,0.016840262,0.596554358
9,59,211318720,67,1.380410192,0.142569608,0.016840262,0.653393307
1,59,211318720,67,1.414666793,0.142569608,0.016840262,0.664703659
12,59,211318720,67,1.719163483,0.142569608,0.016840262,0.657400872
15,59,211318720,67,1.980670560,0.142569608,0.016840262,0.666808923
13,59,211318720,67,2.500246919,0.142569608,0.016840262,0.591902331
10,59,211318720,67,2.943990344,0.142569608,0.016840262,0.542260129
8,59,211318720,67,3.286792440,0.142569608,0.016840262,0.526048109
6,59,211318720,67,4.163369111,0.142569608,0.016840262,0.332455309
14,59,211318720,67,4.647248644,0.142569608,0.016840262,0.268400913
7,59,211318720,67,8.506927184,0.142569608,0.016840262,0.045959692
20,59,211318720,67,11.023621477,0.142569608,0.016840262,0.000004764
5,60,211318720,67,0.343713453,0.142569608,0.109405667,0.046960162
19,60,211318720,67,0.493632695,0.142569608,0.109405667,0.189354375
4,60,211318720,67,0.567817078,0.142569608,0.109405667,0.366873397
17,60,211318720,67,0.593577313,0.142569608,0.109405667,0.460536453
3,60,211318720,67,0.600330317,0.142569608,0.109405667,0.480443090
2,60,211318720,67,0.649728261,0.142569608,0.109405667,0.596163556
11,60,211318720,67,0.698314549,0.142569608,0.109405667,0.676712953
16,60,211318720,67,0.706531475,0.142569608,0.109405667,0.684486672
1,60,211318720,67,0.707333396,0.142569608,0.109405667,0.684701671
18,60,211318720,67,1.116687609,0.142569608,0.109405667,0.645436517
9,60,211318720,67,2.070615288,0.142569608,0.109405667,0.424775097
13,60,211318720,67,2.708600829,0.142569608,0.109405667,0.356749636
8,60,211318720,67,2.781132065,0.142569608,0.109405667,0.380792693
7,60,211318720,67,3.119206634,0.142569608,0.109405667,0.364051480
14,60,211318720,67,3.365249018,0.142569608,0.109405667,0.377597097
15,60,211318720,67,3.713757300,0.142569608,0.109405667,0.360302916
6,60,211318720,67,3.865985603,0.142569608,0.109405667,0.404859310
12,60,211318720,67,4.297908708,0.142569608,0.109405667,0.421852643
20,60,211318720,67,4.342638764,0.142569608,0.109405667,0.437184064
10,60,211318720,67,7.114643330,0.142569608,0.109405667,0.000004764
11,61,211318720,67,0.448916496,0.142569608,0.002133221,0.080301523
16,61,211318720,67,0.543485750,0.142569608,0.002133221,0.225132536
3,61,211318720,67,0.600330317,0.142569608,0.002133221,0.282423058
18,61,211318720,67,0.601293328,0.142569608,0.002133221,0.282701555
5,61,211318720,67,0.902247814,0.142569608,0.002133221,0.364194736
19,61,211318720,67,0.911321899,0.142569608,0.002133221,0.370112781
17,61,211318720,67,1.050175247,0.142569608,0.002133221,0.501360176
2,61,211318720,67,1.067410715,0.142569608,0.002133221,0.507406056
4,61,211318720,67,1.297867606,0.142569608,0.002133221,0.525532977
1,61,211318720,67,1.632307838,0.142569608,0.002133221,0.510368036
9,61,211318720,67,1.898064014,0.142569608,0.002133221,0.618959491
14,61,211318720,67,1.922999439,0.142569608,0.002133221,0.643923409
12,61,211318720,67,2.005690731,0.142569608,0.002133221,0.672683568
13,61,211318720,67,2.708600829,0.142569608,0.002133221,0.617610673
15,61,211318720,67,2.723422020,0.142569608,0.002133221,0.622489405
8,61,211318720,67,3.033962253,0.142569608,0.002133221,0.615308489
10,61,211318720,67,3.434655401,0.142569608,0.002133221,0.580477709
7,61,211318720,67,3.686335113,0.142569608,0.002133221,0.595198189
20,61,211318720,67,7.683130120,0.142569608,0.002133221,0.046946103
6,61,211318720,67,9.218888745,0.142569608,0.002133221,0.000004764
19,62,211318720,67,0.455660949,0.142569608,0.093429781,0.106213094
2,62,211318720,67,0.556909938,0.142569608,0.093429781,0.311766983
5,62,211318720,67,0.558534361,0.142569608,0.093429781,0.314426692
17,62,211318720,67,0.593577313,0.142569608,0.093429781,0.368723504
18,62,211318720,67,0.644242851,0.142569608,0.093429781,0.418913696
1,62,211318720,67,0.707333396,0.142569608,0.093429781,0.439170590
3,62,211318720,67,1.062122868,0.142569608,0.093429781,0.416184833
4,62,211318720,67,1.338425969,0.142569608,0.093429781,0.421799289
11,62,211318720,67,1.546267931,0.142569608,0.093429781,0.447790693
16,62,211318720,67,1.739154400,0.142569608,0.093429781,0.556846015
14,62,211318720,67,1.762749486,0.142569608,0.093429781,0.564579634
9,62,211318720,67,2.070615288,0.142569608,0.093429781,0.556401788
13,62,211318720,67,2.708600829,0.142569608,0.093429781,0.443046843
15,62,211318720,67,3.218589660,0.142569608,0.093429781,0.367428695
12,62,211318720,67,3.438326967,0.142569608,0.093429781,0.391013136
7,62,211318720,67,3.686335113,0.142569608,0.093429781,0.403038447
6,62,211318720,67,4.163369111,0.142569608,0.093429781,0.343234530
20,62,211318720,67,4.676687899,0.142569608,0.093429781,0.268898662
10,62,211318720,67,5.151983101,0.142569608,0.093429781,0.208459305
8,62,211318720,67,7.332075444,0.142569608,0.093429781,0.000004764
3,63,211318720,67,0.554151062,0.142569608,0.107173607,0.423019268
4,63,211318720,67,0.567817078,0.142569608,0.107173607,0.482745857
11,63,211318720,67,0.598555328,0.142569608,0.107173607,0.596050919
18,63,211318720,67,0.601293328,0.142569608,0.107173607,0.604323184
5,63,211318720,67,0.601498543,0.142569608,0.107173607,0.604800899
17,63,211318720,67,0.639237107,0.142569608,0.107173607,0.668205976
2,63,211318720,67,0.649728261,0.142569608,0.107173607,0.678726603
1,63,211318720,67,0.652923135,0.142569608,0.107173607,0.679833858
19,63,211318720,67,1.101180628,0.142569608,0.107173607,0.624028368
16,63,211318720,67,1.576108675,0.142569608,0.107173607,0.558943440
14,63,211318720,67,2.243499345,0.142569608,0.107173607,0.432332533
9,63,211318720,67,2.415717836,0.142569608,0.107173607,0.470348111
10,63,211318720,67,3.434655401,0.142569608,0.107173607,0.306513405
15,63,211318720,67,3.466173480,0.142569608,0.107173607,0.338063703
6,63,211318720,67,3.568602095,0.142569608,0.107173607,0.372814797
12,63,211318720,67,3.868117837,0.142569608,0.107173607,0.368063682
8,63,211318720,67,7.079245256,0.142569608,0.107173607,0.139577165
13,63,211318720,67,7.084032937,0.142569608,0.107173607,0.140988425
7,63,211318720,67,7.372670226,0.142569608,0.107173607,0.138460909
20,63,211318720,67,11.023621477,0.142569608,0.107173607,0.000004764
3,64,211318720,67,0.369434041,0.142569608,0.023083914,0.060047583
19,64,211318720,67,0.493632695,0.142569608,0.023083914,0.249361672
5,64,211318720,67,0.515570179,0.142569608,0.023083914,0.312549012
11,64,211318720,67,0.598555328,0.142569608,0.023083914,0.506643114
18,64,211318720,67,0.601293328,0.142569608,0.023083914,0.511199670
4,64,211318720,67,0.608375440,0.142569608,0.023083914,0.517987238
17,64,211318720,67,0.639237107,0.142569608,0.023083914,0.555272679
16,64,211318720,67,0.760880050,0.142569608,0.023083914,0.677125389
1,64,211318720,67,0.761743658,0.142569608,0.023083914,0.677233934
2,64,211318720,67,1.113819877,0.142569608,0.023083914,0.655936235
12,64,211318720,67,1.719163483,0.142569608,0.023083914,0.555022391
14,64,211318720,67,2.083249392,0.142569608,0.023083914,0.542529621
10,64,211318720,67,2.207992758,0.142569608,0.023083914,0.584245232
9,64,211318720,67,2.415717836,0.142569608,0.023083914,0.607280734
8,64,211318720,67,2.781132065,0.142569608,0.023083914,0.580541738
6,64,211318720,67,3.271218587,0.142569608,0.023083914,0.522555100
7,64,211318720,67,3.402770874,0.142569608,0.023083914,0.617925298
15,64,211318720,67,3.466173480,0.142569608,0.023083914,0.639015703
13,64,211318720,67,4.375432108,0.142569608,0.023083914,0.435398513
20,64,211318720,67,7.683130120,0.142569608,0.023083914,0.000004764
18,65,211318720,67,0.343596187,0.142569608,0.046434186,0.137715171
1,65,211318720,67,0.435282090,0.142569608,0.046434186,0.450782126
4,65,211318720,67,0.446141990,0.142569608,0.046434186,0.490933981
17,65,211318720,67,0.456597933,0.142569608,0.046434186,0.522205510
5,65,211318720,67,0.472605998,0.142569608,0.046434186,0.559372367
19,65,211318720,67,0.493632695,0.142569608,0.046434186,0.594193358
16,65,211318720,67,0.543485750,0.142569608,0.046434186,0.670903423
11,65,211318720,67,0.548675717,0.142569608,0.046434186,0.676284065
3,65,211318720,67,0.646509572,0.142569608,0.046434186,0.708277022
2,65,211318720,67,0.835364908,0.142569608,0.046434186,0.741360773
12,65,211318720,67,1.575899860,0.142569608,0.046434186,0.592984006
13,65,211318720,67,2.708600829,0.142569608,0.046434186,0.319580634
15,65,211318720,67,3.218589660,0.142569608,0.046434186,0.296993837
8,65,211318720,67,3.286792440,0.142569608,0.046434186,0.338550754
7,65,211318720,67,3.402770874,0.142569608,0.046434186,0.377201291
9,65,211318720,67,3.623576755,0.142569608,0.046434186,0.458948666
20,65,211318720,67,3.674540492,0.142569608,0.046434186,0.476949529
6,65,211318720,67,4.163369111,0.142569608,0.046434186,0.505772553
14,65,211318720,67,4.166498784,0.142569608,0.046434186,0.506532433
10,65,211318720,67,4.661318044,0.142569608,0.046434186,0.342341467
18,66,211318720,67,0.472444758,0.142569608,0.001495834,0.265995238
5,66,211318720,67,0.472605998,0.142569608,0.001495834,0.266281511
19,66,211318720,67,0.493632695,0.142569608,0.001495834,0.287156350
17,66,211318720,67,0.547917520,0.142569608,0.001495834,0.304886219
16,66,211318720,67,0.923925775,0.142569608,0.001495834,0.309169245
3,66,211318720,67,1.015943613,0.142569608,0.001495834,0.496928227
2,66,211318720,67,1.067410715,0.142569608,0.001495834,0.617758149
1,66,211318720,67,1.088205225,0.142569608,0.001495834,0.652680216
4,66,211318720,67,1.095075793,0.142569608,0.001495834,0.659590907
11,66,211318720,67,1.147231045,0.142569608,0.001495834,0.677539091
12,66,211318720,67,1.862427107,0.142569608,0.001495834,0.533783079
14,66,211318720,67,2.243499345,0.142569608,0.001495834,0.577607136
8,66,211318720,67,2.275471690,0.142569608,0.001495834,0.588632240
13,66,211318720,67,2.500246919,0.142569608,0.001495834,0.608747412
15,66,211318720,67,2.723422020,0.142569608,0.001495834,0.630441519
7,66,211318720,67,5.387720550,0.142569608,0.001495834,0.135872703
10,66,211318720,67,5.397315630,0.142569608,0.001495834,0.139189682
9,66,211318720,67,5.866743317,0.142569608,0.001495834,0.079532454
6,66,211318720,67,6.839820682,0.142569608,0.001495834,0.049567135
20,66,211318720,67,8.351228392,0.142569608,0.001495834,0.000004764
19,67,211318720,67,0.303773966,0.142569608,0.009996814,0.097361498
3,67,211318720,67,0.369434041,0.142569608,0.009996814,0.170747256
18,67,211318720,67,0.472444758,0.142569608,0.009996814,0.454314631
4,67,211318720,67,0.486700352,0.142569608,0.009996814,0.487920163
11,67,211318720,67,0.498796107,0.142569608,0.009996814,0.508295948
5,67,211318720,67,0.515570179,0.142569608,0.009996814,0.524554311
17,67,211318720,67,0.547917520,0.142569608,0.009996814,0.534372053
1,67,211318720,67,0.761743658,0.142569608,0.009996814,0.559552290
16,67,211318720,67,1.304365800,0.142569608,0.009996814,0.510247727
2,67,211318720,67,1.392274846,0.142569608,0.009996814,0.541319237
12,67,211318720,67,2.005690731,0.142569608,0.009996814,0.440299921
15,67,211318720,67,3.466173480,0.142569608,0.009996814,0.121096027
8,67,211318720,67,3.539622628,0.142569608,0.009996814,0.195042406
6,67,211318720,67,3.568602095,0.142569608,0.009996814,0.205369932
13,67,211318720,67,3.958724288,0.142569608,0.009996814,0.172357630
9,67,211318720,67,4.831435673,0.142569608,0.009996814,0.049752122
14,67,211318720,67,5.127998503,0.142569608,0.009996814,0.047363059
20,67,211318720,67,7.015031849,0.142569608,0.009996814,0.048295606
10,67,211318720,67,7.850640916,0.142569608,0.009996814,0.049696576
7,67,211318720,67,8.506927184,0.142569608,0.009996814,0.000004764
2,68,211318720,67,0.371273292,0.142569608,0.003078035,0.153623769
11,68,211318720,67,0.448916496,0.142569608,0.003078035,0.335017772
18,68,211318720,67,0.472444758,0.142569608,0.003078035,0.383359382
4,68,211318720,67,0.486700352,0.142569608,0.003078035,0.407311825
16,68,211318720,67,0.489137175,0.142569608,0.003078035,0.409814614
5,68,211318720,67,0.601498543,0.142569608,0.003078035,0.578844281
17,68,211318720,67,0.639237107,0.142569608,0.003078035,0.617012248
1,68,211318720,67,0.652923135,0.142569608,0.003078035,0.621772485
19,68,211318720,67,1.063208882,0.142569608,0.003078035,0.580092782
3,68,211318720,67,1.339198399,0.142569608,0.003078035,0.614028243
12,68,211318720,67,1.432636236,0.142569608,0.003078035,0.643252450
14,68,211318720,67,2.243499345,0.142569608,0.003078035,0.465065553
9,68,211318720,67,2.415717836,0.142569608,0.003078035,0.501952165
13,68,211318720,67,2.916954739,0.142569608,0.003078035,0.433334509
10,68,211318720,67,3.189322872,0.142569608,0.003078035,0.434748839
15,68,211318720,67,3.466173480,0.142569608,0.003078035,0.439314230
6,68,211318720,67,3.865985603,0.142569608,0.003078035,0.400254591
8,68,211318720,67,5.309433942,0.142569608,0.003078035,0.047404157
7,68,211318720,67,8.790491424,0.142569608,0.003078035,0.047434181
20,68,211318720,67,9.019326663,0.142569608,0.003078035,0.000004764
2,69,211318720,67,0.417682454,0.142569608,0.006239153,0.123038280
19,69,211318720,67,0.493632695,0.142569608,0.006239153,0.316844833
18,69,211318720,67,0.515394281,0.142569608,0.006239153,0.395145849
4,69,211318720,67,0.567817078,0.142569608,0.006239153,0.552156177
11,69,211318720,67,0.598555328,0.142569608,0.006239153,0.623819844
3,69,211318720,67,0.600330317,0.142569608,0.006239153,0.626757737
5,69,211318720,67,0.601498543,0.142569608,0.006239153,0.627912743
17,69,211318720,67,0.639237107,0.142569608,0.006239153,0.641167997
14,69,211318720,67,1.281999626,0.142569608,0.006239153,0.522735795
1,69,211318720,67,1.632307838,0.142569608,0.006239153,0.561876502
16,69,211318720,67,1.684805825,0.142569608,0.006239153,0.580138855
9,69,211318720,67,2.415717836,0.142569608,0.006239153,0.432161709
13,69,211318720,67,2.708600829,0.142569608,0.006239153,0.426659758
8,69,211318720,67,3.286792440,0.142569608,0.006239153,0.422708900
12,69,211318720,67,3.295063343,0.142569608,0.006239153,0.427542451
10,69,211318720,67,3.434655401,0.142569608,0.006239153,0.548436138
15,69,211318720,67,3.466173480,0.142569608,0.006239153,0.558730182
20,69,211318720,67,3.674540492,0.142569608,0.006239153,0.584991103
6,69,211318720,67,3.865985603,0.142569608,0.006239153,0.616817086
7,69,211318720,67,7.939798705,0.142569608,0.006239153,0.000004764
3,70,211318720,67,0.554151062,0.142569608,0.061755158,0.153995633
16,70,211318720,67,0.597834325,0.142569608,0.061755158,0.198195624
17,70,211318720,67,0.639237107,0.142569608,0.061755158,0.225154024
1,70,211318720,67,0.761743658,0.142569608,0.061755158,0.267727436
5,70,211318720,67,0.988176177,0.142569608,0.061755158,0.354960161
18,70,211318720,67,1.030788562,0.142569608,0.061755158,0.411561940
4,70,211318720,67,1.135634155,0.142569608,0.061755158,0.630492661
11,70,211318720,67,1.147231045,0.142569608,0.061755158,0.650038508
19,70,211318720,67,1.177124119,0.142569608,0.061755158,0.681071001
2,70,211318720,67,1.206638200,0.142569608,0.061755158,0.691529322
9,70,211318720,67,1.898064014,0.142569608,0.061755158,0.555758871
14,70,211318720,67,2.083249392,0.142569608,0.061755158,0.588871365
10,70,211318720,67,2.453325286,0.142569608,0.061755158,0.560779392
13,70,211318720,67,2.916954739,0.142569608,0.061755158,0.557271101
6,70,211318720,67,2.973835079,0.142569608,0.061755158,0.575615860
15,70,211318720,67,3.466173480,0.142569608,0.061755158,0.554625922
8,70,211318720,67,3.539622628,0.142569608,0.061755158,0.578922241
7,70,211318720,67,3.969899353,0.142569608,0.061755158,0.531161199
20,70,211318720,67,4.342638764,0.142569608,0.061755158,0.504182196
12,70,211318720,67,4.727699579,0.142569608,0.061755158,0.377715892
19,71,211318720,67,0.379717458,0.142569608,0.028090313,0.071606441
16,71,211318720,67,0.489137175,0.142569608,0.028090313,0.226132550
18,71,211318720,67,0.558343805,0.142569608,0.028090313,0.377556499
4,71,211318720,67,0.567817078,0.142569608,0.028090313,0.400737508
17,71,211318720,67,0.593577313,0.142569608,0.028090313,0.460847020
2,71,211318720,67,0.649728261,0.142569608,0.028090313,0.555758242
11,71,211318720,67,0.698314549,0.142569608,0.028090313,0.604857423
1,71,211318720,67,0.707333396,0.142569608,0.028090313,0.608186443
3,71,211318720,67,1.200660634,0.142569608,0.028090313,0.550610613
5,71,211318720,67,1.331889630,0.142569608,0.028090313,0.593691673
12,71,211318720,67,2.005690731,0.142569608,0.028090313,0.465174974
6,71,211318720,67,2.379068063,0.142569608,0.028090313,0.433233398
10,71,211318720,67,2.943990344,0.142569608,0.028090313,0.346468407
7,71,211318720,67,3.402770874,0.142569608,0.028090313,0.356344822
9,71,211318720,67,3.451025481,0.142569608,0.028090313,0.372173315
20,71,211318720,67,4.008589628,0.142569608,0.028090313,0.284765353
14,71,211318720,67,4.967748550,0.142569608,0.028090313,0.065684177
13,71,211318720,67,6.250617297,0.142569608,0.028090313,0.096624060
8,71,211318720,67,6.320754693,0.142569608,0.028090313,0.118949063
15,71,211318720,67,7.675098419,0.142569608,0.028090313,0.000004764
11,72,211318720,67,0.399036885,0.142569608,0.038167074,0.066125115
18,72,211318720,67,0.515394281,0.142569608,0.038167074,0.426163639
1,72,211318720,67,0.544102613,0.142569608,0.038167074,0.531820597
2,72,211318720,67,0.556909938,0.142569608,0.038167074,0.570528734
5,72,211318720,67,0.558534361,0.142569608,0.038167074,0.574244176
4,72,211318720,67,0.567817078,0.142569608,0.038167074,0.589955211
17,72,211318720,67,0.593577313,0.142569608,0.038167074,0.616232458
3,72,211318720,67,0.646509572,0.142569608,0.038167074,0.653211054
16,72,211318720,67,0.760880050,0.142569608,0.038167074,0.736070128
19,72,211318720,67,0.835378407,0.142569608,0.038167074,0.761659795
12,72,211318720,67,1.862427107,0.142569608,0.038167074,0.569328098
14,72,211318720,67,1.922999439,0.142569608,0.038167074,0.589044418
9,72,211318720,67,2.415717836,0.142569608,0.038167074,0.521946321
13,72,211318720,67,2.708600829,0.142569608,0.038167074,0.522905493
20,72,211318720,67,3.006442221,0.142569608,0.038167074,0.519489802
10,72,211318720,67,3.434655401,0.142569608,0.038167074,0.495575616
8,72,211318720,67,3.539622628,0.142569608,0.038167074,0.530594908
7,72,211318720,67,3.969899353,0.142569608,0.038167074,0.484909709
15,72,211318720,67,5.199260219,0.142569608,0.038167074,0.172752992
6,72,211318720,67,6.245053666,0.142569608,0.038167074,0.000004764
17,73,211318720,67,0.365278347,0.142569608,0.015842469,0.048545743
4,73,211318720,67,0.527258715,0.142569608,0.015842469,0.366171394
19,73,211318720,67,0.531604441,0.142569608,0.015842469,0.379162115
18,73,211318720,67,0.558343805,0.142569608,0.015842469,0.441695575
16,73,211318720,67,0.597834325,0.142569608,0.015842469,0.530020130
5,73,211318720,67,0.601498543,0.142569608,0.015842469,0.535997260
3,73,211318720,67,0.646509572,0.142569608,0.015842469,0.581676514
1,73,211318720,67,0.707333396,0.142569608,0.015842469,0.602933043
11,73,211318720,67,1.197110656,0.142569608,0.015842469,0.533046487
2,73,211318720,67,1.531502330,0.142569608,0.015842469,0.521377446
12,73,211318720,67,2.005690731,0.142569608,0.015842469,0.459716038
9,73,211318720,67,2.588269110,0.142569608,0.015842469,0.384498415
10,73,211318720,67,2.698657815,0.142569608,0.015842469,0.462702608
8,73,211318720,67,2.781132065,0.142569608,0.015842469,0.490703545
15,73,211318720,67,3.466173480,0.142569608,0.015842469,0.360859579
6,73,211318720,67,4.163369111,0.142569608,0.015842469,0.224503303
14,73,211318720,67,5.448498410,0.142569608,0.015842469,0.048047229
7,73,211318720,67,6.238413268,0.142569608,0.015842469,0.046914771
13,73,211318720,67,6.875679027,0.142569608,0.015842469,0.049566752
20,73,211318720,67,10.021474070,0.142569608,0.015842469,0.000004764
19,74,211318720,67,0.493632695,0.142569608,0.018523209,0.048860773
17,74,211318720,67,0.639237107,0.142569608,0.018523209,0.165352096
11,74,211318720,67,0.698314549,0.142569608,0.018523209,0.241961202
16,74,211318720,67,0.760880050,0.142569608,0.018523209,0.306338417
5,74,211318720,67,0.816319451,0.142569608,0.018523209,0.324611459
2,74,211318720,67,1.067410715,0.142569608,0.018523209,0.392534433
18,74,211318720,67,1.159637133,0.142569608,0.018523209,0.486592309
4,74,211318720,67,1.176192518,0.142569608,0.018523209,0.492795009
3,74,211318720,67,1.385377654,0.142569608,0.018523209,0.518388572
12,74,211318720,67,1.575899860,0.142569608,0.018523209,0.550403089
1,74,211318720,67,1.741128360,0.142569608,0.018523209,0.589277050
10,74,211318720,67,2.207992758,0.142569608,0.018523209,0.569237738
13,74,211318720,67,2.291893009,0.142569608,0.018523209,0.597480912
8,74,211318720,67,3.033962253,0.142569608,0.018523209,0.490225673
9,74,211318720,67,3.105922933,0.142569608,0.018523209,0.514787961
20,74,211318720,67,3.340491357,0.142569608,0.018523209,0.542362666
15,74,211318720,67,3.466173480,0.142569608,0.018523209,0.583467641
7,74,211318720,67,3.686335113,0.142569608,0.018523209,0.604656004
6,74,211318720,67,3.865985603,0.142569608,0.018523209,0.638157546
14,74,211318720,67,4.006248831,0.142569608,0.018523209,0.591407887
11,75,211318720,67,0.399036885,0.142569608,0.042512339,0.203618439
5,75,211318720,67,0.429641816,0.142569608,0.042512339,0.255902309
19,75,211318720,67,0.455660949,0.142569608,0.042512339,0.281657572
3,75,211318720,67,0.507971807,0.142569608,0.042512339,0.399136165
1,75,211318720,67,0.598512874,0.142569608,0.042512339,0.551043227
18,75,211318720,67,0.601293328,0.142569608,0.042512339,0.553818921
2,75,211318720,67,0.603319100,0.142569608,0.042512339,0.554489245
16,75,211318720,67,0.760880050,0.142569608,0.042512339,0.685036216
4,75,211318720,67,0.770608891,0.142569608,0.042512339,0.688216416
17,75,211318720,67,1.369793800,0.142569608,0.042512339,0.584870336
12,75,211318720,67,1.575899860,0.142569608,0.042512339,0.611478795
15,75,211318720,67,2.475838200,0.142569608,0.042512339,0.483697863
13,75,211318720,67,2.500246919,0.142569608,0.042512339,0.490441930
10,75,211318720,67,2.698657815,0.142569608,0.042512339,0.521630183
20,75,211318720,67,3.006442221,0.142569608,0.042512339,0.513255146
14,75,211318720,67,3.204999065,0.142569608,0.042512339,0.544178611
8,75,211318720,67,3.539622628,0.142569608,0.042512339,0.532360095
6,75,211318720,67,3.865985603,0.142569608,0.042512339,0.546294998
7,75,211318720,67,3.969899353,0.142569608,0.042512339,0.581444247
9,75,211318720,67,5.349089495,0.142569608,0.042512339,0.128034331
3,76,211318720,67,0.507971807,0.142569608,0.046066239,0.265240892
18,76,211318720,67,0.558343805,0.142569608,0.046066239,0.415796120
4,76,211318720,67,0.567817078,0.142569608,0.046066239,0.438113019
11,76,211318720,67,0.598555328,0.142569608,0.046066239,0.502538616
5,76,211318720,67,0.601498543,0.142569608,0.046066239,0.507588856
2,76,211318720,67,0.603319100,0.142569608,0.046066239,0.509492156
19,76,211318720,67,0.721463170,0.142569608,0.046066239,0.618032877
1,76,211318720,67,0.761743658,0.142569608,0.046066239,0.632709524
17,76,211318720,67,1.324134007,0.142569608,0.046066239,0.576119325
16,76,211318720,67,1.413062950,0.142569608,0.046066239,0.606276725
14,76,211318720,67,1.922999439,0.142569608,0.046066239,0.530888470
9,76,211318720,67,2.243166562,0.142569608,0.046066239,0.578614288
13,76,211318720,67,2.291893009,0.142569608,0.046066239,0.596351436
15,76,211318720,67,2.475838200,0.142569608,0.046066239,0.631712441
10,76,211318720,67,2.698657815,0.142569608,0.046066239,0.651403828
12,76,211318720,67,3.151799719,0.142569608,0.046066239,0.603708066
8,76,211318720,67,3.286792440,0.142569608,0.046066239,0.648304692
20,76,211318720,67,3.674540492,0.142569608,0.046066239,0.615023374
7,76,211318720,67,3.969899353,0.142569608,0.046066239,0.613456278
6,76,211318720,67,6.245053666,0.142569608,0.046066239,0.000004764
19,77,211318720,67,0.303773966,0.142569608,0.060156137,0.048542296
5,77,211318720,67,0.472605998,0.142569608,0.060156137,0.137193336
3,77,211318720,67,0.554151062,0.142569608,0.060156137,0.289233043
18,77,211318720,67,0.601293328,0.142569608,0.060156137,0.368584571
17,77,211318720,67,0.639237107,0.142569608,0.060156137,0.421065371
2,77,211318720,67,0.649728261,0.142569608,0.060156137,0.431910187
16,77,211318720,67,0.760880050,0.142569608,0.060156137,0.470564368
4,77,211318720,67,1.013959067,0.142569608,0.060156137,0.484482118
1,77,211318720,67,1.305846270,0.142569608,0.060156137,0.483505023
11,77,211318720,67,1.646027152,0.142569608,0.060156137,0.512767519
12,77,211318720,67,1.719163483,0.142569608,0.060156137,0.536846856
9,77,211318720,67,2.070615288,0.142569608,0.060156137,0.513133191
14,77,211318720,67,2.243499345,0.142569608,0.060156137,0.551584430
20,77,211318720,67,2.672393085,0.142569608,0.060156137,0.505584947
10,77,211318720,67,3.189322872,0.142569608,0.060156137,0.430623832
15,77,211318720,67,3.466173480,0.142569608,0.060156137,0.462415425
6,77,211318720,67,3.568602095,0.142569608,0.060156137,0.495367139
13,77,211318720,67,3.958724288,0.142569608,0.060156137,0.549598883
7,77,211318720,67,3.969899353,0.142569608,0.060156137,0.553166483
8,77,211318720,67,8.090566007,0.142569608,0.060156137,0.000004764
5,78,211318720,67,0.515570179,0.142569608,0.007008355,0.190511338
3,78,211318720,67,0.554151062,0.142569608,0.007008355,0.281364668
4,78,211318720,67,0.567817078,0.142569608,0.007008355,0.304290509
11,78,211318720,67,0.648434939,0.142569608,0.007008355,0.424990676
2,78,211318720,67,0.649728261,0.142569608,0.007008355,0.427206541
16,78,211318720,67,0.760880050,0.142569608,0.007008355,0.539378453
1,78,211318720,67,0.761743658,0.142569608,0.007008355,0.540223247
18,78,211318720,67,0.901939992,0.142569608,0.007008355,0.584540661
19,78,211318720,67,1.177124119,0.142569608,0.007008355,0.587325141
17,78,211318720,67,1.369793800,0.142569608,0.007008355,0.619396459
12,78,211318720,67,2.005690731,0.142569608,0.007008355,0.503018935
9,78,211318720,67,2.415717836,0.142569608,0.007008355,0.458958480
13,78,211318720,67,2.916954739,0.142569608,0.007008355,0.407771722
8,78,211318720,67,3.033962253,0.142569608,0.007008355,0.447546177
15,78,211318720,67,3.466173480,0.142569608,0.007008355,0.399313367
14,78,211318720,67,4.166498784,0.142569608,0.007008355,0.259896708
20,78,211318720,67,4.676687899,0.142569608,0.007008355,0.186452494
10,78,211318720,67,6.869310802,0.142569608,0.007008355,0.048299629
7,78,211318720,67,7.372670226,0.142569608,0.007008355,0.046785647
6,78,211318720,67,8.921505237,0.142569608,0.007008355,0.000004764
5,79,211318720,67,0.429641816,0.142569608,0.009536163,0.145113821
18,79,211318720,67,0.472444758,0.142569608,0.009536163,0.217107020
19,79,211318720,67,0.531604441,0.142569608,0.009536163,0.276503194
4,79,211318720,67,0.567817078,0.142569608,0.009536163,0.291970378
16,79,211318720,67,0.706531475,0.142569608,0.009536163,0.338488222
3,79,211318720,67,1.200660634,0.142569608,0.009536163,0.273563672
1,79,211318720,67,1.414666793,0.142569608,0.009536163,0.404694089
11,79,211318720,67,1.446508709,0.142569608,0.009536163,0.452897243
17,79,211318720,67,1.506773180,0.142569608,0.009536163,0.554222889
12,79,211318720,67,1.575899860,0.142569608,0.009536163,0.623254426
2,79,211318720,67,1.577911492,0.142569608,0.009536163,0.624067657
14,79,211318720,67,1.922999439,0.142569608,0.009536163,0.608876088
9,79,211318720,67,2.243166562,0.142569608,0.009536163,0.601139309
8,79,211318720,67,2.781132065,0.142569608,0.009536163,0.515463303
10,79,211318720,67,3.434655401,0.142569608,0.009536163,0.403097699
6,79,211318720,67,3.568602095,0.142569608,0.009536163,0.464981459
7,79,211318720,67,3.686335113,0.142569608,0.009536163,0.504097226
20,79,211318720,67,4.676687899,0.142569608,0.009536163,0.268847599
15,79,211318720,67,5.694427859,0.142569608,0.009536163,0.046963038
13,79,211318720,67,6.250617297,0.142569608,0.009536163,0.000004764
5,80,211318720,67,0.472605998,0.142569608,0.042462531,0.223846846
19,80,211318720,67,0.531604441,0.142569608,0.042462531,0.412220702
17,80,211318720,67,0.547917520,0.142569608,0.042462531,0.472219861
2,80,211318720,67,0.556909938,0.142569608,0.042462531,0.499168793
18,80,211318720,67,0.558343805,0.142569608,0.042462531,0.502553387
3,80,211318720,67,0.646509572,0.142569608,0.042462531,0.702907218
11,80,211318720,67,0.648434939,0.142569608,0.042462531,0.706188006
16,80,211318720,67,0.652182900,0.142569608,0.042462531,0.710006490
1,80,211318720,67,0.707333396,0.142569608,0.042462531,0.729923317
4,80,211318720,67,1.297867606,0.142569608,0.042462531,0.668869910
9,80,211318720,67,1.380410192,0.142569608,0.042462531,0.698278383
14,80,211318720,67,1.762749486,0.142569608,0.042462531,0.662609501
13,80,211318720,67,2.708600829,0.142569608,0.042462531,0.531881104
15,80,211318720,67,2.723422020,0.142569608,0.042462531,0.536976992
12,80,211318720,67,3.008536096,0.142569608,0.042462531,0.537332328
10,80,211318720,67,3.189322872,0.142569608,0.042462531,0.614358256
6,80,211318720,67,3.271218587,0.142569608,0.042462531,0.643713348
8,80,211318720,67,3.539622628,0.142569608,0.042462531,0.649484390
7,80,211318720,67,3.969899353,0.142569608,0.042462531,0.602898117
20,80,211318720,67,4.342638764,0.142569608,0.042462531,0.483172118
19,81,211318720,67,0.493632695,0.142569608,0.014489595,0.221647222
2,81,211318720,67,0.556909938,0.142569608,0.014489595,0.369586258
5,81,211318720,67,0.558534361,0.142569608,0.014489595,0.372177462
4,81,211318720,67,0.567817078,0.142569608,0.014489595,0.381736451
16,81,211318720,67,0.597834325,0.142569608,0.014489595,0.391087700
3,81,211318720,67,1.062122868,0.142569608,0.014489595,0.330487800
17,81,211318720,67,1.369793800,0.142569608,0.014489595,0.426781687
18,81,211318720,67,1.374384750,0.142569608,0.014489595,0.431654441
11,81,211318720,67,1.496388320,0.142569608,0.014489595,0.550883772
1,81,211318720,67,1.523487315,0.142569608,0.014489595,0.559717363
13,81,211318720,67,2.916954739,0.142569608,0.014489595,0.334000336
10,81,211318720,67,2.943990344,0.142569608,0.014489595,0.360254278
15,81,211318720,67,2.971005840,0.142569608,0.014489595,0.369665625
12,81,211318720,67,3.581590590,0.142569608,0.014489595,0.262336168
6,81,211318720,67,4.163369111,0.142569608,0.014489595,0.159706262
14,81,211318720,67,4.326748737,0.142569608,0.014489595,0.198900522
9,81,211318720,67,5.003986947,0.142569608,0.014489595,0.072458731
8,81,211318720,67,6.067924505,0.142569608,0.014489595,0.047577873
7,81,211318720,67,8.506927184,0.142569608,0.014489595,0.048638599
20,81,211318720,67,9.353375798,0.142569608,0.014489595,0.000004764
4,82,211318720,67,0.446141990,0.142569608,0.061096147,0.199219817
19,82,211318720,67,0.455660949,0.142569608,0.061096147,0.221782251
3,82,211318720,67,0.554151062,0.142569608,0.061096147,0.386054251
2,82,211318720,67,0.556909938,0.142569608,0.061096147,0.389601116
5,82,211318720,67,0.558534361,0.142569608,0.061096147,0.391300476
11,82,211318720,67,0.698314549,0.142569608,0.061096147,0.527086986
1,82,211318720,67,0.707333396,0.142569608,0.061096147,0.529980614
18,82,211318720,67,0.901939992,0.142569608,0.061096147,0.569739736
16,82,211318720,67,1.032622925,0.142569608,0.061096147,0.666829264
17,82,211318720,67,1.095835040,0.142569608,0.061096147,0.688398444
12,82,211318720,67,1.432636236,0.142569608,0.061096147,0.675447458
9,82,211318720,67,2.243166562,0.142569608,0.061096147,0.601887766
14,82,211318720,67,2.243499345,0.142569608,0.061096147,0.602044398
15,82,211318720,67,2.475838200,0.142569608,0.061096147,0.622206671
8,82,211318720,67,3.033962253,0.142569608,0.061096147,0.532556843
10,82,211318720,67,3.189322872,0.142569608,0.061096147,0.576525042
20,82,211318720,67,3.674540492,0.142569608,0.061096147,0.511771272
6,82,211318720,67,4.163369111,0.142569608,0.061096147,0.446066268
13,82,211318720,67,4.375432108,0.142569608,0.061096147,0.472908849
7,82,211318720,67,7.939798705,0.142569608,0.061096147,0.000004764
3,83,211318720,67,0.369434041,0.142569608,0.081717081,0.058184490
11,83,211318720,67,0.498796107,0.142569608,0.081717081,0.282712118
19,83,211318720,67,0.531604441,0.142569608,0.081717081,0.359562405
4,83,211318720,67,0.567817078,0.142569608,0.081717081,0.422539044
17,83,211318720,67,0.593577313,0.142569608,0.081717081,0.466019695
5,83,211318720,67,0.601498543,0.142569608,0.081717081,0.473545554
16,83,211318720,67,0.706531475,0.142569608,0.081717081,0.567900793
1,83,211318720,67,0.761743658,0.142569608,0.081717081,0.587135499
18,83,211318720,67,1.116687609,0.142569608,0.081717081,0.567097665
2,83,211318720,67,1.345865684,0.142569608,0.081717081,0.626258383
12,83,211318720,67,1.432636236,0.142569608,0.081717081,0.654937492
9,83,211318720,67,2.070615288,0.142569608,0.081717081,0.625615364
13,83,211318720,67,2.083539099,0.142569608,0.081717081,0.629273734
10,83,211318720,67,2.943990344,0.142569608,0.081717081,0.440322473
15,83,211318720,67,3.218589660,0.142569608,0.081717081,0.446560112
7,83,211318720,67,3.969899353,0.142569608,0.081717081,0.296982995
14,83,211318720,67,4.807498597,0.142569608,0.081717081,0.112027155
8,83,211318720,67,5.309433942,0.142569608,0.081717081,0.049865870
6,83,211318720,67,8.624121730,0.142569608,0.081717081,0.047046313
20,83,211318720,67,10.021474070,0.142569608,0.081717081,0.000004764
4,84,211318720,67,0.486700352,0.142569608,0.071976788,0.277180780
2,84,211318720,67,0.510500777,0.142569608,0.071976788,0.347532325
5,84,211318720,67,0.515570179,0.142569608,0.071976788,0.365772046
11,84,211318720,67,0.548675717,0.142569608,0.071976788,0.465088206
3,84,211318720,67,0.600330317,0.142569608,0.071976788,0.585651213
17,84,211318720,67,0.639237107,0.142569608,0.071976788,0.649928811
18,84,211318720,67,0.644242851,0.142569608,0.071976788,0.654889010
1,84,211318720,67,0.652923135,0.142569608,0.071976788,0.657890912
19,84,211318720,67,0.797406662,0.142569608,0.071976788,0.706171405
16,84,211318720,67,1.141320075,0.142569608,0.071976788,0.690047507
9,84,211318720,67,2.070615288,0.142569608,0.071976788,0.566990425
14,84,211318720,67,2.083249392,0.142569608,0.071976788,0.571508153
15,84,211318720,67,2.971005840,0.142569608,0.071976788,0.378001738
8,84,211318720,67,3.286792440,0.142569608,0.071976788,0.458890386
12,84,211318720,67,3.295063343,0.142569608,0.071976788,0.463873029
10,84,211318720,67,3.434655401,0.142569608,0.071976788,0.512292782
13,84,211318720,67,3.750370378,0.142569608,0.071976788,0.500869138
7,84,211318720,67,3.969899353,0.142569608,0.071976788,0.522354858
20,84,211318720,67,4.342638764,0.142569608,0.071976788,0.492176949
6,84,211318720,67,10.111039269,0.142569608,0.071976788,0.000004764
18,85,211318720,67,0.515394281,0.142569608,0.035621516,0.222008738
19,85,211318720,67,0.531604441,0.142569608,0.035621516,0.270394710
17,85,211318720,67,0.593577313,0.142569608,0.035621516,0.415228472
2,85,211318720,67,0.603319100,0.142569608,0.035621516,0.431547972
3,85,211318720,67,0.646509572,0.142569608,0.035621516,0.475320891
16,85,211318720,67,0.652182900,0.142569608,0.035621516,0.477496439
5,85,211318720,67,1.117068722,0.142569608,0.035621516,0.470280034
4,85,211318720,67,1.176192518,0.142569608,0.035621516,0.490613356
1,85,211318720,67,1.469077054,0.142569608,0.035621516,0.489374880
11,85,211318720,67,1.695906763,0.142569608,0.035621516,0.510387705
9,85,211318720,67,1.898064014,0.142569608,0.035621516,0.639430981
14,85,211318720,67,1.922999439,0.142569608,0.035621516,0.664504540
12,85,211318720,67,2.005690731,0.142569608,0.035621516,0.693047377
13,85,211318720,67,2.500246919,0.142569608,0.035621516,0.624198633
8,85,211318720,67,3.033962253,0.142569608,0.035621516,0.543400753
6,85,211318720,67,3.271218587,0.142569608,0.035621516,0.560618375
10,85,211318720,67,3.434655401,0.142569608,0.035621516,0.602040477
15,85,211318720,67,7.179930779,0.142569608,0.035621516,0.048237116
20,85,211318720,67,8.017179256,0.142569608,0.035621516,0.048755779
7,85,211318720,67,8.223362945,0.142569608,0.035621516,0.000004764
19,86,211318720,67,0.493632695,0.142569608,0.032369055,0.142018961
4,86,211318720,67,0.527258715,0.142569608,0.032369055,0.196221755
5,86,211318720,67,0.601498543,0.142569608,0.032369055,0.270655171
17,86,211318720,67,0.639237107,0.142569608,0.032369055,0.283588781
18,86,211318720,67,0.987839039,0.142569608,0.032369055,0.262159775
3,86,211318720,67,1.339198399,0.142569608,0.032369055,0.333775593
11,86,211318720,67,1.346749488,0.142569608,0.032369055,0.338820026
2,86,211318720,67,1.485093169,0.142569608,0.032369055,0.455282521
1,86,211318720,67,1.523487315,0.142569608,0.032369055,0.467914223
16,86,211318720,67,1.739154400,0.142569608,0.032369055,0.583844102
14,86,211318720,67,1.762749486,0.142569608,0.032369055,0.607818928
12,86,211318720,67,1.862427107,0.142569608,0.032369055,0.640543047
13,86,211318720,67,2.916954739,0.142569608,0.032369055,0.388253114
10,86,211318720,67,3.189322872,0.142569608,0.032369055,0.394210396
15,86,211318720,67,3.466173480,0.142569608,0.032369055,0.447672630
8,86,211318720,67,3.539622628,0.142569608,0.032369055,0.471470587
20,86,211318720,67,4.676687899,0.142569608,0.032369055,0.190641132
9,86,211318720,67,5.003986947,0.142569608,0.032369055,0.180132600
6,86,211318720,67,6.245053666,0.142569608,0.032369055,0.046718124
7,86,211318720,67,7.372670226,0.142569608,0.032369055,0.000004764
4,87,211318720,67,0.486700352,0.142569608,0.025459414,0.304110217
16,87,211318720,67,0.489137175,0.142569608,0.025459414,0.309900333
5,87,211318720,67,0.515570179,0.142569608,0.025459414,0.361793087
19,87,211318720,67,0.531604441,0.142569608,0.025459414,0.388305737
17,87,211318720,67,0.593577313,0.142569608,0.025459414,0.469318437
3,87,211318720,67,0.646509572,0.142569608,0.025459414,0.522016311
1,87,211318720,67,0.707333396,0.142569608,0.025459414,0.541611506
18,87,211318720,67,1.116687609,0.142569608,0.025459414,0.502973369
14,87,211318720,67,1.281999626,0.142569608,0.025459414,0.543005445
2,87,211318720,67,1.577911492,0.142569608,0.025459414,0.591093111
11,87,211318720,67,1.646027152,0.142569608,0.025459414,0.656584278
9,87,211318720,67,1.725512740,0.142569608,0.025459414,0.685660784
12,87,211318720,67,1.862427107,0.142569608,0.025459414,0.732377907
13,87,211318720,67,2.708600829,0.142569608,0.025459414,0.556083225
7,87,211318720,67,2.835642395,0.142569608,0.025459414,0.604052750
15,87,211318720,67,2.971005840,0.142569608,0.025459414,0.650915914
6,87,211318720,67,3.568602095,0.142569608,0.025459414,0.546037167
8,87,211318720,67,4.550943379,0.142569608,0.025459414,0.321793559
10,87,211318720,67,5.887980687,0.142569608,0.025459414,0.045228399
20,87,211318720,67,7.683130120,0.142569608,0.025459414,0.000004764
19,88,211318720,67,0.303773966,0.142569608,0.058543518,0.044651448
18,88,211318720,67,0.472444758,0.142569608,0.058543518,0.238860195
2,88,211318720,67,0.510500777,0.142569608,0.058543518,0.328861173
17,88,211318720,67,0.547917520,0.142569608,0.058543518,0.417040634
4,88,211318720,67,0.567817078,0.142569608,0.058543518,0.450631361
11,88,211318720,67,0.598555328,0.142569608,0.058543518,0.481595972
16,88,211318720,67,0.652182900,0.142569608,0.058543518,0.500282530
5,88,211318720,67,1.245961267,0.142569608,0.058543518,0.500058200
3,88,211318720,67,1.246839889,0.142569608,0.058543518,0.500918938
9,88,211318720,67,1.380410192,0.142569608,0.058543518,0.545699194
12,88,211318720,67,1.719163483,0.142569608,0.058543518,0.615796121
1,88,211318720,67,1.741128360,0.142569608,0.058543518,0.623275327
10,88,211318720,67,2.943990344,0.142569608,0.058543518,0.396465131
15,88,211318720,67,2.971005840,0.142569608,0.058543518,0.405166563
7,88,211318720,67,3.969899353,0.142569608,0.058543518,0.170755587
14,88,211318720,67,4.166498784,0.142569608,0.058543518,0.201106176
6,88,211318720,67,4.460752619,0.142569608,0.058543518,0.197090593
8,88,211318720,67,5.562264130,0.142569608,0.058543518,0.047489682
13,88,211318720,67,5.833909477,0.142569608,0.058543518,0.050479714
20,88,211318720,67,10.355523205,0.142569608,0.058543518,0.000004764
3,89,211318720,67,0.461792551,0.142569608,0.252105385,0.187276746
19,89,211318720,67,0.493632695,0.142569608,0.252105385,0.261035718
2,89,211318720,67,0.510500777,0.142569608,0.252105385,0.289139760
18,89,211318720,67,0.601293328,0.142569608,0.252105385,0.380851077
5,89,211318720,67,0.601498543,0.142569608,0.252105385,0.380931992
16,89,211318720,67,0.760880050,0.142569608,0.252105385,0.447342187
17,89,211318720,67,0.867536073,0.142569608,0.252105385,0.483468870
4,89,211318720,67,1.135634155,0.142569608,0.252105385,0.544657841
1,89,211318720,67,1.197025748,0.142569608,0.252105385,0.566376038
11,89,211318720,67,1.396629099,0.142569608,0.252105385,0.594063176
14,89,211318720,67,1.922999439,0.142569608,0.252105385,0.555329550
12,89,211318720,67,2.005690731,0.142569608,0.252105385,0.634717380
9,89,211318720,67,2.070615288,0.142569608,0.252105385,0.656941171
8,89,211318720,67,2.781132065,0.142569608,0.252105385,0.516934373
15,89,211318720,67,3.466173480,0.142569608,0.252105385,0.385562749
7,89,211318720,67,3.686335113,0.142569608,0.252105385,0.408458222
6,89,211318720,67,3.865985603,0.142569608,0.252105385,0.447004032
20,89,211318720,67,4.676687899,0.142569608,0.252105385,0.277785253
10,89,211318720,67,5.642648159,0.142569608,0.252105385,0.056456117
13,89,211318720,67,6.250617297,0.142569608,0.252105385,0.000004764
18,90,211318720,67,0.472444758,0.142569608,0.113944545,0.146082159
5,90,211318720,67,0.515570179,0.142569608,0.113944545,0.210132371
4,90,211318720,67,0.567817078,0.142569608,0.113944545,0.299328561
17,90,211318720,67,0.639237107,0.142569608,0.113944545,0.432008157
3,90,211318720,67,0.646509572,0.142569608,0.113944545,0.444029971
16,90,211318720,67,0.706531475,0.142569608,0.113944545,0.504654344
1,90,211318720,67,0.761743658,0.142569608,0.113944545,0.524082733
11,90,211318720,67,0.947712603,0.142569608,0.113944545,0.599451990
19,90,211318720,67,1.025237136,0.142569608,0.113944545,0.626841110
2,90,211318720,67,1.392274846,0.142569608,0.113944545,0.670764453
12,90,211318720,67,1.432636236,0.142569608,0.113944545,0.684361032
9,90,211318720,67,1.898064014,0.142569608,0.113944545,0.631045412
7,90,211318720,67,3.402770874,0.142569608,0.113944545,0.287054197
15,90,211318720,67,3.466173480,0.142569608,0.113944545,0.309239589
14,90,211318720,67,4.807498597,0.142569608,0.113944545,0.047739601
13,90,211318720,67,5.417201657,0.142569608,0.113944545,0.049000494
10,90,211318720,67,6.869310802,0.142569608,0.113944545,0.047648013
8,90,211318720,67,7.332075444,0.142569608,0.113944545,0.130716010
20,90,211318720,67,7.349080985,0.142569608,0.113944545,0.136374095
6,90,211318720,67,8.326738222,0.142569608,0.113944545,0.000004764
4,91,211318720,67,0.486700352,0.142569608,0.086607821,0.218260272
19,91,211318720,67,0.493632695,0.142569608,0.086607821,0.225427699
3,91,211318720,67,0.507971807,0.142569608,0.086607821,0.237724565
17,91,211318720,67,0.639237107,0.142569608,0.086607821,0.365728651
16,91,211318720,67,0.652182900,0.142569608,0.086607821,0.370093983
5,91,211318720,67,1.245961267,0.142569608,0.086607821,0.426212086
2,91,211318720,67,1.253047361,0.142569608,0.086607821,0.433332112
18,91,211318720,67,1.288485703,0.142569608,0.086607821,0.445379239
11,91,211318720,67,1.646027152,0.142569608,0.086607821,0.505150295
1,91,211318720,67,1.686718099,0.142569608,0.086607821,0.545202985
14,91,211318720,67,1.762749486,0.142569608,0.086607821,0.571703511
12,91,211318720,67,2.005690731,0.142569608,0.086607821,0.584145817
13,91,211318720,67,2.916954739,0.142569608,0.086607821,0.490987986
15,91,211318720,67,2.971005840,0.142569608,0.086607821,0.581801537
20,91,211318720,67,3.006442221,0.142569608,0.086607821,0.617012972
8,91,211318720,67,3.033962253,0.142569608,0.086607821,0.626368207
10,91,211318720,67,3.189322872,0.142569608,0.086607821,0.670091444
9,91,211318720,67,3.623576755,0.142569608,0.086607821,0.676442735
7,91,211318720,67,3.686335113,0.142569608,0.086607821,0.698398880
6,91,211318720,67,8.029354714,0.142569608,0.086607821,0.000004764
19,92,211318720,67,0.455660949,0.142569608,0.019261174,0.178183268
4,92,211318720,67,0.486700352,0.142569608,0.019261174,0.231187649
18,92,211318720,67,0.515394281,0.142569608,0.019261174,0.273615589
17,92,211318720,67,0.593577313,0.142569608,0.019261174,0.404736885
3,92,211318720,67,0.646509572,0.142569608,0.019261174,0.457793781
11,92,211318720,67,0.648434939,0.142569608,0.019261174,0.458256509
5,92,211318720,67,0.988176177,0.142569608,0.019261174,0.517827467
16,92,211318720,67,1.032622925,0.142569608,0.019261174,0.561830933
2,92,211318720,67,1.113819877,0.142569608,0.019261174,0.589281493
14,92,211318720,67,1.281999626,0.142569608,0.019261174,0.709237086
1,92,211318720,67,1.305846270,0.142569608,0.019261174,0.717097969
12,92,211318720,67,2.005690731,0.142569608,0.019261174,0.632291089
9,92,211318720,67,2.070615288,0.142569608,0.019261174,0.652879107
8,92,211318720,67,2.781132065,0.142569608,0.019261174,0.507942250
7,92,211318720,67,3.119206634,0.142569608,0.019261174,0.540971174
10,92,211318720,67,3.189322872,0.142569608,0.019261174,0.563968428
6,92,211318720,67,3.568602095,0.142569608,0.019261174,0.560392852
20,92,211318720,67,3.674540492,0.142569608,0.019261174,0.596365495
15,92,211318720,67,5.199260219,0.142569608,0.019261174,0.192630860
13,92,211318720,67,7.084032937,0.142569608,0.019261174,0.000004764
19,93,211318720,67,0.493632695,0.142569608,0.022955213,0.047437458
17,93,211318720,67,0.639237107,0.142569608,0.022955213,0.249603953
16,93,211318720,67,0.652182900,0.142569608,0.022955213,0.271405101
11,93,211318720,67,0.698314549,0.142569608,0.022955213,0.335121803
1,93,211318720,67,0.761743658,0.142569608,0.022955213,0.397808423
18,93,211318720,67,0.816040945,0.142569608,0.022955213,0.416250499
2,93,211318720,67,0.974592392,0.142569608,0.022955213,0.627164265
5,93,211318720,67,0.988176177,0.142569608,0.022955213,0.649902665
3,93,211318720,67,1.015943613,0.142569608,0.022955213,0.678123756
4,93,211318720,67,1.095075793,0.142569608,0.022955213,0.704344856
12,93,211318720,67,1.862427107,0.142569608,0.022955213,0.545874963
14,93,211318720,67,2.243499345,0.142569608,0.022955213,0.581082562
13,93,211318720,67,2.291893009,0.142569608,0.022955213,0.610493613
9,93,211318720,67,2.415717836,0.142569608,0.022955213,0.652532396
7,93,211318720,67,2.835642395,0.142569608,0.022955213,0.609788978
6,93,211318720,67,3.271218587,0.142569608,0.022955213,0.560316604
20,93,211318720,67,4.342638764,0.142569608,0.022955213,0.301451317
10,93,211318720,67,5.642648159,0.142569608,0.022955213,0.048960424
15,93,211318720,67,6.437179319,0.142569608,0.022955213,0.047258549
8,93,211318720,67,7.584905632,0.142569608,0.022955213,0.000004764
2,94,211318720,67,0.417682454,0.142569608,0.086886577,0.128121426
18,94,211318720,67,0.472444758,0.142569608,0.086886577,0.229598822
4,94,211318720,67,0.527258715,0.142569608,0.086886577,0.321413862
5,94,211318720,67,0.558534361,0.142569608,0.086886577,0.352043164
3,94,211318720,67,0.600330317,0.142569608,0.086886577,0.365658859
16,94,211318720,67,0.760880050,0.142569608,0.086886577,0.406732661
1,94,211318720,67,1.033794964,0.142569608,0.086886577,0.433368402
11,94,211318720,67,1.147231045,0.142569608,0.086886577,0.546018279
19,94,211318720,67,1.177124119,0.142569608,0.086886577,0.556264606
17,94,211318720,67,1.461113387,0.142569608,0.086886577,0.560502613
12,94,211318720,67,1.862427107,0.142569608,0.086886577,0.520629482
9,94,211318720,67,2.415717836,0.142569608,0.086886577,0.430355704
8,94,211318720,67,3.033962253,0.142569608,0.086886577,0.318701487
15,94,211318720,67,3.218589660,0.142569608,0.086886577,0.352126908
10,94,211318720,67,3.434655401,0.142569608,0.086886577,0.411759350
14,94,211318720,67,3.525498971,0.142569608,0.086886577,0.442105636
7,94,211318720,67,3.969899353,0.142569608,0.086886577,0.391138557
6,94,211318720,67,4.163369111,0.142569608,0.086886577,0.424455987
13,94,211318720,67,6.042263387,0.142569608,0.086886577,0.046855664
20,94,211318720,67,7.683130120,0.142569608,0.086886577,0.000004764
4,95,211318720,67,0.486700352,0.142569608,0.074149497,0.189894900
19,95,211318720,67,0.531604441,0.142569608,0.074149497,0.324494536
1,95,211318720,67,0.544102613,0.142569608,0.074149497,0.362334127
18,95,211318720,67,0.601293328,0.142569608,0.074149497,0.496043574
17,95,211318720,67,0.639237107,0.142569608,0.074149497,0.559722025
3,95,211318720,67,0.646509572,0.142569608,0.074149497,0.565915765
11,95,211318720,67,0.648434939,0.142569608,0.074149497,0.566483401
2,95,211318720,67,1.253047361,0.142569608,0.074149497,0.504507033
5,95,211318720,67,1.331889630,0.142569608,0.074149497,0.530997234
16,95,211318720,67,1.793502975,0.142569608,0.074149497,0.477462021
14,95,211318720,67,2.083249392,0.142569608,0.074149497,0.476155239
9,95,211318720,67,2.415717836,0.142569608,0.074149497,0.461234934
13,95,211318720,67,2.916954739,0.142569608,0.074149497,0.390873849
10,95,211318720,67,3.189322872,0.142569608,0.074149497,0.395736078
7,95,211318720,67,3.402770874,0.142569608,0.074149497,0.474093063
15,95,211318720,67,3.466173480,0.142569608,0.074149497,0.496032349
12,95,211318720,67,3.724854214,0.142569608,0.074149497,0.557053269
8,95,211318720,67,3.792452816,0.142569608,0.074149497,0.625691611
6,95,211318720,67,3.865985603,0.142569608,0.074149497,0.648907817
20,95,211318720,67,4.008589628,0.142569608,0.074149497,0.601383058
4,96,211318720,67,0.365025264,0.142569608,0.023164393,0.049703554
17,96,211318720,67,0.593577313,0.142569608,0.023164393,0.220955648
11,96,211318720,67,0.598555328,0.142569608,0.023164393,0.226019121
3,96,211318720,67,0.646509572,0.142569608,0.023164393,0.260032144
16,96,211318720,67,0.760880050,0.142569608,0.023164393,0.298495843
19,96,211318720,67,1.025237136,0.142569608,0.023164393,0.368774734
5,96,211318720,67,1.074104540,0.142569608,0.023164393,0.384361059
18,96,211318720,67,1.245536180,0.142569608,0.023164393,0.541297702
1,96,211318720,67,1.251436009,0.142569608,0.023164393,0.547246250
2,96,211318720,67,1.345865684,0.142569608,0.023164393,0.579231362
9,96,211318720,67,1.552961466,0.142569608,0.023164393,0.606193937
12,96,211318720,67,1.862427107,0.142569608,0.023164393,0.600389983
8,96,211318720,67,2.022641502,0.142569608,0.023164393,0.642979731
13,96,211318720,67,2.500246919,0.142569608,0.023164393,0.577433076
10,96,211318720,67,2.698657815,0.142569608,0.023164393,0.604015016
14,96,211318720,67,3.044749111,0.142569608,0.023164393,0.587575170
6,96,211318720,67,3.271218587,0.142569608,0.023164393,0.615036804
7,96,211318720,67,3.402770874,0.142569608,0.023164393,0.659548119
20,96,211318720,67,4.342638764,0.142569608,0.023164393,0.444764978
15,96,211318720,67,5.199260219,0.142569608,0.023164393,0.160345629
2,97,211318720,67,0.464091615,0.142569608,0.001747569,0.131035522
19,97,211318720,67,0.531604441,0.142569608,0.001747569,0.322221391
4,97,211318720,67,0.567817078,0.142569608,0.001747569,0.430527502
18,97,211318720,67,0.601293328,0.142569608,0.001747569,0.508922650
5,97,211318720,67,0.601498543,0.142569608,0.001747569,0.509263039
3,97,211318720,67,0.646509572,0.142569608,0.001747569,0.573087113
1,97,211318720,67,0.652923135,0.142569608,0.001747569,0.579264794
16,97,211318720,67,0.760880050,0.142569608,0.001747569,0.639558759
17,97,211318720,67,0.867536073,0.142569608,0.001747569,0.676458977
12,97,211318720,67,1.432636236,0.142569608,0.001747569,0.604958133
11,97,211318720,67,1.546267931,0.142569608,0.001747569,0.642832822
10,97,211318720,67,2.698657815,0.142569608,0.001747569,0.407066521
8,97,211318720,67,2.781132065,0.142569608,0.001747569,0.494449006
7,97,211318720,67,2.835642395,0.142569608,0.001747569,0.548449509
13,97,211318720,67,2.916954739,0.142569608,0.001747569,0.575796524
9,97,211318720,67,3.968679303,0.142569608,0.001747569,0.325140602
6,97,211318720,67,4.163369111,0.142569608,0.001747569,0.356716932
14,97,211318720,67,4.647248644,0.142569608,0.001747569,0.366599706
20,97,211318720,67,4.676687899,0.142569608,0.001747569,0.377002014
15,97,211318720,67,7.922682239,0.142569608,0.001747569,0.000004764
19,98,211318720,67,0.493632695,0.142569608,0.113953322,0.269710837
17,98,211318720,67,0.502257727,0.142569608,0.113953322,0.289690608
3,98,211318720,67,0.507971807,0.142569608,0.113953322,0.299216412
5,98,211318720,67,0.601498543,0.142569608,0.113953322,0.393165056
2,98,211318720,67,0.603319100,0.142569608,0.113953322,0.393712004
16,98,211318720,67,0.760880050,0.142569608,0.113953322,0.531306833
1,98,211318720,67,0.761743658,0.142569608,0.113953322,0.531424509
4,98,211318720,67,0.932842342,0.142569608,0.113953322,0.569150602
18,98,211318720,67,1.202586656,0.142569608,0.113953322,0.573054315
11,98,211318720,67,1.646027152,0.142569608,0.113953322,0.570384261
12,98,211318720,67,1.719163483,0.142569608,0.113953322,0.596049229
14,98,211318720,67,1.922999439,0.142569608,0.113953322,0.624453270
9,98,211318720,67,2.415717836,0.142569608,0.113953322,0.627904548
10,98,211318720,67,2.453325286,0.142569608,0.113953322,0.640792366
13,98,211318720,67,2.708600829,0.142569608,0.113953322,0.653992181
15,98,211318720,67,3.466173480,0.142569608,0.113953322,0.544904151
8,98,211318720,67,3.539622628,0.142569608,0.113953322,0.569756323
6,98,211318720,67,3.865985603,0.142569608,0.113953322,0.556864599
20,98,211318720,67,7.349080985,0.142569608,0.113953322,0.048233659
7,98,211318720,67,8.223362945,0.142569608,0.113953322,0.000004764
4,99,211318720,67,0.486700352,0.142569608,0.009875209,0.133132355
5,99,211318720,67,0.558534361,0.142569608,0.009875209,0.253332437
3,99,211318720,67,0.600330317,0.142569608,0.009875209,0.295414980
18,99,211318720,67,0.601293328,0.142569608,0.009875209,0.295557014
16,99,211318720,67,0.760880050,0.142569608,0.009875209,0.381371442
19,99,211318720,67,0.835378407,0.142569608,0.009875209,0.438823656
11,99,211318720,67,0.947712603,0.142569608,0.009875209,0.625806777
17,99,211318720,67,0.958855660,0.142569608,0.009875209,0.637103772
1,99,211318720,67,0.979384703,0.142569608,0.009875209,0.643857558
2,99,211318720,67,1.392274846,0.142569608,0.009875209,0.599643454
14,99,211318720,67,1.922999439,0.142569608,0.009875209,0.559993910
12,99,211318720,67,2.005690731,0.142569608,0.009875209,0.588112160
9,99,211318720,67,2.415717836,0.142569608,0.009875209,0.550509456
13,99,211318720,67,2.708600829,0.142569608,0.009875209,0.595276063
8,99,211318720,67,2.781132065,0.142569608,0.009875209,0.620252434
10,99,211318720,67,3.434655401,0.142569608,0.009875209,0.575384550
15,99,211318720,67,3.466173480,0.142569608,0.009875209,0.585046893
6,99,211318720,67,3.865985603,0.142569608,0.009875209,0.572141148
7,99,211318720,67,3.969899353,0.142569608,0.009875209,0.607658331
20,99,211318720,67,9.687424934,0.142569608,0.009875209,0.000004764
5,100,211318720,67,0.343713453,0.142569608,0.035104029,0.046734599
4,100,211318720,67,0.486700352,0.142569608,0.035104029,0.137717326
17,100,211318720,67,0.593577313,0.142569608,0.035104029,0.361898527
1,100,211318720,67,0.598512874,0.142569608,0.035104029,0.370211629
11,100,211318720,67,0.648434939,0.142569608,0.035104029,0.421048441
2,100,211318720,67,0.649728261,0.142569608,0.035104029,0.421472081
3,100,211318720,67,0.923585103,0.142569608,0.035104029,0.502464298
19,100,211318720,67,0.987265390,0.142569608,0.035104029,0.565472279
16,100,211318720,67,1.032622925,0.142569608,0.035104029,0.581394572
18,100,211318720,67,1.331435226,0.142569608,0.035104029,0.577248212
12,100,211318720,67,1.575899860,0.142569608,0.035104029,0.591241580
14,100,211318720,67,1.762749486,0.142569608,0.035104029,0.623396658
13,100,211318720,67,2.291893009,0.142569608,0.035104029,0.545585767
10,100,211318720,67,2.943990344,0.142569608,0.035104029,0.425572623
7,100,211318720,67,3.119206634,0.142569608,0.035104029,0.462169980
8,100,211318720,67,3.539622628,0.142569608,0.035104029,0.419913437
6,100,211318720,67,4.163369111,0.142569608,0.035104029,0.306451573
9,100,211318720,67,5.176538221,0.142569608,0.035104029,0.068072023
15,100,211318720,67,7.179930779,0.142569608,0.035104029,0.047445477
20,100,211318720,67,8.685277527,0.142569608,0.035104029,0.000004764
17,101,211318720,67,0.547917520,0.142569608,0.027715696,0.191737165
18,101,211318720,67,0.558343805,0.142569608,0.027715696,0.209000280
11,101,211318720,67,0.648434939,0.142569608,0.027715696,0.319722135
2,101,211318720,67,0.649728261,0.142569608,0.027715696,0.320992595
16,101,211318720,67,0.760880050,0.142569608,0.027715696,0.358596453
4,101,211318720,67,0.932842342,0.142569608,0.027715696,0.394913477
19,101,211318720,67,1.215095865,0.142569608,0.027715696,0.444304829
5,101,211318720,67,1.288925448,0.142569608,0.027715696,0.468436133
3,101,211318720,67,1.431556909,0.142569608,0.027715696,0.516537262
1,101,211318720,67,1.686718099,0.142569608,0.027715696,0.529264536
12,101,211318720,67,2.005690731,0.142569608,0.027715696,0.518600196
14,101,211318720,67,2.243499345,0.142569608,0.027715696,0.535520854
10,101,211318720,67,2.943990344,0.142569608,0.027715696,0.400889753
7,101,211318720,67,3.402770874,0.142569608,0.027715696,0.396989979
15,101,211318720,67,3.466173480,0.142569608,0.027715696,0.460326241
8,101,211318720,67,3.539622628,0.142569608,0.027715696,0.485412546
13,101,211318720,67,3.958724288,0.142569608,0.027715696,0.444765453
9,101,211318720,67,5.003986947,0.142569608,0.027715696,0.194139331
6,101,211318720,67,6.245053666,0.142569608,0.027715696,0.049427908
20,101,211318720,67,10.021474070,0.142569608,0.027715696,0.000004764
19,102,211318720,67,0.417689204,0.142569608,0.024614939,0.046222137
17,102,211318720,67,0.593577313,0.142569608,0.024614939,0.309405189
3,102,211318720,67,0.600330317,0.142569608,0.024614939,0.325238589
11,102,211318720,67,0.648434939,0.142569608,0.024614939,0.405222899
2,102,211318720,67,0.649728261,0.142569608,0.024614939,0.406641672
16,102,211318720,67,0.706531475,0.142569608,0.024614939,0.424090240
4,102,211318720,67,0.973400704,0.142569608,0.024614939,0.428668928
5,102,211318720,67,1.245961267,0.142569608,0.024614939,0.432876189
18,102,211318720,67,1.460283797,0.142569608,0.024614939,0.459190663
1,102,211318720,67,1.632307838,0.142569608,0.024614939,0.571313467
13,102,211318720,67,1.666831279,0.142569608,0.024614939,0.582634677
14,102,211318720,67,2.243499345,0.142569608,0.024614939,0.489698442
10,102,211318720,67,2.943990344,0.142569608,0.024614939,0.350763981
9,102,211318720,67,3.796128029,0.142569608,0.024614939,0.165561984
7,102,211318720,67,3.969899353,0.142569608,0.024614939,0.202327604
12,102,211318720,67,4.297908708,0.142569608,0.024614939,0.188767768
20,102,211318720,67,4.676687899,0.142569608,0.024614939,0.157592257
8,102,211318720,67,5.815094318,0.142569608,0.024614939,0.047114649
15,102,211318720,67,7.922682239,0.142569608,0.024614939,0.047120183
6,102,211318720,67,9.813655761,0.142569608,0.024614939,0.000004764
18,103,211318720,67,0.472444758,0.142569608,0.044223253,0.204684272
4,103,211318720,67,0.527258715,0.142569608,0.044223253,0.406101303
19,103,211318720,67,0.531604441,0.142569608,0.044223253,0.419297547
17,103,211318720,67,0.593577313,0.142569608,0.044223253,0.588814694
3,103,211318720,67,0.600330317,0.142569608,0.044223253,0.604827678
5,103,211318720,67,0.601498543,0.142569608,0.044223253,0.606754378
2,103,211318720,67,0.603319100,0.142569608,0.044223253,0.608722400
11,103,211318720,67,0.698314549,0.142569608,0.044223253,0.639815604
16,103,211318720,67,1.467411525,0.142569608,0.044223253,0.479507046
14,103,211318720,67,1.762749486,0.142569608,0.044223253,0.580353070
1,103,211318720,67,1.795538622,0.142569608,0.044223253,0.613519296
12,103,211318720,67,1.862427107,0.142569608,0.044223253,0.635165762
9,103,211318720,67,2.243166562,0.142569608,0.044223253,0.605660507
13,103,211318720,67,2.500246919,0.142569608,0.044223253,0.615893324
15,103,211318720,67,3.218589660,0.142569608,0.044223253,0.476721261
10,103,211318720,67,3.434655401,0.142569608,0.044223253,0.527291671
8,103,211318720,67,3.539622628,0.142569608,0.044223253,0.563214445
20,103,211318720,67,4.342638764,0.142569608,0.044223253,0.389877477
6,103,211318720,67,7.731971206,0.142569608,0.044223253,0.048217756
7,103,211318720,67,7.939798705,0.142569608,0.044223253,0.000004764
19,104,211318720,67,0.379717458,0.142569608,0.082003631,0.137832584
18,104,211318720,67,0.386545711,0.142569608,0.082003631,0.140240037
5,104,211318720,67,0.558534361,0.142569608,0.082003631,0.213033931
3,104,211318720,67,0.646509572,0.142569608,0.082003631,0.316344514
16,104,211318720,67,0.706531475,0.142569608,0.082003631,0.376319550
1,104,211318720,67,0.761743658,0.142569608,0.082003631,0.394636483
17,104,211318720,67,0.913195867,0.142569608,0.082003631,0.439537744
4,104,211318720,67,1.216750881,0.142569608,0.082003631,0.434981599
2,104,211318720,67,1.392274846,0.142569608,0.082003631,0.498559861
11,104,211318720,67,1.496388320,0.142569608,0.082003631,0.534803425
14,104,211318720,67,1.762749486,0.142569608,0.082003631,0.569984904
12,104,211318720,67,1.862427107,0.142569608,0.082003631,0.603115295
13,104,211318720,67,2.916954739,0.142569608,0.082003631,0.353478688
10,104,211318720,67,3.434655401,0.142569608,0.082003631,0.306706877
8,104,211318720,67,3.539622628,0.142569608,0.082003631,0.451558889
6,104,211318720,67,3.568602095,0.142569608,0.082003631,0.481088027
9,104,211318720,67,3.623576755,0.142569608,0.082003631,0.501253960
7,104,211318720,67,3.969899353,0.142569608,0.082003631,0.479297345
20,104,211318720,67,4.342638764,0.142569608,0.082003631,0.454126571
15,104,211318720,67,4.704092579,0.142569608,0.082003631,0.335185605
2,105,211318720,67,0.510500777,0.142569608,0.103982091,0.386950896
19,105,211318720,67,0.531604441,0.142569608,0.103982091,0.464832924
11,105,211318720,67,0.548675717,0.142569608,0.103982091,0.520734920
18,105,211318720,67,0.558343805,0.142569608,0.103982091,0.549902802
5,105,211318720,67,0.558534361,0.142569608,0.103982091,0.550365206
4,105,211318720,67,0.567817078,0.142569608,0.103982091,0.565931811
3,105,211318720,67,0.646509572,0.142569608,0.103982091,0.646243605
17,105,211318720,67,0.684896900,0.142569608,0.103982091,0.659735318
1,105,211318720,67,1.251436009,0.142569608,0.103982091,0.569247736
16,105,211318720,67,1.521760100,0.142569608,0.103982091,0.576864653
14,105,211318720,67,1.922999439,0.142569608,0.103982091,0.538386976
13,105,211318720,67,2.500246919,0.142569608,0.103982091,0.443308490
9,105,211318720,67,3.968679303,0.142569608,0.103982091,0.150025759
7,105,211318720,67,3.969899353,0.142569608,0.103982091,0.150572951
12,105,211318720,67,4.297908708,0.142569608,0.103982091,0.138113756
10,105,211318720,67,6.378645745,0.142569608,0.103982091,0.102315697
15,105,211318720,67,6.437179319,0.142569608,0.103982091,0.119833954
8,105,211318720,67,8.090566007,0.142569608,0.103982091,0.047404698
6,105,211318720,67,8.921505237,0.142569608,0.103982091,0.047853098
20,105,211318720,67,11.023621477,0.142569608,0.103982091,0.000004764
19,106,211318720,67,0.417689204,0.142569608,0.015041256,0.130650427
5,106,211318720,67,0.472605998,0.142569608,0.015041256,0.232193273
4,106,211318720,67,0.527258715,0.142569608,0.015041256,0.323201282
18,106,211318720,67,0.558343805,0.142569608,0.015041256,0.356724064
3,106,211318720,67,0.600330317,0.142569608,0.015041256,0.398905430
11,106,211318720,67,0.698314549,0.142569608,0.015041256,0.538218100
16,106,211318720,67,0.760880050,0.142569608,0.015041256,0.601509640
1,106,211318720,67,0.761743658,0.142569608,0.015041256,0.601747902
17,106,211318720,67,1.278474213,0.142569608,0.015041256,0.524507478
2,106,211318720,67,1.438684007,0.142569608,0.015041256,0.567231392
12,106,211318720,67,1.862427107,0.142569608,0.015041256,0.521835526
9,106,211318720,67,2.415717836,0.142569608,0.015041256,0.472877167
13,106,211318720,67,2.500246919,0.142569608,0.015041256,0.501542348
7,106,211318720,67,3.119206634,0.142569608,0.015041256,0.393961557
8,106,211318720,67,3.539622628,0.142569608,0.015041256,0.351586660
6,106,211318720,67,4.163369111,0.142569608,0.015041256,0.239136064
20,106,211318720,67,4.676687899,0.142569608,0.015041256,0.251116443
15,106,211318720,67,4.704092579,0.142569608,0.015041256,0.278308699
14,106,211318720,67,4.807498597,0.142569608,0.015041256,0.312779482
10,106,211318720,67,5.642648159,0.142569608,0.015041256,0.037595632
19,107,211318720,67,0.455660949,0.142569608,0.009275666,0.218876710
2,107,211318720,67,0.464091615,0.142569608,0.009275666,0.232811943
4,107,211318720,67,0.527258715,0.142569608,0.009275666,0.311539869
17,107,211318720,67,0.547917520,0.142569608,0.009275666,0.332810945
3,107,211318720,67,0.646509572,0.142569608,0.009275666,0.443530682
11,107,211318720,67,0.698314549,0.142569608,0.009275666,0.495449945
16,107,211318720,67,0.760880050,0.142569608,0.009275666,0.516507159
18,107,211318720,67,1.245536180,0.142569608,0.009275666,0.560640531
14,107,211318720,67,1.281999626,0.142569608,0.009275666,0.596517761
5,107,211318720,67,1.331889630,0.142569608,0.009275666,0.613557596
1,107,211318720,67,1.632307838,0.142569608,0.009275666,0.606827157
13,107,211318720,67,2.708600829,0.142569608,0.009275666,0.430048425
12,107,211318720,67,2.722008849,0.142569608,0.009275666,0.434508892
9,107,211318720,67,3.278474207,0.142569608,0.009275666,0.347523494
8,107,211318720,67,3.539622628,0.142569608,0.009275666,0.355158830
7,107,211318720,67,3.686335113,0.142569608,0.009275666,0.402043405
10,107,211318720,67,7.114643330,0.142569608,0.009275666,0.100217645
15,107,211318720,67,7.179930779,0.142569608,0.009275666,0.121631558
6,107,211318720,67,8.921505237,0.142569608,0.009275666,0.046885072
20,107,211318720,67,9.687424934,0.142569608,0.009275666,0.000004764
19,108,211318720,67,0.455660949,0.142569608,0.025020156,0.154872647
4,108,211318720,67,0.486700352,0.142569608,0.025020156,0.204460071
17,108,211318720,67,0.547917520,0.142569608,0.025020156,0.293513712
5,108,211318720,67,0.601498543,0.142569608,0.025020156,0.372379533
2,108,211318720,67,0.649728261,0.142569608,0.025020156,0.421089644
16,108,211318720,67,0.706531475,0.142569608,0.025020156,0.440508769
18,108,211318720,67,1.245536180,0.142569608,0.025020156,0.419387980
3,108,211318720,67,1.293019144,0.142569608,0.025020156,0.435675886
12,108,211318720,67,1.575899860,0.142569608,0.025020156,0.507954794
1,108,211318720,67,1.632307838,0.142569608,0.025020156,0.572462948
11,108,211318720,67,1.695906763,0.142569608,0.025020156,0.635728793
14,108,211318720,67,1.762749486,0.142569608,0.025020156,0.659194120
9,108,211318720,67,2.243166562,0.142569608,0.025020156,0.597643569
13,108,211318720,67,2.500246919,0.142569608,0.025020156,0.607772444
7,108,211318720,67,3.402770874,0.142569608,0.025020156,0.459649927
15,108,211318720,67,3.466173480,0.142569608,0.025020156,0.521727533
8,108,211318720,67,3.539622628,0.142569608,0.025020156,0.547640257
20,108,211318720,67,4.342638764,0.142569608,0.025020156,0.385929997
10,108,211318720,67,5.397315630,0.142569608,0.025020156,0.131880436
6,108,211318720,67,6.542437174,0.142569608,0.025020156,0.000004764
19,109,211318720,67,0.455660949,0.142569608,0.061375607,0.096391997
18,109,211318720,67,0.558343805,0.142569608,0.061375607,0.435138017
4,109,211318720,67,0.567817078,0.142569608,0.061375607,0.463893553
17,109,211318720,67,0.593577313,0.142569608,0.061375607,0.523660027
3,109,211318720,67,0.600330317,0.142569608,0.061375607,0.535161040
5,109,211318720,67,0.601498543,0.142569608,0.061375607,0.536421091
2,109,211318720,67,0.649728261,0.142569608,0.061375607,0.552991022
11,109,211318720,67,1.097351435,0.142569608,0.061375607,0.502123458
16,109,211318720,67,1.576108675,0.142569608,0.061375607,0.531637600
1,109,211318720,67,1.577897577,0.142569608,0.061375607,0.532242980
9,109,211318720,67,2.415717836,0.142569608,0.061375607,0.349490734
13,109,211318720,67,2.916954739,0.142569608,0.061375607,0.340348319
15,109,211318720,67,2.971005840,0.142569608,0.061375607,0.359587724
7,109,211318720,67,3.402770874,0.142569608,0.061375607,0.309395846
12,109,211318720,67,4.584435955,0.142569608,0.061375607,0.143542333
14,109,211318720,67,4.647248644,0.142569608,0.061375607,0.207533239
10,109,211318720,67,4.661318044,0.142569608,0.061375607,0.211911764
8,109,211318720,67,6.573584881,0.142569608,0.061375607,0.048615720
6,109,211318720,67,9.218888745,0.142569608,0.061375607,0.046997617
20,109,211318720,67,10.021474070,0.142569608,0.061375607,0.000004764
19,110,211318720,67,0.493632695,0.142569608,0.013407310,0.119930971
4,110,211318720,67,0.527258715,0.142569608,0.013407310,0.161493286
3,110,211318720,67,0.646509572,0.142569608,0.013407310,0.354152884
2,110,211318720,67,0.649728261,0.142569608,0.013407310,0.359503527
1,110,211318720,67,0.707333396,0.142569608,0.013407310,0.417823385
16,110,211318720,67,0.760880050,0.142569608,0.013407310,0.461013521
17,110,211318720,67,0.867536073,0.142569608,0.013407310,0.578612445
5,110,211318720,67,0.902247814,0.142569608,0.013407310,0.613795131
11,110,211318720,67,0.997592213,0.142569608,0.013407310,0.645275424
18,110,211318720,67,1.245536180,0.142569608,0.013407310,0.728781915
14,110,211318720,67,1.281999626,0.142569608,0.013407310,0.740719967
9,110,211318720,67,2.243166562,0.142569608,0.013407310,0.514610831
12,110,211318720,67,3.438326967,0.142569608,0.013407310,0.217526335
6,110,211318720,67,4.163369111,0.142569608,0.013407310,0.071877093
13,110,211318720,67,4.375432108,0.142569608,0.013407310,0.098674767
10,110,211318720,67,5.642648159,0.142569608,0.013407310,0.049098370
20,110,211318720,67,7.683130120,0.142569608,0.013407310,0.047264373
15,110,211318720,67,7.922682239,0.142569608,0.013407310,0.061810636
8,110,211318720,67,8.343396195,0.142569608,0.013407310,0.046900065
7,110,211318720,67,8.506927184,0.142569608,0.013407310,0.000004764
19,111,211318720,67,0.493632695,0.142569608,0.064846389,0.273037038
16,111,211318720,67,0.543485750,0.142569608,0.064846389,0.437636530
17,111,211318720,67,0.547917520,0.142569608,0.064846389,0.450843463
3,111,211318720,67,0.554151062,0.142569608,0.064846389,0.465412553
5,111,211318720,67,0.558534361,0.142569608,0.064846389,0.472815683
11,111,211318720,67,0.648434939,0.142569608,0.064846389,0.659376899
2,111,211318720,67,0.649728261,0.142569608,0.064846389,0.661524842
1,111,211318720,67,0.707333396,0.142569608,0.064846389,0.718922175
18,111,211318720,67,0.730141898,0.142569608,0.064846389,0.727356394
4,111,211318720,67,1.176192518,0.142569608,0.064846389,0.693748671
12,111,211318720,67,1.289372612,0.142569608,0.064846389,0.731297307
9,111,211318720,67,2.070615288,0.142569608,0.064846389,0.570178641
13,111,211318720,67,2.708600829,0.142569608,0.064846389,0.451668985
10,111,211318720,67,3.434655401,0.142569608,0.064846389,0.303996975
7,111,211318720,67,3.686335113,0.142569608,0.064846389,0.313112386
6,111,211318720,67,4.163369111,0.142569608,0.064846389,0.250711380
14,111,211318720,67,4.326748737,0.142569608,0.064846389,0.291910986
8,111,211318720,67,6.573584881,0.142569608,0.064846389,0.046411135
20,111,211318720,67,7.015031849,0.142569608,0.064846389,0.046928398
15,111,211318720,67,7.427514599,0.142569608,0.064846389,0.000004764
4,112,211318720,67,0.486700352,0.142569608,0.163142771,0.249267181
19,112,211318720,67,0.493632695,0.142569608,0.163142771,0.270147186
17,112,211318720,67,0.547917520,0.142569608,0.163142771,0.424432736
16,112,211318720,67,0.597834325,0.142569608,0.163142771,0.563992677
5,112,211318720,67,0.601498543,0.142569608,0.163142771,0.572229905
2,112,211318720,67,0.603319100,0.142569608,0.163142771,0.575362989
11,112,211318720,67,0.648434939,0.142569608,0.163142771,0.620972720
1,112,211318720,67,0.707333396,0.142569608,0.163142771,0.640494755
18,112,211318720,67,1.417334273,0.142569608,0.163142771,0.586881275
3,112,211318720,67,1.431556909,0.142569608,0.163142771,0.591884768
12,112,211318720,67,1.719163483,0.142569608,0.163142771,0.590170446
9,112,211318720,67,3.105922933,0.142569608,0.163142771,0.312247203
7,112,211318720,67,3.119206634,0.142569608,0.163142771,0.316593450
14,112,211318720,67,3.365249018,0.142569608,0.163142771,0.355995030
15,112,211318720,67,3.466173480,0.142569608,0.163142771,0.390462466
6,112,211318720,67,3.865985603,0.142569608,0.163142771,0.353203401
20,112,211318720,67,4.342638764,0.142569608,0.163142771,0.366127940
13,112,211318720,67,4.375432108,0.142569608,0.163142771,0.377214391
8,112,211318720,67,6.067924505,0.142569608,0.163142771,0.048391992
10,112,211318720,67,7.359975859,0.142569608,0.163142771,0.000004764
19,113,211318720,67,0.417689204,0.142569608,0.000968895,0.112265982
5,113,211318720,67,0.472605998,0.142569608,0.000968895,0.213707655
11,113,211318720,67,0.548675717,0.142569608,0.000968895,0.397065995
4,113,211318720,67,0.567817078,0.142569608,0.000968895,0.442059366
17,113,211318720,67,0.593577313,0.142569608,0.000968895,0.485492854
3,113,211318720,67,0.646509572,0.142569608,0.000968895,0.538374336
1,113,211318720,67,0.652923135,0.142569608,0.000968895,0.540307299
16,113,211318720,67,0.923925775,0.142569608,0.000968895,0.543525944
18,113,211318720,67,1.288485703,0.142569608,0.000968895,0.571175302
2,113,211318720,67,1.345865684,0.142569608,0.000968895,0.589930374
12,113,211318720,67,1.719163483,0.142569608,0.000968895,0.561378562
15,113,211318720,67,1.980670560,0.142569608,0.000968895,0.572260513
6,113,211318720,67,2.379068063,0.142569608,0.000968895,0.534119159
8,113,211318720,67,3.286792440,0.142569608,0.000968895,0.328592766
14,113,211318720,67,5.127998503,0.142569608,0.000968895,0.047770321
9,113,211318720,67,5.349089495,0.142569608,0.000968895,0.071143259
13,113,211318720,67,6.250617297,0.142569608,0.000968895,0.057599137
10,113,211318720,67,6.378645745,0.142569608,0.000968895,0.101396774
20,113,211318720,67,7.015031849,0.142569608,0.000968895,0.046969710
7,113,211318720,67,7.656234466,0.142569608,0.000968895,0.000004764
17,114,211318720,67,0.365278347,0.142569608,0.046568107,0.047710257
4,114,211318720,67,0.567817078,0.142569608,0.046568107,0.345698457
18,114,211318720,67,0.601293328,0.142569608,0.046568107,0.467720643
5,114,211318720,67,0.601498543,0.142569608,0.046568107,0.468356840
3,114,211318720,67,0.646509572,0.142569608,0.046568107,0.592632078
11,114,211318720,67,0.648434939,0.142569608,0.046568107,0.597167169
2,114,211318720,67,0.649728261,0.142569608,0.046568107,0.599308544
1,114,211318720,67,0.707333396,0.142569608,0.046568107,0.657188125
16,114,211318720,67,0.760880050,0.142569608,0.046568107,0.674375007
19,114,211318720,67,1.101180628,0.142569608,0.046568107,0.656270041
9,114,211318720,67,2.415717836,0.142569608,0.046568107,0.360512536
13,114,211318720,67,2.500246919,0.142569608,0.046568107,0.387945191
7,114,211318720,67,3.119206634,0.142569608,0.046568107,0.278751493
8,114,211318720,67,3.539622628,0.142569608,0.046568107,0.312400455
6,114,211318720,67,3.568602095,0.142569608,0.046568107,0.322546228
12,114,211318720,67,4.297908708,0.142569608,0.046568107,0.250088795
14,114,211318720,67,4.326748737,0.142569608,0.046568107,0.260045693
20,114,211318720,67,4.676687899,0.142569608,0.046568107,0.239454753
15,114,211318720,67,5.446844039,0.142569608,0.046568107,0.082442163
10,114,211318720,67,7.114643330,0.142569608,0.046568107,0.000004764
5,115,211318720,67,0.472605998,0.142569608,0.025708836,0.088779123
4,115,211318720,67,0.567817078,0.142569608,0.025708836,0.280058493
3,115,211318720,67,0.600330317,0.142569608,0.025708836,0.356384433
17,115,211318720,67,0.639237107,0.142569608,0.025708836,0.449508179
2,115,211318720,67,0.649728261,0.142569608,0.025708836,0.473795031
11,115,211318720,67,0.698314549,0.142569608,0.025708836,0.559678009
16,115,211318720,67,0.760880050,0.142569608,0.025708836,0.663967897
1,115,211318720,67,0.761743658,0.142569608,0.025708836,0.664883607
19,115,211318720,67,0.835378407,0.142569608,0.025708836,0.690019724
18,115,211318720,67,1.202586656,0.142569608,0.025708836,0.664118826
14,115,211318720,67,1.762749486,0.142569608,0.025708836,0.573973968
9,115,211318720,67,2.415717836,0.142569608,0.025708836,0.456075795
12,115,211318720,67,2.578745225,0.142569608,0.025708836,0.496560080
15,115,211318720,67,3.218589660,0.142569608,0.025708836,0.375019987
10,115,211318720,67,3.434655401,0.142569608,0.025708836,0.400332078
7,115,211318720,67,3.686335113,0.142569608,0.025708836,0.412837907
20,115,211318720,67,4.676687899,0.142569608,0.025708836,0.185174482
13,115,211318720,67,5.625555567,0.142569608,0.025708836,0.048621335
8,115,211318720,67,6.067924505,0.142569608,0.025708836,0.046568778
6,115,211318720,67,7.137204190,0.142569608,0.025708836,0.000004764
11,116,211318720,67,0.399036885,0.142569608,0.059768844,0.063790276
18,116,211318720,67,0.515394281,0.142569608,0.059768844,0.279214998
2,116,211318720,67,0.556909938,0.142569608,0.059768844,0.377592006
4,116,211318720,67,0.567817078,0.142569608,0.059768844,0.395478031
5,116,211318720,67,0.601498543,0.142569608,0.059768844,0.429976960
17,116,211318720,67,0.639237107,0.142569608,0.059768844,0.470340764
16,116,211318720,67,0.760880050,0.142569608,0.059768844,0.592107580
1,116,211318720,67,0.761743658,0.142569608,0.059768844,0.592427883
19,116,211318720,67,0.987265390,0.142569608,0.059768844,0.659302372
3,116,211318720,67,1.062122868,0.142569608,0.059768844,0.684100159
9,116,211318720,67,2.070615288,0.142569608,0.059768844,0.447391942
13,116,211318720,67,2.916954739,0.142569608,0.059768844,0.291286139
8,116,211318720,67,3.033962253,0.142569608,0.059768844,0.445585775
14,116,211318720,67,3.044749111,0.142569608,0.059768844,0.456703325
7,116,211318720,67,3.119206634,0.142569608,0.059768844,0.481889771
15,116,211318720,67,3.466173480,0.142569608,0.059768844,0.461166170
12,116,211318720,67,3.868117837,0.142569608,0.059768844,0.427129900
10,116,211318720,67,5.151983101,0.142569608,0.059768844,0.102735963
6,116,211318720,67,7.434587698,0.142569608,0.059768844,0.046235253
20,116,211318720,67,10.021474070,0.142569608,0.059768844,0.000004764
3,117,211318720,67,0.507971807,0.142569608,0.062030137,0.056421705
17,117,211318720,67,0.639237107,0.142569608,0.062030137,0.243761766
2,117,211318720,67,0.649728261,0.142569608,0.062030137,0.254734565
11,117,211318720,67,0.698314549,0.142569608,0.062030137,0.270801110
19,117,211318720,67,1.063208882,0.142569608,0.062030137,0.366092812
4,117,211318720,67,1.135634155,0.142569608,0.062030137,0.485576925
1,117,211318720,67,1.142615487,0.142569608,0.062030137,0.492647727
18,117,211318720,67,1.159637133,0.142569608,0.062030137,0.497939409
5,117,211318720,67,1.331889630,0.142569608,0.062030137,0.535073051
16,117,211318720,67,1.793502975,0.142569608,0.062030137,0.477714232
9,117,211318720,67,2.243166562,0.142569608,0.062030137,0.424300306
15,117,211318720,67,2.475838200,0.142569608,0.062030137,0.442274473
14,117,211318720,67,3.204999065,0.142569608,0.062030137,0.291793887
7,117,211318720,67,3.969899353,0.142569608,0.062030137,0.136491493
12,117,211318720,67,4.154645085,0.142569608,0.062030137,0.260672174
6,117,211318720,67,4.163369111,0.142569608,0.062030137,0.263849987
8,117,211318720,67,5.562264130,0.142569608,0.062030137,0.049222903
13,117,211318720,67,6.458971207,0.142569608,0.062030137,0.048120913
10,117,211318720,67,7.359975859,0.142569608,0.062030137,0.046594821
20,117,211318720,67,7.683130120,0.142569608,0.062030137,0.000004764
16,118,211318720,67,0.434788600,0.142569608,0.017512785,0.234574185
5,118,211318720,67,0.472605998,0.142569608,0.017512785,0.309162248
4,118,211318720,67,0.486700352,0.142569608,0.017512785,0.333243930
19,118,211318720,67,0.493632695,0.142569608,0.017512785,0.340146777
11,118,211318720,67,0.598555328,0.142569608,0.017512785,0.435401218
2,118,211318720,67,0.649728261,0.142569608,0.017512785,0.451527289
3,118,211318720,67,1.062122868,0.142569608,0.017512785,0.440250876
18,118,211318720,67,1.159637133,0.142569608,0.017512785,0.528766242
17,118,211318720,67,1.232814420,0.142569608,0.017512785,0.601841551
12,118,211318720,67,1.289372612,0.142569608,0.017512785,0.620748843
9,118,211318720,67,1.552961466,0.142569608,0.017512785,0.654023851
13,118,211318720,67,1.666831279,0.142569608,0.017512785,0.767153617
1,118,211318720,67,1.686718099,0.142569608,0.017512785,0.773965120
10,118,211318720,67,2.943990344,0.142569608,0.017512785,0.453026426
7,118,211318720,67,3.119206634,0.142569608,0.017512785,0.491087172
20,118,211318720,67,4.342638764,0.142569608,0.017512785,0.179610654
14,118,211318720,67,5.127998503,0.142569608,0.017512785,0.046001562
15,118,211318720,67,6.932346959,0.142569608,0.017512785,0.048517024
8,118,211318720,67,7.837735819,0.142569608,0.017512785,0.048791864
6,118,211318720,67,9.813655761,0.142569608,0.017512785,0.000004764
4,119,211318720,67,0.324466901,0.142569608,0.047535665,0.048015824
3,119,211318720,67,0.554151062,0.142569608,0.047535665,0.199906586
5,119,211318720,67,0.601498543,0.142569608,0.047535665,0.308825253
17,119,211318720,67,0.639237107,0.142569608,0.047535665,0.372294456
2,119,211318720,67,0.649728261,0.142569608,0.047535665,0.382763880
11,119,211318720,67,0.698314549,0.142569608,0.047535665,0.398859065
18,119,211318720,67,0.944889516,0.142569608,0.047535665,0.428224900
19,119,211318720,67,1.063208882,0.142569608,0.047535665,0.467289149
16,119,211318720,67,1.413062950,0.142569608,0.047535665,0.542019817
1,119,211318720,67,1.414666793,0.142569608,0.047535665,0.542589481
14,119,211318720,67,1.922999439,0.142569608,0.047535665,0.472052448
13,119,211318720,67,2.500246919,0.142569608,0.047535665,0.379354143
15,119,211318720,67,2.971005840,0.142569608,0.047535665,0.314234095
10,119,211318720,67,3.189322872,0.142569608,0.047535665,0.335709326
8,119,211318720,67,3.539622628,0.142569608,0.047535665,0.314918201
9,119,211318720,67,3.968679303,0.142569608,0.047535665,0.270351799
12,119,211318720,67,4.297908708,0.142569608,0.047535665,0.258334935
7,119,211318720,67,5.387720550,0.142569608,0.047535665,0.047780700
20,119,211318720,67,5.678835306,0.142569608,0.047535665,0.049443467
6,119,211318720,67,9.813655761,0.142569608,0.047535665,0.000004764
4,120,211318720,67,0.486700352,0.142569608,0.296726823,0.144563024
17,120,211318720,67,0.593577313,0.142569608,0.296726823,0.464310239
3,120,211318720,67,0.600330317,0.142569608,0.296726823,0.480357051
18,120,211318720,67,0.601293328,0.142569608,0.296726823,0.481948421
5,120,211318720,67,0.601498543,0.142569608,0.296726823,0.482168586
2,120,211318720,67,0.603319100,0.142569608,0.296726823,0.482742141
16,120,211318720,67,0.760880050,0.142569608,0.296726823,0.597965912
19,120,211318720,67,0.797406662,0.142569608,0.296726823,0.610254796
14,120,211318720,67,1.281999626,0.142569608,0.296726823,0.627678558
11,120,211318720,67,1.296869877,0.142569608,0.296726823,0.632423317
9,120,211318720,67,1.725512740,0.142569608,0.296726823,0.673425088
1,120,211318720,67,1.741128360,0.142569608,0.296726823,0.689272989
12,120,211318720,67,1.862427107,0.142569608,0.296726823,0.730210416
15,120,211318720,67,2.723422020,0.142569608,0.296726823,0.542532494
10,120,211318720,67,3.189322872,0.142569608,0.296726823,0.523971250
6,120,211318720,67,3.271218587,0.142569608,0.296726823,0.550175535
20,120,211318720,67,4.008589628,0.142569608,0.296726823,0.400568025
13,120,211318720,67,6.667325117,0.142569608,0.296726823,0.048243326
7,120,211318720,67,7.089105987,0.142569608,0.296726823,0.046419968
8,120,211318720,67,7.332075444,0.142569608,0.296726823,0.000004764
3,121,211318720,67,0.369434041,0.142569608,0.046624433,0.174099571
1,121,211318720,67,0.435282090,0.142569608,0.046624433,0.329715622
19,121,211318720,67,0.455660949,0.142569608,0.046624433,0.377508567
17,121,211318720,67,0.456597933,0.142569608,0.046624433,0.379143501
4,121,211318720,67,0.527258715,0.142569608,0.046624433,0.448783850
18,121,211318720,67,0.558343805,0.142569608,0.046624433,0.460237194
11,121,211318720,67,0.698314549,0.142569608,0.046624433,0.598533678
16,121,211318720,67,0.706531475,0.142569608,0.046624433,0.601328910
5,121,211318720,67,1.374853812,0.142569608,0.046624433,0.557121079
2,121,211318720,67,1.392274846,0.142569608,0.046624433,0.562969000
14,121,211318720,67,1.602499532,0.142569608,0.046624433,0.590126645
9,121,211318720,67,2.415717836,0.142569608,0.046624433,0.412659279
6,121,211318720,67,2.676451571,0.142569608,0.046624433,0.446580940
8,121,211318720,67,2.781132065,0.142569608,0.046624433,0.485255422
13,121,211318720,67,2.916954739,0.142569608,0.046624433,0.530821206
15,121,211318720,67,3.218589660,0.142569608,0.046624433,0.528841921
12,121,211318720,67,4.011381461,0.142569608,0.046624433,0.363412073
10,121,211318720,67,7.359975859,0.142569608,0.046624433,0.047938290
20,121,211318720,67,8.017179256,0.142569608,0.046624433,0.046213635
7,121,211318720,67,8.223362945,0.142569608,0.046624433,0.000004764
19,122,211318720,67,0.417689204,0.142569608,0.008906539,0.129543480
4,122,211318720,67,0.486700352,0.142569608,0.008906539,0.264000164
2,122,211318720,67,0.510500777,0.142569608,0.008906539,0.319737540
17,122,211318720,67,0.593577313,0.142569608,0.008906539,0.458282748
1,122,211318720,67,0.598512874,0.142569608,0.008906539,0.463358582
11,122,211318720,67,0.598555328,0.142569608,0.008906539,0.463384085
16,122,211318720,67,0.760880050,0.142569608,0.008906539,0.521929260
3,122,211318720,67,0.877405848,0.142569608,0.008906539,0.560691601
5,122,211318720,67,1.160032904,0.142569608,0.008906539,0.563073231
18,122,211318720,67,1.417334273,0.142569608,0.008906539,0.575070194
12,122,211318720,67,2.005690731,0.142569608,0.008906539,0.477387892
14,122,211318720,67,2.243499345,0.142569608,0.008906539,0.496071235
10,122,211318720,67,3.434655401,0.142569608,0.008906539,0.196279231
6,122,211318720,67,3.865985603,0.142569608,0.008906539,0.146886946
20,122,211318720,67,4.342638764,0.142569608,0.008906539,0.086726510
9,122,211318720,67,5.003986947,0.142569608,0.008906539,0.048424326
8,122,211318720,67,5.815094318,0.142569608,0.008906539,0.048756436
13,122,211318720,67,6.042263387,0.142569608,0.008906539,0.071053126
15,122,211318720,67,7.922682239,0.142569608,0.008906539,0.048073499
7,122,211318720,67,8.506927184,0.142569608,0.008906539,0.000004764
19,123,211318720,67,0.417689204,0.142569608,0.003842366,0.134633609
4,123,211318720,67,0.486700352,0.142569608,0.003842366,0.292930752
3,123,211318720,67,0.507971807,0.142569608,0.003842366,0.343053754
18,123,211318720,67,0.558343805,0.142569608,0.003842366,0.427437257
17,123,211318720,67,0.593577313,0.142569608,0.003842366,0.462593354
5,123,211318720,67,0.601498543,0.142569608,0.003842366,0.465478373
2,123,211318720,67,1.021001554,0.142569608,0.003842366,0.500287604
11,123,211318720,67,1.047471824,0.142569608,0.003842366,0.509289319
1,123,211318720,67,1.523487315,0.142569608,0.003842366,0.468898649
16,123,211318720,67,1.630457250,0.142569608,0.003842366,0.540863393
12,123,211318720,67,1.719163483,0.142569608,0.003842366,0.570342114
14,123,211318720,67,2.083249392,0.142569608,0.003842366,0.544329800
9,123,211318720,67,2.243166562,0.142569608,0.003842366,0.586197189
7,123,211318720,67,3.969899353,0.142569608,0.003842366,0.118081834
13,123,211318720,67,5.000493838,0.142569608,0.003842366,0.048548572
8,123,211318720,67,6.573584881,0.142569608,0.003842366,0.046882659
15,123,211318720,67,7.427514599,0.142569608,0.003842366,0.048158578
10,123,211318720,67,7.850640916,0.142569608,0.003842366,0.044636762
6,123,211318720,67,8.029354714,0.142569608,0.003842366,0.081835029
20,123,211318720,67,11.023621477,0.142569608,0.003842366,0.000004764
19,124,211318720,67,0.379717458,0.142569608,0.033056729,0.047887700
2,124,211318720,67,0.556909938,0.142569608,0.033056729,0.190254083
5,124,211318720,67,0.601498543,0.142569608,0.033056729,0.264760037
1,124,211318720,67,0.652923135,0.142569608,0.033056729,0.338639861
17,124,211318720,67,0.684896900,0.142569608,0.033056729,0.370117092
16,124,211318720,67,0.760880050,0.142569608,0.033056729,0.397087749
11,124,211318720,67,1.197110656,0.142569608,0.033056729,0.440143602
18,124,211318720,67,1.202586656,0.142569608,0.033056729,0.441958008
4,124,211318720,67,1.378984331,0.142569608,0.033056729,0.571327387
3,124,211318720,67,1.385377654,0.142569608,0.033056729,0.573645458
9,124,211318720,67,1.552961466,0.142569608,0.033056729,0.613714108
12,124,211318720,67,1.862427107,0.142569608,0.033056729,0.605143534
13,124,211318720,67,2.083539099,0.142569608,0.033056729,0.626612772
15,124,211318720,67,2.475838200,0.142569608,0.033056729,0.593297295
7,124,211318720,67,2.835642395,0.142569608,0.033056729,0.589594294
10,124,211318720,67,2.943990344,0.142569608,0.033056729,0.625419020
6,124,211318720,67,3.865985603,0.142569608,0.033056729,0.410985416
20,124,211318720,67,4.676687899,0.142569608,0.033056729,0.246547778
14,124,211318720,67,4.807498597,0.142569608,0.033056729,0.290991171
8,124,211318720,67,7.332075444,0.142569608,0.033056729,0.000004764
3,125,211318720,67,0.369434041,0.142569608,0.139963686,0.217202383
2,125,211318720,67,0.371273292,0.142569608,0.139963686,0.219063554
11,125,211318720,67,0.399036885,0.142569608,0.139963686,0.228010219
18,125,211318720,67,0.558343805,0.142569608,0.139963686,0.381748698
1,125,211318720,67,0.598512874,0.142569608,0.139963686,0.422896066
17,125,211318720,67,0.639237107,0.142569608,0.139963686,0.450667550
16,125,211318720,67,0.760880050,0.142569608,0.139963686,0.537252980
19,125,211318720,67,0.835378407,0.142569608,0.139963686,0.563535850
4,125,211318720,67,0.973400704,0.142569608,0.139963686,0.610122213
5,125,211318720,67,1.202997085,0.142569608,0.139963686,0.631910684
14,125,211318720,67,1.762749486,0.142569608,0.139963686,0.539389290
12,125,211318720,67,2.005690731,0.142569608,0.139963686,0.605070278
9,125,211318720,67,2.070615288,0.142569608,0.139963686,0.628168049
15,125,211318720,67,2.228254380,0.142569608,0.139963686,0.671082281
13,125,211318720,67,2.708600829,0.142569608,0.139963686,0.654296152
8,125,211318720,67,2.781132065,0.142569608,0.139963686,0.679101717
10,125,211318720,67,3.434655401,0.142569608,0.139963686,0.559899773
6,125,211318720,67,4.163369111,0.142569608,0.139963686,0.410025816
20,125,211318720,67,4.676687899,0.142569608,0.139963686,0.334936638
7,125,211318720,67,5.954849029,0.142569608,0.139963686,0.000004764
5,126,211318720,67,0.515570179,0.142569608,0.023552254,0.210479427
16,126,211318720,67,0.543485750,0.142569608,0.023552254,0.275825801
17,126,211318720,67,0.593577313,0.142569608,0.023552254,0.369117524
2,126,211318720,67,0.603319100,0.142569608,0.023552254,0.385724690
3,126,211318720,67,0.646509572,0.142569608,0.023552254,0.448366328
19,126,211318720,67,0.721463170,0.142569608,0.023552254,0.523306200
1,126,211318720,67,0.761743658,0.142569608,0.023552254,0.536348678
4,126,211318720,67,1.054517430,0.142569608,0.023552254,0.534222331
18,126,211318720,67,1.417334273,0.142569608,0.023552254,0.509778827
11,126,211318720,67,1.646027152,0.142569608,0.023552254,0.590979699
9,126,211318720,67,1.725512740,0.142569608,0.023552254,0.670147928
14,126,211318720,67,1.762749486,0.142569608,0.023552254,0.682401807
15,126,211318720,67,2.971005840,0.142569608,0.023552254,0.377181420
10,126,211318720,67,3.434655401,0.142569608,0.023552254,0.318845371
12,126,211318720,67,3.724854214,0.142569608,0.023552254,0.393713731
13,126,211318720,67,3.750370378,0.142569608,0.023552254,0.402615555
7,126,211318720,67,3.969899353,0.142569608,0.023552254,0.423774204
8,126,211318720,67,6.067924505,0.142569608,0.023552254,0.048738864
6,126,211318720,67,8.326738222,0.142569608,0.023552254,0.049071622
20,126,211318720,67,9.019326663,0.142569608,0.023552254,0.000004764
18,127,211318720,67,0.558343805,0.142569608,0.026971156,0.382898856
16,127,211318720,67,0.597834325,0.142569608,0.026971156,0.524863747
11,127,211318720,67,0.598555328,0.142569608,0.026971156,0.527101605
3,127,211318720,67,0.600330317,0.142569608,0.026971156,0.531253855
5,127,211318720,67,0.601498543,0.142569608,0.026971156,0.533336718
2,127,211318720,67,0.603319100,0.142569608,0.026971156,0.535129586
1,127,211318720,67,0.707333396,0.142569608,0.026971156,0.569499204
19,127,211318720,67,1.139152374,0.142569608,0.026971156,0.630538859
17,127,211318720,67,1.187154627,0.142569608,0.026971156,0.710949403
4,127,211318720,67,1.216750881,0.142569608,0.026971156,0.741094916
14,127,211318720,67,1.281999626,0.142569608,0.026971156,0.762484372
9,127,211318720,67,1.725512740,0.142569608,0.026971156,0.712849915
13,127,211318720,67,2.291893009,0.142569608,0.026971156,0.623541948
20,127,211318720,67,2.672393085,0.142569608,0.026971156,0.594804495
12,127,211318720,67,3.008536096,0.142569608,0.026971156,0.580925905
7,127,211318720,67,3.402770874,0.142569608,0.026971156,0.601123056
15,127,211318720,67,3.466173480,0.142569608,0.026971156,0.649927338
6,127,211318720,67,3.568602095,0.142569608,0.026971156,0.683756490
10,127,211318720,67,4.661318044,0.142569608,0.026971156,0.415940515
8,127,211318720,67,4.803773567,0.142569608,0.026971156,0.368455825
5,128,211318720,67,0.429641816,0.142569608,0.023743905,0.175340787
3,128,211318720,67,0.461792551,0.142569608,0.023743905,0.207101155
19,128,211318720,67,0.493632695,0.142569608,0.023743905,0.236254713
4,128,211318720,67,0.608375440,0.142569608,0.023743905,0.413971155
17,128,211318720,67,0.639237107,0.142569608,0.023743905,0.466094709
11,128,211318720,67,0.698314549,0.142569608,0.023743905,0.525209562
1,128,211318720,67,0.707333396,0.142569608,0.023743905,0.528528024
18,128,211318720,67,0.944889516,0.142569608,0.023743905,0.542244727
16,128,211318720,67,1.250017225,0.142569608,0.023743905,0.534495747
2,128,211318720,67,1.392274846,0.142569608,0.023743905,0.583593373
9,128,211318720,67,2.243166562,0.142569608,0.023743905,0.399413753
10,128,211318720,67,2.943990344,0.142569608,0.023743905,0.296869680
8,128,211318720,67,3.033962253,0.142569608,0.023743905,0.325946553
7,128,211318720,67,3.402770874,0.142569608,0.023743905,0.354613799
15,128,211318720,67,3.466173480,0.142569608,0.023743905,0.419729837
6,128,211318720,67,3.568602095,0.142569608,0.023743905,0.563609343
12,128,211318720,67,3.581590590,0.142569608,0.023743905,0.585608021
20,128,211318720,67,3.674540492,0.142569608,0.023743905,0.679024187
14,128,211318720,67,3.685748924,0.142569608,0.023743905,0.683166028
13,128,211318720,67,5.833909477,0.142569608,0.023743905,0.000004764
16,129,211318720,67,0.489137175,0.142569608,0.211502165,0.242504162
19,129,211318720,67,0.493632695,0.142569608,0.211502165,0.250289976
17,129,211318720,67,0.547917520,0.142569608,0.211502165,0.304753527
5,129,211318720,67,0.558534361,0.142569608,0.211502165,0.308129149
1,129,211318720,67,0.761743658,0.142569608,0.211502165,0.335672922
3,129,211318720,67,1.154481379,0.142569608,0.211502165,0.391141000
18,129,211318720,67,1.159637133,0.142569608,0.211502165,0.395949269
11,129,211318720,67,1.296869877,0.142569608,0.211502165,0.570841438
4,129,211318720,67,1.338425969,0.142569608,0.211502165,0.613117491
2,129,211318720,67,1.345865684,0.142569608,0.211502165,0.615351221
12,129,211318720,67,1.862427107,0.142569608,0.211502165,0.562633022
10,129,211318720,67,1.962660229,0.142569608,0.211502165,0.634702695
9,129,211318720,67,2.070615288,0.142569608,0.211502165,0.743647241
14,129,211318720,67,2.083249392,0.142569608,0.211502165,0.747501152
6,129,211318720,67,2.379068063,0.142569608,0.211502165,0.745422716
7,129,211318720,67,3.402770874,0.142569608,0.211502165,0.560919177
15,129,211318720,67,3.466173480,0.142569608,0.211502165,0.666661674
8,129,211318720,67,3.539622628,0.142569608,0.211502165,0.741285634
13,129,211318720,67,3.542016468,0.142569608,0.211502165,0.742257642
20,129,211318720,67,9.019326663,0.142569608,0.211502165,0.000004764
11,130,211318720,67,0.498796107,0.142569608,0.016854426,0.322838320
4,130,211318720,67,0.527258715,0.142569608,0.016854426,0.408638362
17,130,211318720,67,0.547917520,0.142569608,0.016854426,0.456905555
18,130,211318720,67,0.558343805,0.142569608,0.016854426,0.474696869
5,130,211318720,67,0.558534361,0.142569608,0.016854426,0.474851678
2,130,211318720,67,0.603319100,0.142569608,0.016854426,0.516174564
1,130,211318720,67,0.707333396,0.142569608,0.016854426,0.550787180
19,130,211318720,67,1.101180628,0.142569608,0.016854426,0.513194808
3,130,211318720,67,1.431556909,0.142569608,0.016854426,0.501003430
12,130,211318720,67,1.575899860,0.142569608,0.016854426,0.549085003
16,130,211318720,67,1.847851550,0.142569608,0.016854426,0.598701799
14,130,211318720,67,1.922999439,0.142569608,0.016854426,0.624629279
9,130,211318720,67,2.415717836,0.142569608,0.016854426,0.596284806
13,130,211318720,67,2.500246919,0.142569608,0.016854426,0.623276387
10,130,211318720,67,3.189322872,0.142569608,0.016854426,0.487226797
7,130,211318720,67,3.402770874,0.142569608,0.016854426,0.564940487
15,130,211318720,67,3.466173480,0.142569608,0.016854426,0.585567346
6,130,211318720,67,3.865985603,0.142569608,0.016854426,0.547196790
8,130,211318720,67,5.562264130,0.142569608,0.016854426,0.088653229
20,130,211318720,67,9.019326663,0.142569608,0.016854426,0.000004764
19,131,211318720,67,0.303773966,0.142569608,0.040489580,0.048526663
5,131,211318720,67,0.515570179,0.142569608,0.040489580,0.246295995
4,131,211318720,67,0.527258715,0.142569608,0.040489580,0.274116267
18,131,211318720,67,0.558343805,0.142569608,0.040489580,0.326395811
17,131,211318720,67,0.639237107,0.142569608,0.040489580,0.471587169
2,131,211318720,67,0.649728261,0.142569608,0.040489580,0.488823405
1,131,211318720,67,0.707333396,0.142569608,0.040489580,0.547338221
16,131,211318720,67,0.760880050,0.142569608,0.040489580,0.565902981
3,131,211318720,67,1.062122868,0.142569608,0.040489580,0.561298352
11,131,211318720,67,1.646027152,0.142569608,0.040489580,0.460668018
9,131,211318720,67,2.243166562,0.142569608,0.040489580,0.454503768
14,131,211318720,67,2.243499345,0.142569608,0.040489580,0.454588361
15,131,211318720,67,2.475838200,0.142569608,0.040489580,0.473600239
10,131,211318720,67,2.698657815,0.142569608,0.040489580,0.534933468
8,131,211318720,67,2.781132065,0.142569608,0.040489580,0.562324735
7,131,211318720,67,3.969899353,0.142569608,0.040489580,0.269782716
20,131,211318720,67,4.342638764,0.142569608,0.040489580,0.238772607
12,131,211318720,67,4.584435955,0.142569608,0.040489580,0.256383159
13,131,211318720,67,7.084032937,0.142569608,0.040489580,0.048581107
6,131,211318720,67,8.921505237,0.142569608,0.040489580,0.000004764
19,132,211318720,67,0.417689204,0.142569608,0.002982402,0.316889718
18,132,211318720,67,0.429495234,0.142569608,0.002982402,0.352373028
5,132,211318720,67,0.429641816,0.142569608,0.002982402,0.352727978
17,132,211318720,67,0.502257727,0.142569608,0.002982402,0.536290591
2,132,211318720,67,0.510500777,0.142569608,0.002982402,0.555283341
4,132,211318720,67,0.527258715,0.142569608,0.002982402,0.583535372
16,132,211318720,67,0.597834325,0.142569608,0.002982402,0.682882386
3,132,211318720,67,0.600330317,0.142569608,0.002982402,0.685329661
11,132,211318720,67,0.698314549,0.142569608,0.002982402,0.718627034
1,132,211318720,67,1.197025748,0.142569608,0.002982402,0.649720111
14,132,211318720,67,1.442249579,0.142569608,0.002982402,0.664304077
12,132,211318720,67,1.719163483,0.142569608,0.002982402,0.668105956
13,132,211318720,67,2.500246919,0.142569608,0.002982402,0.506445660
8,132,211318720,67,3.033962253,0.142569608,0.002982402,0.473218721
9,132,211318720,67,3.105922933,0.142569608,0.002982402,0.497139906
10,132,211318720,67,3.434655401,0.142569608,0.002982402,0.480060584
7,132,211318720,67,3.686335113,0.142569608,0.002982402,0.492324877
6,132,211318720,67,4.163369111,0.142569608,0.002982402,0.425955002
15,132,211318720,67,5.942011679,0.142569608,0.002982402,0.049115213
20,132,211318720,67,10.021474070,0.142569608,0.002982402,0.000004764
3,133,211318720,67,0.507971807,0.142569608,0.018752400,0.285541586
1,133,211318720,67,0.544102613,0.142569608,0.018752400,0.393480102
17,133,211318720,67,0.547917520,0.142569608,0.018752400,0.402410611
18,133,211318720,67,0.601293328,0.142569608,0.018752400,0.546122744
5,133,211318720,67,0.601498543,0.142569608,0.018752400,0.546576402
2,133,211318720,67,0.603319100,0.142569608,0.018752400,0.549804367
11,133,211318720,67,0.698314549,0.142569608,0.018752400,0.644231287
16,133,211318720,67,0.706531475,0.142569608,0.018752400,0.646992379
4,133,211318720,67,0.851725616,0.142569608,0.018752400,0.692677373
19,133,211318720,67,1.101180628,0.142569608,0.018752400,0.707958695
12,133,211318720,67,1.862427107,0.142569608,0.018752400,0.555872774
14,133,211318720,67,2.243499345,0.142569608,0.018752400,0.525377669
15,133,211318720,67,2.723422020,0.142569608,0.018752400,0.518415220
8,133,211318720,67,2.781132065,0.142569608,0.018752400,0.538540011
7,133,211318720,67,3.402770874,0.142569608,0.018752400,0.425625910
6,133,211318720,67,3.568602095,0.142569608,0.018752400,0.465851286
9,133,211318720,67,4.141230577,0.142569608,0.018752400,0.377117001
10,133,211318720,67,4.661318044,0.142569608,0.018752400,0.308165043
13,133,211318720,67,4.792139928,0.142569608,0.018752400,0.353429894
20,133,211318720,67,6.346933578,0.142569608,0.018752400,0.000004764
11,134,211318720,67,0.448916496,0.142569608,0.006789103,0.126874332
5,134,211318720,67,0.472605998,0.142569608,0.006789103,0.143486132
18,134,211318720,67,0.601293328,0.142569608,0.006789103,0.384747125
17,134,211318720,67,0.639237107,0.142569608,0.006789103,0.461519438
3,134,211318720,67,0.646509572,0.142569608,0.006789103,0.473590611
2,134,211318720,67,0.649728261,0.142569608,0.006789103,0.476827689
1,134,211318720,67,0.761743658,0.142569608,0.006789103,0.514782641
19,134,211318720,67,0.911321899,0.142569608,0.006789103,0.561585167
12,134,211318720,67,1.146108989,0.142569608,0.006789103,0.624957759
4,134,211318720,67,1.216750881,0.142569608,0.006789103,0.649373413
16,134,211318720,67,1.521760100,0.142569608,0.006789103,0.643516825
14,134,211318720,67,1.922999439,0.142569608,0.006789103,0.607528419
13,134,211318720,67,2.500246919,0.142569608,0.006789103,0.512444670
15,134,211318720,67,3.466173480,0.142569608,0.006789103,0.288889627
7,134,211318720,67,3.686335113,0.142569608,0.006789103,0.311130198
6,134,211318720,67,3.865985603,0.142569608,0.006789103,0.346969202
9,134,211318720,67,4.141230577,0.142569608,0.006789103,0.353511312
8,134,211318720,67,6.067924505,0.142569608,0.006789103,0.048582189
10,134,211318720,67,7.605308388,0.142569608,0.006789103,0.047932384
20,134,211318720,67,10.021474070,0.142569608,0.006789103,0.000004764
19,135,211318720,67,0.455660949,0.142569608,0.094975471,0.242777585
3,135,211318720,67,0.461792551,0.142569608,0.094975471,0.252928377
5,135,211318720,67,0.472605998,0.142569608,0.094975471,0.263726134
4,135,211318720,67,0.567817078,0.142569608,0.094975471,0.305053711
11,135,211318720,67,0.698314549,0.142569608,0.094975471,0.453739526
16,135,211318720,67,0.760880050,0.142569608,0.094975471,0.539661986
1,135,211318720,67,0.761743658,0.142569608,0.094975471,0.540536031
17,135,211318720,67,0.867536073,0.142569608,0.094975471,0.592143873
18,135,211318720,67,0.987839039,0.142569608,0.094975471,0.633009671
2,135,211318720,67,1.206638200,0.142569608,0.094975471,0.656282418
14,135,211318720,67,1.762749486,0.142569608,0.094975471,0.568607661
12,135,211318720,67,2.005690731,0.142569608,0.094975471,0.584877577
10,135,211318720,67,2.943990344,0.142569608,0.094975471,0.365941390
8,135,211318720,67,3.539622628,0.142569608,0.094975471,0.342704948
6,135,211318720,67,3.568602095,0.142569608,0.094975471,0.369909286
7,135,211318720,67,3.686335113,0.142569608,0.094975471,0.408384261
9,135,211318720,67,4.831435673,0.142569608,0.094975471,0.119957774
13,135,211318720,67,6.250617297,0.142569608,0.094975471,0.079994342
20,135,211318720,67,6.346933578,0.142569608,0.094975471,0.111826412
15,135,211318720,67,8.417849879,0.142569608,0.094975471,0.000004764
19,136,211318720,67,0.455660949,0.142569608,0.029946320,0.234319324
11,136,211318720,67,0.498796107,0.142569608,0.029946320,0.418085765
18,136,211318720,67,0.515394281,0.142569608,0.029946320,0.479075288
1,136,211318720,67,0.544102613,0.142569608,0.029946320,0.565233026
2,136,211318720,67,0.556909938,0.142569608,0.029946320,0.595431535
17,136,211318720,67,0.593577313,0.142569608,0.029946320,0.656272322
3,136,211318720,67,0.600330317,0.142569608,0.029946320,0.663232165
5,136,211318720,67,0.601498543,0.142569608,0.029946320,0.663490624
16,136,211318720,67,0.760880050,0.142569608,0.029946320,0.768116495
4,136,211318720,67,0.811167254,0.142569608,0.029946320,0.783243087
14,136,211318720,67,1.922999439,0.142569608,0.029946320,0.549511969
12,136,211318720,67,2.005690731,0.142569608,0.029946320,0.578465893
7,136,211318720,67,3.119206634,0.142569608,0.029946320,0.313536707
10,136,211318720,67,3.434655401,0.142569608,0.029946320,0.303091613
9,136,211318720,67,3.623576755,0.142569608,0.029946320,0.335054127
6,136,211318720,67,4.163369111,0.142569608,0.029946320,0.252431518
15,136,211318720,67,6.684763139,0.142569608,0.029946320,0.049340797
13,136,211318720,67,6.875679027,0.142569608,0.029946320,0.081380215
8,136,211318720,67,7.332075444,0.142569608,0.029946320,0.047414268
20,136,211318720,67,8.017179256,0.142569608,0.029946320,0.000004764
17,137,211318720,67,0.365278347,0.142569608,0.021759246,0.084014844
18,137,211318720,67,0.472444758,0.142569608,0.021759246,0.260856432
4,137,211318720,67,0.486700352,0.142569608,0.021759246,0.303391997
2,137,211318720,67,0.556909938,0.142569608,0.021759246,0.467875643
16,137,211318720,67,0.597834325,0.142569608,0.021759246,0.535488476
3,137,211318720,67,0.600330317,0.142569608,0.021759246,0.537870083
5,137,211318720,67,0.601498543,0.142569608,0.021759246,0.538329025
1,137,211318720,67,0.761743658,0.142569608,0.021759246,0.580571562
19,137,211318720,67,1.291039357,0.142569608,0.021759246,0.499658163
11,137,211318720,67,1.546267931,0.142569608,0.021759246,0.511696812
12,137,211318720,67,2.005690731,0.142569608,0.021759246,0.458603284
13,137,211318720,67,2.500246919,0.142569608,0.021759246,0.391688137
15,137,211318720,67,2.723422020,0.142569608,0.021759246,0.412892364
10,137,211318720,67,2.943990344,0.142569608,0.021759246,0.539554093
6,137,211318720,67,2.973835079,0.142569608,0.021759246,0.569886058
14,137,211318720,67,3.044749111,0.142569608,0.021759246,0.594236177
8,137,211318720,67,3.539622628,0.142569608,0.021759246,0.526866474
20,137,211318720,67,4.676687899,0.142569608,0.021759246,0.247756479
9,137,211318720,67,5.176538221,0.142569608,0.021759246,0.177533302
7,137,211318720,67,5.954849029,0.142569608,0.021759246,0.000004764
19,138,211318720,67,0.417689204,0.142569608,0.146609783,0.057191109
17,138,211318720,67,0.547917520,0.142569608,0.146609783,0.412865875
18,138,211318720,67,0.558343805,0.142569608,0.146609783,0.439051325
5,138,211318720,67,0.558534361,0.142569608,0.146609783,0.439505270
4,138,211318720,67,0.567817078,0.142569608,0.146609783,0.455040608
2,138,211318720,67,0.603319100,0.142569608,0.146609783,0.490940781
11,138,211318720,67,0.698314549,0.142569608,0.146609783,0.629423433
16,138,211318720,67,0.760880050,0.142569608,0.146609783,0.709290295
1,138,211318720,67,0.761743658,0.142569608,0.146609783,0.710252980
3,138,211318720,67,0.877405848,0.142569608,0.146609783,0.749000274
12,138,211318720,67,1.575899860,0.142569608,0.146609783,0.613058255
14,138,211318720,67,2.243499345,0.142569608,0.146609783,0.488968152
9,138,211318720,67,2.415717836,0.142569608,0.146609783,0.566306578
13,138,211318720,67,2.500246919,0.142569608,0.146609783,0.594803201
15,138,211318720,67,2.723422020,0.142569608,0.146609783,0.615158390
8,138,211318720,67,3.033962253,0.142569608,0.146609783,0.607582030
7,138,211318720,67,3.402770874,0.142569608,0.146609783,0.655912526
10,138,211318720,67,3.434655401,0.142569608,0.146609783,0.667475628
6,138,211318720,67,3.865985603,0.142569608,0.146609783,0.616197835
20,138,211318720,67,4.008589628,0.142569608,0.146609783,0.568672567
11,139,211318720,67,0.399036885,0.142569608,0.052795686,0.178898755
5,139,211318720,67,0.429641816,0.142569608,0.052795686,0.230324857
19,139,211318720,67,0.455660949,0.142569608,0.052795686,0.273327473
1,139,211318720,67,0.544102613,0.142569608,0.052795686,0.388959719
4,139,211318720,67,0.567817078,0.142569608,0.052795686,0.415353825
3,139,211318720,67,0.646509572,0.142569608,0.052795686,0.493670458
16,139,211318720,67,0.706531475,0.142569608,0.052795686,0.514572187
18,139,211318720,67,1.288485703,0.142569608,0.052795686,0.482938688
17,139,211318720,67,1.369793800,0.142569608,0.052795686,0.565416116
2,139,211318720,67,1.392274846,0.142569608,0.052795686,0.572977496
13,139,211318720,67,1.666831279,0.142569608,0.052795686,0.636434101
12,139,211318720,67,1.719163483,0.142569608,0.052795686,0.652904667
9,139,211318720,67,2.070615288,0.142569608,0.052795686,0.717529381
14,139,211318720,67,2.083249392,0.142569608,0.052795686,0.722012575
8,139,211318720,67,3.033962253,0.142569608,0.052795686,0.501833638
15,139,211318720,67,3.466173480,0.142569608,0.052795686,0.453583414
7,139,211318720,67,4.253463592,0.142569608,0.052795686,0.284208483
20,139,211318720,67,4.676687899,0.142569608,0.052795686,0.245032316
10,139,211318720,67,7.359975859,0.142569608,0.052795686,0.047742217
6,139,211318720,67,8.326738222,0.142569608,0.052795686,0.000004764
19,140,211318720,67,0.493632695,0.142569608,0.126889214,0.125178645
5,140,211318720,67,0.558534361,0.142569608,0.126889214,0.260635230
1,140,211318720,67,0.598512874,0.142569608,0.126889214,0.326840124
3,140,211318720,67,0.646509572,0.142569608,0.126889214,0.394337579
2,140,211318720,67,0.649728261,0.142569608,0.126889214,0.397055357
16,140,211318720,67,0.760880050,0.142569608,0.126889214,0.433742682
11,140,211318720,67,1.097351435,0.142569608,0.126889214,0.459737684
4,140,211318720,67,1.176192518,0.142569608,0.126889214,0.507326206
18,140,211318720,67,1.288485703,0.142569608,0.126889214,0.546350814
17,140,211318720,67,1.461113387,0.142569608,0.126889214,0.584408843
14,140,211318720,67,2.243499345,0.142569608,0.126889214,0.422574706
13,140,211318720,67,2.708600829,0.142569608,0.126889214,0.453627321
15,140,211318720,67,2.723422020,0.142569608,0.126889214,0.458833354
8,140,211318720,67,3.539622628,0.142569608,0.126889214,0.399110640
6,140,211318720,67,3.568602095,0.142569608,0.126889214,0.428284511
9,140,211318720,67,3.623576755,0.142569608,0.126889214,0.447849523
10,140,211318720,67,4.170652987,0.142569608,0.126889214,0.374605649
12,140,211318720,67,4.297908708,0.142569608,0.126889214,0.416829118
7,140,211318720,67,5.954849029,0.142569608,0.126889214,0.048049628
20,140,211318720,67,8.017179256,0.142569608,0.126889214,0.000004764
4,141,211318720,67,0.365025264,0.142569608,0.034190174,0.089765992
17,141,211318720,67,0.456597933,0.142569608,0.034190174,0.207444760
19,141,211318720,67,0.493632695,0.142569608,0.034190174,0.243948599
18,141,211318720,67,0.558343805,0.142569608,0.034190174,0.298309734
1,141,211318720,67,0.652923135,0.142569608,0.034190174,0.331021493
2,141,211318720,67,0.974592392,0.142569608,0.034190174,0.375488843
5,141,211318720,67,1.031140359,0.142569608,0.034190174,0.395164481
3,141,211318720,67,1.339198399,0.142569608,0.034190174,0.387684327
11,141,211318720,67,1.496388320,0.142569608,0.034190174,0.436795352
16,141,211318720,67,1.630457250,0.142569608,0.034190174,0.482705991
14,141,211318720,67,2.243499345,0.142569608,0.034190174,0.370810490
12,141,211318720,67,2.722008849,0.142569608,0.034190174,0.306997832
6,141,211318720,67,3.271218587,0.142569608,0.034190174,0.304208985
8,141,211318720,67,3.286792440,0.142569608,0.034190174,0.309590018
9,141,211318720,67,3.623576755,0.142569608,0.034190174,0.295796236
7,141,211318720,67,3.969899353,0.142569608,0.034190174,0.277128616
15,141,211318720,67,6.189595499,0.142569608,0.034190174,0.048272753
13,141,211318720,67,6.875679027,0.142569608,0.034190174,0.048109947
10,141,211318720,67,7.359975859,0.142569608,0.034190174,0.050222241
20,141,211318720,67,8.685277527,0.142569608,0.034190174,0.000004764
19,142,211318720,67,0.531604441,0.142569608,0.036436189,0.332755792
3,142,211318720,67,0.554151062,0.142569608,0.036436189,0.415548373
4,142,211318720,67,0.567817078,0.142569608,0.036436189,0.456756831
17,142,211318720,67,0.593577313,0.142569608,0.036436189,0.517320749
18,142,211318720,67,0.601293328,0.142569608,0.036436189,0.530329246
2,142,211318720,67,0.649728261,0.142569608,0.036436189,0.578335604
1,142,211318720,67,0.652923135,0.142569608,0.036436189,0.579521348
16,142,211318720,67,0.815228625,0.142569608,0.036436189,0.619047023
11,142,211318720,67,1.047471824,0.142569608,0.036436189,0.659679741
5,142,211318720,67,1.160032904,0.142569608,0.036436189,0.697913640
12,142,211318720,67,1.719163483,0.142569608,0.036436189,0.601762319
9,142,211318720,67,2.415717836,0.142569608,0.036436189,0.470180703
13,142,211318720,67,2.916954739,0.142569608,0.036436189,0.456128797
6,142,211318720,67,2.973835079,0.142569608,0.036436189,0.475204321
7,142,211318720,67,3.119206634,0.142569608,0.036436189,0.521609477
8,142,211318720,67,3.539622628,0.142569608,0.036436189,0.477673592
20,142,211318720,67,4.676687899,0.142569608,0.036436189,0.274517599
15,142,211318720,67,4.704092579,0.142569608,0.036436189,0.283650021
14,142,211318720,67,5.127998503,0.142569608,0.036436189,0.238522374
10,142,211318720,67,8.095973445,0.142569608,0.036436189,0.000004764
4,143,211318720,67,0.486700352,0.142569608,0.001162422,0.210867862
5,143,211318720,67,0.515570179,0.142569608,0.001162422,0.262983149
19,143,211318720,67,0.531604441,0.142569608,0.001162422,0.289800258
16,143,211318720,67,0.597834325,0.142569608,0.001162422,0.357170290
1,143,211318720,67,0.652923135,0.142569608,0.001162422,0.375386720
3,143,211318720,67,0.969764358,0.142569608,0.001162422,0.456997105
2,143,211318720,67,0.974592392,0.142569608,0.001162422,0.458798364
12,143,211318720,67,1.146108989,0.142569608,0.001162422,0.496476084
17,143,211318720,67,1.369793800,0.142569608,0.001162422,0.609618109
18,143,211318720,67,1.374384750,0.142569608,0.001162422,0.610865188
11,143,211318720,67,1.546267931,0.142569608,0.001162422,0.650011343
9,143,211318720,67,2.070615288,0.142569608,0.001162422,0.574261042
8,143,211318720,67,2.781132065,0.142569608,0.001162422,0.439377376
13,143,211318720,67,2.916954739,0.142569608,0.001162422,0.544105048
15,143,211318720,67,2.971005840,0.142569608,0.001162422,0.562309467
10,143,211318720,67,3.434655401,0.142569608,0.001162422,0.507749176
6,143,211318720,67,3.568602095,0.142569608,0.001162422,0.551984980
14,143,211318720,67,5.127998503,0.142569608,0.001162422,0.128448861
7,143,211318720,67,5.387720550,0.142569608,0.001162422,0.136037510
20,143,211318720,67,5.678835306,0.142569608,0.001162422,0.040149135
5,144,211318720,67,0.601498543,0.142569608,0.100281619,0.047450499
16,144,211318720,67,0.760880050,0.142569608,0.100281619,0.160107550
19,144,211318720,67,0.797406662,0.142569608,0.100281619,0.172817988
11,144,211318720,67,0.947712603,0.142569608,0.100281619,0.217793344
18,144,211318720,67,1.245536180,0.142569608,0.100281619,0.255472044
4,144,211318720,67,1.338425969,0.142569608,0.100281619,0.426578966
17,144,211318720,67,1.369793800,0.142569608,0.100281619,0.498112921
1,144,211318720,67,1.414666793,0.142569608,0.100281619,0.573287283
3,144,211318720,67,1.431556909,0.142569608,0.100281619,0.590410860
2,144,211318720,67,1.485093169,0.142569608,0.100281619,0.608598547
13,144,211318720,67,2.291893009,0.142569608,0.100281619,0.450010049
9,144,211318720,67,2.415717836,0.142569608,0.100281619,0.489197551
14,144,211318720,67,3.044749111,0.142569608,0.100281619,0.421538372
7,144,211318720,67,3.119206634,0.142569608,0.100281619,0.446205195
8,144,211318720,67,3.286792440,0.142569608,0.100281619,0.486147293
10,144,211318720,67,3.434655401,0.142569608,0.100281619,0.530789060
6,144,211318720,67,3.865985603,0.142569608,0.100281619,0.485450019
12,144,211318720,67,4.154645085,0.142569608,0.100281619,0.487150105
15,144,211318720,67,5.199260219,0.142569608,0.100281619,0.235324617
20,144,211318720,67,9.353375798,0.142569608,0.100281619,0.000004764
19,145,211318720,67,0.493632695,0.142569608,0.081214137,0.214996204
3,145,211318720,67,0.507971807,0.142569608,0.081214137,0.229847594
2,145,211318720,67,0.510500777,0.142569608,0.081214137,0.230796095
11,145,211318720,67,0.698314549,0.142569608,0.081214137,0.353022869
16,145,211318720,67,0.706531475,0.142569608,0.081214137,0.355811470
1,145,211318720,67,0.924974441,0.142569608,0.081214137,0.410886825
5,145,211318720,67,1.031140359,0.142569608,0.081214137,0.516773759
4,145,211318720,67,1.054517430,0.142569608,0.081214137,0.523969450
18,145,211318720,67,1.202586656,0.142569608,0.081214137,0.584782454
17,145,211318720,67,1.324134007,0.142569608,0.081214137,0.647660213
12,145,211318720,67,1.432636236,0.142569608,0.081214137,0.684601474
9,145,211318720,67,2.070615288,0.142569608,0.081214137,0.572301604
10,145,211318720,67,2.207992758,0.142569608,0.081214137,0.619317111
15,145,211318720,67,3.466173480,0.142569608,0.081214137,0.294782647
6,145,211318720,67,3.865985603,0.142569608,0.081214137,0.282586992
7,145,211318720,67,3.969899353,0.142569608,0.081214137,0.386200598
20,145,211318720,67,4.008589628,0.142569608,0.081214137,0.399763428
14,145,211318720,67,5.127998503,0.142569608,0.081214137,0.126737160
8,145,211318720,67,6.573584881,0.142569608,0.081214137,0.051197148
13,145,211318720,67,7.084032937,0.142569608,0.081214137,0.000004764
3,146,211318720,67,0.461792551,0.142569608,0.034599960,0.254317298
18,146,211318720,67,0.515394281,0.142569608,0.034599960,0.461894751
19,146,211318720,67,0.531604441,0.142569608,0.034599960,0.521753312
16,146,211318720,67,0.543485750,0.142569608,0.034599960,0.557729574
2,146,211318720,67,0.556909938,0.142569608,0.034599960,0.589289756
4,146,211318720,67,0.567817078,0.142569608,0.034599960,0.609373285
5,146,211318720,67,0.601498543,0.142569608,0.034599960,0.665964655
17,146,211318720,67,0.639237107,0.142569608,0.034599960,0.703805772
1,146,211318720,67,0.707333396,0.142569608,0.034599960,0.726314499
11,146,211318720,67,0.947712603,0.142569608,0.034599960,0.739221756
12,146,211318720,67,1.146108989,0.142569608,0.034599960,0.769427707
14,146,211318720,67,2.083249392,0.142569608,0.034599960,0.551224537
13,146,211318720,67,2.916954739,0.142569608,0.034599960,0.428630917
6,146,211318720,67,2.973835079,0.142569608,0.034599960,0.454013693
9,146,211318720,67,3.105922933,0.142569608,0.034599960,0.497370760
7,146,211318720,67,3.686335113,0.142569608,0.034599960,0.402890829
20,146,211318720,67,4.676687899,0.142569608,0.034599960,0.250333052
15,146,211318720,67,4.704092579,0.142569608,0.034599960,0.259759319
8,146,211318720,67,7.079245256,0.142569608,0.034599960,0.050288859
10,146,211318720,67,8.095973445,0.142569608,0.034599960,0.000004764
18,147,211318720,67,0.472444758,0.142569608,0.052076247,0.225379681
2,147,211318720,67,0.510500777,0.142569608,0.052076247,0.314886405
19,147,211318720,67,0.531604441,0.142569608,0.052076247,0.349477668
5,147,211318720,67,0.558534361,0.142569608,0.052076247,0.376491956
17,147,211318720,67,0.593577313,0.142569608,0.052076247,0.388402853
16,147,211318720,67,0.760880050,0.142569608,0.052076247,0.427779764
11,147,211318720,67,0.947712603,0.142569608,0.052076247,0.460302030
3,147,211318720,67,1.108302123,0.142569608,0.052076247,0.502260116
4,147,211318720,67,1.338425969,0.142569608,0.052076247,0.522056596
1,147,211318720,67,1.577897577,0.142569608,0.052076247,0.617232712
14,147,211318720,67,1.602499532,0.142569608,0.052076247,0.640531857
12,147,211318720,67,1.719163483,0.142569608,0.052076247,0.679860336
9,147,211318720,67,2.243166562,0.142569608,0.052076247,0.601848544
8,147,211318720,67,3.033962253,0.142569608,0.052076247,0.438465982
20,147,211318720,67,4.342638764,0.142569608,0.052076247,0.101989369
15,147,211318720,67,5.199260219,0.142569608,0.052076247,0.046896266
13,147,211318720,67,7.084032937,0.142569608,0.052076247,0.047630392
10,147,211318720,67,7.359975859,0.142569608,0.052076247,0.050156956
7,147,211318720,67,8.223362945,0.142569608,0.052076247,0.046360248
6,147,211318720,67,8.624121730,0.142569608,0.052076247,0.000004764
4,148,211318720,67,0.446141990,0.142569608,0.031161413,0.260294575
18,148,211318720,67,0.472444758,0.142569608,0.031161413,0.332864460
17,148,211318720,67,0.502257727,0.142569608,0.031161413,0.402502863
5,148,211318720,67,0.515570179,0.142569608,0.031161413,0.430520296
1,148,211318720,67,0.544102613,0.142569608,0.031161413,0.478515220
11,148,211318720,67,0.598555328,0.142569608,0.031161413,0.556053231
2,148,211318720,67,0.649728261,0.142569608,0.031161413,0.606925681
16,148,211318720,67,0.706531475,0.142569608,0.031161413,0.626879963
3,148,211318720,67,1.062122868,0.142569608,0.031161413,0.675101979
19,148,211318720,67,1.101180628,0.142569608,0.031161413,0.688478424
12,148,211318720,67,2.005690731,0.142569608,0.031161413,0.483048999
9,148,211318720,67,2.415717836,0.142569608,0.031161413,0.480748136
13,148,211318720,67,2.500246919,0.142569608,0.031161413,0.510592797
20,148,211318720,67,3.006442221,0.142569608,0.031161413,0.441811054
14,148,211318720,67,3.365249018,0.142569608,0.031161413,0.515929307
7,148,211318720,67,3.402770874,0.142569608,0.031161413,0.557914833
15,148,211318720,67,3.466173480,0.142569608,0.031161413,0.622125349
8,148,211318720,67,3.539622628,0.142569608,0.031161413,0.645936607
6,148,211318720,67,3.865985603,0.142569608,0.031161413,0.631951171
10,148,211318720,67,4.661318044,0.142569608,0.031161413,0.370896847
4,149,211318720,67,0.324466901,0.142569608,0.000731570,0.085862543
17,149,211318720,67,0.410938140,0.142569608,0.000731570,0.181210989
19,149,211318720,67,0.493632695,0.142569608,0.000731570,0.340239608
5,149,211318720,67,0.515570179,0.142569608,0.000731570,0.382499757
18,149,211318720,67,0.558343805,0.142569608,0.000731570,0.453755005
11,149,211318720,67,0.598555328,0.142569608,0.000731570,0.516061655
2,149,211318720,67,0.649728261,0.142569608,0.000731570,0.588471655
1,149,211318720,67,0.707333396,0.142569608,0.000731570,0.658842604
16,149,211318720,67,0.760880050,0.142569608,0.000731570,0.712897539
3,149,211318720,67,0.831226593,0.142569608,0.000731570,0.736223991
9,149,211318720,67,1.898064014,0.142569608,0.000731570,0.479252382
14,149,211318720,67,2.243499345,0.142569608,0.000731570,0.460813615
10,149,211318720,67,2.453325286,0.142569608,0.000731570,0.486954692
8,149,211318720,67,3.033962253,0.142569608,0.000731570,0.392304563
12,149,211318720,67,4.441172332,0.142569608,0.000731570,0.049554275
20,149,211318720,67,4.676687899,0.142569608,0.000731570,0.067798602
13,149,211318720,67,6.042263387,0.142569608,0.000731570,0.047168175
7,149,211318720,67,6.805541747,0.142569608,0.000731570,0.059639845
15,149,211318720,67,6.932346959,0.142569608,0.000731570,0.102527786
6,149,211318720,67,7.137204190,0.142569608,0.000731570,0.033869355
19,150,211318720,67,0.417689204,0.142569608,0.090968251,0.088381886
18,150,211318720,67,0.515394281,0.142569608,0.090968251,0.311780182
17,150,211318720,67,0.547917520,0.142569608,0.090968251,0.366994230
2,150,211318720,67,0.556909938,0.142569608,0.090968251,0.376622665
4,150,211318720,67,0.567817078,0.142569608,0.090968251,0.388120664
11,150,211318720,67,0.698314549,0.142569608,0.090968251,0.485405027
16,150,211318720,67,0.760880050,0.142569608,0.090968251,0.507394098
1,150,211318720,67,1.033794964,0.142569608,0.090968251,0.512878254
5,150,211318720,67,1.202997085,0.142569608,0.090968251,0.588260635
3,150,211318720,67,1.293019144,0.142569608,0.090968251,0.618349048
9,150,211318720,67,2.415717836,0.142569608,0.090968251,0.339559768
14,150,211318720,67,2.724249205,0.142569608,0.090968251,0.333802228
12,150,211318720,67,3.008536096,0.142569608,0.090968251,0.336598405
7,150,211318720,67,3.969899353,0.142569608,0.090968251,0.112734723
6,150,211318720,67,4.163369111,0.142569608,0.090968251,0.145556914
13,150,211318720,67,5.833909477,0.142569608,0.090968251,0.047844426
8,150,211318720,67,6.573584881,0.142569608,0.090968251,0.048151309
10,150,211318720,67,7.114643330,0.142569608,0.090968251,0.048265041
15,150,211318720,67,7.427514599,0.142569608,0.090968251,0.048555838
20,150,211318720,67,10.021474070,0.142569608,0.090968251,0.000004764
5,151,211318720,67,0.472605998,0.142569608,0.031101843,0.199692582
4,151,211318720,67,0.486700352,0.142569608,0.031101843,0.223635423
19,151,211318720,67,0.531604441,0.142569608,0.031101843,0.267907518
11,151,211318720,67,0.598555328,0.142569608,0.031101843,0.289292555
3,151,211318720,67,0.923585103,0.142569608,0.031101843,0.278780411
18,151,211318720,67,1.288485703,0.142569608,0.031101843,0.261208683
1,151,211318720,67,1.414666793,0.142569608,0.031101843,0.352801686
17,151,211318720,67,1.506773180,0.142569608,0.031101843,0.493256810
2,151,211318720,67,1.531502330,0.142569608,0.031101843,0.517782310
16,151,211318720,67,1.576108675,0.142569608,0.031101843,0.532970680
12,151,211318720,67,2.005690731,0.142569608,0.031101843,0.484376722
9,151,211318720,67,2.588269110,0.142569608,0.031101843,0.384656063
8,151,211318720,67,2.781132065,0.142569608,0.031101843,0.413663774
15,151,211318720,67,2.971005840,0.142569608,0.031101843,0.446676985
7,151,211318720,67,3.119206634,0.142569608,0.031101843,0.492941078
10,151,211318720,67,3.434655401,0.142569608,0.031101843,0.485676067
6,151,211318720,67,3.865985603,0.142569608,0.031101843,0.436541794
14,151,211318720,67,4.326748737,0.142569608,0.031101843,0.464005727
20,151,211318720,67,4.342638764,0.142569608,0.031101843,0.469749794
13,151,211318720,67,5.833909477,0.142569608,0.031101843,0.000004764
4,152,211318720,67,0.405583627,0.142569608,0.008266981,0.048415900
18,152,211318720,67,0.558343805,0.142569608,0.008266981,0.221452308
5,152,211318720,67,0.558534361,0.142569608,0.008266981,0.221797745
16,152,211318720,67,0.652182900,0.142569608,0.008266981,0.317456106
11,152,211318720,67,0.698314549,0.142569608,0.008266981,0.332876398
19,152,211318720,67,1.177124119,0.142569608,0.008266981,0.268547651
17,152,211318720,67,1.324134007,0.142569608,0.008266981,0.446767919
3,152,211318720,67,1.339198399,0.142569608,0.008266981,0.461551841
2,152,211318720,67,1.392274846,0.142569608,0.008266981,0.478692692
1,152,211318720,67,1.577897577,0.142569608,0.008266981,0.511812631
12,152,211318720,67,1.719163483,0.142569608,0.008266981,0.559922647
15,152,211318720,67,1.980670560,0.142569608,0.008266981,0.570213270
14,152,211318720,67,2.243499345,0.142569608,0.008266981,0.577571591
13,152,211318720,67,2.916954739,0.142569608,0.008266981,0.450659556
9,152,211318720,67,3.796128029,0.142569608,0.008266981,0.253673224
8,152,211318720,67,4.803773567,0.142569608,0.008266981,0.046060602
7,152,211318720,67,5.387720550,0.142569608,0.008266981,0.049778450
6,152,211318720,67,5.947670158,0.142569608,0.008266981,0.048104685
20,152,211318720,67,6.346933578,0.142569608,0.008266981,0.046840533
10,152,211318720,67,7.850640916,0.142569608,0.008266981,0.000004764
19,153,211318720,67,0.493632695,0.142569608,0.003094157,0.158878225
11,153,211318720,67,0.548675717,0.142569608,0.003094157,0.241362526
18,153,211318720,67,0.558343805,0.142569608,0.003094157,0.250880664
2,153,211318720,67,0.649728261,0.142569608,0.003094157,0.302885414
16,153,211318720,67,0.760880050,0.142569608,0.003094157,0.366172237
17,153,211318720,67,0.867536073,0.142569608,0.003094157,0.402591929
5,153,211318720,67,1.074104540,0.142569608,0.003094157,0.431811294
4,153,211318720,67,1.257309243,0.142569608,0.003094157,0.476671351
3,153,211318720,67,1.385377654,0.142569608,0.003094157,0.523874532
1,153,211318720,67,1.523487315,0.142569608,0.003094157,0.570800616
12,153,211318720,67,2.005690731,0.142569608,0.003094157,0.557320048
9,153,211318720,67,2.070615288,0.142569608,0.003094157,0.578154850
6,153,211318720,67,2.379068063,0.142569608,0.003094157,0.585865158
13,153,211318720,67,2.500246919,0.142569608,0.003094157,0.626269708
7,153,211318720,67,3.119206634,0.142569608,0.003094157,0.519082640
15,153,211318720,67,3.466173480,0.142569608,0.003094157,0.497886925
14,153,211318720,67,4.166498784,0.142569608,0.003094157,0.359527708
8,153,211318720,67,7.332075444,0.142569608,0.003094157,0.125709610
10,153,211318720,67,7.359975859,0.142569608,0.003094157,0.135333038
20,153,211318720,67,10.689572341,0.142569608,0.003094157,0.000004764
19,154,211318720,67,0.379717458,0.142569608,0.073405832,0.072782291
4,154,211318720,67,0.486700352,0.142569608,0.073405832,0.125514711
2,154,211318720,67,0.603319100,0.142569608,0.073405832,0.256737961
11,154,211318720,67,0.648434939,0.142569608,0.073405832,0.303033615
16,154,211318720,67,0.706531475,0.142569608,0.073405832,0.343907667
5,154,211318720,67,0.816319451,0.142569608,0.073405832,0.379582840
17,154,211318720,67,1.278474213,0.142569608,0.073405832,0.324107133
18,154,211318720,67,1.417334273,0.142569608,0.073405832,0.370350772
3,154,211318720,67,1.570094675,0.142569608,0.073405832,0.468376396
1,154,211318720,67,1.632307838,0.142569608,0.073405832,0.497641619
14,154,211318720,67,1.762749486,0.142569608,0.073405832,0.541082275
10,154,211318720,67,3.189322872,0.142569608,0.073405832,0.213327087
8,154,211318720,67,3.286792440,0.142569608,0.073405832,0.310857370
12,154,211318720,67,3.295063343,0.142569608,0.073405832,0.313364136
6,154,211318720,67,4.163369111,0.142569608,0.073405832,0.187341210
15,154,211318720,67,4.208924939,0.142569608,0.073405832,0.201549113
13,154,211318720,67,4.792139928,0.142569608,0.073405832,0.101786683
9,154,211318720,67,5.176538221,0.142569608,0.073405832,0.069044072
7,154,211318720,67,9.074055663,0.142569608,0.073405832,0.048105142
20,154,211318720,67,9.687424934,0.142569608,0.073405832,0.000004764
4,155,211318720,67,0.446141990,0.142569608,0.111679778,0.313687765
5,155,211318720,67,0.472605998,0.142569608,0.111679778,0.410770636
19,155,211318720,67,0.493632695,0.142569608,0.111679778,0.473781160
2,155,211318720,67,0.510500777,0.142569608,0.111679778,0.513785250
16,155,211318720,67,0.543485750,0.142569608,0.111679778,0.568659594
3,155,211318720,67,0.554151062,0.142569608,0.111679778,0.579060782
18,155,211318720,67,0.558343805,0.142569608,0.111679778,0.580136329
1,155,211318720,67,0.761743658,0.142569608,0.111679778,0.609469721
11,155,211318720,67,0.947712603,0.142569608,0.111679778,0.642769895
17,155,211318720,67,1.552432973,0.142569608,0.111679778,0.539277009
12,155,211318720,67,1.719163483,0.142569608,0.111679778,0.580850879
14,155,211318720,67,2.243499345,0.142569608,0.111679778,0.502584771
15,155,211318720,67,2.971005840,0.142569608,0.111679778,0.356687605
10,155,211318720,67,3.434655401,0.142569608,0.111679778,0.298777988
6,155,211318720,67,3.865985603,0.142569608,0.111679778,0.277659072
7,155,211318720,67,3.969899353,0.142569608,0.111679778,0.382503661
20,155,211318720,67,4.008589628,0.142569608,0.111679778,0.395678719
9,155,211318720,67,5.176538221,0.142569608,0.111679778,0.105109051
13,155,211318720,67,5.833909477,0.142569608,0.111679778,0.046319583
8,155,211318720,67,7.584905632,0.142569608,0.111679778,0.000004764
4,156,211318720,67,0.446141990,0.142569608,0.006825890,0.091687347
3,156,211318720,67,0.554151062,0.142569608,0.006825890,0.460420308
5,156,211318720,67,0.558534361,0.142569608,0.006825890,0.478515256
16,156,211318720,67,0.597834325,0.142569608,0.006825890,0.623145679
18,156,211318720,67,0.601293328,0.142569608,0.006825890,0.633675975
2,156,211318720,67,0.603319100,0.142569608,0.006825890,0.638559041
17,156,211318720,67,0.639237107,0.142569608,0.006825890,0.698901246
1,156,211318720,67,0.652923135,0.142569608,0.006825890,0.712738932
11,156,211318720,67,0.698314549,0.142569608,0.006825890,0.731724116
19,156,211318720,67,0.835378407,0.142569608,0.006825890,0.778187514
12,156,211318720,67,1.719163483,0.142569608,0.006825890,0.580930425
9,156,211318720,67,2.070615288,0.142569608,0.006825890,0.563931553
13,156,211318720,67,2.291893009,0.142569608,0.006825890,0.585052346
6,156,211318720,67,2.676451571,0.142569608,0.006825890,0.577811265
8,156,211318720,67,2.781132065,0.142569608,0.006825890,0.613329325
15,156,211318720,67,3.218589660,0.142569608,0.006825890,0.565615210
7,156,211318720,67,3.402770874,0.142569608,0.006825890,0.675247650
10,156,211318720,67,3.434655401,0.142569608,0.006825890,0.685606521
20,156,211318720,67,4.342638764,0.142569608,0.006825890,0.480341200
14,156,211318720,67,5.127998503,0.142569608,0.006825890,0.220201258
19,157,211318720,67,0.455660949,0.142569608,0.197691873,0.104361884
18,157,211318720,67,0.515394281,0.142569608,0.197691873,0.218956957
11,157,211318720,67,0.598555328,0.142569608,0.197691873,0.410488699
2,157,211318720,67,0.603319100,0.142569608,0.197691873,0.418432911
17,157,211318720,67,0.639237107,0.142569608,0.197691873,0.468065794
3,157,211318720,67,0.646509572,0.142569608,0.197691873,0.475348569
1,157,211318720,67,0.761743658,0.142569608,0.197691873,0.514153087
4,157,211318720,67,1.054517430,0.142569608,0.197691873,0.515899817
5,157,211318720,67,1.288925448,0.142569608,0.197691873,0.530850939
16,157,211318720,67,1.630457250,0.142569608,0.197691873,0.511419172
14,157,211318720,67,3.365249018,0.142569608,0.197691873,0.123821703
10,157,211318720,67,3.434655401,0.142569608,0.197691873,0.219613393
15,157,211318720,67,3.466173480,0.142569608,0.197691873,0.250409529
8,157,211318720,67,3.539622628,0.142569608,0.197691873,0.279337231
20,157,211318720,67,3.674540492,0.142569608,0.197691873,0.323624319
12,157,211318720,67,4.154645085,0.142569608,0.197691873,0.257615017
9,157,211318720,67,4.486333125,0.142569608,0.197691873,0.241749517
6,157,211318720,67,5.650286650,0.142569608,0.197691873,0.049433146
13,157,211318720,67,6.250617297,0.142569608,0.197691873,0.047604607
7,157,211318720,67,6.805541747,0.142569608,0.197691873,0.000004764
18,158,211318720,67,0.472444758,0.142569608,0.026328744,0.279709730
3,158,211318720,67,0.507971807,0.142569608,0.026328744,0.397279568
4,158,211318720,67,0.527258715,0.142569608,0.026328744,0.467619519
16,158,211318720,67,0.543485750,0.142569608,0.026328744,0.516336392
11,158,211318720,67,0.548675717,0.142569608,0.026328744,0.528593551
5,158,211318720,67,0.601498543,0.142569608,0.026328744,0.616207570
17,158,211318720,67,0.639237107,0.142569608,0.026328744,0.654129451
19,158,211318720,67,0.645519678,0.142569608,0.026328744,0.656373420
1,158,211318720,67,1.251436009,0.142569608,0.026328744,0.580509081
2,158,211318720,67,1.345865684,0.142569608,0.026328744,0.613213432
12,158,211318720,67,1.575899860,0.142569608,0.026328744,0.632836044
14,158,211318720,67,1.762749486,0.142569608,0.026328744,0.667244832
8,158,211318720,67,3.033962253,0.142569608,0.026328744,0.342833435
10,158,211318720,67,3.189322872,0.142569608,0.026328744,0.424270132
9,158,211318720,67,3.278474207,0.142569608,0.026328744,0.453868330
7,158,211318720,67,3.969899353,0.142569608,0.026328744,0.323045394
20,158,211318720,67,4.676687899,0.142569608,0.026328744,0.184523975
6,158,211318720,67,5.352903142,0.142569608,0.026328744,0.057755261
13,158,211318720,67,6.875679027,0.142569608,0.026328744,0.049341180
15,158,211318720,67,8.417849879,0.142569608,0.026328744,0.000004764
18,159,211318720,67,0.472444758,0.142569608,0.002955737,0.287017867
4,159,211318720,67,0.486700352,0.142569608,0.002955737,0.318935158
3,159,211318720,67,0.507971807,0.142569608,0.002955737,0.361265912
11,159,211318720,67,0.548675717,0.142569608,0.002955737,0.429025720
2,159,211318720,67,0.556909938,0.142569608,0.002955737,0.436619649
17,159,211318720,67,0.639237107,0.142569608,0.002955737,0.477134174
16,159,211318720,67,0.760880050,0.142569608,0.002955737,0.517873658
19,159,211318720,67,0.911321899,0.142569608,0.002955737,0.563525230
5,159,211318720,67,1.331889630,0.142569608,0.002955737,0.522412005
1,159,211318720,67,1.686718099,0.142569608,0.002955737,0.501978153
12,159,211318720,67,1.862427107,0.142569608,0.002955737,0.567229061
10,159,211318720,67,1.962660229,0.142569608,0.002955737,0.601456982
14,159,211318720,67,2.243499345,0.142569608,0.002955737,0.673173632
8,159,211318720,67,2.275471690,0.142569608,0.002955737,0.684009389
9,159,211318720,67,2.415717836,0.142569608,0.002955737,0.730654045
13,159,211318720,67,2.916954739,0.142569608,0.002955737,0.755311217
15,159,211318720,67,2.971005840,0.142569608,0.002955737,0.808596555
20,159,211318720,67,3.006442221,0.142569608,0.002955737,0.821143126
6,159,211318720,67,3.568602095,0.142569608,0.002955737,0.728470019
7,159,211318720,67,8.790491424,0.142569608,0.002955737,0.000004764
19,160,211318720,67,0.417689204,0.142569608,0.007358814,0.197900350
18,160,211318720,67,0.429495234,0.142569608,0.007358814,0.209754212
2,160,211318720,67,0.464091615,0.142569608,0.007358814,0.230000057
17,160,211318720,67,0.593577313,0.142569608,0.007358814,0.353335320
3,160,211318720,67,0.646509572,0.142569608,0.007358814,0.406983088
16,160,211318720,67,0.706531475,0.142569608,0.007358814,0.427268668
5,160,211318720,67,0.945211995,0.142569608,0.007358814,0.535803716
11,160,211318720,67,0.947712603,0.142569608,0.007358814,0.536740591
1,160,211318720,67,1.251436009,0.142569608,0.007358814,0.541346949
4,160,211318720,67,1.378984331,0.142569608,0.007358814,0.585743311
12,160,211318720,67,1.862427107,0.142569608,0.007358814,0.520577507
9,160,211318720,67,2.415717836,0.142569608,0.007358814,0.435124181
13,160,211318720,67,2.708600829,0.142569608,0.007358814,0.478661244
8,160,211318720,67,2.781132065,0.142569608,0.007358814,0.503666244
7,160,211318720,67,3.119206634,0.142569608,0.007358814,0.563402726
10,160,211318720,67,3.189322872,0.142569608,0.007358814,0.674056471
15,160,211318720,67,3.218589660,0.142569608,0.007358814,0.703941378
6,160,211318720,67,3.271218587,0.142569608,0.007358814,0.722445378
14,160,211318720,67,4.486998690,0.142569608,0.007358814,0.415449226
20,160,211318720,67,8.685277527,0.142569608,0.007358814,0.000004764
4,161,211318720,67,0.365025264,0.142569608,0.123079084,0.069856750
18,161,211318720,67,0.472444758,0.142569608,0.123079084,0.111885905
5,161,211318720,67,0.601498543,0.142569608,0.123079084,0.250771185
3,161,211318720,67,0.646509572,0.142569608,0.123079084,0.312788126
11,161,211318720,67,0.698314549,0.142569608,0.123079084,0.364572919
1,161,211318720,67,0.761743658,0.142569608,0.123079084,0.386394787
17,161,211318720,67,0.958855660,0.142569608,0.123079084,0.418348443
19,161,211318720,67,1.139152374,0.142569608,0.123079084,0.454587890
2,161,211318720,67,1.392274846,0.142569608,0.123079084,0.465613455
16,161,211318720,67,1.630457250,0.142569608,0.123079084,0.553547807
13,161,211318720,67,1.666831279,0.142569608,0.123079084,0.564887784
15,161,211318720,67,1.980670560,0.142569608,0.123079084,0.555092831
14,161,211318720,67,2.243499345,0.142569608,0.123079084,0.565215611
9,161,211318720,67,2.415717836,0.142569608,0.123079084,0.602869883
12,161,211318720,67,2.722008849,0.142569608,0.123079084,0.595944466
8,161,211318720,67,3.286792440,0.142569608,0.123079084,0.519474981
7,161,211318720,67,3.402770874,0.142569608,0.123079084,0.630594402
10,161,211318720,67,3.434655401,0.142569608,0.123079084,0.641058431
6,161,211318720,67,3.865985603,0.142569608,0.123079084,0.596528201
20,161,211318720,67,4.008589628,0.142569608,0.123079084,0.548982507
19,162,211318720,67,0.455660949,0.142569608,0.037689399,0.188488486
5,162,211318720,67,0.472605998,0.142569608,0.037689399,0.224358939
3,162,211318720,67,0.554151062,0.142569608,0.037689399,0.397714229
18,162,211318720,67,0.558343805,0.142569608,0.037689399,0.407506700
2,162,211318720,67,0.603319100,0.142569608,0.037689399,0.482876721
11,162,211318720,67,0.648434939,0.142569608,0.037689399,0.528712728
4,162,211318720,67,0.689492166,0.142569608,0.037689399,0.542644261
17,162,211318720,67,1.050175247,0.142569608,0.037689399,0.512099437
12,162,211318720,67,1.432636236,0.142569608,0.037689399,0.480458287
16,162,211318720,67,1.739154400,0.142569608,0.037689399,0.534502201
1,162,211318720,67,1.795538622,0.142569608,0.037689399,0.554178085
9,162,211318720,67,2.070615288,0.142569608,0.037689399,0.558354895
10,162,211318720,67,2.698657815,0.142569608,0.037689399,0.446801434
13,162,211318720,67,3.125308648,0.142569608,0.037689399,0.405542346
7,162,211318720,67,3.402770874,0.142569608,0.037689399,0.409771314
6,162,211318720,67,4.163369111,0.142569608,0.037689399,0.253296497
20,162,211318720,67,4.676687899,0.142569608,0.037689399,0.182962788
14,162,211318720,67,4.807498597,0.142569608,0.037689399,0.225113843
8,162,211318720,67,5.309433942,0.142569608,0.037689399,0.156333294
15,162,211318720,67,7.179930779,0.142569608,0.037689399,0.000004764
19,163,211318720,67,0.455660949,0.142569608,0.130992755,0.213855089
17,163,211318720,67,0.502257727,0.142569608,0.130992755,0.351690105
18,163,211318720,67,0.515394281,0.142569608,0.130992755,0.382382202
5,163,211318720,67,0.558534361,0.142569608,0.130992755,0.456502984
4,163,211318720,67,0.567817078,0.142569608,0.130992755,0.472148121
3,163,211318720,67,0.600330317,0.142569608,0.130992755,0.505433943
11,163,211318720,67,0.698314549,0.142569608,0.130992755,0.538624397
2,163,211318720,67,0.974592392,0.142569608,0.130992755,0.542007628
16,163,211318720,67,1.630457250,0.142569608,0.130992755,0.425034917
1,163,211318720,67,1.795538622,0.142569608,0.130992755,0.467429869
20,163,211318720,67,2.672393085,0.142569608,0.130992755,0.269030836
10,163,211318720,67,2.943990344,0.142569608,0.130992755,0.380952108
15,163,211318720,67,2.971005840,0.142569608,0.130992755,0.408083394
14,163,211318720,67,3.044749111,0.142569608,0.130992755,0.433831089
8,163,211318720,67,3.286792440,0.142569608,0.130992755,0.449160737
12,163,211318720,67,3.868117837,0.142569608,0.130992755,0.346415999
6,163,211318720,67,4.163369111,0.142569608,0.130992755,0.342807873
9,163,211318720,67,5.176538221,0.142569608,0.130992755,0.102009688
13,163,211318720,67,7.084032937,0.142569608,0.130992755,0.047621165
7,163,211318720,67,9.074055663,0.142569608,0.130992755,0.000004764
19,164,211318720,67,0.493632695,0.142569608,0.044563081,0.105264895
11,164,211318720,67,0.548675717,0.142569608,0.044563081,0.184254031
17,164,211318720,67,0.639237107,0.142569608,0.044563081,0.276571987
16,164,211318720,67,0.652182900,0.142569608,0.044563081,0.280884729
2,164,211318720,67,0.974592392,0.142569608,0.044563081,0.302252771
3,164,211318720,67,1.062122868,0.142569608,0.044563081,0.389778161
18,164,211318720,67,1.116687609,0.142569608,0.044563081,0.440710773
4,164,211318720,67,1.216750881,0.142569608,0.044563081,0.541369852
1,164,211318720,67,1.251436009,0.142569608,0.044563081,0.552569233
5,164,211318720,67,1.417817993,0.142569608,0.044563081,0.592577261
14,164,211318720,67,2.243499345,0.142569608,0.044563081,0.412919293
9,164,211318720,67,2.415717836,0.142569608,0.044563081,0.451031435
13,164,211318720,67,2.708600829,0.142569608,0.044563081,0.536288777
12,164,211318720,67,2.722008849,0.142569608,0.044563081,0.540758898
10,164,211318720,67,3.434655401,0.142569608,0.044563081,0.425597453
8,164,211318720,67,3.539622628,0.142569608,0.044563081,0.460179232
6,164,211318720,67,3.865985603,0.142569608,0.044563081,0.448238460
20,164,211318720,67,4.342638764,0.142569608,0.044563081,0.402667852
15,164,211318720,67,4.456508759,0.142569608,0.044563081,0.441413307
7,164,211318720,67,5.387720550,0.142569608,0.044563081,0.133888042
18,165,211318720,67,0.343596187,0.142569608,0.020139726,0.047480466
4,165,211318720,67,0.567817078,0.142569608,0.020139726,0.155534554
17,165,211318720,67,0.639237107,0.142569608,0.020139726,0.240967462
2,165,211318720,67,0.649728261,0.142569608,0.020139726,0.252019649
1,165,211318720,67,0.761743658,0.142569608,0.020139726,0.288939707
19,165,211318720,67,1.139152374,0.142569608,0.020139726,0.339181419
5,165,211318720,67,1.160032904,0.142569608,0.020139726,0.346450850
3,165,211318720,67,1.339198399,0.142569608,0.020139726,0.406944965
11,165,211318720,67,1.446508709,0.142569608,0.020139726,0.440607802
12,165,211318720,67,1.719163483,0.142569608,0.020139726,0.490516174
16,165,211318720,67,1.793502975,0.142569608,0.020139726,0.541651016
9,165,211318720,67,1.898064014,0.142569608,0.020139726,0.576473426
14,165,211318720,67,2.243499345,0.142569608,0.020139726,0.557449592
13,165,211318720,67,2.708600829,0.142569608,0.020139726,0.496807815
8,165,211318720,67,3.033962253,0.142569608,0.020139726,0.486652690
7,165,211318720,67,3.686335113,0.142569608,0.020139726,0.363768944
10,165,211318720,67,4.661318044,0.142569608,0.020139726,0.138398165
20,165,211318720,67,6.012884442,0.142569608,0.020139726,0.046195768
15,165,211318720,67,8.417849879,0.142569608,0.020139726,0.048290791
6,165,211318720,67,9.813655761,0.142569608,0.020139726,0.000004764
4,166,211318720,67,0.405583627,0.142569608,0.013519407,0.227546698
17,166,211318720,67,0.410938140,0.142569608,0.013519407,0.233198355
19,166,211318720,67,0.417689204,0.142569608,0.013519407,0.237828096
2,166,211318720,67,0.556909938,0.142569608,0.013519407,0.417687673
16,166,211318720,67,0.597834325,0.142569608,0.013519407,0.485562767
18,166,211318720,67,0.601293328,0.142569608,0.013519407,0.489082849
11,166,211318720,67,0.698314549,0.142569608,0.013519407,0.521463479
3,166,211318720,67,1.062122868,0.142569608,0.013519407,0.498112989
5,166,211318720,67,1.460782175,0.142569608,0.013519407,0.462369949
1,166,211318720,67,1.632307838,0.142569608,0.013519407,0.500201042
8,166,211318720,67,2.022641502,0.142569608,0.013519407,0.466210234
14,166,211318720,67,2.243499345,0.142569608,0.013519407,0.489251722
12,166,211318720,67,2.722008849,0.142569608,0.013519407,0.427950360
9,166,211318720,67,3.278474207,0.142569608,0.013519407,0.338977569
13,166,211318720,67,4.792139928,0.142569608,0.013519407,0.048242377
10,166,211318720,67,5.642648159,0.142569608,0.013519407,0.048656924
15,166,211318720,67,7.179930779,0.142569608,0.013519407,0.049439647
7,166,211318720,67,8.223362945,0.142569608,0.013519407,0.049713563
20,166,211318720,67,9.019326663,0.142569608,0.013519407,0.048261471
6,166,211318720,67,9.813655761,0.142569608,0.013519407,0.000004764
18,167,211318720,67,0.343596187,0.142569608,0.105542734,0.117874832
19,167,211318720,67,0.379717458,0.142569608,0.105542734,0.137758909
2,167,211318720,67,0.510500777,0.142569608,0.105542734,0.251394063
3,167,211318720,67,0.554151062,0.142569608,0.105542734,0.324563545
11,167,211318720,67,0.648434939,0.142569608,0.105542734,0.438245805
16,167,211318720,67,0.652182900,0.142569608,0.105542734,0.442114137
1,167,211318720,67,0.761743658,0.142569608,0.105542734,0.479427807
17,167,211318720,67,0.958855660,0.142569608,0.105542734,0.538001451
4,167,211318720,67,1.054517430,0.142569608,0.105542734,0.571259577
5,167,211318720,67,1.288925448,0.142569608,0.105542734,0.589676321
9,167,211318720,67,1.898064014,0.142569608,0.105542734,0.483625790
13,167,211318720,67,2.500246919,0.142569608,0.105542734,0.375395643
10,167,211318720,67,3.189322872,0.142569608,0.105542734,0.319005104
15,167,211318720,67,3.218589660,0.142569608,0.105542734,0.329666092
12,167,211318720,67,3.438326967,0.142569608,0.105542734,0.382175392
8,167,211318720,67,3.539622628,0.142569608,0.105542734,0.415061737
7,167,211318720,67,3.969899353,0.142569608,0.105542734,0.369960967
14,167,211318720,67,4.967748550,0.142569608,0.105542734,0.138600251
20,167,211318720,67,8.017179256,0.142569608,0.105542734,0.047589556
6,167,211318720,67,8.029354714,0.142569608,0.105542734,0.043536451
19,168,211318720,67,0.455660949,0.142569640,0.021818655,0.052408132
17,168,211318720,67,0.593577313,0.142569640,0.021818655,0.336923875
18,168,211318720,67,0.601293328,0.142569640,0.021818655,0.349843958
2,168,211318720,67,0.603319100,0.142569640,0.021818655,0.351942205
3,168,211318720,67,0.646509572,0.142569640,0.021818655,0.415716249
16,168,211318720,67,0.760880050,0.142569640,0.021818655,0.607154104
1,168,211318720,67,0.761743658,0.142569640,0.021818655,0.607861483
4,168,211318720,67,0.770608891,0.142569640,0.021818655,0.611105813
5,168,211318720,67,1.117068722,0.142569640,0.021818655,0.592184029
11,168,211318720,67,1.496388320,0.142569640,0.021818655,0.584655810
14,168,211318720,67,1.602499532,0.142569640,0.021818655,0.620784412
12,168,211318720,67,2.005690731,0.142569640,0.021818655,0.583807776
13,168,211318720,67,2.916954739,0.142569640,0.021818655,0.375927406
6,168,211318720,67,3.865985603,0.142569640,0.021818655,0.185088906
7,168,211318720,67,3.969899353,0.142569640,0.021818655,0.220021068
9,168,211318720,67,5.176538221,0.142569640,0.021818655,0.054057279
8,168,211318720,67,5.309433942,0.142569640,0.021818655,0.137228023
10,168,211318720,67,5.397315630,0.142569640,0.021818655,0.165894370
15,168,211318720,67,5.694427859,0.142569640,0.021818655,0.163935020
20,168,211318720,67,10.021474070,0.142569640,0.021818655,0.000004764
19,169,211318720,67,0.531604441,0.142569640,0.065605357,0.210814701
18,169,211318720,67,0.558343805,0.142569640,0.065605357,0.272785110
5,169,211318720,67,0.601498543,0.142569640,0.065605357,0.369509246
3,169,211318720,67,0.646509572,0.142569640,0.065605357,0.463479213
11,169,211318720,67,0.648434939,0.142569640,0.065605357,0.466849487
16,169,211318720,67,0.706531475,0.142569640,0.065605357,0.525181365
1,169,211318720,67,0.761743658,0.142569640,0.065605357,0.543447296
2,169,211318720,67,0.974592392,0.142569640,0.065605357,0.609113882
4,169,211318720,67,1.054517430,0.142569640,0.065605357,0.638063749
17,169,211318720,67,1.324134007,0.142569640,0.065605357,0.668227538
12,169,211318720,67,1.432636236,0.142569640,0.065605357,0.703894509
9,169,211318720,67,1.898064014,0.142569640,0.065605357,0.647062846
14,169,211318720,67,2.243499345,0.142569640,0.065605357,0.626309608
15,169,211318720,67,2.475838200,0.142569640,0.065605357,0.644463644
13,169,211318720,67,2.708600829,0.142569640,0.065605357,0.661976704
8,169,211318720,67,3.033962253,0.142569640,0.065605357,0.648314958
10,169,211318720,67,3.434655401,0.142569640,0.065605357,0.607870968
6,169,211318720,67,3.865985603,0.142569640,0.065605357,0.556512635
20,169,211318720,67,4.008589628,0.142569640,0.065605357,0.604578111
7,169,211318720,67,6.521977508,0.142569640,0.065605357,0.000004764
19,170,211318720,67,0.531604441,0.142569640,0.013498285,0.200968498
18,170,211318720,67,0.558343805,0.142569640,0.013498285,0.264140710
5,170,211318720,67,0.601498543,0.142569640,0.013498285,0.335843746
2,170,211318720,67,0.649728261,0.142569640,0.013498285,0.405550416
1,170,211318720,67,0.652923135,0.142569640,0.013498285,0.408845232
16,170,211318720,67,0.760880050,0.142569640,0.013498285,0.471072580
17,170,211318720,67,0.867536073,0.142569640,0.013498285,0.506509189
4,170,211318720,67,1.054517430,0.142569640,0.013498285,0.540679508
3,170,211318720,67,1.385377654,0.142569640,0.013498285,0.548018529
11,170,211318720,67,1.496388320,0.142569640,0.013498285,0.584034621
13,170,211318720,67,1.875185189,0.142569640,0.013498285,0.563429649
12,170,211318720,67,2.005690731,0.142569640,0.013498285,0.608824518
9,170,211318720,67,2.415717836,0.142569640,0.013498285,0.567861157
15,170,211318720,67,2.971005840,0.142569640,0.013498285,0.480543126
7,170,211318720,67,3.119206634,0.142569640,0.013498285,0.526528478
20,170,211318720,67,3.674540492,0.142569640,0.013498285,0.439029200
14,170,211318720,67,5.127998503,0.142569640,0.013498285,0.049815284
6,170,211318720,67,7.137204190,0.142569640,0.013498285,0.047603482
8,170,211318720,67,7.584905632,0.142569640,0.013498285,0.047995085
10,170,211318720,67,7.605308388,0.142569640,0.013498285,0.041198377
17,171,211318720,67,0.456597933,0.142569640,0.022060703,0.143336924
4,171,211318720,67,0.527258715,0.142569640,0.022060703,0.321582639
19,171,211318720,67,0.531604441,0.142569640,0.022060703,0.331930379
16,171,211318720,67,0.597834325,0.142569640,0.022060703,0.463531267
3,171,211318720,67,0.600330317,0.142569640,0.022060703,0.467654434
2,171,211318720,67,0.649728261,0.142569640,0.022060703,0.516113514
1,171,211318720,67,0.707333396,0.142569640,0.022060703,0.535229848
11,171,211318720,67,0.947712603,0.142569640,0.022060703,0.550303527
5,171,211318720,67,1.374853812,0.142569640,0.022060703,0.542013678
18,171,211318720,67,1.460283797,0.142569640,0.022060703,0.570978896
9,171,211318720,67,1.898064014,0.142569640,0.022060703,0.597996333
14,171,211318720,67,1.922999439,0.142569640,0.022060703,0.607056040
10,171,211318720,67,2.698657815,0.142569640,0.022060703,0.527324450
15,171,211318720,67,2.723422020,0.142569640,0.022060703,0.535635843
7,171,211318720,67,3.402770874,0.142569640,0.022060703,0.407252575
6,171,211318720,67,3.568602095,0.142569640,0.022060703,0.448078381
8,171,211318720,67,3.792452816,0.142569640,0.022060703,0.511456647
12,171,211318720,67,3.868117837,0.142569640,0.022060703,0.538608831
13,171,211318720,67,4.375432108,0.142569640,0.022060703,0.468166191
20,171,211318720,67,4.676687899,0.142569640,0.022060703,0.370745754
4,172,211318720,67,0.365025264,0.142569640,0.093217351,0.133680870
19,172,211318720,67,0.379717458,0.142569640,0.093217351,0.138894233
17,172,211318720,67,0.547917520,0.142569640,0.093217351,0.382123962
18,172,211318720,67,0.558343805,0.142569640,0.093217351,0.401704272
5,172,211318720,67,0.558534361,0.142569640,0.093217351,0.402035508
2,172,211318720,67,0.649728261,0.142569640,0.093217351,0.571103673
11,172,211318720,67,0.698314549,0.142569640,0.093217351,0.652138068
1,172,211318720,67,0.707333396,0.142569640,0.093217351,0.661449352
16,172,211318720,67,0.760880050,0.142569640,0.093217351,0.678830948
3,172,211318720,67,1.385377654,0.142569640,0.093217351,0.565371854
12,172,211318720,67,1.575899860,0.142569640,0.093217351,0.597276034
14,172,211318720,67,2.243499345,0.142569640,0.093217351,0.533951977
13,172,211318720,67,2.291893009,0.142569640,0.093217351,0.549398095
10,172,211318720,67,3.189322872,0.142569640,0.093217351,0.457142881
15,172,211318720,67,3.218589660,0.142569640,0.093217351,0.486493689
8,172,211318720,67,3.286792440,0.142569640,0.093217351,0.509352818
7,172,211318720,67,3.969899353,0.142569640,0.093217351,0.381091502
20,172,211318720,67,4.342638764,0.142569640,0.093217351,0.352015008
9,172,211318720,67,5.176538221,0.142569640,0.093217351,0.171525880
6,172,211318720,67,7.731971206,0.142569640,0.093217351,0.000004764
5,173,211318720,67,0.343713453,0.142569640,0.043387692,0.089778817
19,173,211318720,67,0.455660949,0.142569640,0.043387692,0.202672881
17,173,211318720,67,0.456597933,0.142569640,0.043387692,0.203067463
3,173,211318720,67,0.646509572,0.142569640,0.043387692,0.390324780
2,173,211318720,67,0.649728261,0.142569640,0.043387692,0.393787609
11,173,211318720,67,0.698314549,0.142569640,0.043387692,0.410281639
16,173,211318720,67,0.923925775,0.142569640,0.043387692,0.439650884
4,173,211318720,67,1.054517430,0.142569640,0.043387692,0.483171401
18,173,211318720,67,1.245536180,0.142569640,0.043387692,0.516942552
1,173,211318720,67,1.686718099,0.142569640,0.043387692,0.468452883
12,173,211318720,67,2.005690731,0.142569640,0.043387692,0.459801802
14,173,211318720,67,2.243499345,0.142569640,0.043387692,0.477926084
9,173,211318720,67,2.415717836,0.142569640,0.043387692,0.517253284
10,173,211318720,67,3.434655401,0.142569640,0.043387692,0.305742966
8,173,211318720,67,3.539622628,0.142569640,0.043387692,0.411883827
6,173,211318720,67,3.568602095,0.142569640,0.043387692,0.421897113
7,173,211318720,67,3.969899353,0.142569640,0.043387692,0.386179680
13,173,211318720,67,6.042263387,0.142569640,0.043387692,0.050058285
20,173,211318720,67,6.346933578,0.142569640,0.043387692,0.048175009
15,173,211318720,67,6.437179319,0.142569640,0.043387692,0.018098120
18,174,211318720,67,0.472444758,0.142569640,0.010923560,0.157770574
17,174,211318720,67,0.502257727,0.142569640,0.010923560,0.187567169
5,174,211318720,67,0.558534361,0.142569640,0.010923560,0.277325196
3,174,211318720,67,0.646509572,0.142569640,0.010923560,0.366097267
2,174,211318720,67,0.649728261,0.142569640,0.010923560,0.367083349
19,174,211318720,67,0.987265390,0.142569640,0.010923560,0.353254711
4,174,211318720,67,1.257309243,0.142569640,0.010923560,0.361532560
11,174,211318720,67,1.396629099,0.142569640,0.010923560,0.455363772
1,174,211318720,67,1.469077054,0.142569640,0.010923560,0.479794388
16,174,211318720,67,1.630457250,0.142569640,0.010923560,0.522874217
13,174,211318720,67,2.083539099,0.142569640,0.010923560,0.469851757
12,174,211318720,67,3.008536096,0.142569640,0.010923560,0.330749585
14,174,211318720,67,3.044749111,0.142569640,0.010923560,0.343136251
15,174,211318720,67,3.218589660,0.142569640,0.010923560,0.496268635
6,174,211318720,67,3.271218587,0.142569640,0.010923560,0.549073067
9,174,211318720,67,3.278474207,0.142569640,0.010923560,0.550906358
20,174,211318720,67,6.012884442,0.142569640,0.010923560,0.049083064
8,174,211318720,67,6.573584881,0.142569640,0.010923560,0.049440727
10,174,211318720,67,7.114643330,0.142569640,0.010923560,0.049008334
7,174,211318720,67,8.506927184,0.142569640,0.010923560,0.000004764
17,175,211318720,67,0.365278347,0.142569640,0.010837325,0.141485674
18,175,211318720,67,0.429495234,0.142569640,0.010837325,0.215126234
4,175,211318720,67,0.446141990,0.142569640,0.010837325,0.231861927
5,175,211318720,67,0.558534361,0.142569640,0.010837325,0.368681685
3,175,211318720,67,0.600330317,0.142569640,0.010837325,0.410805640
1,175,211318720,67,0.652923135,0.142569640,0.010837325,0.451487953
16,175,211318720,67,0.760880050,0.142569640,0.010837325,0.557458316
19,175,211318720,67,0.797406662,0.142569640,0.010837325,0.569904450
11,175,211318720,67,1.047471824,0.142569640,0.010837325,0.582916729
2,175,211318720,67,1.392274846,0.142569640,0.010837325,0.564666317
9,175,211318720,67,2.415717836,0.142569640,0.010837325,0.360600722
13,175,211318720,67,2.500246919,0.142569640,0.010837325,0.430472810
12,175,211318720,67,2.578745225,0.142569640,0.010837325,0.456387663
20,175,211318720,67,4.008589628,0.142569640,0.010837325,0.079156366
6,175,211318720,67,4.163369111,0.142569640,0.010837325,0.123636128
14,175,211318720,67,4.967748550,0.142569640,0.010837325,0.048144614
7,175,211318720,67,5.387720550,0.142569640,0.010837325,0.049431378
15,175,211318720,67,6.437179319,0.142569640,0.010837325,0.047525345
8,175,211318720,67,7.584905632,0.142569640,0.010837325,0.048282752
10,175,211318720,67,8.095973445,0.142569640,0.010837325,0.000004764
18,176,211318720,67,0.386545711,0.142569640,0.038485318,0.090358245
4,176,211318720,67,0.486700352,0.142569640,0.038485318,0.298469118
3,176,211318720,67,0.507971807,0.142569640,0.038485318,0.348048239
19,176,211318720,67,0.531604441,0.142569640,0.038485318,0.388029768
17,176,211318720,67,0.593577313,0.142569640,0.038485318,0.451303757
2,176,211318720,67,0.603319100,0.142569640,0.038485318,0.454166745
16,176,211318720,67,0.760880050,0.142569640,0.038485318,0.592175579
1,176,211318720,67,0.761743658,0.142569640,0.038485318,0.592446880
11,176,211318720,67,1.296869877,0.142569640,0.038485318,0.580373037
5,176,211318720,67,1.331889630,0.142569640,0.038485318,0.592390122
12,176,211318720,67,1.862427107,0.142569640,0.038485318,0.509182185
10,176,211318720,67,2.698657815,0.142569640,0.038485318,0.327329161
15,176,211318720,67,3.218589660,0.142569640,0.038485318,0.301166598
8,176,211318720,67,3.286792440,0.142569640,0.038485318,0.366013491
14,176,211318720,67,3.365249018,0.142569640,0.038485318,0.391514581
7,176,211318720,67,3.686335113,0.142569640,0.038485318,0.380275881
6,176,211318720,67,3.865985603,0.142569640,0.038485318,0.416164506
20,176,211318720,67,4.008589628,0.142569640,0.038485318,0.465008958
9,176,211318720,67,4.486333125,0.142569640,0.038485318,0.400383679
13,176,211318720,67,6.875679027,0.142569640,0.038485318,0.000004764
11,177,211318720,67,0.399036885,0.142569640,0.079746209,0.064123088
18,177,211318720,67,0.515394281,0.142569640,0.079746209,0.204873847
4,177,211318720,67,0.567817078,0.142569640,0.079746209,0.257852001
17,177,211318720,67,0.593577313,0.142569640,0.079746209,0.266635270
1,177,211318720,67,0.761743658,0.142569640,0.079746209,0.307309344
2,177,211318720,67,1.113819877,0.142569640,0.079746209,0.429848157
19,177,211318720,67,1.139152374,0.142569640,0.079746209,0.455006073
5,177,211318720,67,1.160032904,0.142569640,0.079746209,0.475830444
14,177,211318720,67,1.281999626,0.142569640,0.079746209,0.517926511
3,177,211318720,67,1.431556909,0.142569640,0.079746209,0.562286280
16,177,211318720,67,1.793502975,0.142569640,0.079746209,0.540757667
13,177,211318720,67,2.083539099,0.142569640,0.079746209,0.539127280
9,177,211318720,67,2.243166562,0.142569640,0.079746209,0.583862452
8,177,211318720,67,2.528301877,0.142569640,0.079746209,0.666493172
7,177,211318720,67,2.552078155,0.142569640,0.079746209,0.673895649
12,177,211318720,67,3.295063343,0.142569640,0.079746209,0.525761824
15,177,211318720,67,3.466173480,0.142569640,0.079746209,0.562953426
20,177,211318720,67,4.008589628,0.142569640,0.079746209,0.473202153
6,177,211318720,67,4.163369111,0.142569640,0.079746209,0.517305399
10,177,211318720,67,7.114643330,0.142569640,0.079746209,0.000004764
19,178,211318720,67,0.455660949,0.142569640,0.088338152,0.182739895
4,178,211318720,67,0.486700352,0.142569640,0.088338152,0.232564456
3,178,211318720,67,0.507971807,0.142569640,0.088338152,0.254373693
5,178,211318720,67,0.601498543,0.142569640,0.088338152,0.286075927
17,178,211318720,67,0.913195867,0.142569640,0.088338152,0.350270566
11,178,211318720,67,0.947712603,0.142569640,0.088338152,0.362155858
18,178,211318720,67,1.245536180,0.142569640,0.088338152,0.510275513
16,178,211318720,67,1.250017225,0.142569640,0.088338152,0.514661099
2,178,211318720,67,1.299456523,0.142569640,0.088338152,0.531183452
1,178,211318720,67,1.686718099,0.142569640,0.088338152,0.503591520
13,178,211318720,67,2.083539099,0.142569640,0.088338152,0.466624436
14,178,211318720,67,2.243499345,0.142569640,0.088338152,0.509668990
10,178,211318720,67,2.698657815,0.142569640,0.088338152,0.455079626
9,178,211318720,67,3.278474207,0.142569640,0.088338152,0.440995822
12,178,211318720,67,3.295063343,0.142569640,0.088338152,0.447066575
7,178,211318720,67,3.686335113,0.142569640,0.088338152,0.413459189
6,178,211318720,67,4.163369111,0.142569640,0.088338152,0.353602801
15,178,211318720,67,4.456508759,0.142569640,0.088338152,0.352149763
8,178,211318720,67,6.826415069,0.142569640,0.088338152,0.047816024
20,178,211318720,67,11.023621477,0.142569640,0.088338152,0.000004764
11,179,211318720,67,0.399036885,0.142569640,0.003758588,0.223619176
16,179,211318720,67,0.434788600,0.142569640,0.003758588,0.289804207
19,179,211318720,67,0.455660949,0.142569640,0.003758588,0.324893541
18,179,211318720,67,0.472444758,0.142569640,0.003758588,0.341956525
4,179,211318720,67,0.567817078,0.142569640,0.003758588,0.509637736
17,179,211318720,67,0.639237107,0.142569640,0.003758588,0.676001826
3,179,211318720,67,0.646509572,0.142569640,0.003758588,0.687947571
2,179,211318720,67,0.649728261,0.142569640,0.003758588,0.691009593
1,179,211318720,67,0.707333396,0.142569640,0.003758588,0.709894062
5,179,211318720,67,1.374853812,0.142569640,0.003758588,0.583733703
12,179,211318720,67,1.719163483,0.142569640,0.003758588,0.565154441
9,179,211318720,67,2.243166562,0.142569640,0.003758588,0.655685072
14,179,211318720,67,2.243499345,0.142569640,0.003758588,0.656042238
8,179,211318720,67,2.275471690,0.142569640,0.003758588,0.667434088
13,179,211318720,67,2.708600829,0.142569640,0.003758588,0.622893087
15,179,211318720,67,3.218589660,0.142569640,0.003758588,0.549440620
10,179,211318720,67,3.434655401,0.142569640,0.003758588,0.572509742
6,179,211318720,67,3.865985603,0.142569640,0.003758588,0.523619255
20,179,211318720,67,4.676687899,0.142569640,0.003758588,0.350236332
7,179,211318720,67,6.238413268,0.142569640,0.003758588,0.000004764
17,180,211318720,67,0.365278347,0.142569640,0.060286779,0.048836248
3,180,211318720,67,0.507971807,0.142569640,0.060286779,0.166256204
1,180,211318720,67,0.598512874,0.142569640,0.060286779,0.346118801
18,180,211318720,67,0.601293328,0.142569640,0.060286779,0.350299542
2,180,211318720,67,0.649728261,0.142569640,0.060286779,0.399628489
11,180,211318720,67,0.698314549,0.142569640,0.060286779,0.419716467
19,180,211318720,67,0.835378407,0.142569640,0.060286779,0.465551995
4,180,211318720,67,1.095075793,0.142569640,0.060286779,0.497580378
5,180,211318720,67,1.202997085,0.142569640,0.060286779,0.534503739
16,180,211318720,67,1.576108675,0.142569640,0.060286779,0.505864540
12,180,211318720,67,1.719163483,0.142569640,0.060286779,0.556498770
14,180,211318720,67,1.922999439,0.142569640,0.060286779,0.585479593
9,180,211318720,67,2.243166562,0.142569640,0.060286779,0.575393913
10,180,211318720,67,2.453325286,0.142569640,0.060286779,0.710031837
13,180,211318720,67,2.500246919,0.142569640,0.060286779,0.757263261
8,180,211318720,67,2.528301877,0.142569640,0.060286779,0.766858915
15,180,211318720,67,3.466173480,0.142569640,0.060286779,0.580933090
6,180,211318720,67,3.568602095,0.142569640,0.060286779,0.632257949
7,180,211318720,67,3.686335113,0.142569640,0.060286779,0.672934088
20,180,211318720,67,8.685277527,0.142569640,0.060286779,0.000004764
19,181,211318720,67,0.531604441,0.142569640,0.046868503,0.275004577
16,181,211318720,67,0.597834325,0.142569640,0.046868503,0.518156172
18,181,211318720,67,0.601293328,0.142569640,0.046868503,0.528550483
5,181,211318720,67,0.601498543,0.142569640,0.046868503,0.529042950
2,181,211318720,67,0.603319100,0.142569640,0.046868503,0.532116143
3,181,211318720,67,0.646509572,0.142569640,0.046868503,0.575774684
1,181,211318720,67,0.652923135,0.142569640,0.046868503,0.578107471
11,181,211318720,67,1.147231045,0.142569640,0.046868503,0.518108266
17,181,211318720,67,1.278474213,0.142569640,0.046868503,0.643386058
4,181,211318720,67,1.297867606,0.142569640,0.046868503,0.649993106
12,181,211318720,67,2.005690731,0.142569640,0.046868503,0.516944277
9,181,211318720,67,2.243166562,0.142569640,0.046868503,0.535574761
14,181,211318720,67,4.967748550,0.142569640,0.046868503,0.048382129
8,181,211318720,67,5.562264130,0.142569640,0.046868503,0.101660177
13,181,211318720,67,5.625555567,0.142569640,0.046868503,0.121344051
10,181,211318720,67,6.378645745,0.142569640,0.046868503,0.049206072
15,181,211318720,67,7.675098419,0.142569640,0.046868503,0.137663605
20,181,211318720,67,7.683130120,0.142569640,0.046868503,0.140225849
7,181,211318720,67,8.506927184,0.142569640,0.046868503,0.047570642
6,181,211318720,67,8.624121730,0.142569640,0.046868503,0.008507277
5,182,211318720,67,0.343713453,0.142569640,0.008464332,0.119090054
4,182,211318720,67,0.405583627,0.142569640,0.008464332,0.223201281
3,182,211318720,67,0.461792551,0.142569640,0.008464332,0.321003332
17,182,211318720,67,0.502257727,0.142569640,0.008464332,0.388307251
19,182,211318720,67,0.531604441,0.142569640,0.008464332,0.434338302
1,182,211318720,67,0.598512874,0.142569640,0.008464332,0.530016246
2,182,211318720,67,0.649728261,0.142569640,0.008464332,0.581407413
11,182,211318720,67,0.698314549,0.142569640,0.008464332,0.598036383
16,182,211318720,67,1.250017225,0.142569640,0.008464332,0.554051056
18,182,211318720,67,1.331435226,0.142569640,0.008464332,0.581157346
9,182,211318720,67,2.415717836,0.142569640,0.008464332,0.323046622
10,182,211318720,67,3.189322872,0.142569640,0.008464332,0.167231564
15,182,211318720,67,3.466173480,0.142569640,0.008464332,0.172867364
14,182,211318720,67,3.845998877,0.142569640,0.008464332,0.145885482
6,182,211318720,67,4.163369111,0.142569640,0.008464332,0.226836523
13,182,211318720,67,4.167078198,0.142569640,0.008464332,0.228245146
20,182,211318720,67,4.676687899,0.142569640,0.008464332,0.157161806
12,182,211318720,67,4.870963203,0.142569640,0.008464332,0.185757509
8,182,211318720,67,5.562264130,0.142569640,0.008464332,0.053457793
7,182,211318720,67,7.939798705,0.142569640,0.008464332,0.000004764
5,183,211318720,67,0.343713453,0.142569640,0.060574133,0.047618421
19,183,211318720,67,0.531604441,0.142569640,0.060574133,0.304438021
3,183,211318720,67,0.554151062,0.142569640,0.060574133,0.356615864
4,183,211318720,67,0.567817078,0.142569640,0.060574133,0.379649766
18,183,211318720,67,0.601293328,0.142569640,0.060574133,0.413275887
17,183,211318720,67,0.639237107,0.142569640,0.060574133,0.453279330
16,183,211318720,67,0.760880050,0.142569640,0.060574133,0.574279672
1,183,211318720,67,0.761743658,0.142569640,0.060574133,0.574597679
2,183,211318720,67,1.438684007,0.142569640,0.060574133,0.531138526
11,183,211318720,67,1.446508709,0.142569640,0.060574133,0.533923743
9,183,211318720,67,2.243166562,0.142569640,0.060574133,0.369731775
13,183,211318720,67,2.500246919,0.142569640,0.060574133,0.380410491
8,183,211318720,67,2.781132065,0.142569640,0.060574133,0.381222510
10,183,211318720,67,2.943990344,0.142569640,0.060574133,0.474063777
12,183,211318720,67,3.008536096,0.142569640,0.060574133,0.496307160
7,183,211318720,67,3.686335113,0.142569640,0.060574133,0.368101420
20,183,211318720,67,4.342638764,0.142569640,0.060574133,0.244282592
14,183,211318720,67,4.807498597,0.142569640,0.060574133,0.187365263
15,183,211318720,67,6.932346959,0.142569640,0.060574133,0.049262148
6,183,211318720,67,8.624121730,0.142569640,0.060574133,0.000004764
5,184,211318720,67,0.472605998,0.142569640,0.078438990,0.200348717
19,184,211318720,67,0.531604441,0.142569640,0.078438990,0.395285561
17,184,211318720,67,0.547917520,0.142569640,0.078438990,0.444218571
4,184,211318720,67,0.567817078,0.142569640,0.078438990,0.498504871
16,184,211318720,67,0.597834325,0.142569640,0.078438990,0.568373665
2,184,211318720,67,0.603319100,0.142569640,0.078438990,0.576879476
3,184,211318720,67,0.646509572,0.142569640,0.078438990,0.638290470
11,184,211318720,67,0.698314549,0.142569640,0.078438990,0.690561277
1,184,211318720,67,0.761743658,0.142569640,0.078438990,0.711780485
18,184,211318720,67,1.288485703,0.142569640,0.078438990,0.634037061
14,184,211318720,67,1.922999439,0.142569640,0.078438990,0.517429738
7,184,211318720,67,2.268513916,0.142569640,0.078438990,0.587385782
8,184,211318720,67,2.275471690,0.142569640,0.078438990,0.589137455
10,184,211318720,67,2.943990344,0.142569640,0.078438990,0.463583028
15,184,211318720,67,3.218589660,0.142569640,0.078438990,0.466633633
6,184,211318720,67,3.865985603,0.142569640,0.078438990,0.348664420
12,184,211318720,67,4.727699579,0.142569640,0.078438990,0.180826360
9,184,211318720,67,4.831435673,0.142569640,0.078438990,0.214793625
13,184,211318720,67,6.875679027,0.142569640,0.078438990,0.049317679
20,184,211318720,67,8.685277527,0.142569640,0.078438990,0.000004764
3,185,211318720,67,0.369434041,0.142569640,0.024295907,0.048788205
17,185,211318720,67,0.593577313,0.142569640,0.024295907,0.221670443
11,185,211318720,67,0.598555328,0.142569640,0.024295907,0.226826065
2,185,211318720,67,0.649728261,0.142569640,0.024295907,0.243477058
4,185,211318720,67,0.851725616,0.142569640,0.024295907,0.276485826
18,185,211318720,67,0.987839039,0.142569640,0.024295907,0.456324884
19,185,211318720,67,1.025237136,0.142569640,0.024295907,0.493366552
16,185,211318720,67,1.032622925,0.142569640,0.024295907,0.495823963
5,185,211318720,67,1.245961267,0.142569640,0.024295907,0.519093854
14,185,211318720,67,1.762749486,0.142569640,0.024295907,0.515613205
1,185,211318720,67,1.795538622,0.142569640,0.024295907,0.526247193
12,185,211318720,67,2.005690731,0.142569640,0.024295907,0.553327723
13,185,211318720,67,2.500246919,0.142569640,0.024295907,0.484417034
10,185,211318720,67,2.943990344,0.142569640,0.024295907,0.433564516
15,185,211318720,67,3.218589660,0.142569640,0.024295907,0.438855779
8,185,211318720,67,3.539622628,0.142569640,0.024295907,0.434018235
20,185,211318720,67,3.674540492,0.142569640,0.024295907,0.567392319
7,185,211318720,67,3.686335113,0.142569640,0.024295907,0.571184655
6,185,211318720,67,4.163369111,0.142569640,0.024295907,0.506756534
9,185,211318720,67,5.866743317,0.142569640,0.024295907,0.000004764
16,186,211318720,67,0.434788600,0.142569640,0.034921221,0.046561034
5,186,211318720,67,0.601498543,0.142569640,0.034921221,0.176940731
11,186,211318720,67,0.648434939,0.142569640,0.034921221,0.223446924
1,186,211318720,67,0.707333396,0.142569640,0.034921221,0.243658867
4,186,211318720,67,1.054517430,0.142569640,0.034921221,0.293789431
17,186,211318720,67,1.095835040,0.142569640,0.034921221,0.323457205
19,186,211318720,67,1.215095865,0.142569640,0.034921221,0.438251227
18,186,211318720,67,1.245536180,0.142569640,0.034921221,0.450224508
3,186,211318720,67,1.385377654,0.142569640,0.034921221,0.498168794
2,186,211318720,67,1.531502330,0.142569640,0.034921221,0.545694660
12,186,211318720,67,1.862427107,0.142569640,0.034921221,0.531763510
9,186,211318720,67,2.243166562,0.142569640,0.034921221,0.595718167
14,186,211318720,67,2.243499345,0.142569640,0.034921221,0.595824236
15,186,211318720,67,2.723422020,0.142569640,0.034921221,0.533964102
8,186,211318720,67,3.539622628,0.142569640,0.034921221,0.359556774
6,186,211318720,67,6.542437174,0.142569640,0.034921221,0.048258598
13,186,211318720,67,6.875679027,0.142569640,0.034921221,0.045204876
10,186,211318720,67,7.605308388,0.142569640,0.034921221,0.047081171
7,186,211318720,67,8.506927184,0.142569640,0.034921221,0.047123362
20,186,211318720,67,9.687424934,0.142569640,0.034921221,0.000004764
18,187,211318720,67,0.429495234,0.142569640,0.120595850,0.091759506
3,187,211318720,67,0.507971807,0.142569640,0.120595850,0.125382860
17,187,211318720,67,0.639237107,0.142569640,0.120595850,0.311375817
1,187,211318720,67,0.652923135,0.142569640,0.120595850,0.325198028
11,187,211318720,67,0.698314549,0.142569640,0.120595850,0.340276347
4,187,211318720,67,0.851725616,0.142569640,0.120595850,0.386935529
2,187,211318720,67,1.021001554,0.142569640,0.120595850,0.547059382
19,187,211318720,67,1.025237136,0.142569640,0.120595850,0.551335348
5,187,211318720,67,1.117068722,0.142569640,0.120595850,0.582617622
12,187,211318720,67,1.289372612,0.142569640,0.120595850,0.622427426
16,187,211318720,67,1.630457250,0.142569640,0.120595850,0.603029199
9,187,211318720,67,2.415717836,0.142569640,0.120595850,0.479254571
13,187,211318720,67,2.500246919,0.142569640,0.120595850,0.509006218
7,187,211318720,67,3.119206634,0.142569640,0.120595850,0.427878741
15,187,211318720,67,3.218589660,0.142569640,0.120595850,0.462371348
14,187,211318720,67,3.845998877,0.142569640,0.120595850,0.349405632
20,187,211318720,67,4.676687899,0.142569640,0.120595850,0.171483794
8,187,211318720,67,6.573584881,0.142569640,0.120595850,0.048919521
10,187,211318720,67,7.359975859,0.142569640,0.120595850,0.045731459
6,187,211318720,67,9.516272253,0.142569640,0.120595850,0.000004764
5,188,211318720,67,0.429641816,0.142569640,0.091782466,0.119435232
3,188,211318720,67,0.507971807,0.142569640,0.091782466,0.198799980
4,188,211318720,67,0.527258715,0.142569640,0.091782466,0.218431711
2,188,211318720,67,0.649728261,0.142569640,0.091782466,0.336996785
1,188,211318720,67,0.707333396,0.142569640,0.091782466,0.395539499
16,188,211318720,67,0.760880050,0.142569640,0.091782466,0.412501490
19,188,211318720,67,1.139152374,0.142569640,0.091782466,0.471197060
11,188,211318720,67,1.147231045,0.142569640,0.091782466,0.474759199
18,188,211318720,67,1.288485703,0.142569640,0.091782466,0.560713394
17,188,211318720,67,1.369793800,0.142569640,0.091782466,0.589048592
12,188,211318720,67,1.719163483,0.142569640,0.091782466,0.569640105
9,188,211318720,67,2.070615288,0.142569640,0.091782466,0.637732881
14,188,211318720,67,2.083249392,0.142569640,0.091782466,0.641591107
13,188,211318720,67,2.916954739,0.142569640,0.091782466,0.477772094
8,188,211318720,67,3.033962253,0.142569640,0.091782466,0.514526740
7,188,211318720,67,3.402770874,0.142569640,0.091782466,0.483756869
6,188,211318720,67,3.865985603,0.142569640,0.091782466,0.425711062
10,188,211318720,67,4.170652987,0.142569640,0.091782466,0.421935464
20,188,211318720,67,4.676687899,0.142569640,0.091782466,0.349768669
15,188,211318720,67,8.170266059,0.142569640,0.091782466,0.000004764
19,189,211318720,67,0.455660949,0.142569640,0.120344259,0.096061374
18,189,211318720,67,0.558343805,0.142569640,0.120344259,0.365031341
4,189,211318720,67,0.567817078,0.142569640,0.120344259,0.393457337
2,189,211318720,67,0.603319100,0.142569640,0.120344259,0.476173159
11,189,211318720,67,0.648434939,0.142569640,0.120344259,0.551198696
16,189,211318720,67,0.652182900,0.142569640,0.120344259,0.555093182
1,189,211318720,67,0.652923135,0.142569640,0.120344259,0.555417245
3,189,211318720,67,1.200660634,0.142569640,0.120344259,0.534907184
5,189,211318720,67,1.245961267,0.142569640,0.120344259,0.550149244
17,189,211318720,67,1.461113387,0.142569640,0.120344259,0.574916350
9,189,211318720,67,2.070615288,0.142569640,0.120344259,0.553950199
14,189,211318720,67,2.083249392,0.142569640,0.120344259,0.558558072
15,189,211318720,67,2.475838200,0.142569640,0.120344259,0.521417684
10,189,211318720,67,3.189322872,0.142569640,0.120344259,0.380653572
7,189,211318720,67,3.686335113,0.142569640,0.120344259,0.383376455
12,189,211318720,67,3.724854214,0.142569640,0.120344259,0.395219589
20,189,211318720,67,4.676687899,0.142569640,0.120344259,0.175638878
13,189,211318720,67,5.833909477,0.142569640,0.120344259,0.047746020
8,189,211318720,67,8.596226383,0.142569640,0.120344259,0.048914218
6,189,211318720,67,9.218888745,0.142569640,0.120344259,0.000004764
18,190,211318720,67,0.472444758,0.142569640,0.022002432,0.246559367
17,190,211318720,67,0.502257727,0.142569640,0.022002432,0.335621254
11,190,211318720,67,0.548675717,0.142569640,0.022002432,0.444238961
2,190,211318720,67,0.556909938,0.142569640,0.022002432,0.458400265
4,190,211318720,67,0.567817078,0.142569640,0.022002432,0.471520939
5,190,211318720,67,0.601498543,0.142569640,0.022002432,0.506193508
16,190,211318720,67,0.706531475,0.142569640,0.022002432,0.599878467
1,190,211318720,67,0.761743658,0.142569640,0.022002432,0.619289450
19,190,211318720,67,1.025237136,0.142569640,0.022002432,0.627823252
3,190,211318720,67,1.293019144,0.142569640,0.022002432,0.634407487
12,190,211318720,67,2.005690731,0.142569640,0.022002432,0.543861232
9,190,211318720,67,2.070615288,0.142569640,0.022002432,0.564745293
8,190,211318720,67,2.781132065,0.142569640,0.022002432,0.426013407
15,190,211318720,67,3.218589660,0.142569640,0.022002432,0.375930681
14,190,211318720,67,3.845998877,0.142569640,0.022002432,0.359667274
6,190,211318720,67,3.865985603,0.142569640,0.022002432,0.380139050
7,190,211318720,67,3.969899353,0.142569640,0.022002432,0.415699354
20,190,211318720,67,6.346933578,0.142569640,0.022002432,0.047572027
10,190,211318720,67,6.869310802,0.142569640,0.022002432,0.047665319
13,190,211318720,67,6.875679027,0.142569640,0.022002432,0.045544164
19,191,211318720,67,0.379717458,0.142569640,0.010844612,0.045993633
4,191,211318720,67,0.527258715,0.142569640,0.010844612,0.214762616
18,191,211318720,67,0.558343805,0.142569640,0.010844612,0.246841718
11,191,211318720,67,0.598555328,0.142569640,0.010844612,0.258953190
17,191,211318720,67,1.187154627,0.142569640,0.010844612,0.163710784
3,191,211318720,67,1.339198399,0.142569640,0.010844612,0.340445004
5,191,211318720,67,1.374853812,0.142569640,0.010844612,0.375938270
2,191,211318720,67,1.392274846,0.142569640,0.010844612,0.382331617
16,191,211318720,67,1.630457250,0.142569640,0.010844612,0.456372412
1,191,211318720,67,1.686718099,0.142569640,0.010844612,0.476051361
12,191,211318720,67,2.005690731,0.142569640,0.010844612,0.508570795
13,191,211318720,67,2.083539099,0.142569640,0.010844612,0.534416958
14,191,211318720,67,2.724249205,0.142569640,0.010844612,0.420176489
8,191,211318720,67,3.539622628,0.142569640,0.010844612,0.246905854
9,191,211318720,67,3.968679303,0.142569640,0.010844612,0.201088757
10,191,211318720,67,4.661318044,0.142569640,0.010844612,0.062834893
7,191,211318720,67,5.671284789,0.142569640,0.010844612,0.049295623
15,191,211318720,67,7.179930779,0.142569640,0.010844612,0.046567856
6,191,211318720,67,8.029354714,0.142569640,0.010844612,0.047887501
20,191,211318720,67,10.021474070,0.142569640,0.010844612,0.000004764
19,192,211318720,67,0.455660949,0.142569640,0.126983240,0.146996723
17,192,211318720,67,0.502257727,0.142569640,0.126983240,0.253831593
1,192,211318720,67,0.544102613,0.142569640,0.126983240,0.349078007
11,192,211318720,67,0.598555328,0.142569640,0.126983240,0.439974481
5,192,211318720,67,0.601498543,0.142569640,0.126983240,0.443106097
2,192,211318720,67,0.649728261,0.142569640,0.126983240,0.459395583
4,192,211318720,67,1.135634155,0.142569640,0.126983240,0.445980908
3,192,211318720,67,1.200660634,0.142569640,0.126983240,0.505095217
18,192,211318720,67,1.288485703,0.142569640,0.126983240,0.535985749
16,192,211318720,67,1.576108675,0.142569640,0.126983240,0.534263341
12,192,211318720,67,1.719163483,0.142569640,0.126983240,0.583097482
14,192,211318720,67,1.922999439,0.142569640,0.126983240,0.609721370
13,192,211318720,67,2.083539099,0.142569640,0.126983240,0.652674376
9,192,211318720,67,2.415717836,0.142569640,0.126983240,0.639342206
10,192,211318720,67,2.698657815,0.142569640,0.126983240,0.682357262
8,192,211318720,67,2.781132065,0.142569640,0.126983240,0.709875516
15,192,211318720,67,3.218589660,0.142569640,0.126983240,0.659259997
7,192,211318720,67,3.686335113,0.142569640,0.126983240,0.599889100
6,192,211318720,67,4.163369111,0.142569640,0.126983240,0.537135649
20,192,211318720,67,5.010737035,0.142569640,0.126983240,0.252489349
4,193,211318720,67,0.324466901,0.142569640,0.052800909,0.049066054
18,193,211318720,67,0.472444758,0.142569640,0.052800909,0.183852835
19,193,211318720,67,0.493632695,0.142569640,0.052800909,0.205055492
5,193,211318720,67,0.601498543,0.142569640,0.052800909,0.271583513
11,193,211318720,67,0.698314549,0.142569640,0.052800909,0.304773450
2,193,211318720,67,1.113819877,0.142569640,0.052800909,0.298053965
3,193,211318720,67,1.200660634,0.142569640,0.052800909,0.371084804
17,193,211318720,67,1.278474213,0.142569640,0.052800909,0.401405835
1,193,211318720,67,1.414666793,0.142569640,0.052800909,0.471810658
16,193,211318720,67,1.521760100,0.142569640,0.052800909,0.507601723
12,193,211318720,67,2.435481601,0.142569640,0.052800909,0.302186678
13,193,211318720,67,2.916954739,0.142569640,0.052800909,0.237069895
8,193,211318720,67,3.286792440,0.142569640,0.052800909,0.208887693
9,193,211318720,67,4.141230577,0.142569640,0.052800909,0.047922876
14,193,211318720,67,4.807498597,0.142569640,0.052800909,0.049335328
10,193,211318720,67,6.378645745,0.142569640,0.052800909,0.048598648
7,193,211318720,67,7.656234466,0.142569640,0.052800909,0.128584201
15,193,211318720,67,7.675098419,0.142569640,0.052800909,0.134472966
6,193,211318720,67,8.326738222,0.142569640,0.052800909,0.046490135
20,193,211318720,67,10.021474070,0.142569640,0.052800909,0.000004764
19,194,211318720,67,0.341745712,0.142569640,0.086178504,0.047477632
4,194,211318720,67,0.486700352,0.142569640,0.086178504,0.207918631
18,194,211318720,67,0.515394281,0.142569640,0.086178504,0.261317237
3,194,211318720,67,0.600330317,0.142569640,0.086178504,0.433250489
5,194,211318720,67,0.601498543,0.142569640,0.086178504,0.434974296
2,194,211318720,67,0.649728261,0.142569640,0.086178504,0.503255185
11,194,211318720,67,0.698314549,0.142569640,0.086178504,0.552444084
1,194,211318720,67,0.761743658,0.142569640,0.086178504,0.573122087
17,194,211318720,67,1.506773180,0.142569640,0.086178504,0.510998523
16,194,211318720,67,1.521760100,0.142569640,0.086178504,0.516122144
14,194,211318720,67,2.243499345,0.142569640,0.086178504,0.369175532
13,194,211318720,67,2.916954739,0.142569640,0.086178504,0.238658921
8,194,211318720,67,3.286792440,0.142569640,0.086178504,0.301426046
12,194,211318720,67,3.295063343,0.142569640,0.086178504,0.303843153
15,194,211318720,67,3.466173480,0.142569640,0.086178504,0.342706011
20,194,211318720,67,4.676687899,0.142569640,0.086178504,0.050176865
9,194,211318720,67,5.003986947,0.142569640,0.086178504,0.049500933
7,194,211318720,67,6.805541747,0.142569640,0.086178504,0.048591767
10,194,211318720,67,7.359975859,0.142569640,0.086178504,0.047606977
6,194,211318720,67,8.921505237,0.142569640,0.086178504,0.000004764
5,195,211318720,67,0.343713453,0.142569640,0.090787850,0.048244224
19,195,211318720,67,0.493632695,0.142569640,0.090787850,0.175492831
11,195,211318720,67,0.548675717,0.142569640,0.090787850,0.266666558
18,195,211318720,67,0.601293328,0.142569640,0.090787850,0.342715595
17,195,211318720,67,0.639237107,0.142569640,0.090787850,0.381580108
1,195,211318720,67,0.707333396,0.142569640,0.090787850,0.404578798
4,195,211318720,67,1.095075793,0.142569640,0.090787850,0.369477645
3,195,211318720,67,1.339198399,0.142569640,0.090787850,0.489707301
2,195,211318720,67,1.392274846,0.142569640,0.090787850,0.541916047
16,195,211318720,67,1.413062950,0.142569640,0.090787850,0.548262647
14,195,211318720,67,2.243499345,0.142569640,0.090787850,0.369939494
9,195,211318720,67,2.415717836,0.142569640,0.090787850,0.445605732
13,195,211318720,67,2.500246919,0.142569640,0.090787850,0.473189467
12,195,211318720,67,3.008536096,0.142569640,0.090787850,0.403643771
15,195,211318720,67,3.218589660,0.142569640,0.090787850,0.488245248
6,195,211318720,67,3.271218587,0.142569640,0.090787850,0.506211237
10,195,211318720,67,4.415985515,0.142569640,0.090787850,0.222586264
20,195,211318720,67,4.676687899,0.142569640,0.090787850,0.233111706
7,195,211318720,67,7.372670226,0.142569640,0.090787850,0.048792931
8,195,211318720,67,7.584905632,0.142569640,0.090787850,0.000004764
5,196,211318720,67,0.343713453,0.142569640,0.010687441,0.117454481
19,196,211318720,67,0.379717458,0.142569640,0.010687441,0.130001572
18,196,211318720,67,0.558343805,0.142569640,0.010687441,0.375699124
11,196,211318720,67,0.598555328,0.142569640,0.010687441,0.469626510
3,196,211318720,67,0.600330317,0.142569640,0.010687441,0.472661691
17,196,211318720,67,0.639237107,0.142569640,0.010687441,0.538139344
2,196,211318720,67,0.649728261,0.142569640,0.010687441,0.555188263
16,196,211318720,67,0.760880050,0.142569640,0.010687441,0.727875206
1,196,211318720,67,0.761743658,0.142569640,0.010687441,0.728707386
4,196,211318720,67,0.811167254,0.142569640,0.010687441,0.745438301
10,196,211318720,67,2.207992758,0.142569640,0.010687441,0.378113607
13,196,211318720,67,2.916954739,0.142569640,0.010687441,0.275103009
12,196,211318720,67,3.008536096,0.142569640,0.010687441,0.304811504
7,196,211318720,67,3.402770874,0.142569640,0.010687441,0.267816249
9,196,211318720,67,3.796128029,0.142569640,0.010687441,0.236570337
20,196,211318720,67,4.008589628,0.142569640,0.010687441,0.259970031
6,196,211318720,67,4.163369111,0.142569640,0.010687441,0.304340320
14,196,211318720,67,4.967748550,0.142569640,0.010687441,0.126811909
15,196,211318720,67,5.694427859,0.142569640,0.010687441,0.047501988
8,196,211318720,67,8.343396195,0.142569640,0.010687441,0.000004764
19,197,211318720,67,0.417689204,0.142569640,0.025233023,0.141986371
18,197,211318720,67,0.429495234,0.142569640,0.025233023,0.153706838
3,197,211318720,67,0.554151062,0.142569640,0.025233023,0.329059658
17,197,211318720,67,0.593577313,0.142569640,0.025233023,0.387808675
5,197,211318720,67,0.601498543,0.142569640,0.025233023,0.395890539
1,197,211318720,67,0.707333396,0.142569640,0.025233023,0.430989327
4,197,211318720,67,0.851725616,0.142569640,0.025233023,0.478707991
2,197,211318720,67,1.067410715,0.142569640,0.025233023,0.501567878
11,197,211318720,67,1.296869877,0.142569640,0.025233023,0.612579322
16,197,211318720,67,1.304365800,0.142569640,0.025233023,0.615030532
12,197,211318720,67,1.862427107,0.142569640,0.025233023,0.527822830
8,197,211318720,67,2.275471690,0.142569640,0.025233023,0.487935055
9,197,211318720,67,2.415717836,0.142569640,0.025233023,0.533302743
15,197,211318720,67,2.971005840,0.142569640,0.025233023,0.445611286
10,197,211318720,67,3.434655401,0.142569640,0.025233023,0.386332500
6,197,211318720,67,3.865985603,0.142569640,0.025233023,0.336983568
14,197,211318720,67,5.288248457,0.142569640,0.025233023,0.048873272
13,197,211318720,67,5.833909477,0.142569640,0.025233023,0.045630609
20,197,211318720,67,7.683130120,0.142569640,0.025233023,0.047402605
7,197,211318720,67,8.223362945,0.142569640,0.025233023,0.000004764
3,198,211318720,67,0.415613296,0.142569640,0.010078693,0.066429091
19,198,211318720,67,0.531604441,0.142569640,0.010078693,0.251254092
18,198,211318720,67,0.558343805,0.142569640,0.010078693,0.295274835
16,198,211318720,67,0.597834325,0.142569640,0.010078693,0.335386725
11,198,211318720,67,0.648434939,0.142569640,0.010078693,0.352375681
17,198,211318720,67,0.821876280,0.142569640,0.010078693,0.401399162
5,198,211318720,67,0.945211995,0.142569640,0.010078693,0.487447094
2,198,211318720,67,1.021001554,0.142569640,0.010078693,0.558806452
4,198,211318720,67,1.095075793,0.142569640,0.010078693,0.584403592
13,198,211318720,67,1.666831279,0.142569640,0.010078693,0.572371744
1,198,211318720,67,1.686718099,0.142569640,0.010078693,0.579475977
9,198,211318720,67,1.898064014,0.142569640,0.010078693,0.627835754
12,198,211318720,67,2.005690731,0.142569640,0.010078693,0.707572854
14,198,211318720,67,2.083249392,0.142569640,0.010078693,0.734105506
15,198,211318720,67,2.971005840,0.142569640,0.010078693,0.536727101
10,198,211318720,67,3.189322872,0.142569640,0.010078693,0.560361646
6,198,211318720,67,4.163369111,0.142569640,0.010078693,0.333548743
20,198,211318720,67,4.676687899,0.142569640,0.010078693,0.257903071
8,198,211318720,67,7.332075444,0.142569640,0.010078693,0.047112873
7,198,211318720,67,9.357619903,0.142569640,0.010078693,0.000004764
18,199,211318720,67,0.429495234,0.142569640,0.074485332,0.114970132
5,199,211318720,67,0.515570179,0.142569640,0.074485332,0.283239930
19,199,211318720,67,0.531604441,0.142569640,0.074485332,0.331216972
4,199,211318720,67,0.567817078,0.142569640,0.074485332,0.418511710
17,199,211318720,67,0.639237107,0.142569640,0.074485332,0.586594239
3,199,211318720,67,0.646509572,0.142569640,0.074485332,0.598918913
16,199,211318720,67,0.652182900,0.142569640,0.074485332,0.604672106
1,199,211318720,67,0.707333396,0.142569640,0.074485332,0.623379083
2,199,211318720,67,1.392274846,0.142569640,0.074485332,0.585631867
11,199,211318720,67,1.396629099,0.142569640,0.074485332,0.587033131
12,199,211318720,67,2.005690731,0.142569640,0.074485332,0.477925980
14,199,211318720,67,2.243499345,0.142569640,0.074485332,0.495227595
15,199,211318720,67,3.218589660,0.142569640,0.074485332,0.272098709
10,199,211318720,67,3.434655401,0.142569640,0.074485332,0.320788014
8,199,211318720,67,3.539622628,0.142569640,0.074485332,0.357114322
6,199,211318720,67,3.865985603,0.142569640,0.074485332,0.374108098
7,199,211318720,67,3.969899353,0.142569640,0.074485332,0.408861273
20,199,211318720,67,4.676687899,0.142569640,0.074485332,0.267906390
13,199,211318720,67,5.000493838,0.142569640,0.074485332,0.254629261
9,199,211318720,67,5.349089495,0.142569640,0.074485332,0.139752529
3,200,211318720,67,0.507971807,0.142569640,0.004775816,0.258009410
2,200,211318720,67,0.510500777,0.142569640,0.004775816,0.262299974
4,200,211318720,67,0.527258715,0.142569640,0.004775816,0.279103432
18,200,211318720,67,0.601293328,0.142569640,0.004775816,0.304375894
19,200,211318720,67,0.797406662,0.142569640,0.004775816,0.331969830
1,200,211318720,67,1.033794964,0.142569640,0.004775816,0.348770591
17,200,211318720,67,1.187154627,0.142569640,0.004775816,0.449384784
5,200,211318720,67,1.245961267,0.142569640,0.004775816,0.469569416
11,200,211318720,67,1.396629099,0.142569640,0.004775816,0.564099627
16,200,211318720,67,1.467411525,0.142569640,0.004775816,0.587228799
14,200,211318720,67,1.762749486,0.142569640,0.004775816,0.609568668
13,200,211318720,67,1.875185189,0.142569640,0.004775816,0.646128650
10,200,211318720,67,2.698657815,0.142569640,0.004775816,0.470364044
6,200,211318720,67,2.973835079,0.142569640,0.004775816,0.475124559
9,200,211318720,67,3.278474207,0.142569640,0.004775816,0.468755115
8,200,211318720,67,3.539622628,0.142569640,0.004775816,0.478085097
7,200,211318720,67,3.969899353,0.142569640,0.004775816,0.432398528
12,200,211318720,67,4.297908708,0.142569640,0.004775816,0.420666735
15,200,211318720,67,6.189595499,0.142569640,0.004775816,0.047095420
20,200,211318720,67,7.683130120,0.142569640,0.004775816,0.000004764
18,201,211318720,67,0.343596187,0.142569640,0.030765450,0.128314974
19,201,211318720,67,0.417689204,0.142569640,0.030765450,0.204486125
1,201,211318720,67,0.435282090,0.142569640,0.030765450,0.229123232
5,201,211318720,67,0.558534361,0.142569640,0.030765450,0.429641019
4,201,211318720,67,0.567817078,0.142569640,0.030765450,0.445092929
17,201,211318720,67,0.639237107,0.142569640,0.030765450,0.516703769
3,201,211318720,67,0.646509572,0.142569640,0.030765450,0.519171591
2,201,211318720,67,1.299456523,0.142569640,0.030765450,0.486989710
16,201,211318720,67,1.304365800,0.142569640,0.030765450,0.488653485
11,201,211318720,67,1.496388320,0.142569640,0.030765450,0.563555591
12,201,211318720,67,1.575899860,0.142569640,0.030765450,0.591370664
9,201,211318720,67,1.898064014,0.142569640,0.030765450,0.575739718
14,201,211318720,67,2.243499345,0.142569640,0.030765450,0.556374120
15,201,211318720,67,3.218589660,0.142569640,0.030765450,0.324770611
10,201,211318720,67,3.434655401,0.142569640,0.030765450,0.349862950
7,201,211318720,67,3.969899353,0.142569640,0.030765450,0.269589416
6,201,211318720,67,4.163369111,0.142569640,0.030765450,0.302710429
8,201,211318720,67,4.803773567,0.142569640,0.030765450,0.187812114
13,201,211318720,67,6.042263387,0.142569640,0.030765450,0.049184475
20,201,211318720,67,11.023621477,0.142569640,0.030765450,0.000004764
19,202,211318720,67,0.531604441,0.142569640,0.080296122,0.312304550
11,202,211318720,67,0.548675717,0.142569640,0.080296122,0.364680195
2,202,211318720,67,0.556909938,0.142569640,0.080296122,0.384281038
4,202,211318720,67,0.567817078,0.142569640,0.080296122,0.402584430
3,202,211318720,67,0.646509572,0.142569640,0.080296122,0.483552138
1,202,211318720,67,0.652923135,0.142569640,0.080296122,0.485776481
5,202,211318720,67,0.816319451,0.142569640,0.080296122,0.525247945
17,202,211318720,67,1.050175247,0.142569640,0.080296122,0.541422319
18,202,211318720,67,1.288485703,0.142569640,0.080296122,0.559001563
16,202,211318720,67,1.630457250,0.142569640,0.080296122,0.541109564
14,202,211318720,67,1.922999439,0.142569640,0.080296122,0.539275971
13,202,211318720,67,2.291893009,0.142569640,0.080296122,0.511995422
8,202,211318720,67,3.286792440,0.142569640,0.080296122,0.388014836
12,202,211318720,67,3.295063343,0.142569640,0.080296122,0.396695312
7,202,211318720,67,3.402770874,0.142569640,0.080296122,0.483971862
15,202,211318720,67,3.466173480,0.142569640,0.080296122,0.505966433
20,202,211318720,67,4.676687899,0.142569640,0.080296122,0.204510554
9,202,211318720,67,5.176538221,0.142569640,0.080296122,0.136025425
10,202,211318720,67,8.341305974,0.142569640,0.080296122,0.046548259
6,202,211318720,67,9.218888745,0.142569640,0.080296122,0.000004764
5,203,211318720,67,0.386677635,0.142569640,0.042581700,0.048154506
3,203,211318720,67,0.554151062,0.142569640,0.042581700,0.209304155
4,203,211318720,67,0.608375440,0.142569640,0.042581700,0.300204019
11,203,211318720,67,0.648434939,0.142569640,0.042581700,0.360785041
16,203,211318720,67,0.652182900,0.142569640,0.042581700,0.363896973
1,203,211318720,67,0.761743658,0.142569640,0.042581700,0.474627433
18,203,211318720,67,0.816040945,0.142569640,0.042581700,0.528201230
2,203,211318720,67,0.881774069,0.142569640,0.042581700,0.550331819
19,203,211318720,67,1.139152374,0.142569640,0.042581700,0.562546119
17,203,211318720,67,1.415453593,0.142569640,0.042581700,0.564236594
14,203,211318720,67,2.243499345,0.142569640,0.042581700,0.383263996
10,203,211318720,67,2.698657815,0.142569640,0.042581700,0.415223709
13,203,211318720,67,2.708600829,0.142569640,0.042581700,0.418786096
15,203,211318720,67,3.218589660,0.142569640,0.042581700,0.345543707
7,203,211318720,67,3.402770874,0.142569640,0.042581700,0.380776779
12,203,211318720,67,4.011381461,0.142569640,0.042581700,0.275402025
6,203,211318720,67,4.163369111,0.142569640,0.042581700,0.321354125
20,203,211318720,67,4.676687899,0.142569640,0.042581700,0.245762510
9,203,211318720,67,5.176538221,0.142569640,0.042581700,0.177804522
8,203,211318720,67,7.837735819,0.142569640,0.042581700,0.000004764
19,204,211318720,67,0.493632695,0.142569640,0.024913779,0.241518440
11,204,211318720,67,0.498796107,0.142569640,0.024913779,0.250249729
17,204,211318720,67,0.547917520,0.142569640,0.024913779,0.298332220
4,204,211318720,67,0.567817078,0.142569640,0.024913779,0.304959204
16,204,211318720,67,0.760880050,0.142569640,0.024913779,0.335090146
3,204,211318720,67,0.969764358,0.142569640,0.024913779,0.414606328
5,204,211318720,67,1.031140359,0.142569640,0.024913779,0.435313788
18,204,211318720,67,1.288485703,0.142569640,0.024913779,0.506650942
9,204,211318720,67,1.380410192,0.142569640,0.024913779,0.634201178
2,204,211318720,67,1.392274846,0.142569640,0.024913779,0.646152558
1,204,211318720,67,1.469077054,0.142569640,0.024913779,0.672332629
14,204,211318720,67,1.922999439,0.142569640,0.024913779,0.656148034
12,204,211318720,67,2.005690731,0.142569640,0.024913779,0.684290961
13,204,211318720,67,2.708600829,0.142569640,0.024913779,0.549557292
15,204,211318720,67,3.218589660,0.142569640,0.024913779,0.477884078
8,204,211318720,67,3.539622628,0.142569640,0.024913779,0.469219020
7,204,211318720,67,3.969899353,0.142569640,0.024913779,0.419664664
20,204,211318720,67,4.676687899,0.142569640,0.024913779,0.278090506
10,204,211318720,67,8.095973445,0.142569640,0.024913779,0.048629551
6,204,211318720,67,8.921505237,0.142569640,0.024913779,0.000004764
11,205,211318720,67,0.598555328,0.142569640,0.003637128,0.234746054
5,205,211318720,67,0.601498543,0.142569640,0.003637128,0.239569386
2,205,211318720,67,0.649728261,0.142569640,0.003637128,0.288287217
4,205,211318720,67,0.689492166,0.142569640,0.003637128,0.301352061
18,205,211318720,67,1.116687609,0.142569640,0.003637128,0.261957523
19,205,211318720,67,1.253067611,0.142569640,0.003637128,0.386174772
17,205,211318720,67,1.278474213,0.142569640,0.003637128,0.395249047
3,205,211318720,67,1.431556909,0.142569640,0.003637128,0.508572725
1,205,211318720,67,1.469077054,0.142569640,0.003637128,0.519613051
16,205,211318720,67,1.684805825,0.142569640,0.003637128,0.542327314
8,205,211318720,67,2.022641502,0.142569640,0.003637128,0.644544217
9,205,211318720,67,2.070615288,0.142569640,0.003637128,0.692377329
14,205,211318720,67,2.083249392,0.142569640,0.003637128,0.696998471
13,205,211318720,67,2.916954739,0.142569640,0.003637128,0.550081907
12,205,211318720,67,3.008536096,0.142569640,0.003637128,0.602876763
7,205,211318720,67,3.119206634,0.142569640,0.003637128,0.686219126
10,205,211318720,67,3.189322872,0.142569640,0.003637128,0.708955140
15,205,211318720,67,3.713757300,0.142569640,0.003637128,0.630051644
20,205,211318720,67,6.346933578,0.142569640,0.003637128,0.047335573
6,205,211318720,67,8.921505237,0.142569640,0.003637128,0.000004764
4,206,211318720,67,0.405583627,0.142569640,0.163331404,0.048714826
3,206,211318720,67,0.554151062,0.142569640,0.163331404,0.126159778
2,206,211318720,67,0.649728261,0.142569640,0.163331404,0.299085594
11,206,211318720,67,0.698314549,0.142569640,0.163331404,0.395738894
16,206,211318720,67,0.706531475,0.142569640,0.163331404,0.409557039
1,206,211318720,67,0.761743658,0.142569640,0.163331404,0.466656108
18,206,211318720,67,0.816040945,0.142569640,0.163331404,0.521506530
5,206,211318720,67,0.902247814,0.142569640,0.163331404,0.564306135
19,206,211318720,67,1.025237136,0.142569640,0.163331404,0.606686353
17,206,211318720,67,1.324134007,0.142569640,0.163331404,0.605436694
12,206,211318720,67,2.005690731,0.142569640,0.163331404,0.476583166
15,206,211318720,67,2.971005840,0.142569640,0.163331404,0.256395319
20,206,211318720,67,3.674540492,0.142569640,0.163331404,0.117612635
6,206,211318720,67,3.865985603,0.142569640,0.163331404,0.149685713
14,206,211318720,67,4.807498597,0.142569640,0.163331404,0.048999111
9,206,211318720,67,5.176538221,0.142569640,0.163331404,0.048638693
7,206,211318720,67,5.387720550,0.142569640,0.163331404,0.076609219
8,206,211318720,67,6.067924505,0.142569640,0.163331404,0.048231161
13,206,211318720,67,6.250617297,0.142569640,0.163331404,0.082828257
10,206,211318720,67,7.359975859,0.142569640,0.163331404,0.000004764
5,207,211318720,67,0.429641816,0.142569640,0.040035777,0.144475856
17,207,211318720,67,0.502257727,0.142569640,0.040035777,0.266038351
18,207,211318720,67,0.515394281,0.142569640,0.040035777,0.286126308
3,207,211318720,67,0.554151062,0.142569640,0.040035777,0.325748699
11,207,211318720,67,0.648434939,0.142569640,0.040035777,0.413781725
1,207,211318720,67,0.707333396,0.142569640,0.040035777,0.433480950
2,207,211318720,67,1.021001554,0.142569640,0.040035777,0.421040214
19,207,211318720,67,1.177124119,0.142569640,0.040035777,0.533298731
4,207,211318720,67,1.216750881,0.142569640,0.040035777,0.546874553
16,207,211318720,67,1.576108675,0.142569640,0.040035777,0.557999880
13,207,211318720,67,1.666831279,0.142569640,0.040035777,0.589473564
14,207,211318720,67,2.243499345,0.142569640,0.040035777,0.497736582
9,207,211318720,67,2.415717836,0.142569640,0.040035777,0.535004301
15,207,211318720,67,2.723422020,0.142569640,0.040035777,0.528124362
8,207,211318720,67,3.033962253,0.142569640,0.040035777,0.523703607
10,207,211318720,67,3.189322872,0.142569640,0.040035777,0.568517705
6,207,211318720,67,3.568602095,0.142569640,0.040035777,0.554532633
7,207,211318720,67,3.686335113,0.142569640,0.040035777,0.595624281
12,207,211318720,67,4.011381461,0.142569640,0.040035777,0.583341690
20,207,211318720,67,10.689572341,0.142569640,0.040035777,0.000004764
18,208,211318720,67,0.472444758,0.142569640,0.026112972,0.235428556
4,208,211318720,67,0.486700352,0.142569640,0.026112972,0.268957429
19,208,211318720,67,0.493632695,0.142569640,0.026112972,0.280603132
11,208,211318720,67,0.598555328,0.142569640,0.026112972,0.475500358
3,208,211318720,67,0.600330317,0.142569640,0.026112972,0.478548498
17,208,211318720,67,0.639237107,0.142569640,0.026112972,0.517882662
16,208,211318720,67,0.706531475,0.142569640,0.026112972,0.540251696
1,208,211318720,67,1.251436009,0.142569640,0.026112972,0.525730846
5,208,211318720,67,1.288925448,0.142569640,0.026112972,0.536925562
2,208,211318720,67,1.577911492,0.142569640,0.026112972,0.537181500
14,208,211318720,67,1.922999439,0.142569640,0.026112972,0.517968119
9,208,211318720,67,2.070615288,0.142569640,0.026112972,0.563806221
13,208,211318720,67,2.291893009,0.142569640,0.026112972,0.585411747
10,208,211318720,67,3.189322872,0.142569640,0.026112972,0.466040146
15,208,211318720,67,3.218589660,0.142569640,0.026112972,0.476063785
20,208,211318720,67,3.674540492,0.142569640,0.026112972,0.417982763
12,208,211318720,67,4.011381461,0.142569640,0.026112972,0.401438068
7,208,211318720,67,6.238413268,0.142569640,0.026112972,0.047670598
8,208,211318720,67,7.584905632,0.142569640,0.026112972,0.047767144
6,208,211318720,67,9.516272253,0.142569640,0.026112972,0.000004764
5,209,211318720,67,0.429641816,0.142569640,0.016398946,0.141016211
19,209,211318720,67,0.493632695,0.142569640,0.016398946,0.206321608
2,209,211318720,67,0.510500777,0.142569640,0.016398946,0.211698813
1,209,211318720,67,0.652923135,0.142569640,0.016398946,0.259275381
18,209,211318720,67,0.816040945,0.142569640,0.016398946,0.299985191
3,209,211318720,67,1.154481379,0.142569640,0.016398946,0.382883619
17,209,211318720,67,1.187154627,0.142569640,0.016398946,0.415613542
4,209,211318720,67,1.257309243,0.142569640,0.016398946,0.440188483
11,209,211318720,67,1.396629099,0.142569640,0.016398946,0.572658961
16,209,211318720,67,1.413062950,0.142569640,0.016398946,0.578285717
15,209,211318720,67,1.980670560,0.142569640,0.016398946,0.548362451
9,209,211318720,67,2.070615288,0.142569640,0.016398946,0.681640136
14,209,211318720,67,2.083249392,0.142569640,0.016398946,0.694641472
12,209,211318720,67,2.148954354,0.142569640,0.016398946,0.717792642
8,209,211318720,67,2.781132065,0.142569640,0.016398946,0.605705095
10,209,211318720,67,3.434655401,0.142569640,0.016398946,0.483610106
20,209,211318720,67,4.676687899,0.142569640,0.016398946,0.171106759
13,209,211318720,67,6.458971207,0.142569640,0.016398946,0.047813030
6,209,211318720,67,7.731971206,0.142569640,0.016398946,0.048624885
7,209,211318720,67,8.506927184,0.142569640,0.016398946,0.000004764
4,210,211318720,67,0.324466901,0.142569640,0.008322694,0.048551118
18,210,211318720,67,0.472444758,0.142569640,0.008322694,0.165628088
19,210,211318720,67,0.531604441,0.142569640,0.008322694,0.239603703
17,210,211318720,67,0.593577313,0.142569640,0.008322694,0.301859138
1,210,211318720,67,0.652923135,0.142569640,0.008322694,0.344457418
16,210,211318720,67,0.760880050,0.142569640,0.008322694,0.398190255
3,210,211318720,67,0.877405848,0.142569640,0.008322694,0.456820844
5,210,211318720,67,0.988176177,0.142569640,0.008322694,0.494085524
12,210,211318720,67,1.146108989,0.142569640,0.008322694,0.655657695
11,210,211318720,67,1.147231045,0.142569640,0.008322694,0.656836670
2,210,211318720,67,1.253047361,0.142569640,0.008322694,0.692361487
9,210,211318720,67,2.415717836,0.142569640,0.008322694,0.405462844
13,210,211318720,67,2.916954739,0.142569640,0.008322694,0.330758000
15,210,211318720,67,3.218589660,0.142569640,0.008322694,0.328429739
8,210,211318720,67,3.539622628,0.142569640,0.008322694,0.318289427
7,210,211318720,67,3.686335113,0.142569640,0.008322694,0.366681454
14,210,211318720,67,4.006248831,0.142569640,0.008322694,0.354715879
10,210,211318720,67,5.887980687,0.142569640,0.008322694,0.047763825
20,210,211318720,67,7.015031849,0.142569640,0.008322694,0.048764791
6,210,211318720,67,9.218888745,0.142569640,0.008322694,0.000004764
19,211,211318720,67,0.417689204,0.142569640,0.081444912,0.140473155
18,211,211318720,67,0.472444758,0.142569640,0.081444912,0.227173535
2,211,211318720,67,0.510500777,0.142569640,0.081444912,0.272291978
4,211,211318720,67,0.567817078,0.142569640,0.081444912,0.367319502
3,211,211318720,67,0.646509572,0.142569640,0.081444912,0.465601572
11,211,211318720,67,0.648434939,0.142569640,0.081444912,0.467617300
16,211,211318720,67,0.760880050,0.142569640,0.081444912,0.505311711
5,211,211318720,67,1.160032904,0.142569640,0.081444912,0.539372282
1,211,211318720,67,1.197025748,0.142569640,0.081444912,0.552864084
17,211,211318720,67,1.369793800,0.142569640,0.081444912,0.591303643
14,211,211318720,67,2.083249392,0.142569640,0.081444912,0.446888401
9,211,211318720,67,2.243166562,0.142569640,0.081444912,0.488005517
7,211,211318720,67,3.119206634,0.142569640,0.081444912,0.294198456
15,211,211318720,67,3.466173480,0.142569640,0.081444912,0.274803082
6,211,211318720,67,3.865985603,0.142569640,0.081444912,0.235924682
12,211,211318720,67,4.011381461,0.142569640,0.081444912,0.282483185
20,211,211318720,67,4.676687899,0.142569640,0.081444912,0.175507097
13,211,211318720,67,4.792139928,0.142569640,0.081444912,0.214749171
8,211,211318720,67,5.815094318,0.142569640,0.081444912,0.046476650
10,211,211318720,67,6.378645745,0.142569640,0.081444912,0.000004764
19,212,211318720,67,0.417689204,0.142569640,0.012768305,0.087470987
5,212,211318720,67,0.515570179,0.142569640,0.012768305,0.289622547
17,212,211318720,67,0.547917520,0.142569640,0.012768305,0.365401626
4,212,211318720,67,0.567817078,0.142569640,0.012768305,0.398301155
2,212,211318720,67,0.603319100,0.142569640,0.012768305,0.434346244
3,212,211318720,67,0.646509572,0.142569640,0.012768305,0.449680669
11,212,211318720,67,1.197110656,0.142569640,0.012768305,0.483314049
18,212,211318720,67,1.245536180,0.142569640,0.012768305,0.531153849
16,212,211318720,67,1.250017225,0.142569640,0.012768305,0.532735314
12,212,211318720,67,1.432636236,0.142569640,0.012768305,0.580570767
9,212,211318720,67,1.552961466,0.142569640,0.012768305,0.663364683
1,212,211318720,67,1.632307838,0.142569640,0.012768305,0.690522123
15,212,211318720,67,1.980670560,0.142569640,0.012768305,0.671097042
14,212,211318720,67,2.243499345,0.142569640,0.012768305,0.677352725
10,212,211318720,67,3.434655401,0.142569640,0.012768305,0.378463000
7,212,211318720,67,3.969899353,0.142569640,0.012768305,0.299655901
20,212,211318720,67,4.676687899,0.142569640,0.012768305,0.173353681
8,212,211318720,67,4.803773567,0.142569640,0.012768305,0.217498351
13,212,211318720,67,6.042263387,0.142569640,0.012768305,0.049863395
6,212,211318720,67,6.245053666,0.142569640,0.012768305,0.000004764
1,213,211318720,67,0.435282090,0.142569640,0.009430031,0.106424011
19,213,211318720,67,0.531604441,0.142569640,0.009430031,0.332431219
17,213,211318720,67,0.547917520,0.142569640,0.009430031,0.370681751
4,213,211318720,67,0.567817078,0.142569640,0.009430031,0.404336314
11,213,211318720,67,0.598555328,0.142569640,0.009430031,0.435085195
2,213,211318720,67,0.649728261,0.142569640,0.009430031,0.472953533
16,213,211318720,67,0.760880050,0.142569640,0.009430031,0.510317558
18,213,211318720,67,0.987839039,0.142569640,0.009430031,0.530857477
5,213,211318720,67,1.460782175,0.142569640,0.009430031,0.511360159
3,213,211318720,67,1.570094675,0.142569640,0.009430031,0.620655157
12,213,211318720,67,1.575899860,0.142569640,0.009430031,0.622814136
9,213,211318720,67,1.898064014,0.142569640,0.009430031,0.612495929
13,213,211318720,67,2.708600829,0.142569640,0.009430031,0.441001089
10,213,211318720,67,2.943990344,0.142569640,0.009430031,0.534055029
6,213,211318720,67,2.973835079,0.142569640,0.009430031,0.543876355
14,213,211318720,67,3.204999065,0.142569640,0.009430031,0.563513932
15,213,211318720,67,3.466173480,0.142569640,0.009430031,0.572489202
8,213,211318720,67,3.792452816,0.142569640,0.009430031,0.561576417
20,213,211318720,67,4.676687899,0.142569640,0.009430031,0.365411547
7,213,211318720,67,8.223362945,0.142569640,0.009430031,0.000004764
19,214,211318720,67,0.531604441,0.142569640,0.002130102,0.166832476
17,214,211318720,67,0.593577313,0.142569640,0.002130102,0.322111817
5,214,211318720,67,0.601498543,0.142569640,0.002130102,0.345949515
11,214,211318720,67,0.648434939,0.142569640,0.002130102,0.476942694
3,214,211318720,67,0.692688827,0.142569640,0.002130102,0.581737843
1,214,211318720,67,0.707333396,0.142569640,0.002130102,0.604965860
18,214,211318720,67,0.730141898,0.142569640,0.002130102,0.627643490
16,214,211318720,67,0.760880050,0.142569640,0.002130102,0.638137678
4,214,211318720,67,1.095075793,0.142569640,0.002130102,0.623328578
2,214,211318720,67,1.345865684,0.142569640,0.002130102,0.635486673
14,214,211318720,67,2.083249392,0.142569640,0.002130102,0.485903474
9,214,211318720,67,2.415717836,0.142569640,0.002130102,0.471049430
15,214,211318720,67,3.218589660,0.142569640,0.002130102,0.312955287
20,214,211318720,67,3.340491357,0.142569640,0.002130102,0.383442025
12,214,211318720,67,3.438326967,0.142569640,0.002130102,0.445087842
8,214,211318720,67,3.539622628,0.142569640,0.002130102,0.480152069
7,214,211318720,67,3.969899353,0.142569640,0.002130102,0.433404963
10,214,211318720,67,4.661318044,0.142569640,0.002130102,0.308670382
13,214,211318720,67,4.792139928,0.142569640,0.002130102,0.352740755
6,214,211318720,67,7.731971206,0.142569640,0.002130102,0.000004764
5,215,211318720,67,0.515570179,0.142569640,0.015714014,0.067565614
17,215,211318720,67,0.639237107,0.142569640,0.015714014,0.257309652
11,215,211318720,67,0.648434939,0.142569640,0.015714014,0.272705194
16,215,211318720,67,0.706531475,0.142569640,0.015714014,0.330935956
1,215,211318720,67,0.761743658,0.142569640,0.015714014,0.364891269
2,215,211318720,67,0.881774069,0.142569640,0.015714014,0.406154271
3,215,211318720,67,1.062122868,0.142569640,0.015714014,0.442564455
4,215,211318720,67,1.216750881,0.142569640,0.015714014,0.558799582
19,215,211318720,67,1.253067611,0.142569640,0.015714014,0.571356659
18,215,211318720,67,1.417334273,0.142569640,0.015714014,0.610686414
12,215,211318720,67,1.719163483,0.142569640,0.015714014,0.609789509
14,215,211318720,67,2.083249392,0.142569640,0.015714014,0.585578657
9,215,211318720,67,2.415717836,0.142569640,0.015714014,0.570626682
20,215,211318720,67,3.340491357,0.142569640,0.015714014,0.445699027
7,215,211318720,67,3.402770874,0.142569640,0.015714014,0.507193887
10,215,211318720,67,3.434655401,0.142569640,0.015714014,0.518038596
6,215,211318720,67,4.163369111,0.142569640,0.015714014,0.376369037
13,215,211318720,67,4.375432108,0.142569640,0.015714014,0.402645097
8,215,211318720,67,5.309433942,0.142569640,0.015714014,0.190828787
15,215,211318720,67,8.417849879,0.142569640,0.015714014,0.000004764
17,216,211318720,67,0.365278347,0.142569640,0.001203997,0.316535825
3,216,211318720,67,0.369434041,0.142569640,0.001203997,0.323351228
2,216,211318720,67,0.371273292,0.142569640,0.001203997,0.325248116
19,216,211318720,67,0.379717458,0.142569640,0.001203997,0.328111185
11,216,211318720,67,0.598555328,0.142569640,0.001203997,0.502340803
5,216,211318720,67,0.601498543,0.142569640,0.001203997,0.505236522
1,216,211318720,67,0.652923135,0.142569640,0.001203997,0.523175390
16,216,211318720,67,1.086971500,0.142569640,0.001203997,0.477467331
18,216,211318720,67,1.288485703,0.142569640,0.001203997,0.593836525
4,216,211318720,67,1.297867606,0.142569640,0.001203997,0.596830095
9,216,211318720,67,1.552961466,0.142569640,0.001203997,0.606551005
12,216,211318720,67,2.005690731,0.142569640,0.001203997,0.595223446
14,216,211318720,67,2.083249392,0.142569640,0.001203997,0.620795199
13,216,211318720,67,2.708600829,0.142569640,0.001203997,0.520251181
7,216,211318720,67,2.835642395,0.142569640,0.001203997,0.563621602
8,216,211318720,67,3.033962253,0.142569640,0.001203997,0.593661603
6,216,211318720,67,3.865985603,0.142569640,0.001203997,0.418965488
20,216,211318720,67,6.012884442,0.142569640,0.001203997,0.046429596
15,216,211318720,67,7.427514599,0.142569640,0.001203997,0.047005504
10,216,211318720,67,7.605308388,0.142569640,0.001203997,0.000004764
4,217,211318720,67,0.446141990,0.142569640,0.017431457,0.131081268
2,217,211318720,67,0.464091615,0.142569640,0.017431457,0.146116081
11,217,211318720,67,0.598555328,0.142569640,0.017431457,0.340913346
18,217,211318720,67,0.601293328,0.142569640,0.017431457,0.343687087
16,217,211318720,67,0.652182900,0.142569640,0.017431457,0.382943217
1,217,211318720,67,0.761743658,0.142569640,0.017431457,0.418129963
3,217,211318720,67,0.969764358,0.142569640,0.017431457,0.529157408
19,217,211318720,67,0.987265390,0.142569640,0.017431457,0.534942547
5,217,211318720,67,1.245961267,0.142569640,0.017431457,0.585354200
17,217,211318720,67,1.324134007,0.142569640,0.017431457,0.613612347
12,217,211318720,67,1.862427107,0.142569640,0.017431457,0.671214104
13,217,211318720,67,1.875185189,0.142569640,0.017431457,0.684053048
14,217,211318720,67,1.922999439,0.142569640,0.017431457,0.700780083
9,217,211318720,67,2.070615288,0.142569640,0.017431457,0.746649780
10,217,211318720,67,2.453325286,0.142569640,0.017431457,0.715584570
8,217,211318720,67,3.539622628,0.142569640,0.017431457,0.452727848
6,217,211318720,67,3.865985603,0.142569640,0.017431457,0.466939113
7,217,211318720,67,3.969899353,0.142569640,0.017431457,0.502460317
15,217,211318720,67,5.694427859,0.142569640,0.017431457,0.048190182
20,217,211318720,67,7.683130120,0.142569640,0.017431457,0.000004764
1,218,211318720,67,0.435282090,0.142569640,0.034685351,0.086968978
5,218,211318720,67,0.515570179,0.142569640,0.034685351,0.158298992
18,218,211318720,67,0.601293328,0.142569640,0.034685351,0.243162664
11,218,211318720,67,0.648434939,0.142569640,0.034685351,0.259317041
19,218,211318720,67,0.911321899,0.142569640,0.034685351,0.269473820
4,218,211318720,67,1.054517430,0.142569640,0.034685351,0.317520586
16,218,211318720,67,1.195668650,0.142569640,0.034685351,0.434202374
3,218,211318720,67,1.246839889,0.142569640,0.034685351,0.486310863
17,218,211318720,67,1.324134007,0.142569640,0.034685351,0.510801829
2,218,211318720,67,1.531502330,0.142569640,0.034685351,0.535514927
12,218,211318720,67,1.862427107,0.142569640,0.034685351,0.522806938
14,218,211318720,67,2.083249392,0.142569640,0.034685351,0.641252356
13,218,211318720,67,2.083539099,0.142569640,0.034685351,0.641367286
15,218,211318720,67,3.218589660,0.142569640,0.034685351,0.361869615
7,218,211318720,67,3.402770874,0.142569640,0.034685351,0.476077719
10,218,211318720,67,3.434655401,0.142569640,0.034685351,0.507883776
8,218,211318720,67,3.539622628,0.142569640,0.034685351,0.539840445
9,218,211318720,67,5.176538221,0.142569640,0.034685351,0.091146933
20,218,211318720,67,7.349080985,0.142569640,0.034685351,0.049097671
6,218,211318720,67,9.516272253,0.142569640,0.034685351,0.000004764
19,219,211318720,67,0.493632695,0.142569640,0.021356860,0.153039566
17,219,211318720,67,0.547917520,0.142569640,0.021356860,0.244186025
18,219,211318720,67,0.601293328,0.142569640,0.021356860,0.328359658
5,219,211318720,67,0.601498543,0.142569640,0.021356860,0.328584588
11,219,211318720,67,0.698314549,0.142569640,0.021356860,0.361832018
3,219,211318720,67,0.877405848,0.142569640,0.021356860,0.577252519
2,219,211318720,67,0.881774069,0.142569640,0.021356860,0.581564857
4,219,211318720,67,0.892283979,0.142569640,0.021356860,0.585445072
16,219,211318720,67,1.413062950,0.142569640,0.021356860,0.505332638
1,219,211318720,67,1.686718099,0.142569640,0.021356860,0.510105358
8,219,211318720,67,2.022641502,0.142569640,0.021356860,0.547558270
14,219,211318720,67,2.083249392,0.142569640,0.021356860,0.568430975
13,219,211318720,67,2.291893009,0.142569640,0.021356860,0.609119547
9,219,211318720,67,2.415717836,0.142569640,0.021356860,0.650198000
10,219,211318720,67,3.189322872,0.142569640,0.021356860,0.567012603
15,219,211318720,67,3.218589660,0.142569640,0.021356860,0.577346920
20,219,211318720,67,4.008589628,0.142569640,0.021356860,0.411981464
12,219,211318720,67,4.297908708,0.142569640,0.021356860,0.412906975
7,219,211318720,67,6.521977508,0.142569640,0.021356860,0.048191848
6,219,211318720,67,7.137204190,0.142569640,0.021356860,0.000004764
4,220,211318720,67,0.324466901,0.142569640,0.033735994,0.159129208
2,220,211318720,67,0.371273292,0.142569640,0.033735994,0.237328822
17,220,211318720,67,0.410938140,0.142569640,0.033735994,0.279762440
19,220,211318720,67,0.455660949,0.142569640,0.033735994,0.354379185
11,220,211318720,67,0.548675717,0.142569640,0.033735994,0.474737434
3,220,211318720,67,0.554151062,0.142569640,0.033735994,0.480297767
16,220,211318720,67,0.652182900,0.142569640,0.033735994,0.513648932
18,220,211318720,67,1.288485703,0.142569640,0.033735994,0.419458355
1,220,211318720,67,1.414666793,0.142569640,0.033735994,0.544833035
5,220,211318720,67,1.417817993,0.142569640,0.033735994,0.545993063
9,220,211318720,67,2.070615288,0.142569640,0.033735994,0.511654074
13,220,211318720,67,2.083539099,0.142569640,0.033735994,0.515876876
12,220,211318720,67,2.865272472,0.142569640,0.033735994,0.352390865
8,220,211318720,67,3.033962253,0.142569640,0.033735994,0.392574193
10,220,211318720,67,3.434655401,0.142569640,0.033735994,0.362694738
6,220,211318720,67,3.568602095,0.142569640,0.033735994,0.424143116
14,220,211318720,67,3.685748924,0.142569640,0.033735994,0.463719798
15,220,211318720,67,7.675098419,0.142569640,0.033735994,0.048738680
7,220,211318720,67,8.223362945,0.142569640,0.033735994,0.049400319
20,220,211318720,67,10.355523205,0.142569640,0.033735994,0.000004764
2,221,211318720,67,0.510500777,0.142569640,0.002208896,0.155306062
17,221,211318720,67,0.547917520,0.142569640,0.002208896,0.193520921
3,221,211318720,67,0.600330317,0.142569640,0.002208896,0.211072765
1,221,211318720,67,0.761743658,0.142569640,0.002208896,0.273274088
19,221,211318720,67,0.873350153,0.142569640,0.002208896,0.321545336
11,221,211318720,67,0.997592213,0.142569640,0.002208896,0.436537280
5,221,211318720,67,1.031140359,0.142569640,0.002208896,0.446883395
4,221,211318720,67,1.216750881,0.142569640,0.002208896,0.556856518
18,221,211318720,67,1.245536180,0.142569640,0.002208896,0.566162656
16,221,211318720,67,1.521760100,0.142569640,0.002208896,0.568754391
14,221,211318720,67,2.083249392,0.142569640,0.002208896,0.478127913
9,221,211318720,67,2.243166562,0.142569640,0.002208896,0.520263273
15,221,211318720,67,2.475838200,0.142569640,0.002208896,0.539137504
13,221,211318720,67,2.916954739,0.142569640,0.002208896,0.516325814
12,221,211318720,67,3.008536096,0.142569640,0.002208896,0.547984342
10,221,211318720,67,3.189322872,0.142569640,0.002208896,0.652419529
6,221,211318720,67,3.271218587,0.142569640,0.002208896,0.734542421
8,221,211318720,67,3.286792440,0.142569640,0.002208896,0.740235390
7,221,211318720,67,8.506927184,0.142569640,0.002208896,0.045137853
20,221,211318720,67,10.355523205,0.142569640,0.002208896,0.000004764
19,222,211318720,67,0.493632695,0.142569640,0.007705579,0.098484179
18,222,211318720,67,0.558343805,0.142569640,0.007705579,0.155587459
2,222,211318720,67,0.649728261,0.142569640,0.007705579,0.208959568
16,222,211318720,67,0.760880050,0.142569640,0.007705579,0.243199245
11,222,211318720,67,1.047471824,0.142569640,0.007705579,0.242284468
4,222,211318720,67,1.216750881,0.142569640,0.007705579,0.313436596
5,222,211318720,67,1.331889630,0.142569640,0.007705579,0.499258462
3,222,211318720,67,1.339198399,0.142569640,0.007705579,0.506726199
17,222,211318720,67,1.369793800,0.142569640,0.007705579,0.516825260
1,222,211318720,67,1.795538622,0.142569640,0.007705579,0.497504908
9,222,211318720,67,1.898064014,0.142569640,0.007705579,0.556324276
12,222,211318720,67,2.005690731,0.142569640,0.007705579,0.592741932
13,222,211318720,67,2.500246919,0.142569640,0.007705579,0.527042035
6,222,211318720,67,3.568602095,0.142569640,0.007705579,0.269640501
7,222,211318720,67,3.969899353,0.142569640,0.007705579,0.232531032
14,222,211318720,67,4.326748737,0.142569640,0.007705579,0.205824079
20,222,211318720,67,4.676687899,0.142569640,0.007705579,0.184429893
10,222,211318720,67,5.642648159,0.142569640,0.007705579,0.049270874
8,222,211318720,67,6.826415069,0.142569640,0.007705579,0.048021374
15,222,211318720,67,6.932346959,0.142569640,0.007705579,0.012712972
19,223,211318720,67,0.455660949,0.142569640,0.025010133,0.187190432
4,223,211318720,67,0.486700352,0.142569640,0.025010133,0.253611498
17,223,211318720,67,0.502257727,0.142569640,0.025010133,0.279789228
18,223,211318720,67,0.601293328,0.142569640,0.025010133,0.379043631
2,223,211318720,67,0.603319100,0.142569640,0.025010133,0.379813834
5,223,211318720,67,1.374853812,0.142569640,0.025010133,0.426190121
3,223,211318720,67,1.385377654,0.142569640,0.025010133,0.442988993
11,223,211318720,67,1.396629099,0.142569640,0.025010133,0.454350560
16,223,211318720,67,1.467411525,0.142569640,0.025010133,0.479626171
1,223,211318720,67,1.686718099,0.142569640,0.025010133,0.502873805
12,223,211318720,67,2.005690731,0.142569640,0.025010133,0.492236658
6,223,211318720,67,2.379068063,0.142569640,0.025010133,0.462826622
13,223,211318720,67,2.916954739,0.142569640,0.025010133,0.376225677
10,223,211318720,67,3.434655401,0.142569640,0.025010133,0.403266435
15,223,211318720,67,3.466173480,0.142569640,0.025010133,0.434378599
8,223,211318720,67,3.539622628,0.142569640,0.025010133,0.459336562
9,223,211318720,67,3.968679303,0.142569640,0.025010133,0.411008731
14,223,211318720,67,4.807498597,0.142569640,0.025010133,0.224501252
7,223,211318720,67,6.521977508,0.142569640,0.025010133,0.045853926
20,223,211318720,67,7.683130120,0.142569640,0.025010133,0.000004764
18,224,211318720,67,0.343596187,0.142569640,0.051249497,0.073502681
4,224,211318720,67,0.446141990,0.142569640,0.051249497,0.171815715
19,224,211318720,67,0.531604441,0.142569640,0.051249497,0.306029637
17,224,211318720,67,0.547917520,0.142569640,0.051249497,0.322349747
2,224,211318720,67,0.603319100,0.142569640,0.051249497,0.372268598
11,224,211318720,67,0.698314549,0.142569640,0.051249497,0.404773361
3,224,211318720,67,0.877405848,0.142569640,0.051249497,0.441866397
5,224,211318720,67,1.288925448,0.142569640,0.051249497,0.402596678
1,224,211318720,67,1.577897577,0.142569640,0.051249497,0.459708625
16,224,211318720,67,1.630457250,0.142569640,0.051249497,0.512852000
12,224,211318720,67,1.719163483,0.142569640,0.051249497,0.542444020
9,224,211318720,67,1.898064014,0.142569640,0.051249497,0.655889473
14,224,211318720,67,1.922999439,0.142569640,0.051249497,0.664574111
13,224,211318720,67,2.708600829,0.142569640,0.051249497,0.499871824
15,224,211318720,67,5.199260219,0.142569640,0.051249497,0.049795978
20,224,211318720,67,6.346933578,0.142569640,0.051249497,0.123662726
10,224,211318720,67,6.378645745,0.142569640,0.051249497,0.133058451
8,224,211318720,67,7.332075444,0.142569640,0.051249497,0.048962495
7,224,211318720,67,9.074055663,0.142569640,0.051249497,0.047232675
6,224,211318720,67,9.218888745,0.142569640,0.051249497,0.000004764
2,225,211318720,67,0.556909938,0.142569640,0.026739350,0.218178240
17,225,211318720,67,0.593577313,0.142569640,0.026739350,0.280423339
5,225,211318720,67,0.601498543,0.142569640,0.026739350,0.288664212
3,225,211318720,67,0.646509572,0.142569640,0.026739350,0.304577354
19,225,211318720,67,0.873350153,0.142569640,0.026739350,0.324873352
16,225,211318720,67,1.086971500,0.142569640,0.026739350,0.411403181
4,225,211318720,67,1.135634155,0.142569640,0.026739350,0.427816932
18,225,211318720,67,1.288485703,0.142569640,0.026739350,0.559629942
11,225,211318720,67,1.296869877,0.142569640,0.026739350,0.562569380
1,225,211318720,67,1.686718099,0.142569640,0.026739350,0.531659033
9,225,211318720,67,1.898064014,0.142569640,0.026739350,0.555719879
15,225,211318720,67,3.466173480,0.142569640,0.026739350,0.129623498
7,225,211318720,67,3.969899353,0.142569640,0.026739350,0.058477548
12,225,211318720,67,4.154645085,0.142569640,0.026739350,0.180559411
6,225,211318720,67,4.163369111,0.142569640,0.026739350,0.183432223
13,225,211318720,67,4.583786018,0.142569640,0.026739350,0.191514722
14,225,211318720,67,4.647248644,0.142569640,0.026739350,0.212342376
10,225,211318720,67,6.869310802,0.142569640,0.026739350,0.048952433
20,225,211318720,67,7.349080985,0.142569640,0.026739350,0.049880710
8,225,211318720,67,7.584905632,0.142569640,0.026739350,0.000004764
4,226,211318720,67,0.527258715,0.142569640,0.007973853,0.297928909
19,226,211318720,67,0.531604441,0.142569640,0.007973853,0.305116801
17,226,211318720,67,0.547917520,0.142569640,0.007973853,0.321675425
18,226,211318720,67,0.558343805,0.142569640,0.007973853,0.324880443
3,226,211318720,67,0.969764358,0.142569640,0.007973853,0.356310291
2,226,211318720,67,1.021001554,0.142569640,0.007973853,0.437082767
11,226,211318720,67,1.097351435,0.142569640,0.007973853,0.515321330
5,226,211318720,67,1.117068722,0.142569640,0.007973853,0.522029681
12,226,211318720,67,1.575899860,0.142569640,0.007973853,0.485306895
1,226,211318720,67,1.686718099,0.142569640,0.007973853,0.523682688
16,226,211318720,67,1.847851550,0.142569640,0.007973853,0.565348157
13,226,211318720,67,2.708600829,0.142569640,0.007973853,0.374886526
14,226,211318720,67,3.044749111,0.142569640,0.007973853,0.355800469
10,226,211318720,67,3.189322872,0.142569640,0.007973853,0.403232344
7,226,211318720,67,3.686335113,0.142569640,0.007973853,0.338075835
9,226,211318720,67,3.968679303,0.142569640,0.007973853,0.406567329
20,226,211318720,67,4.008589628,0.142569640,0.007973853,0.419538356
15,226,211318720,67,5.446844039,0.142569640,0.007973853,0.046508969
8,226,211318720,67,5.815094318,0.142569640,0.007973853,0.050206641
6,226,211318720,67,9.813655761,0.142569640,0.007973853,0.000004764
18,227,211318720,67,0.515394281,0.142569640,0.019204486,0.301978302
4,227,211318720,67,0.527258715,0.142569640,0.019204486,0.337796747
19,227,211318720,67,0.531604441,0.142569640,0.019204486,0.347494159
11,227,211318720,67,0.598555328,0.142569640,0.019204486,0.482352291
5,227,211318720,67,0.601498543,0.142569640,0.019204486,0.487355193
2,227,211318720,67,0.649728261,0.142569640,0.019204486,0.535098709
16,227,211318720,67,0.706531475,0.142569640,0.019204486,0.555222462
3,227,211318720,67,0.877405848,0.142569640,0.019204486,0.593012234
17,227,211318720,67,1.324134007,0.142569640,0.019204486,0.544455056
1,227,211318720,67,1.795538622,0.142569640,0.019204486,0.484980691
14,227,211318720,67,2.243499345,0.142569640,0.019204486,0.433740122
10,227,211318720,67,2.698657815,0.142569640,0.019204486,0.457687083
12,227,211318720,67,2.722008849,0.142569640,0.019204486,0.466129190
15,227,211318720,67,3.218589660,0.142569640,0.019204486,0.395667109
9,227,211318720,67,3.623576755,0.142569640,0.019204486,0.356719063
20,227,211318720,67,4.008589628,0.142569640,0.019204486,0.328887852
8,227,211318720,67,4.803773567,0.142569640,0.019204486,0.157146908
13,227,211318720,67,5.000493838,0.142569640,0.019204486,0.188451502
7,227,211318720,67,6.521977508,0.142569640,0.019204486,0.048428284
6,227,211318720,67,9.516272253,0.142569640,0.019204486,0.000004764
5,228,211318720,67,0.429641816,0.142569640,0.073604763,0.209609895
4,228,211318720,67,0.446141990,0.142569640,0.073604763,0.226113041
17,228,211318720,67,0.456597933,0.142569640,0.073604763,0.229815536
2,228,211318720,67,0.649728261,0.142569640,0.073604763,0.415779158
1,228,211318720,67,0.652923135,0.142569640,0.073604763,0.418976754
11,228,211318720,67,0.698314549,0.142569640,0.073604763,0.433662959
19,228,211318720,67,0.873350153,0.142569640,0.073604763,0.471345089
3,228,211318720,67,1.108302123,0.142569640,0.073604763,0.578652228
18,228,211318720,67,1.116687609,0.142569640,0.073604763,0.581743410
16,228,211318720,67,1.793502975,0.142569640,0.073604763,0.501477862
12,228,211318720,67,1.862427107,0.142569640,0.073604763,0.525147882
14,228,211318720,67,2.243499345,0.142569640,0.073604763,0.495741363
9,228,211318720,67,2.415717836,0.142569640,0.073604763,0.573464209
13,228,211318720,67,2.500246919,0.142569640,0.073604763,0.601901487
15,228,211318720,67,3.466173480,0.142569640,0.073604763,0.451840154
8,228,211318720,67,3.539622628,0.142569640,0.073604763,0.524902515
6,228,211318720,67,3.568602095,0.142569640,0.073604763,0.534815463
7,228,211318720,67,5.104156311,0.142569640,0.073604763,0.118348655
10,228,211318720,67,6.623978273,0.142569640,0.073604763,0.046806162
20,228,211318720,67,8.685277527,0.142569640,0.073604763,0.000004764
4,229,211318720,67,0.446141990,0.142569640,0.116272233,0.140891311
1,229,211318720,67,0.489692351,0.142569640,0.116272233,0.244867636
17,229,211318720,67,0.547917520,0.142569640,0.116272233,0.382135058
3,229,211318720,67,0.600330317,0.142569640,0.116272233,0.470511909
5,229,211318720,67,0.601498543,0.142569640,0.116272233,0.471705383
2,229,211318720,67,0.603319100,0.142569640,0.116272233,0.472419727
11,229,211318720,67,1.047471824,0.142569640,0.116272233,0.456044533
19,229,211318720,67,1.139152374,0.142569640,0.116272233,0.538748499
18,229,211318720,67,1.202586656,0.142569640,0.116272233,0.558794096
16,229,211318720,67,1.847851550,0.142569640,0.116272233,0.439891978
9,229,211318720,67,2.070615288,0.142569640,0.116272233,0.460907027
20,229,211318720,67,3.006442221,0.142569640,0.116272233,0.248601214
10,229,211318720,67,3.189322872,0.142569640,0.116272233,0.284993075
8,229,211318720,67,3.539622628,0.142569640,0.116272233,0.261651205
12,229,211318720,67,3.724854214,0.142569640,0.116272233,0.296592686
7,229,211318720,67,3.969899353,0.142569640,0.116272233,0.311203845
14,229,211318720,67,5.127998503,0.142569640,0.116272233,0.049037537
13,229,211318720,67,5.833909477,0.142569640,0.116272233,0.047493781
6,229,211318720,67,6.245053666,0.142569640,0.116272233,0.047474559
15,229,211318720,67,7.675098419,0.142569640,0.116272233,0.000004764
3,230,211318720,67,0.554151062,0.142569640,0.002864941,0.225284271
4,230,211318720,67,0.567817078,0.142569640,0.002864941,0.248374056
5,230,211318720,67,0.601498543,0.142569640,0.002864941,0.296884977
1,230,211318720,67,0.652923135,0.142569640,0.002864941,0.348702338
19,230,211318720,67,0.721463170,0.142569640,0.002864941,0.371836024
2,230,211318720,67,1.253047361,0.142569640,0.002864941,0.310058410
17,230,211318720,67,1.369793800,0.142569640,0.002864941,0.426521543
11,230,211318720,67,1.446508709,0.142569640,0.002864941,0.502810733
18,230,211318720,67,1.460283797,0.142569640,0.002864941,0.507882923
16,230,211318720,67,1.684805825,0.142569640,0.002864941,0.527592504
12,230,211318720,67,2.005690731,0.142569640,0.002864941,0.519781845
14,230,211318720,67,2.243499345,0.142569640,0.002864941,0.535691168
9,230,211318720,67,2.415717836,0.142569640,0.002864941,0.574641380
6,230,211318720,67,2.676451571,0.142569640,0.002864941,0.581629095
15,230,211318720,67,3.218589660,0.142569640,0.002864941,0.496183772
7,230,211318720,67,3.402770874,0.142569640,0.002864941,0.534565165
8,230,211318720,67,3.539622628,0.142569640,0.002864941,0.580827622
13,230,211318720,67,4.375432108,0.142569640,0.002864941,0.398858790
10,230,211318720,67,5.397315630,0.142569640,0.002864941,0.157939567
20,230,211318720,67,8.017179256,0.142569640,0.002864941,0.000004764
19,231,211318720,67,0.455660949,0.142569640,0.003651912,0.102250709
11,231,211318720,67,0.548675717,0.142569640,0.003651912,0.432464686
4,231,211318720,67,0.567817078,0.142569640,0.003651912,0.515513531
18,231,211318720,67,0.601293328,0.142569640,0.003651912,0.638479272
5,231,211318720,67,0.601498543,0.142569640,0.003651912,0.639103818
2,231,211318720,67,0.603319100,0.142569640,0.003651912,0.643202308
3,231,211318720,67,0.646509572,0.142569640,0.003651912,0.714702612
16,231,211318720,67,0.652182900,0.142569640,0.003651912,0.720480470
17,231,211318720,67,0.684896900,0.142569640,0.003651912,0.731303297
1,231,211318720,67,1.142615487,0.142569640,0.003651912,0.676251412
12,231,211318720,67,1.575899860,0.142569640,0.003651912,0.629784472
14,231,211318720,67,1.922999439,0.142569640,0.003651912,0.664826055
15,231,211318720,67,1.980670560,0.142569640,0.003651912,0.683463265
10,231,211318720,67,2.698657815,0.142569640,0.003651912,0.544321340
6,231,211318720,67,3.271218587,0.142569640,0.003651912,0.449359116
8,231,211318720,67,3.539622628,0.142569640,0.003651912,0.501103972
9,231,211318720,67,3.623576755,0.142569640,0.003651912,0.585783066
20,231,211318720,67,3.674540492,0.142569640,0.003651912,0.601541829
13,231,211318720,67,4.792139928,0.142569640,0.003651912,0.330328694
7,231,211318720,67,7.939798705,0.142569640,0.003651912,0.000004764
11,232,211318720,67,0.548675717,0.142569640,0.026328430,0.225492268
18,232,211318720,67,0.558343805,0.142569640,0.026328430,0.241783930
16,232,211318720,67,0.597834325,0.142569640,0.026328430,0.281712286
2,232,211318720,67,0.649728261,0.142569640,0.026328430,0.318344521
1,232,211318720,67,0.761743658,0.142569640,0.026328430,0.355949873
19,232,211318720,67,0.949293645,0.142569640,0.026328430,0.568256751
17,232,211318720,67,0.958855660,0.142569640,0.026328430,0.584212594
5,232,211318720,67,0.988176177,0.142569640,0.026328430,0.614225939
3,232,211318720,67,1.062122868,0.142569640,0.026328430,0.657772077
4,232,211318720,67,1.176192518,0.142569640,0.026328430,0.695278781
9,232,211318720,67,2.415717836,0.142569640,0.026328430,0.381160827
15,232,211318720,67,2.971005840,0.142569640,0.026328430,0.293880317
12,232,211318720,67,3.295063343,0.142569640,0.026328430,0.283629916
13,232,211318720,67,3.542016468,0.142569640,0.026328430,0.293190439
7,232,211318720,67,3.969899353,0.142569640,0.026328430,0.315255520
20,232,211318720,67,4.008589628,0.142569640,0.026328430,0.327933645
14,232,211318720,67,4.166498784,0.142569640,0.026328430,0.369818527
6,232,211318720,67,5.650286650,0.142569640,0.026328430,0.049420801
10,232,211318720,67,7.359975859,0.142569640,0.026328430,0.047893389
8,232,211318720,67,8.090566007,0.142569640,0.026328430,0.000004764
19,233,211318720,67,0.531604441,0.142569640,0.136282235,0.314641882
17,233,211318720,67,0.547917520,0.142569640,0.136282235,0.374463150
1,233,211318720,67,0.598512874,0.142569640,0.136282235,0.526948160
3,233,211318720,67,0.600330317,0.142569640,0.136282235,0.531320356
5,233,211318720,67,0.601498543,0.142569640,0.136282235,0.533303708
11,233,211318720,67,0.648434939,0.142569640,0.136282235,0.613641151
2,233,211318720,67,0.649728261,0.142569640,0.136282235,0.615848778
16,233,211318720,67,0.760880050,0.142569640,0.136282235,0.728198066
4,233,211318720,67,0.770608891,0.142569640,0.136282235,0.730982960
18,233,211318720,67,1.116687609,0.142569640,0.136282235,0.714353705
9,233,211318720,67,1.552961466,0.142569640,0.136282235,0.666269109
15,233,211318720,67,2.228254380,0.142569640,0.136282235,0.535568777
6,233,211318720,67,2.379068063,0.142569640,0.136282235,0.580748525
12,233,211318720,67,2.578745225,0.142569640,0.136282235,0.609911001
8,233,211318720,67,3.286792440,0.142569640,0.136282235,0.469162419
14,233,211318720,67,4.807498597,0.142569640,0.136282235,0.062277160
10,233,211318720,67,5.642648159,0.142569640,0.136282235,0.048780929
7,233,211318720,67,6.238413268,0.142569640,0.136282235,0.047831830
13,233,211318720,67,6.667325117,0.142569640,0.136282235,0.048564136
20,233,211318720,67,9.353375798,0.142569640,0.136282235,0.000004764
4,234,211318720,67,0.365025264,0.142569640,0.010473145,0.107368505
19,234,211318720,67,0.417689204,0.142569640,0.010473145,0.125424912
18,234,211318720,67,0.558343805,0.142569640,0.010473145,0.337090986
3,234,211318720,67,0.600330317,0.142569640,0.010473145,0.406708814
5,234,211318720,67,0.601498543,0.142569640,0.010473145,0.407964005
1,234,211318720,67,0.652923135,0.142569640,0.010473145,0.425366930
17,234,211318720,67,1.050175247,0.142569640,0.010473145,0.452288908
11,234,211318720,67,1.097351435,0.142569640,0.010473145,0.468552177
16,234,211318720,67,1.413062950,0.142569640,0.010473145,0.539264131
2,234,211318720,67,1.438684007,0.142569640,0.010473145,0.547785835
9,234,211318720,67,2.415717836,0.142569640,0.010473145,0.319358838
13,234,211318720,67,2.708600829,0.142569640,0.010473145,0.319588409
10,234,211318720,67,2.943990344,0.142569640,0.010473145,0.339025896
7,234,211318720,67,3.402770874,0.142569640,0.010473145,0.404590653
12,234,211318720,67,3.438326967,0.142569640,0.010473145,0.440965095
15,234,211318720,67,3.466173480,0.142569640,0.010473145,0.450784906
14,234,211318720,67,4.166498784,0.142569640,0.010473145,0.311662880
20,234,211318720,67,4.342638764,0.142569640,0.010473145,0.349194924
8,234,211318720,67,7.079245256,0.142569640,0.010473145,0.048030157
6,234,211318720,67,8.921505237,0.142569640,0.010473145,0.000004764
2,235,211318720,67,0.371273292,0.142569640,0.030229734,0.172735948
19,235,211318720,67,0.379717458,0.142569640,0.030229734,0.186091927
3,235,211318720,67,0.461792551,0.142569640,0.030229734,0.298364986
18,235,211318720,67,0.515394281,0.142569640,0.030229734,0.353373281
5,235,211318720,67,0.558534361,0.142569640,0.030229734,0.367920143
4,235,211318720,67,0.730050528,0.142569640,0.030229734,0.405894385
1,235,211318720,67,1.033794964,0.142569640,0.030229734,0.399828359
17,235,211318720,67,1.369793800,0.142569640,0.030229734,0.395233813
11,235,211318720,67,1.496388320,0.142569640,0.030229734,0.437737381
16,235,211318720,67,1.739154400,0.142569640,0.030229734,0.449955834
9,235,211318720,67,2.415717836,0.142569640,0.030229734,0.321449736
10,235,211318720,67,3.434655401,0.142569640,0.030229734,0.080354837
7,235,211318720,67,3.686335113,0.142569640,0.030229734,0.163453900
12,235,211318720,67,3.724854214,0.142569640,0.030229734,0.175086627
6,235,211318720,67,4.163369111,0.142569640,0.030229734,0.124086260
13,235,211318720,67,4.792139928,0.142569640,0.030229734,0.133117042
14,235,211318720,67,4.807498597,0.142569640,0.030229734,0.138246177
8,235,211318720,67,6.826415069,0.142569640,0.030229734,0.049856261
15,235,211318720,67,7.427514599,0.142569640,0.030229734,0.047486285
20,235,211318720,67,7.683130120,0.142569640,0.030229734,0.000004764
4,236,211318720,67,0.486700352,0.142569640,0.167373806,0.225697057
18,236,211318720,67,0.515394281,0.142569640,0.167373806,0.306727956
19,236,211318720,67,0.531604441,0.142569640,0.167373806,0.355432169
5,236,211318720,67,0.601498543,0.142569640,0.167373806,0.544358774
2,236,211318720,67,0.603319100,0.142569640,0.167373806,0.548567117
3,236,211318720,67,0.646509572,0.142569640,0.167373806,0.621177963
11,236,211318720,67,0.648434939,0.142569640,0.167373806,0.623081603
16,236,211318720,67,0.706531475,0.142569640,0.167373806,0.642263154
1,236,211318720,67,1.033794964,0.142569640,0.167373806,0.630592318
17,236,211318720,67,1.187154627,0.142569640,0.167373806,0.674976621
14,236,211318720,67,2.243499345,0.142569640,0.167373806,0.423800018
8,236,211318720,67,2.528301877,0.142569640,0.167373806,0.425580944
13,236,211318720,67,2.916954739,0.142569640,0.167373806,0.395592340
10,236,211318720,67,3.434655401,0.142569640,0.167373806,0.319031896
20,236,211318720,67,4.008589628,0.142569640,0.167373806,0.222659993
12,236,211318720,67,4.297908708,0.142569640,0.167373806,0.307685434
9,236,211318720,67,4.313781851,0.142569640,0.167373806,0.312914079
7,236,211318720,67,4.820592071,0.142569640,0.167373806,0.241338736
15,236,211318720,67,7.675098419,0.142569640,0.167373806,0.049000199
6,236,211318720,67,8.921505237,0.142569640,0.167373806,0.000004764
4,237,211318720,67,0.324466901,0.142569640,0.048505004,0.098803946
11,237,211318720,67,0.399036885,0.142569640,0.048505004,0.253744216
3,237,211318720,67,0.461792551,0.142569640,0.048505004,0.359850848
18,237,211318720,67,0.472444758,0.142569640,0.048505004,0.384750254
1,237,211318720,67,0.489692351,0.142569640,0.048505004,0.414004460
5,237,211318720,67,0.601498543,0.142569640,0.048505004,0.596085910
2,237,211318720,67,0.603319100,0.142569640,0.048505004,0.597993850
17,237,211318720,67,0.639237107,0.142569640,0.048505004,0.609819974
19,237,211318720,67,0.911321899,0.142569640,0.048505004,0.617118685
16,237,211318720,67,1.141320075,0.142569640,0.048505004,0.636920739
14,237,211318720,67,1.762749486,0.142569640,0.048505004,0.527491464
13,237,211318720,67,2.916954739,0.142569640,0.048505004,0.234967042
8,237,211318720,67,3.286792440,0.142569640,0.048505004,0.207905423
10,237,211318720,67,3.434655401,0.142569640,0.048505004,0.329187868
15,237,211318720,67,3.466173480,0.142569640,0.048505004,0.339865564
9,237,211318720,67,3.623576755,0.142569640,0.048505004,0.438968616
7,237,211318720,67,3.686335113,0.142569640,0.048505004,0.459393429
6,237,211318720,67,4.163369111,0.142569640,0.048505004,0.402917195
12,237,211318720,67,4.297908708,0.142569640,0.048505004,0.446848646
20,237,211318720,67,10.021474070,0.142569640,0.048505004,0.000004764
5,238,211318720,67,0.515570179,0.142569640,0.064411834,0.218045942
16,238,211318720,67,0.543485750,0.142569640,0.064411834,0.302296203
17,238,211318720,67,0.593577313,0.142569640,0.064411834,0.428430989
18,238,211318720,67,0.601293328,0.142569640,0.064411834,0.446490049
3,238,211318720,67,0.646509572,0.142569640,0.064411834,0.535032190
11,238,211318720,67,0.648434939,0.142569640,0.064411834,0.538444541
19,238,211318720,67,0.721463170,0.142569640,0.064411834,0.612969198
4,238,211318720,67,0.770608891,0.142569640,0.064411834,0.629854355
2,238,211318720,67,0.974592392,0.142569640,0.064411834,0.750971310
1,238,211318720,67,0.979384703,0.142569640,0.064411834,0.752559820
14,238,211318720,67,1.281999626,0.142569640,0.064411834,0.837475614
12,238,211318720,67,1.289372612,0.142569640,0.064411834,0.840416234
13,238,211318720,67,2.500246919,0.142569640,0.064411834,0.539436518
8,238,211318720,67,2.781132065,0.142569640,0.064411834,0.542708068
10,238,211318720,67,2.943990344,0.142569640,0.064411834,0.661304174
15,238,211318720,67,2.971005840,0.142569640,0.064411834,0.670588723
7,238,211318720,67,3.119206634,0.142569640,0.064411834,0.716316117
6,238,211318720,67,3.568602095,0.142569640,0.064411834,0.663783836
20,238,211318720,67,4.008589628,0.142569640,0.064411834,0.612821791
9,238,211318720,67,5.176538221,0.142569640,0.064411834,0.224765867
5,239,211318720,67,0.429641816,0.142569640,0.015290086,0.098228835
19,239,211318720,67,0.531604441,0.142569640,0.015290086,0.421732754
3,239,211318720,67,0.554151062,0.142569640,0.015290086,0.504496833
18,239,211318720,67,0.558343805,0.142569640,0.015290086,0.518776071
4,239,211318720,67,0.567817078,0.142569640,0.015290086,0.547418021
17,239,211318720,67,0.593577313,0.142569640,0.015290086,0.607411796
2,239,211318720,67,0.649728261,0.142569640,0.015290086,0.701648918
1,239,211318720,67,0.652923135,0.142569640,0.015290086,0.704633664
11,239,211318720,67,0.698314549,0.142569640,0.015290086,0.719601935
16,239,211318720,67,1.467411525,0.142569640,0.015290086,0.561597572
12,239,211318720,67,1.862427107,0.142569640,0.015290086,0.578453522
14,239,211318720,67,1.922999439,0.142569640,0.015290086,0.598730847
13,239,211318720,67,2.083539099,0.142569640,0.015290086,0.640249755
10,239,211318720,67,3.189322872,0.142569640,0.015290086,0.399785857
8,239,211318720,67,3.286792440,0.142569640,0.015290086,0.431260014
20,239,211318720,67,4.676687899,0.142569640,0.015290086,0.066710064
9,239,211318720,67,5.349089495,0.142569640,0.015290086,0.141873811
6,239,211318720,67,5.352903142,0.142569640,0.015290086,0.143043531
15,239,211318720,67,7.427514599,0.142569640,0.015290086,0.047955282
7,239,211318720,67,8.506927184,0.142569640,0.015290086,0.000004764
1,240,211318720,67,0.489692351,0.142569640,0.005719342,0.257051762
4,240,211318720,67,0.527258715,0.142569640,0.005719342,0.381223137
19,240,211318720,67,0.531604441,0.142569640,0.005719342,0.394157925
2,240,211318720,67,0.556909938,0.142569640,0.005719342,0.453542379
11,240,211318720,67,0.598555328,0.142569640,0.005719342,0.546670813
17,240,211318720,67,0.639237107,0.142569640,0.005719342,0.615170008
3,240,211318720,67,0.646509572,0.142569640,0.005719342,0.622558720
16,240,211318720,67,0.706531475,0.142569640,0.005719342,0.641799751
5,240,211318720,67,1.245961267,0.142569640,0.005719342,0.627649282
18,240,211318720,67,1.288485703,0.142569640,0.005719342,0.641020432
12,240,211318720,67,2.005690731,0.142569640,0.005719342,0.501030424
14,240,211318720,67,2.243499345,0.142569640,0.005719342,0.515916661
13,240,211318720,67,2.916954739,0.142569640,0.005719342,0.384197042
8,240,211318720,67,3.286792440,0.142569640,0.005719342,0.417090962
20,240,211318720,67,3.340491357,0.142569640,0.005719342,0.467084989
10,240,211318720,67,3.434655401,0.142569640,0.005719342,0.500940930
15,240,211318720,67,3.713757300,0.142569640,0.005719342,0.504392400
9,240,211318720,67,5.003986947,0.142569640,0.005719342,0.173402102
6,240,211318720,67,6.542437174,0.142569640,0.005719342,0.047778548
7,240,211318720,67,6.805541747,0.142569640,0.005719342,0.000004764
19,241,211318720,67,0.455660949,0.142569640,0.014192638,0.093222974
4,241,211318720,67,0.527258715,0.142569640,0.014192638,0.181155505
2,241,211318720,67,0.603319100,0.142569640,0.014192638,0.258273506
17,241,211318720,67,0.639237107,0.142569640,0.014192638,0.283991476
16,241,211318720,67,0.760880050,0.142569640,0.014192638,0.326276736
18,241,211318720,67,0.987839039,0.142569640,0.014192638,0.344732214
5,241,211318720,67,1.374853812,0.142569640,0.014192638,0.386409331
11,241,211318720,67,1.396629099,0.142569640,0.014192638,0.404037039
3,241,211318720,67,1.523915420,0.142569640,0.014192638,0.471981639
1,241,211318720,67,1.632307838,0.142569640,0.014192638,0.509335001
14,241,211318720,67,2.243499345,0.142569640,0.014192638,0.406452257
13,241,211318720,67,2.916954739,0.142569640,0.014192638,0.279740186
8,241,211318720,67,3.286792440,0.142569640,0.014192638,0.252489685
10,241,211318720,67,3.434655401,0.142569640,0.014192638,0.305005907
6,241,211318720,67,3.568602095,0.142569640,0.014192638,0.351177870
9,241,211318720,67,4.141230577,0.142569640,0.014192638,0.256180616
20,241,211318720,67,4.342638764,0.142569640,0.014192638,0.310360756
12,241,211318720,67,4.441172332,0.142569640,0.014192638,0.344911435
15,241,211318720,67,6.437179319,0.142569640,0.014192638,0.047284031
7,241,211318720,67,7.656234466,0.142569640,0.014192638,0.000004764
18,242,211318720,67,0.429495234,0.142569640,0.035084356,0.138925566
4,242,211318720,67,0.446141990,0.142569640,0.035084356,0.155921522
5,242,211318720,67,0.558534361,0.142569640,0.035084356,0.264874091
3,242,211318720,67,0.646509572,0.142569640,0.035084356,0.429674432
16,242,211318720,67,0.652182900,0.142569640,0.035084356,0.439397034
11,242,211318720,67,0.698314549,0.142569640,0.035084356,0.485832305
1,242,211318720,67,0.761743658,0.142569640,0.035084356,0.522675307
2,242,211318720,67,0.881774069,0.142569640,0.035084356,0.560821288
19,242,211318720,67,1.139152374,0.142569640,0.035084356,0.665500440
17,242,211318720,67,1.141494833,0.142569640,0.035084356,0.666380956
14,242,211318720,67,1.762749486,0.142569640,0.035084356,0.553402152
9,242,211318720,67,2.070615288,0.142569640,0.035084356,0.590109999
12,242,211318720,67,2.148954354,0.142569640,0.035084356,0.616346332
13,242,211318720,67,2.916954739,0.142569640,0.035084356,0.459034817
7,242,211318720,67,3.686335113,0.142569640,0.035084356,0.307530081
20,242,211318720,67,4.008589628,0.142569640,0.035084356,0.296898154
6,242,211318720,67,4.163369111,0.142569640,0.035084356,0.340640088
15,242,211318720,67,5.694427859,0.142569640,0.035084356,0.047317014
8,242,211318720,67,6.826415069,0.142569640,0.035084356,0.048019859
10,242,211318720,67,7.605308388,0.142569640,0.035084356,0.000004764
11,243,211318720,67,0.399036885,0.142569640,0.052716490,0.142219946
4,243,211318720,67,0.446141990,0.142569640,0.052716490,0.191084165
19,243,211318720,67,0.493632695,0.142569640,0.052716490,0.253694953
18,243,211318720,67,0.601293328,0.142569640,0.052716490,0.518564838
5,243,211318720,67,0.601498543,0.142569640,0.052716490,0.519016118
17,243,211318720,67,0.639237107,0.142569640,0.052716490,0.596232812
2,243,211318720,67,0.649728261,0.142569640,0.052716490,0.614177769
1,243,211318720,67,0.707333396,0.142569640,0.052716490,0.671390919
16,243,211318720,67,0.760880050,0.142569640,0.052716490,0.689596800
3,243,211318720,67,1.246839889,0.142569640,0.052716490,0.623500308
14,243,211318720,67,2.083249392,0.142569640,0.052716490,0.443796523
15,243,211318720,67,3.466173480,0.142569640,0.052716490,0.153200950
8,243,211318720,67,3.539622628,0.142569640,0.052716490,0.226483829
6,243,211318720,67,3.568602095,0.142569640,0.052716490,0.252856813
7,243,211318720,67,3.686335113,0.142569640,0.052716490,0.294080667
12,243,211318720,67,4.870963203,0.142569640,0.052716490,0.049645645
9,243,211318720,67,5.176538221,0.142569640,0.052716490,0.049845009
10,243,211318720,67,5.887980687,0.142569640,0.052716490,0.047817361
13,243,211318720,67,6.667325117,0.142569640,0.052716490,0.047550250
20,243,211318720,67,9.687424934,0.142569640,0.052716490,0.000004764
16,244,211318720,67,0.597834325,0.142569640,0.221436769,0.283927327
18,244,211318720,67,0.601293328,0.142569640,0.221436769,0.292011593
11,244,211318720,67,0.648434939,0.142569640,0.221436769,0.371033083
2,244,211318720,67,0.649728261,0.142569640,0.221436769,0.372417304
1,244,211318720,67,0.707333396,0.142569640,0.221436769,0.392814545
4,244,211318720,67,0.851725616,0.142569640,0.221436769,0.437310154
17,244,211318720,67,1.050175247,0.142569640,0.221436769,0.614342568
3,244,211318720,67,1.062122868,0.142569640,0.221436769,0.626289323
19,244,211318720,67,1.101180628,0.142569640,0.221436769,0.639779875
5,244,211318720,67,1.245961267,0.142569640,0.221436769,0.686569931
12,244,211318720,67,1.862427107,0.142569640,0.221436769,0.584480665
13,244,211318720,67,2.708600829,0.142569640,0.221436769,0.395263489
7,244,211318720,67,3.402770874,0.142569640,0.221436769,0.275015603
14,244,211318720,67,3.525498971,0.142569640,0.221436769,0.382808015
6,244,211318720,67,3.568602095,0.142569640,0.221436769,0.397948704
20,244,211318720,67,4.008589628,0.142569640,0.221436769,0.347932228
9,244,211318720,67,5.003986947,0.142569640,0.221436769,0.115415633
10,244,211318720,67,5.151983101,0.142569640,0.221436769,0.161249957
15,244,211318720,67,5.446844039,0.142569640,0.221436769,0.159994641
8,244,211318720,67,7.079245256,0.142569640,0.221436769,0.000004764
16,245,211318720,67,0.543485750,0.142569640,0.175933853,0.331495940
18,245,211318720,67,0.558343805,0.142569640,0.175933853,0.377797264
5,245,211318720,67,0.558534361,0.142569640,0.175933853,0.378367795
2,245,211318720,67,0.603319100,0.142569640,0.175933853,0.483574565
17,245,211318720,67,0.639237107,0.142569640,0.175933853,0.544888190
19,245,211318720,67,0.645519678,0.142569640,0.175933853,0.550960057
11,245,211318720,67,0.698314549,0.142569640,0.175933853,0.568200142
3,245,211318720,67,1.246839889,0.142569640,0.175933853,0.643189990
4,245,211318720,67,1.257309243,0.142569640,0.175933853,0.653768302
14,245,211318720,67,1.281999626,0.142569640,0.175933853,0.662558822
12,245,211318720,67,1.432636236,0.142569640,0.175933853,0.708738843
1,245,211318720,67,1.577897577,0.142569640,0.175933853,0.754161183
9,245,211318720,67,2.415717836,0.142569640,0.175933853,0.569684179
10,245,211318720,67,2.698657815,0.142569640,0.175933853,0.572138494
13,245,211318720,67,2.916954739,0.142569640,0.175933853,0.597231718
7,245,211318720,67,3.119206634,0.142569640,0.175933853,0.654109500
15,245,211318720,67,3.218589660,0.142569640,0.175933853,0.738323238
8,245,211318720,67,3.286792440,0.142569640,0.175933853,0.761191409
20,245,211318720,67,4.676687899,0.142569640,0.175933853,0.392347606
6,245,211318720,67,7.731971206,0.142569640,0.175933853,0.000004764
4,246,211318720,67,0.486700352,0.142569640,0.079662777,0.189199449
19,246,211318720,67,0.531604441,0.142569640,0.079662777,0.338651564
11,246,211318720,67,0.598555328,0.142569640,0.079662777,0.539917255
3,246,211318720,67,0.600330317,0.142569640,0.079662777,0.543818544
5,246,211318720,67,0.601498543,0.142569640,0.079662777,0.545763951
2,246,211318720,67,0.603319100,0.142569640,0.079662777,0.547551557
1,246,211318720,67,0.652923135,0.142569640,0.079662777,0.564104366
17,246,211318720,67,1.004515453,0.142569640,0.079662777,0.546960608
16,246,211318720,67,1.141320075,0.142569640,0.079662777,0.648683413
18,246,211318720,67,1.202586656,0.142569640,0.079662777,0.710453132
14,246,211318720,67,1.281999626,0.142569640,0.079662777,0.737875846
13,246,211318720,67,2.500246919,0.142569640,0.079662777,0.430209247
12,246,211318720,67,3.581590590,0.142569640,0.079662777,0.195454406
7,246,211318720,67,3.686335113,0.142569640,0.079662777,0.231741931
9,246,211318720,67,4.141230577,0.142569640,0.079662777,0.254472262
6,246,211318720,67,4.163369111,0.142569640,0.079662777,0.262129506
20,246,211318720,67,4.342638764,0.142569640,0.079662777,0.295815833
8,246,211318720,67,7.079245256,0.142569640,0.079662777,0.048335082
10,246,211318720,67,7.359975859,0.142569640,0.079662777,0.048506961
15,246,211318720,67,7.675098419,0.142569640,0.079662777,0.000004764
4,247,211318720,67,0.486700352,0.142569640,0.043952487,0.175800467
19,247,211318720,67,0.493632695,0.142569640,0.043952487,0.187633164
18,247,211318720,67,0.601293328,0.142569640,0.043952487,0.483575186
5,247,211318720,67,0.601498543,0.142569640,0.043952487,0.484220304
17,247,211318720,67,0.639237107,0.142569640,0.043952487,0.572984787
2,247,211318720,67,0.649728261,0.142569640,0.043952487,0.590663182
11,247,211318720,67,0.698314549,0.142569640,0.043952487,0.639266057
1,247,211318720,67,0.707333396,0.142569640,0.043952487,0.642282758
3,247,211318720,67,1.246839889,0.142569640,0.043952487,0.560206870
16,247,211318720,67,1.847851550,0.142569640,0.043952487,0.543268600
12,247,211318720,67,1.862427107,0.142569640,0.043952487,0.547762191
9,247,211318720,67,2.243166562,0.142569640,0.043952487,0.522311312
6,247,211318720,67,2.379068063,0.142569640,0.043952487,0.568233076
13,247,211318720,67,2.916954739,0.142569640,0.043952487,0.499867682
8,247,211318720,67,3.033962253,0.142569640,0.043952487,0.539811985
10,247,211318720,67,3.434655401,0.142569640,0.043952487,0.502659276
14,247,211318720,67,4.967748550,0.142569640,0.043952487,0.159910047
20,247,211318720,67,5.010737035,0.142569640,0.043952487,0.174804469
15,247,211318720,67,7.427514599,0.142569640,0.043952487,0.046505464
7,247,211318720,67,7.656234466,0.142569640,0.043952487,0.000004764
17,248,211318720,67,0.365278347,0.142569640,0.052160788,0.143425644
3,248,211318720,67,0.415613296,0.142569640,0.052160788,0.226564299
18,248,211318720,67,0.472444758,0.142569640,0.052160788,0.362373755
19,248,211318720,67,0.493632695,0.142569640,0.052160788,0.411691294
5,248,211318720,67,0.558534361,0.142569640,0.052160788,0.519075621
4,248,211318720,67,0.567817078,0.142569640,0.052160788,0.528255607
11,248,211318720,67,0.598555328,0.142569640,0.052160788,0.538718159
16,248,211318720,67,0.760880050,0.142569640,0.052160788,0.578492193
1,248,211318720,67,1.305846270,0.142569640,0.052160788,0.494787740
2,248,211318720,67,1.531502330,0.142569640,0.052160788,0.514392860
12,248,211318720,67,1.862427107,0.142569640,0.052160788,0.556245877
14,248,211318720,67,1.922999439,0.142569640,0.052160788,0.576152408
7,248,211318720,67,3.402770874,0.142569640,0.052160788,0.265145348
10,248,211318720,67,3.434655401,0.142569640,0.052160788,0.296589552
8,248,211318720,67,3.539622628,0.142569640,0.052160788,0.370848440
9,248,211318720,67,3.623576755,0.142569640,0.052160788,0.409813505
13,248,211318720,67,3.750370378,0.142569640,0.052160788,0.452607417
20,248,211318720,67,4.008589628,0.142569640,0.052160788,0.463756921
6,248,211318720,67,4.163369111,0.142569640,0.052160788,0.507231339
15,248,211318720,67,4.951676399,0.142569640,0.052160788,0.248185320
4,249,211318720,67,0.527258715,0.142569640,0.004068505,0.446968737
11,249,211318720,67,0.548675717,0.142569640,0.004068505,0.553898111
3,249,211318720,67,0.554151062,0.142569640,0.004068505,0.577606124
2,249,211318720,67,0.556909938,0.142569640,0.004068505,0.587677575
17,249,211318720,67,0.593577313,0.142569640,0.004068505,0.697071744
18,249,211318720,67,0.601293328,0.142569640,0.004068505,0.714968138
5,249,211318720,67,0.601498543,0.142569640,0.004068505,0.715345487
16,249,211318720,67,0.652182900,0.142569640,0.004068505,0.766084270
1,249,211318720,67,0.652923135,0.142569640,0.004068505,0.766375615
19,249,211318720,67,0.873350153,0.142569640,0.004068505,0.791305739
12,249,211318720,67,1.862427107,0.142569640,0.004068505,0.559318442
15,249,211318720,67,2.228254380,0.142569640,0.004068505,0.620107349
9,249,211318720,67,2.243166562,0.142569640,0.004068505,0.625159127
13,249,211318720,67,2.916954739,0.142569640,0.004068505,0.553606915
6,249,211318720,67,2.973835079,0.142569640,0.004068505,0.572333729
10,249,211318720,67,3.434655401,0.142569640,0.004068505,0.516615546
20,249,211318720,67,4.342638764,0.142569640,0.004068505,0.313860707
14,249,211318720,67,4.647248644,0.142569640,0.004068505,0.307120507
8,249,211318720,67,8.343396195,0.142569640,0.004068505,0.049767044
7,249,211318720,67,9.641184142,0.142569640,0.004068505,0.000004764
19,250,211318720,67,0.417689204,0.142569640,0.009523852,0.081831018
3,250,211318720,67,0.507971807,0.142569640,0.009523852,0.329803725
18,250,211318720,67,0.558343805,0.142569640,0.009523852,0.514368460
4,250,211318720,67,0.567817078,0.142569640,0.009523852,0.542330598
17,250,211318720,67,0.593577313,0.142569640,0.009523852,0.602351414
5,250,211318720,67,0.601498543,0.142569640,0.009523852,0.615438521
2,250,211318720,67,0.603319100,0.142569640,0.009523852,0.617371030
11,250,211318720,67,0.648434939,0.142569640,0.009523852,0.652232363
16,250,211318720,67,0.760880050,0.142569640,0.009523852,0.687262287
12,250,211318720,67,1.575899860,0.142569640,0.009523852,0.517494542
1,250,211318720,67,1.795538622,0.142569640,0.009523852,0.541038227
9,250,211318720,67,2.415717836,0.142569640,0.009523852,0.429064663
13,250,211318720,67,2.916954739,0.142569640,0.009523852,0.434867711
10,250,211318720,67,2.943990344,0.142569640,0.009523852,0.443362156
7,250,211318720,67,3.686335113,0.142569640,0.009523852,0.298894851
6,250,211318720,67,3.865985603,0.142569640,0.009523852,0.335230812
20,250,211318720,67,4.008589628,0.142569640,0.009523852,0.382717095
8,250,211318720,67,4.803773567,0.142569640,0.009523852,0.311156814
14,250,211318720,67,4.807498597,0.142569640,0.009523852,0.312554109
15,250,211318720,67,6.189595499,0.142569640,0.009523852,0.000004764
4,251,211318720,67,0.405583627,0.142569640,0.023196504,0.134306535
19,251,211318720,67,0.417689204,0.142569640,0.023196504,0.146979096
11,251,211318720,67,0.548675717,0.142569640,0.023196504,0.338182644
5,251,211318720,67,0.558534361,0.142569640,0.023196504,0.354660629
3,251,211318720,67,0.646509572,0.142569640,0.023196504,0.551121029
2,251,211318720,67,0.649728261,0.142569640,0.023196504,0.556447521
16,251,211318720,67,0.706531475,0.142569640,0.023196504,0.613476743
1,251,211318720,67,0.707333396,0.142569640,0.023196504,0.613841407
18,251,211318720,67,0.987839039,0.142569640,0.023196504,0.613249321
17,251,211318720,67,1.232814420,0.142569640,0.023196504,0.687134681
14,251,211318720,67,1.281999626,0.142569640,0.023196504,0.703910152
12,251,211318720,67,1.862427107,0.142569640,0.023196504,0.607719999
10,251,211318720,67,2.207992758,0.142569640,0.023196504,0.589753991
8,251,211318720,67,3.286792440,0.142569640,0.023196504,0.331745093
6,251,211318720,67,3.568602095,0.142569640,0.023196504,0.359460130
20,251,211318720,67,3.674540492,0.142569640,0.023196504,0.392687303
9,251,211318720,67,4.141230577,0.142569640,0.023196504,0.335483566
7,251,211318720,67,5.104156311,0.142569640,0.023196504,0.147718399
15,251,211318720,67,5.199260219,0.142569640,0.023196504,0.181160822
13,251,211318720,67,6.875679027,0.142569640,0.023196504,0.000004764
19,252,211318720,67,0.493632695,0.142569640,0.069311336,0.106280383
11,252,211318720,67,0.548675717,0.142569640,0.069311336,0.239355234
17,252,211318720,67,0.639237107,0.142569640,0.069311336,0.456598868
2,252,211318720,67,0.649728261,0.142569640,0.069311336,0.481432464
16,252,211318720,67,0.652182900,0.142569640,0.069311336,0.485665048
1,252,211318720,67,0.652923135,0.142569640,0.069311336,0.486484535
5,252,211318720,67,0.773355269,0.142569640,0.069311336,0.527440961
4,252,211318720,67,1.054517430,0.142569640,0.069311336,0.529727557
3,252,211318720,67,1.200660634,0.142569640,0.069311336,0.642637068
18,252,211318720,67,1.245536180,0.142569640,0.069311336,0.656263866
9,252,211318720,67,1.898064014,0.142569640,0.069311336,0.539684926
14,252,211318720,67,2.083249392,0.142569640,0.069311336,0.572872785
6,252,211318720,67,2.379068063,0.142569640,0.069311336,0.585572770
13,252,211318720,67,2.500246919,0.142569640,0.069311336,0.626633785
15,252,211318720,67,3.466173480,0.142569640,0.069311336,0.449926790
8,252,211318720,67,3.539622628,0.142569640,0.069311336,0.475322609
7,252,211318720,67,3.969899353,0.142569640,0.069311336,0.427457152
20,252,211318720,67,4.342638764,0.142569640,0.069311336,0.429638676
12,252,211318720,67,4.441172332,0.142569640,0.069311336,0.463269341
10,252,211318720,67,7.359975859,0.142569640,0.069311336,0.000004764
17,253,211318720,67,0.502257727,0.142569640,0.045314953,0.136231349
18,253,211318720,67,0.558343805,0.142569640,0.045314953,0.192964377
11,253,211318720,67,0.598555328,0.142569640,0.045314953,0.242263526
1,253,211318720,67,0.707333396,0.142569640,0.045314953,0.352069713
19,253,211318720,67,0.721463170,0.142569640,0.045314953,0.365691119
4,253,211318720,67,0.851725616,0.142569640,0.045314953,0.408897751
2,253,211318720,67,1.067410715,0.142569640,0.045314953,0.541893149
5,253,211318720,67,1.117068722,0.142569640,0.045314953,0.592563552
16,253,211318720,67,1.141320075,0.142569640,0.045314953,0.600658477
3,253,211318720,67,1.293019144,0.142569640,0.045314953,0.646684154
12,253,211318720,67,1.862427107,0.142569640,0.045314953,0.606501087
14,253,211318720,67,1.922999439,0.142569640,0.045314953,0.627675415
13,253,211318720,67,3.125308648,0.142569640,0.045314953,0.324420847
10,253,211318720,67,3.434655401,0.142569640,0.045314953,0.417504699
15,253,211318720,67,3.466173480,0.142569640,0.045314953,0.448479768
8,253,211318720,67,3.539622628,0.142569640,0.045314953,0.473361496
9,253,211318720,67,3.796128029,0.142569640,0.045314953,0.483739733
20,253,211318720,67,4.676687899,0.142569640,0.045314953,0.282282017
7,253,211318720,67,7.372670226,0.142569640,0.045314953,0.048928529
6,253,211318720,67,8.326738222,0.142569640,0.045314953,0.000004764
16,254,211318720,67,0.543485750,0.142569640,0.112166941,0.274084134
5,254,211318720,67,0.558534361,0.142569640,0.112166941,0.319475968
1,254,211318720,67,0.598512874,0.142569640,0.112166941,0.413055823
17,254,211318720,67,0.639237107,0.142569640,0.112166941,0.482035422
3,254,211318720,67,0.646509572,0.142569640,0.112166941,0.489300444
2,254,211318720,67,0.649728261,0.142569640,0.112166941,0.490597975
19,254,211318720,67,0.797406662,0.142569640,0.112166941,0.541804429
4,254,211318720,67,0.932842342,0.142569640,0.112166941,0.588020031
18,254,211318720,67,1.073738086,0.142569640,0.112166941,0.633070058
11,254,211318720,67,1.596147541,0.142569640,0.112166941,0.557643818
9,254,211318720,67,1.898064014,0.142569640,0.112166941,0.574003687
12,254,211318720,67,2.005690731,0.142569640,0.112166941,0.607929794
14,254,211318720,67,2.243499345,0.142569640,0.112166941,0.624141422
15,254,211318720,67,3.218589660,0.142569640,0.112166941,0.391839687
6,254,211318720,67,3.568602095,0.142569640,0.112166941,0.369214567
20,254,211318720,67,4.342638764,0.142569640,0.112166941,0.208034705
10,254,211318720,67,4.906650573,0.142569640,0.112166941,0.115598257
8,254,211318720,67,5.815094318,0.142569640,0.112166941,0.048029884
13,254,211318720,67,6.042263387,0.142569640,0.112166941,0.071290168
7,254,211318720,67,9.641184142,0.142569640,0.112166941,0.000004764
3,255,211318720,67,0.461792551,0.142569640,0.028059756,0.047349207
17,255,211318720,67,0.639237107,0.142569640,0.028059756,0.199990725
11,255,211318720,67,0.648434939,0.142569640,0.028059756,0.215548561
16,255,211318720,67,0.760880050,0.142569640,0.028059756,0.326674088
1,255,211318720,67,0.761743658,0.142569640,0.028059756,0.327071891
5,255,211318720,67,1.031140359,0.142569640,0.028059756,0.355257053
19,255,211318720,67,1.139152374,0.142569640,0.028059756,0.442891323
18,255,211318720,67,1.202586656,0.142569640,0.028059756,0.506260375
14,255,211318720,67,1.281999626,0.142569640,0.028059756,0.564582323
4,255,211318720,67,1.378984331,0.142569640,0.028059756,0.652055762
2,255,211318720,67,1.438684007,0.142569640,0.028059756,0.672974394
6,255,211318720,67,2.379068063,0.142569640,0.028059756,0.463026536
8,255,211318720,67,3.286792440,0.142569640,0.028059756,0.259752048
10,255,211318720,67,3.434655401,0.142569640,0.028059756,0.303953190
12,255,211318720,67,4.154645085,0.142569640,0.028059756,0.163252733
9,255,211318720,67,4.486333125,0.142569640,0.028059756,0.148353003
20,255,211318720,67,6.012884442,0.142569640,0.028059756,0.047746214
7,255,211318720,67,6.521977508,0.142569640,0.028059756,0.047879089
13,255,211318720,67,6.667325117,0.142569640,0.028059756,0.095140284
15,255,211318720,67,7.179930779,0.142569640,0.028059756,0.000004764
4,256,211318720,67,0.324466901,0.142569640,0.037374903,0.108395759
5,256,211318720,67,0.386677635,0.142569640,0.037374903,0.171172510
19,256,211318720,67,0.455660949,0.142569640,0.037374903,0.221588713
18,256,211318720,67,0.558343805,0.142569640,0.037374903,0.289678177
16,256,211318720,67,0.652182900,0.142569640,0.037374903,0.407246370
11,256,211318720,67,0.698314549,0.142569640,0.037374903,0.453109843
1,256,211318720,67,0.761743658,0.142569640,0.037374903,0.474911416
17,256,211318720,67,1.324134007,0.142569640,0.037374903,0.522248307
2,256,211318720,67,1.345865684,0.142569640,0.037374903,0.543983611
3,256,211318720,67,1.385377654,0.142569640,0.037374903,0.557371430
12,256,211318720,67,1.719163483,0.142569640,0.037374903,0.541866156
14,256,211318720,67,2.243499345,0.142569640,0.037374903,0.467145190
9,256,211318720,67,2.415717836,0.142569640,0.037374903,0.503546853
13,256,211318720,67,2.708600829,0.142569640,0.037374903,0.549334397
8,256,211318720,67,2.781132065,0.142569640,0.037374903,0.575470169
15,256,211318720,67,3.466173480,0.142569640,0.037374903,0.444661955
7,256,211318720,67,3.686335113,0.142569640,0.037374903,0.469132482
20,256,211318720,67,4.008589628,0.142569640,0.037374903,0.455230795
10,256,211318720,67,5.397315630,0.142569640,0.037374903,0.087945369
6,256,211318720,67,7.137204190,0.142569640,0.037374903,0.000004764
16,257,211318720,67,0.489137175,0.142569640,0.135372683,0.316897026
11,257,211318720,67,0.498796107,0.142569640,0.135372683,0.345734376
19,257,211318720,67,0.531604441,0.142569640,0.135372683,0.437040550
5,257,211318720,67,0.558534361,0.142569640,0.135372683,0.499990451
4,257,211318720,67,0.567817078,0.142569640,0.135372683,0.515583036
3,257,211318720,67,0.600330317,0.142569640,0.135372683,0.548932069
1,257,211318720,67,0.652923135,0.142569640,0.135372683,0.566317342
18,257,211318720,67,0.944889516,0.142569640,0.135372683,0.650673459
17,257,211318720,67,0.958855660,0.142569640,0.135372683,0.655919734
2,257,211318720,67,1.392274846,0.142569640,0.135372683,0.608698649
14,257,211318720,67,1.762749486,0.142569640,0.135372683,0.579908750
9,257,211318720,67,2.243166562,0.142569640,0.135372683,0.518086129
13,257,211318720,67,2.916954739,0.142569640,0.135372683,0.392436251
15,257,211318720,67,3.466173480,0.142569640,0.135372683,0.334754089
6,257,211318720,67,3.568602095,0.142569640,0.135372683,0.370611232
12,257,211318720,67,3.724854214,0.142569640,0.135372683,0.413385985
10,257,211318720,67,6.869310802,0.142569640,0.135372683,0.047108456
7,257,211318720,67,7.939798705,0.142569640,0.135372683,0.048288015
8,257,211318720,67,8.343396195,0.142569640,0.135372683,0.047833681
20,257,211318720,67,9.687424934,0.142569640,0.135372683,0.000004764
4,258,211318720,67,0.486700352,0.142569640,0.072903052,0.162616784
2,258,211318720,67,0.556909938,0.142569640,0.072903052,0.279474475
18,258,211318720,67,0.558343805,0.142569640,0.072903052,0.280941458
3,258,211318720,67,0.600330317,0.142569640,0.072903052,0.294325106
19,258,211318720,67,1.101180628,0.142569640,0.072903052,0.257754469
11,258,211318720,67,1.197110656,0.142569640,0.072903052,0.322591213
5,258,211318720,67,1.288925448,0.142569640,0.072903052,0.394132308
17,258,211318720,67,1.369793800,0.142569640,0.072903052,0.420978307
1,258,211318720,67,1.632307838,0.142569640,0.072903052,0.454143498
16,258,211318720,67,1.739154400,0.142569640,0.072903052,0.502903067
12,258,211318720,67,1.862427107,0.142569640,0.072903052,0.545751578
9,258,211318720,67,2.243166562,0.142569640,0.072903052,0.612678786
14,258,211318720,67,2.243499345,0.142569640,0.072903052,0.612744923
13,258,211318720,67,2.708600829,0.142569640,0.072903052,0.552706139
10,258,211318720,67,3.189322872,0.142569640,0.072903052,0.487952677
6,258,211318720,67,3.865985603,0.142569640,0.072903052,0.363022463
8,258,211318720,67,5.815094318,0.142569640,0.072903052,0.047731864
15,258,211318720,67,7.179930779,0.142569640,0.072903052,0.047701624
7,258,211318720,67,8.506927184,0.142569640,0.072903052,0.047109581
20,258,211318720,67,10.689572341,0.142569640,0.072903052,0.000004764
19,259,211318720,67,0.341745712,0.142569640,0.003736144,0.049089314
5,259,211318720,67,0.558534361,0.142569640,0.003736144,0.397017382
4,259,211318720,67,0.567817078,0.142569640,0.003736144,0.425006048
16,259,211318720,67,0.597834325,0.142569640,0.003736144,0.494108083
3,259,211318720,67,0.600330317,0.142569640,0.003736144,0.498217723
18,259,211318720,67,0.601293328,0.142569640,0.003736144,0.499078762
2,259,211318720,67,0.649728261,0.142569640,0.003736144,0.535615727
1,259,211318720,67,0.761743658,0.142569640,0.003736144,0.573342747
17,259,211318720,67,1.187154627,0.142569640,0.003736144,0.528585601
11,259,211318720,67,1.446508709,0.142569640,0.003736144,0.540408784
10,259,211318720,67,1.962660229,0.142569640,0.003736144,0.520617481
8,259,211318720,67,2.022641502,0.142569640,0.003736144,0.539309485
14,259,211318720,67,2.243499345,0.142569640,0.003736144,0.561078526
13,259,211318720,67,2.916954739,0.142569640,0.003736144,0.467822480
12,259,211318720,67,3.008536096,0.142569640,0.003736144,0.499210725
6,259,211318720,67,3.271218587,0.142569640,0.003736144,0.516215225
7,259,211318720,67,3.402770874,0.142569640,0.003736144,0.559386623
9,259,211318720,67,5.176538221,0.142569640,0.003736144,0.068501438
15,259,211318720,67,6.437179319,0.142569640,0.003736144,0.048291618
20,259,211318720,67,10.021474070,0.142569640,0.003736144,0.000004764
19,260,211318720,67,0.531604441,0.142569640,0.002442847,0.235568676
4,260,211318720,67,0.567817078,0.142569640,0.002442847,0.322017753
17,260,211318720,67,0.593577313,0.142569640,0.002442847,0.381777783
18,260,211318720,67,0.601293328,0.142569640,0.002442847,0.394047143
2,260,211318720,67,0.649728261,0.142569640,0.002442847,0.442601455
16,260,211318720,67,0.706531475,0.142569640,0.002442847,0.461598310
3,260,211318720,67,1.062122868,0.142569640,0.002442847,0.478893307
11,260,211318720,67,1.147231045,0.142569640,0.002442847,0.536554245
5,260,211318720,67,1.245961267,0.142569640,0.002442847,0.569504161
1,260,211318720,67,1.469077054,0.142569640,0.002442847,0.591205959
12,260,211318720,67,2.005690731,0.142569640,0.002442847,0.510762130
15,260,211318720,67,2.475838200,0.142569640,0.002442847,0.452313541
13,260,211318720,67,2.708600829,0.142569640,0.002442847,0.470367447
10,260,211318720,67,3.189322872,0.142569640,0.002442847,0.401312459
7,260,211318720,67,3.402770874,0.142569640,0.002442847,0.429602697
8,260,211318720,67,3.539622628,0.142569640,0.002442847,0.476378438
20,260,211318720,67,4.342638764,0.142569640,0.002442847,0.310291806
14,260,211318720,67,5.127998503,0.142569640,0.002442847,0.151141729
9,260,211318720,67,5.866743317,0.142569640,0.002442847,0.047512850
6,260,211318720,67,8.624121730,0.142569640,0.002442847,0.000004764
19,261,211318720,67,0.455660949,0.142569640,0.063554846,0.153515766
5,261,211318720,67,0.472605998,0.142569640,0.063554846,0.178246134
4,261,211318720,67,0.567817078,0.142569640,0.063554846,0.358886231
2,261,211318720,67,0.603319100,0.142569640,0.063554846,0.417338169
18,261,211318720,67,0.644242851,0.142569640,0.063554846,0.475060473
11,261,211318720,67,0.648434939,0.142569640,0.063554846,0.479333296
1,261,211318720,67,0.761743658,0.142569640,0.063554846,0.516561817
17,261,211318720,67,1.050175247,0.142569640,0.063554846,0.519354945
3,261,211318720,67,1.385377654,0.142569640,0.063554846,0.542400578
16,261,211318720,67,1.467411525,0.142569640,0.063554846,0.568258529
12,261,211318720,67,1.719163483,0.142569640,0.063554846,0.582334430
14,261,211318720,67,2.083249392,0.142569640,0.063554846,0.556675862
10,261,211318720,67,3.434655401,0.142569640,0.063554846,0.213146075
6,261,211318720,67,3.568602095,0.142569640,0.063554846,0.258805818
9,261,211318720,67,3.796128029,0.142569640,0.063554846,0.279662013
13,261,211318720,67,4.375432108,0.142569640,0.063554846,0.181712687
20,261,211318720,67,4.676687899,0.142569640,0.063554846,0.252828395
15,261,211318720,67,4.704092579,0.142569640,0.063554846,0.261066896
8,261,211318720,67,8.596226383,0.142569640,0.063554846,0.046950077
7,261,211318720,67,9.074055663,0.142569640,0.063554846,0.000004764
18,262,211318720,67,0.472444758,0.142569640,0.096770763,0.351275288
19,262,211318720,67,0.493632695,0.142569640,0.096770763,0.414905761
3,262,211318720,67,0.507971807,0.142569640,0.096770763,0.450419388
2,262,211318720,67,0.510500777,0.142569640,0.096770763,0.456336890
17,262,211318720,67,0.547917520,0.142569640,0.096770763,0.518652753
5,262,211318720,67,0.558534361,0.142569640,0.096770763,0.529481943
11,262,211318720,67,0.648434939,0.142569640,0.096770763,0.636171741
16,262,211318720,67,0.706531475,0.142569640,0.096770763,0.694441294
1,262,211318720,67,0.761743658,0.142569640,0.096770763,0.713759679
4,262,211318720,67,0.932842342,0.142569640,0.096770763,0.754423180
14,262,211318720,67,2.083249392,0.142569640,0.096770763,0.477852975
7,262,211318720,67,2.268513916,0.142569640,0.096770763,0.511155011
13,262,211318720,67,2.708600829,0.142569640,0.096770763,0.462206220
10,262,211318720,67,3.189322872,0.142569640,0.096770763,0.397821156
15,262,211318720,67,3.466173480,0.142569640,0.096770763,0.447125716
8,262,211318720,67,3.539622628,0.142569640,0.096770763,0.470705766
9,262,211318720,67,4.141230577,0.142569640,0.096770763,0.532048306
12,262,211318720,67,4.154645085,0.142569640,0.096770763,0.545786475
6,262,211318720,67,4.163369111,0.142569640,0.096770763,0.548823985
20,262,211318720,67,10.355523205,0.142569640,0.096770763,0.000004764
17,263,211318720,67,0.502257727,0.142569640,0.022893835,0.407880889
18,263,211318720,67,0.515394281,0.142569640,0.022893835,0.465751780
19,263,211318720,67,0.531604441,0.142569640,0.022893835,0.536505448
3,263,211318720,67,0.554151062,0.142569640,0.022893835,0.619001476
2,263,211318720,67,0.556909938,0.142569640,0.022893835,0.627520649
4,263,211318720,67,0.567817078,0.142569640,0.022893835,0.652651452
5,263,211318720,67,0.601498543,0.142569640,0.022893835,0.708415513
11,263,211318720,67,0.648434939,0.142569640,0.022893835,0.755864052
1,263,211318720,67,0.652923135,0.142569640,0.022893835,0.757503404
16,263,211318720,67,1.195668650,0.142569640,0.022893835,0.675117923
14,263,211318720,67,1.762749486,0.142569640,0.022893835,0.583805813
12,263,211318720,67,2.005690731,0.142569640,0.022893835,0.601023067
10,263,211318720,67,2.943990344,0.142569640,0.022893835,0.383262519
15,263,211318720,67,3.466173480,0.142569640,0.022893835,0.351777929
8,263,211318720,67,3.539622628,0.142569640,0.022893835,0.376168368
6,263,211318720,67,3.865985603,0.142569640,0.022893835,0.389490026
7,263,211318720,67,3.969899353,0.142569640,0.022893835,0.423600264
13,263,211318720,67,4.375432108,0.142569640,0.022893835,0.382301438
9,263,211318720,67,5.176538221,0.142569640,0.022893835,0.209931908
20,263,211318720,67,10.355523205,0.142569640,0.022893835,0.000004764
18,264,211318720,67,0.343596187,0.142569640,0.069793805,0.158691294
5,264,211318720,67,0.386677635,0.142569640,0.069793805,0.221966637
19,264,211318720,67,0.417689204,0.142569640,0.069793805,0.253114893
11,264,211318720,67,0.498796107,0.142569640,0.069793805,0.362062574
4,264,211318720,67,0.567817078,0.142569640,0.069793805,0.468919598
17,264,211318720,67,0.593577313,0.142569640,0.069793805,0.494401833
16,264,211318720,67,0.652182900,0.142569640,0.069793805,0.519783768
3,264,211318720,67,0.785047337,0.142569640,0.069793805,0.562742037
2,264,211318720,67,0.928183231,0.142569640,0.069793805,0.608800825
1,264,211318720,67,1.577897577,0.142569640,0.069793805,0.490873596
14,264,211318720,67,2.243499345,0.142569640,0.069793805,0.361783721
9,264,211318720,67,2.415717836,0.142569640,0.069793805,0.437765379
13,264,211318720,67,2.500246919,0.142569640,0.069793805,0.465712125
7,264,211318720,67,2.835642395,0.142569640,0.069793805,0.471793070
10,264,211318720,67,2.943990344,0.142569640,0.069793805,0.508838475
8,264,211318720,67,3.286792440,0.142569640,0.069793805,0.492313017
6,264,211318720,67,3.865985603,0.142569640,0.069793805,0.397742735
12,264,211318720,67,4.870963203,0.142569640,0.069793805,0.158190598
20,264,211318720,67,5.010737035,0.142569640,0.069793805,0.203672191
15,264,211318720,67,7.427514599,0.142569640,0.069793805,0.000004764
17,265,211318720,67,0.502257727,0.142569640,0.065162115,0.225333256
18,265,211318720,67,0.515394281,0.142569640,0.065162115,0.262299577
16,265,211318720,67,0.597834325,0.142569640,0.065162115,0.455798970
1,265,211318720,67,0.598512874,0.142569640,0.065162115,0.456910569
3,265,211318720,67,0.600330317,0.142569640,0.065162115,0.458715249
11,265,211318720,67,0.648434939,0.142569640,0.065162115,0.475225423
5,265,211318720,67,0.859283632,0.142569640,0.065162115,0.500182001
19,265,211318720,67,1.025237136,0.142569640,0.065162115,0.575174467
2,265,211318720,67,1.113819877,0.142569640,0.065162115,0.605747734
4,265,211318720,67,1.257309243,0.142569640,0.065162115,0.650870023
12,265,211318720,67,1.719163483,0.142569640,0.065162115,0.593692069
14,265,211318720,67,2.083249392,0.142569640,0.065162115,0.579663704
10,265,211318720,67,2.207992758,0.142569640,0.065162115,0.623092706
9,265,211318720,67,2.415717836,0.142569640,0.065162115,0.649499598
6,265,211318720,67,3.865985603,0.142569640,0.065162115,0.269505563
20,265,211318720,67,4.676687899,0.142569640,0.065162115,0.097786297
13,265,211318720,67,5.833909477,0.142569640,0.065162115,0.048114889
15,265,211318720,67,7.427514599,0.142569640,0.065162115,0.047473098
8,265,211318720,67,8.090566007,0.142569640,0.065162115,0.047710638
7,265,211318720,67,8.790491424,0.142569640,0.065162115,0.000004764
18,266,211318720,67,0.386545711,0.142569640,0.053480931,0.075737520
1,266,211318720,67,0.489692351,0.142569640,0.053480931,0.177597349
19,266,211318720,67,0.531604441,0.142569640,0.053480931,0.240930320
3,266,211318720,67,0.646509572,0.142569640,0.053480931,0.433707826
11,266,211318720,67,0.648434939,0.142569640,0.053480931,0.435546484
16,266,211318720,67,0.652182900,0.142569640,0.053480931,0.436913236
5,266,211318720,67,0.859283632,0.142569640,0.053480931,0.511205501
4,266,211318720,67,0.932842342,0.142569640,0.053480931,0.535099246
17,266,211318720,67,1.141494833,0.142569640,0.053480931,0.564070544
2,266,211318720,67,1.531502330,0.142569640,0.053480931,0.530249740
9,266,211318720,67,2.243166562,0.142569640,0.053480931,0.385299764
13,266,211318720,67,2.708600829,0.142569640,0.053480931,0.412059035
15,266,211318720,67,2.723422020,0.142569640,0.053480931,0.417185057
14,266,211318720,67,3.044749111,0.142569640,0.053480931,0.405286979
7,266,211318720,67,3.686335113,0.142569640,0.053480931,0.289014253
12,266,211318720,67,3.868117837,0.142569640,0.053480931,0.325367455
6,266,211318720,67,4.163369111,0.142569640,0.053480931,0.324800936
8,266,211318720,67,5.562264130,0.142569640,0.053480931,0.048099435
10,266,211318720,67,7.605308388,0.142569640,0.053480931,0.047692016
20,266,211318720,67,7.683130120,0.142569640,0.053480931,0.021754227
2,267,211318720,67,0.371273292,0.142569640,0.073796839,0.046650131
18,267,211318720,67,0.515394281,0.142569640,0.073796839,0.276798191
5,267,211318720,67,0.515570179,0.142569640,0.073796839,0.277326901
4,267,211318720,67,0.567817078,0.142569640,0.073796839,0.401794518
17,267,211318720,67,0.639237107,0.142569640,0.073796839,0.609996967
3,267,211318720,67,0.646509572,0.142569640,0.073796839,0.627107740
11,267,211318720,67,0.648434939,0.142569640,0.073796839,0.630326761
16,267,211318720,67,0.706531475,0.142569640,0.073796839,0.689230746
19,267,211318720,67,0.721463170,0.142569640,0.073796839,0.694185891
1,267,211318720,67,1.142615487,0.142569640,0.073796839,0.646266068
9,267,211318720,67,2.243166562,0.142569640,0.073796839,0.441999428
13,267,211318720,67,2.291893009,0.142569640,0.073796839,0.458408755
14,267,211318720,67,3.044749111,0.142569640,0.073796839,0.304067289
10,267,211318720,67,3.434655401,0.142569640,0.073796839,0.268973238
20,267,211318720,67,4.342638764,0.142569640,0.073796839,0.094290611
12,267,211318720,67,4.441172332,0.142569640,0.073796839,0.126710468
15,267,211318720,67,7.922682239,0.142569640,0.073796839,0.047375340
8,267,211318720,67,8.090566007,0.142569640,0.073796839,0.087621964
7,267,211318720,67,8.506927184,0.142569640,0.073796839,0.047233132
6,267,211318720,67,8.921505237,0.142569640,0.073796839,0.000004764
19,268,211318720,67,0.455660949,0.142569640,0.000798459,0.221621687
3,268,211318720,67,0.461792551,0.142569640,0.000798459,0.235794325
2,268,211318720,67,0.510500777,0.142569640,0.000798459,0.317638492
4,268,211318720,67,0.567817078,0.142569640,0.000798459,0.375506861
17,268,211318720,67,0.593577313,0.142569640,0.000798459,0.384119883
18,268,211318720,67,0.816040945,0.142569640,0.000798459,0.408162765
5,268,211318720,67,1.160032904,0.142569640,0.000798459,0.389176391
16,268,211318720,67,1.413062950,0.142569640,0.000798459,0.438344537
11,268,211318720,67,1.496388320,0.142569640,0.000798459,0.512993886
12,268,211318720,67,1.575899860,0.142569640,0.000798459,0.594719438
1,268,211318720,67,1.632307838,0.142569640,0.000798459,0.646545392
9,268,211318720,67,1.725512740,0.142569640,0.000798459,0.677617658
14,268,211318720,67,2.243499345,0.142569640,0.000798459,0.600164929
15,268,211318720,67,3.218589660,0.142569640,0.000798459,0.370288196
6,268,211318720,67,3.865985603,0.142569640,0.000798459,0.254214730
20,268,211318720,67,4.008589628,0.142569640,0.000798459,0.303130543
10,268,211318720,67,4.170652987,0.142569640,0.000798459,0.344600162
13,268,211318720,67,6.250617297,0.142569640,0.000798459,0.046344650
8,268,211318720,67,6.573584881,0.142569640,0.000798459,0.047499089
7,268,211318720,67,8.506927184,0.142569640,0.000798459,0.000004764
5,269,211318720,67,0.386677635,0.142569640,0.029137377,0.109887404
19,269,211318720,67,0.455660949,0.142569640,0.029137377,0.239993986
3,269,211318720,67,0.507971807,0.142569640,0.029137377,0.327305964
17,269,211318720,67,0.547917520,0.142569640,0.029137377,0.419623572
18,269,211318720,67,0.558343805,0.142569640,0.029137377,0.436959494
2,269,211318720,67,0.649728261,0.142569640,0.029137377,0.529071181
16,269,211318720,67,0.652182900,0.142569640,0.029137377,0.529842317
4,269,211318720,67,0.892283979,0.142569640,0.029137377,0.546747915
12,269,211318720,67,1.575899860,0.142569640,0.029137377,0.554559782
11,269,211318720,67,1.596147541,0.142569640,0.029137377,0.574326026
1,269,211318720,67,1.632307838,0.142569640,0.029137377,0.587532956
14,269,211318720,67,1.922999439,0.142569640,0.029137377,0.586635696
9,269,211318720,67,2.243166562,0.142569640,0.029137377,0.576558602
8,269,211318720,67,2.528301877,0.142569640,0.029137377,0.576894098
10,269,211318720,67,2.943990344,0.142569640,0.029137377,0.531727583
15,269,211318720,67,3.218589660,0.142569640,0.029137377,0.537224826
20,269,211318720,67,3.674540492,0.142569640,0.029137377,0.483183102
7,269,211318720,67,3.969899353,0.142569640,0.029137377,0.481363502
6,269,211318720,67,4.163369111,0.142569640,0.029137377,0.512689689
13,269,211318720,67,4.792139928,0.142569640,0.029137377,0.304280349
19,270,211318720,67,0.531604441,0.142569640,0.060855366,0.229876212
17,270,211318720,67,0.547917520,0.142569640,0.060855366,0.257295588
3,270,211318720,67,0.600330317,0.142569640,0.060855366,0.387755676
18,270,211318720,67,0.601293328,0.142569640,0.060855366,0.390088143
11,270,211318720,67,0.698314549,0.142569640,0.060855366,0.552054553
16,270,211318720,67,0.706531475,0.142569640,0.060855366,0.560479928
1,270,211318720,67,0.707333396,0.142569640,0.060855366,0.560826757
2,270,211318720,67,1.113819877,0.142569640,0.060855366,0.519630180
5,270,211318720,67,1.331889630,0.142569640,0.060855366,0.632924031
4,270,211318720,67,1.338425969,0.142569640,0.060855366,0.635338920
12,270,211318720,67,1.719163483,0.142569640,0.060855366,0.602482283
13,270,211318720,67,1.875185189,0.142569640,0.060855366,0.646982592
14,270,211318720,67,2.243499345,0.142569640,0.060855366,0.620335644
7,270,211318720,67,2.835642395,0.142569640,0.060855366,0.517398268
15,270,211318720,67,3.466173480,0.142569640,0.060855366,0.406559310
9,270,211318720,67,3.623576755,0.142569640,0.060855366,0.450433387
8,270,211318720,67,3.792452816,0.142569640,0.060855366,0.489039093
20,270,211318720,67,4.676687899,0.142569640,0.060855366,0.296721985
6,270,211318720,67,5.947670158,0.142569640,0.060855366,0.049340458
10,270,211318720,67,6.378645745,0.142569640,0.060855366,0.000004764
4,271,211318720,67,0.324466901,0.142569640,0.140689105,0.081539134
3,271,211318720,67,0.415613296,0.142569640,0.140689105,0.214659387
5,271,211318720,67,0.472605998,0.142569640,0.140689105,0.347792445
19,271,211318720,67,0.493632695,0.142569640,0.140689105,0.382822027
2,271,211318720,67,0.556909938,0.142569640,0.140689105,0.487486028
18,271,211318720,67,0.558343805,0.142569640,0.140689105,0.489783981
17,271,211318720,67,0.639237107,0.142569640,0.140689105,0.621114700
11,271,211318720,67,0.698314549,0.142569640,0.140689105,0.681595731
1,271,211318720,67,0.707333396,0.142569640,0.140689105,0.684501857
16,271,211318720,67,1.521760100,0.142569640,0.140689105,0.508615667
13,271,211318720,67,1.875185189,0.142569640,0.140689105,0.485633476
9,271,211318720,67,2.415717836,0.142569640,0.140689105,0.400973208
12,271,211318720,67,2.722008849,0.142569640,0.140689105,0.393954152
14,271,211318720,67,2.884499158,0.142569640,0.140689105,0.435572244
7,271,211318720,67,3.119206634,0.142569640,0.140689105,0.454521584
8,271,211318720,67,3.286792440,0.142569640,0.140689105,0.492551535
10,271,211318720,67,3.434655401,0.142569640,0.140689105,0.546318879
6,271,211318720,67,3.568602095,0.142569640,0.140689105,0.592274455
20,271,211318720,67,6.680982713,0.142569640,0.140689105,0.047622648
15,271,211318720,67,6.684763139,0.142569640,0.140689105,0.046367542
3,272,211318720,67,0.369434041,0.142569640,0.035519481,0.107159844
2,272,211318720,67,0.464091615,0.142569640,0.035519481,0.293814056
18,272,211318720,67,0.472444758,0.142569640,0.035519481,0.313592984
19,272,211318720,67,0.531604441,0.142569640,0.035519481,0.413453457
11,272,211318720,67,0.548675717,0.142569640,0.035519481,0.430226214
5,272,211318720,67,0.601498543,0.142569640,0.035519481,0.448318316
1,272,211318720,67,0.761743658,0.142569640,0.035519481,0.492028349
4,272,211318720,67,0.932842342,0.142569640,0.035519481,0.607087802
17,272,211318720,67,1.004515453,0.142569640,0.035519481,0.679156766
16,272,211318720,67,1.032622925,0.142569640,0.035519481,0.688389116
12,272,211318720,67,1.432636236,0.142569640,0.035519481,0.654419857
9,272,211318720,67,2.243166562,0.142569640,0.035519481,0.573278327
14,272,211318720,67,2.243499345,0.142569640,0.035519481,0.573389014
13,272,211318720,67,2.916954739,0.142569640,0.035519481,0.525737899
10,272,211318720,67,2.943990344,0.142569640,0.035519481,0.535073346
15,272,211318720,67,3.466173480,0.142569640,0.035519481,0.458209099
7,272,211318720,67,3.686335113,0.142569640,0.035519481,0.479663356
6,272,211318720,67,4.163369111,0.142569640,0.035519481,0.418226509
8,272,211318720,67,6.826415069,0.142569640,0.035519481,0.047194250
20,272,211318720,67,10.355523205,0.142569640,0.035519481,0.000004764
4,273,211318720,67,0.446141990,0.142569640,0.012585311,0.168616439
19,273,211318720,67,0.493632695,0.142569640,0.012585311,0.241388719
17,273,211318720,67,0.502257727,0.142569640,0.012585311,0.249336296
11,273,211318720,67,0.598555328,0.142569640,0.012585311,0.303979176
16,273,211318720,67,0.706531475,0.142569640,0.012585311,0.339280901
5,273,211318720,67,0.902247814,0.142569640,0.012585311,0.371113595
3,273,211318720,67,1.062122868,0.142569640,0.012585311,0.412750531
2,273,211318720,67,1.299456523,0.142569640,0.012585311,0.491999177
18,273,211318720,67,1.374384750,0.142569640,0.012585311,0.567143732
1,273,211318720,67,1.414666793,0.142569640,0.012585311,0.580584446
14,273,211318720,67,1.762749486,0.142569640,0.012585311,0.560822683
12,273,211318720,67,2.005690731,0.142569640,0.012585311,0.574771905
13,273,211318720,67,2.500246919,0.142569640,0.012585311,0.507372175
8,273,211318720,67,2.781132065,0.142569640,0.012585311,0.508913802
15,273,211318720,67,2.971005840,0.142569640,0.012585311,0.540534839
10,273,211318720,67,3.189322872,0.142569640,0.012585311,0.562969700
9,273,211318720,67,4.486333125,0.142569640,0.012585311,0.225905304
6,273,211318720,67,5.650286650,0.142569640,0.012585311,0.047474167
20,273,211318720,67,8.017179256,0.142569640,0.012585311,0.046077414
7,273,211318720,67,8.790491424,0.142569640,0.012585311,0.000004764
4,274,211318720,67,0.446141990,0.142569640,0.079132527,0.209809151
18,274,211318720,67,0.515394281,0.142569640,0.079132527,0.383281325
5,274,211318720,67,0.515570179,0.142569640,0.079132527,0.383673743
19,274,211318720,67,0.531604441,0.142569640,0.079132527,0.410853149
11,274,211318720,67,0.548675717,0.142569640,0.079132527,0.428109391
17,274,211318720,67,0.639237107,0.142569640,0.079132527,0.522535520
1,274,211318720,67,0.707333396,0.142569640,0.079132527,0.590981324
16,274,211318720,67,0.760880050,0.142569640,0.079132527,0.609346337
2,274,211318720,67,1.160229038,0.142569640,0.079132527,0.639358611
3,274,211318720,67,1.200660634,0.142569640,0.079132527,0.652982981
14,274,211318720,67,1.922999439,0.142569640,0.079132527,0.514643871
12,274,211318720,67,2.722008849,0.142569640,0.079132527,0.350640470
6,274,211318720,67,2.973835079,0.142569640,0.079132527,0.359446849
15,274,211318720,67,3.218589660,0.142569640,0.079132527,0.373484727
10,274,211318720,67,3.434655401,0.142569640,0.079132527,0.394691274
9,274,211318720,67,3.623576755,0.142569640,0.079132527,0.480877035
7,274,211318720,67,3.686335113,0.142569640,0.079132527,0.501338905
8,274,211318720,67,5.309433942,0.142569640,0.079132527,0.081013137
13,274,211318720,67,5.417201657,0.142569640,0.079132527,0.118223116
20,274,211318720,67,6.346933578,0.142569640,0.079132527,0.000004764
3,275,211318720,67,0.507971807,0.142569640,0.185808122,0.284929660
19,275,211318720,67,0.531604441,0.142569640,0.185808122,0.355138602
2,275,211318720,67,0.556909938,0.142569640,0.185808122,0.414001626
5,275,211318720,67,0.558534361,0.142569640,0.185808122,0.416831251
18,275,211318720,67,0.601293328,0.142569640,0.185808122,0.460508409
11,275,211318720,67,0.648434939,0.142569640,0.185808122,0.477131689
17,275,211318720,67,0.958855660,0.142569640,0.185808122,0.469001675
4,275,211318720,67,1.135634155,0.142569640,0.185808122,0.557155534
1,275,211318720,67,1.197025748,0.142569640,0.185808122,0.578393461
9,275,211318720,67,1.380410192,0.142569640,0.185808122,0.612601293
16,275,211318720,67,1.576108675,0.142569640,0.185808122,0.641126510
14,275,211318720,67,2.243499345,0.142569640,0.185808122,0.516236358
13,275,211318720,67,2.500246919,0.142569640,0.185808122,0.588033206
7,275,211318720,67,2.552078155,0.142569640,0.185808122,0.606034386
10,275,211318720,67,3.189322872,0.142569640,0.185808122,0.488869923
6,275,211318720,67,3.568602095,0.142569640,0.185808122,0.456734472
12,275,211318720,67,4.584435955,0.142569640,0.185808122,0.217427625
20,275,211318720,67,5.678835306,0.142569640,0.185808122,0.046662865
15,275,211318720,67,6.189595499,0.142569640,0.185808122,0.048971525
8,275,211318720,67,7.837735819,0.142569640,0.185808122,0.000004764
19,276,211318720,67,0.455660949,0.142569640,0.022886639,0.139052002
2,276,211318720,67,0.464091615,0.142569640,0.022886639,0.149649899
3,276,211318720,67,0.600330317,0.142569640,0.022886639,0.547773555
5,276,211318720,67,0.601498543,0.142569640,0.022886639,0.552102194
17,276,211318720,67,0.639237107,0.142569640,0.022886639,0.664907400
11,276,211318720,67,0.648434939,0.142569640,0.022886639,0.686162542
16,276,211318720,67,0.652182900,0.142569640,0.022886639,0.692599257
1,276,211318720,67,0.652923135,0.142569640,0.022886639,0.693355143
4,276,211318720,67,0.730050528,0.142569640,0.022886639,0.720277969
18,276,211318720,67,1.116687609,0.142569640,0.022886639,0.684337679
12,276,211318720,67,2.005690731,0.142569640,0.022886639,0.488629896
9,276,211318720,67,2.415717836,0.142569640,0.022886639,0.451201622
13,276,211318720,67,2.916954739,0.142569640,0.022886639,0.384268305
10,276,211318720,67,3.189322872,0.142569640,0.022886639,0.389337296
15,276,211318720,67,3.466173480,0.142569640,0.022886639,0.395129712
6,276,211318720,67,3.865985603,0.142569640,0.022886639,0.385649696
7,276,211318720,67,3.969899353,0.142569640,0.022886639,0.490846086
20,276,211318720,67,4.008589628,0.142569640,0.022886639,0.504616104
14,276,211318720,67,4.326748737,0.142569640,0.022886639,0.497238477
8,276,211318720,67,5.309433942,0.142569640,0.022886639,0.172013722
4,277,211318720,67,0.324466901,0.142569640,0.131590247,0.047593991
19,277,211318720,67,0.531604441,0.142569640,0.131590247,0.271290753
17,277,211318720,67,0.547917520,0.142569640,0.131590247,0.308980265
18,277,211318720,67,0.558343805,0.142569640,0.131590247,0.326207327
3,277,211318720,67,0.646509572,0.142569640,0.131590247,0.414995744
11,277,211318720,67,0.648434939,0.142569640,0.131590247,0.415583298
5,277,211318720,67,1.331889630,0.142569640,0.131590247,0.409699246
2,277,211318720,67,1.345865684,0.142569640,0.131590247,0.423474013
16,277,211318720,67,1.413062950,0.142569640,0.131590247,0.446551073
1,277,211318720,67,1.632307838,0.142569640,0.131590247,0.469482200
14,277,211318720,67,2.083249392,0.142569640,0.131590247,0.414419484
9,277,211318720,67,2.243166562,0.142569640,0.131590247,0.457717550
7,277,211318720,67,2.552078155,0.142569640,0.131590247,0.450648626
10,277,211318720,67,2.943990344,0.142569640,0.131590247,0.449838696
8,277,211318720,67,3.033962253,0.142569640,0.131590247,0.480711572
6,277,211318720,67,3.568602095,0.142569640,0.131590247,0.402085577
12,277,211318720,67,4.441172332,0.142569640,0.131590247,0.212002982
15,277,211318720,67,5.199260219,0.142569640,0.131590247,0.057084377
13,277,211318720,67,6.875679027,0.142569640,0.131590247,0.049287437
20,277,211318720,67,10.021474070,0.142569640,0.131590247,0.000004764





























































































































































































































































































































































































































































































































































































































































































































































































































































































































































































































































































