client-id,round_number,workload,bg-workload,computation-time,client-queue-delay,propagation-delay,station-queue-delay
4,1,211318720,67,0.164021072,0.142569611,0.035857458,0.349650460
10,1,211318720,67,0.205397570,0.142569611,0.035857458,0.529296430
11,1,211318720,67,0.230472108,0.142569611,0.035857458,0.625435612
16,1,211318720,67,0.231552464,0.142569611,0.035857458,0.629459761
8,1,211318720,67,0.240674095,0.142569611,0.035857458,0.656002742
2,1,211318720,67,0.242157230,0.142569611,0.035857458,0.659484855
6,1,211318720,67,0.261704016,0.142569611,0.035857458,0.692153923
18,1,211318720,67,0.277332429,0.142569611,0.035857458,0.718512170
9,1,211318720,67,0.366689858,0.142569611,0.035857458,0.865210147
7,1,211318720,67,0.403903668,0.142569611,0.035857458,0.952991324
13,1,211318720,67,0.463765996,0.142569611,0.035857458,1.061217244
19,1,211318720,67,0.479712491,0.142569611,0.035857458,1.087631709
3,1,211318720,67,0.497332438,0.142569611,0.035857458,1.105320338
1,1,211318720,67,0.591796632,0.142569611,0.035857458,1.141504678
12,1,211318720,67,0.727194083,0.142569611,0.035857458,1.313901303
15,1,211318720,67,0.773089545,0.142569611,0.035857458,1.360754350
14,1,211318720,67,0.773538749,0.142569611,0.035857458,1.360913793
5,1,211318720,67,1.368193902,0.142569611,0.035857458,1.331038732
17,1,211318720,67,1.404552817,0.142569611,0.035857458,1.343509677
20,1,211318720,67,1.672123490,0.142569611,0.035857458,1.253298951
16,2,211318720,67,0.189604911,0.142569611,0.003146775,0.482798250
19,2,211318720,67,0.190217740,0.142569611,0.003146775,0.485442473
4,2,211318720,67,0.194298324,0.142569611,0.003146775,0.500513452
12,2,211318720,67,0.209496986,0.142569611,0.003146775,0.546504923
18,2,211318720,67,0.225803229,0.142569611,0.003146775,0.584611569
3,2,211318720,67,0.232211245,0.142569611,0.003146775,0.595649946
7,2,211318720,67,0.298832886,0.142569611,0.003146775,0.699567406
13,2,211318720,67,0.320264087,0.142569611,0.003146775,0.735624045
8,2,211318720,67,0.401365222,0.142569611,0.003146775,0.920389844
6,2,211318720,67,0.425918639,0.142569611,0.003146775,1.007610828
20,2,211318720,67,0.489894567,0.142569611,0.003146775,1.216568433
14,2,211318720,67,0.496363065,0.142569611,0.003146775,1.240536308
1,2,211318720,67,0.496799554,0.142569611,0.003146775,1.241860143
2,2,211318720,67,0.537873555,0.142569611,0.003146775,1.337791109
17,2,211318720,67,0.548705179,0.142569611,0.003146775,1.356121860
9,2,211318720,67,0.611091554,0.142569611,0.003146775,1.417291905
5,2,211318720,67,0.627666836,0.142569611,0.003146775,1.423438504
15,2,211318720,67,0.856613387,0.142569611,0.003146775,1.443278287
11,2,211318720,67,1.067875615,0.142569611,0.003146775,1.468999598
10,2,211318720,67,1.238411982,0.142569611,0.003146775,1.412289482
12,3,211318720,67,0.121464623,0.142569610,0.067798316,0.211308925
5,3,211318720,67,0.189604911,0.142569610,0.067798316,0.482415114
8,3,211318720,67,0.212135629,0.142569610,0.067798316,0.564718849
7,3,211318720,67,0.221176057,0.142569610,0.067798316,0.592047836
18,3,211318720,67,0.236408325,0.142569610,0.067798316,0.626636407
14,3,211318720,67,0.236684993,0.142569610,0.067798316,0.627104504
17,3,211318720,67,0.241240855,0.142569610,0.067798316,0.631870679
3,3,211318720,67,0.298832886,0.142569610,0.067798316,0.662154061
2,3,211318720,67,0.430002133,0.142569610,0.067798316,0.812439963
10,3,211318720,67,0.436974056,0.142569610,0.067798316,0.828269668
1,3,211318720,67,0.548705179,0.142569610,0.067798316,1.014460116
4,3,211318720,67,0.569711265,0.142569610,0.067798316,1.036619946
19,3,211318720,67,0.570672550,0.142569610,0.067798316,1.037681751
9,3,211318720,67,0.710298778,0.142569610,0.067798316,1.164614768
20,3,211318720,67,0.733872699,0.142569610,0.067798316,1.173077799
6,3,211318720,67,1.226677978,0.142569610,0.067798316,1.250248264
11,3,211318720,67,1.238411982,0.142569610,0.067798316,1.261892685
15,3,211318720,67,1.285010920,0.142569610,0.067798316,1.277284779
16,3,211318720,67,1.562845948,0.142569610,0.067798316,1.278786236
13,3,211318720,67,2.004665860,0.142569610,0.067798316,1.132466560
20,4,211318720,67,0.114166194,0.142569610,0.058233801,0.235039074
1,4,211318720,67,0.121464623,0.142569610,0.058233801,0.256386505
11,4,211318720,67,0.210742206,0.142569610,0.058233801,0.507517528
6,4,211318720,67,0.212135629,0.142569610,0.058233801,0.510686971
19,4,211318720,67,0.221176057,0.142569610,0.058233801,0.525944313
14,4,211318720,67,0.236684993,0.142569610,0.058233801,0.542136697
18,4,211318720,67,0.289962109,0.142569610,0.058233801,0.560127183
7,4,211318720,67,0.436974056,0.142569610,0.058233801,0.708614851
13,4,211318720,67,0.481365940,0.142569610,0.058233801,0.791673926
8,4,211318720,67,0.537873555,0.142569610,0.058233801,0.920877135
4,4,211318720,67,0.567346654,0.142569610,0.058233801,0.970269573
15,4,211318720,67,0.611091554,0.142569610,0.058233801,1.021910718
5,4,211318720,67,0.627666836,0.142569610,0.058233801,1.038219991
9,4,211318720,67,0.741574597,0.142569610,0.058233801,1.095794123
12,4,211318720,67,0.856613387,0.142569610,0.058233801,1.132737451
16,4,211318720,67,1.074038657,0.142569610,0.058233801,1.155558748
2,4,211318720,67,1.285010920,0.142569610,0.058233801,1.181669916
17,4,211318720,67,1.502283313,0.142569610,0.058233801,1.289888286
3,4,211318720,67,1.516026422,0.142569610,0.058233801,1.294703272
10,4,211318720,67,1.755249417,0.142569610,0.058233801,1.215164307
15,5,211318720,67,0.151542328,0.142569610,0.002214665,0.325980518
6,5,211318720,67,0.160117286,0.142569610,0.002214665,0.351354076
17,5,211318720,67,0.198160521,0.142569610,0.002214665,0.440062180
7,5,211318720,67,0.205397570,0.142569610,0.002214665,0.451860978
2,5,211318720,67,0.236684993,0.142569610,0.002214665,0.492202061
12,5,211318720,67,0.252307820,0.142569610,0.002214665,0.508424642
8,5,211318720,67,0.366689858,0.142569610,0.002214665,0.786671349
5,5,211318720,67,0.402263847,0.142569610,0.002214665,0.933795156
9,5,211318720,67,0.403903668,0.142569610,0.002214665,0.939864945
20,5,211318720,67,0.436974056,0.142569610,0.002214665,1.059921434
14,5,211318720,67,0.459765279,0.142569610,0.002214665,1.128164615
4,5,211318720,67,0.494002997,0.142569610,0.002214665,1.239939349
13,5,211318720,67,0.499243967,0.142569610,0.002214665,1.255506393
10,5,211318720,67,0.520203290,0.142569610,0.002214665,1.304466135
3,5,211318720,67,0.548705179,0.142569610,0.002214665,1.351820158
16,5,211318720,67,0.609499617,0.142569610,0.002214665,1.419818528
11,5,211318720,67,0.615280617,0.142569610,0.002214665,1.425794012
18,5,211318720,67,0.741574597,0.142569610,0.002214665,1.540479742
19,5,211318720,67,0.773538749,0.142569610,0.002214665,1.551137698
1,5,211318720,67,0.848876883,0.142569610,0.002214665,1.526026515
1,6,211318720,67,0.121464623,0.142569610,0.056745950,0.222854744
18,6,211318720,67,0.163447751,0.142569610,0.056745950,0.394765622
5,6,211318720,67,0.201286280,0.142569610,0.056745950,0.558669795
12,6,211318720,67,0.206154434,0.142569610,0.056745950,0.576254786
15,6,211318720,67,0.234467470,0.142569610,0.056745950,0.661606625
4,6,211318720,67,0.252307820,0.142569610,0.056745950,0.703353902
7,6,211318720,67,0.271584609,0.142569610,0.056745950,0.748317437
3,6,211318720,67,0.279384594,0.142569610,0.056745950,0.766640777
16,6,211318720,67,0.298832886,0.142569610,0.056745950,0.814338792
17,6,211318720,67,0.402074486,0.142569610,0.056745950,1.055795167
8,6,211318720,67,0.407324411,0.142569610,0.056745950,1.064872204
19,6,211318720,67,0.422451779,0.142569610,0.056745950,1.082535240
2,6,211318720,67,0.436974056,0.142569610,0.056745950,1.097060746
14,6,211318720,67,0.562011941,0.142569610,0.056745950,1.213451695
9,6,211318720,67,0.591796632,0.142569610,0.056745950,1.223189255
6,6,211318720,67,0.856613387,0.142569610,0.056745950,1.232018080
13,6,211318720,67,1.148581697,0.142569610,0.056745950,1.235163258
10,6,211318720,67,1.285010920,0.142569610,0.056745950,1.301272960
11,6,211318720,67,1.399229128,0.142569610,0.056745950,1.339271840
20,6,211318720,67,1.442401680,0.142569610,0.056745950,1.324882634
15,7,211318720,67,0.120652983,0.142569610,0.078701511,0.312660945
10,7,211318720,67,0.156859078,0.142569610,0.078701511,0.471231057
5,7,211318720,67,0.190217740,0.142569610,0.078701511,0.615391997
20,7,211318720,67,0.194298324,0.142569610,0.078701511,0.630113546
12,7,211318720,67,0.200231803,0.142569610,0.078701511,0.648143673
4,7,211318720,67,0.216898661,0.142569610,0.078701511,0.687590600
17,7,211318720,67,0.234467470,0.142569610,0.078701511,0.717061909
16,7,211318720,67,0.252307820,0.142569610,0.078701511,0.735270839
1,7,211318720,67,0.297102798,0.142569610,0.078701511,0.759682681
9,7,211318720,67,0.425918639,0.142569610,0.078701511,0.972809416
11,7,211318720,67,0.478728149,0.142569610,0.078701511,1.067275786
6,7,211318720,67,0.481365940,0.142569610,0.078701511,1.071744395
7,7,211318720,67,0.489894567,0.142569610,0.078701511,1.080030961
8,7,211318720,67,0.611091554,0.142569610,0.078701511,1.302361987
3,7,211318720,67,0.643409518,0.142569610,0.078701511,1.356912375
2,7,211318720,67,0.668732790,0.142569610,0.078701511,1.382984602
14,7,211318720,67,0.678269687,0.142569610,0.078701511,1.385572438
13,7,211318720,67,1.302940102,0.142569610,0.078701511,1.339214888
18,7,211318720,67,1.345101545,0.142569610,0.078701511,1.353271436
19,7,211318720,67,1.442850200,0.142569610,0.078701511,1.320689550
12,8,211318720,67,0.189672613,0.142569610,0.040078834,0.563094818
14,8,211318720,67,0.200231803,0.142569610,0.040078834,0.615737708
6,8,211318720,67,0.201916690,0.142569610,0.040078834,0.623094332
2,8,211318720,67,0.208482977,0.142569610,0.040078834,0.647398096
10,8,211318720,67,0.236684993,0.142569610,0.040078834,0.732598961
18,8,211318720,67,0.240674095,0.142569610,0.040078834,0.741976174
3,8,211318720,67,0.258351971,0.142569610,0.040078834,0.774277370
15,8,211318720,67,0.258390635,0.142569610,0.040078834,0.774339676
17,8,211318720,67,0.279384594,0.142569610,0.040078834,0.795815307
11,8,211318720,67,0.397236570,0.142569610,0.040078834,0.989021388
5,8,211318720,67,0.435656761,0.142569610,0.040078834,1.068801226
4,8,211318720,67,0.473358151,0.142569610,0.040078834,1.131427591
7,8,211318720,67,0.480370697,0.142569610,0.040078834,1.137725605
1,8,211318720,67,0.555348320,0.142569610,0.040078834,1.202863301
20,8,211318720,67,0.639394657,0.142569610,0.040078834,1.266462829
9,8,211318720,67,0.729121023,0.142569610,0.040078834,1.305961787
19,8,211318720,67,0.856613387,0.142569610,0.040078834,1.349175590
16,8,211318720,67,1.505171246,0.142569610,0.040078834,1.229478419
8,8,211318720,67,1.672123490,0.142569610,0.040078834,1.269302082
13,8,211318720,67,2.067721695,0.142569610,0.040078834,1.139154686
13,9,211318720,67,0.190217740,0.142569610,0.092308894,0.702234231
8,9,211318720,67,0.194298324,0.142569610,0.092308894,0.725250998
3,9,211318720,67,0.200231803,0.142569610,0.092308894,0.754817597
7,9,211318720,67,0.201286280,0.142569610,0.092308894,0.759365944
15,9,211318720,67,0.203187046,0.142569610,0.092308894,0.766415955
6,9,211318720,67,0.216898661,0.142569610,0.092308894,0.806886132
9,9,211318720,67,0.230472108,0.142569610,0.092308894,0.838224838
11,9,211318720,67,0.242157230,0.142569610,0.092308894,0.857509672
1,9,211318720,67,0.244105060,0.142569610,0.092308894,0.859321984
19,9,211318720,67,0.280030751,0.142569610,0.092308894,0.870830715
17,9,211318720,67,0.537873555,0.142569610,0.092308894,1.013230496
14,9,211318720,67,0.591796632,0.142569610,0.092308894,1.104015573
5,9,211318720,67,0.609499617,0.142569610,0.092308894,1.121920432
16,9,211318720,67,0.643409518,0.142569610,0.092308894,1.133231837
20,9,211318720,67,1.142423237,0.142569610,0.092308894,1.104809551
2,9,211318720,67,1.226677978,0.142569610,0.092308894,1.206461766
18,9,211318720,67,1.285010920,0.142569610,0.092308894,1.284294965
12,9,211318720,67,1.345101545,0.142569610,0.092308894,1.344222985
4,9,211318720,67,1.399229128,0.142569610,0.092308894,1.362262513
10,9,211318720,67,1.442850200,0.142569610,0.092308894,1.347727038
17,10,211318720,67,0.175844454,0.142569610,0.044139363,0.359014195
2,10,211318720,67,0.189975787,0.142569610,0.044139363,0.419733917
4,10,211318720,67,0.231552464,0.142569610,0.044139363,0.571872476
11,10,211318720,67,0.236408325,0.142569610,0.044139363,0.586221500
7,10,211318720,67,0.240674095,0.142569610,0.044139363,0.596090212
5,10,211318720,67,0.271224328,0.142569610,0.044139363,0.647070696
18,10,211318720,67,0.294976812,0.142569610,0.044139363,0.677261977
9,10,211318720,67,0.298832886,0.142569610,0.044139363,0.680688759
16,10,211318720,67,0.425918639,0.142569610,0.044139363,0.787968970
19,10,211318720,67,0.478728149,0.142569610,0.044139363,0.874651948
12,10,211318720,67,0.562011941,0.142569610,0.044139363,1.061265846
20,10,211318720,67,0.570672550,0.142569610,0.044139363,1.075605735
14,10,211318720,67,0.627666836,0.142569610,0.044139363,1.161031642
10,10,211318720,67,0.628578231,0.142569610,0.044139363,1.161943767
8,10,211318720,67,0.729121023,0.142569610,0.044139363,1.196456799
15,10,211318720,67,0.870095545,0.142569610,0.044139363,1.303419393
3,10,211318720,67,0.966696729,0.142569610,0.044139363,1.398414452
6,10,211318720,67,0.967984072,0.142569610,0.044139363,1.398924844
13,10,211318720,67,1.442401680,0.142569610,0.044139363,1.338204439
1,10,211318720,67,1.755249417,0.142569610,0.044139363,1.235530501
15,11,211318720,67,0.120652983,0.142569610,0.020731112,0.275869396
2,11,211318720,67,0.189604911,0.142569610,0.020731112,0.553875748
19,11,211318720,67,0.189975787,0.142569610,0.020731112,0.555267827
4,11,211318720,67,0.201286280,0.142569610,0.020731112,0.589190265
3,11,211318720,67,0.214696194,0.142569610,0.020731112,0.620914165
17,11,211318720,67,0.216898661,0.142569610,0.020731112,0.624783979
11,11,211318720,67,0.225803229,0.142569610,0.020731112,0.633304126
10,11,211318720,67,0.294976812,0.142569610,0.020731112,0.679421569
1,11,211318720,67,0.403903668,0.142569610,0.020731112,0.839810118
6,11,211318720,67,0.469380687,0.142569610,0.020731112,1.017381672
20,11,211318720,67,0.479916421,0.142569610,0.020731112,1.042128548
7,11,211318720,67,0.505630854,0.142569610,0.020731112,1.090932469
5,11,211318720,67,0.555348320,0.142569610,0.020731112,1.174365888
14,11,211318720,67,0.564838374,0.142569610,0.020731112,1.183575677
8,11,211318720,67,0.639394657,0.142569610,0.020731112,1.204874734
12,11,211318720,67,0.967984072,0.142569610,0.020731112,1.214028337
13,11,211318720,67,1.074038657,0.142569610,0.020731112,1.249519706
16,11,211318720,67,1.302940102,0.142569610,0.020731112,1.291192060
9,11,211318720,67,1.411737678,0.142569610,0.020731112,1.327408291
18,11,211318720,67,1.502283313,0.142569610,0.020731112,1.297231197
10,12,211318720,67,0.121464623,0.142569610,0.029650027,0.293007303
8,12,211318720,67,0.160117286,0.142569610,0.029650027,0.445802221
9,12,211318720,67,0.171868971,0.142569610,0.029650027,0.496418394
19,12,211318720,67,0.200231803,0.142569610,0.029650027,0.615334673
7,12,211318720,67,0.205397570,0.142569610,0.029650027,0.634414489
20,12,211318720,67,0.225803229,0.142569610,0.029650027,0.695462668
14,12,211318720,67,0.252307820,0.142569610,0.029650027,0.757792143
3,12,211318720,67,0.289962109,0.142569610,0.029650027,0.848561730
5,12,211318720,67,0.298832886,0.142569610,0.029650027,0.869477364
18,12,211318720,67,0.320264087,0.142569610,0.029650027,0.910855920
11,12,211318720,67,0.397236570,0.142569610,0.029650027,1.114741067
2,12,211318720,67,0.425918639,0.142569610,0.029650027,1.182035055
4,12,211318720,67,0.452488274,0.142569610,0.029650027,1.226419038
13,12,211318720,67,0.469380687,0.142569610,0.029650027,1.243916933
16,12,211318720,67,0.496799554,0.142569610,0.029650027,1.253738248
1,12,211318720,67,0.870095545,0.142569610,0.029650027,1.226988105
17,12,211318720,67,1.074038657,0.142569612,0.029650027,1.253460088
12,12,211318720,67,1.285010920,0.142569612,0.029650027,1.277380064
15,12,211318720,67,1.677184906,0.142569612,0.029650027,1.242889292
6,12,211318720,67,2.004665860,0.142569612,0.029650027,1.132423460
5,13,211318720,67,0.120652983,0.142569612,0.056828085,0.291761844
3,13,211318720,67,0.190217740,0.142569612,0.056828085,0.664636529
19,13,211318720,67,0.205397570,0.142569612,0.056828085,0.740468252
17,13,211318720,67,0.209496986,0.142569612,0.056828085,0.758440331
4,13,211318720,67,0.214696194,0.142569612,0.056828085,0.777376696
16,13,211318720,67,0.216898661,0.142569612,0.056828085,0.783969515
9,13,211318720,67,0.230565321,0.142569612,0.056828085,0.815765120
11,13,211318720,67,0.232211245,0.142569612,0.056828085,0.818597823
6,13,211318720,67,0.240674095,0.142569612,0.056828085,0.826681306
1,13,211318720,67,0.297102798,0.142569612,0.056828085,0.903518072
7,13,211318720,67,0.403903668,0.142569612,0.056828085,1.148267639
10,13,211318720,67,0.407324411,0.142569612,0.056828085,1.156270914
15,13,211318720,67,0.422451779,0.142569612,0.056828085,1.181067351
12,13,211318720,67,0.496363065,0.142569612,0.056828085,1.275134320
8,13,211318720,67,0.497332438,0.142569612,0.056828085,1.276188346
20,13,211318720,67,0.609499617,0.142569612,0.056828085,1.314815402
2,13,211318720,67,1.067875615,0.142569612,0.056828085,1.252977877
14,13,211318720,67,1.226677978,0.142569612,0.056828085,1.311633756
18,13,211318720,67,1.345101545,0.142569612,0.056828085,1.350506540
13,13,211318720,67,2.067721695,0.142569612,0.056828085,1.111598351
8,14,211318720,67,0.114166194,0.142569612,0.001623408,0.181149213
12,14,211318720,67,0.198160521,0.142569612,0.001623408,0.528281913
7,14,211318720,67,0.210742206,0.142569612,0.001623408,0.583150909
19,14,211318720,67,0.212135629,0.142569612,0.001623408,0.588277585
10,14,211318720,67,0.232211245,0.142569612,0.001623408,0.647830588
17,14,211318720,67,0.241240855,0.142569612,0.001623408,0.668910337
2,14,211318720,67,0.244649358,0.142569612,0.001623408,0.674807864
13,14,211318720,67,0.289962109,0.142569612,0.001623408,0.721999153
1,14,211318720,67,0.330469564,0.142569612,0.001623408,0.763189188
3,14,211318720,67,0.430002133,0.142569612,0.001623408,0.891371362
9,14,211318720,67,0.497332438,0.142569612,0.001623408,0.957314886
14,14,211318720,67,0.505630854,0.142569612,0.001623408,0.959663343
11,14,211318720,67,0.678269687,0.142569612,0.001623408,1.015019631
16,14,211318720,67,0.796498422,0.142569612,0.001623408,1.103109455
4,14,211318720,67,0.870095545,0.142569612,0.001623408,1.127555355
15,14,211318720,67,1.074038657,0.142569612,0.001623408,1.153182259
18,14,211318720,67,1.226677978,0.142569612,0.001623408,1.215177949
5,14,211318720,67,1.345101545,0.142569612,0.001623408,1.265851977
20,14,211318720,67,1.472313539,0.142569612,0.001623408,1.307683004
6,14,211318720,67,1.677184906,0.142569612,0.001623408,1.239088658
15,15,211318720,67,0.156859078,0.142569612,0.028504787,0.259693497
12,15,211318720,67,0.189604911,0.142569612,0.028504787,0.365834669
17,15,211318720,67,0.225803229,0.142569612,0.028504787,0.475021600
16,15,211318720,67,0.232211245,0.142569612,0.028504787,0.490068364
10,15,211318720,67,0.234467470,0.142569612,0.028504787,0.493890571
11,15,211318720,67,0.297102798,0.142569612,0.028504787,0.612585424
7,15,211318720,67,0.320264087,0.142569612,0.028504787,0.666122738
14,15,211318720,67,0.397236570,0.142569612,0.028504787,0.917353882
4,15,211318720,67,0.401365222,0.142569612,0.028504787,0.929907719
2,15,211318720,67,0.436974056,0.142569612,0.028504787,1.013258897
1,15,211318720,67,0.463765996,0.142569612,0.028504787,1.057755842
6,15,211318720,67,0.473358151,0.142569612,0.028504787,1.067015904
3,15,211318720,67,0.496799554,0.142569612,0.028504787,1.075196080
8,15,211318720,67,0.655478420,0.142569612,0.028504787,1.146140072
5,15,211318720,67,0.758908371,0.142569612,0.028504787,1.273735798
20,15,211318720,67,0.821008808,0.142569612,0.028504787,1.377099035
13,15,211318720,67,0.870095545,0.142569612,0.028504787,1.426968935
18,15,211318720,67,0.876017721,0.142569612,0.028504787,1.429186190
9,15,211318720,67,1.472313539,0.142569612,0.028504787,1.328129355
19,15,211318720,67,1.755249417,0.142569612,0.028504787,1.232298003
3,16,211318720,67,0.143246377,0.142569612,0.010511567,0.450111147
13,16,211318720,67,0.163447751,0.142569612,0.010511567,0.572012611
11,16,211318720,67,0.189672613,0.142569612,0.010511567,0.721359489
5,16,211318720,67,0.201286280,0.142569612,0.010511567,0.779450928
10,16,211318720,67,0.214696194,0.142569612,0.010511567,0.837464549
20,16,211318720,67,0.230565321,0.142569612,0.010511567,0.895189612
1,16,211318720,67,0.231552464,0.142569612,0.010511567,0.898182352
19,16,211318720,67,0.236408325,0.142569612,0.010511567,0.909144173
18,16,211318720,67,0.240674095,0.142569612,0.010511567,0.916387537
6,16,211318720,67,0.261704016,0.142569612,0.010511567,0.950895782
4,16,211318720,67,0.294976812,0.142569612,0.010511567,0.995137422
2,16,211318720,67,0.384766570,0.142569612,0.010511567,1.104822275
15,16,211318720,67,0.422451779,0.142569612,0.010511567,1.141956032
14,16,211318720,67,0.498231948,0.142569612,0.010511567,1.301065297
12,16,211318720,67,0.564838374,0.142569612,0.010511567,1.412628077
9,16,211318720,67,0.569711265,0.142569612,0.010511567,1.417492121
8,16,211318720,67,0.585278571,0.142569612,0.010511567,1.422799102
17,16,211318720,67,1.142423237,0.142569612,0.010511567,1.381170620
16,16,211318720,67,1.211169919,0.142569612,0.010511567,1.402362987
7,16,211318720,67,1.672123490,0.142569612,0.010511567,1.251355729
13,17,211318720,67,0.114166194,0.142569612,0.004843018,0.138395944
11,17,211318720,67,0.143246377,0.142569612,0.004843018,0.168047007
6,17,211318720,67,0.234467470,0.142569612,0.004843018,0.198333319
7,17,211318720,67,0.397236570,0.142569612,0.004843018,0.528907179
17,17,211318720,67,0.403903668,0.142569612,0.004843018,0.553493265
12,17,211318720,67,0.452488274,0.142569612,0.004843018,0.757100564
4,17,211318720,67,0.479712491,0.142569612,0.004843018,0.857085361
19,17,211318720,67,0.480370697,0.142569612,0.004843018,0.859080932
14,17,211318720,67,0.496363065,0.142569612,0.004843018,0.896553375
18,17,211318720,67,0.497332438,0.142569612,0.004843018,0.898147330
8,17,211318720,67,0.548705179,0.142569612,0.004843018,0.949546412
1,17,211318720,67,0.555348320,0.142569612,0.004843018,0.951818760
16,17,211318720,67,0.727194083,0.142569612,0.004843018,1.214619467
3,17,211318720,67,0.733872699,0.142569612,0.004843018,1.226117491
5,17,211318720,67,0.763735157,0.142569612,0.004843018,1.255801099
2,17,211318720,67,0.773538749,0.142569612,0.004843018,1.258957106
20,17,211318720,67,0.954783595,0.142569612,0.004843018,1.294421106
15,17,211318720,67,1.345101545,0.142569612,0.004843018,1.292678661
10,17,211318720,67,1.442850200,0.142569612,0.004843018,1.324195569
9,17,211318720,67,2.067721695,0.142569612,0.004843018,1.118781896
8,18,211318720,67,0.189604911,0.142569612,0.018720025,0.315522267
10,18,211318720,67,0.212494739,0.142569612,0.018720025,0.383404702
16,18,211318720,67,0.221176057,0.142569612,0.018720025,0.403804909
19,18,211318720,67,0.244105060,0.142569612,0.018720025,0.442387029
5,18,211318720,67,0.261704016,0.142569612,0.018720025,0.459770299
6,18,211318720,67,0.320264087,0.142569612,0.018720025,0.546712845
20,18,211318720,67,0.407144390,0.142569612,0.018720025,0.804764753
7,18,211318720,67,0.430002133,0.142569612,0.018720025,0.878086243
13,18,211318720,67,0.452488274,0.142569612,0.018720025,0.946122491
17,18,211318720,67,0.489894567,0.142569612,0.018720025,1.034266126
1,18,211318720,67,0.494002997,0.142569612,0.018720025,1.043831044
3,18,211318720,67,0.496799554,0.142569612,0.018720025,1.048513381
12,18,211318720,67,0.564838374,0.142569612,0.018720025,1.153159447
2,18,211318720,67,0.631062274,0.142569612,0.018720025,1.223230841
11,18,211318720,67,0.655478420,0.142569612,0.018720025,1.248451029
15,18,211318720,67,0.767010536,0.142569612,0.018720025,1.421673116
18,18,211318720,67,0.821008808,0.142569612,0.018720025,1.512131289
14,18,211318720,67,0.848876883,0.142569612,0.018720025,1.540085835
4,18,211318720,67,0.856613387,0.142569612,0.018720025,1.542663002
9,18,211318720,67,0.967984072,0.142569612,0.018720025,1.505542799
5,19,211318720,67,0.114166194,0.142569612,0.052064646,0.123571179
10,19,211318720,67,0.206154434,0.142569612,0.052064646,0.314062898
16,19,211318720,67,0.216898661,0.142569612,0.052064646,0.331111798
1,19,211318720,67,0.234467470,0.142569612,0.052064646,0.355675580
19,19,211318720,67,0.294976812,0.142569612,0.052064646,0.443501912
3,19,211318720,67,0.366689858,0.142569612,0.052064646,0.624424440
11,19,211318720,67,0.397236570,0.142569612,0.052064646,0.716194038
9,19,211318720,67,0.452488274,0.142569612,0.052064646,0.914896247
6,19,211318720,67,0.469380687,0.142569612,0.052064646,0.977418270
4,19,211318720,67,0.473358151,0.142569612,0.052064646,0.992040607
14,19,211318720,67,0.479916421,0.142569612,0.052064646,1.011646874
17,19,211318720,67,0.548705179,0.142569612,0.052064646,1.211870259
12,19,211318720,67,0.562011941,0.142569612,0.052064646,1.243214011
13,19,211318720,67,0.569711265,0.142569612,0.052064646,1.256968326
7,19,211318720,67,0.611091554,0.142569612,0.052064646,1.325757101
15,19,211318720,67,0.631062274,0.142569612,0.052064646,1.345283946
2,19,211318720,67,0.711151880,0.142569612,0.052064646,1.372670686
18,19,211318720,67,1.067875615,0.142569612,0.052064646,1.351384394
8,19,211318720,67,1.404552817,0.142569612,0.052064646,1.336384583
20,19,211318720,67,1.442401680,0.142569612,0.052064646,1.323773018
20,20,211318720,67,0.151542328,0.142569612,0.044493280,0.357444452
12,20,211318720,67,0.194298324,0.142569612,0.044493280,0.541690533
5,20,211318720,67,0.200231803,0.142569612,0.044493280,0.563247280
17,20,211318720,67,0.206154434,0.142569612,0.044493280,0.581186014
1,20,211318720,67,0.224973196,0.142569612,0.044493280,0.625435135
11,20,211318720,67,0.240674095,0.142569612,0.044493280,0.651467634
13,20,211318720,67,0.258351971,0.142569612,0.044493280,0.669586327
14,20,211318720,67,0.271224328,0.142569612,0.044493280,0.674354557
8,20,211318720,67,0.459765279,0.142569612,0.044493280,0.969000865
10,20,211318720,67,0.479712491,0.142569612,0.044493280,1.051033035
9,20,211318720,67,0.496799554,0.142569612,0.044493280,1.113805062
3,20,211318720,67,0.537873555,0.142569612,0.044493280,1.236385305
7,20,211318720,67,0.555348320,0.142569612,0.044493280,1.277130292
15,20,211318720,67,0.564838374,0.142569612,0.044493280,1.295875832
6,20,211318720,67,0.585278571,0.142569612,0.044493280,1.330066893
19,20,211318720,67,0.609499617,0.142569612,0.044493280,1.369596563
16,20,211318720,67,0.703481386,0.142569612,0.044493280,1.520842170
2,20,211318720,67,0.729121023,0.142569612,0.044493280,1.546949232
4,20,211318720,67,0.758908371,0.142569612,0.044493280,1.557058390
18,20,211318720,67,0.954783595,0.142569612,0.044493280,1.491859561
7,21,211318720,67,0.114166194,0.142569612,0.017213086,0.178044661
2,21,211318720,67,0.175844454,0.142569612,0.017213086,0.396182559
20,21,211318720,67,0.210742206,0.142569612,0.017213086,0.539519015
3,21,211318720,67,0.225803229,0.142569612,0.017213086,0.595056424
6,21,211318720,67,0.231552464,0.142569612,0.017213086,0.612360828
16,21,211318720,67,0.244105060,0.142569612,0.017213086,0.641831443
8,21,211318720,67,0.271584609,0.142569612,0.017213086,0.695607671
19,21,211318720,67,0.313984077,0.142569612,0.017213086,0.765380420
13,21,211318720,67,0.330469564,0.142569612,0.017213086,0.788640107
18,21,211318720,67,0.402263847,0.142569612,0.017213086,0.904293910
15,21,211318720,67,0.463765996,0.142569612,0.017213086,0.965477963
12,21,211318720,67,0.478728149,0.142569612,0.017213086,0.970819462
9,21,211318720,67,0.627666836,0.142569612,0.017213086,1.114071000
4,21,211318720,67,0.668732790,0.142569612,0.017213086,1.207804268
10,21,211318720,67,0.729121023,0.142569612,0.017213086,1.324259452
17,21,211318720,67,0.767010536,0.142569612,0.017213086,1.386880461
1,21,211318720,67,0.773538749,0.142569612,0.017213086,1.393268070
5,21,211318720,67,0.848876883,0.142569612,0.017213086,1.434426293
14,21,211318720,67,0.967984072,0.142569612,0.017213086,1.473340831
11,21,211318720,67,1.148581697,0.142569612,0.017213086,1.413357180
19,22,211318720,67,0.189975787,0.142569612,0.045734633,0.519409668
11,22,211318720,67,0.206154434,0.142569612,0.045734633,0.589465424
4,22,211318720,67,0.209817303,0.142569612,0.045734633,0.603018836
3,22,211318720,67,0.231552464,0.142569612,0.045734633,0.668493293
5,22,211318720,67,0.232211245,0.142569612,0.045734633,0.670069648
13,22,211318720,67,0.234467470,0.142569612,0.045734633,0.673870142
17,22,211318720,67,0.244649358,0.142569612,0.045734633,0.684332421
12,22,211318720,67,0.261704016,0.142569612,0.045734633,0.690311936
14,22,211318720,67,0.422451779,0.142569612,0.045734633,0.880767301
1,22,211318720,67,0.478728149,0.142569612,0.045734633,1.048701342
16,22,211318720,67,0.496363065,0.142569612,0.045734633,1.090062590
6,22,211318720,67,0.498231948,0.142569612,0.045734633,1.093201892
7,22,211318720,67,0.564838374,0.142569612,0.045734633,1.161045031
15,22,211318720,67,0.567346654,0.142569612,0.045734633,1.161603162
8,22,211318720,67,0.954783595,0.142569612,0.045734633,1.128507359
2,22,211318720,67,1.302940102,0.142569612,0.045734633,1.134470915
10,22,211318720,67,1.411737678,0.142569612,0.045734633,1.317788519
18,22,211318720,67,1.442401680,0.142569612,0.045734633,1.348984713
9,22,211318720,67,1.442850200,0.142569612,0.045734633,1.349115923
20,22,211318720,67,2.067721695,0.142569612,0.045734633,1.143208807
12,23,211318720,67,0.189975787,0.142569612,0.076137684,0.565127024
15,23,211318720,67,0.208482977,0.142569612,0.076137684,0.670129014
17,23,211318720,67,0.210742206,0.142569612,0.076137684,0.681518685
8,23,211318720,67,0.224973196,0.142569612,0.076137684,0.743786280
16,23,211318720,67,0.230472108,0.142569612,0.076137684,0.764139713
6,23,211318720,67,0.240674095,0.142569612,0.076137684,0.794705484
10,23,211318720,67,0.260743209,0.142569612,0.076137684,0.842840473
19,23,211318720,67,0.271224328,0.142569612,0.076137684,0.867221061
14,23,211318720,67,0.277332429,0.142569612,0.076137684,0.877346543
3,23,211318720,67,0.289962109,0.142569612,0.076137684,0.889973851
9,23,211318720,67,0.401365222,0.142569612,0.076137684,1.053537784
18,23,211318720,67,0.478728149,0.142569612,0.076137684,1.250224775
7,23,211318720,67,0.479712491,0.142569612,0.076137684,1.252520230
4,23,211318720,67,0.484632161,0.142569612,0.076137684,1.260827983
2,23,211318720,67,0.555348320,0.142569612,0.076137684,1.345167670
1,23,211318720,67,0.585278571,0.142569612,0.076137684,1.375174339
20,23,211318720,67,0.678269687,0.142569612,0.076137684,1.407548929
11,23,211318720,67,0.870095545,0.142569612,0.076137684,1.477033470
5,23,211318720,67,0.954783595,0.142569612,0.076137684,1.505597628
13,23,211318720,67,1.074038657,0.142569612,0.076137684,1.465850054
16,24,211318720,67,0.156859078,0.142569608,0.067826144,0.285375019
14,24,211318720,67,0.180989575,0.142569608,0.067826144,0.389577485
5,24,211318720,67,0.221176057,0.142569608,0.067826144,0.536405644
1,24,211318720,67,0.244105060,0.142569608,0.067826144,0.605456334
7,24,211318720,67,0.244649358,0.142569608,0.067826144,0.606693327
17,24,211318720,67,0.261704016,0.142569608,0.067826144,0.635184438
8,24,211318720,67,0.289962109,0.142569608,0.067826144,0.664018825
13,24,211318720,67,0.297102798,0.142569608,0.067826144,0.666430853
11,24,211318720,67,0.479916421,0.142569608,0.067826144,0.704983344
3,24,211318720,67,0.615280617,0.142569608,0.067826144,0.968423121
6,24,211318720,67,0.627666836,0.142569608,0.067826144,0.999757371
20,24,211318720,67,0.645678060,0.142569608,0.067826144,1.042063574
2,24,211318720,67,0.703481386,0.142569608,0.067826144,1.172067465
12,24,211318720,67,0.729121023,0.142569608,0.067826144,1.214978954
18,24,211318720,67,0.767010536,0.142569608,0.067826144,1.252603211
15,24,211318720,67,0.796498422,0.142569608,0.067826144,1.263061300
10,24,211318720,67,1.074038657,0.142569608,0.067826144,1.314284540
4,24,211318720,67,1.142423237,0.142569608,0.067826144,1.338172966
19,24,211318720,67,1.442850200,0.142569608,0.067826144,1.333991139
9,24,211318720,67,1.516026422,0.142569608,0.067826144,1.309600782
17,25,211318720,67,0.120652983,0.142569608,0.006946391,0.462381130
13,25,211318720,67,0.121464623,0.142569608,0.006946391,0.467075619
3,25,211318720,67,0.163447751,0.142569608,0.006946391,0.676951504
12,25,211318720,67,0.189672613,0.142569608,0.006946391,0.790557163
8,25,211318720,67,0.197639146,0.142569608,0.006946391,0.819430932
20,25,211318720,67,0.200231803,0.142569608,0.006946391,0.827105696
1,25,211318720,67,0.201286280,0.142569608,0.006946391,0.829594586
16,25,211318720,67,0.210742206,0.142569608,0.006946391,0.845671053
7,25,211318720,67,0.221176057,0.142569608,0.006946391,0.855562986
6,25,211318720,67,0.241240855,0.142569608,0.006946391,0.862735262
9,25,211318720,67,0.384766570,0.142569608,0.006946391,1.026040007
5,25,211318720,67,0.452488274,0.142569608,0.006946391,1.178438863
14,25,211318720,67,0.463765996,0.142569608,0.006946391,1.204594591
10,25,211318720,67,0.489894567,0.142569608,0.006946391,1.248085057
15,25,211318720,67,0.548705179,0.142569608,0.006946391,1.306598260
18,25,211318720,67,0.581521109,0.142569608,0.006946391,1.326877934
2,25,211318720,67,0.710298778,0.142569608,0.006946391,1.369617268
19,25,211318720,67,0.856613387,0.142569608,0.006946391,1.502290277
4,25,211318720,67,0.870095545,0.142569608,0.006946391,1.506786004
11,25,211318720,67,0.967984072,0.142569608,0.006946391,1.474161401
19,26,211318720,67,0.114166194,0.142569608,0.050173506,0.300397349
9,26,211318720,67,0.163447751,0.142569608,0.050173506,0.501256713
4,26,211318720,67,0.164021072,0.142569608,0.050173506,0.503356195
12,26,211318720,67,0.171868971,0.142569608,0.050173506,0.527156221
8,26,211318720,67,0.203187046,0.142569608,0.050173506,0.600202652
6,26,211318720,67,0.206154434,0.142569608,0.050173506,0.605347929
3,26,211318720,67,0.261704016,0.142569608,0.050173506,0.675712751
11,26,211318720,67,0.271224328,0.142569608,0.050173506,0.691634493
16,26,211318720,67,0.384766570,0.142569608,0.050173506,0.905132606
17,26,211318720,67,0.401365222,0.142569608,0.050173506,0.932780569
10,26,211318720,67,0.422451779,0.142569608,0.050173506,0.953933124
14,26,211318720,67,0.484632161,0.142569608,0.050173506,1.014537054
5,26,211318720,67,0.567346654,0.142569608,0.050173506,1.090422166
13,26,211318720,67,0.639394657,0.142569608,0.050173506,1.147965114
18,26,211318720,67,0.733872699,0.142569608,0.050173506,1.180027648
1,26,211318720,67,1.067875615,0.142569608,0.050173506,1.233883720
2,26,211318720,67,1.148581697,0.142569608,0.050173506,1.314575821
20,26,211318720,67,1.169760915,0.142569608,0.050173506,1.322005841
7,26,211318720,67,1.502283313,0.142569608,0.050173506,1.305654180
15,26,211318720,67,1.677184906,0.142569608,0.050173506,1.247506330
12,27,211318720,67,0.114166194,0.142569608,0.002688106,0.244246344
17,27,211318720,67,0.164021072,0.142569608,0.002688106,0.511646366
16,27,211318720,67,0.198160521,0.142569608,0.002688106,0.682278051
18,27,211318720,67,0.212135629,0.142569608,0.002688106,0.743108034
4,27,211318720,67,0.224973196,0.142569608,0.002688106,0.790642929
14,27,211318720,67,0.230472108,0.142569608,0.002688106,0.807305286
6,27,211318720,67,0.234467470,0.142569608,0.002688106,0.816739417
1,27,211318720,67,0.236684993,0.142569608,0.002688106,0.820477457
2,27,211318720,67,0.258390635,0.142569608,0.002688106,0.842199350
10,27,211318720,67,0.277332429,0.142569608,0.002688106,0.848852344
11,27,211318720,67,0.422451779,0.142569608,0.002688106,1.003168438
13,27,211318720,67,0.479712491,0.142569608,0.002688106,1.087712897
3,27,211318720,67,0.489360347,0.142569608,0.002688106,1.103886682
15,27,211318720,67,0.585278571,0.142569608,0.002688106,1.235054868
20,27,211318720,67,0.619507724,0.142569608,0.002688106,1.292465303
5,27,211318720,67,0.678269687,0.142569608,0.002688106,1.352454105
9,27,211318720,67,0.727194083,0.142569608,0.002688106,1.368956372
8,27,211318720,67,1.169760915,0.142569608,0.002688106,1.320018308
7,27,211318720,67,1.399229128,0.142569608,0.002688106,1.340047729
19,27,211318720,67,1.516026422,0.142569608,0.002688106,1.301117134
11,28,211318720,67,0.114166194,0.142569608,0.009461174,0.304284660
3,28,211318720,67,0.175844454,0.142569608,0.009461174,0.695406703
6,28,211318720,67,0.208482977,0.142569608,0.009461174,0.880649085
16,28,211318720,67,0.209496986,0.142569608,0.009461174,0.885751464
12,28,211318720,67,0.210742206,0.142569608,0.009461174,0.891179592
4,28,211318720,67,0.212135629,0.142569608,0.009461174,0.896407043
9,28,211318720,67,0.225803229,0.142569608,0.009461174,0.937502771
13,28,211318720,67,0.230565321,0.142569608,0.009461174,0.948861912
5,28,211318720,67,0.231552464,0.142569608,0.009461174,0.950547875
7,28,211318720,67,0.234467470,0.142569608,0.009461174,0.953539542
1,28,211318720,67,0.243788411,0.142569608,0.009461174,0.956852118
2,28,211318720,67,0.498231948,0.142569608,0.009461174,1.081265043
14,28,211318720,67,0.555348320,0.142569608,0.009461174,1.214477005
10,28,211318720,67,0.569711265,0.142569608,0.009461174,1.238272096
18,28,211318720,67,0.628578231,0.142569608,0.009461174,1.297449346
19,28,211318720,67,0.639394657,0.142569608,0.009461174,1.301070948
20,28,211318720,67,0.870095545,0.142569608,0.009461174,1.350108273
17,28,211318720,67,0.966696729,0.142569608,0.009461174,1.410281603
15,28,211318720,67,1.067875615,0.142569608,0.009461174,1.445281386
8,28,211318720,67,1.399229128,0.142569608,0.009461174,1.333786281
12,29,211318720,67,0.180989575,0.142569608,0.008358664,0.408205086
19,29,211318720,67,0.189604911,0.142569608,0.008358664,0.434291434
17,29,211318720,67,0.204491291,0.142569608,0.008358664,0.468766376
11,29,211318720,67,0.212135629,0.142569608,0.008358664,0.481497891
10,29,211318720,67,0.212494739,0.142569608,0.008358664,0.481853391
13,29,211318720,67,0.258351971,0.142569608,0.008358664,0.509305464
1,29,211318720,67,0.384766570,0.142569608,0.008358664,0.821186302
15,29,211318720,67,0.403903668,0.142569608,0.008358664,0.866016523
18,29,211318720,67,0.407324411,0.142569608,0.008358664,0.871803836
8,29,211318720,67,0.422451779,0.142569608,0.008358664,0.886903194
16,29,211318720,67,0.473358151,0.142569608,0.008358664,0.950487891
20,29,211318720,67,0.575799394,0.142569608,0.008358664,1.239698877
2,29,211318720,67,0.585278571,0.142569608,0.008358664,1.261713587
4,29,211318720,67,0.619507724,0.142569608,0.008358664,1.320103790
6,29,211318720,67,0.627666836,0.142569608,0.008358664,1.327781776
5,29,211318720,67,0.628578231,0.142569608,0.008358664,1.328079174
7,29,211318720,67,0.808229779,0.142569608,0.008358664,1.432323197
9,29,211318720,67,0.848876883,0.142569608,0.008358664,1.446847159
3,29,211318720,67,1.345101545,0.142569608,0.008358664,1.377359567
14,29,211318720,67,1.442850200,0.142569608,0.008358664,1.344777684
6,30,211318720,67,0.114166194,0.142569608,0.046829030,0.291755784
14,30,211318720,67,0.189604911,0.142569608,0.046829030,0.640610483
5,30,211318720,67,0.198160521,0.142569608,0.046829030,0.677692786
20,30,211318720,67,0.200231803,0.142569608,0.046829030,0.685106876
1,30,211318720,67,0.201286280,0.142569608,0.046829030,0.688336150
3,30,211318720,67,0.203187046,0.142569608,0.046829030,0.692855470
12,30,211318720,67,0.208482977,0.142569608,0.046829030,0.701838222
11,30,211318720,67,0.231552464,0.142569608,0.046829030,0.724244320
9,30,211318720,67,0.298832886,0.142569608,0.046829030,0.789953550
13,30,211318720,67,0.407144390,0.142569608,0.046829030,0.934394598
7,30,211318720,67,0.409321724,0.142569608,0.046829030,0.938077705
19,30,211318720,67,0.496363065,0.142569608,0.046829030,1.067172813
15,30,211318720,67,0.548705179,0.142569608,0.046829030,1.119184338
18,30,211318720,67,0.575799394,0.142569608,0.046829030,1.128214250
2,30,211318720,67,0.848876883,0.142569608,0.046829030,1.230400072
8,30,211318720,67,0.870095545,0.142569608,0.046829030,1.251453410
4,30,211318720,67,0.966696729,0.142569608,0.046829030,1.284583859
17,30,211318720,67,1.293796954,0.142569608,0.046829030,1.272169796
16,30,211318720,67,1.516026422,0.142569608,0.046829030,1.295225148
10,30,211318720,67,1.672123490,0.142569608,0.046829030,1.243341052
13,31,211318720,67,0.160117286,0.142569608,0.000609120,0.291360342
4,31,211318720,67,0.194298324,0.142569608,0.000609120,0.409733653
3,31,211318720,67,0.216898661,0.142569608,0.000609120,0.493304573
1,31,211318720,67,0.230565321,0.142569608,0.000609120,0.533646602
5,31,211318720,67,0.243202909,0.142569608,0.000609120,0.563111100
19,31,211318720,67,0.261704016,0.142569608,0.000609120,0.598705799
10,31,211318720,67,0.320264087,0.142569608,0.000609120,0.759361476
11,31,211318720,67,0.330469564,0.142569608,0.000609120,0.785810412
8,31,211318720,67,0.397236570,0.142569608,0.000609120,0.999539333
14,31,211318720,67,0.407324411,0.142569608,0.000609120,1.029838311
9,31,211318720,67,0.422451779,0.142569608,0.000609120,1.064942277
18,31,211318720,67,0.469380687,0.142569608,0.000609120,1.142965069
7,31,211318720,67,0.473358151,0.142569608,0.000609120,1.146625624
20,31,211318720,67,0.520203290,0.142569608,0.000609120,1.193201200
6,31,211318720,67,0.615280617,0.142569608,0.000609120,1.303928085
2,31,211318720,67,0.668732790,0.142569608,0.000609120,1.387488536
16,31,211318720,67,0.729121023,0.142569608,0.000609120,1.457945003
17,31,211318720,67,0.767010536,0.142569608,0.000609120,1.495940200
15,31,211318720,67,0.856613387,0.142569608,0.000609120,1.526654689
12,31,211318720,67,1.067875615,0.142569608,0.000609120,1.457269306
7,32,211318720,67,0.189672613,0.142569608,0.018941697,0.253588194
5,32,211318720,67,0.223586538,0.142569608,0.018941697,0.333557232
11,32,211318720,67,0.244105060,0.142569608,0.018941697,0.367795806
15,32,211318720,67,0.258390635,0.142569608,0.018941697,0.381993679
14,32,211318720,67,0.294976812,0.142569608,0.018941697,0.414628784
9,32,211318720,67,0.407144390,0.142569608,0.018941697,0.524540174
20,32,211318720,67,0.484632161,0.142569608,0.018941697,0.640936213
1,32,211318720,67,0.505630854,0.142569608,0.018941697,0.675316860
19,32,211318720,67,0.569711265,0.142569608,0.018941697,0.767989932
13,32,211318720,67,0.627666836,0.142569608,0.018941697,0.890391486
17,32,211318720,67,0.668732790,0.142569608,0.018941697,0.988852697
18,32,211318720,67,0.727194083,0.142569608,0.018941697,1.125789985
3,32,211318720,67,0.729121023,0.142569608,0.018941697,1.130010867
8,32,211318720,67,0.758908371,0.142569608,0.018941697,1.179771469
4,32,211318720,67,0.808229779,0.142569608,0.018941697,1.229685194
10,32,211318720,67,0.870095545,0.142569608,0.018941697,1.249968371
12,32,211318720,67,1.345101545,0.142569608,0.018941697,1.190997647
6,32,211318720,67,1.562845948,0.142569608,0.018941697,1.236608800
2,32,211318720,67,1.672123490,0.142569608,0.018941697,1.275094071
16,32,211318720,67,2.067721695,0.142569608,0.018941697,1.143147599
10,33,211318720,67,0.171868971,0.142569608,0.047963180,0.344212259
9,33,211318720,67,0.180989575,0.142569608,0.047963180,0.364771067
8,33,211318720,67,0.189672613,0.142569608,0.047963180,0.378739246
14,33,211318720,67,0.208482977,0.142569608,0.047963180,0.397944371
3,33,211318720,67,0.236684993,0.142569608,0.047963180,0.407418980
1,33,211318720,67,0.422451779,0.142569608,0.047963180,0.493360578
18,33,211318720,67,0.489360347,0.142569608,0.047963180,0.602801731
7,33,211318720,67,0.562011941,0.142569608,0.047963180,0.763771059
19,33,211318720,67,0.570672550,0.142569608,0.047963180,0.779911200
17,33,211318720,67,0.631062274,0.142569608,0.047963180,0.916389581
6,33,211318720,67,0.645678060,0.142569608,0.047963180,0.950709321
16,33,211318720,67,0.711151880,0.142569608,0.047963180,1.097991261
12,33,211318720,67,0.729121023,0.142569608,0.047963180,1.127469281
4,33,211318720,67,0.763735157,0.142569608,0.047963180,1.162111533
5,33,211318720,67,0.796498422,0.142569608,0.047963180,1.173808402
11,33,211318720,67,0.966696729,0.142569608,0.047963180,1.212482796
20,33,211318720,67,1.148581697,0.142569608,0.047963180,1.291084733
15,33,211318720,67,1.226677978,0.142569608,0.047963180,1.318429947
13,33,211318720,67,1.404552817,0.142569608,0.047963180,1.354883933
2,33,211318720,67,2.004665860,0.142569608,0.047963180,1.156461941
3,34,211318720,67,0.120652983,0.142569608,0.008780553,0.273563490
7,34,211318720,67,0.143246377,0.142569608,0.008780553,0.357123408
14,34,211318720,67,0.175844454,0.142569608,0.008780553,0.454966232
18,34,211318720,67,0.212494739,0.142569608,0.008780553,0.539962213
1,34,211318720,67,0.224973196,0.142569608,0.008780553,0.560978016
9,34,211318720,67,0.240674095,0.142569608,0.008780553,0.576981367
15,34,211318720,67,0.244649358,0.142569608,0.008780553,0.578175760
12,34,211318720,67,0.402263847,0.142569608,0.008780553,0.795240734
5,34,211318720,67,0.409321724,0.142569608,0.008780553,0.807230255
13,34,211318720,67,0.479916421,0.142569608,0.008780553,0.907903554
11,34,211318720,67,0.481365940,0.142569608,0.008780553,0.910319748
8,34,211318720,67,0.585278571,0.142569608,0.008780553,1.167148497
10,34,211318720,67,0.615872459,0.142569608,0.008780553,1.238116445
19,34,211318720,67,0.631062274,0.142569608,0.008780553,1.263349700
17,34,211318720,67,0.655478420,0.142569608,0.008780553,1.287655805
4,34,211318720,67,0.668732790,0.142569608,0.008780553,1.292490240
20,34,211318720,67,1.142423237,0.142569608,0.008780553,1.232611638
6,34,211318720,67,1.442401680,0.142569608,0.008780553,1.305275276
16,34,211318720,67,1.472313539,0.142569608,0.008780553,1.315392906
2,34,211318720,67,2.004665860,0.142569608,0.008780553,1.136469451
18,35,211318720,67,0.151542328,0.142569608,0.055803359,0.400104655
14,35,211318720,67,0.156859078,0.142569608,0.055803359,0.427398441
20,35,211318720,67,0.214696194,0.142569608,0.055803359,0.716408900
7,35,211318720,67,0.224973196,0.142569608,0.055803359,0.761256435
9,35,211318720,67,0.230565321,0.142569608,0.055803359,0.781825366
2,35,211318720,67,0.231552464,0.142569608,0.055803359,0.784789479
19,35,211318720,67,0.234467470,0.142569608,0.055803359,0.791580873
16,35,211318720,67,0.258390635,0.142569608,0.055803359,0.832187939
10,35,211318720,67,0.271224328,0.142569608,0.055803359,0.848984964
8,35,211318720,67,0.298832886,0.142569608,0.055803359,0.881141629
3,35,211318720,67,0.407324411,0.142569608,0.055803359,1.117096549
1,35,211318720,67,0.435656761,0.142569608,0.055803359,1.184457124
12,35,211318720,67,0.473358151,0.142569608,0.055803359,1.247154881
5,35,211318720,67,0.479712491,0.142569608,0.055803359,1.253371967
6,35,211318720,67,0.505630854,0.142569608,0.055803359,1.275726067
4,35,211318720,67,0.627666836,0.142569608,0.055803359,1.316372956
17,35,211318720,67,0.773089545,0.142569608,0.055803359,1.364027774
13,35,211318720,67,1.067875615,0.142569608,0.055803359,1.361029493
15,35,211318720,67,1.442850200,0.142569608,0.055803359,1.333134957
11,35,211318720,67,1.672123490,0.142569608,0.055803359,1.256157142
15,36,211318720,67,0.189604911,0.142569608,0.023882035,0.662531865
18,36,211318720,67,0.189672613,0.142569608,0.023882035,0.662941649
5,36,211318720,67,0.209496986,0.142569608,0.023882035,0.762448861
19,36,211318720,67,0.209817303,0.142569608,0.023882035,0.763903481
8,36,211318720,67,0.210742206,0.142569608,0.023882035,0.767281557
2,36,211318720,67,0.214696194,0.142569608,0.023882035,0.779154542
1,36,211318720,67,0.223586538,0.142569608,0.023882035,0.799920787
10,36,211318720,67,0.232211245,0.142569608,0.023882035,0.814368310
6,36,211318720,67,0.244649358,0.142569608,0.023882035,0.827727533
7,36,211318720,67,0.330469564,0.142569608,0.023882035,0.914087042
11,36,211318720,67,0.384766570,0.142569608,0.023882035,1.028666653
20,36,211318720,67,0.481365940,0.142569608,0.023882035,1.288507956
13,36,211318720,67,0.484632161,0.142569608,0.023882035,1.295833607
17,36,211318720,67,0.494002997,0.142569608,0.023882035,1.311462685
16,36,211318720,67,0.505630854,0.142569608,0.023882035,1.323336280
3,36,211318720,67,0.570672550,0.142569608,0.023882035,1.368513768
4,36,211318720,67,0.678269687,0.142569608,0.023882035,1.413208820
12,36,211318720,67,0.808229779,0.142569608,0.023882035,1.456528534
14,36,211318720,67,1.074038657,0.142569608,0.023882035,1.461781047
9,36,211318720,67,1.285010920,0.142569608,0.023882035,1.390999367
18,37,211318720,67,0.171868971,0.142569608,0.127676517,0.292141815
7,37,211318720,67,0.216898661,0.142569608,0.127676517,0.457579317
12,37,211318720,67,0.224973196,0.142569608,0.127676517,0.481955455
9,37,211318720,67,0.240674095,0.142569608,0.127676517,0.518227686
10,37,211318720,67,0.252307820,0.142569608,0.127676517,0.537755709
1,37,211318720,67,0.289962109,0.142569608,0.127676517,0.592270973
3,37,211318720,67,0.297102798,0.142569608,0.127676517,0.599432761
17,37,211318720,67,0.407324411,0.142569608,0.127676517,0.750007054
13,37,211318720,67,0.479916421,0.142569608,0.127676517,1.003223301
19,37,211318720,67,0.496799554,0.142569608,0.127676517,1.065366674
11,37,211318720,67,0.505630854,0.142569608,0.127676517,1.091852995
15,37,211318720,67,0.548705179,0.142569608,0.127676517,1.193826507
2,37,211318720,67,0.555348320,0.142569608,0.127676517,1.205086423
8,37,211318720,67,0.570672550,0.142569608,0.127676517,1.222639980
5,37,211318720,67,0.615872459,0.142569608,0.127676517,1.288778839
6,37,211318720,67,0.710298778,0.142569608,0.127676517,1.380541549
20,37,211318720,67,0.727194083,0.142569608,0.127676517,1.386591969
14,37,211318720,67,1.148581697,0.142569608,0.127676517,1.341704416
4,37,211318720,67,1.293796954,0.142569608,0.127676517,1.387550135
16,37,211318720,67,1.672123490,0.142569608,0.127676517,1.262542464
11,38,211318720,67,0.171868971,0.142569608,0.007504065,0.249199081
10,38,211318720,67,0.230565321,0.142569608,0.007504065,0.385874641
20,38,211318720,67,0.236408325,0.142569608,0.007504065,0.395585855
7,38,211318720,67,0.236684993,0.142569608,0.007504065,0.395863157
5,38,211318720,67,0.252307820,0.142569608,0.007504065,0.401344676
2,38,211318720,67,0.397236570,0.142569608,0.007504065,0.522063188
15,38,211318720,67,0.480370697,0.142569608,0.007504065,0.672022944
16,38,211318720,67,0.489360347,0.142569608,0.007504065,0.698961681
13,38,211318720,67,0.548705179,0.142569608,0.007504065,0.837034363
6,38,211318720,67,0.611091554,0.142569608,0.007504065,0.940959548
17,38,211318720,67,0.615280617,0.142569608,0.007504065,0.945068450
19,38,211318720,67,0.615872459,0.142569608,0.007504065,0.945322553
12,38,211318720,67,0.758908371,0.142569608,0.007504065,1.045756551
1,38,211318720,67,0.821008808,0.142569608,0.007504065,1.066658999
4,38,211318720,67,1.067875615,0.142569608,0.007504065,1.107966299
9,38,211318720,67,1.169760915,0.142569608,0.007504065,1.160639351
8,38,211318720,67,1.285010920,0.142569608,0.007504065,1.208652905
18,38,211318720,67,1.411737678,0.142569608,0.007504065,1.287487605
14,38,211318720,67,1.502283313,0.142569608,0.007504065,1.317674292
3,38,211318720,67,1.516026422,0.142569608,0.007504065,1.313095222
20,39,211318720,67,0.175844454,0.142569608,0.054092370,0.323199101
19,39,211318720,67,0.197639146,0.142569608,0.054092370,0.388259565
15,39,211318720,67,0.206154434,0.142569608,0.054092370,0.408622363
13,39,211318720,67,0.216898661,0.142569608,0.054092370,0.426763703
4,39,211318720,67,0.240674095,0.142569608,0.054092370,0.450969354
5,39,211318720,67,0.320264087,0.142569608,0.054092370,0.493867261
17,39,211318720,67,0.436974056,0.142569608,0.054092370,0.789231624
14,39,211318720,67,0.489894567,0.142569608,0.054092370,0.983539147
8,39,211318720,67,0.494002997,0.142569608,0.054092370,0.996112278
2,39,211318720,67,0.496363065,0.142569608,0.054092370,1.001614805
18,39,211318720,67,0.497332438,0.142569608,0.054092370,1.003228764
11,39,211318720,67,0.555348320,0.142569608,0.054092370,1.062168323
9,39,211318720,67,0.562011941,0.142569608,0.054092370,1.064217177
10,39,211318720,67,0.758908371,0.142569608,0.054092370,1.261556743
12,39,211318720,67,0.773538749,0.142569608,0.054092370,1.286016564
7,39,211318720,67,0.821008808,0.142569608,0.054092370,1.333663459
6,39,211318720,67,0.856613387,0.142569608,0.054092370,1.345234618
3,39,211318720,67,1.067875615,0.142569608,0.054092370,1.373267189
16,39,211318720,67,1.345101545,0.142569608,0.054092370,1.376805179
1,39,211318720,67,1.562845948,0.142569608,0.054092370,1.305109527
4,40,211318720,67,0.114166194,0.142569608,0.004853963,0.289854286
3,40,211318720,67,0.151542328,0.142569608,0.004853963,0.474166619
2,40,211318720,67,0.160117286,0.142569608,0.004853963,0.516813571
13,40,211318720,67,0.201286280,0.142569608,0.004853963,0.695474668
1,40,211318720,67,0.212494739,0.142569608,0.004853963,0.736936189
19,40,211318720,67,0.231552464,0.142569608,0.004853963,0.794041791
15,40,211318720,67,0.236684993,0.142569608,0.004853963,0.805838435
8,40,211318720,67,0.240674095,0.142569608,0.004853963,0.812733393
11,40,211318720,67,0.260743209,0.142569608,0.004853963,0.833304077
7,40,211318720,67,0.294976812,0.142569608,0.004853963,0.877575864
5,40,211318720,67,0.402263847,0.142569608,0.004853963,1.167324239
6,40,211318720,67,0.422451779,0.142569608,0.004853963,1.233849764
18,40,211318720,67,0.459765279,0.142569608,0.004853963,1.351991388
12,40,211318720,67,0.479712491,0.142569608,0.004853963,1.412404801
16,40,211318720,67,0.479916421,0.142569608,0.004853963,1.412886211
17,40,211318720,67,0.489360347,0.142569608,0.004853963,1.428513573
9,40,211318720,67,0.555348320,0.142569608,0.004853963,1.495917854
20,40,211318720,67,0.591796632,0.142569608,0.004853963,1.508965835
14,40,211318720,67,0.733872699,0.142569608,0.004853963,1.555879904
10,40,211318720,67,1.505171246,0.142569608,0.004853963,1.300065074
15,41,211318720,67,0.120652983,0.142569608,0.064343467,0.328512581
12,41,211318720,67,0.163447751,0.142569608,0.064343467,0.542751852
11,41,211318720,67,0.175844454,0.142569608,0.064343467,0.599196024
5,41,211318720,67,0.189672613,0.142569608,0.064343467,0.659477778
6,41,211318720,67,0.204491291,0.142569608,0.064343467,0.714449503
1,41,211318720,67,0.230565321,0.142569608,0.064343467,0.791870341
7,41,211318720,67,0.236684993,0.142569608,0.064343467,0.805826900
8,41,211318720,67,0.241240855,0.142569608,0.064343467,0.813407197
3,41,211318720,67,0.243202909,0.142569608,0.064343467,0.815359255
14,41,211318720,67,0.313984077,0.142569608,0.064343467,0.870974297
18,41,211318720,67,0.407144390,0.142569608,0.064343467,1.029182725
2,41,211318720,67,0.463765996,0.142569608,0.064343467,1.123773568
17,41,211318720,67,0.496363065,0.142569608,0.064343467,1.156779119
4,41,211318720,67,0.499243967,0.142569608,0.064343467,1.157724940
10,41,211318720,67,0.729121023,0.142569608,0.064343467,1.251952840
13,41,211318720,67,0.758908371,0.142569608,0.064343467,1.262068218
16,41,211318720,67,1.142423237,0.142569608,0.064343467,1.363142733
19,41,211318720,67,1.148581697,0.142569608,0.064343467,1.369305753
20,41,211318720,67,1.226677978,0.142569608,0.064343467,1.395339595
9,41,211318720,67,1.238411982,0.142569608,0.064343467,1.391431092
5,42,211318720,67,0.151542328,0.142569608,0.075867929,0.278987598
2,42,211318720,67,0.164021072,0.142569608,0.075867929,0.316597835
20,42,211318720,67,0.180989575,0.142569608,0.075867929,0.356599485
17,42,211318720,67,0.234467470,0.142569608,0.075867929,0.445287210
12,42,211318720,67,0.271224328,0.142569608,0.075867929,0.488425743
16,42,211318720,67,0.277332429,0.142569608,0.075867929,0.494235138
4,42,211318720,67,0.403903668,0.142569608,0.075867929,0.662803020
3,42,211318720,67,0.479916421,0.142569608,0.075867929,0.788902963
13,42,211318720,67,0.481365940,0.142569608,0.075867929,0.790439926
15,42,211318720,67,0.489894567,0.142569608,0.075867929,0.794436335
9,42,211318720,67,0.631062274,0.142569608,0.075867929,0.980315154
8,42,211318720,67,0.645678060,0.142569608,0.075867929,1.004896248
7,42,211318720,67,0.727194083,0.142569608,0.075867929,1.118460163
1,42,211318720,67,0.741574597,0.142569608,0.075867929,1.133437193
19,42,211318720,67,0.821008808,0.142569608,0.075867929,1.160950319
10,42,211318720,67,0.967984072,0.142569608,0.075867929,1.208005780
14,42,211318720,67,1.293796954,0.142569608,0.075867929,1.258349762
18,42,211318720,67,1.345101545,0.142569608,0.075867929,1.276093145
11,42,211318720,67,1.562845948,0.142569608,0.075867929,1.298924236
6,42,211318720,67,2.004665860,0.142569608,0.075867929,1.150895394
4,43,211318720,67,0.156859078,0.142569608,0.087583460,0.087814369
11,43,211318720,67,0.261704016,0.142569608,0.087583460,0.311536476
5,43,211318720,67,0.279384594,0.142569608,0.087583460,0.341502474
17,43,211318720,67,0.297102798,0.142569608,0.087583460,0.359317783
8,43,211318720,67,0.330469564,0.142569608,0.087583460,0.379174955
19,43,211318720,67,0.459765279,0.142569608,0.087583460,0.648958162
7,43,211318720,67,0.473358151,0.142569608,0.087583460,0.672039418
16,43,211318720,67,0.496799554,0.142569608,0.087583460,0.695864163
12,43,211318720,67,0.499243967,0.142569608,0.087583460,0.696718729
10,43,211318720,67,0.655478420,0.142569608,0.087583460,0.825635074
9,43,211318720,67,0.711151880,0.142569608,0.087583460,0.918651657
3,43,211318720,67,0.763735157,0.142569608,0.087583460,0.971290133
14,43,211318720,67,0.790422749,0.142569608,0.087583460,0.981012545
13,43,211318720,67,1.169760915,0.142569608,0.087583460,1.020255820
18,43,211318720,67,1.238411982,0.142569608,0.087583460,1.134854747
20,43,211318720,67,1.293796954,0.142569608,0.087583460,1.189803084
1,43,211318720,67,1.302940102,0.142569608,0.087583460,1.193030227
6,43,211318720,67,1.472313539,0.142569608,0.087583460,1.233655895
2,43,211318720,67,1.677184906,0.142569608,0.087583460,1.261540615
15,43,211318720,67,2.067721695,0.142569608,0.087583460,1.134354984
9,44,211318720,67,0.180989575,0.142569608,0.041203622,0.267270881
18,44,211318720,67,0.208482977,0.142569608,0.041203622,0.331360097
5,44,211318720,67,0.232211245,0.142569608,0.041203622,0.371057860
13,44,211318720,67,0.252307820,0.142569608,0.041203622,0.391482314
11,44,211318720,67,0.271584609,0.142569608,0.041203622,0.397953593
15,44,211318720,67,0.452488274,0.142569608,0.041203622,0.821966696
1,44,211318720,67,0.459765279,0.142569608,0.041203622,0.852719427
19,44,211318720,67,0.481365940,0.142569608,0.041203622,0.931664546
17,44,211318720,67,0.486476637,0.142569608,0.041203622,0.947235076
6,44,211318720,67,0.494002997,0.142569608,0.041203622,0.964549181
4,44,211318720,67,0.505630854,0.142569608,0.041203622,0.984074407
16,44,211318720,67,0.570672550,0.142569608,0.041203622,1.087833515
2,44,211318720,67,0.581521109,0.142569608,0.041203622,1.099251486
10,44,211318720,67,0.655478420,0.142569608,0.041203622,1.161513091
20,44,211318720,67,0.767010536,0.142569608,0.041203622,1.308287159
14,44,211318720,67,0.773538749,0.142569608,0.041203622,1.315041754
7,44,211318720,67,0.856613387,0.142569608,0.041203622,1.342200646
12,44,211318720,67,1.302940102,0.142569608,0.041203622,1.313056510
8,44,211318720,67,1.411737678,0.142569608,0.041203622,1.349327832
3,44,211318720,67,1.442401680,0.142569608,0.041203622,1.339108297
8,45,211318720,67,0.221176057,0.142569608,0.125937328,0.501107927
16,45,211318720,67,0.240674095,0.142569608,0.125937328,0.585338003
10,45,211318720,67,0.241240855,0.142569608,0.125937328,0.587483822
9,45,211318720,67,0.244649358,0.142569608,0.125937328,0.597751678
15,45,211318720,67,0.252307820,0.142569608,0.125937328,0.615860647
5,45,211318720,67,0.280030751,0.142569608,0.125937328,0.672852099
17,45,211318720,67,0.289962109,0.142569608,0.125937328,0.689620484
4,45,211318720,67,0.320264087,0.142569608,0.125937328,0.738143360
2,45,211318720,67,0.407144390,0.142569608,0.125937328,0.968985579
18,45,211318720,67,0.435656761,0.142569608,0.125937328,1.055420926
13,45,211318720,67,0.480370697,0.142569608,0.125937328,1.159372924
6,45,211318720,67,0.484632161,0.142569608,0.125937328,1.166512384
7,45,211318720,67,0.498231948,0.142569608,0.125937328,1.188930565
11,45,211318720,67,0.520203290,0.142569608,0.125937328,1.210648611
20,45,211318720,67,0.627666836,0.142569608,0.125937328,1.246561965
12,45,211318720,67,0.796498422,0.142569608,0.125937328,1.372715305
1,45,211318720,67,0.808229779,0.142569608,0.125937328,1.376850381
3,45,211318720,67,1.285010920,0.142569608,0.125937328,1.317259101
19,45,211318720,67,1.755249417,0.142569608,0.125937328,1.259186611
14,45,211318720,67,2.067721695,0.142569608,0.125937328,1.157074017
15,46,211318720,67,0.121464623,0.142569608,0.044960253,0.161166925
9,46,211318720,67,0.171868971,0.142569608,0.044960253,0.245150308
12,46,211318720,67,0.212135629,0.142569608,0.044960253,0.286166138
6,46,211318720,67,0.236684993,0.142569608,0.044960253,0.302674932
5,46,211318720,67,0.366689858,0.142569608,0.044960253,0.398050724
13,46,211318720,67,0.452488274,0.142569608,0.044960253,0.607653717
10,46,211318720,67,0.489360347,0.142569608,0.044960253,0.693896617
1,46,211318720,67,0.505630854,0.142569608,0.044960253,0.721640675
7,46,211318720,67,0.520203290,0.142569608,0.044960253,0.735889923
2,46,211318720,67,0.570672550,0.142569608,0.044960253,0.783095419
16,46,211318720,67,0.678269687,0.142569608,0.044960253,0.964520951
17,46,211318720,67,0.703481386,0.142569608,0.044960253,1.024320163
3,46,211318720,67,0.767010536,0.142569608,0.044960253,1.131511834
11,46,211318720,67,0.790422749,0.142569608,0.044960253,1.155645784
8,46,211318720,67,0.796498422,0.142569608,0.044960253,1.158131056
14,46,211318720,67,1.067875615,0.142569608,0.044960253,1.206849925
4,46,211318720,67,1.148581697,0.142569608,0.044960253,1.274254708
18,46,211318720,67,1.238411982,0.142569608,0.044960253,1.363309318
19,46,211318720,67,1.285010920,0.142569608,0.044960253,1.378024818
20,46,211318720,67,1.516026422,0.142569608,0.044960253,1.303086530
20,47,211318720,67,0.163447751,0.142569608,0.069216907,0.200085792
7,47,211318720,67,0.204491291,0.142569608,0.069216907,0.269309394
14,47,211318720,67,0.212494739,0.142569608,0.069216907,0.277570194
8,47,211318720,67,0.271584609,0.142569608,0.069216907,0.312049659
6,47,211318720,67,0.397236570,0.142569608,0.069216907,0.551761505
4,47,211318720,67,0.409321724,0.142569608,0.069216907,0.579959934
9,47,211318720,67,0.473358151,0.142569608,0.069216907,0.795560625
12,47,211318720,67,0.484632161,0.142569608,0.069216907,0.842300439
3,47,211318720,67,0.489360347,0.142569608,0.069216907,0.860294105
2,47,211318720,67,0.555348320,0.142569608,0.069216907,1.177828157
17,47,211318720,67,0.564838374,0.142569608,0.069216907,1.219057900
11,47,211318720,67,0.569711265,0.142569608,0.069216907,1.236954040
5,47,211318720,67,0.611091554,0.142569608,0.069216907,1.360482105
15,47,211318720,67,0.619507724,0.142569608,0.069216907,1.380078428
16,47,211318720,67,0.631062274,0.142569608,0.069216907,1.399599799
18,47,211318720,67,0.639394657,0.142569608,0.069216907,1.408181705
19,47,211318720,67,0.643409518,0.142569608,0.069216907,1.409678580
13,47,211318720,67,0.870095545,0.142569608,0.069216907,1.427969013
1,47,211318720,67,1.442401680,0.142569608,0.069216907,1.338040082
10,47,211318720,67,1.562845948,0.142569608,0.069216907,1.297896709
11,48,211318720,67,0.120652983,0.142569608,0.002429034,0.307750998
18,48,211318720,67,0.121464623,0.142569608,0.002429034,0.310753047
12,48,211318720,67,0.151542328,0.142569608,0.002429034,0.410486040
10,48,211318720,67,0.189975787,0.142569608,0.002429034,0.524927032
6,48,211318720,67,0.224973196,0.142569608,0.002429034,0.606261439
3,48,211318720,67,0.244649358,0.142569608,0.002429034,0.638867917
1,48,211318720,67,0.258351971,0.142569608,0.002429034,0.652788530
4,48,211318720,67,0.279384594,0.142569608,0.002429034,0.660304988
2,48,211318720,67,0.452488274,0.142569608,0.002429034,0.955689586
17,48,211318720,67,0.480370697,0.142569608,0.002429034,1.020757745
9,48,211318720,67,0.496799554,0.142569608,0.002429034,1.048391376
14,48,211318720,67,0.498231948,0.142569608,0.002429034,1.049832692
15,48,211318720,67,0.520203290,0.142569608,0.002429034,1.057514921
5,48,211318720,67,0.741574597,0.142569608,0.002429034,1.183764673
20,48,211318720,67,0.790422749,0.142569608,0.002429034,1.232663174
19,48,211318720,67,0.821008808,0.142569608,0.002429034,1.242785583
16,48,211318720,67,1.211169919,0.142569608,0.002429034,1.207123205
7,48,211318720,67,1.502283313,0.142569608,0.002429034,1.205763087
8,48,211318720,67,1.672123490,0.142569608,0.002429034,1.245225485
13,48,211318720,67,2.067721695,0.142569608,0.002429034,1.114127938
14,49,211318720,67,0.163447751,0.142569608,0.001208106,0.260747605
17,49,211318720,67,0.209496986,0.142569608,0.001208106,0.368178811
1,49,211318720,67,0.212494739,0.142569608,0.001208106,0.373378071
18,49,211318720,67,0.240674095,0.142569608,0.001208106,0.401535792
19,49,211318720,67,0.243788411,0.142569608,0.001208106,0.402603911
7,49,211318720,67,0.401365222,0.142569608,0.001208106,0.583063315
20,49,211318720,67,0.402074486,0.142569608,0.001208106,0.583854211
15,49,211318720,67,0.479916421,0.142569608,0.001208106,0.716832040
12,49,211318720,67,0.564838374,0.142569608,0.001208106,1.008370021
13,49,211318720,67,0.570672550,0.142569608,0.001208106,1.026054977
3,49,211318720,67,0.581521109,0.142569608,0.001208106,1.051556223
16,49,211318720,67,0.615280617,0.142569608,0.001208106,1.127538735
9,49,211318720,67,0.628578231,0.142569608,0.001208106,1.154201440
2,49,211318720,67,0.645678060,0.142569608,0.001208106,1.191711757
4,49,211318720,67,0.727194083,0.142569608,0.001208106,1.335356768
8,49,211318720,67,0.763735157,0.142569608,0.001208106,1.420622287
5,49,211318720,67,0.773089545,0.142569608,0.001208106,1.435578198
6,49,211318720,67,0.856613387,0.142569608,0.001208106,1.519383412
11,49,211318720,67,0.870095545,0.142569608,0.001208106,1.523564992
10,49,211318720,67,1.755249417,0.142569608,0.001208106,1.233609266
8,50,211318720,67,0.114166194,0.142569608,0.016724054,0.180715775
6,50,211318720,67,0.204491291,0.142569608,0.016724054,0.493518508
16,50,211318720,67,0.212135629,0.142569608,0.016724054,0.521833448
17,50,211318720,67,0.212494739,0.142569608,0.016724054,0.522945958
5,50,211318720,67,0.225803229,0.142569608,0.016724054,0.554295646
18,50,211318720,67,0.232211245,0.142569608,0.016724054,0.565013408
11,50,211318720,67,0.298832886,0.142569608,0.016724054,0.701417887
1,50,211318720,67,0.330469564,0.142569608,0.016724054,0.775549281
19,50,211318720,67,0.397236570,0.142569608,0.016724054,0.953620785
2,50,211318720,67,0.402074486,0.142569608,0.016724054,0.965218801
4,50,211318720,67,0.422451779,0.142569608,0.016724054,1.010443735
14,50,211318720,67,0.481365940,0.142569608,0.016724054,1.141601239
3,50,211318720,67,0.497332438,0.142569608,0.016724054,1.168336673
20,50,211318720,67,0.548705179,0.142569608,0.016724054,1.220544217
9,50,211318720,67,0.575799394,0.142569608,0.016724054,1.233770137
10,50,211318720,67,0.711151880,0.142569608,0.016724054,1.320427092
15,50,211318720,67,0.790422749,0.142569608,0.016724054,1.347511286
7,50,211318720,67,1.169760915,0.142569608,0.016724054,1.373708303
12,50,211318720,67,1.226677978,0.142569608,0.016724054,1.392422857
13,50,211318720,67,1.502283313,0.142569608,0.016724054,1.300427517
5,51,211318720,67,0.121464623,0.142569608,0.101767719,0.284943504
15,51,211318720,67,0.164021072,0.142569608,0.101767719,0.451365970
1,51,211318720,67,0.189975787,0.142569608,0.101767719,0.546116641
18,51,211318720,67,0.206154434,0.142569608,0.101767719,0.595130303
16,51,211318720,67,0.212135629,0.142569608,0.101767719,0.609434796
11,51,211318720,67,0.224973196,0.142569608,0.101767719,0.631095909
3,51,211318720,67,0.231552464,0.142569608,0.101767719,0.637698154
9,51,211318720,67,0.289962109,0.142569608,0.101767719,0.672654816
13,51,211318720,67,0.409321724,0.142569608,0.101767719,0.860631707
2,51,211318720,67,0.469380687,0.142569608,0.101767719,1.080817098
17,51,211318720,67,0.473358151,0.142569608,0.101767719,1.095760252
20,51,211318720,67,0.496363065,0.142569608,0.101767719,1.164827209
6,51,211318720,67,0.548705179,0.142569608,0.101767719,1.287748209
4,51,211318720,67,0.562011941,0.142569608,0.101767719,1.310266477
14,51,211318720,67,0.569711265,0.142569608,0.101767719,1.318113762
10,51,211318720,67,0.585278571,0.142569608,0.101767719,1.323509671
7,51,211318720,67,0.729121023,0.142569608,0.101767719,1.371896857
12,51,211318720,67,0.870095545,0.142569608,0.101767719,1.457963345
19,51,211318720,67,0.954783595,0.142569608,0.101767719,1.487202564
8,51,211318720,67,1.345101545,0.142569608,0.101767719,1.358458947
19,52,211318720,67,0.201286280,0.142569608,0.009885129,0.207571858
11,52,211318720,67,0.212135629,0.142569608,0.009885129,0.233609672
18,52,211318720,67,0.280030751,0.142569608,0.009885129,0.360428549
20,52,211318720,67,0.313984077,0.142569608,0.009885129,0.453464369
13,52,211318720,67,0.330469564,0.142569608,0.009885129,0.492032140
8,52,211318720,67,0.401365222,0.142569608,0.009885129,0.666974535
5,52,211318720,67,0.422451779,0.142569608,0.009885129,0.716348098
4,52,211318720,67,0.435656761,0.142569608,0.009885129,0.738754474
1,52,211318720,67,0.497332438,0.142569608,0.009885129,0.879460766
3,52,211318720,67,0.505630854,0.142569608,0.009885129,0.904126392
16,52,211318720,67,0.585278571,0.142569608,0.009885129,1.122911001
9,52,211318720,67,0.611091554,0.142569608,0.009885129,1.182604707
14,52,211318720,67,0.615872459,0.142569608,0.009885129,1.190758017
15,52,211318720,67,0.628578231,0.142569608,0.009885129,1.203374956
12,52,211318720,67,0.678269687,0.142569608,0.009885129,1.221142863
6,52,211318720,67,1.211169919,0.142569608,0.009885129,1.298207915
2,52,211318720,67,1.226677978,0.142569608,0.009885129,1.313839314
7,52,211318720,67,1.238411982,0.142569608,0.009885129,1.318227711
17,52,211318720,67,1.677184906,0.142569608,0.009885129,1.267426084
10,52,211318720,67,1.755249417,0.142569608,0.009885129,1.241407427
14,53,211318720,67,0.120652983,0.142569608,0.072083637,0.260207939
15,53,211318720,67,0.151542328,0.142569608,0.072083637,0.353383990
12,53,211318720,67,0.189604911,0.142569608,0.072083637,0.464749629
9,53,211318720,67,0.194298324,0.142569608,0.072083637,0.475545815
8,53,211318720,67,0.231552464,0.142569608,0.072083637,0.538745300
4,53,211318720,67,0.232211245,0.142569608,0.072083637,0.539464926
1,53,211318720,67,0.298832886,0.142569608,0.072083637,0.593678856
17,53,211318720,67,0.403903668,0.142569608,0.072083637,0.698935797
3,53,211318720,67,0.430002133,0.142569608,0.072083637,0.707876062
11,53,211318720,67,0.639394657,0.142569608,0.072083637,1.014587476
10,53,211318720,67,0.643409518,0.142569608,0.072083637,1.023593176
13,53,211318720,67,0.655478420,0.142569608,0.072083637,1.043522893
20,53,211318720,67,0.678269687,0.142569608,0.072083637,1.065756935
18,53,211318720,67,0.733872699,0.142569608,0.072083637,1.084276322
7,53,211318720,67,0.967984072,0.142569608,0.072083637,1.130632800
19,53,211318720,67,1.067875615,0.142569608,0.072083637,1.165735961
16,53,211318720,67,1.285010920,0.142569608,0.072083637,1.317173671
5,53,211318720,67,1.293796954,0.142569608,0.072083637,1.325704819
2,53,211318720,67,1.368193902,0.142569608,0.072083637,1.350454891
6,53,211318720,67,1.502283313,0.142569608,0.072083637,1.305760883
12,54,211318720,67,0.151542328,0.142569608,0.055285174,0.378759502
10,54,211318720,67,0.171868971,0.142569608,0.055285174,0.477088131
13,54,211318720,67,0.203187046,0.142569608,0.055285174,0.612838323
9,54,211318720,67,0.210742206,0.142569608,0.055285174,0.640563333
18,54,211318720,67,0.230565321,0.142569608,0.055285174,0.700313167
2,54,211318720,67,0.243788411,0.142569608,0.055285174,0.730727996
8,54,211318720,67,0.244105060,0.142569608,0.055285174,0.731260605
4,54,211318720,67,0.258390635,0.142569608,0.055285174,0.746039267
7,54,211318720,67,0.298832886,0.142569608,0.055285174,0.803833434
14,54,211318720,67,0.407324411,0.142569608,0.055285174,0.954081363
17,54,211318720,67,0.409321724,0.142569608,0.055285174,0.957407026
1,54,211318720,67,0.499243967,0.142569608,0.055285174,1.163304417
15,54,211318720,67,0.537873555,0.142569608,0.055285174,1.254454513
5,54,211318720,67,0.567346654,0.142569608,0.055285174,1.303819480
19,54,211318720,67,0.575799394,0.142569608,0.055285174,1.312672876
6,54,211318720,67,0.609499617,0.142569608,0.055285174,1.323214244
20,54,211318720,67,0.821008808,0.142569608,0.055285174,1.346012740
11,54,211318720,67,1.368193902,0.142569608,0.055285174,1.306425001
3,54,211318720,67,1.442850200,0.142569608,0.055285174,1.332172315
16,54,211318720,67,1.755249417,0.142569608,0.055285174,1.228317856
2,55,211318720,67,0.201916690,0.142569608,0.011118155,0.547232444
12,55,211318720,67,0.205397570,0.142569608,0.011118155,0.562216577
14,55,211318720,67,0.212135629,0.142569608,0.011118155,0.587289039
18,55,211318720,67,0.230472108,0.142569608,0.011118155,0.642603030
16,55,211318720,67,0.234467470,0.142569608,0.011118155,0.652027053
3,55,211318720,67,0.243202909,0.142569608,0.011118155,0.666485849
1,55,211318720,67,0.244105060,0.142569608,0.011118155,0.667376594
15,55,211318720,67,0.294976812,0.142569608,0.011118155,0.707322737
4,55,211318720,67,0.403903668,0.142569608,0.011118155,0.882617495
17,55,211318720,67,0.452488274,0.142569608,0.011118155,1.020122223
20,55,211318720,67,0.489360347,0.142569608,0.011118155,1.144644221
5,55,211318720,67,0.489894567,0.142569608,0.011118155,1.146222691
6,55,211318720,67,0.555348320,0.142569608,0.011118155,1.326744323
11,55,211318720,67,0.569711265,0.142569608,0.011118155,1.360193761
19,55,211318720,67,0.575799394,0.142569608,0.011118155,1.370357464
9,55,211318720,67,0.611091554,0.142569608,0.011118155,1.406384122
7,55,211318720,67,0.655478420,0.142569608,0.011118155,1.448853826
13,55,211318720,67,0.758908371,0.142569608,0.011118155,1.552761992
8,55,211318720,67,0.796498422,0.142569608,0.011118155,1.565062018
10,55,211318720,67,1.399229128,0.142569608,0.011118155,1.363491593
3,56,211318720,67,0.143246377,0.142569608,0.032623548,0.350360637
6,56,211318720,67,0.180989575,0.142569608,0.032623548,0.539346123
17,56,211318720,67,0.189604911,0.142569608,0.032623548,0.576603889
10,56,211318720,67,0.204491291,0.142569608,0.032623548,0.630966707
19,56,211318720,67,0.221176057,0.142569608,0.032623548,0.681076401
2,56,211318720,67,0.234467470,0.142569608,0.032623548,0.711601339
18,56,211318720,67,0.243202909,0.142569608,0.032623548,0.726190532
8,56,211318720,67,0.279384594,0.142569608,0.032623548,0.762658641
9,56,211318720,67,0.280030751,0.142569608,0.032623548,0.762943435
20,56,211318720,67,0.489360347,0.142569608,0.032623548,0.934029817
15,56,211318720,67,0.494002997,0.142569608,0.032623548,0.938497534
14,56,211318720,67,0.555348320,0.142569608,0.032623548,0.959676099
13,56,211318720,67,0.733872699,0.142569608,0.032623548,1.122602817
11,56,211318720,67,0.758908371,0.142569608,0.032623548,1.180221184
7,56,211318720,67,0.821008808,0.142569608,0.032623548,1.285153960
16,56,211318720,67,0.856613387,0.142569608,0.032623548,1.342468446
1,56,211318720,67,0.876017721,0.142569608,0.032623548,1.361140984
12,56,211318720,67,0.967984072,0.142569608,0.032623548,1.391929847
5,56,211318720,67,1.472313539,0.142569608,0.032623548,1.319240581
4,56,211318720,67,1.505171246,0.142569608,0.032623548,1.308290018
10,57,211318720,67,0.120652983,0.142569608,0.016811518,0.170398859
3,57,211318720,67,0.171868971,0.142569608,0.016811518,0.284515020
1,57,211318720,67,0.210742206,0.142569608,0.016811518,0.363894663
5,57,211318720,67,0.224973196,0.142569608,0.016811518,0.387717382
11,57,211318720,67,0.271584609,0.142569608,0.016811518,0.434736100
8,57,211318720,67,0.330469564,0.142569608,0.016811518,0.476012085
9,57,211318720,67,0.452488274,0.142569608,0.016811518,0.693645047
4,57,211318720,67,0.459765279,0.142569608,0.016811518,0.706354160
19,57,211318720,67,0.479916421,0.142569608,0.016811518,0.734929042
12,57,211318720,67,0.569711265,0.142569608,0.016811518,0.874198359
16,57,211318720,67,0.611091554,0.142569608,0.016811518,0.960566038
13,57,211318720,67,0.639394657,0.142569608,0.016811518,1.008042538
18,57,211318720,67,0.710298778,0.142569608,0.016811518,1.079192879
6,57,211318720,67,0.729121023,0.142569608,0.016811518,1.085091943
20,57,211318720,67,1.067875615,0.142569608,0.016811518,1.068328388
15,57,211318720,67,1.368193902,0.142569608,0.016811518,1.182683363
7,57,211318720,67,1.399229128,0.142569608,0.016811518,1.214495145
2,57,211318720,67,1.442401680,0.142569608,0.016811518,1.245050519
14,57,211318720,67,1.562845948,0.142569608,0.016811518,1.285040083
17,57,211318720,67,1.677184906,0.142569608,0.016811518,1.246932431
7,58,211318720,67,0.114166194,0.142569608,0.017744333,0.194614749
6,58,211318720,67,0.143246377,0.142569608,0.017744333,0.263555851
12,58,211318720,67,0.171868971,0.142569608,0.017744333,0.311378100
20,58,211318720,67,0.240674095,0.142569608,0.017744333,0.380583346
11,58,211318720,67,0.252307820,0.142569608,0.017744333,0.384354085
4,58,211318720,67,0.401365222,0.142569608,0.017744333,0.715241567
3,58,211318720,67,0.425918639,0.142569608,0.017744333,0.817867837
10,58,211318720,67,0.459765279,0.142569608,0.017744333,0.942057135
17,58,211318720,67,0.469380687,0.142569608,0.017744333,0.970891469
18,58,211318720,67,0.480370697,0.142569608,0.017744333,1.001896154
9,58,211318720,67,0.499243967,0.142569608,0.017744333,1.046154292
16,58,211318720,67,0.505630854,0.142569608,0.017744333,1.056761520
8,58,211318720,67,0.548705179,0.142569608,0.017744333,1.100001984
19,58,211318720,67,0.615280617,0.142569608,0.017744333,1.174027632
2,58,211318720,67,0.711151880,0.142569608,0.017744333,1.391133620
15,58,211318720,67,0.727194083,0.142569608,0.017744333,1.426511942
1,58,211318720,67,0.758908371,0.142569608,0.017744333,1.479480350
5,58,211318720,67,0.767010536,0.142569608,0.017744333,1.487719428
14,58,211318720,67,0.856613387,0.142569608,0.017744333,1.517994622
13,58,211318720,67,1.442401680,0.142569608,0.017744333,1.323841038
15,59,211318720,67,0.114166194,0.142569608,0.011214114,0.062711996
12,59,211318720,67,0.232211245,0.142569608,0.011214114,0.296849889
9,59,211318720,67,0.261704016,0.142569608,0.011214114,0.346377147
4,59,211318720,67,0.277332429,0.142569608,0.011214114,0.369999516
5,59,211318720,67,0.294976812,0.142569608,0.011214114,0.387719643
1,59,211318720,67,0.407324411,0.142569608,0.011214114,0.671977348
2,59,211318720,67,0.459765279,0.142569608,0.011214114,0.840596375
14,59,211318720,67,0.469380687,0.142569608,0.011214114,0.869533674
18,59,211318720,67,0.479712491,0.142569608,0.011214114,0.893020493
17,59,211318720,67,0.481365940,0.142569608,0.011214114,0.895884270
3,59,211318720,67,0.489360347,0.142569608,0.011214114,0.909092607
8,59,211318720,67,0.585278571,0.142569608,0.011214114,1.086237706
20,59,211318720,67,0.627666836,0.142569608,0.011214114,1.156064199
19,59,211318720,67,0.628578231,0.142569608,0.011214114,1.156873337
11,59,211318720,67,0.703481386,0.142569608,0.011214114,1.293701265
6,59,211318720,67,0.773089545,0.142569608,0.011214114,1.455559308
13,59,211318720,67,0.790422749,0.142569608,0.011214114,1.485049537
10,59,211318720,67,0.808229779,0.142569608,0.011214114,1.503619735
16,59,211318720,67,0.848876883,0.142569608,0.011214114,1.516887753
7,59,211318720,67,1.562845948,0.142569608,0.011214114,1.278293086
5,60,211318720,67,0.120652983,0.142569608,0.038622912,0.335491749
16,60,211318720,67,0.189975787,0.142569608,0.038622912,0.722641248
7,60,211318720,67,0.197639146,0.142569608,0.038622912,0.761265110
20,60,211318720,67,0.198160521,0.142569608,0.038622912,0.763536908
19,60,211318720,67,0.201286280,0.142569608,0.038622912,0.774880511
9,60,211318720,67,0.201916690,0.142569608,0.038622912,0.776803139
8,60,211318720,67,0.210742206,0.142569608,0.038622912,0.797808769
13,60,211318720,67,0.230472108,0.142569608,0.038622912,0.830903000
2,60,211318720,67,0.242157230,0.142569608,0.038622912,0.842738705
3,60,211318720,67,0.271224328,0.142569608,0.038622912,0.859119756
18,60,211318720,67,0.403903668,0.142569608,0.038622912,0.953784927
12,60,211318720,67,0.496799554,0.142569608,0.038622912,1.091828977
6,60,211318720,67,0.520203290,0.142569608,0.038622912,1.120504253
1,60,211318720,67,0.570672550,0.142569608,0.038622912,1.178933572
4,60,211318720,67,0.655478420,0.142569608,0.038622912,1.393631888
14,60,211318720,67,0.703481386,0.142569608,0.038622912,1.506200595
17,60,211318720,67,0.711151880,0.142569608,0.038622912,1.519455007
15,60,211318720,67,0.727194083,0.142569608,0.038622912,1.535281210
11,60,211318720,67,0.758908371,0.142569608,0.038622912,1.545625243
10,60,211318720,67,1.302940102,0.142569608,0.038622912,1.362776751
15,61,211318720,67,0.180989575,0.142569608,0.007588090,0.371698279
8,61,211318720,67,0.205397570,0.142569608,0.007588090,0.444716167
9,61,211318720,67,0.210742206,0.142569608,0.007588090,0.457208349
12,61,211318720,67,0.231552464,0.142569608,0.007588090,0.496981111
10,61,211318720,67,0.240674095,0.142569608,0.007588090,0.512318739
13,61,211318720,67,0.243202909,0.142569608,0.007588090,0.514801541
17,61,211318720,67,0.366689858,0.142569608,0.007588090,0.713623809
19,61,211318720,67,0.407144390,0.142569608,0.007588090,0.800546305
16,61,211318720,67,0.430002133,0.142569608,0.007588090,0.843221104
1,61,211318720,67,0.452488274,0.142569608,0.007588090,0.895565304
3,61,211318720,67,0.520203290,0.142569608,0.007588090,1.044844423
11,61,211318720,67,0.567346654,0.142569608,0.007588090,1.144317368
7,61,211318720,67,0.570672550,0.142569608,0.007588090,1.149875998
4,61,211318720,67,0.609499617,0.142569608,0.007588090,1.188707855
18,61,211318720,67,0.678269687,0.142569608,0.007588090,1.231415059
14,61,211318720,67,0.790422749,0.142569608,0.007588090,1.267759579
5,61,211318720,67,0.966696729,0.142569608,0.007588090,1.304799547
20,61,211318720,67,1.293796954,0.142569608,0.007588090,1.293269598
2,61,211318720,67,1.442850200,0.142569608,0.007588090,1.338624263
6,61,211318720,67,1.472313539,0.142569608,0.007588090,1.328806585
2,62,211318720,67,0.201916690,0.142569608,0.069157198,0.345217119
19,62,211318720,67,0.205397570,0.142569608,0.069157198,0.355532249
6,62,211318720,67,0.242157230,0.142569608,0.069157198,0.441789358
5,62,211318720,67,0.244649358,0.142569608,0.069157198,0.446164949
1,62,211318720,67,0.271224328,0.142569608,0.069157198,0.472806576
10,62,211318720,67,0.313984077,0.142569608,0.069157198,0.486819130
11,62,211318720,67,0.489894567,0.142569608,0.069157198,0.879843872
14,62,211318720,67,0.494002997,0.142569608,0.069157198,0.895122851
16,62,211318720,67,0.497332438,0.142569608,0.069157198,0.904997905
15,62,211318720,67,0.520203290,0.142569608,0.069157198,0.957895058
17,62,211318720,67,0.537873555,0.142569608,0.069157198,0.987030363
7,62,211318720,67,0.585278571,0.142569608,0.069157198,1.033525614
4,62,211318720,67,0.627666836,0.142569608,0.069157198,1.103989494
18,62,211318720,67,0.727194083,0.142569608,0.069157198,1.321308578
13,62,211318720,67,0.729121023,0.142569608,0.069157198,1.324658065
20,62,211318720,67,0.773538749,0.142569608,0.069157198,1.368618651
9,62,211318720,67,0.790422749,0.142569608,0.069157198,1.374596167
8,62,211318720,67,1.148581697,0.142569608,0.069157198,1.396204465
12,62,211318720,67,1.226677978,0.142569608,0.069157198,1.421050130
3,62,211318720,67,1.755249417,0.142569608,0.069157198,1.246835612
11,63,211318720,67,0.201916690,0.142569608,0.037193444,0.401836691
6,63,211318720,67,0.212135629,0.142569608,0.037193444,0.432318445
10,63,211318720,67,0.225803229,0.142569608,0.037193444,0.464431622
14,63,211318720,67,0.234467470,0.142569608,0.037193444,0.478705407
2,63,211318720,67,0.241240855,0.142569608,0.037193444,0.485388533
9,63,211318720,67,0.279384594,0.142569608,0.037193444,0.511216010
7,63,211318720,67,0.403903668,0.142569608,0.037193444,0.746175153
1,63,211318720,67,0.459765279,0.142569608,0.037193444,0.876786964
8,63,211318720,67,0.463765996,0.142569608,0.037193444,0.883659911
16,63,211318720,67,0.480370697,0.142569608,0.037193444,0.908632498
18,63,211318720,67,0.489360347,0.142569608,0.037193444,0.917166573
13,63,211318720,67,0.611091554,0.142569608,0.037193444,1.087653763
15,63,211318720,67,0.645678060,0.142569608,0.037193444,1.122380515
5,63,211318720,67,0.668732790,0.142569608,0.037193444,1.131032099
3,63,211318720,67,0.876017721,0.142569608,0.037193444,1.199288554
4,63,211318720,67,0.954783595,0.142569608,0.037193444,1.244630032
19,63,211318720,67,1.067875615,0.142569608,0.037193444,1.282733667
20,63,211318720,67,1.211169919,0.142569608,0.037193444,1.329483440
12,63,211318720,67,1.368193902,0.142569608,0.037193444,1.371975804
17,63,211318720,67,1.399229128,0.142569608,0.037193444,1.361633322
3,64,211318720,67,0.114166194,0.142569608,0.021157028,0.172621510
6,64,211318720,67,0.171868971,0.142569608,0.021157028,0.330923515
7,64,211318720,67,0.205397570,0.142569608,0.021157028,0.432149546
12,64,211318720,67,0.221176057,0.142569608,0.021157028,0.468890421
9,64,211318720,67,0.244105060,0.142569608,0.021157028,0.506387535
15,64,211318720,67,0.279384594,0.142569608,0.021157028,0.581198131
13,64,211318720,67,0.313984077,0.142569608,0.021157028,0.662205515
8,64,211318720,67,0.397236570,0.142569608,0.021157028,0.823191201
18,64,211318720,67,0.402074486,0.142569608,0.021157028,0.831568495
2,64,211318720,67,0.407144390,0.142569608,0.021157028,0.836806953
11,64,211318720,67,0.505630854,0.142569608,0.021157028,1.021642677
5,64,211318720,67,0.564838374,0.142569608,0.021157028,1.140657846
14,64,211318720,67,0.570672550,0.142569608,0.021157028,1.150597039
10,64,211318720,67,0.581521109,0.142569608,0.021157028,1.161488012
1,64,211318720,67,0.678269687,0.142569608,0.021157028,1.328670874
4,64,211318720,67,0.727194083,0.142569608,0.021157028,1.409453320
17,64,211318720,67,0.758908371,0.142569608,0.021157028,1.461764430
16,64,211318720,67,0.773538749,0.142569608,0.021157028,1.476788294
19,64,211318720,67,0.870095545,0.142569608,0.021157028,1.509359457
20,64,211318720,67,1.755249417,0.142569608,0.021157028,1.220362269
18,65,211318720,67,0.120652983,0.142569608,0.022301259,0.314638768
20,65,211318720,67,0.160117286,0.142569608,0.022301259,0.516825727
11,65,211318720,67,0.171868971,0.142569608,0.022301259,0.575997822
12,65,211318720,67,0.175844454,0.142569608,0.022301259,0.593361276
4,65,211318720,67,0.197639146,0.142569608,0.022301259,0.673753275
6,65,211318720,67,0.231552464,0.142569608,0.022301259,0.776321033
15,65,211318720,67,0.244649358,0.142569608,0.022301259,0.807270548
3,65,211318720,67,0.260743209,0.142569608,0.022301259,0.833243185
1,65,211318720,67,0.261704016,0.142569608,0.022301259,0.834489912
2,65,211318720,67,0.294976812,0.142569608,0.022301259,0.869565161
14,65,211318720,67,0.403903668,0.142569608,0.022301259,1.018972468
5,65,211318720,67,0.435656761,0.142569608,0.022301259,1.055636353
17,65,211318720,67,0.486476637,0.142569608,0.022301259,1.140544055
13,65,211318720,67,0.570672550,0.142569608,0.022301259,1.382572117
8,65,211318720,67,0.591796632,0.142569608,0.022301259,1.432144744
10,65,211318720,67,0.615872459,0.142569608,0.022301259,1.473045224
7,65,211318720,67,0.628578231,0.142569608,0.022301259,1.485978583
16,65,211318720,67,0.643409518,0.142569608,0.022301259,1.490898817
19,65,211318720,67,1.142423237,0.142569608,0.022301259,1.420547167
9,65,211318720,67,1.238411982,0.142569608,0.022301259,1.388553973
15,66,211318720,67,0.156859078,0.142569608,0.048076686,0.237957975
18,66,211318720,67,0.171868971,0.142569608,0.048076686,0.273439750
12,66,211318720,67,0.189975787,0.142569608,0.048076686,0.305029611
16,66,211318720,67,0.271584609,0.142569608,0.048076686,0.459365763
1,66,211318720,67,0.277332429,0.142569608,0.048076686,0.472062287
7,66,211318720,67,0.330469564,0.142569608,0.048076686,0.595307637
2,66,211318720,67,0.401365222,0.142569608,0.048076686,0.745394078
10,66,211318720,67,0.402263847,0.142569608,0.048076686,0.746858141
20,66,211318720,67,0.422451779,0.142569608,0.048076686,0.767029075
17,66,211318720,67,0.496363065,0.142569608,0.048076686,0.959031726
8,66,211318720,67,0.567346654,0.142569608,0.048076686,1.125753856
9,66,211318720,67,0.569711265,0.142569608,0.048076686,1.129663947
5,66,211318720,67,0.577750989,0.142569608,0.048076686,1.137973857
19,66,211318720,67,0.591796632,0.142569608,0.048076686,1.142488987
13,66,211318720,67,0.808229779,0.142569608,0.048076686,1.164949934
14,66,211318720,67,0.954783595,0.142569608,0.048076686,1.213182299
4,66,211318720,67,1.368193902,0.142569608,0.048076686,1.221424088
11,66,211318720,67,1.442850200,0.142569608,0.048076686,1.296317932
3,66,211318720,67,1.505171246,0.142569608,0.048076686,1.316491919
6,66,211318720,67,1.755249417,0.142569608,0.048076686,1.233212043
19,67,211318720,67,0.120652983,0.142569608,0.016129045,0.196603008
11,67,211318720,67,0.163447751,0.142569608,0.016129045,0.324781048
5,67,211318720,67,0.212135629,0.142569608,0.016129045,0.454690234
8,67,211318720,67,0.214696194,0.142569608,0.016129045,0.460802163
1,67,211318720,67,0.242157230,0.142569608,0.016129045,0.506568644
3,67,211318720,67,0.261704016,0.142569608,0.016129045,0.525769315
13,67,211318720,67,0.330469564,0.142569608,0.016129045,0.605918624
16,67,211318720,67,0.407144390,0.142569608,0.016129045,0.755208950
2,67,211318720,67,0.452488274,0.142569608,0.016129045,0.861790069
18,67,211318720,67,0.494002997,0.142569608,0.016129045,0.944798706
14,67,211318720,67,0.497332438,0.142569608,0.016129045,0.950506697
10,67,211318720,67,0.548705179,0.142569608,0.016129045,1.001739813
17,67,211318720,67,0.615280617,0.142569608,0.016129045,1.061479153
20,67,211318720,67,0.703481386,0.142569608,0.016129045,1.175709314
15,67,211318720,67,0.773089545,0.142569608,0.016129045,1.271004440
4,67,211318720,67,0.790422749,0.142569608,0.016129045,1.288196968
6,67,211318720,67,0.876017721,0.142569608,0.016129045,1.359705281
12,67,211318720,67,0.954783595,0.142569608,0.016129045,1.385480603
7,67,211318720,67,1.404552817,0.142569608,0.016129045,1.332788393
9,67,211318720,67,1.516026422,0.142569608,0.016129045,1.295635438
2,68,211318720,67,0.120652983,0.142569608,0.046313297,0.201393625
18,68,211318720,67,0.156859078,0.142569608,0.046313297,0.334616045
17,68,211318720,67,0.225803229,0.142569608,0.046313297,0.542813561
1,68,211318720,67,0.232211245,0.142569608,0.046313297,0.557867202
13,68,211318720,67,0.236408325,0.142569608,0.046313297,0.565028632
9,68,211318720,67,0.243788411,0.142569608,0.046313297,0.572255556
15,68,211318720,67,0.252307820,0.142569608,0.046313297,0.575314802
20,68,211318720,67,0.436974056,0.142569608,0.046313297,0.928172011
19,68,211318720,67,0.478728149,0.142569608,0.046313297,1.083906390
3,68,211318720,67,0.480370697,0.142569608,0.046313297,1.090062644
11,68,211318720,67,0.481365940,0.142569608,0.046313297,1.093008134
12,68,211318720,67,0.486476637,0.142569608,0.046313297,1.105054421
4,68,211318720,67,0.505630854,0.142569608,0.046313297,1.136597973
16,68,211318720,67,0.567346654,0.142569608,0.046313297,1.199348760
14,68,211318720,67,0.619507724,0.142569608,0.046313297,1.250477799
6,68,211318720,67,0.711151880,0.142569608,0.046313297,1.357067445
5,68,211318720,67,0.773538749,0.142569608,0.046313297,1.418773624
10,68,211318720,67,0.821008808,0.142569608,0.046313297,1.434069698
8,68,211318720,67,0.966696729,0.142569608,0.046313297,1.480832367
7,68,211318720,67,1.442401680,0.142569608,0.046313297,1.323553729
18,69,211318720,67,0.194298324,0.142569608,0.068872586,0.563320165
11,69,211318720,67,0.200231803,0.142569608,0.068872586,0.589137321
13,69,211318720,67,0.201286280,0.142569608,0.068872586,0.593131679
15,69,211318720,67,0.223586538,0.142569608,0.068872586,0.659490336
9,69,211318720,67,0.225803229,0.142569608,0.068872586,0.664864361
10,69,211318720,67,0.231552464,0.142569608,0.068872586,0.674963851
5,69,211318720,67,0.241240855,0.142569608,0.068872586,0.684527956
14,69,211318720,67,0.261704016,0.142569608,0.068872586,0.694032529
12,69,211318720,67,0.401365222,0.142569608,0.068872586,0.854876472
7,69,211318720,67,0.478728149,0.142569608,0.068872586,1.116390452
16,69,211318720,67,0.489894567,0.142569608,0.068872586,1.149729303
1,69,211318720,67,0.496799554,0.142569608,0.068872586,1.165332262
19,69,211318720,67,0.537873555,0.142569608,0.068872586,1.250069130
20,69,211318720,67,0.555348320,0.142569608,0.068872586,1.278958755
2,69,211318720,67,0.567346654,0.142569608,0.068872586,1.290968622
17,69,211318720,67,0.655478420,0.142569608,0.068872586,1.404140799
6,69,211318720,67,0.711151880,0.142569608,0.068872586,1.482356285
4,69,211318720,67,0.758908371,0.142569608,0.068872586,1.529979596
3,69,211318720,67,0.821008808,0.142569608,0.068872586,1.550198652
8,69,211318720,67,1.142423237,0.142569608,0.068872586,1.442127991
10,70,211318720,67,0.143246377,0.142569608,0.124575466,0.394445715
6,70,211318720,67,0.163447751,0.142569608,0.124575466,0.468318829
9,70,211318720,67,0.175844454,0.142569608,0.124575466,0.505738943
20,70,211318720,67,0.198160521,0.142569608,0.124575466,0.557102323
14,70,211318720,67,0.209817303,0.142569608,0.124575466,0.576053078
3,70,211318720,67,0.212135629,0.142569608,0.124575466,0.578396078
17,70,211318720,67,0.236408325,0.142569608,0.124575466,0.586223214
16,70,211318720,67,0.397236570,0.142569608,0.124575466,0.960405865
5,70,211318720,67,0.401365222,0.142569608,0.124575466,0.972790198
2,70,211318720,67,0.409321724,0.142569608,0.124575466,0.991239768
13,70,211318720,67,0.425918639,0.142569608,0.124575466,1.018082862
4,70,211318720,67,0.478728149,0.142569608,0.124575466,1.072460823
19,70,211318720,67,0.484632161,0.142569608,0.124575466,1.074675409
7,70,211318720,67,0.655478420,0.142569608,0.124575466,1.192810224
8,70,211318720,67,0.733872699,0.142569608,0.124575466,1.271693862
1,70,211318720,67,0.741574597,0.142569608,0.124575466,1.274337236
15,70,211318720,67,0.954783595,0.142569608,0.124575466,1.298879836
12,70,211318720,67,1.211169919,0.142569608,0.124575466,1.395787982
18,70,211318720,67,1.226677978,0.142569608,0.124575466,1.401238608
11,70,211318720,67,1.755249417,0.142569608,0.124575466,1.223251525
20,71,211318720,67,0.200231803,0.142569608,0.036670566,0.315458949
1,71,211318720,67,0.243202909,0.142569608,0.036670566,0.444068592
11,71,211318720,67,0.252307820,0.142569608,0.036670566,0.465231456
6,71,211318720,67,0.261704016,0.142569608,0.036670566,0.481096446
9,71,211318720,67,0.277332429,0.142569608,0.036670566,0.504982254
4,71,211318720,67,0.279384594,0.142569608,0.036670566,0.507187223
3,71,211318720,67,0.407324411,0.142569608,0.036670566,0.820182010
8,71,211318720,67,0.422451779,0.142569608,0.036670566,0.866096113
7,71,211318720,67,0.459765279,0.142569608,0.036670566,0.998010779
15,71,211318720,67,0.484632161,0.142569608,0.036670566,1.071679291
2,71,211318720,67,0.489360347,0.142569608,0.036670566,1.083321043
14,71,211318720,67,0.489894567,0.142569608,0.036670566,1.084668003
16,71,211318720,67,0.567346654,0.142569608,0.036670566,1.279318585
18,71,211318720,67,0.570672550,0.142569608,0.036670566,1.286875131
17,71,211318720,67,0.631062274,0.142569608,0.036670566,1.387836864
19,71,211318720,67,0.643409518,0.142569608,0.036670566,1.399866123
12,71,211318720,67,0.678269687,0.142569608,0.036670566,1.427471713
10,71,211318720,67,0.796498422,0.142569608,0.036670566,1.467357988
5,71,211318720,67,1.442401680,0.142569608,0.036670566,1.348979511
13,71,211318720,67,1.677184906,0.142569608,0.036670566,1.270431585
11,72,211318720,67,0.114166194,0.142569608,0.003413126,0.169365464
17,72,211318720,67,0.189975787,0.142569608,0.003413126,0.408085379
16,72,211318720,67,0.203187046,0.142569608,0.003413126,0.447978791
18,72,211318720,67,0.221176057,0.142569608,0.003413126,0.489941199
5,72,211318720,67,0.243202909,0.142569608,0.003413126,0.527116838
9,72,211318720,67,0.243788411,0.142569608,0.003413126,0.527740217
6,72,211318720,67,0.313984077,0.142569608,0.003413126,0.586545701
19,72,211318720,67,0.402263847,0.142569608,0.003413126,0.801647784
13,72,211318720,67,0.479712491,0.142569608,0.003413126,1.034279420
20,72,211318720,67,0.481365940,0.142569608,0.003413126,1.038053303
3,72,211318720,67,0.489360347,0.142569608,0.003413126,1.053756371
14,72,211318720,67,0.496363065,0.142569608,0.003413126,1.065640585
7,72,211318720,67,0.499243967,0.142569608,0.003413126,1.068605375
2,72,211318720,67,0.628578231,0.142569608,0.003413126,1.280704573
1,72,211318720,67,0.643409518,0.142569608,0.003413126,1.304482540
10,72,211318720,67,0.645678060,0.142569608,0.003413126,1.306859014
8,72,211318720,67,0.773089545,0.142569608,0.003413126,1.410868024
12,72,211318720,67,0.821008808,0.142569608,0.003413126,1.426235804
4,72,211318720,67,0.967984072,0.142569608,0.003413126,1.473004694
15,72,211318720,67,1.238411982,0.142569608,0.003413126,1.382921657
17,73,211318720,67,0.121464623,0.142569608,0.058929469,0.214973703
8,73,211318720,67,0.160117286,0.142569608,0.058929469,0.331637753
15,73,211318720,67,0.208482977,0.142569608,0.058929469,0.444696762
3,73,211318720,67,0.209496986,0.142569608,0.058929469,0.446489135
6,73,211318720,67,0.241240855,0.142569608,0.058929469,0.478368843
12,73,211318720,67,0.252307820,0.142569608,0.058929469,0.481360916
10,73,211318720,67,0.494002997,0.142569608,0.058929469,0.696062823
4,73,211318720,67,0.537873555,0.142569608,0.058929469,0.863220530
2,73,211318720,67,0.562011941,0.142569608,0.058929469,0.951983150
16,73,211318720,67,0.577750989,0.142569608,0.058929469,0.999467948
18,73,211318720,67,0.591796632,0.142569608,0.058929469,1.036944064
14,73,211318720,67,0.611091554,0.142569608,0.058929469,1.082128284
1,73,211318720,67,0.639394657,0.142569608,0.058929469,1.129218970
5,73,211318720,67,0.668732790,0.142569608,0.058929469,1.159265335
9,73,211318720,67,0.727194083,0.142569608,0.058929469,1.177511147
19,73,211318720,67,0.967984072,0.142569608,0.058929469,1.194348659
13,73,211318720,67,1.211169919,0.142569608,0.058929469,1.292930735
11,73,211318720,67,1.226677978,0.142569608,0.058929469,1.298148480
20,73,211318720,67,1.404552817,0.142569608,0.058929469,1.336472763
7,73,211318720,67,1.505171246,0.142569608,0.058929469,1.302937160
19,74,211318720,67,0.204491291,0.142569608,0.048545994,0.239655447
7,74,211318720,67,0.244649358,0.142569608,0.048545994,0.333379318
16,74,211318720,67,0.279384594,0.142569608,0.048545994,0.408206469
17,74,211318720,67,0.280030751,0.142569608,0.048545994,0.409332646
9,74,211318720,67,0.294976812,0.142569608,0.048545994,0.439189200
13,74,211318720,67,0.397236570,0.142569608,0.048545994,0.687557456
14,74,211318720,67,0.422451779,0.142569608,0.048545994,0.746516308
20,74,211318720,67,0.430002133,0.142569608,0.048545994,0.759040605
4,74,211318720,67,0.469380687,0.142569608,0.048545994,0.820046314
12,74,211318720,67,0.494002997,0.142569608,0.048545994,0.880047191
10,74,211318720,67,0.581521109,0.142569608,0.048545994,1.115252284
1,74,211318720,67,0.609499617,0.142569608,0.048545994,1.207825352
5,74,211318720,67,0.615872459,0.142569608,0.048545994,1.226976147
8,74,211318720,67,0.628578231,0.142569608,0.048545994,1.257136561
15,74,211318720,67,0.678269687,0.142569608,0.048545994,1.340289928
6,74,211318720,67,0.729121023,0.142569608,0.048545994,1.390684758
11,74,211318720,67,0.733872699,0.142569608,0.048545994,1.392507474
18,74,211318720,67,1.368193902,0.142569608,0.048545994,1.321383180
2,74,211318720,67,1.442850200,0.142569608,0.048545994,1.347782443
3,74,211318720,67,1.672123490,0.142569608,0.048545994,1.271188992
15,75,211318720,67,0.143246377,0.142569608,0.033766821,0.308763409
1,75,211318720,67,0.160117286,0.142569608,0.033766821,0.379423608
3,75,211318720,67,0.171868971,0.142569608,0.033766821,0.423116982
5,75,211318720,67,0.216898661,0.142569608,0.033766821,0.558778611
7,75,211318720,67,0.236408325,0.142569608,0.033766821,0.604469030
11,75,211318720,67,0.261704016,0.142569608,0.033766821,0.646470051
14,75,211318720,67,0.277332429,0.142569608,0.033766821,0.661554739
4,75,211318720,67,0.289962109,0.142569608,0.033766821,0.665717444
8,75,211318720,67,0.489360347,0.142569608,0.033766821,0.993212465
10,75,211318720,67,0.494002997,0.142569608,0.033766821,1.010280172
17,75,211318720,67,0.496799554,0.142569608,0.033766821,1.018733720
20,75,211318720,67,0.567346654,0.142569608,0.033766821,1.184208670
13,75,211318720,67,0.575799394,0.142569608,0.033766821,1.202990991
12,75,211318720,67,0.577750989,0.142569608,0.033766821,1.206261625
19,75,211318720,67,0.628578231,0.142569608,0.033766821,1.256303524
6,75,211318720,67,0.711151880,0.142569608,0.033766821,1.303691819
2,75,211318720,67,0.821008808,0.142569608,0.033766821,1.418907527
16,75,211318720,67,0.856613387,0.142569608,0.033766821,1.454481023
18,75,211318720,67,0.954783595,0.142569608,0.033766821,1.488751475
9,75,211318720,67,1.442401680,0.142569608,0.033766821,1.328794358
15,76,211318720,67,0.143246377,0.142569608,0.034081634,0.533247461
10,76,211318720,67,0.164021072,0.142569608,0.034081634,0.655931086
13,76,211318720,67,0.175844454,0.142569608,0.034081634,0.722834791
20,76,211318720,67,0.180989575,0.142569608,0.034081634,0.748550659
11,76,211318720,67,0.194298324,0.142569608,0.034081634,0.806349952
3,76,211318720,67,0.210742206,0.142569608,0.034081634,0.866618777
4,76,211318720,67,0.223586538,0.142569608,0.034081634,0.905196738
9,76,211318720,67,0.230472108,0.142569608,0.034081634,0.921469472
2,76,211318720,67,0.230565321,0.142569608,0.034081634,0.921636262
1,76,211318720,67,0.236684993,0.142569608,0.034081634,0.928004952
19,76,211318720,67,0.298832886,0.142569608,0.034081634,0.971934988
16,76,211318720,67,0.407324411,0.142569608,0.034081634,1.054354136
8,76,211318720,67,0.479712491,0.142569608,0.034081634,1.079199232
18,76,211318720,67,0.639394657,0.142569608,0.034081634,1.299952347
5,76,211318720,67,0.645678060,0.142569608,0.034081634,1.310743023
7,76,211318720,67,0.668732790,0.142569608,0.034081634,1.334105289
14,76,211318720,67,0.763735157,0.142569608,0.034081634,1.365755714
17,76,211318720,67,1.148581697,0.142569608,0.034081634,1.369104745
6,76,211318720,67,1.238411982,0.142569608,0.034081634,1.399930382
12,76,211318720,67,1.505171246,0.142569608,0.034081634,1.312751536
19,77,211318720,67,0.151542328,0.142569608,0.005660790,0.409191954
5,77,211318720,67,0.171868971,0.142569608,0.005660790,0.522803083
3,77,211318720,67,0.190217740,0.142569608,0.005660790,0.614351773
9,77,211318720,67,0.205397570,0.142569608,0.005660790,0.679766112
7,77,211318720,67,0.234467470,0.142569608,0.005660790,0.786409537
2,77,211318720,67,0.244105060,0.142569608,0.005660790,0.815661508
10,77,211318720,67,0.244649358,0.142569608,0.005660790,0.816879375
18,77,211318720,67,0.260743209,0.142569608,0.005660790,0.843687975
20,77,211318720,67,0.261704016,0.142569608,0.005660790,0.844724253
13,77,211318720,67,0.297102798,0.142569608,0.005660790,0.899111476
1,77,211318720,67,0.407144390,0.142569608,0.005660790,1.176141666
4,77,211318720,67,0.422451779,0.142569608,0.005660790,1.212044975
17,77,211318720,67,0.425918639,0.142569608,0.005660790,1.217882207
6,77,211318720,67,0.459765279,0.142569608,0.005660790,1.251710567
8,77,211318720,67,0.497332438,0.142569608,0.005660790,1.279599129
11,77,211318720,67,0.627666836,0.142569608,0.005660790,1.409255814
12,77,211318720,67,0.628578231,0.142569608,0.005660790,1.409571075
16,77,211318720,67,0.848876883,0.142569608,0.005660790,1.457386986
14,77,211318720,67,0.954783595,0.142569608,0.005660790,1.494355401
15,77,211318720,67,1.399229128,0.142569608,0.005660790,1.348018157
11,78,211318720,67,0.189975787,0.142569608,0.106238276,0.562148498
1,78,211318720,67,0.203187046,0.142569608,0.106238276,0.628651171
8,78,211318720,67,0.212494739,0.142569608,0.106238276,0.669085618
2,78,211318720,67,0.223586538,0.142569608,0.106238276,0.709945549
5,78,211318720,67,0.224973196,0.142569608,0.106238276,0.714100316
4,78,211318720,67,0.241240855,0.142569608,0.106238276,0.751939952
12,78,211318720,67,0.243788411,0.142569608,0.106238276,0.757372627
13,78,211318720,67,0.258390635,0.142569608,0.106238276,0.781879027
15,78,211318720,67,0.280030751,0.142569608,0.106238276,0.812405120
7,78,211318720,67,0.384766570,0.142569608,0.106238276,0.971665151
14,78,211318720,67,0.409321724,0.142569608,0.106238276,1.011753006
10,78,211318720,67,0.478728149,0.142569608,0.106238276,1.081669139
6,78,211318720,67,0.496799554,0.142569608,0.106238276,1.087847644
9,78,211318720,67,0.668732790,0.142569608,0.106238276,1.282803897
18,78,211318720,67,0.703481386,0.142569608,0.106238276,1.340741196
16,78,211318720,67,0.733872699,0.142569608,0.106238276,1.385409002
3,78,211318720,67,0.763735157,0.142569608,0.106238276,1.415874711
20,78,211318720,67,0.856613387,0.142569608,0.106238276,1.447172430
19,78,211318720,67,1.472313539,0.142569608,0.106238276,1.338083962
17,78,211318720,67,1.562845948,0.142569608,0.106238276,1.307909301
5,79,211318720,67,0.143246377,0.142569608,0.022127671,0.324350756
8,79,211318720,67,0.180989575,0.142569608,0.022127671,0.463190632
18,79,211318720,67,0.197639146,0.142569608,0.022127671,0.512513149
6,79,211318720,67,0.205397570,0.142569608,0.022127671,0.530592399
20,79,211318720,67,0.208482977,0.142569608,0.022127671,0.535842370
19,79,211318720,67,0.234467470,0.142569608,0.022127671,0.569049017
7,79,211318720,67,0.271224328,0.142569608,0.022127671,0.628445072
15,79,211318720,67,0.366689858,0.142569608,0.022127671,0.884822434
12,79,211318720,67,0.397236570,0.142569608,0.022127671,0.956163201
1,79,211318720,67,0.403903668,0.142569608,0.022127671,0.967374637
3,79,211318720,67,0.407324411,0.142569608,0.022127671,0.970858455
14,79,211318720,67,0.459765279,0.142569608,0.022127671,1.016081804
17,79,211318720,67,0.562011941,0.142569608,0.022127671,1.151817231
2,79,211318720,67,0.611091554,0.142569608,0.022127671,1.245760337
4,79,211318720,67,0.645678060,0.142569608,0.022127671,1.303502151
9,79,211318720,67,0.710298778,0.142569608,0.022127671,1.368136429
16,79,211318720,67,0.729121023,0.142569608,0.022127671,1.384936674
10,79,211318720,67,0.856613387,0.142569608,0.022127671,1.427868759
11,79,211318720,67,1.302940102,0.142569608,0.022127671,1.372929098
13,79,211318720,67,1.672123490,0.142569608,0.022127671,1.249826351
15,80,211318720,67,0.164021072,0.142569608,0.071361706,0.497552780
13,80,211318720,67,0.204491291,0.142569608,0.071361706,0.700499579
16,80,211318720,67,0.205397570,0.142569608,0.071361706,0.704348842
5,80,211318720,67,0.210742206,0.142569608,0.071361706,0.723872181
17,80,211318720,67,0.212494739,0.142569608,0.071361706,0.729129479
7,80,211318720,67,0.214696194,0.142569608,0.071361706,0.734396148
10,80,211318720,67,0.230565321,0.142569608,0.071361706,0.761618624
8,80,211318720,67,0.240674095,0.142569608,0.071361706,0.771916075
9,80,211318720,67,0.261704016,0.142569608,0.071361706,0.778633685
14,80,211318720,67,0.435656761,0.142569608,0.071361706,0.992112264
1,80,211318720,67,0.479712491,0.142569608,0.071361706,1.066449387
6,80,211318720,67,0.494002997,0.142569608,0.071361706,1.086069051
4,80,211318720,67,0.497332438,0.142569608,0.071361706,1.089426774
2,80,211318720,67,0.628578231,0.142569608,0.071361706,1.244398181
18,80,211318720,67,0.710298778,0.142569608,0.071361706,1.489168443
20,80,211318720,67,0.711151880,0.142569608,0.071361706,1.491209076
3,80,211318720,67,0.741574597,0.142569608,0.071361706,1.541644770
19,80,211318720,67,0.758908371,0.142569608,0.071361706,1.559075349
11,80,211318720,67,0.767010536,0.142569608,0.071361706,1.562111512
12,80,211318720,67,1.502283313,0.142569608,0.071361706,1.321521853
15,81,211318720,67,0.190217740,0.142569608,0.041813049,0.203226759
4,81,211318720,67,0.236408325,0.142569608,0.041813049,0.279313701
13,81,211318720,67,0.258390635,0.142569608,0.041813049,0.301782859
19,81,211318720,67,0.271224328,0.142569608,0.041813049,0.319075877
3,81,211318720,67,0.401365222,0.142569608,0.041813049,0.727667102
8,81,211318720,67,0.407144390,0.142569608,0.041813049,0.749645178
12,81,211318720,67,0.422451779,0.142569608,0.041813049,0.805951794
14,81,211318720,67,0.436974056,0.142569608,0.041813049,0.850571248
1,81,211318720,67,0.463765996,0.142569608,0.041813049,0.930797899
5,81,211318720,67,0.479916421,0.142569608,0.041813049,0.972875985
17,81,211318720,67,0.496799554,0.142569608,0.041813049,1.012275539
18,81,211318720,67,0.548705179,0.142569608,0.041813049,1.100045218
16,81,211318720,67,0.577750989,0.142569608,0.041813049,1.129062523
10,81,211318720,67,0.615280617,0.142569608,0.041813049,1.141802553
2,81,211318720,67,0.876017721,0.142569608,0.041813049,1.193765292
6,81,211318720,67,0.954783595,0.142569608,0.041813049,1.220691953
9,81,211318720,67,1.148581697,0.142569608,0.041813049,1.253677471
20,81,211318720,67,1.411737678,0.142569608,0.041813049,1.261563208
7,81,211318720,67,1.672123490,0.142569608,0.041813049,1.268854341
11,81,211318720,67,2.067721695,0.142569608,0.041813049,1.136539108
20,82,211318720,67,0.156859078,0.142569608,0.104511335,0.476079830
12,82,211318720,67,0.163447751,0.142569608,0.104511335,0.504745678
4,82,211318720,67,0.175844454,0.142569608,0.104511335,0.550101739
8,82,211318720,67,0.194298324,0.142569608,0.104511335,0.605454961
6,82,211318720,67,0.203187046,0.142569608,0.104511335,0.626202171
2,82,211318720,67,0.212135629,0.142569608,0.104511335,0.641255372
9,82,211318720,67,0.243202909,0.142569608,0.104511335,0.671662797
11,82,211318720,67,0.260743209,0.142569608,0.104511335,0.677676717
17,82,211318720,67,0.407144390,0.142569608,0.104511335,0.803876291
15,82,211318720,67,0.430002133,0.142569608,0.104511335,0.810878299
10,82,211318720,67,0.585278571,0.142569608,0.104511335,1.020027165
3,82,211318720,67,0.615280617,0.142569608,0.104511335,1.070244270
16,82,211318720,67,0.615872459,0.142569608,0.104511335,1.070928794
13,82,211318720,67,0.703481386,0.142569608,0.104511335,1.202833948
1,82,211318720,67,0.767010536,0.142569608,0.104511335,1.309746576
19,82,211318720,67,0.796498422,0.142569608,0.104511335,1.339321257
5,82,211318720,67,0.821008808,0.142569608,0.104511335,1.348545509
18,82,211318720,67,1.238411982,0.142569608,0.104511335,1.303930400
14,82,211318720,67,1.399229128,0.142569608,0.104511335,1.346481298
7,82,211318720,67,1.516026422,0.142569608,0.104511335,1.307550702
11,83,211318720,67,0.143246377,0.142569608,0.048976786,0.277691251
3,83,211318720,67,0.151542328,0.142569608,0.048976786,0.308507389
15,83,211318720,67,0.230565321,0.142569608,0.048976786,0.546177177
4,83,211318720,67,0.231552464,0.142569608,0.048976786,0.548487361
19,83,211318720,67,0.234467470,0.142569608,0.048976786,0.553064440
5,83,211318720,67,0.252307820,0.142569608,0.048976786,0.571178686
17,83,211318720,67,0.271224328,0.142569608,0.048976786,0.584504345
18,83,211318720,67,0.403903668,0.142569608,0.048976786,0.918572003
12,83,211318720,67,0.430002133,0.142569608,0.048976786,1.014598064
20,83,211318720,67,0.452488274,0.142569608,0.048976786,1.081816331
9,83,211318720,67,0.459765279,0.142569608,0.048976786,1.098993700
6,83,211318720,67,0.480370697,0.142569608,0.048976786,1.137974300
13,83,211318720,67,0.486476637,0.142569608,0.048976786,1.147854329
16,83,211318720,67,0.537873555,0.142569608,0.048976786,1.198726962
10,83,211318720,67,0.615280617,0.142569608,0.048976786,1.236267486
7,83,211318720,67,0.741574597,0.142569608,0.048976786,1.304743581
1,83,211318720,67,0.848876883,0.142569608,0.048976786,1.341561392
2,83,211318720,67,1.067875615,0.142569608,0.048976786,1.364889073
8,83,211318720,67,1.238411982,0.142569608,0.048976786,1.403205820
14,83,211318720,67,1.404552817,0.142569608,0.048976786,1.348896838
11,84,211318720,67,0.156859078,0.142569608,0.134910136,0.434425843
2,84,211318720,67,0.164021072,0.142569608,0.134910136,0.465452642
3,84,211318720,67,0.189604911,0.142569608,0.134910136,0.559405247
9,84,211318720,67,0.190217740,0.142569608,0.134910136,0.561124862
15,84,211318720,67,0.200231803,0.142569608,0.134910136,0.584399225
17,84,211318720,67,0.236684993,0.142569608,0.134910136,0.644847293
7,84,211318720,67,0.240674095,0.142569608,0.134910136,0.648819752
13,84,211318720,67,0.294976812,0.142569608,0.134910136,0.666321744
20,84,211318720,67,0.479916421,0.142569608,0.134910136,0.844811629
10,84,211318720,67,0.489360347,0.142569608,0.134910136,0.860669651
6,84,211318720,67,0.569711265,0.142569608,0.134910136,0.939779383
14,84,211318720,67,0.591796632,0.142569608,0.134910136,0.955470184
18,84,211318720,67,0.727194083,0.142569608,0.134910136,1.211289822
8,84,211318720,67,0.729121023,0.142569608,0.134910136,1.214318391
1,84,211318720,67,0.763735157,0.142569608,0.134910136,1.268463734
5,84,211318720,67,0.796498422,0.142569608,0.134910136,1.301152888
4,84,211318720,67,0.876017721,0.142569608,0.134910136,1.361825503
19,84,211318720,67,0.966696729,0.142569608,0.134910136,1.391457425
16,84,211318720,67,1.238411982,0.142569608,0.134910136,1.396607275
12,84,211318720,67,1.293796954,0.142569608,0.134910136,1.378150226
13,85,211318720,67,0.200231803,0.142569608,0.022574946,0.501789143
18,85,211318720,67,0.201916690,0.142569608,0.022574946,0.507922080
12,85,211318720,67,0.214696194,0.142569608,0.022574946,0.546205918
17,85,211318720,67,0.230565321,0.142569608,0.022574946,0.583417141
3,85,211318720,67,0.240674095,0.142569608,0.022574946,0.600110162
10,85,211318720,67,0.244105060,0.142569608,0.022574946,0.603626823
2,85,211318720,67,0.244649358,0.142569608,0.022574946,0.603817337
5,85,211318720,67,0.407324411,0.142569608,0.022574946,0.766122939
9,85,211318720,67,0.435656761,0.142569608,0.022574946,0.801512598
7,85,211318720,67,0.480370697,0.142569608,0.022574946,0.875491603
11,85,211318720,67,0.569711265,0.142569608,0.022574946,1.063606465
6,85,211318720,67,0.577750989,0.142569608,0.022574946,1.077554772
8,85,211318720,67,0.628578231,0.142569608,0.022574946,1.129582109
19,85,211318720,67,0.645678060,0.142569608,0.022574946,1.135639180
14,85,211318720,67,0.790422749,0.142569608,0.022574946,1.263469519
16,85,211318720,67,0.808229779,0.142569608,0.022574946,1.269199421
15,85,211318720,67,1.067875615,0.142569608,0.022574946,1.346988182
4,85,211318720,67,1.148581697,0.142569608,0.022574946,1.427854530
20,85,211318720,67,1.169760915,0.142569608,0.022574946,1.435351063
1,85,211318720,67,2.004665860,0.142569608,0.022574946,1.160105126
14,86,211318720,67,0.171868971,0.142569608,0.056460664,0.354139158
15,86,211318720,67,0.234467470,0.142569608,0.056460664,0.625566060
10,86,211318720,67,0.243202909,0.142569608,0.056460664,0.658927304
20,86,211318720,67,0.243788411,0.142569608,0.056460664,0.661051590
8,86,211318720,67,0.244105060,0.142569608,0.056460664,0.662021676
19,86,211318720,67,0.244649358,0.142569608,0.056460664,0.663242050
5,86,211318720,67,0.252307820,0.142569608,0.056460664,0.676337848
17,86,211318720,67,0.279384594,0.142569608,0.056460664,0.704167702
7,86,211318720,67,0.384766570,0.142569608,0.056460664,0.827019665
1,86,211318720,67,0.478728149,0.142569608,0.056460664,1.039424062
4,86,211318720,67,0.479916421,0.142569608,0.056460664,1.042274748
13,86,211318720,67,0.489360347,0.142569608,0.056460664,1.058406985
16,86,211318720,67,0.548705179,0.142569608,0.056460664,1.117316033
2,86,211318720,67,0.609499617,0.142569608,0.056460664,1.165184022
12,86,211318720,67,0.711151880,0.142569608,0.056460664,1.199087775
6,86,211318720,67,0.966696729,0.142569608,0.056460664,1.237633948
9,86,211318720,67,1.067875615,0.142569608,0.056460664,1.312223745
3,86,211318720,67,1.148581697,0.142569608,0.056460664,1.338878717
11,86,211318720,67,1.368193902,0.142569608,0.056460664,1.362830255
18,86,211318720,67,1.755249417,0.142569608,0.056460664,1.236455246
14,87,211318720,67,0.120652983,0.142569608,0.078236148,0.274745546
7,87,211318720,67,0.163447751,0.142569608,0.078236148,0.456264777
15,87,211318720,67,0.201916690,0.142569608,0.078236148,0.623360677
17,87,211318720,67,0.204491291,0.142569608,0.078236148,0.632926844
5,87,211318720,67,0.205397570,0.142569608,0.078236148,0.635685557
1,87,211318720,67,0.209817303,0.142569608,0.078236148,0.645883128
19,87,211318720,67,0.252307820,0.142569608,0.078236148,0.716778001
3,87,211318720,67,0.280030751,0.142569608,0.078236148,0.778458765
8,87,211318720,67,0.294976812,0.142569608,0.078236148,0.813379526
20,87,211318720,67,0.401365222,0.142569608,0.078236148,0.993117615
10,87,211318720,67,0.407144390,0.142569608,0.078236148,0.999005928
18,87,211318720,67,0.409321724,0.142569608,0.078236148,0.999752999
11,87,211318720,67,0.562011941,0.142569608,0.078236148,1.425933574
4,87,211318720,67,0.564838374,0.142569608,0.078236148,1.434610235
2,87,211318720,67,0.569711265,0.142569608,0.078236148,1.446116085
16,87,211318720,67,0.581521109,0.142569608,0.078236148,1.466079981
13,87,211318720,67,0.591796632,0.142569608,0.078236148,1.476619540
9,87,211318720,67,0.643409518,0.142569608,0.078236148,1.508656214
6,87,211318720,67,0.763735157,0.142569608,0.078236148,1.549755300
12,87,211318720,67,0.821008808,0.142569608,0.078236148,1.530667151
19,88,211318720,67,0.120652983,0.142569608,0.076296270,0.334791417
2,88,211318720,67,0.156859078,0.142569608,0.076296270,0.515518066
15,88,211318720,67,0.189672613,0.142569608,0.076296270,0.658303166
10,88,211318720,67,0.190217740,0.142569608,0.076296270,0.660322174
11,88,211318720,67,0.194298324,0.142569608,0.076296270,0.672494472
7,88,211318720,67,0.223586538,0.142569608,0.076296270,0.741079731
16,88,211318720,67,0.224973196,0.142569608,0.076296270,0.743463498
4,88,211318720,67,0.236684993,0.142569608,0.076296270,0.755850174
9,88,211318720,67,0.261704016,0.142569608,0.076296270,0.777023994
14,88,211318720,67,0.384766570,0.142569608,0.076296270,0.970965818
13,88,211318720,67,0.478728149,0.142569608,0.076296270,1.314673844
5,88,211318720,67,0.480370697,0.142569608,0.076296270,1.319752732
20,88,211318720,67,0.489894567,0.142569608,0.076296270,1.341511908
18,88,211318720,67,0.494002997,0.142569608,0.076296270,1.348244730
12,88,211318720,67,0.496363065,0.142569608,0.076296270,1.350728146
1,88,211318720,67,0.497332438,0.142569608,0.076296270,1.351056650
6,88,211318720,67,0.727194083,0.142569608,0.076296270,1.421889347
17,88,211318720,67,0.790422749,0.142569608,0.076296270,1.443466402
8,88,211318720,67,1.505171246,0.142569608,0.076296270,1.302670947
3,88,211318720,67,2.004665860,0.142569608,0.076296270,1.135544352
8,89,211318720,67,0.164021072,0.142569608,0.003609131,0.489666086
2,89,211318720,67,0.197639146,0.142569608,0.003609131,0.657867583
15,89,211318720,67,0.209496986,0.142569608,0.003609131,0.709723276
9,89,211318720,67,0.212494739,0.142569608,0.003609131,0.720975169
19,89,211318720,67,0.230472108,0.142569608,0.003609131,0.779081052
5,89,211318720,67,0.231552464,0.142569608,0.003609131,0.782356682
14,89,211318720,67,0.232211245,0.142569608,0.003609131,0.783951476
12,89,211318720,67,0.236684993,0.142569608,0.003609131,0.790869870
18,89,211318720,67,0.241240855,0.142569608,0.003609131,0.795249332
10,89,211318720,67,0.366689858,0.142569608,0.003609131,0.872739553
4,89,211318720,67,0.478728149,0.142569608,0.003609131,1.067749066
3,89,211318720,67,0.486476637,0.142569608,0.003609131,1.086057900
7,89,211318720,67,0.537873555,0.142569608,0.003609131,1.171398210
6,89,211318720,67,0.585278571,0.142569608,0.003609131,1.218652715
17,89,211318720,67,0.615872459,0.142569608,0.003609131,1.239466307
16,89,211318720,67,0.741574597,0.142569608,0.003609131,1.366317532
20,89,211318720,67,0.758908371,0.142569608,0.003609131,1.372082468
11,89,211318720,67,1.411737678,0.142569608,0.003609131,1.282249369
1,89,211318720,67,1.505171246,0.142569608,0.003609131,1.314357749
13,89,211318720,67,2.067721695,0.142569608,0.003609131,1.124392993
9,90,211318720,67,0.164021072,0.142569608,0.008202358,0.170188162
5,90,211318720,67,0.205397570,0.142569608,0.008202358,0.211482635
15,90,211318720,67,0.225803229,0.142569608,0.008202358,0.218469543
20,90,211318720,67,0.402263847,0.142569608,0.008202358,0.641318680
13,90,211318720,67,0.409321724,0.142569608,0.008202358,0.671943247
18,90,211318720,67,0.435656761,0.142569608,0.008202358,0.768967708
19,90,211318720,67,0.436974056,0.142569608,0.008202358,0.772846647
6,90,211318720,67,0.463765996,0.142569608,0.008202358,0.835964389
8,90,211318720,67,0.480370697,0.142569608,0.008202358,0.867577127
12,90,211318720,67,0.486476637,0.142569608,0.008202358,0.877955014
16,90,211318720,67,0.520203290,0.142569608,0.008202358,0.922843018
11,90,211318720,67,0.615872459,0.142569608,0.008202358,1.079068922
17,90,211318720,67,0.645678060,0.142569608,0.008202358,1.109064299
1,90,211318720,67,0.668732790,0.142569608,0.008202358,1.126840267
7,90,211318720,67,0.796498422,0.142569608,0.008202358,1.225262206
4,90,211318720,67,0.856613387,0.142569608,0.008202358,1.245633276
3,90,211318720,67,1.399229128,0.142569608,0.008202358,1.174299550
10,90,211318720,67,1.516026422,0.142569608,0.008202358,1.210428351
14,90,211318720,67,1.672123490,0.142569608,0.008202358,1.253694940
2,90,211318720,67,2.067721695,0.142569608,0.008202358,1.124820619
3,91,211318720,67,0.160117286,0.142569608,0.037021417,0.361796236
16,91,211318720,67,0.189672613,0.142569608,0.037021417,0.450289435
8,91,211318720,67,0.190217740,0.142569608,0.037021417,0.451616180
12,91,211318720,67,0.209496986,0.142569608,0.037021417,0.484005171
4,91,211318720,67,0.224973196,0.142569608,0.037021417,0.499787131
17,91,211318720,67,0.225803229,0.142569608,0.037021417,0.500110588
2,91,211318720,67,0.436974056,0.142569608,0.037021417,0.821956301
15,91,211318720,67,0.459765279,0.142569608,0.037021417,0.920238770
20,91,211318720,67,0.481365940,0.142569608,0.037021417,1.000247161
18,91,211318720,67,0.496799554,0.142569608,0.037021417,1.046223148
7,91,211318720,67,0.520203290,0.142569608,0.037021417,1.101222682
10,91,211318720,67,0.537873555,0.142569608,0.037021417,1.138542075
14,91,211318720,67,0.555348320,0.142569608,0.037021417,1.167992544
11,91,211318720,67,0.562011941,0.142569608,0.037021417,1.174820213
13,91,211318720,67,0.668732790,0.142569608,0.037021417,1.210490105
19,91,211318720,67,0.870095545,0.142569608,0.037021417,1.238858066
5,91,211318720,67,1.148581697,0.142569608,0.037021417,1.277362090
9,91,211318720,67,1.238411982,0.142569608,0.037021417,1.316857838
6,91,211318720,67,1.368193902,0.142569608,0.037021417,1.361280168
1,91,211318720,67,1.472313539,0.142569608,0.037021417,1.326574993
14,92,211318720,67,0.114166194,0.142569608,0.017313249,0.347554965
7,92,211318720,67,0.164021072,0.142569608,0.017313249,0.637724934
20,92,211318720,67,0.180989575,0.142569608,0.017313249,0.734526531
19,92,211318720,67,0.189672613,0.142569608,0.017313249,0.778018717
4,92,211318720,67,0.194298324,0.142569608,0.017313249,0.797985259
8,92,211318720,67,0.210742206,0.142569608,0.017313249,0.858571164
12,92,211318720,67,0.214696194,0.142569608,0.017313249,0.870434340
6,92,211318720,67,0.221176057,0.142569608,0.017313249,0.885765798
3,92,211318720,67,0.241240855,0.142569608,0.017313249,0.919528170
10,92,211318720,67,0.243202909,0.142569608,0.017313249,0.921456561
16,92,211318720,67,0.297102798,0.142569608,0.017313249,0.939149031
17,92,211318720,67,0.570672550,0.142569608,0.017313249,1.094013668
11,92,211318720,67,0.585278571,0.142569608,0.017313249,1.108335713
13,92,211318720,67,0.611091554,0.142569608,0.017313249,1.117376390
18,92,211318720,67,0.796498422,0.142569608,0.017313249,1.194171177
9,92,211318720,67,0.876017721,0.142569608,0.017313249,1.255008645
15,92,211318720,67,0.966696729,0.142569608,0.017313249,1.284756603
2,92,211318720,67,1.169760915,0.142569608,0.017313249,1.369254515
1,92,211318720,67,1.226677978,0.142569608,0.017313249,1.389164106
5,92,211318720,67,1.442850200,0.142569608,0.017313249,1.316917416
13,93,211318720,67,0.171868971,0.142569608,0.049508490,0.267120902
16,93,211318720,67,0.201916690,0.142569608,0.049508490,0.346428896
12,93,211318720,67,0.230565321,0.142569608,0.049508490,0.413410760
9,93,211318720,67,0.242157230,0.142569608,0.049508490,0.432920681
11,93,211318720,67,0.258351971,0.142569608,0.049508490,0.448672334
18,93,211318720,67,0.330469564,0.142569608,0.049508490,0.592225999
5,93,211318720,67,0.401365222,0.142569608,0.049508490,0.711308976
15,93,211318720,67,0.403903668,0.142569608,0.049508490,0.713736037
4,93,211318720,67,0.436974056,0.142569608,0.049508490,0.747297947
6,93,211318720,67,0.555348320,0.142569608,0.049508490,0.936022419
20,93,211318720,67,0.570672550,0.142569608,0.049508490,0.962100419
7,93,211318720,67,0.643409518,0.142569608,0.049508490,1.044111353
14,93,211318720,67,0.645678060,0.142569608,0.049508490,1.046456417
1,93,211318720,67,0.773538749,0.142569608,0.049508490,1.089347821
19,93,211318720,67,1.345101545,0.142569608,0.049508490,1.056548825
17,93,211318720,67,1.399229128,0.142569608,0.049508490,1.125602909
2,93,211318720,67,1.502283313,0.142569608,0.049508490,1.229662690
3,93,211318720,67,1.505171246,0.142569608,0.049508490,1.230638784
8,93,211318720,67,1.672123490,0.142569608,0.049508490,1.270346460
10,93,211318720,67,1.755249417,0.142569608,0.049508490,1.242639712
18,94,211318720,67,0.156859078,0.142569608,0.008165376,0.254249807
3,94,211318720,67,0.204491291,0.142569608,0.008165376,0.426507929
12,94,211318720,67,0.230472108,0.142569608,0.008165376,0.522357252
16,94,211318720,67,0.231552464,0.142569608,0.008165376,0.525643104
7,94,211318720,67,0.236684993,0.142569608,0.008165376,0.537571461
9,94,211318720,67,0.280030751,0.142569608,0.008165376,0.610306686
14,94,211318720,67,0.320264087,0.142569608,0.008165376,0.650149677
1,94,211318720,67,0.330469564,0.142569608,0.008165376,0.653679959
17,94,211318720,67,0.497332438,0.142569608,0.008165376,0.748951716
2,94,211318720,67,0.567346654,0.142569608,0.008165376,0.820080668
8,94,211318720,67,0.628578231,0.142569608,0.008165376,0.869140491
15,94,211318720,67,0.729121023,0.142569608,0.008165376,0.939223456
5,94,211318720,67,0.821008808,0.142569608,0.008165376,0.971012140
6,94,211318720,67,0.967984072,0.142569608,0.008165376,1.017930504
13,94,211318720,67,1.148581697,0.142569608,0.008165376,1.053186676
20,94,211318720,67,1.293796954,0.142569608,0.008165376,1.186618092
4,94,211318720,67,1.345101545,0.142569608,0.008165376,1.267371726
10,94,211318720,67,1.399229128,0.142569608,0.008165376,1.322572671
19,94,211318720,67,1.442401680,0.142569608,0.008165376,1.337666412
11,94,211318720,67,1.755249417,0.142569608,0.008165376,1.234049003
1,95,211318720,67,0.143246377,0.142569608,0.072182015,0.323125580
20,95,211318720,67,0.194298324,0.142569608,0.072182015,0.578602627
4,95,211318720,67,0.201916690,0.142569608,0.072182015,0.611494637
7,95,211318720,67,0.221176057,0.142569608,0.072182015,0.681785326
3,95,211318720,67,0.223586538,0.142569608,0.072182015,0.689007071
17,95,211318720,67,0.242157230,0.142569608,0.072182015,0.733050936
18,95,211318720,67,0.252307820,0.142569608,0.072182015,0.750094436
9,95,211318720,67,0.258351971,0.142569608,0.072182015,0.756276722
15,95,211318720,67,0.279384594,0.142569608,0.072182015,0.771377347
12,95,211318720,67,0.409321724,0.142569608,0.072182015,0.908977525
11,95,211318720,67,0.479916421,0.142569608,0.072182015,1.000462299
5,95,211318720,67,0.484632161,0.142569608,0.072182015,1.005213622
14,95,211318720,67,0.591796632,0.142569608,0.072182015,1.225070500
16,95,211318720,67,0.627666836,0.142569608,0.072182015,1.310733485
10,95,211318720,67,0.631062274,0.142569608,0.072182015,1.318382216
19,95,211318720,67,0.678269687,0.142569608,0.072182015,1.396866718
8,95,211318720,67,0.727194083,0.142569608,0.072182015,1.446505356
6,95,211318720,67,0.767010536,0.142569608,0.072182015,1.459525422
13,95,211318720,67,0.967984072,0.142569608,0.072182015,1.488958489
2,95,211318720,67,1.368193902,0.142569608,0.072182015,1.355522494
8,96,211318720,67,0.114166194,0.142569608,0.032216605,0.134502542
3,96,211318720,67,0.206154434,0.142569608,0.032216605,0.429186105
7,96,211318720,67,0.212494739,0.142569608,0.032216605,0.448291570
11,96,211318720,67,0.232211245,0.142569608,0.032216605,0.494273230
20,96,211318720,67,0.244649358,0.142569608,0.032216605,0.514972008
16,96,211318720,67,0.280030751,0.142569608,0.032216605,0.567917956
14,96,211318720,67,0.298832886,0.142569608,0.032216605,0.602690404
6,96,211318720,67,0.397236570,0.142569608,0.032216605,0.941926865
5,96,211318720,67,0.422451779,0.142569608,0.032216605,1.051384617
19,96,211318720,67,0.436974056,0.142569608,0.032216605,1.112400498
2,96,211318720,67,0.469380687,0.142569608,0.032216605,1.230945780
18,96,211318720,67,0.473358151,0.142569608,0.032216605,1.243358131
9,96,211318720,67,0.481365940,0.142569608,0.032216605,1.267323425
10,96,211318720,67,0.494002997,0.142569608,0.032216605,1.296655289
12,96,211318720,67,0.520203290,0.142569608,0.032216605,1.340677911
4,96,211318720,67,0.567346654,0.142569608,0.032216605,1.388816724
13,96,211318720,67,0.615280617,0.142569608,0.032216605,1.404671982
17,96,211318720,67,1.142423237,0.142569608,0.032216605,1.327679794
1,96,211318720,67,1.442850200,0.142569608,0.032216605,1.324494770
15,96,211318720,67,1.502283313,0.142569608,0.032216605,1.304688240
12,97,211318720,67,0.143246377,0.142569608,0.027410209,0.448374479
2,97,211318720,67,0.163447751,0.142569608,0.027410209,0.568336136
8,97,211318720,67,0.197639146,0.142569608,0.027410209,0.761661096
3,97,211318720,67,0.209496986,0.142569608,0.027410209,0.820683776
7,97,211318720,67,0.216898661,0.142569608,0.027410209,0.852832168
16,97,211318720,67,0.223586538,0.142569608,0.027410209,0.877104169
4,97,211318720,67,0.231552464,0.142569608,0.027410209,0.900377406
13,97,211318720,67,0.234467470,0.142569608,0.027410209,0.907221894
20,97,211318720,67,0.242157230,0.142569608,0.027410209,0.920043319
6,97,211318720,67,0.252307820,0.142569608,0.027410209,0.930473451
17,97,211318720,67,0.298832886,0.142569608,0.027410209,1.001022733
10,97,211318720,67,0.397236570,0.142569608,0.027410209,1.174092864
9,97,211318720,67,0.401365222,0.142569608,0.027410209,1.180934710
14,97,211318720,67,0.469380687,0.142569608,0.027410209,1.291879763
5,97,211318720,67,0.499243967,0.142569608,0.027410209,1.322071512
15,97,211318720,67,0.548705179,0.142569608,0.027410209,1.369019407
19,97,211318720,67,0.645678060,0.142569608,0.027410209,1.401962990
1,97,211318720,67,0.876017721,0.142569608,0.027410209,1.454595498
18,97,211318720,67,0.967984072,0.142569608,0.027410209,1.484974395
11,97,211318720,67,1.472313539,0.142569608,0.027410209,1.316962843
10,98,211318720,67,0.143246377,0.142569608,0.068978339,0.545218069
3,98,211318720,67,0.160117286,0.142569608,0.068978339,0.652561479
19,98,211318720,67,0.189975787,0.142569608,0.068978339,0.820711817
6,98,211318720,67,0.201286280,0.142569608,0.068978339,0.877027444
15,98,211318720,67,0.203187046,0.142569608,0.068978339,0.885177247
2,98,211318720,67,0.204491291,0.142569608,0.068978339,0.890009044
16,98,211318720,67,0.206154434,0.142569608,0.068978339,0.895081686
12,98,211318720,67,0.212494739,0.142569608,0.068978339,0.909823931
9,98,211318720,67,0.223586538,0.142569608,0.068978339,0.928222819
5,98,211318720,67,0.242157230,0.142569608,0.068978339,0.946844682
13,98,211318720,67,0.271224328,0.142569608,0.068978339,0.957287684
17,98,211318720,67,0.435656761,0.142569608,0.068978339,1.071773340
7,98,211318720,67,0.469380687,0.142569608,0.068978339,1.083481373
11,98,211318720,67,0.627666836,0.142569608,0.068978339,1.209030937
1,98,211318720,67,0.645678060,0.142569608,0.068978339,1.215237777
14,98,211318720,67,0.790422749,0.142569608,0.068978339,1.263782695
4,98,211318720,67,1.293796954,0.142569608,0.068978339,1.237879270
8,98,211318720,67,1.399229128,0.142569608,0.068978339,1.343670575
18,98,211318720,67,1.411737678,0.142569608,0.068978339,1.347844548
20,98,211318720,67,1.505171246,0.142569608,0.068978339,1.316700963
13,99,211318720,67,0.201286280,0.142569608,0.015828995,0.497489158
16,99,211318720,67,0.203187046,0.142569608,0.015828995,0.504391416
3,99,211318720,67,0.204491291,0.142569608,0.015828995,0.508253364
12,99,211318720,67,0.223586538,0.142569608,0.015828995,0.552748472
6,99,211318720,67,0.230472108,0.142569608,0.015828995,0.564198874
10,99,211318720,67,0.234467470,0.142569608,0.015828995,0.568333580
1,99,211318720,67,0.294976812,0.142569608,0.015828995,0.588661690
15,99,211318720,67,0.499243967,0.142569608,0.015828995,0.683365004
8,99,211318720,67,0.577750989,0.142569608,0.015828995,0.826024680
11,99,211318720,67,0.615872459,0.142569608,0.015828995,0.905553221
14,99,211318720,67,0.628578231,0.142569608,0.015828995,0.927282039
17,99,211318720,67,0.703481386,0.142569608,0.015828995,1.037053893
7,99,211318720,67,0.733872699,0.142569608,0.015828995,1.081006817
4,99,211318720,67,0.796498422,0.142569608,0.015828995,1.144281605
18,99,211318720,67,0.856613387,0.142569608,0.015828995,1.163533312
2,99,211318720,67,1.074038657,0.142569608,0.015828995,1.231303933
20,99,211318720,67,1.148581697,0.142569608,0.015828995,1.255998295
5,99,211318720,67,1.345101545,0.142569608,0.015828995,1.346639618
9,99,211318720,67,1.399229128,0.142569608,0.015828995,1.364138591
19,99,211318720,67,1.505171246,0.142569608,0.015828995,1.328825335
5,100,211318720,67,0.120652983,0.142569608,0.101189747,0.211514983
12,100,211318720,67,0.180989575,0.142569608,0.101189747,0.424585874
13,100,211318720,67,0.210742206,0.142569608,0.101189747,0.513793331
4,100,211318720,67,0.212135629,0.142569608,0.101189747,0.517078471
6,100,211318720,67,0.225803229,0.142569608,0.101189747,0.539446787
17,100,211318720,67,0.243202909,0.142569608,0.101189747,0.556928992
3,100,211318720,67,0.277332429,0.142569608,0.101189747,0.614588047
20,100,211318720,67,0.384766570,0.142569608,0.101189747,0.987220078
7,100,211318720,67,0.397236570,0.142569608,0.101189747,1.048836307
19,100,211318720,67,0.407324411,0.142569608,0.101189747,1.092058463
14,100,211318720,67,0.435656761,0.142569608,0.101189747,1.196017269
15,100,211318720,67,0.473358151,0.142569608,0.101189747,1.309368289
18,100,211318720,67,0.484632161,0.142569608,0.101189747,1.343102439
2,100,211318720,67,0.489360347,0.142569608,0.101189747,1.353962525
1,100,211318720,67,0.494002997,0.142569608,0.101189747,1.361930472
9,100,211318720,67,0.498231948,0.142569608,0.101189747,1.365844606
16,100,211318720,67,0.615872459,0.142569608,0.101189747,1.403259003
10,100,211318720,67,0.796498422,0.142569608,0.101189747,1.439081891
8,100,211318720,67,0.954783595,0.142569608,0.101189747,1.481403876
11,100,211318720,67,1.345101545,0.142569608,0.101189747,1.354710615
18,101,211318720,67,0.201286280,0.142569608,0.073788188,0.522283646
15,101,211318720,67,0.203187046,0.142569608,0.073788188,0.530607714
10,101,211318720,67,0.205397570,0.142569608,0.073788188,0.538596492
8,101,211318720,67,0.209496986,0.142569608,0.073788188,0.550817845
17,101,211318720,67,0.221176057,0.142569608,0.073788188,0.578002856
12,101,211318720,67,0.252307820,0.142569608,0.073788188,0.630475752
13,101,211318720,67,0.289962109,0.142569608,0.073788188,0.667959725
6,101,211318720,67,0.313984077,0.142569608,0.073788188,0.676093800
9,101,211318720,67,0.480370697,0.142569608,0.073788188,0.993491557
1,101,211318720,67,0.489894567,0.142569608,0.073788188,1.015666100
19,101,211318720,67,0.497332438,0.142569608,0.073788188,1.028289253
2,101,211318720,67,0.499243967,0.142569608,0.073788188,1.030442115
11,101,211318720,67,0.591796632,0.142569608,0.073788188,1.062051899
16,101,211318720,67,0.773089545,0.142569608,0.073788188,1.219841723
7,101,211318720,67,0.790422749,0.142569608,0.073788188,1.237283578
14,101,211318720,67,0.856613387,0.142569608,0.073788188,1.259045494
5,101,211318720,67,1.074038657,0.142569608,0.073788188,1.282110476
3,101,211318720,67,1.472313539,0.142569608,0.073788188,1.282144023
20,101,211318720,67,1.562845948,0.142569608,0.073788188,1.314892133
4,101,211318720,67,1.755249417,0.142569608,0.073788188,1.251254922
13,102,211318720,67,0.121464623,0.142569608,0.003487908,0.152688533
19,102,211318720,67,0.175844454,0.142569608,0.003487908,0.314978906
20,102,211318720,67,0.225803229,0.142569608,0.003487908,0.431613445
2,102,211318720,67,0.243788411,0.142569608,0.003487908,0.461461716
7,102,211318720,67,0.258390635,0.142569608,0.003487908,0.475698346
14,102,211318720,67,0.260743209,0.142569608,0.003487908,0.477594880
8,102,211318720,67,0.401365222,0.142569608,0.003487908,0.701277855
4,102,211318720,67,0.407144390,0.142569608,0.003487908,0.711762251
3,102,211318720,67,0.479712491,0.142569608,0.003487908,0.941461460
5,102,211318720,67,0.480370697,0.142569608,0.003487908,0.943476356
15,102,211318720,67,0.548705179,0.142569608,0.003487908,1.144265168
6,102,211318720,67,0.562011941,0.142569608,0.003487908,1.175476668
18,102,211318720,67,0.569711265,0.142569608,0.003487908,1.188249728
17,102,211318720,67,0.570672550,0.142569608,0.003487908,1.189251770
10,102,211318720,67,0.628578231,0.142569608,0.003487908,1.235886650
16,102,211318720,67,0.729121023,0.142569608,0.003487908,1.270091023
11,102,211318720,67,0.870095545,0.142569608,0.003487908,1.318773292
9,102,211318720,67,1.505171246,0.142569608,0.003487908,1.261363224
1,102,211318720,67,1.562845948,0.142569608,0.003487908,1.280636417
12,102,211318720,67,1.677184906,0.142569608,0.003487908,1.242528752
18,103,211318720,67,0.180989575,0.142569608,0.020152535,0.489919136
13,103,211318720,67,0.205397570,0.142569608,0.020152535,0.595973070
9,103,211318720,67,0.209817303,0.142569608,0.020152535,0.612437032
11,103,211318720,67,0.225803229,0.142569608,0.020152535,0.660200991
17,103,211318720,67,0.230565321,0.142569608,0.020152535,0.671374306
10,103,211318720,67,0.234467470,0.142569608,0.020152535,0.677877777
2,103,211318720,67,0.243202909,0.142569608,0.020152535,0.686665773
5,103,211318720,67,0.252307820,0.142569608,0.020152535,0.689095135
6,103,211318720,67,0.409321724,0.142569608,0.020152535,0.940039916
14,103,211318720,67,0.435656761,0.142569608,0.020152535,1.001568829
7,103,211318720,67,0.463765996,0.142569608,0.020152535,1.062591224
4,103,211318720,67,0.479712491,0.142569608,0.020152535,1.089544068
15,103,211318720,67,0.520203290,0.142569608,0.020152535,1.156899808
12,103,211318720,67,0.585278571,0.142569608,0.020152535,1.278575800
3,103,211318720,67,0.631062274,0.142569608,0.020152535,1.365567353
19,103,211318720,67,0.655478420,0.142569608,0.020152535,1.406318005
20,103,211318720,67,0.710298778,0.142569608,0.020152535,1.461771833
8,103,211318720,67,0.758908371,0.142569608,0.020152535,1.477626845
1,103,211318720,67,1.211169919,0.142569608,0.020152535,1.423020657
16,103,211318720,67,2.004665860,0.142569608,0.020152535,1.157783947
14,104,211318720,67,0.156859078,0.142569608,0.070550814,0.309404045
12,104,211318720,67,0.201286280,0.142569608,0.070550814,0.522413470
7,104,211318720,67,0.206154434,0.142569608,0.070550814,0.543742688
1,104,211318720,67,0.209496986,0.142569608,0.070550814,0.556131935
10,104,211318720,67,0.231552464,0.142569608,0.070550814,0.621801894
17,104,211318720,67,0.277332429,0.142569608,0.070550814,0.729761478
3,104,211318720,67,0.280030751,0.142569608,0.070550814,0.734339440
15,104,211318720,67,0.297102798,0.142569608,0.070550814,0.750590864
9,104,211318720,67,0.313984077,0.142569608,0.070550814,0.756529936
18,104,211318720,67,0.481365940,0.142569608,0.070550814,1.107822600
13,104,211318720,67,0.489360347,0.142569608,0.070550814,1.137119234
11,104,211318720,67,0.496799554,0.142569608,0.070550814,1.159677633
2,104,211318720,67,0.498231948,0.142569608,0.070550814,1.162889534
20,104,211318720,67,0.585278571,0.142569608,0.070550814,1.364504056
5,104,211318720,67,0.591796632,0.142569608,0.070550814,1.375331507
6,104,211318720,67,0.615280617,0.142569608,0.070550814,1.398680577
19,104,211318720,67,0.643409518,0.142569608,0.070550814,1.417448140
8,104,211318720,67,0.773089545,0.142569608,0.070550814,1.461318755
16,104,211318720,67,1.142423237,0.142569608,0.070550814,1.437436257
4,104,211318720,67,1.677184906,0.142569608,0.070550814,1.260341192
11,105,211318720,67,0.164021072,0.142569608,0.047197971,0.366405613
3,105,211318720,67,0.203187046,0.142569608,0.047197971,0.484008682
5,105,211318720,67,0.204491291,0.142569608,0.047197971,0.487141823
13,105,211318720,67,0.205397570,0.142569608,0.047197971,0.488781257
19,105,211318720,67,0.206154434,0.142569608,0.047197971,0.489557129
4,105,211318720,67,0.236408325,0.142569608,0.047197971,0.500251973
10,105,211318720,67,0.384766570,0.142569608,0.047197971,0.670637274
15,105,211318720,67,0.403903668,0.142569608,0.047197971,0.689630385
16,105,211318720,67,0.463765996,0.142569608,0.047197971,0.728716201
2,105,211318720,67,0.577750989,0.142569608,0.047197971,0.902399928
8,105,211318720,67,0.609499617,0.142569608,0.047197971,0.949856403
20,105,211318720,67,0.627666836,0.142569608,0.047197971,0.968593928
17,105,211318720,67,0.727194083,0.142569608,0.047197971,1.147967119
7,105,211318720,67,0.773089545,0.142569608,0.047197971,1.224924792
14,105,211318720,67,0.796498422,0.142569608,0.047197971,1.248164479
18,105,211318720,67,0.821008808,0.142569608,0.047197971,1.256682702
12,105,211318720,67,1.074038657,0.142569608,0.047197971,1.271422991
9,105,211318720,67,1.293796954,0.142569608,0.047197971,1.317198303
6,105,211318720,67,1.404552817,0.142569608,0.047197971,1.354679032
1,105,211318720,67,1.755249417,0.142569608,0.047197971,1.238586886
7,106,211318720,67,0.156859078,0.142569608,0.008269162,0.531360106
5,106,211318720,67,0.160117286,0.142569608,0.008269162,0.552070507
3,106,211318720,67,0.201286280,0.142569608,0.008269162,0.785157345
13,106,211318720,67,0.201916690,0.142569608,0.008269162,0.788277267
19,106,211318720,67,0.210742206,0.142569608,0.008269162,0.826521792
8,106,211318720,67,0.223586538,0.142569608,0.008269162,0.873218351
11,106,211318720,67,0.236684993,0.142569608,0.008269162,0.912370789
4,106,211318720,67,0.243202909,0.142569608,0.008269162,0.927364017
18,106,211318720,67,0.244649358,0.142569608,0.008269162,0.929763629
16,106,211318720,67,0.258390635,0.142569608,0.008269162,0.943587702
15,106,211318720,67,0.289962109,0.142569608,0.008269162,0.954397492
17,106,211318720,67,0.478728149,0.142569608,0.008269162,1.250477149
2,106,211318720,67,0.484632161,0.142569608,0.008269162,1.260390219
1,106,211318720,67,0.489360347,0.142569608,0.008269162,1.264695646
9,106,211318720,67,0.499243967,0.142569608,0.008269162,1.270136613
12,106,211318720,67,0.639394657,0.142569608,0.008269162,1.407651122
6,106,211318720,67,0.645678060,0.142569608,0.008269162,1.409847251
20,106,211318720,67,0.967984072,0.142569608,0.008269162,1.399661132
10,106,211318720,67,1.293796954,0.142569608,0.008269162,1.387141890
14,106,211318720,67,1.404552817,0.142569608,0.008269162,1.350226302
2,107,211318720,67,0.143246377,0.142569608,0.169923693,0.287804189
14,107,211318720,67,0.151542328,0.142569608,0.169923693,0.312880759
17,107,211318720,67,0.212135629,0.142569608,0.169923693,0.471443791
19,107,211318720,67,0.221176057,0.142569608,0.169923693,0.492495976
3,107,211318720,67,0.225803229,0.142569608,0.169923693,0.500100841
8,107,211318720,67,0.260743209,0.142569608,0.169923693,0.534996298
12,107,211318720,67,0.330469564,0.142569608,0.169923693,0.560510699
20,107,211318720,67,0.469380687,0.142569608,0.169923693,1.008357080
7,107,211318720,67,0.479712491,0.142569608,0.169923693,1.043143441
4,107,211318720,67,0.479916421,0.142569608,0.169923693,1.043747081
18,107,211318720,67,0.480370697,0.142569608,0.169923693,1.044835742
6,107,211318720,67,0.496799554,0.142569608,0.169923693,1.072461100
13,107,211318720,67,0.520203290,0.142569608,0.169923693,1.095437476
9,107,211318720,67,0.615872459,0.142569608,0.169923693,1.126377174
11,107,211318720,67,0.773089545,0.142569608,0.169923693,1.210055177
16,107,211318720,67,0.856613387,0.142569608,0.169923693,1.239091640
1,107,211318720,67,1.074038657,0.142569608,0.169923693,1.308139936
15,107,211318720,67,1.148581697,0.142569608,0.169923693,1.335882788
5,107,211318720,67,1.285010920,0.142569608,0.169923693,1.381342696
10,107,211318720,67,1.302940102,0.142569608,0.169923693,1.375367973
4,108,211318720,67,0.189672613,0.142569608,0.035807546,0.237529728
13,108,211318720,67,0.194298324,0.142569608,0.035807546,0.245345156
12,108,211318720,67,0.197639146,0.142569608,0.035807546,0.248784660
6,108,211318720,67,0.320264087,0.142569608,0.035807546,0.333353049
10,108,211318720,67,0.402263847,0.142569608,0.035807546,0.600145809
17,108,211318720,67,0.459765279,0.142569608,0.035807546,0.833566706
20,108,211318720,67,0.479712491,0.142569608,0.035807546,0.906770875
9,108,211318720,67,0.479916421,0.142569608,0.035807546,0.907336094
8,108,211318720,67,0.489360347,0.142569608,0.035807546,0.932209140
14,108,211318720,67,0.494002997,0.142569608,0.035807546,0.946167433
7,108,211318720,67,0.505630854,0.142569608,0.035807546,0.973501191
11,108,211318720,67,0.569711265,0.142569608,0.035807546,1.118522280
19,108,211318720,67,0.628578231,0.142569608,0.035807546,1.225244673
16,108,211318720,67,0.631062274,0.142569608,0.035807546,1.229370830
5,108,211318720,67,0.655478420,0.142569608,0.035807546,1.270807306
2,108,211318720,67,0.758908371,0.142569608,0.035807546,1.376812832
15,108,211318720,67,0.773538749,0.142569608,0.035807546,1.381435072
18,108,211318720,67,1.302940102,0.142569608,0.035807546,1.331124432
1,108,211318720,67,1.404552817,0.142569608,0.035807546,1.365000325
3,108,211318720,67,1.411737678,0.142569608,0.035807546,1.362607662
18,109,211318720,67,0.201286280,0.142569608,0.064861268,0.687752234
2,109,211318720,67,0.209496986,0.142569608,0.064861268,0.739680698
19,109,211318720,67,0.212135629,0.142569608,0.064861268,0.754655062
7,109,211318720,67,0.221176057,0.142569608,0.064861268,0.799973112
3,109,211318720,67,0.243202909,0.142569608,0.064861268,0.895882232
5,109,211318720,67,0.243788411,0.142569608,0.064861268,0.898397522
9,109,211318720,67,0.244105060,0.142569608,0.064861268,0.899570295
13,109,211318720,67,0.260743209,0.142569608,0.064861268,0.949711901
17,109,211318720,67,0.271224328,0.142569608,0.064861268,0.974520949
4,109,211318720,67,0.280030751,0.142569608,0.064861268,0.989220453
10,109,211318720,67,0.289962109,0.142569608,0.064861268,0.999202802
8,109,211318720,67,0.384766570,0.142569608,0.064861268,1.126016881
1,109,211318720,67,0.469380687,0.142569608,0.064861268,1.299059547
14,109,211318720,67,0.473358151,0.142569608,0.064861268,1.305813481
12,109,211318720,67,0.497332438,0.142569608,0.064861268,1.329034616
15,109,211318720,67,0.564838374,0.142569608,0.064861268,1.351965252
16,109,211318720,67,1.302940102,0.142569608,0.064861268,1.200075165
6,109,211318720,67,1.472313539,0.142569608,0.064861268,1.313347186
11,109,211318720,67,1.505171246,0.142569608,0.064861268,1.324819184
20,109,211318720,67,1.672123490,0.142569608,0.064861268,1.268709206
14,110,211318720,67,0.114166194,0.142569608,0.046423219,0.064425254
1,110,211318720,67,0.243202909,0.142569608,0.046423219,0.373143983
2,110,211318720,67,0.243788411,0.142569608,0.046423219,0.374536948
11,110,211318720,67,0.277332429,0.142569608,0.046423219,0.431505480
16,110,211318720,67,0.280030751,0.142569608,0.046423219,0.434040174
17,110,211318720,67,0.330469564,0.142569608,0.046423219,0.450366660
6,110,211318720,67,0.489360347,0.142569608,0.046423219,0.507580363
15,110,211318720,67,0.609499617,0.142569608,0.046423219,0.618911021
3,110,211318720,67,0.645678060,0.142569608,0.046423219,0.644808037
19,110,211318720,67,0.767010536,0.142569608,0.046423219,0.712671045
4,110,211318720,67,0.870095545,0.142569608,0.046423219,0.748882171
8,110,211318720,67,1.211169919,0.142569608,0.046423219,0.975179431
12,110,211318720,67,1.226677978,0.142569608,0.046423219,1.022068767
13,110,211318720,67,1.238411982,0.142569608,0.046423219,1.049035578
10,110,211318720,67,1.293796954,0.142569608,0.046423219,1.141565106
18,110,211318720,67,1.302940102,0.142569608,0.046423219,1.150772355
9,110,211318720,67,1.345101545,0.142569608,0.046423219,1.165059829
5,110,211318720,67,1.502283313,0.142569608,0.046423219,1.207175865
7,110,211318720,67,1.672123490,0.142569608,0.046423219,1.247001101
20,110,211318720,67,1.755249417,0.142569608,0.046423219,1.219294352
16,111,211318720,67,0.143246377,0.142569608,0.029256839,0.299451525
19,111,211318720,67,0.189975787,0.142569608,0.029256839,0.545471790
2,111,211318720,67,0.223586538,0.142569608,0.029256839,0.713679701
7,111,211318720,67,0.230565321,0.142569608,0.029256839,0.744049784
3,111,211318720,67,0.232211245,0.142569608,0.029256839,0.750202166
10,111,211318720,67,0.244105060,0.142569608,0.029256839,0.787441485
11,111,211318720,67,0.244649358,0.142569608,0.029256839,0.789036415
13,111,211318720,67,0.271224328,0.142569608,0.029256839,0.850379465
18,111,211318720,67,0.271584609,0.142569608,0.029256839,0.851023469
20,111,211318720,67,0.313984077,0.142569608,0.029256839,0.914062344
8,111,211318720,67,0.384766570,0.142569608,0.029256839,1.015660341
6,111,211318720,67,0.425918639,0.142569608,0.029256839,1.058910234
12,111,211318720,67,0.481365940,0.142569608,0.029256839,1.115145459
9,111,211318720,67,0.564838374,0.142569608,0.029256839,1.142157763
17,111,211318720,67,0.763735157,0.142569608,0.029256839,1.323710352
1,111,211318720,67,0.767010536,0.142569608,0.029256839,1.327146318
5,111,211318720,67,0.821008808,0.142569608,0.029256839,1.346030765
4,111,211318720,67,1.148581697,0.142569608,0.029256839,1.332462059
14,111,211318720,67,1.368193902,0.142569608,0.029256839,1.356736155
15,111,211318720,67,1.562845948,0.142569608,0.029256839,1.292513979
7,112,211318720,67,0.156859078,0.142569608,0.072835311,0.336495592
19,112,211318720,67,0.189604911,0.142569608,0.072835311,0.457053427
4,112,211318720,67,0.189672613,0.142569608,0.072835311,0.457251378
16,112,211318720,67,0.197639146,0.142569608,0.072835311,0.475698150
17,112,211318720,67,0.232211245,0.142569608,0.072835311,0.533717022
5,112,211318720,67,0.260743209,0.142569608,0.072835311,0.562157738
9,112,211318720,67,0.294976812,0.142569608,0.072835311,0.573544293
3,112,211318720,67,0.489894567,0.142569608,0.072835311,0.773876352
10,112,211318720,67,0.498231948,0.142569608,0.072835311,0.793191617
18,112,211318720,67,0.562011941,0.142569608,0.072835311,0.901199429
11,112,211318720,67,0.585278571,0.142569608,0.072835311,0.962463509
6,112,211318720,67,0.631062274,0.142569608,0.072835311,1.075661929
13,112,211318720,67,0.703481386,0.142569608,0.072835311,1.293948479
20,112,211318720,67,0.710298778,0.142569608,0.072835311,1.309976463
1,112,211318720,67,0.711151880,0.142569608,0.072835311,1.311421765
12,112,211318720,67,0.763735157,0.142569608,0.072835311,1.388931152
15,112,211318720,67,0.773089545,0.142569608,0.072835311,1.398840540
2,112,211318720,67,0.870095545,0.142569608,0.072835311,1.430508573
8,112,211318720,67,1.226677978,0.142569608,0.072835311,1.409332169
14,112,211318720,67,1.238411982,0.142569608,0.072835311,1.405423664
15,113,211318720,67,0.114166194,0.142569608,0.004712023,0.301612646
6,113,211318720,67,0.120652983,0.142569608,0.004712023,0.321423129
11,113,211318720,67,0.180989575,0.142569608,0.004712023,0.497245079
12,113,211318720,67,0.189672613,0.142569608,0.004712023,0.517452195
19,113,211318720,67,0.197639146,0.142569608,0.004712023,0.530412983
3,113,211318720,67,0.214696194,0.142569608,0.004712023,0.547998460
16,113,211318720,67,0.271584609,0.142569608,0.004712023,0.571909538
10,113,211318720,67,0.407324411,0.142569608,0.004712023,0.774007024
13,113,211318720,67,0.452488274,0.142569608,0.004712023,0.880315730
5,113,211318720,67,0.494002997,0.142569608,0.004712023,0.994967188
1,113,211318720,67,0.496363065,0.142569608,0.004712023,1.000632036
8,113,211318720,67,0.520203290,0.142569608,0.004712023,1.040212796
17,113,211318720,67,0.591796632,0.142569608,0.004712023,1.148933592
14,113,211318720,67,0.609499617,0.142569608,0.004712023,1.165498416
4,113,211318720,67,0.678269687,0.142569608,0.004712023,1.188686920
2,113,211318720,67,1.302940102,0.142569608,0.004712023,1.132060993
7,113,211318720,67,1.368193902,0.142569608,0.004712023,1.184788718
9,113,211318720,67,1.472313539,0.142569608,0.004712023,1.288848124
20,113,211318720,67,1.502283313,0.142569608,0.004712023,1.298839568
18,113,211318720,67,1.562845948,0.142569608,0.004712023,1.278653746
17,114,211318720,67,0.120652983,0.142569608,0.032430001,0.300996552
7,114,211318720,67,0.156859078,0.142569608,0.032430001,0.501675681
6,114,211318720,67,0.201916690,0.142569608,0.032430001,0.727604686
9,114,211318720,67,0.206154434,0.142569608,0.032430001,0.746184642
3,114,211318720,67,0.223586538,0.142569608,0.032430001,0.810404160
20,114,211318720,67,0.225803229,0.142569608,0.032430001,0.817122024
2,114,211318720,67,0.231552464,0.142569608,0.032430001,0.830410429
16,114,211318720,67,0.240674095,0.142569608,0.032430001,0.845587183
4,114,211318720,67,0.244105060,0.142569608,0.032430001,0.848773550
1,114,211318720,67,0.271224328,0.142569608,0.032430001,0.857514573
14,114,211318720,67,0.436974056,0.142569608,0.032430001,1.103612876
13,114,211318720,67,0.459765279,0.142569608,0.032430001,1.142008903
10,114,211318720,67,0.473358151,0.142569608,0.032430001,1.155247059
12,114,211318720,67,0.496799554,0.142569608,0.032430001,1.163269941
5,114,211318720,67,0.678269687,0.142569608,0.032430001,1.325806317
11,114,211318720,67,0.710298778,0.142569608,0.032430001,1.357914754
18,114,211318720,67,0.741574597,0.142569608,0.032430001,1.368048569
19,114,211318720,67,1.302940102,0.142569608,0.032430001,1.308912640
8,114,211318720,67,1.399229128,0.142569608,0.032430001,1.342384591
15,114,211318720,67,1.505171246,0.142569608,0.032430001,1.307071335
2,115,211318720,67,0.203187046,0.142569608,0.100041471,0.520908082
5,115,211318720,67,0.210742206,0.142569608,0.100041471,0.554094908
1,115,211318720,67,0.225803229,0.142569608,0.100041471,0.609061956
20,115,211318720,67,0.231552464,0.142569608,0.100041471,0.626299683
10,115,211318720,67,0.234467470,0.142569608,0.100041471,0.633265749
11,115,211318720,67,0.252307820,0.142569608,0.100041471,0.663387613
16,115,211318720,67,0.260743209,0.142569608,0.100041471,0.671873572
12,115,211318720,67,0.294976812,0.142569608,0.100041471,0.703612441
8,115,211318720,67,0.407144390,0.142569608,0.100041471,0.816451163
13,115,211318720,67,0.436974056,0.142569608,0.100041471,0.841842191
14,115,211318720,67,0.555348320,0.142569608,0.100041471,0.920413237
3,115,211318720,67,0.639394657,0.142569608,0.100041471,0.974398789
9,115,211318720,67,0.758908371,0.142569608,0.100041471,1.178796595
15,115,211318720,67,0.767010536,0.142569608,0.100041471,1.192293260
7,115,211318720,67,0.821008808,0.142569608,0.100041471,1.247289852
17,115,211318720,67,0.856613387,0.142569608,0.100041471,1.279804401
4,115,211318720,67,0.967984072,0.142569608,0.100041471,1.316107346
6,115,211318720,67,1.169760915,0.142569608,0.100041471,1.342123851
18,115,211318720,67,1.411737678,0.142569608,0.100041471,1.356667434
19,115,211318720,67,1.505171246,0.142569608,0.100041471,1.325523849
11,116,211318720,67,0.114166194,0.142569608,0.187191024,0.233664708
7,116,211318720,67,0.180989575,0.142569608,0.187191024,0.523602501
16,116,211318720,67,0.206154434,0.142569608,0.187191024,0.615602165
1,116,211318720,67,0.209496986,0.142569608,0.187191024,0.625246153
8,116,211318720,67,0.212494739,0.142569608,0.187191024,0.632205935
13,116,211318720,67,0.231552464,0.142569608,0.187191024,0.669090917
17,116,211318720,67,0.236408325,0.142569608,0.187191024,0.677122894
15,116,211318720,67,0.244105060,0.142569608,0.187191024,0.684974327
3,116,211318720,67,0.366689858,0.142569608,0.187191024,0.951232404
19,116,211318720,67,0.409321724,0.142569608,0.187191024,1.107818510
6,116,211318720,67,0.422451779,0.142569608,0.187191024,1.147417069
12,116,211318720,67,0.436974056,0.142569608,0.187191024,1.190906744
20,116,211318720,67,0.452488274,0.142569608,0.187191024,1.226927807
18,116,211318720,67,0.496363065,0.142569608,0.187191024,1.323250441
5,116,211318720,67,0.499243967,0.142569608,0.187191024,1.330067720
2,116,211318720,67,0.564838374,0.142569608,0.187191024,1.443051481
14,116,211318720,67,0.615872459,0.142569608,0.187191024,1.528214201
9,116,211318720,67,0.628578231,0.142569608,0.187191024,1.540929233
10,116,211318720,67,0.703481386,0.142569608,0.187191024,1.565897688
4,116,211318720,67,0.733872699,0.142569608,0.187191024,1.555767329
15,117,211318720,67,0.143246377,0.142569608,0.010470777,0.232545958
3,117,211318720,67,0.197639146,0.142569608,0.010470777,0.394681661
6,117,211318720,67,0.208482977,0.142569608,0.010470777,0.420234105
7,117,211318720,67,0.225803229,0.142569608,0.010470777,0.449376150
11,117,211318720,67,0.242157230,0.142569608,0.010470777,0.466129190
14,117,211318720,67,0.277332429,0.142569608,0.010470777,0.489737916
8,117,211318720,67,0.402263847,0.142569608,0.010470777,0.704121422
4,117,211318720,67,0.463765996,0.142569608,0.010470777,0.889949962
12,117,211318720,67,0.480370697,0.142569608,0.010470777,0.928424541
13,117,211318720,67,0.484632161,0.142569608,0.010470777,0.935364338
2,117,211318720,67,0.499243967,0.142569608,0.010470777,0.959122111
9,117,211318720,67,0.537873555,0.142569608,0.010470777,1.020792609
16,117,211318720,67,0.627666836,0.142569608,0.010470777,1.110889049
17,117,211318720,67,0.645678060,0.142569608,0.010470777,1.116680352
1,117,211318720,67,0.966696729,0.142569608,0.010470777,1.103017647
20,117,211318720,67,1.442850200,0.142569608,0.010470777,1.162766460
5,117,211318720,67,1.472313539,0.142569608,0.010470777,1.192830339
19,117,211318720,67,1.516026422,0.142569608,0.010470777,1.208012193
10,117,211318720,67,1.677184906,0.142569608,0.010470777,1.249659384
18,117,211318720,67,2.004665860,0.142569608,0.010470777,1.142311273
13,118,211318720,67,0.114166194,0.142569608,0.013367062,0.344131655
16,118,211318720,67,0.121464623,0.142569608,0.013367062,0.371235604
7,118,211318720,67,0.171868971,0.142569608,0.013367062,0.522721308
10,118,211318720,67,0.194298324,0.142569608,0.013367062,0.574790578
5,118,211318720,67,0.197639146,0.142569608,0.013367062,0.580305836
19,118,211318720,67,0.198160521,0.142569608,0.013367062,0.580704991
11,118,211318720,67,0.212494739,0.142569608,0.013367062,0.585300966
17,118,211318720,67,0.436974056,0.142569608,0.013367062,0.678467496
8,118,211318720,67,0.484632161,0.142569608,0.013367062,0.768387420
9,118,211318720,67,0.567346654,0.142569608,0.013367062,0.906646718
12,118,211318720,67,0.581521109,0.142569608,0.013367062,0.921055408
14,118,211318720,67,0.609499617,0.142569608,0.013367062,0.930419503
4,118,211318720,67,0.763735157,0.142569608,0.013367062,0.973241245
20,118,211318720,67,1.142423237,0.142569608,0.013367062,0.993067120
6,118,211318720,67,1.211169919,0.142569608,0.013367062,1.056179942
3,118,211318720,67,1.293796954,0.142569608,0.013367062,1.107939519
2,118,211318720,67,1.399229128,0.142569608,0.013367062,1.227359594
1,118,211318720,67,1.442401680,0.142569608,0.013367062,1.270852477
15,118,211318720,67,1.516026422,0.142569608,0.013367062,1.296510354
18,118,211318720,67,2.004665860,0.142569608,0.013367062,1.133981535
4,119,211318720,67,0.151542328,0.142569608,0.011633671,0.425874134
14,119,211318720,67,0.200231803,0.142569608,0.011633671,0.693559597
13,119,211318720,67,0.201916690,0.142569608,0.011633671,0.703242421
8,119,211318720,67,0.203187046,0.142569608,0.011633671,0.709531523
5,119,211318720,67,0.206154434,0.142569608,0.011633671,0.722090878
10,119,211318720,67,0.230472108,0.142569608,0.011633671,0.811496849
15,119,211318720,67,0.232211245,0.142569608,0.011633671,0.816661647
2,119,211318720,67,0.242157230,0.142569608,0.011633671,0.839553537
20,119,211318720,67,0.271584609,0.142569608,0.011633671,0.923113960
18,119,211318720,67,0.320264087,0.142569608,0.011633671,1.069468870
7,119,211318720,67,0.330469564,0.142569608,0.011633671,1.092890946
1,119,211318720,67,0.384766570,0.142569608,0.011633671,1.204261174
9,119,211318720,67,0.401365222,0.142569608,0.011633671,1.232235770
16,119,211318720,67,0.403903668,0.142569608,0.011633671,1.234802863
12,119,211318720,67,0.496799554,0.142569608,0.011633671,1.265495282
3,119,211318720,67,0.876017721,0.142569608,0.011633671,1.276892003
11,119,211318720,67,0.954783595,0.142569608,0.011633671,1.303005941
6,119,211318720,67,1.211169919,0.142569608,0.011633671,1.312199703
17,119,211318720,67,1.399229128,0.142569608,0.011633671,1.345854625
19,119,211318720,67,1.516026422,0.142569608,0.011633671,1.306924017
6,120,211318720,67,0.175844454,0.142569608,0.033946127,0.452687039
20,120,211318720,67,0.189672613,0.142569608,0.033946127,0.512700899
3,120,211318720,67,0.201286280,0.142569608,0.033946127,0.555208046
4,120,211318720,67,0.221176057,0.142569608,0.033946127,0.615126694
16,120,211318720,67,0.234467470,0.142569608,0.033946127,0.646628511
18,120,211318720,67,0.252307820,0.142569608,0.033946127,0.676033672
5,120,211318720,67,0.258390635,0.142569608,0.033946127,0.681716266
14,120,211318720,67,0.261704016,0.142569608,0.033946127,0.682912644
11,120,211318720,67,0.409321724,0.142569608,0.033946127,0.985127269
7,120,211318720,67,0.422451779,0.142569608,0.033946127,1.023737458
17,120,211318720,67,0.479916421,0.142569608,0.033946127,1.166744305
8,120,211318720,67,0.480370697,0.142569608,0.033946127,1.167802683
15,120,211318720,67,0.494002997,0.142569608,0.033946127,1.190496873
13,120,211318720,67,0.497332438,0.142569608,0.033946127,1.193957696
1,120,211318720,67,0.609499617,0.142569608,0.033946127,1.380438464
9,120,211318720,67,0.643409518,0.142569608,0.033946127,1.459743989
19,120,211318720,67,0.703481386,0.142569608,0.033946127,1.559869718
2,120,211318720,67,0.710298778,0.142569608,0.033946127,1.566696150
12,120,211318720,67,0.729121023,0.142569608,0.033946127,1.572970869
10,120,211318720,67,0.767010536,0.142569608,0.033946127,1.560345637
1,121,211318720,67,0.120652983,0.142569608,0.068414479,0.212919722
3,121,211318720,67,0.151542328,0.142569608,0.068414479,0.305955197
13,121,211318720,67,0.206154434,0.142569608,0.068414479,0.433524235
14,121,211318720,67,0.216898661,0.142569608,0.068414479,0.451385447
9,121,211318720,67,0.236408325,0.142569608,0.068414479,0.471391695
11,121,211318720,67,0.258351971,0.142569608,0.068414479,0.479176491
19,121,211318720,67,0.459765279,0.142569608,0.068414479,0.966108810
18,121,211318720,67,0.479712491,0.142569608,0.068414479,1.052828363
7,121,211318720,67,0.480370697,0.142569608,0.068414479,1.055322035
6,121,211318720,67,0.481365940,0.142569608,0.068414479,1.058325138
17,121,211318720,67,0.486476637,0.142569608,0.068414479,1.070256611
10,121,211318720,67,0.498231948,0.142569608,0.068414479,1.096828953
5,121,211318720,67,0.548705179,0.142569608,0.068414479,1.181726377
8,121,211318720,67,0.555348320,0.142569608,0.068414479,1.188550323
16,121,211318720,67,0.631062274,0.142569608,0.068414479,1.215494279
15,121,211318720,67,0.870095545,0.142569608,0.068414479,1.231369123
20,121,211318720,67,1.169760915,0.142569608,0.068414479,1.226775866
4,121,211318720,67,1.345101545,0.142569608,0.068414479,1.315131011
12,121,211318720,67,1.411737678,0.142569608,0.068414479,1.337322152
2,121,211318720,67,1.562845948,0.142569608,0.068414479,1.286744610
1,122,211318720,67,0.160117286,0.142569608,0.192608535,0.326458563
2,122,211318720,67,0.171868971,0.142569608,0.192608535,0.361820325
14,122,211318720,67,0.203187046,0.142569608,0.192608535,0.433978710
19,122,211318720,67,0.210742206,0.142569608,0.192608535,0.447025164
4,122,211318720,67,0.212494739,0.142569608,0.192608535,0.448830056
3,122,211318720,67,0.298832886,0.142569608,0.192608535,0.481057208
5,122,211318720,67,0.436974056,0.142569608,0.192608535,0.726235396
13,122,211318720,67,0.473358151,0.142569608,0.192608535,0.826916962
9,122,211318720,67,0.480370697,0.142569608,0.192608535,0.847460916
17,122,211318720,67,0.520203290,0.142569608,0.192608535,0.963522323
15,122,211318720,67,0.548705179,0.142569608,0.192608535,1.030275768
20,122,211318720,67,0.591796632,0.142569608,0.192608535,1.102303748
11,122,211318720,67,0.615280617,0.142569608,0.192608535,1.126341320
18,122,211318720,67,0.627666836,0.142569608,0.192608535,1.130760758
16,122,211318720,67,0.856613387,0.142569608,0.192608535,1.255324510
6,122,211318720,67,0.870095545,0.142569608,0.192608535,1.268559257
12,122,211318720,67,0.967984072,0.142569608,0.192608535,1.303718992
10,122,211318720,67,1.399229128,0.142569608,0.192608535,1.256872332
7,122,211318720,67,1.672123490,0.142569608,0.192608535,1.262321786
8,122,211318720,67,1.755249417,0.142569608,0.192608535,1.234615037
19,123,211318720,67,0.164021072,0.142569608,0.121492885,0.256806066
3,123,211318720,67,0.171868971,0.142569608,0.121492885,0.269935540
9,123,211318720,67,0.201286280,0.142569608,0.121492885,0.298953893
5,123,211318720,67,0.234467470,0.142569608,0.121492885,0.308918739
8,123,211318720,67,0.403903668,0.142569608,0.121492885,0.450033993
15,123,211318720,67,0.452488274,0.142569608,0.121492885,0.539314734
10,123,211318720,67,0.497332438,0.142569608,0.121492885,0.643253099
14,123,211318720,67,0.537873555,0.142569608,0.121492885,0.710668558
17,123,211318720,67,0.585278571,0.142569608,0.121492885,0.758566586
18,123,211318720,67,0.591796632,0.142569608,0.121492885,0.760767514
12,123,211318720,67,0.763735157,0.142569608,0.121492885,0.965315907
7,123,211318720,67,0.773089545,0.142569608,0.121492885,0.974890131
4,123,211318720,67,0.790422749,0.142569608,0.121492885,0.981115990
20,123,211318720,67,1.211169919,0.142569608,0.121492885,1.098001698
13,123,211318720,67,1.226677978,0.142569608,0.121492885,1.113858732
11,123,211318720,67,1.238411982,0.142569608,0.121492885,1.126170388
6,123,211318720,67,1.368193902,0.142569608,0.121492885,1.305848792
16,123,211318720,67,1.404552817,0.142569608,0.121492885,1.342212905
1,123,211318720,67,1.411737678,0.142569608,0.121492885,1.344613073
2,123,211318720,67,1.505171246,0.142569608,0.121492885,1.313469489
15,124,211318720,67,0.143246377,0.142569608,0.062828667,0.350917358
19,124,211318720,67,0.163447751,0.142569608,0.062828667,0.425604325
2,124,211318720,67,0.201916690,0.142569608,0.062828667,0.540037372
1,124,211318720,67,0.205397570,0.142569608,0.062828667,0.548081251
13,124,211318720,67,0.216898661,0.142569608,0.062828667,0.567325502
12,124,211318720,67,0.230472108,0.142569608,0.062828667,0.580806792
16,124,211318720,67,0.241240855,0.142569608,0.062828667,0.584570767
11,124,211318720,67,0.407144390,0.142569608,0.062828667,0.765139726
7,124,211318720,67,0.430002133,0.142569608,0.062828667,0.787697068
10,124,211318720,67,0.459765279,0.142569608,0.062828667,0.812339619
9,124,211318720,67,0.581521109,0.142569608,0.062828667,0.929556184
4,124,211318720,67,0.611091554,0.142569608,0.062828667,0.957482049
17,124,211318720,67,0.727194083,0.142569608,0.062828667,1.104434213
20,124,211318720,67,0.758908371,0.142569608,0.062828667,1.136507031
6,124,211318720,67,0.821008808,0.142569608,0.062828667,1.157990361
5,124,211318720,67,0.967984072,0.142569608,0.062828667,1.203899114
8,124,211318720,67,1.302940102,0.142569608,0.062828667,1.190371778
18,124,211318720,67,1.516026422,0.142569608,0.062828667,1.278505281
3,124,211318720,67,1.562845948,0.142569608,0.062828667,1.294484544
14,124,211318720,67,1.677184906,0.142569608,0.062828667,1.256376879
2,125,211318720,67,0.120652983,0.142569608,0.105758041,0.333846027
11,125,211318720,67,0.151542328,0.142569608,0.105758041,0.467370308
1,125,211318720,67,0.164021072,0.142569608,0.105758041,0.513515694
10,125,211318720,67,0.203187046,0.142569608,0.105758041,0.631769259
9,125,211318720,67,0.205397570,0.142569608,0.105758041,0.636913020
14,125,211318720,67,0.210742206,0.142569608,0.105758041,0.646097537
12,125,211318720,67,0.214696194,0.142569608,0.105758041,0.650213119
3,125,211318720,67,0.261704016,0.142569608,0.105758041,0.668990393
6,125,211318720,67,0.402074486,0.142569608,0.105758041,0.992496038
19,125,211318720,67,0.402263847,0.142569608,0.105758041,0.992930741
4,125,211318720,67,0.407144390,0.142569608,0.105758041,1.001194534
5,125,211318720,67,0.463765996,0.142569608,0.105758041,1.093535776
20,125,211318720,67,0.489360347,0.142569608,0.105758041,1.136701151
8,125,211318720,67,0.577750989,0.142569608,0.105758041,1.226386748
15,125,211318720,67,0.581521109,0.142569608,0.105758041,1.227970838
17,125,211318720,67,0.758908371,0.142569608,0.105758041,1.495369465
13,125,211318720,67,0.767010536,0.142569608,0.105758041,1.508261109
16,125,211318720,67,0.773538749,0.142569608,0.105758041,1.514838793
18,125,211318720,67,0.821008808,0.142569608,0.105758041,1.530577699
7,125,211318720,67,0.966696729,0.142569608,0.105758041,1.482082270
16,126,211318720,67,0.143246377,0.142569608,0.026236285,0.393875109
14,126,211318720,67,0.156859078,0.142569608,0.026236285,0.456568775
5,126,211318720,67,0.189672613,0.142569608,0.026236285,0.621195525
2,126,211318720,67,0.198160521,0.142569608,0.026236285,0.658338344
1,126,211318720,67,0.208482977,0.142569608,0.026236285,0.696459963
9,126,211318720,67,0.216898661,0.142569608,0.026236285,0.721682610
10,126,211318720,67,0.231552464,0.142569608,0.026236285,0.756093162
3,126,211318720,67,0.280030751,0.142569608,0.026236285,0.875470635
13,126,211318720,67,0.294976812,0.142569608,0.026236285,0.909064147
19,126,211318720,67,0.298832886,0.142569608,0.026236285,0.915262656
4,126,211318720,67,0.384766570,0.142569608,0.026236285,1.044511805
12,126,211318720,67,0.403903668,0.142569608,0.026236285,1.064118576
6,126,211318720,67,0.463765996,0.142569608,0.026236285,1.113449010
11,126,211318720,67,0.562011941,0.142569608,0.026236285,1.147330569
17,126,211318720,67,0.710298778,0.142569608,0.026236285,1.284397476
7,126,211318720,67,0.758908371,0.142569608,0.026236285,1.333561207
15,126,211318720,67,0.808229779,0.142569608,0.026236285,1.349911174
8,126,211318720,67,1.169760915,0.142569608,0.026236285,1.393041557
18,126,211318720,67,1.211169919,0.142569608,0.026236285,1.406584033
20,126,211318720,67,2.004665860,0.142569608,0.026236285,1.140685908
14,127,211318720,67,0.120652983,0.142569608,0.012558356,0.288502804
13,127,211318720,67,0.160117286,0.142569608,0.012558356,0.489755935
5,127,211318720,67,0.203187046,0.142569608,0.012558356,0.715866961
15,127,211318720,67,0.208482977,0.142569608,0.012558356,0.742379722
11,127,211318720,67,0.212494739,0.142569608,0.012558356,0.759661483
6,127,211318720,67,0.224973196,0.142569608,0.012558356,0.805656891
18,127,211318720,67,0.230472108,0.142569608,0.012558356,0.822075700
2,127,211318720,67,0.244649358,0.142569608,0.012558356,0.855530752
20,127,211318720,67,0.261704016,0.142569608,0.012558356,0.884237544
8,127,211318720,67,0.297102798,0.142569608,0.012558356,0.945479756
10,127,211318720,67,0.330469564,0.142569608,0.012558356,1.015722289
17,127,211318720,67,0.409321724,0.142569608,0.012558356,1.147114976
9,127,211318720,67,0.430002133,0.142569608,0.012558356,1.179101946
19,127,211318720,67,0.452488274,0.142569608,0.012558356,1.201709931
16,127,211318720,67,0.555348320,0.142569608,0.012558356,1.233997082
3,127,211318720,67,0.729121023,0.142569608,0.012558356,1.326927592
7,127,211318720,67,0.790422749,0.142569608,0.012558356,1.388727995
1,127,211318720,67,0.870095545,0.142569608,0.012558356,1.416501453
12,127,211318720,67,1.502283313,0.142569608,0.012558356,1.302427120
4,127,211318720,67,1.672123490,0.142569608,0.012558356,1.245952750
3,128,211318720,67,0.163447751,0.142569608,0.018581936,0.407126155
1,128,211318720,67,0.189604911,0.142569608,0.018581936,0.502640927
10,128,211318720,67,0.194298324,0.142569608,0.018581936,0.516866263
5,128,211318720,67,0.216898661,0.142569608,0.018581936,0.570042821
19,128,211318720,67,0.230565321,0.142569608,0.018581936,0.596879988
8,128,211318720,67,0.232211245,0.142569608,0.018581936,0.599733586
15,128,211318720,67,0.234467470,0.142569608,0.018581936,0.602089023
14,128,211318720,67,0.366689858,0.142569608,0.018581936,0.766790224
12,128,211318720,67,0.422451779,0.142569608,0.018581936,0.934420127
2,128,211318720,67,0.452488274,0.142569608,0.018581936,1.015982345
17,128,211318720,67,0.489360347,0.142569608,0.018581936,1.101900525
6,128,211318720,67,0.496363065,0.142569608,0.018581936,1.113738771
7,128,211318720,67,0.505630854,0.142569608,0.018581936,1.122723541
20,128,211318720,67,0.577750989,0.142569608,0.018581936,1.152632786
9,128,211318720,67,0.711151880,0.142569608,0.018581936,1.282874088
4,128,211318720,67,0.727194083,0.142569608,0.018581936,1.297061249
11,128,211318720,67,0.856613387,0.142569608,0.018581936,1.342106255
13,128,211318720,67,1.411737678,0.142569608,0.018581936,1.327439938
16,128,211318720,67,1.442850200,0.142569608,0.018581936,1.337816079
18,128,211318720,67,1.505171246,0.142569608,0.018581936,1.317043067
6,129,211318720,67,0.121464623,0.142569608,0.108856045,0.128164304
5,129,211318720,67,0.230472108,0.142569608,0.108856045,0.596294751
9,129,211318720,67,0.232211245,0.142569608,0.108856045,0.602863844
8,129,211318720,67,0.236408325,0.142569608,0.108856045,0.615412852
12,129,211318720,67,0.243202909,0.142569608,0.108856045,0.631630108
15,129,211318720,67,0.258390635,0.142569608,0.108856045,0.656551587
10,129,211318720,67,0.261704016,0.142569608,0.108856045,0.659943485
13,129,211318720,67,0.271584609,0.142569608,0.108856045,0.666667927
11,129,211318720,67,0.409321724,0.142569608,0.108856045,0.918218144
3,129,211318720,67,0.422451779,0.142569608,0.108856045,0.940264347
18,129,211318720,67,0.436974056,0.142569608,0.108856045,0.954750701
1,129,211318720,67,0.489360347,0.142569608,0.108856045,1.009133220
16,129,211318720,67,0.581521109,0.142569608,0.108856045,1.101612560
4,129,211318720,67,0.627666836,0.142569608,0.108856045,1.120519296
7,129,211318720,67,0.763735157,0.142569608,0.108856045,1.211954535
19,129,211318720,67,0.870095545,0.142569608,0.108856045,1.319032125
17,129,211318720,67,0.876017721,0.142569608,0.108856045,1.321189136
2,129,211318720,67,1.148581697,0.142569608,0.108856045,1.326868113
14,129,211318720,67,1.345101545,0.142569608,0.108856045,1.357146966
20,129,211318720,67,1.368193902,0.142569608,0.108856045,1.349452566
11,130,211318720,67,0.143246377,0.142569608,0.174185216,0.333992058
5,130,211318720,67,0.201286280,0.142569608,0.174185216,0.584941859
4,130,211318720,67,0.204491291,0.142569608,0.174185216,0.596889137
2,130,211318720,67,0.209817303,0.142569608,0.174185216,0.612907499
12,130,211318720,67,0.210742206,0.142569608,0.174185216,0.615120953
15,130,211318720,67,0.236684993,0.142569608,0.174185216,0.658689717
10,130,211318720,67,0.244649358,0.142569608,0.174185216,0.666650526
9,130,211318720,67,0.260743209,0.142569608,0.174185216,0.671507522
20,130,211318720,67,0.436974056,0.142569608,0.174185216,0.961799933
1,130,211318720,67,0.479712491,0.142569608,0.174185216,1.131136908
19,130,211318720,67,0.480370697,0.142569608,0.174185216,1.134023996
3,130,211318720,67,0.484632161,0.142569608,0.174185216,1.149818781
7,130,211318720,67,0.505630854,0.142569608,0.174185216,1.212470394
6,130,211318720,67,0.570672550,0.142569608,0.174185216,1.363786310
13,130,211318720,67,0.575799394,0.142569608,0.174185216,1.372115371
16,130,211318720,67,0.611091554,0.142569608,0.174185216,1.406715302
17,130,211318720,67,0.615280617,0.142569608,0.174185216,1.408164104
14,130,211318720,67,0.808229779,0.142569608,0.174185216,1.437481828
18,130,211318720,67,1.142423237,0.142569608,0.174185216,1.423627222
8,130,211318720,67,1.505171246,0.142569608,0.174185216,1.303924831
19,131,211318720,67,0.121464623,0.142569608,0.021728339,0.281333723
10,131,211318720,67,0.164021072,0.142569608,0.021728339,0.436256569
1,131,211318720,67,0.198160521,0.142569608,0.021728339,0.539459342
5,131,211318720,67,0.201916690,0.142569608,0.021728339,0.548166226
14,131,211318720,67,0.203187046,0.142569608,0.021728339,0.550277825
2,131,211318720,67,0.223586538,0.142569608,0.021728339,0.570859762
17,131,211318720,67,0.241240855,0.142569608,0.021728339,0.577044210
8,131,211318720,67,0.435656761,0.142569608,0.021728339,0.766622141
20,131,211318720,67,0.479916421,0.142569608,0.021728339,0.874335275
12,131,211318720,67,0.497332438,0.142569608,0.021728339,0.935206290
18,131,211318720,67,0.520203290,0.142569608,0.021728339,1.016939191
9,131,211318720,67,0.585278571,0.142569608,0.021728339,1.212906558
13,131,211318720,67,0.611091554,0.142569608,0.021728339,1.273093597
16,131,211318720,67,0.619507724,0.142569608,0.021728339,1.287332609
11,131,211318720,67,0.627666836,0.142569608,0.021728339,1.297799176
15,131,211318720,67,0.643409518,0.142569608,0.021728339,1.321873476
4,131,211318720,67,0.767010536,0.142569608,0.021728339,1.445927486
7,131,211318720,67,0.773538749,0.142569608,0.021728339,1.448074236
6,131,211318720,67,1.404552817,0.142569608,0.021728339,1.331959499
3,131,211318720,67,1.755249417,0.142569608,0.021728339,1.213033711
19,132,211318720,67,0.156859078,0.142569608,0.045407187,0.503125573
5,132,211318720,67,0.163447751,0.142569608,0.045407187,0.545088772
12,132,211318720,67,0.201916690,0.142569608,0.045407187,0.763044170
2,132,211318720,67,0.210742206,0.142569608,0.045407187,0.807388833
13,132,211318720,67,0.212494739,0.142569608,0.045407187,0.815092146
6,132,211318720,67,0.214696194,0.142569608,0.045407187,0.823126060
3,132,211318720,67,0.230472108,0.142569608,0.045407187,0.870257848
11,132,211318720,67,0.231552464,0.142569608,0.045407187,0.872709460
7,132,211318720,67,0.271224328,0.142569608,0.045407187,0.958543553
10,132,211318720,67,0.280030751,0.142569608,0.045407187,0.979020282
9,132,211318720,67,0.294976812,0.142569608,0.045407187,1.009471772
17,132,211318720,67,0.397236570,0.142569608,0.045407187,1.247545265
1,132,211318720,67,0.402263847,0.142569608,0.045407187,1.259538675
18,132,211318720,67,0.430002133,0.142569608,0.045407187,1.317495124
14,132,211318720,67,0.481365940,0.142569608,0.045407187,1.434816442
20,132,211318720,67,0.496799554,0.142569608,0.045407187,1.460781146
16,132,211318720,67,0.555348320,0.142569608,0.045407187,1.519044946
8,132,211318720,67,0.575799394,0.142569608,0.045407187,1.525890169
4,132,211318720,67,0.821008808,0.142569608,0.045407187,1.537144171
15,132,211318720,67,1.226677978,0.142569608,0.045407187,1.402933387
15,133,211318720,67,0.197639146,0.142569608,0.055852830,0.434065937
17,133,211318720,67,0.201916690,0.142569608,0.055852830,0.452761009
2,133,211318720,67,0.230472108,0.142569608,0.055852830,0.556793201
12,133,211318720,67,0.230565321,0.142569608,0.055852830,0.557077467
5,133,211318720,67,0.258390635,0.142569608,0.055852830,0.622982673
11,133,211318720,67,0.260743209,0.142569608,0.055852830,0.628502688
20,133,211318720,67,0.289962109,0.142569608,0.055852830,0.676876070
10,133,211318720,67,0.330469564,0.142569608,0.055852830,0.717666713
3,133,211318720,67,0.397236570,0.142569608,0.055852830,0.844395512
19,133,211318720,67,0.480370697,0.142569608,0.055852830,1.021976853
18,133,211318720,67,0.489360347,0.142569608,0.055852830,1.037799021
8,133,211318720,67,0.494002997,0.142569608,0.055852830,1.045305130
6,133,211318720,67,0.564838374,0.142569608,0.055852830,1.159458120
16,133,211318720,67,0.631062274,0.142569608,0.055852830,1.225974510
1,133,211318720,67,0.643409518,0.142569608,0.055852830,1.230596493
7,133,211318720,67,0.808229779,0.142569608,0.055852830,1.339277257
14,133,211318720,67,0.848876883,0.142569608,0.055852830,1.370545579
4,133,211318720,67,0.966696729,0.142569608,0.055852830,1.410382462
9,133,211318720,67,1.226677978,0.142569608,0.055852830,1.420809192
13,133,211318720,67,1.293796954,0.142569608,0.055852830,1.398438868
12,134,211318720,67,0.114166194,0.142569608,0.007664895,0.053559148
15,134,211318720,67,0.243788411,0.142569608,0.007664895,0.183659851
18,134,211318720,67,0.258351971,0.142569608,0.007664895,0.191129744
5,134,211318720,67,0.397236570,0.142569608,0.007664895,0.500760171
9,134,211318720,67,0.407144390,0.142569608,0.007664895,0.524121195
3,134,211318720,67,0.425918639,0.142569608,0.007664895,0.556278149
20,134,211318720,67,0.452488274,0.142569608,0.007664895,0.600914155
16,134,211318720,67,0.478728149,0.142569608,0.007664895,0.631318235
11,134,211318720,67,0.567346654,0.142569608,0.007664895,0.795709242
14,134,211318720,67,0.615280617,0.142569608,0.007664895,0.907059677
7,134,211318720,67,0.639394657,0.142569608,0.007664895,0.964408366
17,134,211318720,67,0.668732790,0.142569608,0.007664895,1.033099551
6,134,211318720,67,0.710298778,0.142569608,0.007664895,1.101847375
13,134,211318720,67,0.763735157,0.142569608,0.007664895,1.156140368
1,134,211318720,67,0.773538749,0.142569608,0.007664895,1.159000830
2,134,211318720,67,0.954783595,0.142569608,0.007664895,1.193398907
19,134,211318720,67,1.169760915,0.142569608,0.007664895,1.292367058
8,134,211318720,67,1.226677978,0.142569608,0.007664895,1.348877441
10,134,211318720,67,1.285010920,0.142569608,0.007664895,1.368234059
4,134,211318720,67,1.677184906,0.142569608,0.007664895,1.239859755
7,135,211318720,67,0.198160521,0.142569608,0.068774983,0.445660745
6,135,211318720,67,0.205397570,0.142569608,0.068774983,0.477175957
14,135,211318720,67,0.210742206,0.142569608,0.068774983,0.496610474
1,135,211318720,67,0.214696194,0.142569608,0.068774983,0.508529028
8,135,211318720,67,0.258390635,0.142569608,0.068774983,0.614214475
11,135,211318720,67,0.279384594,0.142569608,0.068774983,0.671426982
20,135,211318720,67,0.289962109,0.142569608,0.068774983,0.695650315
17,135,211318720,67,0.330469564,0.142569608,0.068774983,0.763955887
5,135,211318720,67,0.397236570,0.142569608,0.068774983,0.937771091
2,135,211318720,67,0.409321724,0.142569608,0.068774983,0.965608846
9,135,211318720,67,0.478728149,0.142569608,0.068774983,1.153195750
3,135,211318720,67,0.486476637,0.142569608,0.068774983,1.171203724
10,135,211318720,67,0.496363065,0.142569608,0.068774983,1.187344886
19,135,211318720,67,0.564838374,0.142569608,0.068774983,1.282581646
15,135,211318720,67,0.569711265,0.142569608,0.068774983,1.287554182
16,135,211318720,67,0.668732790,0.142569608,0.068774983,1.373249950
4,135,211318720,67,0.733872699,0.142569608,0.068774983,1.395409952
13,135,211318720,67,1.074038657,0.142569608,0.068774983,1.378814728
12,135,211318720,67,1.399229128,0.142569608,0.068774983,1.366165568
18,135,211318720,67,1.755249417,0.142569608,0.068774983,1.247376121
1,136,211318720,67,0.163447751,0.142569608,0.223074958,0.394793374
7,136,211318720,67,0.175844454,0.142569608,0.223074958,0.448383068
2,136,211318720,67,0.200231803,0.142569608,0.223074958,0.537947411
10,136,211318720,67,0.208482977,0.142569608,0.223074958,0.563038280
5,136,211318720,67,0.236408325,0.142569608,0.223074958,0.628498769
3,136,211318720,67,0.243202909,0.142569608,0.223074958,0.640094966
4,136,211318720,67,0.277332429,0.142569608,0.223074958,0.681605341
6,136,211318720,67,0.279384594,0.142569608,0.223074958,0.683794736
20,136,211318720,67,0.407144390,0.142569608,0.223074958,0.782191794
8,136,211318720,67,0.469380687,0.142569608,0.223074958,0.859890993
13,136,211318720,67,0.562011941,0.142569608,0.223074958,1.070264388
19,136,211318720,67,0.575799394,0.142569608,0.223074958,1.111414516
17,136,211318720,67,0.639394657,0.142569608,0.223074958,1.293698870
11,136,211318720,67,0.643409518,0.142569608,0.223074958,1.303104004
12,136,211318720,67,0.655478420,0.142569608,0.223074958,1.328836084
9,136,211318720,67,0.703481386,0.142569608,0.223074958,1.407834768
16,136,211318720,67,0.733872699,0.142569608,0.223074958,1.438590282
18,136,211318720,67,0.790422749,0.142569608,0.223074958,1.493636926
14,136,211318720,67,0.876017721,0.142569608,0.223074958,1.522250713
15,136,211318720,67,1.368193902,0.142569608,0.223074958,1.360641367
6,137,211318720,67,0.143246377,0.142569608,0.170955643,0.466073861
17,137,211318720,67,0.151542328,0.142569608,0.170955643,0.507729690
15,137,211318720,67,0.156859078,0.142569608,0.170955643,0.530868865
16,137,211318720,67,0.160117286,0.142569608,0.170955643,0.545206757
2,137,211318720,67,0.200231803,0.142569608,0.170955643,0.711316501
12,137,211318720,67,0.206154434,0.142569608,0.170955643,0.733034993
1,137,211318720,67,0.240674095,0.142569608,0.170955643,0.837094014
20,137,211318720,67,0.260743209,0.142569608,0.170955643,0.886948394
8,137,211318720,67,0.280030751,0.142569608,0.170955643,0.931200110
14,137,211318720,67,0.298832886,0.142569608,0.170955643,0.962558610
7,137,211318720,67,0.313984077,0.142569608,0.170955643,0.980571922
18,137,211318720,67,0.397236570,0.142569608,0.170955643,1.064128469
9,137,211318720,67,0.452488274,0.142569608,0.170955643,1.099177875
19,137,211318720,67,0.569711265,0.142569608,0.170955643,1.248264047
10,137,211318720,67,0.628578231,0.142569608,0.170955643,1.305657434
3,137,211318720,67,0.631062274,0.142569608,0.170955643,1.306420576
4,137,211318720,67,0.790422749,0.142569608,0.170955643,1.430795579
13,137,211318720,67,0.808229779,0.142569608,0.170955643,1.436504032
11,137,211318720,67,1.285010920,0.142569608,0.170955643,1.374888248
5,137,211318720,67,1.399229128,0.142569608,0.170955643,1.336820373
15,138,211318720,67,0.160117286,0.142569608,0.047275867,0.388464360
12,138,211318720,67,0.175844454,0.142569608,0.047275867,0.456445354
5,138,211318720,67,0.189604911,0.142569608,0.047275867,0.506606466
13,138,211318720,67,0.212135629,0.142569608,0.047275867,0.573709252
4,138,211318720,67,0.234467470,0.142569608,0.047275867,0.626812564
16,138,211318720,67,0.243788411,0.142569608,0.047275867,0.642293727
10,138,211318720,67,0.252307820,0.142569608,0.047275867,0.650892666
3,138,211318720,67,0.298832886,0.142569608,0.047275867,0.669333972
19,138,211318720,67,0.435656761,0.142569608,0.047275867,0.808456242
17,138,211318720,67,0.459765279,0.142569608,0.047275867,0.847992222
8,138,211318720,67,0.564838374,0.142569608,0.047275867,1.025383173
6,138,211318720,67,0.570672550,0.142569608,0.047275867,1.035165655
2,138,211318720,67,0.639394657,0.142569608,0.047275867,1.131710468
1,138,211318720,67,0.668732790,0.142569608,0.047275867,1.172311712
14,138,211318720,67,0.741574597,0.142569608,0.047275867,1.335586955
7,138,211318720,67,0.796498422,0.142569608,0.047275867,1.428136866
20,138,211318720,67,0.808229779,0.142569608,0.047275867,1.440214696
18,138,211318720,67,0.821008808,0.142569608,0.047275867,1.450957903
9,138,211318720,67,0.954783595,0.142569608,0.047275867,1.496265735
11,138,211318720,67,1.399229128,0.142569608,0.047275867,1.350548799
11,139,211318720,67,0.114166194,0.142569608,0.007762479,0.267702316
13,139,211318720,67,0.151542328,0.142569608,0.007762479,0.404201317
8,139,211318720,67,0.200231803,0.142569608,0.007762479,0.550482582
3,139,211318720,67,0.203187046,0.142569608,0.007762479,0.556737108
4,139,211318720,67,0.206154434,0.142569608,0.007762479,0.561665775
20,139,211318720,67,0.208482977,0.142569608,0.007762479,0.563971987
15,139,211318720,67,0.242157230,0.142569608,0.007762479,0.575004598
5,139,211318720,67,0.430002133,0.142569608,0.007762479,0.766782443
19,139,211318720,67,0.459765279,0.142569608,0.007762479,0.834230098
10,139,211318720,67,0.496799554,0.142569608,0.007762479,0.897037727
16,139,211318720,67,0.520203290,0.142569608,0.007762479,0.933875659
12,139,211318720,67,0.575799394,0.142569608,0.007762479,0.989542276
1,139,211318720,67,0.643409518,0.142569608,0.007762479,1.049643574
7,139,211318720,67,0.727194083,0.142569608,0.007762479,1.117061054
9,139,211318720,67,0.808229779,0.142569608,0.007762479,1.143849596
14,139,211318720,67,1.142423237,0.142569608,0.007762479,1.127569603
6,139,211318720,67,1.411737678,0.142569608,0.007762479,1.133456327
17,139,211318720,67,1.672123490,0.142569608,0.007762479,1.234386468
2,139,211318720,67,1.677184906,0.142569608,0.007762479,1.236285406
18,139,211318720,67,2.067721695,0.142569608,0.007762479,1.108056121
15,140,211318720,67,0.180989575,0.142569608,0.060579754,0.683528441
5,140,211318720,67,0.189975787,0.142569608,0.060579754,0.752488938
1,140,211318720,67,0.197639146,0.142569608,0.060579754,0.805986225
6,140,211318720,67,0.201916690,0.142569608,0.060579754,0.833014170
19,140,211318720,67,0.209817303,0.142569608,0.060579754,0.877915643
3,140,211318720,67,0.234467470,0.142569608,0.060579754,1.000794262
2,140,211318720,67,0.236408325,0.142569608,0.060579754,1.009227905
8,140,211318720,67,0.244105060,0.142569608,0.060579754,1.037475634
14,140,211318720,67,0.252307820,0.142569608,0.060579754,1.061439056
16,140,211318720,67,0.258351971,0.142569608,0.060579754,1.075649085
10,140,211318720,67,0.271584609,0.142569608,0.060579754,1.096962955
7,140,211318720,67,0.313984077,0.142569608,0.060579754,1.140112766
11,140,211318720,67,0.320264087,0.142569608,0.060579754,1.142259705
4,140,211318720,67,0.469380687,0.142569608,0.060579754,1.227384934
17,140,211318720,67,0.548705179,0.142569608,0.060579754,1.253696819
20,140,211318720,67,1.226677978,0.142569608,0.060579754,1.139297284
13,140,211318720,67,1.345101545,0.142569608,0.060579754,1.179387271
9,140,211318720,67,1.502283313,0.142569608,0.060579754,1.274731943
18,140,211318720,67,1.562845948,0.142569608,0.060579754,1.294550383
12,140,211318720,67,1.672123490,0.142569608,0.060579754,1.258125404
6,141,211318720,67,0.175844454,0.142569608,0.151815861,0.241998536
19,141,211318720,67,0.201286280,0.142569608,0.151815861,0.302388216
14,141,211318720,67,0.206154434,0.142569608,0.151815861,0.310584640
7,141,211318720,67,0.280030751,0.142569608,0.151815861,0.393026866
12,141,211318720,67,0.297102798,0.142569608,0.151815861,0.428067461
20,141,211318720,67,0.409321724,0.142569608,0.151815861,0.759505431
15,141,211318720,67,0.422451779,0.142569608,0.151815861,0.798898465
17,141,211318720,67,0.430002133,0.142569608,0.151815861,0.820076273
1,141,211318720,67,0.459765279,0.142569608,0.151815861,0.889581801
3,141,211318720,67,0.480370697,0.142569608,0.151815861,0.923752364
11,141,211318720,67,0.496799554,0.142569608,0.151815861,0.948345096
4,141,211318720,67,0.567346654,0.142569608,0.151815861,1.022384484
13,141,211318720,67,0.627666836,0.142569608,0.151815861,1.083569817
9,141,211318720,67,0.703481386,0.142569608,0.151815861,1.109276494
8,141,211318720,67,0.870095545,0.142569608,0.151815861,1.150297275
16,141,211318720,67,1.074038657,0.142569608,0.151815861,1.177558672
5,141,211318720,67,1.226677978,0.142569608,0.151815861,1.239268211
18,141,211318720,67,1.345101545,0.142569608,0.151815861,1.278770802
2,141,211318720,67,1.502283313,0.142569608,0.151815861,1.322407066
10,141,211318720,67,2.067721695,0.142569608,0.151815861,1.135614012
12,142,211318720,67,0.190217740,0.142569608,0.137175962,0.591276236
20,142,211318720,67,0.203187046,0.142569608,0.137175962,0.656289763
13,142,211318720,67,0.206154434,0.142569608,0.137175962,0.669040112
19,142,211318720,67,0.208482977,0.142569608,0.137175962,0.677458934
1,142,211318720,67,0.224973196,0.142569608,0.137175962,0.726793619
3,142,211318720,67,0.232211245,0.142569608,0.137175962,0.743993806
2,142,211318720,67,0.236684993,0.142569608,0.137175962,0.751567537
9,142,211318720,67,0.240674095,0.142569608,0.137175962,0.755760030
15,142,211318720,67,0.297102798,0.142569608,0.137175962,0.780944872
6,142,211318720,67,0.430002133,0.142569608,0.137175962,0.984707962
18,142,211318720,67,0.489360347,0.142569608,0.137175962,1.124172263
7,142,211318720,67,0.494002997,0.142569608,0.137175962,1.131823232
14,142,211318720,67,0.497332438,0.142569608,0.137175962,1.135106149
17,142,211318720,67,0.570672550,0.142569608,0.137175962,1.190578340
8,142,211318720,67,0.668732790,0.142569608,0.137175962,1.313876860
16,142,211318720,67,0.727194083,0.142569608,0.137175962,1.373402736
4,142,211318720,67,0.758908371,0.142569608,0.137175962,1.384302868
10,142,211318720,67,1.211169919,0.142569608,0.137175962,1.330348530
11,142,211318720,67,1.502283313,0.142569608,0.137175962,1.330128212
5,142,211318720,67,2.004665860,0.142569608,0.137175962,1.166556313
12,143,211318720,67,0.121464623,0.142569608,0.080210559,0.258608228
8,143,211318720,67,0.160117286,0.142569608,0.080210559,0.395516581
16,143,211318720,67,0.175844454,0.142569608,0.080210559,0.442307252
15,143,211318720,67,0.212494739,0.142569608,0.080210559,0.544236626
19,143,211318720,67,0.225803229,0.142569608,0.080210559,0.574865228
6,143,211318720,67,0.232211245,0.142569608,0.080210559,0.585604103
20,143,211318720,67,0.271584609,0.142569608,0.080210559,0.625227692
7,143,211318720,67,0.330469564,0.142569608,0.080210559,0.643799468
4,143,211318720,67,0.505630854,0.142569608,0.080210559,0.836033897
18,143,211318720,67,0.548705179,0.142569608,0.080210559,0.961428801
9,143,211318720,67,0.575799394,0.142569608,0.080210559,1.053194369
14,143,211318720,67,0.609499617,0.142569608,0.080210559,1.155114456
5,143,211318720,67,0.628578231,0.142569608,0.080210559,1.200242904
10,143,211318720,67,0.668732790,0.142569608,0.080210559,1.280826189
13,143,211318720,67,0.678269687,0.142569608,0.080210559,1.296315453
2,143,211318720,67,0.703481386,0.142569608,0.080210559,1.321999699
1,143,211318720,67,0.790422749,0.142569608,0.080210559,1.349419361
3,143,211318720,67,0.966696729,0.142569608,0.080210559,1.386044188
11,143,211318720,67,1.442401680,0.142569608,0.080210559,1.321351847
17,143,211318720,67,1.677184906,0.142569608,0.080210559,1.243976610
7,144,211318720,67,0.160117286,0.142569608,0.134402514,0.167988264
9,144,211318720,67,0.203187046,0.142569608,0.134402514,0.239718538
16,144,211318720,67,0.225803229,0.142569608,0.134402514,0.261992637
14,144,211318720,67,0.297102798,0.142569608,0.134402514,0.331634252
10,144,211318720,67,0.402074486,0.142569608,0.134402514,0.562847292
1,144,211318720,67,0.409321724,0.142569608,0.134402514,0.584977245
8,144,211318720,67,0.479712491,0.142569608,0.134402514,0.762712732
12,144,211318720,67,0.480370697,0.142569608,0.134402514,0.764754693
13,144,211318720,67,0.494002997,0.142569608,0.134402514,0.802600906
6,144,211318720,67,0.537873555,0.142569608,0.134402514,0.905237685
2,144,211318720,67,0.609499617,0.142569608,0.134402514,1.069380371
11,144,211318720,67,0.615872459,0.142569608,0.134402514,1.084323714
4,144,211318720,67,0.627666836,0.142569608,0.134402514,1.104328728
15,144,211318720,67,0.703481386,0.142569608,0.134402514,1.180242979
5,144,211318720,67,0.733872699,0.142569608,0.134402514,1.190757745
18,144,211318720,67,1.302940102,0.142569608,0.134402514,1.116964629
20,144,211318720,67,1.411737678,0.142569608,0.134402514,1.243702425
3,144,211318720,67,1.472313539,0.142569608,0.134402514,1.304714132
19,144,211318720,67,1.502283313,0.142569608,0.134402514,1.314705576
17,144,211318720,67,1.562845948,0.142569608,0.134402514,1.294519753
2,145,211318720,67,0.156859078,0.142569608,0.086446531,0.363640729
3,145,211318720,67,0.171868971,0.142569608,0.086446531,0.408343524
6,145,211318720,67,0.189604911,0.142569608,0.086446531,0.449880222
16,145,211318720,67,0.189975787,0.142569608,0.086446531,0.450432820
19,145,211318720,67,0.204491291,0.142569608,0.086446531,0.465539003
1,145,211318720,67,0.271584609,0.142569608,0.086446531,0.504472644
15,145,211318720,67,0.402074486,0.142569608,0.086446531,0.861447993
4,145,211318720,67,0.407324411,0.142569608,0.086446531,0.877359299
8,145,211318720,67,0.409321724,0.142569608,0.086446531,0.882101931
9,145,211318720,67,0.459765279,0.142569608,0.086446531,0.980513844
17,145,211318720,67,0.473358151,0.142569608,0.086446531,1.010197157
7,145,211318720,67,0.489360347,0.142569608,0.086446531,1.047796758
10,145,211318720,67,0.581521109,0.142569608,0.086446531,1.308714339
14,145,211318720,67,0.609499617,0.142569608,0.086446531,1.374502977
13,145,211318720,67,0.611091554,0.142569608,0.086446531,1.377261364
12,145,211318720,67,0.643409518,0.142569608,0.086446531,1.409933540
11,145,211318720,67,0.645678060,0.142569608,0.086446531,1.410745591
20,145,211318720,67,0.876017721,0.142569608,0.086446531,1.428959575
5,145,211318720,67,1.226677978,0.142569608,0.086446531,1.407204624
18,145,211318720,67,1.516026422,0.142569608,0.086446531,1.311421179
3,146,211318720,67,0.143246377,0.142569608,0.024700873,0.353437919
12,146,211318720,67,0.151542328,0.142569608,0.024700873,0.389291060
18,146,211318720,67,0.205397570,0.142569608,0.024700873,0.667542981
20,146,211318720,67,0.209496986,0.142569608,0.024700873,0.688004941
2,146,211318720,67,0.221176057,0.142569608,0.024700873,0.738764471
14,146,211318720,67,0.230565321,0.142569608,0.024700873,0.773447389
5,146,211318720,67,0.243788411,0.142569608,0.024700873,0.813309211
17,146,211318720,67,0.280030751,0.142569608,0.024700873,0.898595471
9,146,211318720,67,0.294976812,0.142569608,0.024700873,0.923562324
15,146,211318720,67,0.297102798,0.142569608,0.024700873,0.925791146
11,146,211318720,67,0.330469564,0.142569608,0.024700873,0.936120848
6,146,211318720,67,0.486476637,0.142569608,0.024700873,1.025713938
10,146,211318720,67,0.562011941,0.142569608,0.024700873,1.139262133
7,146,211318720,67,0.631062274,0.142569608,0.024700873,1.260677592
16,146,211318720,67,0.643409518,0.142569608,0.024700873,1.281432910
1,146,211318720,67,0.711151880,0.142569608,0.024700873,1.350077831
4,146,211318720,67,0.758908371,0.142569608,0.024700873,1.396139709
13,146,211318720,67,0.856613387,0.142569608,0.024700873,1.448897490
19,146,211318720,67,0.967984072,0.142569608,0.024700873,1.486239984
8,146,211318720,67,1.411737678,0.142569608,0.024700873,1.339619341
12,147,211318720,67,0.190217740,0.142569608,0.015189452,0.224787314
8,147,211318720,67,0.201916690,0.142569608,0.015189452,0.244261361
19,147,211318720,67,0.234467470,0.142569608,0.015189452,0.276122612
11,147,211318720,67,0.297102798,0.142569608,0.015189452,0.300882538
18,147,211318720,67,0.435656761,0.142569608,0.015189452,0.576482990
7,147,211318720,67,0.469380687,0.142569608,0.015189452,0.691519685
1,147,211318720,67,0.473358151,0.142569608,0.015189452,0.706052668
14,147,211318720,67,0.486476637,0.142569608,0.015189452,0.745869186
2,147,211318720,67,0.555348320,0.142569608,0.015189452,0.906345185
4,147,211318720,67,0.562011941,0.142569608,0.015189452,0.918206415
17,147,211318720,67,0.591796632,0.142569608,0.015189452,0.987137299
13,147,211318720,67,0.611091554,0.142569608,0.015189452,1.032741738
15,147,211318720,67,0.703481386,0.142569608,0.015189452,1.187285465
5,147,211318720,67,0.710298778,0.142569608,0.015189452,1.194263470
20,147,211318720,67,0.729121023,0.142569608,0.015189452,1.210662516
16,147,211318720,67,0.856613387,0.142569608,0.015189452,1.253604194
6,147,211318720,67,1.067875615,0.142569608,0.015189452,1.415080724
10,147,211318720,67,1.074038657,0.142569608,0.015189452,1.421249955
9,147,211318720,67,1.142423237,0.142569608,0.015189452,1.444047279
3,147,211318720,67,1.169760915,0.142569608,0.015189452,1.434935761
17,148,211318720,67,0.164021072,0.142569608,0.066866122,0.425281419
4,148,211318720,67,0.171868971,0.142569608,0.066866122,0.458949354
9,148,211318720,67,0.203187046,0.142569608,0.066866122,0.573805458
1,148,211318720,67,0.216898661,0.142569608,0.066866122,0.614646901
5,148,211318720,67,0.224973196,0.142569608,0.066866122,0.633674097
15,148,211318720,67,0.234467470,0.142569608,0.066866122,0.649834507
2,148,211318720,67,0.236408325,0.142569608,0.066866122,0.651872378
10,148,211318720,67,0.289962109,0.142569608,0.066866122,0.690317464
3,148,211318720,67,0.401365222,0.142569608,0.066866122,0.851037694
19,148,211318720,67,0.473358151,0.142569608,0.066866122,0.970723300
20,148,211318720,67,0.481365940,0.142569608,0.066866122,0.978678197
18,148,211318720,67,0.494002997,0.142569608,0.066866122,0.983231717
12,148,211318720,67,0.678269687,0.142569608,0.066866122,1.229255692
16,148,211318720,67,0.711151880,0.142569608,0.066866122,1.350017604
8,148,211318720,67,0.733872699,0.142569608,0.066866122,1.418391025
6,148,211318720,67,0.767010536,0.142569608,0.066866122,1.495665978
11,148,211318720,67,0.790422749,0.142569608,0.066866122,1.534850082
7,148,211318720,67,0.796498422,0.142569608,0.066866122,1.541117912
13,148,211318720,67,0.808229779,0.142569608,0.066866122,1.544907619
14,148,211318720,67,1.238411982,0.142569608,0.066866122,1.404090563
4,149,211318720,67,0.121464623,0.142569608,0.026493896,0.311226759
9,149,211318720,67,0.171868971,0.142569608,0.026493896,0.509892369
18,149,211318720,67,0.189604911,0.142569608,0.026493896,0.574742027
8,149,211318720,67,0.190217740,0.142569608,0.026493896,0.576580793
5,149,211318720,67,0.194298324,0.142569608,0.026493896,0.586075833
19,149,211318720,67,0.201286280,0.142569608,0.026493896,0.597646146
20,149,211318720,67,0.242157230,0.142569608,0.026493896,0.638081133
3,149,211318720,67,0.294976812,0.142569608,0.026493896,0.682174721
6,149,211318720,67,0.407144390,0.142569608,0.026493896,0.880093262
10,149,211318720,67,0.430002133,0.142569608,0.026493896,0.918258250
13,149,211318720,67,0.480370697,0.142569608,0.026493896,0.996803474
12,149,211318720,67,0.489894567,0.142569608,0.026493896,1.008689001
17,149,211318720,67,0.581521109,0.142569608,0.026493896,1.157121371
11,149,211318720,67,0.628578231,0.142569608,0.026493896,1.232189089
1,149,211318720,67,0.639394657,0.142569608,0.026493896,1.256093045
2,149,211318720,67,0.741574597,0.142569608,0.026493896,1.428293444
16,149,211318720,67,0.758908371,0.142569608,0.026493896,1.445856983
14,149,211318720,67,0.773089545,0.142569608,0.026493896,1.449732566
7,149,211318720,67,1.226677978,0.142569608,0.026493896,1.399459798
15,149,211318720,67,1.411737678,0.142569608,0.026493896,1.337879677
18,150,211318720,67,0.212135629,0.142569608,0.009519974,0.288610212
4,150,211318720,67,0.258390635,0.142569608,0.009519974,0.428033599
14,150,211318720,67,0.271584609,0.142569608,0.009519974,0.465644115
9,150,211318720,67,0.280030751,0.142569608,0.009519974,0.485131803
1,150,211318720,67,0.289962109,0.142569608,0.009519974,0.501704476
12,150,211318720,67,0.313984077,0.142569608,0.009519974,0.539937936
8,150,211318720,67,0.403903668,0.142569608,0.009519974,0.818638531
19,150,211318720,67,0.435656761,0.142569608,0.009519974,0.913752451
13,150,211318720,67,0.463765996,0.142569608,0.009519974,0.980060012
10,150,211318720,67,0.469380687,0.142569608,0.009519974,0.989480622
3,150,211318720,67,0.478728149,0.142569608,0.009519974,0.998456748
6,150,211318720,67,0.489360347,0.142569608,0.009519974,1.002034051
16,150,211318720,67,0.741574597,0.142569608,0.009519974,1.118385247
2,150,211318720,67,0.763735157,0.142569608,0.009519974,1.155457153
11,150,211318720,67,0.856613387,0.142569608,0.009519974,1.270273060
17,150,211318720,67,0.876017721,0.142569608,0.009519974,1.289492360
7,150,211318720,67,0.967984072,0.142569608,0.009519974,1.321268142
20,150,211318720,67,1.404552817,0.142569608,0.009519974,1.292700162
5,150,211318720,67,1.516026422,0.142569608,0.009519974,1.330197161
15,150,211318720,67,1.562845948,0.142569608,0.009519974,1.314595174
8,151,211318720,67,0.171868971,0.142569608,0.024290156,0.308304291
5,151,211318720,67,0.175844454,0.142569608,0.024290156,0.320324154
11,151,211318720,67,0.232211245,0.142569608,0.024290156,0.452662720
19,151,211318720,67,0.241240855,0.142569608,0.024290156,0.467714970
12,151,211318720,67,0.252307820,0.142569608,0.024290156,0.479026045
3,151,211318720,67,0.277332429,0.142569608,0.024290156,0.495237403
1,151,211318720,67,0.409321724,0.142569608,0.024290156,0.690908175
16,151,211318720,67,0.469380687,0.142569608,0.024290156,0.869445783
13,151,211318720,67,0.478728149,0.142569608,0.024290156,0.891151038
15,151,211318720,67,0.496363065,0.142569608,0.024290156,0.934548870
6,151,211318720,67,0.537873555,0.142569608,0.024290156,1.030675179
7,151,211318720,67,0.555348320,0.142569608,0.024290156,1.059620894
17,151,211318720,67,0.627666836,0.142569608,0.024290156,1.161584702
4,151,211318720,67,0.628578231,0.142569608,0.024290156,1.162569694
9,151,211318720,67,0.727194083,0.142569608,0.024290156,1.195884543
20,151,211318720,67,0.870095545,0.142569608,0.024290156,1.284425952
10,151,211318720,67,0.954783595,0.142569608,0.024290156,1.313201304
2,151,211318720,67,1.211169919,0.142569608,0.024290156,1.321437018
14,151,211318720,67,1.368193902,0.142569608,0.024290156,1.364539497
18,151,211318720,67,1.404552817,0.142569608,0.024290156,1.352424767
15,152,211318720,67,0.120652983,0.142569608,0.000215521,0.119491515
16,152,211318720,67,0.189672613,0.142569608,0.000215521,0.307271247
14,152,211318720,67,0.231552464,0.142569608,0.000215521,0.461533593
6,152,211318720,67,0.277332429,0.142569608,0.000215521,0.599355175
11,152,211318720,67,0.279384594,0.142569608,0.000215521,0.604243198
7,152,211318720,67,0.297102798,0.142569608,0.000215521,0.640014990
8,152,211318720,67,0.298832886,0.142569608,0.000215521,0.642904162
20,152,211318720,67,0.330469564,0.142569608,0.000215521,0.674785670
4,152,211318720,67,0.430002133,0.142569608,0.000215521,0.902499449
17,152,211318720,67,0.473358151,0.142569608,0.000215521,1.002354271
19,152,211318720,67,0.489894567,0.142569608,0.000215521,1.031704002
10,152,211318720,67,0.497332438,0.142569608,0.000215521,1.044171095
18,152,211318720,67,0.537873555,0.142569608,0.000215521,1.085010703
12,152,211318720,67,0.628578231,0.142569608,0.000215521,1.116475776
13,152,211318720,67,0.954783595,0.142569608,0.000215521,1.124445438
3,152,211318720,67,1.067875615,0.142569608,0.000215521,1.249389799
5,152,211318720,67,1.142423237,0.142569608,0.000215521,1.322132536
1,152,211318720,67,1.148581697,0.142569608,0.000215521,1.324384435
9,152,211318720,67,1.505171246,0.142569608,0.000215521,1.300692813
2,152,211318720,67,2.067721695,0.142569608,0.000215521,1.114506833
6,153,211318720,67,0.151542328,0.142569608,0.023904189,0.385656552
11,153,211318720,67,0.156859078,0.142569608,0.023904189,0.401850312
7,153,211318720,67,0.175844454,0.142569608,0.023904189,0.446327219
19,153,211318720,67,0.201286280,0.142569608,0.023904189,0.488711686
15,153,211318720,67,0.203187046,0.142569608,0.023904189,0.490701355
16,153,211318720,67,0.225803229,0.142569608,0.023904189,0.497850179
14,153,211318720,67,0.403903668,0.142569608,0.023904189,0.789794174
5,153,211318720,67,0.422451779,0.142569608,0.023904189,0.845275965
10,153,211318720,67,0.452488274,0.142569608,0.023904189,0.915404072
8,153,211318720,67,0.469380687,0.142569608,0.023904189,0.943528104
20,153,211318720,67,0.497332438,0.142569608,0.023904189,0.994850078
13,153,211318720,67,0.505630854,0.142569608,0.023904189,1.008895399
17,153,211318720,67,0.615872459,0.142569608,0.023904189,1.188574517
9,153,211318720,67,0.628578231,0.142569608,0.023904189,1.209743929
2,153,211318720,67,0.678269687,0.142569608,0.023904189,1.260363204
12,153,211318720,67,0.733872699,0.142569608,0.023904189,1.315595724
18,153,211318720,67,0.821008808,0.142569608,0.023904189,1.343548704
4,153,211318720,67,1.285010920,0.142569608,0.023904189,1.282211639
1,153,211318720,67,1.516026422,0.142569608,0.023904189,1.300455823
3,153,211318720,67,2.067721695,0.142569608,0.023904189,1.116853439
14,154,211318720,67,0.156859078,0.142569608,0.056970734,0.396389640
10,154,211318720,67,0.189975787,0.142569608,0.056970734,0.540865688
8,154,211318720,67,0.201286280,0.142569608,0.056970734,0.589681611
2,154,211318720,67,0.204491291,0.142569608,0.056970734,0.601519193
19,154,211318720,67,0.216898661,0.142569608,0.056970734,0.638685607
6,154,211318720,67,0.242157230,0.142569608,0.056970734,0.710251621
16,154,211318720,67,0.244649358,0.142569608,0.056970734,0.716215957
15,154,211318720,67,0.271584609,0.142569608,0.056970734,0.770018773
5,154,211318720,67,0.330469564,0.142569608,0.056970734,0.874398446
12,154,211318720,67,0.366689858,0.142569608,0.056970734,0.935402506
13,154,211318720,67,0.401365222,0.142569608,0.056970734,0.969815613
17,154,211318720,67,0.463765996,0.142569608,0.056970734,1.020366686
18,154,211318720,67,0.562011941,0.142569608,0.056970734,1.178135550
7,154,211318720,67,0.609499617,0.142569608,0.056970734,1.253063310
3,154,211318720,67,0.611091554,0.142569608,0.056970734,1.254914611
11,154,211318720,67,0.710298778,0.142569608,0.056970734,1.329454961
4,154,211318720,67,0.790422749,0.142569608,0.056970734,1.356704429
20,154,211318720,67,1.302940102,0.142569608,0.056970734,1.279124630
1,154,211318720,67,1.562845948,0.142569608,0.056970734,1.288779068
9,154,211318720,67,2.067721695,0.142569608,0.056970734,1.122897255
4,155,211318720,67,0.156859078,0.142569608,0.005510300,0.498476709
5,155,211318720,67,0.180989575,0.142569608,0.005510300,0.635173446
19,155,211318720,67,0.189975787,0.142569608,0.005510300,0.679246533
1,155,211318720,67,0.203187046,0.142569608,0.005510300,0.737066133
6,155,211318720,67,0.209817303,0.142569608,0.005510300,0.761930303
16,155,211318720,67,0.216898661,0.142569608,0.005510300,0.783262772
14,155,211318720,67,0.225803229,0.142569608,0.005510300,0.804121701
18,155,211318720,67,0.244649358,0.142569608,0.005510300,0.836007760
7,155,211318720,67,0.260743209,0.142569608,0.005510300,0.852183186
11,155,211318720,67,0.289962109,0.142569608,0.005510300,0.860454014
13,155,211318720,67,0.478728149,0.142569608,0.005510300,1.175731734
2,155,211318720,67,0.494002997,0.142569608,0.005510300,1.211406815
20,155,211318720,67,0.496363065,0.142569608,0.005510300,1.215281882
9,155,211318720,67,0.498231948,0.142569608,0.005510300,1.217174503
17,155,211318720,67,0.569711265,0.142569608,0.005510300,1.286229550
10,155,211318720,67,0.645678060,0.142569608,0.005510300,1.311399542
15,155,211318720,67,0.790422749,0.142569608,0.005510300,1.532854212
3,155,211318720,67,0.796498422,0.142569608,0.005510300,1.539045129
12,155,211318720,67,0.808229779,0.142569608,0.005510300,1.543007671
8,155,211318720,67,2.067721695,0.142569608,0.005510300,1.124507856
13,156,211318720,67,0.160117286,0.142569608,0.043311436,0.442346271
4,156,211318720,67,0.171868971,0.142569608,0.043311436,0.493501527
7,156,211318720,67,0.189672613,0.142569608,0.043311436,0.558836902
16,156,211318720,67,0.197639146,0.142569608,0.043311436,0.582698848
5,156,211318720,67,0.204491291,0.142569608,0.043311436,0.598782724
12,156,211318720,67,0.224973196,0.142569608,0.043311436,0.633459726
10,156,211318720,67,0.258390635,0.142569608,0.043311436,0.666427683
11,156,211318720,67,0.280030751,0.142569608,0.043311436,0.687247293
18,156,211318720,67,0.402074486,0.142569608,0.043311436,0.792075705
1,156,211318720,67,0.496363065,0.142569608,0.043311436,0.981644652
14,156,211318720,67,0.497332438,0.142569608,0.043311436,0.984200380
8,156,211318720,67,0.577750989,0.142569608,0.043311436,1.201433840
6,156,211318720,67,0.581521109,0.142569608,0.043311436,1.210327029
3,156,211318720,67,0.615280617,0.142569608,0.043311436,1.265578005
15,156,211318720,67,0.639394657,0.142569608,0.043311436,1.302033680
17,156,211318720,67,0.678269687,0.142569608,0.043311436,1.341237694
9,156,211318720,67,0.763735157,0.142569608,0.043311436,1.371523369
20,156,211318720,67,1.142423237,0.142569608,0.043311436,1.344567565
2,156,211318720,67,1.345101545,0.142569608,0.043311436,1.373942513
19,156,211318720,67,1.505171246,0.142569608,0.043311436,1.320895022
18,157,211318720,67,0.189672613,0.142569608,0.056628574,0.532412856
19,157,211318720,67,0.212135629,0.142569608,0.056628574,0.659532894
8,157,211318720,67,0.223586538,0.142569608,0.056628574,0.716288941
10,157,211318720,67,0.225803229,0.142569608,0.056628574,0.725698584
1,157,211318720,67,0.231552464,0.142569608,0.056628574,0.746052851
17,157,211318720,67,0.241240855,0.142569608,0.056628574,0.775386367
2,157,211318720,67,0.243202909,0.142569608,0.056628574,0.780482068
15,157,211318720,67,0.243788411,0.142569608,0.056628574,0.781848370
14,157,211318720,67,0.313984077,0.142569608,0.056628574,0.933555065
6,157,211318720,67,0.330469564,0.142569608,0.056628574,0.972655902
4,157,211318720,67,0.384766570,0.142569608,0.056628574,1.083146930
9,157,211318720,67,0.407324411,0.142569608,0.056628574,1.120965897
16,157,211318720,67,0.452488274,0.142569608,0.056628574,1.177412981
5,157,211318720,67,0.498231948,0.142569608,0.056628574,1.222799709
20,157,211318720,67,0.577750989,0.142569608,0.056628574,1.277554851
3,157,211318720,67,0.678269687,0.142569608,0.056628574,1.332140596
11,157,211318720,67,0.790422749,0.142569608,0.056628574,1.369945267
7,157,211318720,67,1.169760915,0.142569608,0.056628574,1.348527988
12,157,211318720,67,1.302940102,0.142569608,0.056628574,1.392852602
13,157,211318720,67,1.404552817,0.142569608,0.056628574,1.358986574
16,158,211318720,67,0.163447751,0.142569608,0.001877594,0.348058265
3,158,211318720,67,0.175844454,0.142569608,0.001877594,0.402045435
14,158,211318720,67,0.197639146,0.142569608,0.001877594,0.482156157
18,158,211318720,67,0.210742206,0.142569608,0.001877594,0.520810106
17,158,211318720,67,0.243788411,0.142569608,0.001877594,0.597430237
19,158,211318720,67,0.271584609,0.142569608,0.001877594,0.654821080
6,158,211318720,67,0.294976812,0.142569608,0.001877594,0.701310533
9,158,211318720,67,0.298832886,0.142569608,0.001877594,0.707655208
12,158,211318720,67,0.397236570,0.142569608,0.001877594,0.837458553
20,158,211318720,67,0.425918639,0.142569608,0.001877594,0.870621931
11,158,211318720,67,0.494002997,0.142569608,0.001877594,1.017545955
13,158,211318720,67,0.562011941,0.142569608,0.001877594,1.165034363
15,158,211318720,67,0.569711265,0.142569608,0.001877594,1.178188263
10,158,211318720,67,0.585278571,0.142569608,0.001877594,1.193240738
7,158,211318720,67,0.655478420,0.142569608,0.001877594,1.215946079
8,158,211318720,67,0.876017721,0.142569608,0.001877594,1.271197725
5,158,211318720,67,0.967984072,0.142569608,0.001877594,1.330687185
2,158,211318720,67,1.067875615,0.142569608,0.001877594,1.363728731
4,158,211318720,67,1.345101545,0.142569608,0.001877594,1.365646209
1,158,211318720,67,1.442850200,0.142569608,0.001877594,1.333064316
10,159,211318720,67,0.151542328,0.142569608,0.078219682,0.420821890
11,159,211318720,67,0.156859078,0.142569608,0.078219682,0.440407650
4,159,211318720,67,0.189672613,0.142569608,0.078219682,0.539039688
2,159,211318720,67,0.194298324,0.142569608,0.078219682,0.549858760
15,159,211318720,67,0.200231803,0.142569608,0.078219682,0.560004951
6,159,211318720,67,0.221176057,0.142569608,0.078219682,0.580921152
17,159,211318720,67,0.243788411,0.142569608,0.078219682,0.588325013
3,159,211318720,67,0.435656761,0.142569608,0.078219682,0.706987871
20,159,211318720,67,0.481365940,0.142569608,0.078219682,0.787122341
18,159,211318720,67,0.555348320,0.142569608,0.078219682,0.929500666
8,159,211318720,67,0.567346654,0.142569608,0.078219682,0.949213526
9,159,211318720,67,0.619507724,0.142569608,0.078219682,1.014643963
13,159,211318720,67,0.668732790,0.142569608,0.078219682,1.063320433
14,159,211318720,67,0.741574597,0.142569608,0.078219682,1.130048841
12,159,211318720,67,0.821008808,0.142569608,0.078219682,1.160831006
16,159,211318720,67,0.954783595,0.142569608,0.078219682,1.206976091
19,159,211318720,67,1.226677978,0.142569608,0.078219682,1.267378420
7,159,211318720,67,1.285010920,0.142569608,0.078219682,1.286756278
1,159,211318720,67,1.442401680,0.142569608,0.078219682,1.328266583
5,159,211318720,67,1.472313539,0.142569608,0.078219682,1.318297236
2,160,211318720,67,0.163447751,0.142569608,0.020154370,0.253858857
10,160,211318720,67,0.189975787,0.142569608,0.020154370,0.298218308
13,160,211318720,67,0.209817303,0.142569608,0.020154370,0.318343163
7,160,211318720,67,0.210742206,0.142569608,0.020154370,0.318660141
1,160,211318720,67,0.366689858,0.142569608,0.020154370,0.626412059
20,160,211318720,67,0.384766570,0.142569608,0.020154370,0.693003206
8,160,211318720,67,0.397236570,0.142569608,0.020154370,0.730854663
18,160,211318720,67,0.430002133,0.142569608,0.020154370,0.818411624
15,160,211318720,67,0.479712491,0.142569608,0.020154370,0.975941512
17,160,211318720,67,0.479916421,0.142569608,0.020154370,0.976715498
3,160,211318720,67,0.489360347,0.142569608,0.020154370,1.005158222
6,160,211318720,67,0.555348320,0.142569608,0.020154370,1.216352031
19,160,211318720,67,0.577750989,0.142569608,0.020154370,1.289907399
4,160,211318720,67,0.611091554,0.142569608,0.020154370,1.389437985
11,160,211318720,67,0.615872459,0.142569608,0.020154370,1.400676249
12,160,211318720,67,0.631062274,0.142569608,0.020154370,1.426129169
9,160,211318720,67,0.678269687,0.142569608,0.020154370,1.473994262
16,160,211318720,67,0.710298778,0.142569608,0.020154370,1.484467178
14,160,211318720,67,1.411737678,0.142569608,0.020154370,1.347006597
5,160,211318720,67,1.505171246,0.142569608,0.020154370,1.315863013
13,161,211318720,67,0.120652983,0.142569608,0.107107237,0.379756522
15,161,211318720,67,0.151542328,0.142569608,0.107107237,0.575144422
18,161,211318720,67,0.160117286,0.142569608,0.107107237,0.627705320
8,161,211318720,67,0.209817303,0.142569608,0.107107237,0.910095033
7,161,211318720,67,0.212135629,0.142569608,0.107107237,0.921537612
1,161,211318720,67,0.214696194,0.142569608,0.107107237,0.932570577
20,161,211318720,67,0.221176057,0.142569608,0.107107237,0.956724690
3,161,211318720,67,0.223586538,0.142569608,0.107107237,0.964019787
5,161,211318720,67,0.231552464,0.142569608,0.107107237,0.982872914
10,161,211318720,67,0.252307820,0.142569608,0.107107237,1.017840361
14,161,211318720,67,0.258351971,0.142569608,0.107107237,1.024030541
12,161,211318720,67,0.297102798,0.142569608,0.107107237,1.062491252
11,161,211318720,67,0.402074486,0.142569608,0.107107237,1.307720796
2,161,211318720,67,0.452488274,0.142569608,0.107107237,1.458803955
6,161,211318720,67,0.479916421,0.142569608,0.107107237,1.522927424
4,161,211318720,67,0.481365940,0.142569608,0.107107237,1.525311757
19,161,211318720,67,0.496799554,0.142569608,0.107107237,1.540707406
16,161,211318720,67,0.498231948,0.142569608,0.107107237,1.541350781
9,161,211318720,67,0.668732790,0.142569608,0.107107237,1.582060690
17,161,211318720,67,0.966696729,0.142569608,0.107107237,1.484293623
5,162,211318720,67,0.164021072,0.142569608,0.001324125,0.390670946
3,162,211318720,67,0.189672613,0.142569608,0.001324125,0.484750256
6,162,211318720,67,0.206154434,0.142569608,0.001324125,0.534464877
10,162,211318720,67,0.210742206,0.142569608,0.001324125,0.545234240
7,162,211318720,67,0.212135629,0.142569608,0.001324125,0.547720916
20,162,211318720,67,0.236408325,0.142569608,0.001324125,0.571930313
4,162,211318720,67,0.271584609,0.142569608,0.001324125,0.584152266
12,162,211318720,67,0.430002133,0.142569608,0.001324125,0.820003440
9,162,211318720,67,0.459765279,0.142569608,0.001324125,0.889736720
11,162,211318720,67,0.479712491,0.142569608,0.001324125,0.922613645
16,162,211318720,67,0.497332438,0.142569608,0.001324125,0.946066092
1,162,211318720,67,0.562011941,0.142569608,0.001324125,1.011253656
18,162,211318720,67,0.631062274,0.142569608,0.001324125,1.112501858
8,162,211318720,67,0.703481386,0.142569608,0.001324125,1.237590888
13,162,211318720,67,0.727194083,0.142569608,0.001324125,1.277467261
19,162,211318720,67,0.790422749,0.142569608,0.001324125,1.341286118
2,162,211318720,67,0.821008808,0.142569608,0.001324125,1.352397821
15,162,211318720,67,1.067875615,0.142569608,0.001324125,1.366475568
17,162,211318720,67,1.293796954,0.142569608,0.001324125,1.386923778
14,162,211318720,67,2.067721695,0.142569608,0.001324125,1.132314438
20,163,211318720,67,0.121464623,0.142569608,0.181094274,0.269330957
17,163,211318720,67,0.180989575,0.142569608,0.181094274,0.511418299
19,163,211318720,67,0.189672613,0.142569608,0.181094274,0.549282777
15,163,211318720,67,0.190217740,0.142569608,0.181094274,0.551280402
11,163,211318720,67,0.209496986,0.142569608,0.181094274,0.609598481
6,163,211318720,67,0.240674095,0.142569608,0.181094274,0.682176598
8,163,211318720,67,0.243202909,0.142569608,0.181094274,0.686435645
14,163,211318720,67,0.297102798,0.142569608,0.181094274,0.740526005
2,163,211318720,67,0.313984077,0.142569608,0.181094274,0.745616853
3,163,211318720,67,0.479916421,0.142569608,0.181094274,0.885652339
10,163,211318720,67,0.505630854,0.142569608,0.181094274,0.961357624
7,163,211318720,67,0.609499617,0.142569608,0.181094274,1.302101057
13,163,211318720,67,0.611091554,0.142569608,0.181094274,1.306970708
18,163,211318720,67,0.615280617,0.142569608,0.181094274,1.316838333
1,163,211318720,67,0.627666836,0.142569608,0.181094274,1.337828905
4,163,211318720,67,0.645678060,0.142569608,0.181094274,1.355812608
5,163,211318720,67,0.710298778,0.142569608,0.181094274,1.378162059
12,163,211318720,67,1.368193902,0.142569608,0.181094274,1.323449380
16,163,211318720,67,1.404552817,0.142569608,0.181094274,1.335225691
9,163,211318720,67,1.672123490,0.142569608,0.181094274,1.244372401
13,164,211318720,67,0.189975787,0.142569608,0.040286582,0.515417961
20,164,211318720,67,0.198160521,0.142569608,0.040286582,0.556315634
19,164,211318720,67,0.204491291,0.142569608,0.040286582,0.583703836
17,164,211318720,67,0.209496986,0.142569608,0.040286582,0.602266276
9,164,211318720,67,0.214696194,0.142569608,0.040286582,0.617467278
14,164,211318720,67,0.258390635,0.142569608,0.040286582,0.732765616
8,164,211318720,67,0.279384594,0.142569608,0.040286582,0.809781448
15,164,211318720,67,0.294976812,0.142569608,0.040286582,0.856837079
12,164,211318720,67,0.298832886,0.142569608,0.040286582,0.865932035
18,164,211318720,67,0.384766570,0.142569608,0.040286582,1.054329287
11,164,211318720,67,0.397236570,0.142569608,0.040286582,1.075506713
3,164,211318720,67,0.401365222,0.142569608,0.040286582,1.078787571
16,164,211318720,67,0.459765279,0.142569608,0.040286582,1.105829716
6,164,211318720,67,0.591796632,0.142569608,0.040286582,1.250223847
7,164,211318720,67,0.615872459,0.142569608,0.040286582,1.274190511
2,164,211318720,67,0.703481386,0.142569608,0.040286582,1.352683879
10,164,211318720,67,0.773089545,0.142569608,0.040286582,1.376101355
5,164,211318720,67,1.211169919,0.142569608,0.040286582,1.324485581
1,164,211318720,67,1.442850200,0.142569608,0.040286582,1.341327360
4,164,211318720,67,2.067721695,0.142569608,0.040286582,1.135604649
18,165,211318720,67,0.114166194,0.142569608,0.057373438,0.219941139
9,165,211318720,67,0.164021072,0.142569608,0.057373438,0.406811342
7,165,211318720,67,0.189604911,0.142569608,0.057373438,0.501567666
8,165,211318720,67,0.205397570,0.142569608,0.057373438,0.559456354
14,165,211318720,67,0.208482977,0.142569608,0.057373438,0.568716393
2,165,211318720,67,0.258351971,0.142569608,0.057373438,0.685705723
17,165,211318720,67,0.258390635,0.142569608,0.057373438,0.685769185
20,165,211318720,67,0.294976812,0.142569608,0.057373438,0.722157533
10,165,211318720,67,0.330469564,0.142569608,0.057373438,0.742050883
12,165,211318720,67,0.459765279,0.142569608,0.057373438,0.881845563
4,165,211318720,67,0.489360347,0.142569608,0.057373438,0.913355967
15,165,211318720,67,0.569711265,0.142569608,0.057373438,0.995340231
16,165,211318720,67,0.627666836,0.142569608,0.057373438,1.015712985
13,165,211318720,67,0.870095545,0.142569608,0.057373438,1.030743203
3,165,211318720,67,1.067875615,0.142569608,0.057373438,1.103860942
11,165,211318720,67,1.148581697,0.142569608,0.057373438,1.183639538
6,165,211318720,67,1.211169919,0.142569608,0.057373438,1.204530812
5,165,211318720,67,1.368193902,0.142569608,0.057373438,1.321972179
1,165,211318720,67,1.399229128,0.142569608,0.057373438,1.332501151
19,165,211318720,67,1.672123490,0.142569608,0.057373438,1.242187951
8,166,211318720,67,0.151542328,0.142569608,0.043296285,0.288461672
4,166,211318720,67,0.163447751,0.142569608,0.043296285,0.320358187
19,166,211318720,67,0.180989575,0.142569608,0.043296285,0.361347415
2,166,211318720,67,0.190217740,0.142569608,0.043296285,0.376416006
14,166,211318720,67,0.280030751,0.142569608,0.043296285,0.480999374
9,166,211318720,67,0.298832886,0.142569608,0.043296285,0.510730529
3,166,211318720,67,0.401365222,0.142569608,0.043296285,0.769748153
11,166,211318720,67,0.425918639,0.142569608,0.043296285,0.844400470
7,166,211318720,67,0.469380687,0.142569608,0.043296285,1.003529495
15,166,211318720,67,0.480370697,0.142569608,0.043296285,1.041196740
16,166,211318720,67,0.494002997,0.142569608,0.043296285,1.082381972
1,166,211318720,67,0.498231948,0.142569608,0.043296285,1.092303664
17,166,211318720,67,0.567346654,0.142569608,0.043296285,1.228089341
5,166,211318720,67,0.569711265,0.142569608,0.043296285,1.232036718
12,166,211318720,67,0.615872459,0.142569608,0.043296285,1.279372706
18,166,211318720,67,0.678269687,0.142569608,0.043296285,1.301372880
6,166,211318720,67,1.211169919,0.142569608,0.043296285,1.219166897
20,166,211318720,67,1.368193902,0.142569608,0.043296285,1.306641328
13,166,211318720,67,1.442850200,0.142569608,0.043296285,1.332892231
10,166,211318720,67,1.755249417,0.142569608,0.043296285,1.230653752
18,167,211318720,67,0.151542328,0.142569608,0.066988848,0.383283132
9,167,211318720,67,0.156859078,0.142569608,0.066988848,0.399288263
2,167,211318720,67,0.160117286,0.142569608,0.066988848,0.406967110
16,167,211318720,67,0.200231803,0.142569608,0.066988848,0.492805476
19,167,211318720,67,0.216898661,0.142569608,0.066988848,0.520163325
7,167,211318720,67,0.234467470,0.142569608,0.066988848,0.537605610
17,167,211318720,67,0.313984077,0.142569608,0.066988848,0.629548106
12,167,211318720,67,0.407144390,0.142569608,0.066988848,0.808110789
4,167,211318720,67,0.409321724,0.142569608,0.066988848,0.812909799
5,167,211318720,67,0.496799554,0.142569608,0.066988848,0.975300660
13,167,211318720,67,0.505630854,0.142569608,0.066988848,0.989969371
10,167,211318720,67,0.520203290,0.142569608,0.066988848,1.009380865
3,167,211318720,67,0.615280617,0.142569608,0.066988848,1.152016487
8,167,211318720,67,0.655478420,0.142569608,0.066988848,1.218953062
11,167,211318720,67,0.711151880,0.142569608,0.066988848,1.276549207
1,167,211318720,67,0.733872699,0.142569608,0.066988848,1.284538348
15,167,211318720,67,1.142423237,0.142569608,0.066988848,1.321259706
20,167,211318720,67,1.169760915,0.142569608,0.066988848,1.347973467
14,167,211318720,67,1.285010920,0.142569608,0.066988848,1.386224376
6,167,211318720,67,2.004665860,0.142569608,0.066988848,1.147493111
6,168,211318720,67,0.189975787,0.142569608,0.032587040,0.562539680
2,168,211318720,67,0.198160521,0.142569608,0.032587040,0.609101476
1,168,211318720,67,0.203187046,0.142569608,0.032587040,0.633998627
3,168,211318720,67,0.208482977,0.142569608,0.032587040,0.656651577
17,168,211318720,67,0.230472108,0.142569608,0.032587040,0.741791497
7,168,211318720,67,0.231552464,0.142569608,0.032587040,0.745897373
13,168,211318720,67,0.236684993,0.142569608,0.032587040,0.761394725
16,168,211318720,67,0.258390635,0.142569608,0.032587040,0.822616776
10,168,211318720,67,0.320264087,0.142569608,0.032587040,0.998525218
4,168,211318720,67,0.330469564,0.142569608,0.032587040,1.035908167
15,168,211318720,67,0.366689858,0.142569608,0.032587040,1.144922721
5,168,211318720,67,0.384766570,0.142569608,0.032587040,1.187430689
14,168,211318720,67,0.430002133,0.142569608,0.032587040,1.263362274
9,168,211318720,67,0.452488274,0.142569608,0.032587040,1.286001380
19,168,211318720,67,0.459765279,0.142569608,0.032587040,1.288449909
18,168,211318720,67,0.733872699,0.142569608,0.032587040,1.290085953
8,168,211318720,67,0.966696729,0.142569608,0.032587040,1.401427762
12,168,211318720,67,0.967984072,0.142569608,0.032587040,1.401944635
20,168,211318720,67,1.562845948,0.142569608,0.032587040,1.301752841
11,168,211318720,67,1.672123490,0.142569608,0.032587040,1.265327862
8,169,211318720,67,0.212494739,0.142569608,0.034151863,0.356073781
15,169,211318720,67,0.216898661,0.142569608,0.034151863,0.366539264
18,169,211318720,67,0.230565321,0.142569608,0.034151863,0.389492808
1,169,211318720,67,0.240674095,0.142569608,0.034151863,0.399534786
13,169,211318720,67,0.271224328,0.142569608,0.034151863,0.416309056
4,169,211318720,67,0.403903668,0.142569608,0.034151863,0.627825182
17,169,211318720,67,0.473358151,0.142569608,0.034151863,0.806591119
11,169,211318720,67,0.479916421,0.142569608,0.034151863,0.822084195
19,169,211318720,67,0.489360347,0.142569608,0.034151863,0.837775060
9,169,211318720,67,0.494002997,0.142569608,0.034151863,0.842419388
16,169,211318720,67,0.591796632,0.142569608,0.034151863,1.047776481
12,169,211318720,67,0.643409518,0.142569608,0.034151863,1.154223427
10,169,211318720,67,0.645678060,0.142569608,0.034151863,1.159647574
14,169,211318720,67,0.655478420,0.142569608,0.034151863,1.175466932
6,169,211318720,67,0.767010536,0.142569608,0.034151863,1.355212101
5,169,211318720,67,0.773538749,0.142569608,0.034151863,1.361845760
20,169,211318720,67,0.808229779,0.142569608,0.034151863,1.373784253
2,169,211318720,67,0.966696729,0.142569608,0.034151863,1.417130535
3,169,211318720,67,1.399229128,0.142569608,0.034151863,1.371443980
7,169,211318720,67,1.442850200,0.142569608,0.034151863,1.356908501
7,170,211318720,67,0.164021072,0.142569608,0.030812100,0.298128119
18,170,211318720,67,0.209817303,0.142569608,0.030812100,0.497001214
1,170,211318720,67,0.232211245,0.142569608,0.030812100,0.579193916
19,170,211318720,67,0.236684993,0.142569608,0.030812100,0.592315365
12,170,211318720,67,0.258351971,0.142569608,0.030812100,0.642533421
5,170,211318720,67,0.258390635,0.142569608,0.030812100,0.642608239
2,170,211318720,67,0.279384594,0.142569608,0.030812100,0.685009563
17,170,211318720,67,0.297102798,0.142569608,0.030812100,0.716648300
9,170,211318720,67,0.402074486,0.142569608,0.030812100,0.955677891
4,170,211318720,67,0.409321724,0.142569608,0.030812100,0.972534709
20,170,211318720,67,0.435656761,0.142569608,0.030812100,1.025218902
11,170,211318720,67,0.496799554,0.142569608,0.030812100,1.167052742
14,170,211318720,67,0.497332438,0.142569608,0.030812100,1.167972740
13,170,211318720,67,0.567346654,0.142569608,0.030812100,1.238462104
15,170,211318720,67,0.575799394,0.142569608,0.030812100,1.241469323
16,170,211318720,67,0.856613387,0.142569608,0.030812100,1.242192271
6,170,211318720,67,1.169760915,0.142569608,0.030812100,1.234683575
3,170,211318720,67,1.404552817,0.142569608,0.030812100,1.304608525
10,170,211318720,67,1.472313539,0.142569608,0.030812100,1.326516408
8,170,211318720,67,1.562845948,0.142569608,0.030812100,1.296341737
10,171,211318720,67,0.164021072,0.142569608,0.001106651,0.548971366
15,171,211318720,67,0.171868971,0.142569608,0.001106651,0.598784608
6,171,211318720,67,0.194298324,0.142569608,0.001106651,0.726384524
3,171,211318720,67,0.209817303,0.142569608,0.001106651,0.803686662
16,171,211318720,67,0.210742206,0.142569608,0.001106651,0.807772357
14,171,211318720,67,0.224973196,0.142569608,0.001106651,0.860113173
1,171,211318720,67,0.230472108,0.142569608,0.001106651,0.876499292
2,171,211318720,67,0.242157230,0.142569608,0.001106651,0.903872670
20,171,211318720,67,0.252307820,0.142569608,0.001106651,0.920936625
19,171,211318720,67,0.279384594,0.142569608,0.001106651,0.947519667
11,171,211318720,67,0.298832886,0.142569608,0.001106651,0.953367335
5,171,211318720,67,0.497332438,0.142569608,0.001106651,1.066502312
9,171,211318720,67,0.555348320,0.142569608,0.001106651,1.199435598
18,171,211318720,67,0.611091554,0.142569608,0.001106651,1.309743978
4,171,211318720,67,0.631062274,0.142569608,0.001106651,1.343364804
17,171,211318720,67,0.643409518,0.142569608,0.001106651,1.355933734
8,171,211318720,67,0.727194083,0.142569608,0.001106651,1.438336844
7,171,211318720,67,0.790422749,0.142569608,0.001106651,1.458379393
13,171,211318720,67,1.238411982,0.142569608,0.001106651,1.406306617
12,171,211318720,67,1.368193902,0.142569608,0.001106651,1.363048704
12,172,211318720,67,0.156859078,0.142569608,0.151936293,0.337120475
10,172,211318720,67,0.189604911,0.142569608,0.151936293,0.478792312
18,172,211318720,67,0.201286280,0.142569608,0.151936293,0.521417410
2,172,211318720,67,0.208482977,0.142569608,0.151936293,0.543006173
16,172,211318720,67,0.231552464,0.142569608,0.151936293,0.596895455
15,172,211318720,67,0.271224328,0.142569608,0.151936293,0.669769300
11,172,211318720,67,0.279384594,0.142569608,0.151936293,0.683500664
14,172,211318720,67,0.280030751,0.142569608,0.151936293,0.684157007
6,172,211318720,67,0.403903668,0.142569608,0.151936293,0.800310770
13,172,211318720,67,0.435656761,0.142569608,0.151936293,0.818486123
4,172,211318720,67,0.567346654,0.142569608,0.151936293,1.182468004
1,172,211318720,67,0.585278571,0.142569608,0.151936293,1.247495922
20,172,211318720,67,0.591796632,0.142569608,0.151936293,1.267344050
7,172,211318720,67,0.619507724,0.142569608,0.151936293,1.331547134
17,172,211318720,67,0.628578231,0.142569608,0.151936293,1.346682035
19,172,211318720,67,0.643409518,0.142569608,0.151936293,1.361608150
8,172,211318720,67,0.710298778,0.142569608,0.151936293,1.384565791
9,172,211318720,67,1.074038657,0.142569608,0.151936293,1.411182627
5,172,211318720,67,1.142423237,0.142569608,0.151936293,1.434628076
3,172,211318720,67,2.067721695,0.142569608,0.151936293,1.126445194
19,173,211318720,67,0.194298324,0.142569608,0.004145224,0.526639879
11,173,211318720,67,0.234467470,0.142569608,0.004145224,0.754449056
3,173,211318720,67,0.236684993,0.142569608,0.004145224,0.765591925
10,173,211318720,67,0.243788411,0.142569608,0.004145224,0.797764637
14,173,211318720,67,0.252307820,0.142569608,0.004145224,0.835217769
8,173,211318720,67,0.258351971,0.142569608,0.004145224,0.857663388
12,173,211318720,67,0.258390635,0.142569608,0.004145224,0.857776951
5,173,211318720,67,0.261704016,0.142569608,0.004145224,0.865707963
16,173,211318720,67,0.271584609,0.142569608,0.004145224,0.888609047
20,173,211318720,67,0.297102798,0.142569608,0.004145224,0.930444731
4,173,211318720,67,0.384766570,0.142569608,0.004145224,1.158688344
15,173,211318720,67,0.403903668,0.142569608,0.004145224,1.215845755
6,173,211318720,67,0.459765279,0.142569608,0.004145224,1.346497950
18,173,211318720,67,0.473358151,0.142569608,0.004145224,1.369127689
13,173,211318720,67,0.480370697,0.142569608,0.004145224,1.378584822
1,173,211318720,67,0.484632161,0.142569608,0.004145224,1.382974958
9,173,211318720,67,0.619507724,0.142569608,0.004145224,1.506557254
17,173,211318720,67,0.643409518,0.142569608,0.004145224,1.522955090
2,173,211318720,67,0.773538749,0.142569608,0.004145224,1.565133408
7,173,211318720,67,1.399229128,0.142569608,0.004145224,1.360834550
18,174,211318720,67,0.171868971,0.142569608,0.001981733,0.218200830
3,174,211318720,67,0.203187046,0.142569608,0.001981733,0.333199465
15,174,211318720,67,0.230565321,0.142569608,0.001981733,0.415304189
14,174,211318720,67,0.289962109,0.142569608,0.001981733,0.586796343
20,174,211318720,67,0.294976812,0.142569608,0.001981733,0.601867148
9,174,211318720,67,0.298832886,0.142569608,0.001981733,0.611129469
12,174,211318720,67,0.313984077,0.142569608,0.001981733,0.636076539
19,174,211318720,67,0.407324411,0.142569608,0.001981733,0.898860275
8,174,211318720,67,0.409321724,0.142569608,0.001981733,0.904938118
10,174,211318720,67,0.469380687,0.142569608,0.001981733,1.083857181
4,174,211318720,67,0.484632161,0.142569608,0.001981733,1.119216010
17,174,211318720,67,0.494002997,0.142569608,0.001981733,1.134358916
7,174,211318720,67,0.498231948,0.142569608,0.001981733,1.138573714
6,174,211318720,67,0.555348320,0.142569608,0.001981733,1.194567850
13,174,211318720,67,0.643409518,0.142569608,0.001981733,1.269733403
5,174,211318720,67,0.729121023,0.142569608,0.001981733,1.354695418
2,174,211318720,67,0.773538749,0.142569608,0.001981733,1.369868691
16,174,211318720,67,1.074038657,0.142569608,0.001981733,1.367055641
1,174,211318720,67,1.368193902,0.142569608,0.001981733,1.365777208
11,174,211318720,67,1.516026422,0.142569608,0.001981733,1.316755277
17,175,211318720,67,0.121464623,0.142569608,0.033410832,0.218289772
4,175,211318720,67,0.156859078,0.142569608,0.033410832,0.322893898
3,175,211318720,67,0.201286280,0.142569608,0.033410832,0.476273542
1,175,211318720,67,0.221176057,0.142569608,0.033410832,0.536018587
16,175,211318720,67,0.223586538,0.142569608,0.033410832,0.541080332
5,175,211318720,67,0.271224328,0.142569608,0.033410832,0.627392284
12,175,211318720,67,0.294976812,0.142569608,0.033410832,0.672576884
11,175,211318720,67,0.313984077,0.142569608,0.033410832,0.704504039
15,175,211318720,67,0.403903668,0.142569608,0.033410832,0.831018687
18,175,211318720,67,0.430002133,0.142569608,0.033410832,0.862027398
14,175,211318720,67,0.489894567,0.142569608,0.033410832,0.946356713
20,175,211318720,67,0.564838374,0.142569608,0.033410832,1.120985151
13,175,211318720,67,0.615280617,0.142569608,0.033410832,1.215665466
7,175,211318720,67,0.615872459,0.142569608,0.033410832,1.216708468
10,175,211318720,67,0.627666836,0.142569608,0.033410832,1.228289746
9,175,211318720,67,0.741574597,0.142569608,0.033410832,1.340606193
6,175,211318720,67,0.773089545,0.142569608,0.033410832,1.350743347
19,175,211318720,67,1.238411982,0.142569608,0.033410832,1.291931080
8,175,211318720,67,1.404552817,0.142569608,0.033410832,1.332887030
2,175,211318720,67,1.677184906,0.142569608,0.033410832,1.241755108
10,176,211318720,67,0.175844454,0.142569608,0.035139583,0.468662761
4,176,211318720,67,0.190217740,0.142569608,0.035139583,0.530835121
8,176,211318720,67,0.198160521,0.142569608,0.035139583,0.560041365
15,176,211318720,67,0.209817303,0.142569608,0.035139583,0.595059527
17,176,211318720,67,0.230472108,0.142569608,0.035139583,0.643356722
16,176,211318720,67,0.244105060,0.142569608,0.035139583,0.667709190
1,176,211318720,67,0.252307820,0.142569608,0.035139583,0.681626483
2,176,211318720,67,0.271224328,0.142569608,0.035139583,0.715652629
11,176,211318720,67,0.384766570,0.142569608,0.035139583,0.951431270
3,176,211318720,67,0.397236570,0.142569608,0.035139583,0.980421537
9,176,211318720,67,0.407324411,0.142569608,0.035139583,0.997284049
18,176,211318720,67,0.481365940,0.142569608,0.035139583,1.070848489
20,176,211318720,67,0.505630854,0.142569608,0.035139583,1.098275644
13,176,211318720,67,0.627666836,0.142569608,0.035139583,1.268534631
6,176,211318720,67,0.639394657,0.142569608,0.035139583,1.288480227
14,176,211318720,67,0.703481386,0.142569608,0.035139583,1.351743218
12,176,211318720,67,0.767010536,0.142569608,0.035139583,1.435713808
19,176,211318720,67,0.856613387,0.142569608,0.035139583,1.525940464
7,176,211318720,67,0.870095545,0.142569608,0.035139583,1.530979099
5,176,211318720,67,1.442401680,0.142569608,0.035139583,1.338734608
11,177,211318720,67,0.120652983,0.142569608,0.001698848,0.232946208
14,177,211318720,67,0.151542328,0.142569608,0.001698848,0.305185018
9,177,211318720,67,0.201286280,0.142569608,0.001698848,0.387912013
1,177,211318720,67,0.209496986,0.142569608,0.001698848,0.396324682
20,177,211318720,67,0.212494739,0.142569608,0.001698848,0.397228848
12,177,211318720,67,0.366689858,0.142569608,0.001698848,0.566467578
13,177,211318720,67,0.430002133,0.142569608,0.001698848,0.726587300
19,177,211318720,67,0.452488274,0.142569608,0.001698848,0.803792795
10,177,211318720,67,0.480370697,0.142569608,0.001698848,0.887486480
8,177,211318720,67,0.486476637,0.142569608,0.001698848,0.901823925
16,177,211318720,67,0.562011941,0.142569608,0.001698848,1.046197030
18,177,211318720,67,0.564838374,0.142569608,0.001698848,1.051003879
7,177,211318720,67,0.581521109,0.142569608,0.001698848,1.068191606
6,177,211318720,67,0.678269687,0.142569608,0.001698848,1.100867005
15,177,211318720,67,0.967984072,0.142569608,0.001698848,1.101138752
17,177,211318720,67,1.142423237,0.142569608,0.001698848,1.176429820
2,177,211318720,67,1.226677978,0.142569608,0.001698848,1.204250917
4,177,211318720,67,1.399229128,0.142569608,0.001698848,1.307888870
3,177,211318720,67,1.442401680,0.142569608,0.001698848,1.322001373
5,177,211318720,67,2.004665860,0.142569608,0.001698848,1.136743656
10,178,211318720,67,0.160117286,0.142569640,0.072259806,0.475214250
3,178,211318720,67,0.171868971,0.142569640,0.072259806,0.541619676
19,178,211318720,67,0.194298324,0.142569640,0.072259806,0.657997182
14,178,211318720,67,0.203187046,0.142569640,0.072259806,0.702464291
5,178,211318720,67,0.209496986,0.142569640,0.072259806,0.730040123
13,178,211318720,67,0.216898661,0.142569640,0.072259806,0.757712931
7,178,211318720,67,0.230472108,0.142569640,0.072259806,0.798777621
17,178,211318720,67,0.277332429,0.142569640,0.072259806,0.920286106
6,178,211318720,67,0.279384594,0.142569640,0.072259806,0.925094802
15,178,211318720,67,0.294976812,0.142569640,0.072259806,0.951636699
9,178,211318720,67,0.330469564,0.142569640,0.072259806,1.016584167
12,178,211318720,67,0.401365222,0.142569640,0.072259806,1.178611909
8,178,211318720,67,0.436974056,0.142569640,0.072259806,1.238567470
2,178,211318720,67,0.463765996,0.142569640,0.072259806,1.266015248
18,178,211318720,67,0.480370697,0.142569640,0.072259806,1.281916216
4,178,211318720,67,0.615280617,0.142569640,0.072259806,1.502892428
11,178,211318720,67,0.615872459,0.142569640,0.072259806,1.503467928
20,178,211318720,67,0.627666836,0.142569640,0.072259806,1.507579997
1,178,211318720,67,1.285010920,0.142569640,0.072259806,1.385439538
16,178,211318720,67,1.293796954,0.142569640,0.072259806,1.382514376
11,179,211318720,67,0.120652983,0.142569640,0.072846331,0.314806596
18,179,211318720,67,0.171868971,0.142569640,0.072846331,0.639461116
12,179,211318720,67,0.190217740,0.142569640,0.072846331,0.744249601
1,179,211318720,67,0.204491291,0.142569640,0.072846331,0.815816131
4,179,211318720,67,0.208482977,0.142569640,0.072846331,0.833282066
20,179,211318720,67,0.214696194,0.142569640,0.072846331,0.856097283
2,179,211318720,67,0.231552464,0.142569640,0.072846331,0.906702746
3,179,211318720,67,0.244105060,0.142569640,0.072846331,0.935909984
13,179,211318720,67,0.244649358,0.142569640,0.072846331,0.936654589
14,179,211318720,67,0.258351971,0.142569640,0.072846331,0.949814025
16,179,211318720,67,0.261704016,0.142569640,0.072846331,0.951052259
19,179,211318720,67,0.459765279,0.142569640,0.072846331,1.150440828
9,179,211318720,67,0.479916421,0.142569640,0.072846331,1.195003574
8,179,211318720,67,0.481365940,0.142569640,0.072846331,1.198445195
15,179,211318720,67,0.591796632,0.142569640,0.072846331,1.482517558
5,179,211318720,67,0.609499617,0.142569640,0.072846331,1.523387646
10,179,211318720,67,0.619507724,0.142569640,0.072846331,1.539895833
6,179,211318720,67,0.639394657,0.142569640,0.072846331,1.559520973
17,179,211318720,67,0.678269687,0.142569640,0.072846331,1.572774091
7,179,211318720,67,1.505171246,0.142569640,0.072846331,1.298543877
17,180,211318720,67,0.151542328,0.142569640,0.005664702,0.512408621
3,180,211318720,67,0.171868971,0.142569640,0.005664702,0.613808414
6,180,211318720,67,0.200231803,0.142569640,0.005664702,0.736884666
14,180,211318720,67,0.201916690,0.142569640,0.005664702,0.743068065
15,180,211318720,67,0.203187046,0.142569640,0.005664702,0.746908387
12,180,211318720,67,0.205397570,0.142569640,0.005664702,0.751910706
13,180,211318720,67,0.212494739,0.142569640,0.005664702,0.763030015
10,180,211318720,67,0.216898661,0.142569640,0.005664702,0.766759182
7,180,211318720,67,0.243202909,0.142569640,0.005664702,0.775384373
19,180,211318720,67,0.402263847,0.142569640,0.005664702,1.043642957
20,180,211318720,67,0.407324411,0.142569640,0.005664702,1.055653527
18,180,211318720,67,0.425918639,0.142569640,0.005664702,1.086773174
16,180,211318720,67,0.469380687,0.142569640,0.005664702,1.153740095
9,180,211318720,67,0.537873555,0.142569640,0.005664702,1.265336518
1,180,211318720,67,0.577750989,0.142569640,0.005664702,1.332642493
8,180,211318720,67,0.643409518,0.142569640,0.005664702,1.415618484
2,180,211318720,67,0.655478420,0.142569640,0.005664702,1.427801668
11,180,211318720,67,0.758908371,0.142569640,0.005664702,1.462266589
4,180,211318720,67,1.368193902,0.142569640,0.005664702,1.358354903
5,180,211318720,67,1.411737678,0.142569640,0.005664702,1.343842756
16,181,211318720,67,0.210742206,0.142569640,0.024177780,0.526142958
3,181,211318720,67,0.223586538,0.142569640,0.024177780,0.581955528
1,181,211318720,67,0.224973196,0.142569640,0.024177780,0.587706062
9,181,211318720,67,0.230565321,0.142569640,0.024177780,0.608342222
12,181,211318720,67,0.236408325,0.142569640,0.024177780,0.625955196
5,181,211318720,67,0.242157230,0.142569640,0.024177780,0.639306535
18,181,211318720,67,0.279384594,0.142569640,0.024177780,0.727955519
8,181,211318720,67,0.320264087,0.142569640,0.024177780,0.822850851
11,181,211318720,67,0.366689858,0.142569640,0.024177780,0.919116518
20,181,211318720,67,0.401365222,0.142569640,0.024177780,0.975951307
10,181,211318720,67,0.403903668,0.142569640,0.024177780,0.978579748
6,181,211318720,67,0.480370697,0.142569640,0.024177780,1.052777284
4,181,211318720,67,0.548705179,0.142569640,0.024177780,1.091211879
19,181,211318720,67,0.668732790,0.142569640,0.024177780,1.159827785
2,181,211318720,67,0.767010536,0.142569640,0.024177780,1.191803276
13,181,211318720,67,1.368193902,0.142569640,0.024177780,1.158793569
14,181,211318720,67,1.442401680,0.142569640,0.024177780,1.280203016
15,181,211318720,67,1.472313539,0.142569640,0.024177780,1.310626591
17,181,211318720,67,1.516026422,0.142569640,0.024177780,1.325276845
7,181,211318720,67,1.677184906,0.142569640,0.024177780,1.272089539
5,182,211318720,67,0.120652983,0.142569640,0.065361075,0.155809330
1,182,211318720,67,0.156859078,0.142569640,0.065361075,0.279638691
15,182,211318720,67,0.234467470,0.142569640,0.065361075,0.549871535
11,182,211318720,67,0.243788411,0.142569640,0.065361075,0.578213421
19,182,211318720,67,0.258390635,0.142569640,0.065361075,0.614115203
2,182,211318720,67,0.260743209,0.142569640,0.065361075,0.620340070
13,182,211318720,67,0.277332429,0.142569640,0.065361075,0.668020334
8,182,211318720,67,0.320264087,0.142569640,0.065361075,0.768391959
17,182,211318720,67,0.397236570,0.142569640,0.065361075,0.932156266
6,182,211318720,67,0.402074486,0.142569640,0.065361075,0.940172495
14,182,211318720,67,0.407144390,0.142569640,0.065361075,0.945322499
3,182,211318720,67,0.486476637,0.142569640,0.065361075,0.984322109
12,182,211318720,67,0.611091554,0.142569640,0.065361075,1.129891183
4,182,211318720,67,0.643409518,0.142569640,0.065361075,1.171393326
10,182,211318720,67,0.711151880,0.142569640,0.065361075,1.239593684
20,182,211318720,67,0.773538749,0.142569640,0.065361075,1.260478752
9,182,211318720,67,0.967984072,0.142569640,0.065361075,1.290062497
7,182,211318720,67,1.411737678,0.142569640,0.065361075,1.298116118
18,182,211318720,67,1.472313539,0.142569640,0.065361075,1.319402764
16,182,211318720,67,1.755249417,0.142569640,0.065361075,1.224092434
5,183,211318720,67,0.114166194,0.142569640,0.034559019,0.201992763
8,183,211318720,67,0.164021072,0.142569640,0.034559019,0.385569828
7,183,211318720,67,0.189975787,0.142569640,0.034559019,0.480709356
1,183,211318720,67,0.209496986,0.142569640,0.034559019,0.539724917
20,183,211318720,67,0.230472108,0.142569640,0.034559019,0.588531752
16,183,211318720,67,0.260743209,0.142569640,0.034559019,0.639651634
19,183,211318720,67,0.279384594,0.142569640,0.034559019,0.658554190
4,183,211318720,67,0.280030751,0.142569640,0.034559019,0.658755062
15,183,211318720,67,0.478728149,0.142569640,0.034559019,0.905115289
11,183,211318720,67,0.480370697,0.142569640,0.034559019,0.908807909
2,183,211318720,67,0.489894567,0.142569640,0.034559019,0.925464987
3,183,211318720,67,0.575799394,0.142569640,0.034559019,1.118170146
13,183,211318720,67,0.615280617,0.142569640,0.034559019,1.184740552
9,183,211318720,67,0.631062274,0.142569640,0.034559019,1.206943630
18,183,211318720,67,0.645678060,0.142569640,0.034559019,1.221493655
10,183,211318720,67,0.763735157,0.142569640,0.034559019,1.261551447
6,183,211318720,67,1.067875615,0.142569640,0.034559019,1.256427496
17,183,211318720,67,1.399229128,0.142569640,0.034559019,1.271055302
12,183,211318720,67,1.502283313,0.142569640,0.034559019,1.305143397
14,183,211318720,67,1.562845948,0.142569640,0.034559019,1.284957588
7,184,211318720,67,0.151542328,0.142569640,0.019092603,0.378181946
5,184,211318720,67,0.175844454,0.142569640,0.019092603,0.482427505
14,184,211318720,67,0.194298324,0.142569640,0.019092603,0.550339599
19,184,211318720,67,0.208482977,0.142569640,0.019092603,0.592710391
4,184,211318720,67,0.234467470,0.142569640,0.019092603,0.653918392
11,184,211318720,67,0.236408325,0.142569640,0.019092603,0.657126202
15,184,211318720,67,0.243202909,0.142569640,0.019092603,0.663753681
2,184,211318720,67,0.271224328,0.142569640,0.019092603,0.675799557
20,184,211318720,67,0.409321724,0.142569640,0.019092603,0.926099844
10,184,211318720,67,0.459765279,0.142569640,0.019092603,1.116404913
9,184,211318720,67,0.463765996,0.142569640,0.019092603,1.130819804
6,184,211318720,67,0.479916421,0.142569640,0.019092603,1.179279311
18,184,211318720,67,0.496799554,0.142569640,0.019092603,1.225913455
16,184,211318720,67,0.555348320,0.142569640,0.019092603,1.390598078
8,184,211318720,67,0.567346654,0.142569640,0.019092603,1.418554590
17,184,211318720,67,0.575799394,0.142569640,0.019092603,1.432494285
12,184,211318720,67,0.627666836,0.142569640,0.019092603,1.484925536
1,184,211318720,67,0.655478420,0.142569640,0.019092603,1.494187039
3,184,211318720,67,0.848876883,0.142569640,0.019092603,1.524610462
13,184,211318720,67,1.211169919,0.142569640,0.019092603,1.405461772
3,185,211318720,67,0.120652983,0.142569640,0.036748674,0.318103235
20,185,211318720,67,0.156859078,0.142569640,0.036748674,0.487105165
11,185,211318720,67,0.189672613,0.142569640,0.036748674,0.629200296
14,185,211318720,67,0.197639146,0.142569640,0.036748674,0.658558013
8,185,211318720,67,0.208482977,0.142569640,0.036748674,0.690473260
7,185,211318720,67,0.209817303,0.142569640,0.036748674,0.693661608
10,185,211318720,67,0.212494739,0.142569640,0.036748674,0.698242413
6,185,211318720,67,0.260743209,0.142569640,0.036748674,0.771560448
12,185,211318720,67,0.280030751,0.142569640,0.036748674,0.790732968
18,185,211318720,67,0.366689858,0.142569640,0.036748674,0.855455361
5,185,211318720,67,0.469380687,0.142569640,0.036748674,1.097244290
13,185,211318720,67,0.496363065,0.142569640,0.036748674,1.193691693
17,185,211318720,67,0.537873555,0.142569640,0.036748674,1.318105469
1,185,211318720,67,0.562011941,0.142569640,0.036748674,1.375895782
9,185,211318720,67,0.569711265,0.142569640,0.036748674,1.393818442
15,185,211318720,67,0.570672550,0.142569640,0.036748674,1.395297125
16,185,211318720,67,0.615872459,0.142569640,0.036748674,1.440563798
4,185,211318720,67,0.703481386,0.142569640,0.036748674,1.519367879
2,185,211318720,67,0.773538749,0.142569640,0.036748674,1.543092970
19,185,211318720,67,2.004665860,0.142569640,0.036748674,1.142538012
16,186,211318720,67,0.120652983,0.142569640,0.001573792,0.151700714
9,186,211318720,67,0.189604911,0.142569640,0.001573792,0.313510316
11,186,211318720,67,0.230472108,0.142569640,0.001573792,0.380154720
8,186,211318720,67,0.234467470,0.142569640,0.001573792,0.383937100
5,186,211318720,67,0.242157230,0.142569640,0.001573792,0.386510679
6,186,211318720,67,0.402263847,0.142569640,0.001573792,0.601475789
4,186,211318720,67,0.407324411,0.142569640,0.001573792,0.609585864
18,186,211318720,67,0.473358151,0.142569640,0.001573792,0.782550140
19,186,211318720,67,0.497332438,0.142569640,0.001573792,0.838395752
15,186,211318720,67,0.555348320,0.142569640,0.001573792,0.955305111
2,186,211318720,67,0.562011941,0.142569640,0.001573792,0.966285939
12,186,211318720,67,0.570672550,0.142569640,0.001573792,0.975380478
14,186,211318720,67,0.668732790,0.142569640,0.001573792,1.037379279
1,186,211318720,67,0.767010536,0.142569640,0.001573792,1.070766488
20,186,211318720,67,1.067875615,0.142569640,0.001573792,1.094697778
17,186,211318720,67,1.169760915,0.142569640,0.001573792,1.195974290
13,186,211318720,67,1.211169919,0.142569640,0.001573792,1.209915321
3,186,211318720,67,1.404552817,0.142569640,0.001573792,1.292291842
10,186,211318720,67,1.472313539,0.142569640,0.001573792,1.314807059
7,186,211318720,67,1.562845948,0.142569640,0.001573792,1.284632408
18,187,211318720,67,0.163447751,0.142569640,0.040235057,0.364053395
7,187,211318720,67,0.175844454,0.142569640,0.040235057,0.401474331
1,187,211318720,67,0.190217740,0.142569640,0.040235057,0.443397045
9,187,211318720,67,0.203187046,0.142569640,0.040235057,0.473594161
13,187,211318720,67,0.224973196,0.142569640,0.040235057,0.509945016
20,187,211318720,67,0.260743209,0.142569640,0.040235057,0.545062576
2,187,211318720,67,0.320264087,0.142569640,0.040235057,0.678850238
5,187,211318720,67,0.403903668,0.142569640,0.040235057,0.856278009
14,187,211318720,67,0.407144390,0.142569640,0.040235057,0.863982728
8,187,211318720,67,0.407324411,0.142569640,0.040235057,0.864252670
16,187,211318720,67,0.498231948,0.142569640,0.040235057,1.072890168
15,187,211318720,67,0.537873555,0.142569640,0.040235057,1.165253667
3,187,211318720,67,0.555348320,0.142569640,0.040235057,1.194567724
12,187,211318720,67,0.581521109,0.142569640,0.040235057,1.220870621
6,187,211318720,67,0.609499617,0.142569640,0.040235057,1.230489655
11,187,211318720,67,0.848876883,0.142569640,0.040235057,1.352035477
17,187,211318720,67,0.856613387,0.142569640,0.040235057,1.359873252
4,187,211318720,67,0.966696729,0.142569640,0.040235057,1.395921073
10,187,211318720,67,1.562845948,0.142569640,0.040235057,1.296952446
19,187,211318720,67,2.004665860,0.142569640,0.040235057,1.150153640
12,188,211318720,67,0.190217740,0.142569640,0.017259380,0.537751252
7,188,211318720,67,0.205397570,0.142569640,0.017259380,0.603236877
8,188,211318720,67,0.212494739,0.142569640,0.017259380,0.629617963
16,188,211318720,67,0.214696194,0.142569640,0.017259380,0.636335482
14,188,211318720,67,0.230472108,0.142569640,0.017259380,0.673439517
6,188,211318720,67,0.230565321,0.142569640,0.017259380,0.673584914
9,188,211318720,67,0.232211245,0.142569640,0.017259380,0.675113546
10,188,211318720,67,0.271584609,0.142569640,0.017259380,0.696761996
11,188,211318720,67,0.401365222,0.142569640,0.017259380,0.949279045
3,188,211318720,67,0.435656761,0.142569640,0.017259380,1.029639526
18,188,211318720,67,0.452488274,0.142569640,0.017259380,1.064421821
5,188,211318720,67,0.486476637,0.142569640,0.017259380,1.122153633
13,188,211318720,67,0.489360347,0.142569640,0.017259380,1.127015837
1,188,211318720,67,0.585278571,0.142569640,0.017259380,1.257211232
15,188,211318720,67,0.627666836,0.142569640,0.017259380,1.298804724
2,188,211318720,67,0.678269687,0.142569640,0.017259380,1.316517508
20,188,211318720,67,0.954783595,0.142569640,0.017259380,1.335033936
17,188,211318720,67,1.074038657,0.142569640,0.017259380,1.374896610
4,188,211318720,67,1.345101545,0.142569640,0.017259380,1.381917287
19,188,211318720,67,1.672123490,0.142569640,0.017259380,1.274358890
10,189,211318720,67,0.198160521,0.142569640,0.019136667,0.218279561
14,189,211318720,67,0.243202909,0.142569640,0.019136667,0.294470442
11,189,211318720,67,0.244649358,0.142569640,0.019136667,0.296868840
20,189,211318720,67,0.279384594,0.142569640,0.019136667,0.344543679
12,189,211318720,67,0.384766570,0.142569640,0.019136667,0.613144559
3,189,211318720,67,0.403903668,0.142569640,0.019136667,0.676551426
15,189,211318720,67,0.430002133,0.142569640,0.019136667,0.771148821
1,189,211318720,67,0.459765279,0.142569640,0.019136667,0.859778007
5,189,211318720,67,0.469380687,0.142569640,0.019136667,0.882694894
16,189,211318720,67,0.505630854,0.142569640,0.019136667,0.992425389
7,189,211318720,67,0.537873555,0.142569640,0.019136667,1.089323711
17,189,211318720,67,0.548705179,0.142569640,0.019136667,1.114735366
8,189,211318720,67,0.611091554,0.142569640,0.019136667,1.218542126
4,189,211318720,67,0.619507724,0.142569640,0.019136667,1.226999407
2,189,211318720,67,0.639394657,0.142569640,0.019136667,1.233660452
19,189,211318720,67,0.808229779,0.142569640,0.019136667,1.412046456
18,189,211318720,67,0.821008808,0.142569640,0.019136667,1.424865708
9,189,211318720,67,0.876017721,0.142569640,0.019136667,1.442376035
6,189,211318720,67,1.285010920,0.142569640,0.019136667,1.400140159
13,189,211318720,67,1.516026422,0.142569640,0.019136667,1.323932860
17,190,211318720,67,0.180989575,0.142569640,0.091834627,0.694535937
16,190,211318720,67,0.189604911,0.142569640,0.091834627,0.743850684
11,190,211318720,67,0.197639146,0.142569640,0.091834627,0.789351437
12,190,211318720,67,0.203187046,0.142569640,0.091834627,0.817277903
9,190,211318720,67,0.205397570,0.142569640,0.091834627,0.826612173
8,190,211318720,67,0.210742206,0.142569640,0.091834627,0.845614048
1,190,211318720,67,0.214696194,0.142569640,0.091834627,0.857353790
4,190,211318720,67,0.236408325,0.142569640,0.091834627,0.908022097
7,190,211318720,67,0.241240855,0.142569640,0.091834627,0.916022592
6,190,211318720,67,0.244649358,0.142569640,0.091834627,0.919387181
20,190,211318720,67,0.330469564,0.142569640,0.091834627,1.023041365
14,190,211318720,67,0.407144390,0.142569640,0.091834627,1.151680957
19,190,211318720,67,0.436974056,0.142569640,0.091834627,1.197842753
10,190,211318720,67,0.463765996,0.142569640,0.091834627,1.224684686
18,190,211318720,67,0.555348320,0.142569640,0.091834627,1.256639449
5,190,211318720,67,0.741574597,0.142569640,0.091834627,1.347864576
2,190,211318720,67,0.796498422,0.142569640,0.091834627,1.365815060
13,190,211318720,67,1.211169919,0.142569640,0.091834627,1.329256595
15,190,211318720,67,1.345101545,0.142569640,0.091834627,1.374387355
3,190,211318720,67,1.411737678,0.142569640,0.091834627,1.352176049
19,191,211318720,67,0.216898661,0.142569640,0.033570755,0.227012863
8,191,211318720,67,0.260743209,0.142569640,0.033570755,0.300363849
14,191,211318720,67,0.271584609,0.142569640,0.033570755,0.314754031
7,191,211318720,67,0.277332429,0.142569640,0.033570755,0.320481234
17,191,211318720,67,0.409321724,0.142569640,0.033570755,0.523488425
6,191,211318720,67,0.436974056,0.142569640,0.033570755,0.569309845
3,191,211318720,67,0.473358151,0.142569640,0.033570755,0.630397847
11,191,211318720,67,0.505630854,0.142569640,0.033570755,0.708741562
18,191,211318720,67,0.585278571,0.142569640,0.033570755,0.895645918
5,191,211318720,67,0.609499617,0.142569640,0.033570755,0.935955014
10,191,211318720,67,0.615872459,0.142569640,0.033570755,0.942483744
13,191,211318720,67,0.643409518,0.142569640,0.033570755,0.951764672
12,191,211318720,67,0.954783595,0.142569640,0.033570755,0.960196544
16,191,211318720,67,1.074038657,0.142569640,0.033570755,0.999293494
9,191,211318720,67,1.293796954,0.142569640,0.033570755,1.192674035
15,191,211318720,67,1.302940102,0.142569640,0.033570755,1.210294897
4,191,211318720,67,1.345101545,0.142569640,0.033570755,1.279116354
2,191,211318720,67,1.404552817,0.142569640,0.033570755,1.339784629
1,191,211318720,67,1.442401680,0.142569640,0.033570755,1.352495327
20,191,211318720,67,2.067721695,0.142569640,0.033570755,1.147865485
17,192,211318720,67,0.171868971,0.142569640,0.024145477,0.609749030
12,192,211318720,67,0.194298324,0.142569640,0.024145477,0.736734414
15,192,211318720,67,0.204491291,0.142569640,0.024145477,0.787916724
5,192,211318720,67,0.208482977,0.142569640,0.024145477,0.805113521
10,192,211318720,67,0.210742206,0.142569640,0.024145477,0.813525924
1,192,211318720,67,0.216898661,0.142569640,0.024145477,0.831928206
14,192,211318720,67,0.224973196,0.142569640,0.024145477,0.850804867
9,192,211318720,67,0.234467470,0.142569640,0.024145477,0.866203303
2,192,211318720,67,0.241240855,0.142569640,0.024145477,0.873128678
6,192,211318720,67,0.252307820,0.142569640,0.024145477,0.876759632
3,192,211318720,67,0.403903668,0.142569640,0.024145477,1.042867648
7,192,211318720,67,0.479712491,0.142569640,0.024145477,1.200614856
13,192,211318720,67,0.486476637,0.142569640,0.024145477,1.212574275
8,192,211318720,67,0.494002997,0.142569640,0.024145477,1.225047657
19,192,211318720,67,0.575799394,0.142569640,0.024145477,1.308097547
11,192,211318720,67,0.628578231,0.142569640,0.024145477,1.354774912
20,192,211318720,67,0.727194083,0.142569640,0.024145477,1.386076439
16,192,211318720,67,1.148581697,0.142569640,0.024145477,1.343008038
4,192,211318720,67,1.411737678,0.142569640,0.024145477,1.350889187
18,192,211318720,67,2.067721695,0.142569640,0.024145477,1.135057475
4,193,211318720,67,0.151542328,0.142569640,0.035335403,0.197030641
18,193,211318720,67,0.210742206,0.142569640,0.035335403,0.335666273
13,193,211318720,67,0.225803229,0.142569640,0.035335403,0.361153151
5,193,211318720,67,0.244105060,0.142569640,0.035335403,0.380173284
12,193,211318720,67,0.271584609,0.142569640,0.035335403,0.423280418
3,193,211318720,67,0.384766570,0.142569640,0.035335403,0.848720990
10,193,211318720,67,0.403903668,0.142569640,0.035335403,0.931744668
2,193,211318720,67,0.407144390,0.142569640,0.035335403,0.943574085
1,193,211318720,67,0.409321724,0.142569640,0.035335403,0.950119245
11,193,211318720,67,0.425918639,0.142569640,0.035335403,0.988721394
16,193,211318720,67,0.463765996,0.142569640,0.035335403,1.052883834
6,193,211318720,67,0.478728149,0.142569640,0.035335403,1.067860349
14,193,211318720,67,0.496799554,0.142569640,0.035335403,1.079178743
19,193,211318720,67,0.631062274,0.142569640,0.035335403,1.127231904
8,193,211318720,67,0.767010536,0.142569640,0.035335403,1.172105745
9,193,211318720,67,1.169760915,0.142569640,0.035335403,1.135241320
15,193,211318720,67,1.472313539,0.142569640,0.035335403,1.195742476
17,193,211318720,67,1.516026422,0.142569640,0.035335403,1.211134896
20,193,211318720,67,1.677184906,0.142569640,0.035335403,1.251905789
7,193,211318720,67,2.004665860,0.142569640,0.035335403,1.142499238
3,194,211318720,67,0.189975787,0.142569640,0.035125528,0.530734581
4,194,211318720,67,0.194298324,0.142569640,0.035125528,0.549550245
20,194,211318720,67,0.203187046,0.142569640,0.035125528,0.582129432
13,194,211318720,67,0.206154434,0.142569640,0.035125528,0.591046053
14,194,211318720,67,0.236684993,0.142569640,0.035125528,0.662664092
11,194,211318720,67,0.240674095,0.142569640,0.035125528,0.669273593
8,194,211318720,67,0.243202909,0.142569640,0.035125528,0.671874853
1,194,211318720,67,0.280030751,0.142569640,0.035125528,0.684782461
2,194,211318720,67,0.425918639,0.142569640,0.035125528,0.868993390
6,194,211318720,67,0.452488274,0.142569640,0.035125528,0.913643505
16,194,211318720,67,0.478728149,0.142569640,0.035125528,0.940077809
19,194,211318720,67,0.567346654,0.142569640,0.035125528,0.970399061
15,194,211318720,67,0.741574597,0.142569640,0.035125528,1.159510655
18,194,211318720,67,0.763735157,0.142569640,0.035125528,1.182265080
5,194,211318720,67,0.773538749,0.142569640,0.035125528,1.185530053
7,194,211318720,67,1.169760915,0.142569640,0.035125528,1.223353068
17,194,211318720,67,1.211169919,0.142569640,0.035125528,1.263904594
9,194,211318720,67,1.302940102,0.142569640,0.035125528,1.322785285
10,194,211318720,67,1.404552817,0.142569640,0.035125528,1.355670205
12,194,211318720,67,1.755249417,0.142569640,0.035125528,1.238598222
5,195,211318720,67,0.151542328,0.142569640,0.018785119,0.286106296
6,195,211318720,67,0.171868971,0.142569640,0.018785119,0.360235880
13,195,211318720,67,0.190217740,0.142569640,0.018785119,0.415893495
19,195,211318720,67,0.230472108,0.142569640,0.018785119,0.509574584
9,195,211318720,67,0.258351971,0.142569640,0.018785119,0.556406909
17,195,211318720,67,0.260743209,0.142569640,0.018785119,0.559673819
10,195,211318720,67,0.294976812,0.142569640,0.018785119,0.635839247
20,195,211318720,67,0.402074486,0.142569640,0.018785119,0.931942330
7,195,211318720,67,0.403903668,0.142569640,0.018785119,0.936272093
16,195,211318720,67,0.409321724,0.142569640,0.018785119,0.945495773
4,195,211318720,67,0.436974056,0.142569640,0.018785119,0.989396446
3,195,211318720,67,0.473358151,0.142569640,0.018785119,1.026311270
11,195,211318720,67,0.555348320,0.142569640,0.018785119,1.122072834
15,195,211318720,67,0.639394657,0.142569640,0.018785119,1.233224591
18,195,211318720,67,0.655478420,0.142569640,0.018785119,1.249398835
14,195,211318720,67,0.741574597,0.142569640,0.018785119,1.286120028
1,195,211318720,67,0.870095545,0.142569640,0.018785119,1.327667227
2,195,211318720,67,1.074038657,0.142569640,0.018785119,1.353163703
12,195,211318720,67,1.238411982,0.142569640,0.018785119,1.393413251
8,195,211318720,67,1.562845948,0.142569640,0.018785119,1.284811029
5,196,211318720,67,0.151542328,0.142569640,0.096633613,0.411536212
11,196,211318720,67,0.201916690,0.142569640,0.096633613,0.663248063
17,196,211318720,67,0.206154434,0.142569640,0.096633613,0.681450429
13,196,211318720,67,0.208482977,0.142569640,0.096633613,0.689856330
20,196,211318720,67,0.212135629,0.142569640,0.096633613,0.700758204
6,196,211318720,67,0.214696194,0.142569640,0.096633613,0.706745292
2,196,211318720,67,0.242157230,0.142569640,0.096633613,0.752409140
16,196,211318720,67,0.243788411,0.142569640,0.096633613,0.753748388
4,196,211318720,67,0.277332429,0.142569640,0.096633613,0.775168858
9,196,211318720,67,0.402263847,0.142569640,0.096633613,0.854715302
19,196,211318720,67,0.486476637,0.142569640,0.096633613,0.983095027
7,196,211318720,67,0.564838374,0.142569640,0.096633613,1.116909532
10,196,211318720,67,0.581521109,0.142569640,0.096633613,1.144727690
18,196,211318720,67,0.591796632,0.142569640,0.096633613,1.155083603
12,196,211318720,67,0.703481386,0.142569640,0.096633613,1.261680067
1,196,211318720,67,0.741574597,0.142569640,0.096633613,1.284462124
3,196,211318720,67,0.870095545,0.142569640,0.096633613,1.325324946
8,196,211318720,67,1.211169919,0.142569640,0.096633613,1.348011792
15,196,211318720,67,1.293796954,0.142569640,0.096633613,1.376043078
14,196,211318720,67,1.472313539,0.142569640,0.096633613,1.316137454
1,197,211318720,67,0.189975787,0.142569640,0.008091526,0.219722311
17,197,211318720,67,0.201286280,0.142569640,0.008091526,0.231161347
10,197,211318720,67,0.208482977,0.142569640,0.008091526,0.233487861
11,197,211318720,67,0.384766570,0.142569640,0.008091526,0.534099702
19,197,211318720,67,0.397236570,0.142569640,0.008091526,0.571627686
18,197,211318720,67,0.430002133,0.142569640,0.008091526,0.651523319
13,197,211318720,67,0.463765996,0.142569640,0.008091526,0.742982089
7,197,211318720,67,0.469380687,0.142569640,0.008091526,0.756139823
12,197,211318720,67,0.479712491,0.142569640,0.008091526,0.773366574
8,197,211318720,67,0.567346654,0.142569640,0.008091526,0.864817946
6,197,211318720,67,0.585278571,0.142569640,0.008091526,0.882599332
4,197,211318720,67,0.703481386,0.142569640,0.008091526,1.003278473
3,197,211318720,67,0.763735157,0.142569640,0.008091526,1.102202618
15,197,211318720,67,0.808229779,0.142569640,0.008091526,1.146627214
5,197,211318720,67,0.848876883,0.142569640,0.008091526,1.184576771
9,197,211318720,67,0.954783595,0.142569640,0.008091526,1.219843992
14,197,211318720,67,1.211169919,0.142569640,0.008091526,1.315862498
16,197,211318720,67,1.226677978,0.142569640,0.008091526,1.321283057
2,197,211318720,67,1.442850200,0.142569640,0.008091526,1.343350366
20,197,211318720,67,1.755249417,0.142569640,0.008091526,1.240976012
13,198,211318720,67,0.114166194,0.142569640,0.060079701,0.130858152
10,198,211318720,67,0.198160521,0.142569640,0.060079701,0.356687123
15,198,211318720,67,0.205397570,0.142569640,0.060079701,0.378627642
20,198,211318720,67,0.244105060,0.142569640,0.060079701,0.469860675
19,198,211318720,67,0.279384594,0.142569640,0.060079701,0.541891428
17,198,211318720,67,0.294976812,0.142569640,0.060079701,0.567834779
2,198,211318720,67,0.320264087,0.142569640,0.060079701,0.593774188
5,198,211318720,67,0.402263847,0.142569640,0.060079701,0.747457924
3,198,211318720,67,0.481365940,0.142569640,0.060079701,1.029253307
1,198,211318720,67,0.489894567,0.142569640,0.060079701,1.063661785
12,198,211318720,67,0.499243967,0.142569640,0.060079701,1.098888434
11,198,211318720,67,0.520203290,0.142569640,0.060079701,1.176624004
16,198,211318720,67,0.555348320,0.142569640,0.060079701,1.282366886
9,198,211318720,67,0.577750989,0.142569640,0.060079701,1.334457043
14,198,211318720,67,0.591796632,0.142569640,0.060079701,1.358005959
7,198,211318720,67,0.627666836,0.142569640,0.060079701,1.393820772
18,198,211318720,67,0.639394657,0.142569640,0.060079701,1.397603607
8,198,211318720,67,1.148581697,0.142569640,0.060079701,1.324542999
6,198,211318720,67,1.399229128,0.142569640,0.060079701,1.337752811
4,198,211318720,67,2.004665860,0.142569640,0.060079701,1.139072536
16,199,211318720,67,0.194298324,0.142569640,0.037131570,0.675169919
10,199,211318720,67,0.206154434,0.142569640,0.037131570,0.742039344
20,199,211318720,67,0.209496986,0.142569640,0.037131570,0.758830103
15,199,211318720,67,0.209817303,0.142569640,0.037131570,0.760254864
19,199,211318720,67,0.223586538,0.142569640,0.037131570,0.810724560
7,199,211318720,67,0.236408325,0.142569640,0.037131570,0.849049927
4,199,211318720,67,0.236684993,0.142569640,0.037131570,0.849676622
14,199,211318720,67,0.241240855,0.142569640,0.037131570,0.857437195
12,199,211318720,67,0.252307820,0.142569640,0.037131570,0.868857698
17,199,211318720,67,0.279384594,0.142569640,0.037131570,0.877562722
18,199,211318720,67,0.430002133,0.142569640,0.037131570,0.981075878
9,199,211318720,67,0.484632161,0.142569640,0.037131570,1.003353963
8,199,211318720,67,0.619507724,0.142569640,0.037131570,1.106190626
6,199,211318720,67,0.711151880,0.142569640,0.037131570,1.241497659
1,199,211318720,67,0.729121023,0.142569640,0.037131570,1.259546007
5,199,211318720,67,0.790422749,0.142569640,0.037131570,1.280643855
3,199,211318720,67,0.967984072,0.142569640,0.037131570,1.316324467
13,199,211318720,67,1.169760915,0.142569640,0.037131570,1.344765196
11,199,211318720,67,1.516026422,0.142569640,0.037131570,1.325156079
2,199,211318720,67,1.677184906,0.142569640,0.037131570,1.271367282
14,200,211318720,67,0.156859078,0.142569640,0.024897117,0.311125355
3,200,211318720,67,0.160117286,0.142569640,0.024897117,0.320725069
2,200,211318720,67,0.175844454,0.142569640,0.024897117,0.360539895
10,200,211318720,67,0.180989575,0.142569640,0.024897117,0.372378108
1,200,211318720,67,0.289962109,0.142569640,0.024897117,0.613922781
9,200,211318720,67,0.297102798,0.142569640,0.024897117,0.637039312
19,200,211318720,67,0.313984077,0.142569640,0.024897117,0.687385903
17,200,211318720,67,0.384766570,0.142569640,0.024897117,0.921100425
20,200,211318720,67,0.401365222,0.142569640,0.024897117,0.970878116
15,200,211318720,67,0.422451779,0.142569640,0.024897117,1.020488082
16,200,211318720,67,0.436974056,0.142569640,0.024897117,1.053112900
5,200,211318720,67,0.473358151,0.142569640,0.024897117,1.113944557
11,200,211318720,67,0.478728149,0.142569640,0.024897117,1.119398542
13,200,211318720,67,0.567346654,0.142569640,0.024897117,1.192934364
6,200,211318720,67,0.643409518,0.142569640,0.024897117,1.238118935
8,200,211318720,67,0.758908371,0.142569640,0.024897117,1.312165823
18,200,211318720,67,0.848876883,0.142569640,0.024897117,1.368442634
7,200,211318720,67,0.954783595,0.142569640,0.024897117,1.403151751
4,200,211318720,67,1.142423237,0.142569640,0.024897117,1.438051386
12,200,211318720,67,2.067721695,0.142569640,0.024897117,1.131970783
18,201,211318720,67,0.114166194,0.142569640,0.137454674,0.311920684
1,201,211318720,67,0.151542328,0.142569640,0.137454674,0.485784977
9,201,211318720,67,0.164021072,0.142569640,0.137454674,0.549056011
12,201,211318720,67,0.175844454,0.142569640,0.137454674,0.600740905
3,201,211318720,67,0.206154434,0.142569640,0.137454674,0.711660492
15,201,211318720,67,0.230472108,0.142569640,0.137454674,0.784263524
17,201,211318720,67,0.231552464,0.142569640,0.137454674,0.786804512
10,201,211318720,67,0.240674095,0.142569640,0.137454674,0.802175722
6,201,211318720,67,0.280030751,0.142569640,0.137454674,0.841466394
8,201,211318720,67,0.289962109,0.142569640,0.137454674,0.848887147
4,201,211318720,67,0.425918639,0.142569640,0.137454674,0.964335184
2,201,211318720,67,0.463765996,0.142569640,0.137454674,0.996557952
19,201,211318720,67,0.577750989,0.142569640,0.137454674,1.171639890
7,201,211318720,67,0.619507724,0.142569640,0.137454674,1.240551453
20,201,211318720,67,0.627666836,0.142569640,0.137454674,1.248517544
5,201,211318720,67,0.710298778,0.142569640,0.137454674,1.276474057
14,201,211318720,67,0.967984072,0.142569640,0.137454674,1.285376785
16,201,211318720,67,1.169760915,0.142569640,0.137454674,1.321937120
13,201,211318720,67,1.302940102,0.142569640,0.137454674,1.366116312
11,201,211318720,67,1.404552817,0.142569640,0.137454674,1.332250306
13,202,211318720,67,0.180989575,0.142569640,0.219182715,0.565842889
2,202,211318720,67,0.189672613,0.142569640,0.219182715,0.603951908
7,202,211318720,67,0.190217740,0.142569640,0.219182715,0.606284890
14,202,211318720,67,0.205397570,0.142569640,0.219182715,0.661461742
20,202,211318720,67,0.206154434,0.142569640,0.219182715,0.663804821
15,202,211318720,67,0.225803229,0.142569640,0.219182715,0.710130139
8,202,211318720,67,0.230565321,0.142569640,0.219182715,0.717818177
19,202,211318720,67,0.241240855,0.142569640,0.219182715,0.728645617
5,202,211318720,67,0.330469564,0.142569640,0.219182715,0.766426989
1,202,211318720,67,0.459765279,0.142569640,0.219182715,0.917160901
4,202,211318720,67,0.499243967,0.142569640,0.219182715,0.983124178
10,202,211318720,67,0.569711265,0.142569640,0.219182715,1.054237168
11,202,211318720,67,0.577750989,0.142569640,0.219182715,1.056904345
3,202,211318720,67,0.773089545,0.142569640,0.219182715,1.088149676
9,202,211318720,67,1.074038657,0.142569640,0.219182715,1.084313915
18,202,211318720,67,1.404552817,0.142569640,0.219182715,1.210255913
6,202,211318720,67,1.442401680,0.142569640,0.219182715,1.247419242
12,202,211318720,67,1.442850200,0.142569640,0.219182715,1.247597844
17,202,211318720,67,1.755249417,0.142569640,0.219182715,1.239090290
16,202,211318720,67,2.067721695,0.142569640,0.219182715,1.133465086
7,203,211318720,67,0.189672613,0.142569640,0.119419619,0.577364841
1,203,211318720,67,0.203187046,0.142569640,0.119419619,0.644852700
3,203,211318720,67,0.205397570,0.142569640,0.119419619,0.654524915
10,203,211318720,67,0.210742206,0.142569640,0.119419619,0.674450064
16,203,211318720,67,0.224973196,0.142569640,0.119419619,0.717328589
14,203,211318720,67,0.242157230,0.142569640,0.119419619,0.757218677
15,203,211318720,67,0.243202909,0.142569640,0.119419619,0.759046470
6,203,211318720,67,0.243788411,0.142569640,0.119419619,0.759650365
2,203,211318720,67,0.289962109,0.142569640,0.119419619,0.774862663
12,203,211318720,67,0.478728149,0.142569640,0.119419619,0.943688481
8,203,211318720,67,0.489894567,0.142569640,0.119419619,0.969137569
5,203,211318720,67,0.581521109,0.142569640,0.119419619,1.175616024
13,203,211318720,67,0.591796632,0.142569640,0.119419619,1.204320797
18,203,211318720,67,0.615872459,0.142569640,0.119419619,1.260843546
20,203,211318720,67,0.655478420,0.142569640,0.119419619,1.326314167
11,203,211318720,67,0.710298778,0.142569640,0.119419619,1.381759574
4,203,211318720,67,0.727194083,0.142569640,0.119419619,1.387473669
17,203,211318720,67,1.472313539,0.142569640,0.119419619,1.238467012
9,203,211318720,67,1.672123490,0.142569640,0.119419619,1.266532688
19,203,211318720,67,2.067721695,0.142569640,0.119419619,1.132608877
9,204,211318720,67,0.121464623,0.142569640,0.028662555,0.218018747
19,204,211318720,67,0.201286280,0.142569640,0.028662555,0.510320392
14,204,211318720,67,0.205397570,0.142569640,0.028662555,0.522752279
17,204,211318720,67,0.212494739,0.142569640,0.028662555,0.539581132
7,204,211318720,67,0.223586538,0.142569640,0.028662555,0.558413375
13,204,211318720,67,0.230565321,0.142569640,0.028662555,0.565751905
8,204,211318720,67,0.258351971,0.142569640,0.028662555,0.574806199
6,204,211318720,67,0.452488274,0.142569640,0.028662555,0.622344572
15,204,211318720,67,0.570672550,0.142569640,0.028662555,0.771667101
10,204,211318720,67,0.627666836,0.142569640,0.028662555,0.874234454
11,204,211318720,67,0.643409518,0.142569640,0.028662555,0.900080117
3,204,211318720,67,0.703481386,0.142569640,0.028662555,0.958691149
20,204,211318720,67,0.758908371,0.142569640,0.028662555,1.041685071
4,204,211318720,67,0.848876883,0.142569640,0.028662555,1.147818921
12,204,211318720,67,0.856613387,0.142569640,0.028662555,1.155404409
16,204,211318720,67,0.967984072,0.142569640,0.028662555,1.193763522
5,204,211318720,67,1.226677978,0.142569640,0.028662555,1.204978473
2,204,211318720,67,1.677184906,0.142569640,0.028662555,1.151573725
1,204,211318720,67,2.004665860,0.142569640,0.028662555,1.135799128
18,204,211318720,67,2.067721695,0.142569640,0.028662555,1.114782498
8,205,211318720,67,0.151542328,0.142569640,0.047698282,0.198220968
9,205,211318720,67,0.200231803,0.142569640,0.047698282,0.311677616
2,205,211318720,67,0.208482977,0.142569640,0.047698282,0.325438081
14,205,211318720,67,0.271224328,0.142569640,0.047698282,0.401323907
4,205,211318720,67,0.271584609,0.142569640,0.047698282,0.401947053
13,205,211318720,67,0.402074486,0.142569640,0.047698282,0.780801472
18,205,211318720,67,0.403903668,0.142569640,0.047698282,0.787485184
1,205,211318720,67,0.436974056,0.142569640,0.047698282,0.888609138
11,205,211318720,67,0.459765279,0.142569640,0.047698282,0.957296690
17,205,211318720,67,0.463765996,0.142569640,0.047698282,0.966877947
16,205,211318720,67,0.489894567,0.142569640,0.047698282,1.025007313
6,205,211318720,67,0.498231948,0.142569640,0.047698282,1.044326681
7,205,211318720,67,0.577750989,0.142569640,0.047698282,1.188486766
20,205,211318720,67,0.615872459,0.142569640,0.047698282,1.273269387
19,205,211318720,67,0.627666836,0.142569640,0.047698282,1.292993740
12,205,211318720,67,0.703481386,0.142569640,0.047698282,1.367657778
15,205,211318720,67,0.727194083,0.142569640,0.047698282,1.376047028
10,205,211318720,67,1.345101545,0.142569640,0.047698282,1.325851506
5,205,211318720,67,1.399229128,0.142569640,0.047698282,1.343896447
3,205,211318720,67,1.472313539,0.142569640,0.047698282,1.319538539
20,206,211318720,67,0.160117286,0.142569640,0.019687464,0.274357978
6,206,211318720,67,0.201286280,0.142569640,0.019687464,0.435565087
11,206,211318720,67,0.206154434,0.142569640,0.019687464,0.453452627
2,206,211318720,67,0.241240855,0.142569640,0.019687464,0.557674970
16,206,211318720,67,0.244649358,0.142569640,0.019687464,0.565825146
12,206,211318720,67,0.280030751,0.142569640,0.019687464,0.625235715
18,206,211318720,67,0.298832886,0.142569640,0.019687464,0.651934284
7,206,211318720,67,0.330469564,0.142569640,0.019687464,0.683199810
4,206,211318720,67,0.430002133,0.142569640,0.019687464,0.764736840
14,206,211318720,67,0.498231948,0.142569640,0.019687464,0.787392856
1,206,211318720,67,0.758908371,0.142569640,0.019687464,0.876099959
15,206,211318720,67,0.808229779,0.142569640,0.019687464,0.925727455
3,206,211318720,67,0.876017721,0.142569640,0.019687464,0.981952278
5,206,211318720,67,0.966696729,0.142569640,0.019687464,1.062145131
17,206,211318720,67,1.067875615,0.142569640,0.019687464,1.190754072
10,206,211318720,67,1.074038657,0.142569640,0.019687464,1.197024164
8,206,211318720,67,1.169760915,0.142569640,0.019687464,1.230231594
19,206,211318720,67,1.368193902,0.142569640,0.019687464,1.260405005
9,206,211318720,67,1.672123490,0.142569640,0.019687464,1.253310594
13,206,211318720,67,2.067721695,0.142569640,0.019687464,1.122490955
13,207,211318720,67,0.151542328,0.142569640,0.018400894,0.395763406
5,207,211318720,67,0.163447751,0.142569640,0.018400894,0.447263962
8,207,211318720,67,0.189672613,0.142569640,0.018400894,0.544112710
18,207,211318720,67,0.200231803,0.142569640,0.018400894,0.575797685
1,207,211318720,67,0.230472108,0.142569640,0.018400894,0.646263098
14,207,211318720,67,0.236684993,0.142569640,0.018400894,0.656410371
7,207,211318720,67,0.244649358,0.142569640,0.018400894,0.664613541
10,207,211318720,67,0.271224328,0.142569640,0.018400894,0.673034300
19,207,211318720,67,0.484632161,0.142569640,0.018400894,0.939144539
15,207,211318720,67,0.494002997,0.142569640,0.018400894,0.967264275
3,207,211318720,67,0.505630854,0.142569640,0.018400894,0.994927121
17,207,211318720,67,0.577750989,0.142569640,0.018400894,1.113660105
11,207,211318720,67,0.585278571,0.142569640,0.018400894,1.121179041
20,207,211318720,67,0.609499617,0.142569640,0.018400894,1.129879544
6,207,211318720,67,0.876017721,0.142569640,0.018400894,1.179743951
9,207,211318720,67,0.954783595,0.142569640,0.018400894,1.239622749
16,207,211318720,67,1.067875615,0.142569640,0.018400894,1.354736724
4,207,211318720,67,1.074038657,0.142569640,0.018400894,1.356816629
12,207,211318720,67,1.411737678,0.142569640,0.018400894,1.339760949
2,207,211318720,67,1.505171246,0.142569640,0.018400894,1.308617385
18,208,211318720,67,0.156859078,0.142569640,0.009746451,0.423372334
13,208,211318720,67,0.164021072,0.142569640,0.009746451,0.449750839
20,208,211318720,67,0.171868971,0.142569640,0.009746451,0.473458207
16,208,211318720,67,0.209817303,0.142569640,0.009746451,0.561865712
9,208,211318720,67,0.212135629,0.142569640,0.009746451,0.565638309
4,208,211318720,67,0.232211245,0.142569640,0.009746451,0.584889710
15,208,211318720,67,0.243202909,0.142569640,0.009746451,0.588496574
12,208,211318720,67,0.478728149,0.142569640,0.009746451,0.894020457
5,208,211318720,67,0.496799554,0.142569640,0.009746451,0.948779124
6,208,211318720,67,0.497332438,0.142569640,0.009746451,0.950354436
10,208,211318720,67,0.537873555,0.142569640,0.009746451,1.044644658
2,208,211318720,67,0.569711265,0.142569640,0.009746451,1.097935379
11,208,211318720,67,0.575799394,0.142569640,0.009746451,1.104020363
19,208,211318720,67,0.639394657,0.142569640,0.009746451,1.137506817
14,208,211318720,67,0.763735157,0.142569640,0.009746451,1.178971492
17,208,211318720,67,0.954783595,0.142569640,0.009746451,1.209023422
3,208,211318720,67,1.142423237,0.142569640,0.009746451,1.241058617
7,208,211318720,67,1.505171246,0.142569640,0.009746451,1.273854679
8,208,211318720,67,1.562845948,0.142569640,0.009746451,1.292737902
1,208,211318720,67,1.755249417,0.142569640,0.009746451,1.228716577
15,209,211318720,67,0.151542328,0.142569640,0.041542165,0.292083097
19,209,211318720,67,0.189604911,0.142569640,0.041542165,0.430119451
9,209,211318720,67,0.201916690,0.142569640,0.041542165,0.467414060
8,209,211318720,67,0.210742206,0.142569640,0.041542165,0.487828572
1,209,211318720,67,0.221176057,0.142569640,0.041542165,0.505409924
10,209,211318720,67,0.280030751,0.142569640,0.041542165,0.629821756
18,209,211318720,67,0.297102798,0.142569640,0.041542165,0.692748223
6,209,211318720,67,0.384766570,0.142569640,0.041542165,1.053007158
2,209,211318720,67,0.397236570,0.142569640,0.041542165,1.106957545
16,209,211318720,67,0.403903668,0.142569640,0.041542165,1.131813377
17,209,211318720,67,0.407324411,0.142569640,0.041542165,1.141965571
3,209,211318720,67,0.422451779,0.142569640,0.041542165,1.177019538
11,209,211318720,67,0.463765996,0.142569640,0.041542165,1.261007901
13,209,211318720,67,0.484632161,0.142569640,0.041542165,1.301882592
5,209,211318720,67,0.486476637,0.142569640,0.041542165,1.304935926
14,209,211318720,67,0.585278571,0.142569640,0.041542165,1.406086866
20,209,211318720,67,0.619507724,0.142569640,0.041542165,1.441175949
12,209,211318720,67,0.727194083,0.142569640,0.041542165,1.475305979
7,209,211318720,67,1.404552817,0.142569640,0.041542165,1.344954715
4,209,211318720,67,1.442401680,0.142569640,0.041542165,1.332343155
12,210,211318720,67,0.121464623,0.142569640,0.007853412,0.261387465
4,210,211318720,67,0.151542328,0.142569640,0.007853412,0.373854505
15,210,211318720,67,0.201286280,0.142569640,0.007853412,0.576888410
19,210,211318720,67,0.209496986,0.142569640,0.007853412,0.607262858
16,210,211318720,67,0.223586538,0.142569640,0.007853412,0.649769904
8,210,211318720,67,0.234467470,0.142569640,0.007853412,0.682012910
9,210,211318720,67,0.242157230,0.142569640,0.007853412,0.699831305
3,210,211318720,67,0.289962109,0.142569640,0.007853412,0.803284593
20,210,211318720,67,0.313984077,0.142569640,0.007853412,0.873099889
5,210,211318720,67,0.366689858,0.142569640,0.007853412,1.015293680
10,210,211318720,67,0.407144390,0.142569640,0.007853412,1.109409840
14,210,211318720,67,0.422451779,0.142569640,0.007853412,1.134815084
18,210,211318720,67,0.435656761,0.142569640,0.007853412,1.156052050
17,210,211318720,67,0.479712491,0.142569640,0.007853412,1.199933608
1,210,211318720,67,0.564838374,0.142569640,0.007853412,1.228020080
13,210,211318720,67,0.741574597,0.142569640,0.007853412,1.266131855
7,210,211318720,67,1.142423237,0.142569640,0.007853412,1.228751623
2,210,211318720,67,1.368193902,0.142569640,0.007853412,1.295125287
6,210,211318720,67,1.442401680,0.142569640,0.007853412,1.320368257
11,210,211318720,67,1.755249417,0.142569640,0.007853412,1.216796324
7,211,211318720,67,0.156859078,0.142569640,0.070787854,0.393327937
19,211,211318720,67,0.164021072,0.142569640,0.070787854,0.414978789
9,211,211318720,67,0.189604911,0.142569640,0.070787854,0.483054481
6,211,211318720,67,0.189975787,0.142569640,0.070787854,0.483916985
18,211,211318720,67,0.197639146,0.142569640,0.070787854,0.495926965
3,211,211318720,67,0.234467470,0.142569640,0.070787854,0.540117391
1,211,211318720,67,0.320264087,0.142569640,0.070787854,0.706368848
13,211,211318720,67,0.366689858,0.142569640,0.070787854,0.811868921
2,211,211318720,67,0.397236570,0.142569640,0.070787854,0.883161669
10,211,211318720,67,0.407324411,0.142569640,0.070787854,0.900221827
14,211,211318720,67,0.479916421,0.142569640,0.070787854,0.973933867
17,211,211318720,67,0.498231948,0.142569640,0.070787854,0.980975373
4,211,211318720,67,0.655478420,0.142569640,0.070787854,1.139084489
11,211,211318720,67,0.711151880,0.142569640,0.070787854,1.233210661
15,211,211318720,67,0.741574597,0.142569640,0.070787854,1.263582866
16,211,211318720,67,0.773089545,0.142569640,0.070787854,1.273520084
20,211,211318720,67,0.954783595,0.142569640,0.070787854,1.312394429
8,211,211318720,67,1.293796954,0.142569640,0.070787854,1.312429673
12,211,211318720,67,1.411737678,0.142569640,0.070787854,1.351436026
5,211,211318720,67,2.004665860,0.142569640,0.070787854,1.155895472
15,212,211318720,67,0.120652983,0.142569640,0.011490991,0.195701690
19,212,211318720,67,0.175844454,0.142569640,0.011490991,0.362122588
3,212,211318720,67,0.203187046,0.142569640,0.011490991,0.436352282
5,212,211318720,67,0.232211245,0.142569640,0.011490991,0.504780442
20,212,211318720,67,0.241240855,0.142569640,0.011490991,0.520033145
14,212,211318720,67,0.242157230,0.142569640,0.011490991,0.521004020
8,212,211318720,67,0.330469564,0.142569640,0.011490991,0.579300204
12,212,211318720,67,0.430002133,0.142569640,0.011490991,0.856630842
13,212,211318720,67,0.473358151,0.142569640,0.011490991,0.984437904
18,212,211318720,67,0.480370697,0.142569640,0.011490991,1.003109201
9,212,211318720,67,0.481365940,0.142569640,0.011490991,1.005459483
10,212,211318720,67,0.489360347,0.142569640,0.011490991,1.018585573
17,212,211318720,67,0.575799394,0.142569640,0.011490991,1.114771755
7,212,211318720,67,0.619507724,0.142569640,0.011490991,1.159834221
6,212,211318720,67,0.703481386,0.142569640,0.011490991,1.186961966
4,212,211318720,67,0.856613387,0.142569640,0.011490991,1.318497907
2,212,211318720,67,0.870095545,0.142569640,0.011490991,1.323444026
11,212,211318720,67,1.226677978,0.142569640,0.011490991,1.348698574
16,212,211318720,67,1.293796954,0.142569640,0.011490991,1.370769686
1,212,211318720,67,1.562845948,0.142569640,0.011490991,1.281161851
1,213,211318720,67,0.121464623,0.142569640,0.082990617,0.355530659
6,213,211318720,67,0.143246377,0.142569640,0.082990617,0.470383991
9,213,211318720,67,0.160117286,0.142569640,0.082990617,0.554990751
20,213,211318720,67,0.203187046,0.142569640,0.082990617,0.741507397
10,213,211318720,67,0.212135629,0.142569640,0.082990617,0.774255172
2,213,211318720,67,0.214696194,0.142569640,0.082990617,0.781901428
15,213,211318720,67,0.236408325,0.142569640,0.082990617,0.832275197
19,213,211318720,67,0.236684993,0.142569640,0.082990617,0.832728420
13,213,211318720,67,0.244649358,0.142569640,0.082990617,0.840629876
14,213,211318720,67,0.277332429,0.142569640,0.082990617,0.852107174
12,213,211318720,67,0.435656761,0.142569640,0.082990617,0.900809429
5,213,211318720,67,0.569711265,0.142569640,0.082990617,1.134033230
11,213,211318720,67,0.575799394,0.142569640,0.082990617,1.144312082
3,213,211318720,67,0.611091554,0.142569640,0.082990617,1.196523844
4,213,211318720,67,0.668732790,0.142569640,0.082990617,1.294604470
8,213,211318720,67,0.727194083,0.142569640,0.082990617,1.392535429
16,213,211318720,67,0.773089545,0.142569640,0.082990617,1.438435093
17,213,211318720,67,0.790422749,0.142569640,0.082990617,1.443707211
7,213,211318720,67,1.067875615,0.142569640,0.082990617,1.447719323
18,213,211318720,67,1.442850200,0.142569640,0.082990617,1.323501291
5,214,211318720,67,0.203187046,0.142569640,0.011114351,0.331739590
20,214,211318720,67,0.216898661,0.142569640,0.011114351,0.364276326
19,214,211318720,67,0.234467470,0.142569640,0.011114351,0.394283343
7,214,211318720,67,0.236408325,0.142569640,0.011114351,0.396283540
18,214,211318720,67,0.271584609,0.142569640,0.011114351,0.414655441
6,214,211318720,67,0.403903668,0.142569640,0.011114351,0.572834533
2,214,211318720,67,0.469380687,0.142569640,0.011114351,0.714400032
11,214,211318720,67,0.479916421,0.142569640,0.011114351,0.743593526
15,214,211318720,67,0.520203290,0.142569640,0.011114351,0.859164600
17,214,211318720,67,0.585278571,0.142569640,0.011114351,1.011747014
1,214,211318720,67,0.591796632,0.142569640,0.011114351,1.026939495
10,214,211318720,67,0.615872459,0.142569640,0.011114351,1.078909560
14,214,211318720,67,0.631062274,0.142569640,0.011114351,1.105063947
3,214,211318720,67,0.727194083,0.142569640,0.011114351,1.265078771
9,214,211318720,67,0.741574597,0.142569640,0.011114351,1.279489195
8,214,211318720,67,0.773089545,0.142569640,0.011114351,1.289686071
16,214,211318720,67,0.967984072,0.142569640,0.011114351,1.320178198
12,214,211318720,67,1.226677978,0.142569640,0.011114351,1.330509939
4,214,211318720,67,1.368193902,0.142569640,0.011114351,1.378336053
13,214,211318720,67,1.755249417,0.142569640,0.011114351,1.249459481
20,215,211318720,67,0.163447751,0.142569640,0.001035815,0.385299149
6,215,211318720,67,0.223586538,0.142569640,0.001035815,0.721496753
11,215,211318720,67,0.230472108,0.142569640,0.001035815,0.755904480
16,215,211318720,67,0.230565321,0.142569640,0.001035815,0.756320963
17,215,211318720,67,0.231552464,0.142569640,0.001035815,0.759966969
9,215,211318720,67,0.234467470,0.142569640,0.001035815,0.768806343
1,215,211318720,67,0.241240855,0.142569640,0.001035815,0.784676374
10,215,211318720,67,0.252307820,0.142569640,0.001035815,0.803404665
2,215,211318720,67,0.297102798,0.142569640,0.001035815,0.849031597
8,215,211318720,67,0.313984077,0.142569640,0.001035815,0.856986641
4,215,211318720,67,0.452488274,0.142569640,0.001035815,0.996859030
14,215,211318720,67,0.479916421,0.142569640,0.001035815,1.029055473
15,215,211318720,67,0.569711265,0.142569640,0.001035815,1.231886847
5,215,211318720,67,0.615280617,0.142569640,0.001035815,1.308368819
18,215,211318720,67,0.627666836,0.142569640,0.001035815,1.320815085
7,215,211318720,67,0.628578231,0.142569640,0.001035815,1.320921191
12,215,211318720,67,0.796498422,0.142569640,0.001035815,1.361644053
13,215,211318720,67,0.966696729,0.142569640,0.001035815,1.399802737
19,215,211318720,67,1.211169919,0.142569640,0.001035815,1.411653682
3,215,211318720,67,1.442850200,0.142569640,0.001035815,1.334773670
3,216,211318720,67,0.114166194,0.142569640,0.035430655,0.388095697
2,216,211318720,67,0.120652983,0.142569640,0.035430655,0.411849712
17,216,211318720,67,0.121464623,0.142569640,0.035430655,0.414333831
7,216,211318720,67,0.143246377,0.142569640,0.035430655,0.470843400
1,216,211318720,67,0.189672613,0.142569640,0.035430655,0.603869560
5,216,211318720,67,0.225803229,0.142569640,0.035430655,0.688305951
12,216,211318720,67,0.231552464,0.142569640,0.035430655,0.698013528
16,216,211318720,67,0.277332429,0.142569640,0.035430655,0.745280692
20,216,211318720,67,0.294976812,0.142569640,0.035430655,0.751250008
18,216,211318720,67,0.452488274,0.142569640,0.035430655,1.186358011
6,216,211318720,67,0.479916421,0.142569640,0.035430655,1.305232908
9,216,211318720,67,0.481365940,0.142569640,0.035430655,1.310710693
19,216,211318720,67,0.486476637,0.142569640,0.035430655,1.326427444
11,216,211318720,67,0.496363065,0.142569640,0.035430655,1.356381558
15,216,211318720,67,0.498231948,0.142569640,0.035430655,1.360812889
4,216,211318720,67,0.548705179,0.142569640,0.035430655,1.444727396
14,216,211318720,67,0.585278571,0.142569640,0.035430655,1.480850260
8,216,211318720,67,0.628578231,0.142569640,0.035430655,1.498327565
13,216,211318720,67,0.767010536,0.142569640,0.035430655,1.543891944
10,216,211318720,67,1.285010920,0.142569640,0.035430655,1.371187123
10,217,211318720,67,0.163447751,0.142569640,0.072069697,0.305700384
4,217,211318720,67,0.197639146,0.142569640,0.072069697,0.385830534
12,217,211318720,67,0.198160521,0.142569640,0.072069697,0.386671666
16,217,211318720,67,0.201916690,0.142569640,0.072069697,0.390666601
8,217,211318720,67,0.240674095,0.142569640,0.072069697,0.404526083
19,217,211318720,67,0.409321724,0.142569640,0.072069697,0.651705259
2,217,211318720,67,0.430002133,0.142569640,0.072069697,0.699499663
5,217,211318720,67,0.480370697,0.142569640,0.072069697,0.814214780
13,217,211318720,67,0.481365940,0.142569640,0.072069697,0.815909354
14,217,211318720,67,0.505630854,0.142569640,0.072069697,0.839171759
11,217,211318720,67,0.575799394,0.142569640,0.072069697,0.922990073
18,217,211318720,67,0.668732790,0.142569640,0.072069697,1.065827626
7,217,211318720,67,0.678269687,0.142569640,0.072069697,1.081609188
1,217,211318720,67,0.758908371,0.142569640,0.072069697,1.163810927
9,217,211318720,67,0.790422749,0.142569640,0.072069697,1.174811588
17,217,211318720,67,1.067875615,0.142569640,0.072069697,1.222853644
6,217,211318720,67,1.142423237,0.142569640,0.072069697,1.246420724
20,217,211318720,67,1.293796954,0.142569640,0.072069697,1.291960176
3,217,211318720,67,1.502283313,0.142569640,0.072069697,1.319207437
15,217,211318720,67,1.755249417,0.142569640,0.072069697,1.235559551
1,218,211318720,67,0.121464623,0.142569640,0.016836697,0.144229986
13,218,211318720,67,0.143246377,0.142569640,0.016836697,0.180597225
15,218,211318720,67,0.243202909,0.142569640,0.016836697,0.324534799
10,218,211318720,67,0.260743209,0.142569640,0.016836697,0.341672140
16,218,211318720,67,0.320264087,0.142569640,0.016836697,0.425835582
4,218,211318720,67,0.403903668,0.142569640,0.016836697,0.570822613
8,218,211318720,67,0.425918639,0.142569640,0.016836697,0.607066958
9,218,211318720,67,0.496799554,0.142569640,0.016836697,0.697824294
7,218,211318720,67,0.505630854,0.142569640,0.016836697,0.706902203
6,218,211318720,67,0.609499617,0.142569640,0.016836697,0.756595316
14,218,211318720,67,0.729121023,0.142569640,0.016836697,0.881623270
5,218,211318720,67,0.796498422,0.142569640,0.016836697,0.994433041
11,218,211318720,67,0.821008808,0.142569640,0.016836697,1.024643238
12,218,211318720,67,0.870095545,0.142569640,0.016836697,1.072767318
18,218,211318720,67,0.954783595,0.142569640,0.016836697,1.119128630
17,218,211318720,67,1.067875615,0.142569640,0.016836697,1.185237222
19,218,211318720,67,1.169760915,0.142569640,0.016836697,1.287397062
2,218,211318720,67,1.211169919,0.142569640,0.016836697,1.301795533
20,218,211318720,67,1.505171246,0.142569640,0.016836697,1.297410769
3,218,211318720,67,2.004665860,0.142569640,0.016836697,1.130588027
8,219,211318720,67,0.120652983,0.142569640,0.065011241,0.160778113
14,219,211318720,67,0.201286280,0.142569640,0.065011241,0.438709238
20,219,211318720,67,0.212135629,0.142569640,0.065011241,0.478577812
17,219,211318720,67,0.232211245,0.142569640,0.065011241,0.539823519
9,219,211318720,67,0.241240855,0.142569640,0.065011241,0.560768952
5,219,211318720,67,0.279384594,0.142569640,0.065011241,0.643582460
2,219,211318720,67,0.297102798,0.142569640,0.065011241,0.685162467
4,219,211318720,67,0.320264087,0.142569640,0.065011241,0.724003203
6,219,211318720,67,0.407144390,0.142569640,0.065011241,0.863675983
16,219,211318720,67,0.407324411,0.142569640,0.065011241,0.863964186
12,219,211318720,67,0.496799554,0.142569640,0.065011241,1.055016596
10,219,211318720,67,0.520203290,0.142569640,0.065011241,1.125543915
13,219,211318720,67,0.577750989,0.142569640,0.065011241,1.260061983
19,219,211318720,67,0.591796632,0.142569640,0.065011241,1.283674712
3,219,211318720,67,0.615872459,0.142569640,0.065011241,1.307884853
11,219,211318720,67,0.619507724,0.142569640,0.065011241,1.308994928
15,219,211318720,67,1.142423237,0.142569640,0.065011241,1.232909603
18,219,211318720,67,1.399229128,0.142569640,0.065011241,1.306712151
7,219,211318720,67,1.442850200,0.142569640,0.065011241,1.321257520
1,219,211318720,67,1.472313539,0.142569640,0.065011241,1.311439845
4,220,211318720,67,0.121464623,0.142569640,0.074982673,0.341618326
2,220,211318720,67,0.151542328,0.142569640,0.074982673,0.463456610
13,220,211318720,67,0.163447751,0.142569640,0.074982673,0.507602807
16,220,211318720,67,0.194298324,0.142569640,0.074982673,0.599879070
3,220,211318720,67,0.200231803,0.142569640,0.074982673,0.614087591
19,220,211318720,67,0.201916690,0.142569640,0.074982673,0.616902829
10,220,211318720,67,0.231552464,0.142569640,0.074982673,0.646877913
12,220,211318720,67,0.277332429,0.142569640,0.074982673,0.669801428
1,220,211318720,67,0.409321724,0.142569640,0.074982673,0.860068517
9,220,211318720,67,0.459765279,0.142569640,0.074982673,0.974168482
17,220,211318720,67,0.481365940,0.142569640,0.074982673,1.009897401
6,220,211318720,67,0.496363065,0.142569640,0.074982673,1.032467920
11,220,211318720,67,0.555348320,0.142569640,0.074982673,1.091140889
5,220,211318720,67,0.627666836,0.142569640,0.074982673,1.120708252
8,220,211318720,67,0.763735157,0.142569640,0.074982673,1.166041599
7,220,211318720,67,1.067875615,0.142569640,0.074982673,1.159811484
14,220,211318720,67,1.293796954,0.142569640,0.074982673,1.178846908
15,220,211318720,67,1.442401680,0.142569640,0.074982673,1.299733934
20,220,211318720,67,1.472313539,0.142569640,0.074982673,1.309214020
18,220,211318720,67,1.677184906,0.142569640,0.074982673,1.240376514
15,221,211318720,67,0.143246377,0.142569640,0.042498969,0.219151818
2,221,211318720,67,0.180989575,0.142569640,0.042498969,0.308270881
6,221,211318720,67,0.197639146,0.142569640,0.042498969,0.336187366
8,221,211318720,67,0.230472108,0.142569640,0.042498969,0.369562919
11,221,211318720,67,0.277332429,0.142569640,0.042498969,0.405768797
19,221,211318720,67,0.401365222,0.142569640,0.042498969,0.716676108
5,221,211318720,67,0.407144390,0.142569640,0.042498969,0.737636649
18,221,211318720,67,0.469380687,0.142569640,0.042498969,0.953241616
16,221,211318720,67,0.478728149,0.142569640,0.042498969,0.981362976
20,221,211318720,67,0.484632161,0.142569640,0.042498969,0.995060037
1,221,211318720,67,0.489360347,0.142569640,0.042498969,1.003383080
14,221,211318720,67,0.520203290,0.142569640,0.042498969,1.034062266
9,221,211318720,67,0.570672550,0.142569640,0.042498969,1.052690551
3,221,211318720,67,0.711151880,0.142569640,0.042498969,1.184606390
13,221,211318720,67,0.758908371,0.142569640,0.042498969,1.249702995
10,221,211318720,67,0.821008808,0.142569640,0.042498969,1.313290425
17,221,211318720,67,0.876017721,0.142569640,0.042498969,1.331581577
12,221,211318720,67,1.502283313,0.142569640,0.042498969,1.275232974
4,221,211318720,67,1.562845948,0.142569640,0.042498969,1.295367215
7,221,211318720,67,1.672123490,0.142569640,0.042498969,1.258942260
19,222,211318720,67,0.209817303,0.142569640,0.004965256,0.328354348
20,222,211318720,67,0.234467470,0.142569640,0.004965256,0.386086324
2,222,211318720,67,0.236684993,0.142569640,0.004965256,0.390011440
16,222,211318720,67,0.258351971,0.142569640,0.004965256,0.411692154
12,222,211318720,67,0.258390635,0.142569640,0.004965256,0.411718763
10,222,211318720,67,0.401365222,0.142569640,0.004965256,0.568012615
8,222,211318720,67,0.436974056,0.142569640,0.004965256,0.638568692
9,222,211318720,67,0.494002997,0.142569640,0.004965256,0.747152844
18,222,211318720,67,0.537873555,0.142569640,0.004965256,0.820091875
1,222,211318720,67,0.562011941,0.142569640,0.004965256,0.844296137
6,222,211318720,67,0.615280617,0.142569640,0.004965256,0.877983991
7,222,211318720,67,0.733872699,0.142569640,0.004965256,0.919292629
13,222,211318720,67,0.876017721,0.142569640,0.004965256,0.966603149
3,222,211318720,67,1.067875615,0.142569640,0.004965256,1.090823790
4,222,211318720,67,1.074038657,0.142569640,0.004965256,1.092981637
15,222,211318720,67,1.411737678,0.142569640,0.004965256,1.189185760
5,222,211318720,67,1.442401680,0.142569640,0.004965256,1.219995759
11,222,211318720,67,1.502283313,0.142569640,0.004965256,1.238617818
17,222,211318720,67,1.677184906,0.142569640,0.004965256,1.275202224
14,222,211318720,67,2.004665860,0.142569640,0.004965256,1.166319496
6,223,211318720,67,0.114166194,0.142569640,0.097443685,0.224198726
17,223,211318720,67,0.156859078,0.142569640,0.097443685,0.379738022
12,223,211318720,67,0.208482977,0.142569640,0.097443685,0.534447522
10,223,211318720,67,0.209496986,0.142569640,0.097443685,0.536782648
19,223,211318720,67,0.212135629,0.142569640,0.097443685,0.541275451
15,223,211318720,67,0.234467470,0.142569640,0.097443685,0.570468769
13,223,211318720,67,0.258390635,0.142569640,0.097443685,0.594082971
20,223,211318720,67,0.366689858,0.142569640,0.097443685,0.761074238
8,223,211318720,67,0.425918639,0.142569640,0.097443685,0.898667474
3,223,211318720,67,0.452488274,0.142569640,0.097443685,0.943159261
11,223,211318720,67,0.463765996,0.142569640,0.097443685,0.954397049
4,223,211318720,67,0.496363065,0.142569640,0.097443685,0.985102336
5,223,211318720,67,0.609499617,0.142569640,0.097443685,1.028945983
18,223,211318720,67,0.741574597,0.142569640,0.097443685,1.152300510
2,223,211318720,67,0.767010536,0.142569640,0.097443685,1.160935500
1,223,211318720,67,1.285010920,0.142569640,0.097443685,1.174275663
7,223,211318720,67,1.293796954,0.142569640,0.097443685,1.177378538
14,223,211318720,67,1.562845948,0.142569640,0.097443685,1.183420177
9,223,211318720,67,1.755249417,0.142569640,0.097443685,1.215005812
16,223,211318720,67,2.004665860,0.142569640,0.097443685,1.134320694
18,224,211318720,67,0.120652983,0.142569640,0.095177852,0.233524339
4,224,211318720,67,0.171868971,0.142569640,0.095177852,0.399387096
9,224,211318720,67,0.175844454,0.142569640,0.095177852,0.414048089
13,224,211318720,67,0.209817303,0.142569640,0.095177852,0.530186055
12,224,211318720,67,0.232211245,0.142569640,0.095177852,0.598106471
11,224,211318720,67,0.244105060,0.142569640,0.095177852,0.626445446
3,224,211318720,67,0.297102798,0.142569640,0.095177852,0.738329016
15,224,211318720,67,0.313984077,0.142569640,0.095177852,0.766338824
20,224,211318720,67,0.330469564,0.142569640,0.095177852,0.791394514
10,224,211318720,67,0.403903668,0.142569640,0.095177852,0.941362957
17,224,211318720,67,0.459765279,0.142569640,0.095177852,1.034853804
1,224,211318720,67,0.480370697,0.142569640,0.095177852,1.060224993
7,224,211318720,67,0.497332438,0.142569640,0.095177852,1.077096580
14,224,211318720,67,0.615280617,0.142569640,0.095177852,1.203529772
19,224,211318720,67,0.655478420,0.142569640,0.095177852,1.243864840
2,224,211318720,67,0.729121023,0.142569640,0.095177852,1.267847884
8,224,211318720,67,1.302940102,0.142569640,0.095177852,1.172076451
6,224,211318720,67,1.472313539,0.142569640,0.095177852,1.245678121
5,224,211318720,67,1.562845948,0.142569640,0.095177852,1.276857925
16,224,211318720,67,1.672123490,0.142569640,0.095177852,1.240432971
9,225,211318720,67,0.156859078,0.142569640,0.263096660,0.390671833
17,225,211318720,67,0.189975787,0.142569640,0.263096660,0.533875310
2,225,211318720,67,0.190217740,0.142569640,0.263096660,0.534721564
3,225,211318720,67,0.214696194,0.142569640,0.263096660,0.607990681
6,225,211318720,67,0.223586538,0.142569640,0.263096660,0.629317578
15,225,211318720,67,0.236408325,0.142569640,0.263096660,0.658785965
5,225,211318720,67,0.252307820,0.142569640,0.263096660,0.685239864
16,225,211318720,67,0.277332429,0.142569640,0.263096660,0.729685082
19,225,211318720,67,0.366689858,0.142569640,0.263096660,1.003466302
13,225,211318720,67,0.402263847,0.142569640,0.263096660,1.158199211
11,225,211318720,67,0.407324411,0.142569640,0.263096660,1.176742077
8,225,211318720,67,0.452488274,0.142569640,0.263096660,1.311738511
10,225,211318720,67,0.463765996,0.142569640,0.263096660,1.337949092
4,225,211318720,67,0.478728149,0.142569640,0.263096660,1.362769737
14,225,211318720,67,0.480370697,0.142569640,0.263096660,1.364427168
1,225,211318720,67,0.484632161,0.142569640,0.263096660,1.365842209
7,225,211318720,67,0.645678060,0.142569640,0.263096660,1.408112976
12,225,211318720,67,1.148581697,0.142569640,0.263096660,1.336087114
18,225,211318720,67,1.404552817,0.142569640,0.263096660,1.347572033
20,225,211318720,67,1.505171246,0.142569640,0.263096660,1.314036441
12,226,211318720,67,0.171868971,0.142569640,0.028855292,0.284009201
7,226,211318720,67,0.204491291,0.142569640,0.028855292,0.399453959
18,226,211318720,67,0.230565321,0.142569640,0.028855292,0.477207822
10,226,211318720,67,0.243202909,0.142569640,0.028855292,0.507590036
19,226,211318720,67,0.243788411,0.142569640,0.028855292,0.509002031
14,226,211318720,67,0.298832886,0.142569640,0.028855292,0.653488438
15,226,211318720,67,0.320264087,0.142569640,0.028855292,0.703654554
5,226,211318720,67,0.384766570,0.142569640,0.028855292,0.839273941
9,226,211318720,67,0.401365222,0.142569640,0.028855292,0.866411556
2,226,211318720,67,0.402263847,0.142569640,0.028855292,0.867159189
1,226,211318720,67,0.484632161,0.142569640,0.028855292,0.946796439
17,226,211318720,67,0.564838374,0.142569640,0.028855292,1.031317793
16,226,211318720,67,0.611091554,0.142569640,0.028855292,1.078502296
3,226,211318720,67,0.703481386,0.142569640,0.028855292,1.217309869
20,226,211318720,67,0.763735157,0.142569640,0.028855292,1.278578446
13,226,211318720,67,0.767010536,0.142569640,0.028855292,1.279895490
6,226,211318720,67,1.211169919,0.142569640,0.028855292,1.274765341
8,226,211318720,67,1.293796954,0.142569640,0.028855292,1.355869514
4,226,211318720,67,1.345101545,0.142569640,0.028855292,1.373621091
11,226,211318720,67,1.505171246,0.142569640,0.028855292,1.320073213
11,227,211318720,67,0.194298324,0.142569640,0.104758047,0.505663371
16,227,211318720,67,0.204491291,0.142569640,0.104758047,0.556866353
19,227,211318720,67,0.208482977,0.142569640,0.104758047,0.574159638
15,227,211318720,67,0.209817303,0.142569640,0.104758047,0.579181160
20,227,211318720,67,0.212135629,0.142569640,0.104758047,0.586320762
2,227,211318720,67,0.244105060,0.142569640,0.104758047,0.661320804
3,227,211318720,67,0.297102798,0.142569640,0.104758047,0.749859182
12,227,211318720,67,0.298832886,0.142569640,0.104758047,0.751496472
8,227,211318720,67,0.330469564,0.142569640,0.104758047,0.761175465
10,227,211318720,67,0.494002997,0.142569640,0.104758047,0.862009305
6,227,211318720,67,0.548705179,0.142569640,0.104758047,0.880288329
14,227,211318720,67,0.733872699,0.142569640,0.104758047,1.005209035
18,227,211318720,67,0.763735157,0.142569640,0.104758047,1.035711536
5,227,211318720,67,0.848876883,0.142569640,0.104758047,1.081506311
9,227,211318720,67,0.966696729,0.142569640,0.104758047,1.121443523
13,227,211318720,67,1.169760915,0.142569640,0.104758047,1.222696074
1,227,211318720,67,1.211169919,0.142569640,0.104758047,1.269625329
17,227,211318720,67,1.302940102,0.142569640,0.104758047,1.361483031
4,227,211318720,67,1.345101545,0.142569640,0.104758047,1.375539591
7,227,211318720,67,1.442850200,0.142569640,0.104758047,1.342957719
17,228,211318720,67,0.143246377,0.142569640,0.036976695,0.287555210
4,228,211318720,67,0.180989575,0.142569640,0.036976695,0.420147168
1,228,211318720,67,0.205397570,0.142569640,0.036976695,0.494339381
2,228,211318720,67,0.208482977,0.142569640,0.036976695,0.501315906
8,228,211318720,67,0.231552464,0.142569640,0.036976695,0.539205425
11,228,211318720,67,0.241240855,0.142569640,0.036976695,0.549501010
7,228,211318720,67,0.294976812,0.142569640,0.036976695,0.650630120
20,228,211318720,67,0.384766570,0.142569640,0.036976695,0.912736546
19,228,211318720,67,0.401365222,0.142569640,0.036976695,0.962074745
18,228,211318720,67,0.403903668,0.142569640,0.036976695,0.967937701
10,228,211318720,67,0.436974056,0.142569640,0.036976695,1.023608220
5,228,211318720,67,0.486476637,0.142569640,0.036976695,1.082884906
15,228,211318720,67,0.489360347,0.142569640,0.036976695,1.087770086
13,228,211318720,67,0.615280617,0.142569640,0.036976695,1.274622369
16,228,211318720,67,0.627666836,0.142569640,0.036976695,1.287122260
9,228,211318720,67,0.668732790,0.142569640,0.036976695,1.303399391
6,228,211318720,67,0.808229779,0.142569640,0.036976695,1.436445094
12,228,211318720,67,0.821008808,0.142569640,0.036976695,1.446799644
14,228,211318720,67,0.954783595,0.142569640,0.036976695,1.493148525
3,228,211318720,67,1.226677978,0.142569640,0.036976695,1.403284018
4,229,211318720,67,0.210742206,0.142569640,0.034557115,0.284407861
17,229,211318720,67,0.212494739,0.142569640,0.034557115,0.287296736
8,229,211318720,67,0.240674095,0.142569640,0.034557115,0.315442009
5,229,211318720,67,0.252307820,0.142569640,0.034557115,0.319593329
12,229,211318720,67,0.409321724,0.142569640,0.034557115,0.532731398
13,229,211318720,67,0.478728149,0.142569640,0.034557115,0.791025662
2,229,211318720,67,0.479712491,0.142569640,0.034557115,0.794523650
14,229,211318720,67,0.497332438,0.142569640,0.034557115,0.855120727
19,229,211318720,67,0.498231948,0.142569640,0.034557115,0.857703706
1,229,211318720,67,0.567346654,0.142569640,0.034557115,1.023902019
16,229,211318720,67,0.569711265,0.142569640,0.034557115,1.030709466
20,229,211318720,67,0.581521109,0.142569640,0.034557115,1.058343605
9,229,211318720,67,0.628578231,0.142569640,0.034557115,1.148104199
6,229,211318720,67,0.703481386,0.142569640,0.034557115,1.321525780
3,229,211318720,67,0.710298778,0.142569640,0.034557115,1.333028304
7,229,211318720,67,0.758908371,0.142569640,0.034557115,1.380940201
10,229,211318720,67,0.767010536,0.142569640,0.034557115,1.383902715
11,229,211318720,67,0.966696729,0.142569640,0.034557115,1.412164857
15,229,211318720,67,1.472313539,0.142569640,0.034557115,1.339462086
18,229,211318720,67,1.516026422,0.142569640,0.034557115,1.324894176
7,230,211318720,67,0.221176057,0.142569640,0.023565887,0.248221883
5,230,211318720,67,0.236408325,0.142569640,0.023565887,0.273375111
12,230,211318720,67,0.243788411,0.142569640,0.023565887,0.280817003
13,230,211318720,67,0.313984077,0.142569640,0.023565887,0.340994102
10,230,211318720,67,0.402263847,0.142569640,0.023565887,0.485932198
11,230,211318720,67,0.480370697,0.142569640,0.023565887,0.692397393
16,230,211318720,67,0.484632161,0.142569640,0.023565887,0.705084816
3,230,211318720,67,0.496363065,0.142569640,0.023565887,0.732727602
6,230,211318720,67,0.567346654,0.142569640,0.023565887,0.877011729
18,230,211318720,67,0.569711265,0.142569640,0.023565887,0.881023247
19,230,211318720,67,0.615872459,0.142569640,0.023565887,0.938109487
4,230,211318720,67,0.668732790,0.142569640,0.023565887,1.055248926
14,230,211318720,67,0.741574597,0.142569640,0.023565887,1.183181874
9,230,211318720,67,0.758908371,0.142569640,0.023565887,1.211505445
15,230,211318720,67,0.767010536,0.142569640,0.023565887,1.219637364
1,230,211318720,67,0.876017721,0.142569640,0.023565887,1.299890805
8,230,211318720,67,0.954783595,0.142569640,0.023565887,1.325966112
20,230,211318720,67,1.226677978,0.142569640,0.023565887,1.329340609
2,230,211318720,67,1.368193902,0.142569640,0.023565887,1.377248755
17,230,211318720,67,1.404552817,0.142569640,0.023565887,1.365134034
20,231,211318720,67,0.164021072,0.142569640,0.043685824,0.348544207
12,231,211318720,67,0.175844454,0.142569640,0.043685824,0.384219633
11,231,211318720,67,0.197639146,0.142569640,0.043685824,0.435230553
14,231,211318720,67,0.205397570,0.142569640,0.043685824,0.448404074
8,231,211318720,67,0.244105060,0.142569640,0.043685824,0.500760669
15,231,211318720,67,0.261704016,0.142569640,0.043685824,0.523654430
13,231,211318720,67,0.366689858,0.142569640,0.043685824,0.678116402
6,231,211318720,67,0.397236570,0.142569640,0.043685824,0.750112546
16,231,211318720,67,0.459765279,0.142569640,0.043685824,0.854450593
10,231,211318720,67,0.494002997,0.142569640,0.043685824,0.904844909
5,231,211318720,67,0.499243967,0.142569640,0.043685824,0.913781985
4,231,211318720,67,0.619507724,0.142569640,0.043685824,1.112129803
2,231,211318720,67,0.631062274,0.142569640,0.043685824,1.138952445
9,231,211318720,67,0.703481386,0.142569640,0.043685824,1.292600713
17,231,211318720,67,0.727194083,0.142569640,0.043685824,1.332334955
18,231,211318720,67,0.741574597,0.142569640,0.043685824,1.346471997
19,231,211318720,67,0.796498422,0.142569640,0.043685824,1.364276845
3,231,211318720,67,0.954783595,0.142569640,0.043685824,1.406978460
1,231,211318720,67,1.238411982,0.142569640,0.043685824,1.406718311
7,231,211318720,67,1.516026422,0.142569640,0.043685824,1.314645192
11,232,211318720,67,0.171868971,0.142569640,0.004188513,0.219906471
20,232,211318720,67,0.194298324,0.142569640,0.004188513,0.287547644
7,232,211318720,67,0.241240855,0.142569640,0.004188513,0.397559061
13,232,211318720,67,0.271584609,0.142569640,0.004188513,0.470850614
6,232,211318720,67,0.289962109,0.142569640,0.004188513,0.532043184
17,232,211318720,67,0.313984077,0.142569640,0.004188513,0.604262003
16,232,211318720,67,0.397236570,0.142569640,0.004188513,0.873351420
5,232,211318720,67,0.401365222,0.142569640,0.004188513,0.885594550
14,232,211318720,67,0.409321724,0.142569640,0.004188513,0.906554599
19,232,211318720,67,0.422451779,0.142569640,0.004188513,0.937462120
4,232,211318720,67,0.469380687,0.142569640,0.004188513,1.016115403
1,232,211318720,67,0.499243967,0.142569640,0.004188513,1.070003661
8,232,211318720,67,0.548705179,0.142569640,0.004188513,1.177282793
9,232,211318720,67,0.619507724,0.142569640,0.004188513,1.294552982
15,232,211318720,67,0.628578231,0.142569640,0.004188513,1.305979408
2,232,211318720,67,0.655478420,0.142569640,0.004188513,1.333241209
18,232,211318720,67,0.767010536,0.142569640,0.004188513,1.370976811
12,232,211318720,67,1.293796954,0.142569640,0.004188513,1.287342229
3,232,211318720,67,1.442850200,0.142569640,0.004188513,1.334587678
10,232,211318720,67,1.677184906,0.142569640,0.004188513,1.256462166
6,233,211318720,67,0.121464623,0.142569640,0.012041313,0.081422454
16,233,211318720,67,0.236408325,0.142569640,0.012041313,0.308281172
19,233,211318720,67,0.241240855,0.142569640,0.012041313,0.316538154
12,233,211318720,67,0.294976812,0.142569640,0.012041313,0.407350391
4,233,211318720,67,0.297102798,0.142569640,0.012041313,0.410961785
18,233,211318720,67,0.384766570,0.142569640,0.012041313,0.646353170
1,233,211318720,67,0.435656761,0.142569640,0.012041313,0.907783124
20,233,211318720,67,0.478728149,0.142569640,0.012041313,1.147319134
9,233,211318720,67,0.481365940,0.142569640,0.012041313,1.160632129
17,233,211318720,67,0.496363065,0.142569640,0.012041313,1.226062892
13,233,211318720,67,0.497332438,0.142569640,0.012041313,1.229451568
14,233,211318720,67,0.498231948,0.142569640,0.012041313,1.231994394
2,233,211318720,67,0.499243967,0.142569640,0.012041313,1.234322688
3,233,211318720,67,0.520203290,0.142569640,0.012041313,1.269384455
15,233,211318720,67,0.567346654,0.142569640,0.012041313,1.316702318
8,233,211318720,67,0.585278571,0.142569640,0.012041313,1.322987232
5,233,211318720,67,0.758908371,0.142569640,0.012041313,1.415533687
11,233,211318720,67,0.821008808,0.142569640,0.012041313,1.435978986
10,233,211318720,67,1.442850200,0.142569640,0.012041313,1.325701087
7,233,211318720,67,1.505171246,0.142569640,0.012041313,1.304928089
10,234,211318720,67,0.190217740,0.142569640,0.045555945,0.418535699
19,234,211318720,67,0.197639146,0.142569640,0.045555945,0.441032050
13,234,211318720,67,0.209817303,0.142569640,0.045555945,0.469540220
15,234,211318720,67,0.214696194,0.142569640,0.045555945,0.477581372
5,234,211318720,67,0.240674095,0.142569640,0.045555945,0.503590716
9,234,211318720,67,0.243788411,0.142569640,0.045555945,0.505672553
14,234,211318720,67,0.384766570,0.142569640,0.045555945,0.791117474
11,234,211318720,67,0.402263847,0.142569640,0.045555945,0.843794268
16,234,211318720,67,0.403903668,0.142569640,0.045555945,0.847710128
4,234,211318720,67,0.481365940,0.142569640,0.045555945,0.978329499
1,234,211318720,67,0.496363065,0.142569640,0.045555945,0.993067365
6,234,211318720,67,0.496799554,0.142569640,0.045555945,0.993261234
18,234,211318720,67,0.710298778,0.142569640,0.045555945,1.168792187
3,234,211318720,67,0.711151880,0.142569640,0.045555945,1.169519445
7,234,211318720,67,0.763735157,0.142569640,0.045555945,1.187865075
12,234,211318720,67,1.226677978,0.142569640,0.045555945,1.252186040
2,234,211318720,67,1.285010920,0.142569640,0.045555945,1.349909369
17,234,211318720,67,1.293796954,0.142569640,0.045555945,1.358701820
20,234,211318720,67,1.345101545,0.142569640,0.045555945,1.375807811
8,234,211318720,67,1.411737678,0.142569640,0.045555945,1.353596505
2,235,211318720,67,0.151542328,0.142569640,0.000145123,0.163608738
6,235,211318720,67,0.214696194,0.142569640,0.000145123,0.311255123
9,235,211318720,67,0.241240855,0.142569640,0.000145123,0.367270890
10,235,211318720,67,0.252307820,0.142569640,0.000145123,0.392641014
4,235,211318720,67,0.294976812,0.142569640,0.000145123,0.468118461
20,235,211318720,67,0.366689858,0.142569640,0.000145123,0.604197368
12,235,211318720,67,0.384766570,0.142569640,0.000145123,0.646249836
19,235,211318720,67,0.430002133,0.142569640,0.000145123,0.746508838
16,235,211318720,67,0.497332438,0.142569640,0.000145123,0.936176801
14,235,211318720,67,0.498231948,0.142569640,0.000145123,0.938876132
5,235,211318720,67,0.537873555,0.142569640,0.000145123,1.056715246
7,235,211318720,67,0.570672550,0.142569640,0.000145123,1.133225380
18,235,211318720,67,0.615280617,0.142569640,0.000145123,1.207723705
1,235,211318720,67,0.615872459,0.142569640,0.000145123,1.208259924
3,235,211318720,67,0.643409518,0.142569640,0.000145123,1.216656474
17,235,211318720,67,1.074038657,0.142569640,0.000145123,1.170952406
8,235,211318720,67,1.368193902,0.142569640,0.000145123,1.285106570
15,235,211318720,67,1.404552817,0.142569640,0.000145123,1.322003871
13,235,211318720,67,1.442850200,0.142569640,0.000145123,1.335170608
11,235,211318720,67,1.562845948,0.142569640,0.000145123,1.295173518
18,236,211318720,67,0.194298324,0.142569640,0.065324172,0.626977127
3,236,211318720,67,0.208482977,0.142569640,0.065324172,0.707441453
4,236,211318720,67,0.212135629,0.142569640,0.065324172,0.725886560
20,236,211318720,67,0.224973196,0.142569640,0.065324172,0.781639279
16,236,211318720,67,0.230472108,0.142569640,0.065324172,0.801831976
2,236,211318720,67,0.230565321,0.142569640,0.065324172,0.802104185
5,236,211318720,67,0.241240855,0.142569640,0.065324172,0.827203777
19,236,211318720,67,0.243788411,0.142569640,0.065324172,0.831506380
7,236,211318720,67,0.271584609,0.142569640,0.065324172,0.866958143
1,236,211318720,67,0.298832886,0.142569640,0.065324172,0.914362766
17,236,211318720,67,0.403903668,0.142569640,0.065324172,1.264770615
9,236,211318720,67,0.422451779,0.142569640,0.065324172,1.332391675
8,236,211318720,67,0.430002133,0.142569640,0.065324172,1.355185417
6,236,211318720,67,0.452488274,0.142569640,0.065324172,1.407985980
15,236,211318720,67,0.484632161,0.142569640,0.065324172,1.462099000
14,236,211318720,67,0.489360347,0.142569640,0.065324172,1.467053179
10,236,211318720,67,0.499243967,0.142569640,0.065324172,1.470005576
13,236,211318720,67,0.678269687,0.142569640,0.065324172,1.578023556
11,236,211318720,67,0.710298778,0.142569640,0.065324172,1.588653870
12,236,211318720,67,1.677184906,0.142569640,0.065324172,1.267561987
11,237,211318720,67,0.114166194,0.142569640,0.075444281,0.313441184
14,237,211318720,67,0.156859078,0.142569640,0.075444281,0.522156212
3,237,211318720,67,0.163447751,0.142569640,0.075444281,0.550803327
18,237,211318720,67,0.171868971,0.142569640,0.075444281,0.582167300
2,237,211318720,67,0.189975787,0.142569640,0.075444281,0.647913595
17,237,211318720,67,0.234467470,0.142569640,0.075444281,0.781176825
10,237,211318720,67,0.240674095,0.142569640,0.075444281,0.794889466
13,237,211318720,67,0.244105060,0.142569640,0.075444281,0.800721343
4,237,211318720,67,0.261704016,0.142569640,0.075444281,0.820093386
9,237,211318720,67,0.313984077,0.142569640,0.075444281,0.872497519
6,237,211318720,67,0.402074486,0.142569640,0.075444281,0.949031862
15,237,211318720,67,0.499243967,0.142569640,0.075444281,1.112781263
7,237,211318720,67,0.520203290,0.142569640,0.075444281,1.161621428
1,237,211318720,67,0.567346654,0.142569640,0.075444281,1.240388240
5,237,211318720,67,0.619507724,0.142569640,0.075444281,1.292219591
8,237,211318720,67,0.639394657,0.142569640,0.075444281,1.298810517
20,237,211318720,67,1.074038657,0.142569640,0.075444281,1.282820745
19,237,211318720,67,1.169760915,0.142569640,0.075444281,1.317012001
12,237,211318720,67,1.404552817,0.142569640,0.075444281,1.334568442
16,237,211318720,67,1.502283313,0.142569640,0.075444281,1.301993935
14,238,211318720,67,0.121464623,0.142569640,0.077733338,0.228510593
16,238,211318720,67,0.143246377,0.142569640,0.077733338,0.293429255
6,238,211318720,67,0.189672613,0.142569640,0.077733338,0.454725597
5,238,211318720,67,0.221176057,0.142569640,0.077733338,0.550200864
3,238,211318720,67,0.241240855,0.142569640,0.077733338,0.597144113
18,238,211318720,67,0.252307820,0.142569640,0.077733338,0.615468208
19,238,211318720,67,0.289962109,0.142569640,0.077733338,0.677516321
1,238,211318720,67,0.294976812,0.142569640,0.077733338,0.682537465
8,238,211318720,67,0.397236570,0.142569640,0.077733338,0.806253600
7,238,211318720,67,0.494002997,0.142569640,0.077733338,1.029888457
20,238,211318720,67,0.496363065,0.142569640,0.077733338,1.036985659
9,238,211318720,67,0.496799554,0.142569640,0.077733338,1.037992591
12,238,211318720,67,0.567346654,0.142569640,0.077733338,1.155125241
4,238,211318720,67,0.615872459,0.142569640,0.077733338,1.203099835
11,238,211318720,67,0.631062274,0.142569640,0.077733338,1.215162714
13,238,211318720,67,0.763735157,0.142569640,0.077733338,1.410542080
10,238,211318720,67,0.790422749,0.142569640,0.077733338,1.437471842
15,238,211318720,67,0.796498422,0.142569640,0.077733338,1.439144083
17,238,211318720,67,1.142423237,0.142569640,0.077733338,1.415552622
2,238,211318720,67,1.238411982,0.142569640,0.077733338,1.383559439
13,239,211318720,67,0.163447751,0.142569640,0.104429729,0.438519044
10,239,211318720,67,0.189604911,0.142569640,0.104429729,0.569315455
3,239,211318720,67,0.190217740,0.142569640,0.104429729,0.571987036
1,239,211318720,67,0.205397570,0.142569640,0.104429729,0.627946608
11,239,211318720,67,0.223586538,0.142569640,0.104429729,0.683092689
4,239,211318720,67,0.234467470,0.142569640,0.104429729,0.708325336
20,239,211318720,67,0.244105060,0.142569640,0.104429729,0.724203535
19,239,211318720,67,0.279384594,0.142569640,0.104429729,0.759720516
6,239,211318720,67,0.294976812,0.142569640,0.104429729,0.764830947
5,239,211318720,67,0.486476637,0.142569640,0.104429729,0.946534157
15,239,211318720,67,0.496799554,0.142569640,0.104429729,0.970747485
12,239,211318720,67,0.585278571,0.142569640,0.104429729,1.116470167
17,239,211318720,67,0.591796632,0.142569640,0.104429729,1.123222557
14,239,211318720,67,0.615280617,0.142569640,0.104429729,1.130819872
8,239,211318720,67,0.821008808,0.142569640,0.104429729,1.229824769
2,239,211318720,67,0.856613387,0.142569640,0.104429729,1.240422919
18,239,211318720,67,1.142423237,0.142569640,0.104429729,1.241181473
9,239,211318720,67,1.285010920,0.142569640,0.104429729,1.328226030
16,239,211318720,67,1.368193902,0.142569640,0.104429729,1.357233544
7,239,211318720,67,1.672123490,0.142569640,0.104429729,1.255260135
16,240,211318720,67,0.198160521,0.142569640,0.004758333,0.381731112
4,240,211318720,67,0.201286280,0.142569640,0.004758333,0.391262219
3,240,211318720,67,0.214696194,0.142569640,0.004758333,0.422074866
17,240,211318720,67,0.231552464,0.142569640,0.004758333,0.450415098
19,240,211318720,67,0.236684993,0.142569640,0.004758333,0.455642296
6,240,211318720,67,0.320264087,0.142569640,0.004758333,0.484647237
5,240,211318720,67,0.469380687,0.142569640,0.004758333,0.883561000
1,240,211318720,67,0.481365940,0.142569640,0.004758333,0.919543006
20,240,211318720,67,0.486476637,0.142569640,0.004758333,0.931633524
11,240,211318720,67,0.496363065,0.142569640,0.004758333,0.947598661
13,240,211318720,67,0.499243967,0.142569640,0.004758333,0.950413105
2,240,211318720,67,0.564838374,0.142569640,0.004758333,1.049341943
12,240,211318720,67,0.645678060,0.142569640,0.004758333,1.196338442
10,240,211318720,67,0.655478420,0.142569640,0.004758333,1.218773630
15,240,211318720,67,0.727194083,0.142569640,0.004758333,1.337598243
8,240,211318720,67,0.767010536,0.142569640,0.004758333,1.377837620
14,240,211318720,67,0.773089545,0.142569640,0.004758333,1.379876147
9,240,211318720,67,1.148581697,0.142569640,0.004758333,1.392830869
7,240,211318720,67,1.226677978,0.142569640,0.004758333,1.418515943
18,240,211318720,67,2.067721695,0.142569640,0.004758333,1.143198499
6,241,211318720,67,0.224973196,0.142569640,0.046429791,0.454416338
13,241,211318720,67,0.231552464,0.142569640,0.046429791,0.474112757
2,241,211318720,67,0.243202909,0.142569640,0.046429791,0.500787977
4,241,211318720,67,0.244649358,0.142569640,0.046429791,0.503057230
16,241,211318720,67,0.252307820,0.142569640,0.046429791,0.510818189
10,241,211318720,67,0.258351971,0.142569640,0.046429791,0.513040750
15,241,211318720,67,0.403903668,0.142569640,0.046429791,0.692102660
11,241,211318720,67,0.463765996,0.142569640,0.046429791,0.843283841
20,241,211318720,67,0.479916421,0.142569640,0.046429791,0.881103928
5,241,211318720,67,0.497332438,0.142569640,0.046429791,0.910741885
3,241,211318720,67,0.562011941,0.142569640,0.046429791,0.976451327
19,241,211318720,67,0.575799394,0.142569640,0.046429791,0.980986288
8,241,211318720,67,0.821008808,0.142569640,0.046429791,1.070810866
17,241,211318720,67,0.848876883,0.142569640,0.046429791,1.095317485
14,241,211318720,67,0.967984072,0.142569640,0.046429791,1.135970450
9,241,211318720,67,1.169760915,0.142569640,0.046429791,1.164607204
7,241,211318720,67,1.368193902,0.142569640,0.046429791,1.239693676
12,241,211318720,67,1.442401680,0.142569640,0.046429791,1.264921745
18,241,211318720,67,1.755249417,0.142569640,0.046429791,1.258050333
1,241,211318720,67,2.067721695,0.142569640,0.046429791,1.154719661
14,242,211318720,67,0.180989575,0.142569640,0.006922248,0.339357286
9,242,211318720,67,0.194298324,0.142569640,0.006922248,0.379709284
20,242,211318720,67,0.212494739,0.142569640,0.006922248,0.422655073
13,242,211318720,67,0.231552464,0.142569640,0.006922248,0.454178753
3,242,211318720,67,0.241240855,0.142569640,0.006922248,0.464306626
2,242,211318720,67,0.298832886,0.142569640,0.006922248,0.498999734
17,242,211318720,67,0.422451779,0.142569640,0.006922248,0.705941363
8,242,211318720,67,0.436974056,0.142569640,0.006922248,0.731467094
18,242,211318720,67,0.486476637,0.142569640,0.006922248,0.814272506
7,242,211318720,67,0.520203290,0.142569640,0.006922248,0.847741348
4,242,211318720,67,0.577750989,0.142569640,0.006922248,0.867886578
12,242,211318720,67,0.727194083,0.142569640,0.006922248,1.145829353
5,242,211318720,67,0.729121023,0.142569640,0.006922248,1.149022228
1,242,211318720,67,0.733872699,0.142569640,0.006922248,1.153974403
16,242,211318720,67,0.796498422,0.142569640,0.006922248,1.176607408
11,242,211318720,67,0.954783595,0.142569640,0.006922248,1.307778023
6,242,211318720,67,0.967984072,0.142569640,0.006922248,1.312011924
10,242,211318720,67,1.285010920,0.142569640,0.006922248,1.391207509
15,242,211318720,67,1.293796954,0.142569640,0.006922248,1.394614388
19,242,211318720,67,2.067721695,0.142569640,0.006922248,1.143935531
4,243,211318720,67,0.160117286,0.142569640,0.106615715,0.295211968
17,243,211318720,67,0.209496986,0.142569640,0.106615715,0.508363525
15,243,211318720,67,0.243788411,0.142569640,0.106615715,0.633692993
5,243,211318720,67,0.244105060,0.142569640,0.106615715,0.634609958
16,243,211318720,67,0.258390635,0.142569640,0.106615715,0.668174394
2,243,211318720,67,0.260743209,0.142569640,0.106615715,0.672219040
11,243,211318720,67,0.261704016,0.142569640,0.106615715,0.673218934
19,243,211318720,67,0.271224328,0.142569640,0.106615715,0.680587813
10,243,211318720,67,0.407144390,0.142569640,0.106615715,0.815298949
20,243,211318720,67,0.473358151,0.142569640,0.106615715,0.929129791
9,243,211318720,67,0.496799554,0.142569640,0.106615715,0.968432692
13,243,211318720,67,0.548705179,0.142569640,0.106615715,1.020958027
12,243,211318720,67,0.611091554,0.142569640,0.106615715,1.070271868
14,243,211318720,67,0.710298778,0.142569640,0.106615715,1.220411277
8,243,211318720,67,0.773089545,0.142569640,0.106615715,1.324179505
6,243,211318720,67,0.790422749,0.142569640,0.106615715,1.342068780
7,243,211318720,67,0.821008808,0.142569640,0.106615715,1.358510657
18,243,211318720,67,0.954783595,0.142569640,0.106615715,1.403209201
1,243,211318720,67,1.142423237,0.142569640,0.106615715,1.436398212
3,243,211318720,67,1.368193902,0.142569640,0.106615715,1.361210947
11,244,211318720,67,0.201286280,0.142569640,0.012704420,0.463648349
16,244,211318720,67,0.210742206,0.142569640,0.012704420,0.497878676
7,244,211318720,67,0.212135629,0.142569640,0.012704420,0.501842985
13,244,211318720,67,0.230565321,0.142569640,0.012704420,0.548709170
20,244,211318720,67,0.232211245,0.142569640,0.012704420,0.552629856
12,244,211318720,67,0.243202909,0.142569640,0.012704420,0.571110287
10,244,211318720,67,0.313984077,0.142569640,0.012704420,0.679406140
17,244,211318720,67,0.366689858,0.142569640,0.012704420,0.784118188
15,244,211318720,67,0.402263847,0.142569640,0.012704420,0.868023024
8,244,211318720,67,0.463765996,0.142569640,0.012704420,0.971674226
5,244,211318720,67,0.480370697,0.142569640,0.012704420,0.988523500
6,244,211318720,67,0.505630854,0.142569640,0.012704420,0.997435609
2,244,211318720,67,0.655478420,0.142569640,0.012704420,1.059102698
18,244,211318720,67,0.773538749,0.142569640,0.012704420,1.130605663
1,244,211318720,67,0.870095545,0.142569640,0.012704420,1.162405562
19,244,211318720,67,1.067875615,0.142569640,0.012704420,1.230850292
9,244,211318720,67,1.148581697,0.142569640,0.012704420,1.258750634
4,244,211318720,67,1.502283313,0.142569640,0.012704420,1.330935083
14,244,211318720,67,1.505171246,0.142569640,0.012704420,1.331968145
3,244,211318720,67,1.755249417,0.142569640,0.012704420,1.249395816
16,245,211318720,67,0.143246377,0.142569640,0.054765005,0.203981315
14,245,211318720,67,0.151542328,0.142569640,0.054765005,0.234580239
20,245,211318720,67,0.243788411,0.142569640,0.054765005,0.512363601
9,245,211318720,67,0.252307820,0.142569640,0.054765005,0.537792314
19,245,211318720,67,0.271584609,0.142569640,0.054765005,0.582998071
13,245,211318720,67,0.279384594,0.142569640,0.054765005,0.595753974
17,245,211318720,67,0.280030751,0.142569640,0.054765005,0.596347966
6,245,211318720,67,0.384766570,0.142569640,0.054765005,0.855685497
11,245,211318720,67,0.425918639,0.142569640,0.054765005,0.977271345
7,245,211318720,67,0.435656761,0.142569640,0.054765005,1.000671850
1,245,211318720,67,0.469380687,0.142569640,0.054765005,1.093591844
2,245,211318720,67,0.479916421,0.142569640,0.054765005,1.118181436
4,245,211318720,67,0.489894567,0.142569640,0.054765005,1.134803278
10,245,211318720,67,0.577750989,0.142569640,0.054765005,1.334395467
5,245,211318720,67,0.591796632,0.142569640,0.054765005,1.367574245
18,245,211318720,67,0.639394657,0.142569640,0.054765005,1.447762951
12,245,211318720,67,0.643409518,0.142569640,0.054765005,1.451909008
15,245,211318720,67,0.711151880,0.142569640,0.054765005,1.474322408
8,245,211318720,67,1.345101545,0.142569640,0.054765005,1.357500969
3,245,211318720,67,2.004665860,0.142569640,0.054765005,1.141424048
2,246,211318720,67,0.198160521,0.142569640,0.005432568,0.373166372
11,246,211318720,67,0.221176057,0.142569640,0.005432568,0.442456864
13,246,211318720,67,0.232211245,0.142569640,0.005432568,0.468492148
3,246,211318720,67,0.243202909,0.142569640,0.005432568,0.486990399
5,246,211318720,67,0.258351971,0.142569640,0.005432568,0.501839088
14,246,211318720,67,0.261704016,0.142569640,0.005432568,0.503076085
12,246,211318720,67,0.422451779,0.142569640,0.005432568,0.815867753
18,246,211318720,67,0.463765996,0.142569640,0.005432568,0.940693490
8,246,211318720,67,0.478728149,0.142569640,0.005432568,0.975440228
7,246,211318720,67,0.479712491,0.142569640,0.005432568,0.977175122
10,246,211318720,67,0.498231948,0.142569640,0.005432568,0.995098433
19,246,211318720,67,0.499243967,0.142569640,0.005432568,0.995501791
6,246,211318720,67,0.668732790,0.142569640,0.005432568,1.069543328
1,246,211318720,67,0.763735157,0.142569640,0.005432568,1.190394095
4,246,211318720,67,0.808229779,0.142569640,0.005432568,1.234925799
20,246,211318720,67,0.870095545,0.142569640,0.005432568,1.253693431
9,246,211318720,67,1.226677978,0.142569640,0.005432568,1.232792527
15,246,211318720,67,1.442401680,0.142569640,0.005432568,1.310250869
16,246,211318720,67,1.502283313,0.142569640,0.005432568,1.330216769
17,246,211318720,67,1.505171246,0.142569640,0.005432568,1.329255051
8,247,211318720,67,0.189672613,0.142569640,0.012835940,0.443088954
9,247,211318720,67,0.198160521,0.142569640,0.012835940,0.474324657
5,247,211318720,67,0.209496986,0.142569640,0.012835940,0.507886057
13,247,211318720,67,0.223586538,0.142569640,0.012835940,0.540863692
19,247,211318720,67,0.230472108,0.142569640,0.012835940,0.552306117
6,247,211318720,67,0.261704016,0.142569640,0.012835940,0.582822269
2,247,211318720,67,0.280030751,0.142569640,0.012835940,0.589378040
7,247,211318720,67,0.436974056,0.142569640,0.012835940,0.632900788
16,247,211318720,67,0.611091554,0.142569640,0.012835940,0.843809838
12,247,211318720,67,0.631062274,0.142569640,0.012835940,0.886758545
17,247,211318720,67,0.645678060,0.142569640,0.012835940,0.911045824
20,247,211318720,67,0.727194083,0.142569640,0.012835940,1.089443958
11,247,211318720,67,0.758908371,0.142569640,0.012835940,1.163213614
4,247,211318720,67,0.796498422,0.142569640,0.012835940,1.225894118
1,247,211318720,67,0.821008808,0.142569640,0.012835940,1.249627659
10,247,211318720,67,0.848876883,0.142569640,0.012835940,1.258557898
18,247,211318720,67,1.399229128,0.142569640,0.012835940,1.220844268
14,247,211318720,67,1.472313539,0.142569640,0.012835940,1.246072607
3,247,211318720,67,2.004665860,0.142569640,0.012835940,1.166107700
15,247,211318720,67,2.067721695,0.142569640,0.012835940,1.145091070
17,248,211318720,67,0.114166194,0.142569640,0.052214406,0.171746507
7,248,211318720,67,0.189672613,0.142569640,0.052214406,0.460061747
6,248,211318720,67,0.209496986,0.142569640,0.052214406,0.532946293
16,248,211318720,67,0.225803229,0.142569640,0.052214406,0.582026057
19,248,211318720,67,0.230472108,0.142569640,0.052214406,0.593197365
4,248,211318720,67,0.244105060,0.142569640,0.052214406,0.616268384
15,248,211318720,67,0.277332429,0.142569640,0.052214406,0.665470205
13,248,211318720,67,0.294976812,0.142569640,0.052214406,0.683597927
18,248,211318720,67,0.397236570,0.142569640,0.052214406,0.768402434
10,248,211318720,67,0.499243967,0.142569640,0.052214406,0.930593648
20,248,211318720,67,0.505630854,0.142569640,0.052214406,0.945611250
3,248,211318720,67,0.567346654,0.142569640,0.052214406,1.049695717
11,248,211318720,67,0.628578231,0.142569640,0.052214406,1.130780940
12,248,211318720,67,0.639394657,0.142569640,0.052214406,1.141572941
8,248,211318720,67,0.741574597,0.142569640,0.052214406,1.227874045
14,248,211318720,67,0.808229779,0.142569640,0.052214406,1.249139323
2,248,211318720,67,1.211169919,0.142569640,0.052214406,1.373657820
1,248,211318720,67,1.226677978,0.142569640,0.052214406,1.389167610
9,248,211318720,67,1.238411982,0.142569640,0.052214406,1.393079845
5,248,211318720,67,1.345101545,0.142569640,0.052214406,1.357521120
11,249,211318720,67,0.160117286,0.142569640,0.019409744,0.483406547
3,249,211318720,67,0.190217740,0.142569640,0.019409744,0.653955078
16,249,211318720,67,0.194298324,0.142569640,0.019409744,0.674498018
6,249,211318720,67,0.216898661,0.142569640,0.019409744,0.772673215
18,249,211318720,67,0.223586538,0.142569640,0.019409744,0.797137108
17,249,211318720,67,0.230565321,0.142569640,0.019409744,0.818294972
4,249,211318720,67,0.243202909,0.142569640,0.019409744,0.848023472
5,249,211318720,67,0.243788411,0.142569640,0.019409744,0.849063506
13,249,211318720,67,0.258351971,0.142569640,0.019409744,0.864033348
20,249,211318720,67,0.271224328,0.142569640,0.019409744,0.868741002
14,249,211318720,67,0.480370697,0.142569640,0.019409744,0.994869750
15,249,211318720,67,0.481365940,0.142569640,0.019409744,0.995799360
7,249,211318720,67,0.611091554,0.142569640,0.019409744,1.200032348
1,249,211318720,67,0.628578231,0.142569640,0.019409744,1.222978520
12,249,211318720,67,0.639394657,0.142569640,0.019409744,1.233846760
2,249,211318720,67,0.763735157,0.142569640,0.019409744,1.273792874
8,249,211318720,67,1.211169919,0.142569640,0.019409744,1.226023878
9,249,211318720,67,1.345101545,0.142569640,0.019409744,1.330321538
10,249,211318720,67,1.399229128,0.142569640,0.019409744,1.349696064
19,249,211318720,67,1.755249417,0.142569640,0.019409744,1.232015414
19,250,211318720,67,0.175844454,0.142569640,0.016100075,0.371203569
10,250,211318720,67,0.194298324,0.142569640,0.016100075,0.426796635
11,250,211318720,67,0.201286280,0.142569640,0.016100075,0.443545919
9,250,211318720,67,0.234467470,0.142569640,0.016100075,0.499230098
5,250,211318720,67,0.236408325,0.142569640,0.016100075,0.501209105
17,250,211318720,67,0.243202909,0.142569640,0.016100075,0.503142140
13,250,211318720,67,0.402074486,0.142569640,0.016100075,0.705879263
15,250,211318720,67,0.422451779,0.142569640,0.016100075,0.755302526
12,250,211318720,67,0.494002997,0.142569640,0.016100075,1.049376392
4,250,211318720,67,0.499243967,0.142569640,0.016100075,1.072021673
18,250,211318720,67,0.520203290,0.142569640,0.016100075,1.149361279
1,250,211318720,67,0.562011941,0.142569640,0.016100075,1.274554225
6,250,211318720,67,0.570672550,0.142569640,0.016100075,1.294549911
3,250,211318720,67,0.577750989,0.142569640,0.016100075,1.306247616
7,250,211318720,67,0.591796632,0.142569640,0.016100075,1.320540996
8,250,211318720,67,0.615872459,0.142569640,0.016100075,1.328666796
2,250,211318720,67,0.767010536,0.142569640,0.016100075,1.532989964
16,250,211318720,67,0.773089545,0.142569640,0.016100075,1.538566696
20,250,211318720,67,0.808229779,0.142569640,0.016100075,1.551633785
14,250,211318720,67,1.404552817,0.142569640,0.016100075,1.354250128
4,251,211318720,67,0.163447751,0.142569640,0.049406227,0.277466320
20,251,211318720,67,0.164021072,0.142569640,0.049406227,0.279250208
2,251,211318720,67,0.223586538,0.142569640,0.049406227,0.452782684
3,251,211318720,67,0.241240855,0.142569640,0.049406227,0.493980139
14,251,211318720,67,0.261704016,0.142569640,0.049406227,0.532272564
7,251,211318720,67,0.294976812,0.142569640,0.049406227,0.608939403
15,251,211318720,67,0.313984077,0.142569640,0.049406227,0.640465547
19,251,211318720,67,0.397236570,0.142569640,0.049406227,0.726128486
9,251,211318720,67,0.407144390,0.142569640,0.049406227,0.729557650
11,251,211318720,67,0.555348320,0.142569640,0.049406227,1.018857696
10,251,211318720,67,0.567346654,0.142569640,0.049406227,1.046458104
12,251,211318720,67,0.591796632,0.142569640,0.049406227,1.090265395
13,251,211318720,67,0.627666836,0.142569640,0.049406227,1.149738563
16,251,211318720,67,0.639394657,0.142569640,0.049406227,1.161584329
5,251,211318720,67,0.729121023,0.142569640,0.049406227,1.275707252
6,251,211318720,67,0.796498422,0.142569640,0.049406227,1.343014318
8,251,211318720,67,0.821008808,0.142569640,0.049406227,1.352047526
1,251,211318720,67,1.142423237,0.142569640,0.049406227,1.341466515
18,251,211318720,67,1.293796954,0.142569640,0.049406227,1.387168744
17,251,211318720,67,1.368193902,0.142569640,0.049406227,1.362372667
6,252,211318720,67,0.114166194,0.142569640,0.020191528,0.212318963
9,252,211318720,67,0.175844454,0.142569640,0.020191528,0.518396789
16,252,211318720,67,0.190217740,0.142569640,0.020191528,0.590827143
19,252,211318720,67,0.201286280,0.142569640,0.020191528,0.638975699
2,252,211318720,67,0.231552464,0.142569640,0.020191528,0.749608020
20,252,211318720,67,0.243202909,0.142569640,0.020191528,0.784627547
15,252,211318720,67,0.252307820,0.142569640,0.020191528,0.805959835
7,252,211318720,67,0.260743209,0.142569640,0.020191528,0.820000508
17,252,211318720,67,0.280030751,0.142569640,0.020191528,0.858592598
5,252,211318720,67,0.294976812,0.142569640,0.020191528,0.883467014
3,252,211318720,67,0.407324411,0.142569640,0.020191528,1.056830563
4,252,211318720,67,0.409321724,0.142569640,0.020191528,1.058719213
1,252,211318720,67,0.459765279,0.142569640,0.020191528,1.091045590
11,252,211318720,67,0.577750989,0.142569640,0.020191528,1.163033780
8,252,211318720,67,0.668732790,0.142569640,0.020191528,1.224363914
13,252,211318720,67,0.763735157,0.142569640,0.020191528,1.255910556
18,252,211318720,67,1.148581697,0.142569640,0.020191528,1.229190312
12,252,211318720,67,1.285010920,0.142569640,0.020191528,1.332046264
14,252,211318720,67,1.345101545,0.142569640,0.020191528,1.350351878
10,252,211318720,67,1.562845948,0.142569640,0.020191528,1.277210713
17,253,211318720,67,0.180989575,0.142569640,0.017807480,0.302017368
1,253,211318720,67,0.189604911,0.142569640,0.017807480,0.328079246
20,253,211318720,67,0.209496986,0.142569640,0.017807480,0.374340970
10,253,211318720,67,0.258390635,0.142569640,0.017807480,0.467031036
8,253,211318720,67,0.279384594,0.142569640,0.017807480,0.527190350
19,253,211318720,67,0.297102798,0.142569640,0.017807480,0.568622979
7,253,211318720,67,0.384766570,0.142569640,0.017807480,0.756681601
9,253,211318720,67,0.402263847,0.142569640,0.017807480,0.785794432
5,253,211318720,67,0.403903668,0.142569640,0.017807480,0.787327543
6,253,211318720,67,0.463765996,0.142569640,0.017807480,0.820912686
12,253,211318720,67,0.585278571,0.142569640,0.017807480,0.956367666
11,253,211318720,67,0.628578231,0.142569640,0.017807480,1.083294385
16,253,211318720,67,0.703481386,0.142569640,0.017807480,1.296493224
18,253,211318720,67,0.710298778,0.142569640,0.017807480,1.312396944
13,253,211318720,67,0.727194083,0.142569640,0.017807480,1.340713650
15,253,211318720,67,0.733872699,0.142569640,0.017807480,1.347477278
14,253,211318720,67,0.790422749,0.142569640,0.017807480,1.366603315
2,253,211318720,67,1.442850200,0.142569640,0.017807480,1.306811484
4,253,211318720,67,1.502283313,0.142569640,0.017807480,1.326626800
3,253,211318720,67,1.516026422,0.142569640,0.017807480,1.322047732
16,254,211318720,67,0.163447751,0.142569640,0.140402421,0.479569354
1,254,211318720,67,0.180989575,0.142569640,0.140402421,0.562542798
6,254,211318720,67,0.189672613,0.142569640,0.140402421,0.600325182
9,254,211318720,67,0.197639146,0.142569640,0.140402421,0.629763120
15,254,211318720,67,0.201286280,0.142569640,0.140402421,0.640537720
14,254,211318720,67,0.209496986,0.142569640,0.140402421,0.659368585
12,254,211318720,67,0.236408325,0.142569640,0.140402421,0.703727396
10,254,211318720,67,0.277332429,0.142569640,0.140402421,0.743682435
19,254,211318720,67,0.313984077,0.142569640,0.140402421,0.778255921
18,254,211318720,67,0.422451779,0.142569640,0.140402421,0.999749070
5,254,211318720,67,0.479712491,0.142569640,0.140402421,1.206925732
13,254,211318720,67,0.480370697,0.142569640,0.140402421,1.209352416
2,254,211318720,67,0.499243967,0.142569640,0.140402421,1.266509278
20,254,211318720,67,0.537873555,0.142569640,0.140402421,1.356319167
11,254,211318720,67,0.548705179,0.142569640,0.140402421,1.374332687
7,254,211318720,67,0.569711265,0.142569640,0.140402421,1.395478848
17,254,211318720,67,0.619507724,0.142569640,0.140402421,1.413361370
3,254,211318720,67,0.954783595,0.142569640,0.140402421,1.397142588
4,254,211318720,67,1.293796954,0.142569640,0.140402421,1.381821324
8,254,211318720,67,1.755249417,0.142569640,0.140402421,1.228126372
6,255,211318720,67,0.114166194,0.142569640,0.046301659,0.259694211
14,255,211318720,67,0.121464623,0.142569640,0.046301659,0.272044310
3,255,211318720,67,0.143246377,0.142569640,0.046301659,0.298686267
11,255,211318720,67,0.189604911,0.142569640,0.046301659,0.369730068
17,255,211318720,67,0.279384594,0.142569640,0.046301659,0.493543026
20,255,211318720,67,0.294976812,0.142569640,0.046301659,0.530364834
7,255,211318720,67,0.401365222,0.142569640,0.046301659,0.818310100
16,255,211318720,67,0.402074486,0.142569640,0.046301659,0.820013260
9,255,211318720,67,0.409321724,0.142569640,0.046301659,0.834347215
19,255,211318720,67,0.452488274,0.142569640,0.046301659,0.923603007
12,255,211318720,67,0.469380687,0.142569640,0.046301659,0.951189052
13,255,211318720,67,0.548705179,0.142569640,0.046301659,1.054601354
4,255,211318720,67,0.569711265,0.142569640,0.046301659,1.075010566
10,255,211318720,67,0.655478420,0.142569640,0.046301659,1.119118782
1,255,211318720,67,0.773538749,0.142569640,0.046301659,1.190214585
8,255,211318720,67,0.870095545,0.142569640,0.046301659,1.223517443
15,255,211318720,67,1.148581697,0.142569640,0.046301659,1.269458924
5,255,211318720,67,1.226677978,0.142569640,0.046301659,1.295955692
18,255,211318720,67,1.411737678,0.142569640,0.046301659,1.328073582
2,255,211318720,67,1.442401680,0.142569640,0.046301659,1.317854050
8,256,211318720,67,0.171868971,0.142569640,0.006799786,0.351994100
16,256,211318720,67,0.189672613,0.142569640,0.006799786,0.405526229
11,256,211318720,67,0.206154434,0.142569640,0.006799786,0.443890860
12,256,211318720,67,0.221176057,0.142569640,0.006799786,0.469109941
9,256,211318720,67,0.236684993,0.142569640,0.006799786,0.484121160
4,256,211318720,67,0.261704016,0.142569640,0.006799786,0.493321819
10,256,211318720,67,0.402263847,0.142569640,0.006799786,0.762907209
3,256,211318720,67,0.452488274,0.142569640,0.006799786,0.916493567
17,256,211318720,67,0.469380687,0.142569640,0.006799786,0.967058745
5,256,211318720,67,0.481365940,0.142569640,0.006799786,0.998154809
15,256,211318720,67,0.489360347,0.142569640,0.006799786,1.016879744
20,256,211318720,67,0.496363065,0.142569640,0.006799786,1.028615648
18,256,211318720,67,0.591796632,0.142569640,0.006799786,1.123991228
14,256,211318720,67,0.619507724,0.142569640,0.006799786,1.133328614
19,256,211318720,67,0.790422749,0.142569640,0.006799786,1.297837372
7,256,211318720,67,0.821008808,0.142569640,0.006799786,1.328072621
1,256,211318720,67,0.856613387,0.142569640,0.006799786,1.340745655
6,256,211318720,67,1.169760915,0.142569640,0.006799786,1.341249251
2,256,211318720,67,1.302940102,0.142569640,0.006799786,1.384693123
13,256,211318720,67,1.345101545,0.142569640,0.006799786,1.370640365
14,257,211318720,67,0.160117286,0.142569640,0.025161784,0.481443078
11,257,211318720,67,0.163447751,0.142569640,0.025161784,0.495866031
6,257,211318720,67,0.189672613,0.142569640,0.025161784,0.604312314
9,257,211318720,67,0.189975787,0.142569640,0.025161784,0.605455220
1,257,211318720,67,0.200231803,0.142569640,0.025161784,0.636371348
3,257,211318720,67,0.230565321,0.142569640,0.025161784,0.707540529
4,257,211318720,67,0.236408325,0.142569640,0.025161784,0.716929061
13,257,211318720,67,0.258390635,0.142569640,0.025161784,0.739395386
17,257,211318720,67,0.313984077,0.142569640,0.025161784,0.826503516
18,257,211318720,67,0.402263847,0.142569640,0.025161784,1.001338880
12,257,211318720,67,0.407324411,0.142569640,0.025161784,1.009927733
10,257,211318720,67,0.463765996,0.142569640,0.025161784,1.111895912
2,257,211318720,67,0.496799554,0.142569640,0.025161784,1.165953138
8,257,211318720,67,0.562011941,0.142569640,0.025161784,1.250573995
16,257,211318720,67,0.581521109,0.142569640,0.025161784,1.270330076
15,257,211318720,67,0.678269687,0.142569640,0.025161784,1.395091988
5,257,211318720,67,0.729121023,0.142569640,0.025161784,1.446227320
19,257,211318720,67,0.773538749,0.142569640,0.025161784,1.461825560
20,257,211318720,67,1.302940102,0.142569640,0.025161784,1.384586291
7,257,211318720,67,1.411737678,0.142569640,0.025161784,1.348322860
2,258,211318720,67,0.189672613,0.142569640,0.075566009,0.186370491
6,258,211318720,67,0.209817303,0.142569640,0.075566009,0.207110119
13,258,211318720,67,0.244649358,0.142569640,0.075566009,0.218081160
8,258,211318720,67,0.401365222,0.142569640,0.075566009,0.385416424
5,258,211318720,67,0.452488274,0.142569640,0.075566009,0.518405628
4,258,211318720,67,0.496363065,0.142569640,0.075566009,0.639608060
1,258,211318720,67,0.496799554,0.142569640,0.075566009,0.640662152
16,258,211318720,67,0.548705179,0.142569640,0.075566009,0.741305907
3,258,211318720,67,0.570672550,0.142569640,0.075566009,0.778123772
20,258,211318720,67,0.609499617,0.142569640,0.075566009,0.816078280
14,258,211318720,67,0.668732790,0.142569640,0.075566009,0.835480123
18,258,211318720,67,0.821008808,0.142569640,0.075566009,0.941551413
10,258,211318720,67,0.870095545,0.142569640,0.075566009,0.958416492
12,258,211318720,67,1.142423237,0.142569640,0.075566009,1.133840236
15,258,211318720,67,1.148581697,0.142569640,0.075566009,1.139521111
11,258,211318720,67,1.169760915,0.142569640,0.075566009,1.152581055
19,258,211318720,67,1.302940102,0.142569640,0.075566009,1.289953412
9,258,211318720,67,1.345101545,0.142569640,0.075566009,1.332655521
17,258,211318720,67,1.404552817,0.142569640,0.075566009,1.351246323
7,258,211318720,67,1.672123490,0.142569640,0.075566009,1.261303636
10,259,211318720,67,0.151542328,0.142569640,0.057687372,0.476161451
16,259,211318720,67,0.160117286,0.142569640,0.057687372,0.524906524
6,259,211318720,67,0.197639146,0.142569640,0.057687372,0.713286857
13,259,211318720,67,0.203187046,0.142569640,0.057687372,0.737088831
5,259,211318720,67,0.204491291,0.142569640,0.057687372,0.741867208
7,259,211318720,67,0.232211245,0.142569640,0.057687372,0.824539531
18,259,211318720,67,0.240674095,0.142569640,0.057687372,0.844288336
2,259,211318720,67,0.244105060,0.142569640,0.057687372,0.851190616
14,259,211318720,67,0.260743209,0.142569640,0.057687372,0.879058302
8,259,211318720,67,0.261704016,0.142569640,0.057687372,0.880117620
15,259,211318720,67,0.384766570,0.142569640,0.057687372,1.031822599
17,259,211318720,67,0.407324411,0.142569640,0.057687372,1.053846211
19,259,211318720,67,0.481365940,0.142569640,0.057687372,1.080458254
12,259,211318720,67,0.703481386,0.142569640,0.057687372,1.191056782
3,259,211318720,67,0.711151880,0.142569640,0.057687372,1.197090445
1,259,211318720,67,0.848876883,0.142569640,0.057687372,1.268522123
4,259,211318720,67,0.954783595,0.142569640,0.057687372,1.323338664
11,259,211318720,67,1.067875615,0.142569640,0.057687372,1.360859517
9,259,211318720,67,1.404552817,0.142569640,0.057687372,1.346191211
20,259,211318720,67,1.672123490,0.142569640,0.057687372,1.254206511
15,260,211318720,67,0.143246377,0.142569640,0.057070147,0.421463568
10,260,211318720,67,0.189604911,0.142569640,0.057070147,0.654073973
13,260,211318720,67,0.189975787,0.142569640,0.057070147,0.655686973
20,260,211318720,67,0.204491291,0.142569640,0.057070147,0.709293171
4,260,211318720,67,0.209496986,0.142569640,0.057070147,0.724064030
16,260,211318720,67,0.209817303,0.142569640,0.057070147,0.724782017
7,260,211318720,67,0.212494739,0.142569640,0.057070147,0.729456073
2,260,211318720,67,0.252307820,0.142569640,0.057070147,0.769134242
18,260,211318720,67,0.258351971,0.142569640,0.057070147,0.771057966
11,260,211318720,67,0.401365222,0.142569640,0.057070147,0.955246031
19,260,211318720,67,0.402074486,0.142569640,0.057070147,0.955987808
6,260,211318720,67,0.480370697,0.142569640,0.057070147,1.040419157
14,260,211318720,67,0.548705179,0.142569640,0.057070147,1.109091412
9,260,211318720,67,0.611091554,0.142569640,0.057070147,1.157536983
17,260,211318720,67,0.711151880,0.142569640,0.057070147,1.254041448
8,260,211318720,67,0.758908371,0.142569640,0.057070147,1.270463835
12,260,211318720,67,0.967984072,0.142569640,0.057070147,1.294993807
5,260,211318720,67,1.302940102,0.142569640,0.057070147,1.329110995
1,260,211318720,67,1.368193902,0.142569640,0.057070147,1.350866991
3,260,211318720,67,1.442850200,0.142569640,0.057070147,1.325984278
14,261,211318720,67,0.243202909,0.142569640,0.039416622,0.341152761
20,261,211318720,67,0.252307820,0.142569640,0.039416622,0.362640561
2,261,211318720,67,0.271224328,0.142569640,0.039416622,0.393584360
1,261,211318720,67,0.279384594,0.142569640,0.039416622,0.401660916
15,261,211318720,67,0.298832886,0.142569640,0.039416622,0.414394633
5,261,211318720,67,0.435656761,0.142569640,0.039416622,0.684972142
16,261,211318720,67,0.436974056,0.142569640,0.039416622,0.687182670
12,261,211318720,67,0.459765279,0.142569640,0.039416622,0.710220711
7,261,211318720,67,0.497332438,0.142569640,0.039416622,0.756109223
8,261,211318720,67,0.611091554,0.142569640,0.039416622,0.953546231
10,261,211318720,67,0.619507724,0.142569640,0.039416622,0.967379147
4,261,211318720,67,0.655478420,0.142569640,0.039416622,1.005078236
18,261,211318720,67,0.727194083,0.142569640,0.039416622,1.117428573
6,261,211318720,67,0.796498422,0.142569640,0.039416622,1.187632411
19,261,211318720,67,0.808229779,0.142569640,0.039416622,1.191578333
11,261,211318720,67,1.142423237,0.142569640,0.039416622,1.207578450
13,261,211318720,67,1.238411982,0.142569640,0.039416622,1.241693772
9,261,211318720,67,1.505171246,0.142569640,0.039416622,1.248396544
3,261,211318720,67,1.677184906,0.142569640,0.039416622,1.286545104
17,261,211318720,67,1.755249417,0.142569640,0.039416622,1.260526457
7,262,211318720,67,0.114166194,0.142569640,0.021759586,0.245233339
2,262,211318720,67,0.180989575,0.142569640,0.021759586,0.490627292
14,262,211318720,67,0.201286280,0.142569640,0.021759586,0.551137972
6,262,211318720,67,0.203187046,0.142569640,0.021759586,0.555539190
13,262,211318720,67,0.204491291,0.142569640,0.021759586,0.557834832
18,262,211318720,67,0.210742206,0.142569640,0.021759586,0.564064838
8,262,211318720,67,0.240674095,0.142569640,0.021759586,0.574264478
3,262,211318720,67,0.435656761,0.142569640,0.021759586,0.690400172
20,262,211318720,67,0.489894567,0.142569640,0.021759586,0.747293781
19,262,211318720,67,0.537873555,0.142569640,0.021759586,0.843200536
17,262,211318720,67,0.628578231,0.142569640,0.021759586,1.083428557
10,262,211318720,67,0.631062274,0.142569640,0.021759586,1.090794823
1,262,211318720,67,0.655478420,0.142569640,0.021759586,1.147611614
16,262,211318720,67,0.710298778,0.142569640,0.021759586,1.259958754
5,262,211318720,67,0.729121023,0.142569640,0.021759586,1.291045499
15,262,211318720,67,0.741574597,0.142569640,0.021759586,1.303195361
11,262,211318720,67,0.821008808,0.142569640,0.021759586,1.330032310
12,262,211318720,67,1.067875615,0.142569640,0.021759586,1.370881209
9,262,211318720,67,1.169760915,0.142569640,0.021759586,1.405305138
4,262,211318720,67,1.442850200,0.142569640,0.021759586,1.315308716
14,263,211318720,67,0.164021072,0.142569640,0.011539151,0.389493678
17,263,211318720,67,0.175844454,0.142569640,0.011539151,0.432795313
10,263,211318720,67,0.190217740,0.142569640,0.011539151,0.476048961
11,263,211318720,67,0.204491291,0.142569640,0.011539151,0.509300542
7,263,211318720,67,0.244105060,0.142569640,0.011539151,0.574935579
4,263,211318720,67,0.252307820,0.142569640,0.011539151,0.583126153
12,263,211318720,67,0.260743209,0.142569640,0.011539151,0.585633523
20,263,211318720,67,0.489894567,0.142569640,0.011539151,0.863128227
3,263,211318720,67,0.496363065,0.142569640,0.011539151,0.878417004
9,263,211318720,67,0.496799554,0.142569640,0.011539151,0.879179114
1,263,211318720,67,0.564838374,0.142569640,0.011539151,1.042629394
6,263,211318720,67,0.585278571,0.142569640,0.011539151,1.089996501
15,263,211318720,67,0.645678060,0.142569640,0.011539151,1.243418218
8,263,211318720,67,0.655478420,0.142569640,0.011539151,1.266430999
19,263,211318720,67,0.678269687,0.142569640,0.011539151,1.313588113
5,263,211318720,67,0.733872699,0.142569640,0.011539151,1.406834280
2,263,211318720,67,0.763735157,0.142569640,0.011539151,1.437602505
18,263,211318720,67,0.808229779,0.142569640,0.011539151,1.452750086
13,263,211318720,67,1.238411982,0.142569640,0.011539151,1.404361706
16,263,211318720,67,1.505171246,0.142569640,0.011539151,1.315571588
18,264,211318720,67,0.151542328,0.142569640,0.130764157,0.374417911
19,264,211318720,67,0.175844454,0.142569640,0.130764157,0.495747196
16,264,211318720,67,0.189672613,0.142569640,0.130764157,0.555822366
6,264,211318720,67,0.209817303,0.142569640,0.130764157,0.629422809
4,264,211318720,67,0.234467470,0.142569640,0.130764157,0.703620128
14,264,211318720,67,0.244105060,0.142569640,0.130764157,0.726623981
9,264,211318720,67,0.258390635,0.142569640,0.130764157,0.750333133
3,264,211318720,67,0.271584609,0.142569640,0.130764157,0.764003139
2,264,211318720,67,0.277332429,0.142569640,0.130764157,0.766409953
7,264,211318720,67,0.430002133,0.142569640,0.130764157,0.967193970
1,264,211318720,67,0.469380687,0.142569640,0.130764157,1.058632540
5,264,211318720,67,0.481365940,0.142569640,0.130764157,1.084787291
8,264,211318720,67,0.537873555,0.142569640,0.130764157,1.204449678
12,264,211318720,67,0.569711265,0.142569640,0.130764157,1.256374436
13,264,211318720,67,0.615280617,0.142569640,0.130764157,1.322816399
11,264,211318720,67,0.643409518,0.142569640,0.130764157,1.366213139
20,264,211318720,67,0.727194083,0.142569640,0.130764157,1.451231537
10,264,211318720,67,0.763735157,0.142569640,0.130764157,1.488554939
17,264,211318720,67,0.870095545,0.142569640,0.130764157,1.525944463
15,264,211318720,67,1.672123490,0.142569640,0.130764157,1.264982957
17,265,211318720,67,0.175844454,0.142569640,0.103391439,0.523872313
12,265,211318720,67,0.194298324,0.142569640,0.103391439,0.616065934
6,265,211318720,67,0.198160521,0.142569640,0.103391439,0.632968306
14,265,211318720,67,0.204491291,0.142569640,0.103391439,0.656297945
1,265,211318720,67,0.210742206,0.142569640,0.103391439,0.675008544
3,265,211318720,67,0.230565321,0.142569640,0.103391439,0.721635080
20,265,211318720,67,0.236684993,0.142569640,0.103391439,0.732156426
5,265,211318720,67,0.277332429,0.142569640,0.103391439,0.787633267
9,265,211318720,67,0.279384594,0.142569640,0.103391439,0.789689380
16,265,211318720,67,0.397236570,0.142569640,0.103391439,1.032250987
19,265,211318720,67,0.436974056,0.142569640,0.103391439,1.151711466
13,265,211318720,67,0.463765996,0.142569640,0.103391439,1.230687782
4,265,211318720,67,0.489894567,0.142569640,0.103391439,1.291944955
8,265,211318720,67,0.497332438,0.142569640,0.103391439,1.304619083
18,265,211318720,67,0.505630854,0.142569640,0.103391439,1.318496619
10,265,211318720,67,0.581521109,0.142569640,0.103391439,1.395131363
11,265,211318720,67,0.639394657,0.142569640,0.103391439,1.413199970
2,265,211318720,67,1.169760915,0.142569640,0.103391439,1.352374413
7,265,211318720,67,1.285010920,0.142569640,0.103391439,1.390565977
15,265,211318720,67,1.562845948,0.142569640,0.103391439,1.299179285
16,266,211318720,67,0.194298324,0.142569640,0.012926061,0.118126096
5,266,211318720,67,0.277332429,0.142569640,0.012926061,0.216135184
14,266,211318720,67,0.289962109,0.142569640,0.012926061,0.235538189
15,266,211318720,67,0.397236570,0.142569640,0.012926061,0.415902324
17,266,211318720,67,0.422451779,0.142569640,0.012926061,0.474457731
10,266,211318720,67,0.484632161,0.142569640,0.012926061,0.647737776
3,266,211318720,67,0.489360347,0.142569640,0.012926061,0.661744906
11,266,211318720,67,0.537873555,0.142569640,0.012926061,0.776723766
18,266,211318720,67,0.567346654,0.142569640,0.012926061,0.845942287
1,266,211318720,67,0.581521109,0.142569640,0.012926061,0.869575743
2,266,211318720,67,0.627666836,0.142569640,0.012926061,0.916110209
19,266,211318720,67,0.678269687,0.142569640,0.012926061,0.964269207
6,266,211318720,67,0.773089545,0.142569640,0.012926061,1.026857515
7,266,211318720,67,0.870095545,0.142569640,0.012926061,1.059108161
9,266,211318720,67,1.142423237,0.142569640,0.012926061,1.065857587
4,266,211318720,67,1.293796954,0.142569640,0.012926061,1.169475800
13,266,211318720,67,1.345101545,0.142569640,0.012926061,1.217105097
20,266,211318720,67,1.442850200,0.142569640,0.012926061,1.304797917
8,266,211318720,67,1.505171246,0.142569640,0.012926061,1.326624538
12,266,211318720,67,2.004665860,0.142569640,0.012926061,1.163532608
2,267,211318720,67,0.120652983,0.142569640,0.079379193,0.188628556
5,267,211318720,67,0.189672613,0.142569640,0.079379193,0.468001466
13,267,211318720,67,0.197639146,0.142569640,0.079379193,0.502739924
20,267,211318720,67,0.230565321,0.142569640,0.079379193,0.624014542
17,267,211318720,67,0.241240855,0.142569640,0.079379193,0.655956610
9,267,211318720,67,0.244649358,0.142569640,0.079379193,0.663675735
10,267,211318720,67,0.279384594,0.142569640,0.079379193,0.722619309
19,267,211318720,67,0.297102798,0.142569640,0.079379193,0.740824563
1,267,211318720,67,0.313984077,0.142569640,0.079379193,0.746135560
18,267,211318720,67,0.459765279,0.142569640,0.079379193,0.828798263
15,267,211318720,67,0.548705179,0.142569640,0.079379193,1.026261202
8,267,211318720,67,0.609499617,0.142569640,0.079379193,1.195105001
14,267,211318720,67,0.615872459,0.142569640,0.079379193,1.210144677
3,267,211318720,67,0.619507724,0.142569640,0.079379193,1.216173996
4,267,211318720,67,0.668732790,0.142569640,0.079379193,1.265134058
11,267,211318720,67,0.711151880,0.142569640,0.079379193,1.301884186
16,267,211318720,67,0.821008808,0.142569640,0.079379193,1.339905842
12,267,211318720,67,1.285010920,0.142569640,0.079379193,1.278917526
7,267,211318720,67,1.562845948,0.142569640,0.079379193,1.280101300
6,267,211318720,67,2.067721695,0.142569640,0.079379193,1.113433122
2,268,211318720,67,0.156859078,0.142569640,0.012241864,0.395919108
3,268,211318720,67,0.163447751,0.142569640,0.012241864,0.424535642
20,268,211318720,67,0.189672613,0.142569640,0.012241864,0.521083544
17,268,211318720,67,0.204491291,0.142569640,0.012241864,0.565813798
19,268,211318720,67,0.224973196,0.142569640,0.012241864,0.613470126
14,268,211318720,67,0.231552464,0.142569640,0.012241864,0.624496534
10,268,211318720,67,0.271584609,0.142569640,0.012241864,0.690905828
18,268,211318720,67,0.289962109,0.142569640,0.012241864,0.721628905
8,268,211318720,67,0.384766570,0.142569640,0.012241864,0.903960823
16,268,211318720,67,0.403903668,0.142569640,0.012241864,0.947836955
12,268,211318720,67,0.435656761,0.142569640,0.012241864,1.000062166
7,268,211318720,67,0.496799554,0.142569640,0.012241864,1.060381459
6,268,211318720,67,0.520203290,0.142569640,0.012241864,1.082002091
9,268,211318720,67,0.643409518,0.142569640,0.012241864,1.162105899
15,268,211318720,67,0.729121023,0.142569640,0.012241864,1.206451609
4,268,211318720,67,0.848876883,0.142569640,0.012241864,1.247941760
5,268,211318720,67,1.368193902,0.142569640,0.012241864,1.244683296
13,268,211318720,67,1.404552817,0.142569640,0.012241864,1.256893169
11,268,211318720,67,1.562845948,0.142569640,0.012241864,1.297926506
1,268,211318720,67,1.672123490,0.142569640,0.012241864,1.261501552
12,269,211318720,67,0.164021072,0.142569640,0.006936146,0.370744718
10,269,211318720,67,0.194298324,0.142569640,0.006936146,0.460847446
3,269,211318720,67,0.197639146,0.142569640,0.006936146,0.468749516
17,269,211318720,67,0.201916690,0.142569640,0.006936146,0.476094565
8,269,211318720,67,0.216898661,0.142569640,0.006936146,0.491267592
7,269,211318720,67,0.236684993,0.142569640,0.006936146,0.498105412
13,269,211318720,67,0.401365222,0.142569640,0.006936146,0.803054525
4,269,211318720,67,0.402263847,0.142569640,0.006936146,0.806448353
15,269,211318720,67,0.479712491,0.142569640,0.006936146,1.134659228
6,269,211318720,67,0.489360347,0.142569640,0.006936146,1.176433040
11,269,211318720,67,0.497332438,0.142569640,0.006936146,1.205519361
1,269,211318720,67,0.498231948,0.142569640,0.006936146,1.208216957
2,269,211318720,67,0.499243967,0.142569640,0.006936146,1.210576551
14,269,211318720,67,0.564838374,0.142569640,0.006936146,1.319628894
20,269,211318720,67,0.577750989,0.142569640,0.006936146,1.339404843
5,269,211318720,67,0.581521109,0.142569640,0.006936146,1.343002542
18,269,211318720,67,0.710298778,0.142569640,0.006936146,1.481930299
9,269,211318720,67,0.767010536,0.142569640,0.006936146,1.538648289
16,269,211318720,67,0.796498422,0.142569640,0.006936146,1.548479351
19,269,211318720,67,0.808229779,0.142569640,0.006936146,1.544573497
3,270,211318720,67,0.198160521,0.142569640,0.009185117,0.456402752
19,270,211318720,67,0.214696194,0.142569640,0.009185117,0.527583892
7,270,211318720,67,0.216898661,0.142569640,0.009185117,0.535669515
17,270,211318720,67,0.221176057,0.142569640,0.009185117,0.548462564
16,270,211318720,67,0.244649358,0.142569640,0.009185117,0.603842818
6,270,211318720,67,0.277332429,0.142569640,0.009185117,0.665458771
11,270,211318720,67,0.279384594,0.142569640,0.009185117,0.669011318
9,270,211318720,67,0.313984077,0.142569640,0.009185117,0.703414081
10,270,211318720,67,0.409321724,0.142569640,0.009185117,0.824531840
1,270,211318720,67,0.479712491,0.142569640,0.009185117,0.933616665
5,270,211318720,67,0.489894567,0.142569640,0.009185117,0.952650617
13,270,211318720,67,0.567346654,0.142569640,0.009185117,1.108734699
15,270,211318720,67,0.619507724,0.142569640,0.009185117,1.218711239
12,270,211318720,67,0.628578231,0.142569640,0.009185117,1.233992016
14,270,211318720,67,0.668732790,0.142569640,0.009185117,1.273508416
8,270,211318720,67,0.727194083,0.142569640,0.009185117,1.293407102
20,270,211318720,67,0.967984072,0.142569640,0.009185117,1.308638187
4,270,211318720,67,1.211169919,0.142569640,0.009185117,1.406286257
2,270,211318720,67,1.226677978,0.142569640,0.009185117,1.411442247
18,270,211318720,67,1.399229128,0.142569640,0.009185117,1.354527452
4,271,211318720,67,0.151542328,0.142569640,0.023277132,0.306815398
5,271,211318720,67,0.164021072,0.142569640,0.023277132,0.368457868
7,271,211318720,67,0.210742206,0.142569640,0.023277132,0.570536102
10,271,211318720,67,0.225803229,0.142569640,0.023277132,0.625538150
18,271,211318720,67,0.244649358,0.142569640,0.023277132,0.681666637
9,271,211318720,67,0.258351971,0.142569640,0.023277132,0.713713491
20,271,211318720,67,0.277332429,0.142569640,0.023277132,0.745351089
12,271,211318720,67,0.289962109,0.142569640,0.023277132,0.758419013
14,271,211318720,67,0.294976812,0.142569640,0.023277132,0.760114155
16,271,211318720,67,0.478728149,0.142569640,0.023277132,1.139587936
13,271,211318720,67,0.481365940,0.142569640,0.023277132,1.147757851
17,271,211318720,67,0.499243967,0.142569640,0.023277132,1.196840138
6,271,211318720,67,0.505630854,0.142569640,0.023277132,1.211743909
8,271,211318720,67,0.537873555,0.142569640,0.023277132,1.265432139
3,271,211318720,67,0.567346654,0.142569640,0.023277132,1.294799729
19,271,211318720,67,0.631062274,0.142569640,0.023277132,1.357051425
1,271,211318720,67,0.711151880,0.142569640,0.023277132,1.388080376
11,271,211318720,67,0.848876883,0.142569640,0.023277132,1.512309494
2,271,211318720,67,0.876017721,0.142569640,0.023277132,1.520842198
15,271,211318720,67,2.004665860,0.142569640,0.023277132,1.149150131
3,272,211318720,67,0.151542328,0.142569640,0.005833037,0.292220869
11,272,211318720,67,0.210742206,0.142569640,0.005833037,0.571365800
12,272,211318720,67,0.216898661,0.142569640,0.005833037,0.598116774
10,272,211318720,67,0.232211245,0.142569640,0.005833037,0.654392865
15,272,211318720,67,0.234467470,0.142569640,0.005833037,0.661255841
5,272,211318720,67,0.243788411,0.142569640,0.005833037,0.683286363
13,272,211318720,67,0.258390635,0.142569640,0.005833037,0.710436125
16,272,211318720,67,0.289962109,0.142569640,0.005833037,0.763853266
17,272,211318720,67,0.320264087,0.142569640,0.005833037,0.794632820
18,272,211318720,67,0.397236570,0.142569640,0.005833037,0.924592825
20,272,211318720,67,0.484632161,0.142569640,0.005833037,1.112803955
2,272,211318720,67,0.486476637,0.142569640,0.005833037,1.117226800
19,272,211318720,67,0.489360347,0.142569640,0.005833037,1.121941064
9,272,211318720,67,0.570672550,0.142569640,0.005833037,1.204314689
1,272,211318720,67,0.619507724,0.142569640,0.005833037,1.221028142
7,272,211318720,67,0.767010536,0.142569640,0.005833037,1.307917044
14,272,211318720,67,0.848876883,0.142569640,0.005833037,1.336522782
8,272,211318720,67,1.368193902,0.142569640,0.005833037,1.338107210
6,272,211318720,67,1.399229128,0.142569640,0.005833037,1.348952672
4,272,211318720,67,1.755249417,0.142569640,0.005833037,1.230882209
17,273,211318720,67,0.156859078,0.142569640,0.064825624,0.404530006
8,273,211318720,67,0.171868971,0.142569640,0.064825624,0.449815221
14,273,211318720,67,0.180989575,0.142569640,0.064825624,0.471320377
19,273,211318720,67,0.189604911,0.142569640,0.064825624,0.485761217
11,273,211318720,67,0.205397570,0.142569640,0.064825624,0.501877552
15,273,211318720,67,0.212135629,0.142569640,0.064825624,0.504127951
1,273,211318720,67,0.403903668,0.142569640,0.064825624,0.777920494
20,273,211318720,67,0.407144390,0.142569640,0.064825624,0.787829559
9,273,211318720,67,0.409321724,0.142569640,0.064825624,0.793111610
18,273,211318720,67,0.497332438,0.142569640,0.064825624,0.998379638
16,273,211318720,67,0.520203290,0.142569640,0.064825624,1.051451632
10,273,211318720,67,0.537873555,0.142569640,0.064825624,1.082563505
4,273,211318720,67,0.577750989,0.142569640,0.064825624,1.160499939
6,273,211318720,67,0.615872459,0.142569640,0.064825624,1.223564835
12,273,211318720,67,0.678269687,0.142569640,0.064825624,1.285246169
5,273,211318720,67,0.703481386,0.142569640,0.064825624,1.293660407
13,273,211318720,67,0.876017721,0.142569640,0.064825624,1.333977418
3,273,211318720,67,1.293796954,0.142569640,0.064825624,1.309905387
2,273,211318720,67,1.411737678,0.142569640,0.064825624,1.349258198
7,273,211318720,67,1.442401680,0.142569640,0.064825624,1.339038666
11,274,211318720,67,0.171868971,0.142569640,0.073270544,0.177763057
4,274,211318720,67,0.197639146,0.142569640,0.073270544,0.238400682
19,274,211318720,67,0.252307820,0.142569640,0.073270544,0.335481306
20,274,211318720,67,0.298832886,0.142569640,0.073270544,0.458008601
8,274,211318720,67,0.313984077,0.142569640,0.073270544,0.503480892
13,274,211318720,67,0.384766570,0.142569640,0.073270544,0.700753436
3,274,211318720,67,0.403903668,0.142569640,0.073270544,0.764227663
2,274,211318720,67,0.422451779,0.142569640,0.073270544,0.819659302
6,274,211318720,67,0.430002133,0.142569640,0.073270544,0.837208560
17,274,211318720,67,0.499243967,0.142569640,0.073270544,1.025168805
18,274,211318720,67,0.505630854,0.142569640,0.073270544,1.048462199
15,274,211318720,67,0.537873555,0.142569640,0.073270544,1.147350989
14,274,211318720,67,0.575799394,0.142569640,0.073270544,1.266243595
12,274,211318720,67,0.615872459,0.142569640,0.073270544,1.397574447
5,274,211318720,67,0.628578231,0.142569640,0.073270544,1.435180098
1,274,211318720,67,0.639394657,0.142569640,0.073270544,1.460244771
16,274,211318720,67,0.678269687,0.142569640,0.073270544,1.525495268
7,274,211318720,67,0.711151880,0.142569640,0.073270544,1.559129082
10,274,211318720,67,0.741574597,0.142569640,0.073270544,1.568776415
9,274,211318720,67,1.238411982,0.142569640,0.073270544,1.402297100
9,275,211318720,67,0.114166194,0.142569640,0.015645938,0.081580180
13,275,211318720,67,0.205397570,0.142569640,0.015645938,0.181910507
20,275,211318720,67,0.271584609,0.142569640,0.015645938,0.249254610
1,275,211318720,67,0.320264087,0.142569640,0.015645938,0.291451288
15,275,211318720,67,0.422451779,0.142569640,0.015645938,0.542596241
16,275,211318720,67,0.469380687,0.142569640,0.015645938,0.736157299
5,275,211318720,67,0.479712491,0.142569640,0.015645938,0.780961475
8,275,211318720,67,0.489894567,0.142569640,0.015645938,0.818695601
12,275,211318720,67,0.497332438,0.142569640,0.015645938,0.840496343
11,275,211318720,67,0.570672550,0.142569640,0.015645938,1.049875222
3,275,211318720,67,0.577750989,0.142569640,0.015645938,1.066497052
7,275,211318720,67,0.581521109,0.142569640,0.015645938,1.072717653
10,275,211318720,67,0.591796632,0.142569640,0.015645938,1.083283151
14,275,211318720,67,0.655478420,0.142569640,0.015645938,1.103881847
2,275,211318720,67,0.808229779,0.142569640,0.015645938,1.261446987
18,275,211318720,67,0.856613387,0.142569640,0.015645938,1.338548574
6,275,211318720,67,0.876017721,0.142569640,0.015645938,1.358563747
19,275,211318720,67,0.954783595,0.142569640,0.015645938,1.385261262
17,275,211318720,67,1.238411982,0.142569640,0.015645938,1.392007111
4,275,211318720,67,1.516026422,0.142569640,0.015645938,1.300954927
16,276,211318720,67,0.190217740,0.142569640,0.002912055,0.763614569
20,276,211318720,67,0.201916690,0.142569640,0.002912055,0.845699521
1,276,211318720,67,0.205397570,0.142569640,0.002912055,0.867976313
5,276,211318720,67,0.206154434,0.142569640,0.002912055,0.872315646
17,276,211318720,67,0.208482977,0.142569640,0.002912055,0.884110859
3,276,211318720,67,0.209817303,0.142569640,0.002912055,0.889957317
10,276,211318720,67,0.230472108,0.142569640,0.002912055,0.965610479
15,276,211318720,67,0.242157230,0.142569640,0.002912055,1.001158060
7,276,211318720,67,0.252307820,0.142569640,0.002912055,1.024687438
13,276,211318720,67,0.258351971,0.142569640,0.002912055,1.034495335
9,276,211318720,67,0.280030751,0.142569640,0.002912055,1.068069164
4,276,211318720,67,0.294976812,0.142569640,0.002912055,1.083602909
18,276,211318720,67,0.403903668,0.142569640,0.002912055,1.192312667
14,276,211318720,67,0.436974056,0.142569640,0.002912055,1.219449510
19,276,211318720,67,0.564838374,0.142569640,0.002912055,1.389890098
11,276,211318720,67,0.570672550,0.142569640,0.002912055,1.395406212
2,276,211318720,67,0.643409518,0.142569640,0.002912055,1.427156588
12,276,211318720,67,0.773538749,0.142569640,0.002912055,1.472434996
6,276,211318720,67,1.345101545,0.142569640,0.002912055,1.376195321
8,276,211318720,67,1.502283313,0.142569640,0.002912055,1.322888599
4,277,211318720,67,0.120652983,0.142569640,0.158370093,0.131643889
10,277,211318720,67,0.200231803,0.142569640,0.158370093,0.317146183
11,277,211318720,67,0.230472108,0.142569640,0.158370093,0.368129117
14,277,211318720,67,0.244649358,0.142569640,0.158370093,0.382821145
3,277,211318720,67,0.252307820,0.142569640,0.158370093,0.385638331
16,277,211318720,67,0.403903668,0.142569640,0.158370093,0.746590860
20,277,211318720,67,0.452488274,0.142569640,0.158370093,0.989835974
2,277,211318720,67,0.473358151,0.142569640,0.158370093,1.094493356
18,277,211318720,67,0.479712491,0.142569640,0.158370093,1.126355544
7,277,211318720,67,0.481365940,0.142569640,0.158370093,1.133619476
5,277,211318720,67,0.484632161,0.142569640,0.158370093,1.145458424
19,277,211318720,67,0.489360347,0.142569640,0.158370093,1.160474489
12,277,211318720,67,0.489894567,0.142569640,0.158370093,1.162108970
8,277,211318720,67,0.564838374,0.142569640,0.158370093,1.335491189
6,277,211318720,67,0.575799394,0.142569640,0.158370093,1.353178925
17,277,211318720,67,0.615280617,0.142569640,0.158370093,1.393793617
9,277,211318720,67,0.631062274,0.142569640,0.158370093,1.398308617
15,277,211318720,67,0.966696729,0.142569640,0.158370093,1.383422682
13,277,211318720,67,1.211169919,0.142569640,0.158370093,1.397569665
1,277,211318720,67,1.672123490,0.142569640,0.158370093,1.238917442




































































































































































































































































































































































































































































































































































































































































































































































































































































































































































































































































































