client-id,round_number,workload,bg-workload,computation-time,client-queue-delay,propagation-delay,station-queue-delay
4,1,211318720,67,0.281178980,0.142569611,0.016113833,0.207024397
10,1,211318720,67,0.333771051,0.142569611,0.016113833,0.416395067
30,1,211318720,67,0.357859759,0.142569611,0.016113833,0.538334274
11,1,211318720,67,0.384120181,0.142569611,0.016113833,0.652891207
8,1,211318720,67,0.401123492,0.142569611,0.016113833,0.715959800
16,1,211318720,67,0.411648825,0.142569611,0.016113833,0.751192863
2,1,211318720,67,0.430501742,0.142569611,0.016113833,0.808396152
28,1,211318720,67,0.459292393,0.142569611,0.016113833,0.877337103
18,1,211318720,67,0.469331802,0.142569611,0.016113833,0.894567625
6,1,211318720,67,0.471067229,0.142569611,0.016113833,0.896440230
27,1,211318720,67,0.549024150,0.142569611,0.016113833,0.966639487
9,1,211318720,67,0.635595755,0.142569611,0.016113833,1.086074996
7,1,211318720,67,0.689012139,0.142569611,0.016113833,1.211923153
13,1,211318720,67,0.756670836,0.142569611,0.016113833,1.418864363
29,1,211318720,67,0.757188691,0.142569611,0.016113833,1.420047191
19,1,211318720,67,0.799520819,0.142569611,0.016113833,1.492789260
3,1,211318720,67,0.828887397,0.142569611,0.016113833,1.515178771
1,1,211318720,67,0.986327720,0.142569611,0.016113833,1.680926103
26,1,211318720,67,1.009629524,0.142569611,0.016113833,1.705590948
22,1,211318720,67,1.076130101,0.142569611,0.016113833,1.766835434
12,1,211318720,67,1.163510533,0.142569611,0.016113833,1.870570178
25,1,211318720,67,1.241069629,0.142569611,0.016113833,2.010362982
24,1,211318720,67,1.284436966,0.142569611,0.016113833,2.084706070
15,1,211318720,67,1.374381413,0.142569611,0.016113833,2.122499838
23,1,211318720,67,2.242581386,0.142569611,0.016113833,2.043399780
21,1,211318720,67,0.815600578,0.142569611,0.016113833,3.637970924
20,1,211318720,67,2.759003758,0.142569611,0.016113833,2.014741962
14,1,211318720,67,1.289231248,0.142569611,0.016113833,3.516566572
5,1,211318720,67,2.280323170,0.142569611,0.016113833,2.575361377
17,1,211318720,67,2.387739789,0.142569611,0.016113833,2.474605835
29,2,211318720,67,0.281178980,0.142569611,0.044423286,0.395622824
19,2,211318720,67,0.309103827,0.142569611,0.044423286,0.507704523
16,2,211318720,67,0.331808595,0.142569611,0.044423286,0.577217313
4,2,211318720,67,0.340022068,0.142569611,0.044423286,0.596668242
12,2,211318720,67,0.372439086,0.142569611,0.044423286,0.652768881
18,2,211318720,67,0.401427962,0.142569611,0.044423286,0.716747124
3,2,211318720,67,0.406369678,0.142569611,0.044423286,0.725195946
30,2,211318720,67,0.515830983,0.142569611,0.044423286,0.912876768
7,2,211318720,67,0.522957550,0.142569611,0.044423286,0.920024125
13,2,211318720,67,0.549024150,0.142569611,0.044423286,0.944961689
8,2,211318720,67,0.668942036,0.142569611,0.044423286,1.073941197
21,2,211318720,67,0.747118578,0.142569611,0.044423286,1.331345022
6,2,211318720,67,0.757188691,0.142569611,0.044423286,1.362549306
27,2,211318720,67,0.294632521,0.142569611,0.044423286,1.859112754
1,2,211318720,67,0.819719265,0.142569611,0.044423286,1.532624496
28,2,211318720,67,0.832073278,0.142569611,0.044423286,1.562657285
20,2,211318720,67,0.832820764,0.142569611,0.044423286,1.563905738
17,2,211318720,67,0.940637450,0.142569611,0.044423286,1.749718732
2,2,211318720,67,0.941278721,0.142569611,0.044423286,1.751304280
9,2,211318720,67,1.009629524,0.142569611,0.044423286,1.901237542
5,2,211318720,67,1.055621497,0.142569611,0.044423286,1.980617128
23,2,211318720,67,1.077776804,0.142569611,0.044423286,2.003030678
26,2,211318720,67,1.102987746,0.142569611,0.044423286,2.013595139
22,2,211318720,67,1.349170437,0.142569611,0.044423286,2.040375170
15,2,211318720,67,1.522868244,0.142569611,0.044423286,2.087635511
11,2,211318720,67,1.854731332,0.142569611,0.044423286,2.091744607
10,2,211318720,67,2.122991969,0.142569611,0.044423286,2.156618414
25,2,211318720,67,2.194425436,0.142569611,0.044423286,2.184399348
14,2,211318720,67,0.806589981,0.142569611,0.044423286,3.677651817
24,2,211318720,67,2.851214341,0.142569611,0.044423286,2.001036551
12,3,211318720,67,0.218636321,0.142569610,0.026488073,0.088559443
5,3,211318720,67,0.331808595,0.142569610,0.026488073,0.536292786
8,3,211318720,67,0.344720398,0.142569610,0.026488073,0.602171966
21,3,211318720,67,0.357826991,0.142569610,0.026488073,0.659674204
7,3,211318720,67,0.387058100,0.142569610,0.026488073,0.773580773
29,3,211318720,67,0.401427962,0.142569610,0.026488073,0.827113652
17,3,211318720,67,0.402068091,0.142569610,0.026488073,0.829062174
18,3,211318720,67,0.420281467,0.142569610,0.026488073,0.873232183
14,3,211318720,67,0.420773321,0.142569610,0.026488073,0.874066576
26,3,211318720,67,0.434572014,0.142569610,0.026488073,0.888395392
3,3,211318720,67,0.522957550,0.142569610,0.026488073,0.922747939
28,3,211318720,67,0.714799086,0.142569610,0.026488073,1.215258070
2,3,211318720,67,0.737146514,0.142569610,0.026488073,1.284775218
24,3,211318720,67,0.781082769,0.142569610,0.026488073,1.374547315
23,3,211318720,67,0.815600578,0.142569610,0.026488073,1.445090977
30,3,211318720,67,0.821650137,0.142569610,0.026488073,1.455504202
25,3,211318720,67,0.917862357,0.142569610,0.026488073,1.649297880
1,3,211318720,67,0.940637450,0.142569610,0.026488073,1.693220714
4,3,211318720,67,0.984046731,0.142569610,0.026488073,1.768249309
19,3,211318720,67,0.998676963,0.142569610,0.026488073,1.783269879
9,3,211318720,67,1.183831296,0.142569610,0.026488073,1.952822172
20,3,211318720,67,1.304662576,0.142569610,0.026488073,2.034198742
6,3,211318720,67,2.070019088,0.142569610,0.026488073,2.023616951
11,3,211318720,67,2.122991969,0.142569610,0.026488073,2.079980062
10,3,211318720,67,0.752566429,0.142569610,0.026488073,3.465702786
15,3,211318720,67,2.141684867,0.142569610,0.026488073,2.087183708
16,3,211318720,67,2.656838111,0.142569610,0.026488073,2.041336512
22,3,211318720,67,1.076130101,0.142569610,0.026488073,3.842831336
27,3,211318720,67,1.235957661,0.142569610,0.026488073,3.914968542
13,3,211318720,67,3.341109767,0.142569610,0.026488073,1.848718032
20,4,211318720,67,0.205499149,0.142569610,0.056258451,0.174665746
1,4,211318720,67,0.218636321,0.142569610,0.056258451,0.197664688
23,4,211318720,67,0.301447636,0.142569610,0.056258451,0.448962907
6,4,211318720,67,0.344720398,0.142569610,0.056258451,0.639535279
19,4,211318720,67,0.387058100,0.142569610,0.056258451,0.812501557
11,4,211318720,67,0.391378383,0.142569610,0.056258451,0.828788630
22,4,211318720,67,0.405338182,0.142569610,0.056258451,0.863410897
30,4,211318720,67,0.420513033,0.142569610,0.056258451,0.888877454
14,4,211318720,67,0.420773321,0.142569610,0.056258451,0.889162930
18,4,211318720,67,0.507433692,0.142569610,0.056258451,0.922125668
7,4,211318720,67,0.752566429,0.142569610,0.056258451,1.010886830
13,4,211318720,67,0.802276566,0.142569610,0.056258451,1.032268787
8,4,211318720,67,0.941278721,0.142569610,0.056258451,1.289260031
4,4,211318720,67,0.945577756,0.142569610,0.056258451,1.299650479
15,4,211318720,67,1.009629524,0.142569610,0.056258451,1.441485791
25,4,211318720,67,1.021439625,0.142569610,0.056258451,1.461784383
5,4,211318720,67,1.055621497,0.142569610,0.056258451,1.497606121
27,4,211318720,67,1.104358980,0.142569610,0.056258451,1.523981869
9,4,211318720,67,1.235957661,0.142569610,0.056258451,1.641436207
24,4,211318720,67,0.393703093,0.142569610,0.056258451,2.519633531
29,4,211318720,67,1.278350893,0.142569610,0.056258451,1.657994994
12,4,211318720,67,1.522868244,0.142569610,0.056258451,1.685386717
16,4,211318720,67,1.772163784,0.142569610,0.056258451,1.751431093
26,4,211318720,67,2.070019088,0.142569610,0.056258451,1.868222447
2,4,211318720,67,2.141684867,0.142569610,0.056258451,1.897377704
21,4,211318720,67,2.502933016,0.142569610,0.056258451,1.962135691
17,4,211318720,67,2.575342822,0.142569610,0.056258451,2.038589271
3,4,211318720,67,2.610934393,0.142569610,0.056258451,2.052731148
10,4,211318720,67,3.042432322,0.142569610,0.056258451,1.932866451
28,4,211318720,67,1.854731332,0.142569610,0.056258451,3.153249731
15,5,211318720,67,0.272776191,0.142569610,0.010868928,0.287632906
6,5,211318720,67,0.274486776,0.142569610,0.010868928,0.291684674
7,5,211318720,67,0.333771051,0.142569610,0.010868928,0.467588350
17,5,211318720,67,0.346780912,0.142569610,0.010868928,0.498573060
26,5,211318720,67,0.357826991,0.142569610,0.010868928,0.519955223
12,5,211318720,67,0.420513033,0.142569610,0.010868928,0.627904254
2,5,211318720,67,0.420773321,0.142569610,0.010868928,0.628225221
24,5,211318720,67,0.496683722,0.142569610,0.010868928,0.659027924
8,5,211318720,67,0.635595755,0.142569610,0.010868928,0.884979527
5,5,211318720,67,0.670439746,0.142569610,0.010868928,0.967436130
9,5,211318720,67,0.689012139,0.142569610,0.010868928,1.000039766
20,5,211318720,67,0.752566429,0.142569610,0.010868928,1.155095276
13,5,211318720,67,0.832073278,0.142569610,0.010868928,1.332164990
4,5,211318720,67,0.846862281,0.142569610,0.010868928,1.379091951
10,5,211318720,67,0.867005483,0.142569610,0.010868928,1.446574584
3,5,211318720,67,0.940637450,0.142569610,0.010868928,1.740774611
28,5,211318720,67,0.952025692,0.142569610,0.010868928,1.791102056
30,5,211318720,67,0.969201848,0.142569610,0.010868928,1.854455266
25,5,211318720,67,0.986327720,0.142569610,0.010868928,1.906981597
11,5,211318720,67,0.999831002,0.142569610,0.010868928,1.938367577
29,5,211318720,67,1.024237500,0.142569610,0.010868928,1.979780987
16,5,211318720,67,1.044856486,0.142569610,0.010868928,2.000254972
21,5,211318720,67,1.077776804,0.142569610,0.010868928,2.034236169
22,5,211318720,67,1.188858293,0.142569610,0.010868928,2.205327678
18,5,211318720,67,1.235957661,0.142569610,0.010868928,2.287139859
19,5,211318720,67,1.289231248,0.142569610,0.010868928,2.334786589
1,5,211318720,67,1.509114459,0.142569610,0.010868928,2.369051429
14,5,211318720,67,0.747118578,0.142569610,0.010868928,3.437779854
23,5,211318720,67,2.387739789,0.142569610,0.010868928,2.119392228
27,5,211318720,67,1.275961791,0.142569610,0.010868928,3.396791216
1,6,211318720,67,0.218636321,0.142569610,0.020275913,0.136765244
18,6,211318720,67,0.299654210,0.142569610,0.020275913,0.356551861
26,6,211318720,67,0.309103827,0.142569610,0.020275913,0.385227243
5,6,211318720,67,0.352250991,0.142569610,0.020275913,0.504786522
12,6,211318720,67,0.366496772,0.142569610,0.020275913,0.555307913
15,6,211318720,67,0.416831058,0.142569610,0.020275913,0.740072209
4,6,211318720,67,0.420513033,0.142569610,0.020275913,0.753810824
7,6,211318720,67,0.469100688,0.142569610,0.020275913,0.902699995
3,6,211318720,67,0.496683722,0.142569610,0.020275913,0.968392613
16,6,211318720,67,0.522957550,0.142569610,0.020275913,0.997326863
8,6,211318720,67,0.694847525,0.142569610,0.020275913,1.292809058
19,6,211318720,67,0.695802929,0.142569610,0.020275913,1.294381060
17,6,211318720,67,0.714799086,0.142569610,0.020275913,1.314293889
2,6,211318720,67,0.752566429,0.142569610,0.020275913,1.328861746
24,6,211318720,67,0.940637450,0.142569610,0.020275913,1.530590899
27,6,211318720,67,1.165294969,0.142569610,0.020275913,1.719315162
30,6,211318720,67,1.188858293,0.142569610,0.020275913,1.744436051
29,6,211318720,67,1.235957661,0.142569610,0.020275913,1.762438064
25,6,211318720,67,1.414402113,0.142569610,0.020275913,1.828293444
28,6,211318720,67,0.497832446,0.142569610,0.020275913,2.847067696
6,6,211318720,67,1.522868244,0.142569610,0.020275913,1.870322025
23,6,211318720,67,0.549024150,0.142569610,0.020275913,2.889690440
21,6,211318720,67,1.772163784,0.142569610,0.020275913,1.895757909
13,6,211318720,67,1.934453384,0.142569610,0.020275913,1.946126318
10,6,211318720,67,2.141684867,0.142569610,0.020275913,1.984942757
20,6,211318720,67,2.452082856,0.142569610,0.020275913,2.061506000
14,6,211318720,67,0.919655903,0.142569610,0.020275913,3.612628857
11,6,211318720,67,2.487518451,0.142569610,0.020275913,2.074513808
9,6,211318720,67,0.986327720,0.142569610,0.020275913,3.648230486
22,6,211318720,67,2.759003758,0.142569610,0.020275913,1.999704937
28,7,211318720,67,0.205499149,0.142569610,0.105871864,0.287879522
15,7,211318720,67,0.217175369,0.142569610,0.105871864,0.339298175
26,7,211318720,67,0.262618358,0.142569610,0.105871864,0.508230113
10,7,211318720,67,0.291309717,0.142569610,0.105871864,0.624695224
5,7,211318720,67,0.309103827,0.142569610,0.105871864,0.702216791
12,7,211318720,67,0.325376681,0.142569610,0.105871864,0.773697999
20,7,211318720,67,0.340022068,0.142569610,0.105871864,0.827989722
4,7,211318720,67,0.340840754,0.142569610,0.105871864,0.830497500
17,7,211318720,67,0.416831058,0.142569610,0.105871864,1.061492078
16,7,211318720,67,0.420513033,0.142569610,0.105871864,1.072919753
22,7,211318720,67,0.420773321,0.142569610,0.105871864,1.073530932
24,7,211318720,67,0.452040546,0.142569610,0.105871864,1.126910683
1,7,211318720,67,0.519929897,0.142569610,0.105871864,1.197417120
21,7,211318720,67,0.522957550,0.142569610,0.105871864,1.198702680
25,7,211318720,67,0.752566429,0.142569610,0.105871864,1.584458010
9,7,211318720,67,0.757188691,0.142569610,0.105871864,1.598604541
27,7,211318720,67,0.769230066,0.142569610,0.105871864,1.627566555
11,7,211318720,67,0.781082769,0.142569610,0.105871864,1.648285241
6,7,211318720,67,0.802276566,0.142569610,0.105871864,1.670745663
7,7,211318720,67,0.832820764,0.142569610,0.105871864,1.682011840
8,7,211318720,67,1.009629524,0.142569610,0.105871864,1.761516783
3,7,211318720,67,1.102987746,0.142569610,0.105871864,1.916710367
30,7,211318720,67,1.165294969,0.142569610,0.105871864,2.024374622
2,7,211318720,67,1.188858293,0.142569610,0.105871864,2.049869279
14,7,211318720,67,1.205812777,0.142569610,0.105871864,2.055681355
29,7,211318720,67,1.414402113,0.142569610,0.105871864,2.091429851
13,7,211318720,67,2.194425436,0.142569610,0.105871864,2.028427658
18,7,211318720,67,2.241835908,0.142569610,0.105871864,2.046720753
23,7,211318720,67,2.387739789,0.142569610,0.105871864,2.099900835
19,7,211318720,67,2.500940347,0.142569610,0.105871864,2.067696373
14,8,211318720,67,0.325376681,0.142569610,0.023009881,0.482640204
6,8,211318720,67,0.328114621,0.142569610,0.023009881,0.498374285
12,8,211318720,67,0.331927073,0.142569610,0.023009881,0.517694306
2,8,211318720,67,0.347471629,0.142569610,0.023009881,0.586096122
18,8,211318720,67,0.401123492,0.142569610,0.023009881,0.847655278
30,8,211318720,67,0.407748930,0.142569610,0.023009881,0.876648016
23,8,211318720,67,0.411648825,0.142569610,0.023009881,0.891179464
10,8,211318720,67,0.420773321,0.142569610,0.023009881,0.919065194
3,8,211318720,67,0.459292393,0.142569610,0.023009881,1.010840209
15,8,211318720,67,0.459361129,0.142569610,0.023009881,1.010960544
17,8,211318720,67,0.496683722,0.142569610,0.023009881,1.050548934
21,8,211318720,67,0.714799086,0.142569610,0.023009881,1.302823917
11,8,211318720,67,0.737725058,0.142569610,0.023009881,1.371532886
5,8,211318720,67,0.746840162,0.142569610,0.023009881,1.393048289
7,8,211318720,67,0.809045384,0.142569610,0.023009881,1.501001194
4,8,211318720,67,0.822148367,0.142569610,0.023009881,1.523503199
1,8,211318720,67,0.952025692,0.142569610,0.023009881,1.657411924
28,8,211318720,67,1.021439625,0.142569610,0.023009881,1.729528716
20,8,211318720,67,1.065657761,0.142569610,0.023009881,1.746085408
9,8,211318720,67,1.275961791,0.142569610,0.023009881,1.872506295
24,8,211318720,67,1.284436966,0.142569610,0.023009881,1.881698587
26,8,211318720,67,1.414402113,0.142569610,0.023009881,1.952898729
27,8,211318720,67,0.497832446,0.142569610,0.023009881,3.062197683
29,8,211318720,67,2.036967590,0.142569610,0.023009881,1.947271724
22,8,211318720,67,2.241835908,0.142569610,0.023009881,1.986148053
25,8,211318720,67,0.846862281,0.142569610,0.023009881,3.507220169
16,8,211318720,67,2.580293565,0.142569610,0.023009881,1.986716820
8,8,211318720,67,2.759003758,0.142569610,0.023009881,2.029065987
13,8,211318720,67,3.411740796,0.142569610,0.023009881,1.844583095
19,8,211318720,67,1.522868244,0.142569610,0.023009881,3.741473265
24,9,211318720,67,0.299654210,0.142569610,0.114607647,0.691272342
13,9,211318720,67,0.309103827,0.142569610,0.114607647,0.751574394
3,9,211318720,67,0.325376681,0.142569610,0.114607647,0.844792072
15,9,211318720,67,0.338645076,0.142569610,0.114607647,0.911421586
8,9,211318720,67,0.340022068,0.142569610,0.114607647,0.917544669
6,9,211318720,67,0.340840754,0.142569610,0.114607647,0.920597659
22,9,211318720,67,0.344720398,0.142569610,0.114607647,0.932610186
7,9,211318720,67,0.352250991,0.142569610,0.114607647,0.950473197
9,9,211318720,67,0.384120181,0.142569610,0.114607647,1.024475485
1,9,211318720,67,0.406841767,0.142569610,0.114607647,1.063186322
11,9,211318720,67,0.430501742,0.142569610,0.114607647,1.087230742
23,9,211318720,67,0.218636321,0.142569610,0.114607647,1.389498767
19,9,211318720,67,0.497832446,0.142569610,0.114607647,1.113788534
29,9,211318720,67,0.737146514,0.142569610,0.114607647,1.307748016
30,9,211318720,67,0.764463287,0.142569610,0.114607647,1.324686725
17,9,211318720,67,0.941278721,0.142569610,0.114607647,1.511029409
14,9,211318720,67,0.986327720,0.142569610,0.114607647,1.606596973
28,9,211318720,67,1.009629524,0.142569610,0.114607647,1.646885132
5,9,211318720,67,1.044856486,0.142569610,0.114607647,1.684552143
16,9,211318720,67,1.102987746,0.142569610,0.114607647,1.706473482
25,9,211318720,67,1.657194393,0.142569610,0.114607647,1.647930290
21,9,211318720,67,1.854731332,0.142569610,0.114607647,1.764650998
20,9,211318720,67,1.904038728,0.142569610,0.114607647,1.814988477
26,9,211318720,67,1.973971545,0.142569610,0.114607647,1.872928173
2,9,211318720,67,2.070019088,0.142569610,0.114607647,1.957409933
27,9,211318720,67,0.746840162,0.142569610,0.114607647,3.379759374
18,9,211318720,67,2.141684867,0.142569610,0.114607647,2.013462427
12,9,211318720,67,2.241835908,0.142569610,0.114607647,2.052022819
10,9,211318720,67,2.500940347,0.142569610,0.114607647,2.074000100
4,9,211318720,67,2.487518451,0.142569610,0.114607647,2.191799096
24,10,211318720,67,0.205499149,0.142569610,0.047729675,0.168275142
27,10,211318720,67,0.294632521,0.142569610,0.047729675,0.494619897
23,10,211318720,67,0.299654210,0.142569610,0.047729675,0.516666205
17,10,211318720,67,0.301447636,0.142569610,0.047729675,0.523223599
2,10,211318720,67,0.332457627,0.142569610,0.047729675,0.633039805
30,10,211318720,67,0.340840754,0.142569610,0.047729675,0.658675295
7,10,211318720,67,0.401123492,0.142569610,0.047729675,0.851640505
11,10,211318720,67,0.420281467,0.142569610,0.047729675,0.904454057
5,10,211318720,67,0.452040546,0.142569610,0.047729675,0.957765162
18,10,211318720,67,0.491628020,0.142569610,0.047729675,0.998990577
9,10,211318720,67,0.522957550,0.142569610,0.047729675,1.011724934
29,10,211318720,67,0.668942036,0.142569610,0.047729675,1.128588561
16,10,211318720,67,0.757188691,0.142569610,0.047729675,1.280867656
19,10,211318720,67,0.781082769,0.142569610,0.047729675,1.308612537
28,10,211318720,67,0.802276566,0.142569610,0.047729675,1.331411793
12,10,211318720,67,0.919655903,0.142569610,0.047729675,1.493214022
20,10,211318720,67,0.998676963,0.142569610,0.047729675,1.681071786
22,10,211318720,67,0.999831002,0.142569610,0.047729675,1.682878231
10,10,211318720,67,1.021439625,0.142569610,0.047729675,1.704381651
14,10,211318720,67,1.055621497,0.142569610,0.047729675,1.717449486
8,10,211318720,67,1.275961791,0.142569610,0.047729675,1.832660510
21,10,211318720,67,1.294309936,0.142569610,0.047729675,1.839828671
4,10,211318720,67,0.411648825,0.142569610,0.047729675,2.803794100
15,10,211318720,67,1.450159241,0.142569610,0.047729675,1.890716766
3,10,211318720,67,1.657194393,0.142569610,0.047729675,1.982121934
6,10,211318720,67,1.720860573,0.142569610,0.047729675,2.006077995
26,10,211318720,67,1.934453384,0.142569610,0.047729675,2.044297601
25,10,211318720,67,2.070019088,0.142569610,0.047729675,2.095824888
13,10,211318720,67,2.452082856,0.142569610,0.047729675,2.086108504
1,10,211318720,67,3.042432322,0.142569610,0.047729675,1.920796625
15,11,211318720,67,0.217175369,0.142569610,0.014359881,0.199854680
29,11,211318720,67,0.274486776,0.142569610,0.014359881,0.462416006
2,11,211318720,67,0.331808595,0.142569610,0.014359881,0.772200005
19,11,211318720,67,0.332457627,0.142569610,0.014359881,0.775112872
17,11,211318720,67,0.340840754,0.142569610,0.014359881,0.806405908
4,11,211318720,67,0.352250991,0.142569610,0.014359881,0.843551497
3,11,211318720,67,0.357826991,0.142569610,0.014359881,0.860350111
11,11,211318720,67,0.401427962,0.142569610,0.014359881,0.965023067
30,11,211318720,67,0.420513033,0.142569610,0.014359881,0.998160777
10,11,211318720,67,0.491628020,0.142569610,0.014359881,1.025516664
1,11,211318720,67,0.689012139,0.142569610,0.014359881,1.099345160
6,11,211318720,67,0.790535894,0.142569610,0.014359881,1.286930594
7,11,211318720,67,0.821650137,0.142569610,0.014359881,1.370260178
20,11,211318720,67,0.839853738,0.142569610,0.014359881,1.413802724
14,11,211318720,67,0.917862357,0.142569610,0.014359881,1.557866011
22,11,211318720,67,0.919655903,0.142569610,0.014359881,1.561048205
5,11,211318720,67,0.952025692,0.142569610,0.014359881,1.614213275
21,11,211318720,67,0.310267843,0.142569610,0.014359881,2.341281169
24,11,211318720,67,1.044856486,0.142569610,0.014359881,1.711850227
8,11,211318720,67,1.065657761,0.142569610,0.014359881,1.720373567
25,11,211318720,67,1.278350893,0.142569610,0.014359881,1.755742882
23,11,211318720,67,0.420281467,0.142569610,0.014359881,2.747181228
12,11,211318720,67,1.720860573,0.142569610,0.014359881,1.788317167
13,11,211318720,67,1.772163784,0.142569610,0.014359881,1.808031959
27,11,211318720,67,2.122991969,0.142569610,0.014359881,1.853913476
26,11,211318720,67,2.280323170,0.142569610,0.014359881,2.031947231
9,11,211318720,67,2.303361475,0.142569610,0.014359881,2.040470729
18,11,211318720,67,2.575342822,0.142569610,0.014359881,2.057616602
28,11,211318720,67,2.610934393,0.142569610,0.014359881,2.047452967
16,11,211318720,67,2.194425436,0.142569610,0.014359881,2.542404745
10,12,211318720,67,0.218636321,0.142569612,0.054740563,0.266128065
9,12,211318720,67,0.294632521,0.142569612,0.054740563,0.639780822
25,12,211318720,67,0.299654210,0.142569612,0.054740563,0.664886312
19,12,211318720,67,0.325376681,0.142569612,0.054740563,0.777335236
30,12,211318720,67,0.328114621,0.142569612,0.054740563,0.787430100
7,12,211318720,67,0.333771051,0.142569612,0.054740563,0.804719139
29,12,211318720,67,0.357859759,0.142569612,0.054740563,0.868274424
22,12,211318720,67,0.407748930,0.142569612,0.054740563,1.031260642
14,12,211318720,67,0.420513033,0.142569612,0.054740563,1.070145787
26,12,211318720,67,0.491628020,0.142569612,0.054740563,1.238817958
3,12,211318720,67,0.507433692,0.142569612,0.054740563,1.265914146
5,12,211318720,67,0.522957550,0.142569612,0.054740563,1.282219081
18,12,211318720,67,0.549024150,0.142569612,0.054740563,1.292319778
11,12,211318720,67,0.737725058,0.142569612,0.054740563,1.589597003
2,12,211318720,67,0.757188691,0.142569612,0.054740563,1.635621974
4,12,211318720,67,0.769230066,0.142569612,0.054740563,1.656096777
16,12,211318720,67,0.819719265,0.142569612,0.054740563,1.697216283
8,12,211318720,67,0.274486776,0.142569612,0.054740563,2.251346884
24,12,211318720,67,0.952025692,0.142569612,0.054740563,1.750261599
1,12,211318720,67,1.450159241,0.142569612,0.054740563,1.709154189
20,12,211318720,67,0.401427962,0.142569612,0.054740563,2.759610097
12,12,211318720,67,2.141684867,0.142569612,0.054740563,1.799718339
28,12,211318720,67,2.487518451,0.142569612,0.054740563,1.798340186
13,12,211318720,67,0.790535894,0.142569612,0.054740563,3.533985143
21,12,211318720,67,2.656838111,0.142569612,0.054740563,1.844640539
23,12,211318720,67,3.042432322,0.142569612,0.054740563,1.926044978
6,12,211318720,67,3.341109767,0.142569612,0.054740563,1.842485164
27,12,211318720,67,1.591305991,0.142569612,0.054740563,3.595830266
17,12,211318720,67,1.772163784,0.142569612,0.054740563,3.426671631
15,12,211318720,67,2.851214341,0.142569612,0.054740563,2.404722205
5,13,211318720,67,0.217175369,0.142569612,0.091517955,0.119396132
3,13,211318720,67,0.309103827,0.142569612,0.091517955,0.501959149
19,13,211318720,67,0.333771051,0.142569612,0.091517955,0.615000003
16,13,211318720,67,0.340840754,0.142569612,0.091517955,0.646259932
17,13,211318720,67,0.372439086,0.142569612,0.091517955,0.754521010
9,13,211318720,67,0.384275535,0.142569612,0.091517955,0.787358251
6,13,211318720,67,0.401123492,0.142569612,0.091517955,0.827977842
11,13,211318720,67,0.406369678,0.142569612,0.091517955,0.837367795
27,13,211318720,67,0.469331802,0.142569612,0.091517955,0.903305292
1,13,211318720,67,0.519929897,0.142569612,0.091517955,0.922819564
7,13,211318720,67,0.689012139,0.142569612,0.091517955,1.219517395
15,13,211318720,67,0.695802929,0.142569612,0.091517955,1.243472490
21,13,211318720,67,0.756670836,0.142569612,0.091517955,1.388194532
12,13,211318720,67,0.806589981,0.142569612,0.091517955,1.474805127
8,13,211318720,67,0.828887397,0.142569612,0.091517955,1.498326467
24,13,211318720,67,0.832820764,0.142569612,0.091517955,1.500031944
29,13,211318720,67,0.984046731,0.142569612,0.091517955,1.688388835
20,13,211318720,67,1.044856486,0.142569612,0.091517955,1.832007308
26,13,211318720,67,1.076130101,0.142569612,0.091517955,1.885582149
25,13,211318720,67,1.077776804,0.142569612,0.091517955,1.887418102
23,13,211318720,67,1.102987746,0.142569612,0.091517955,1.897015722
4,13,211318720,67,0.357826991,0.142569612,0.091517955,2.646224168
30,13,211318720,67,1.289231248,0.142569612,0.091517955,1.949450200
22,13,211318720,67,1.414402113,0.142569612,0.091517955,1.996379469
10,13,211318720,67,0.694847525,0.142569612,0.091517955,3.256832134
14,13,211318720,67,2.070019088,0.142569612,0.091517955,2.001088921
18,13,211318720,67,2.241835908,0.142569612,0.091517955,2.046422475
13,13,211318720,67,3.411740796,0.142569612,0.091517955,1.811804383
2,13,211318720,67,1.854731332,0.142569612,0.091517955,3.390956749
28,13,211318720,67,3.341109767,0.142569612,0.091517955,1.972561782
8,14,211318720,67,0.205499149,0.142569612,0.042307921,0.077120521
27,14,211318720,67,0.328114621,0.142569612,0.042307921,0.640635660
29,14,211318720,67,0.338645076,0.142569612,0.042307921,0.708679090
19,14,211318720,67,0.344720398,0.142569612,0.042307921,0.742823430
12,14,211318720,67,0.346780912,0.142569612,0.042307921,0.753087801
7,14,211318720,67,0.391378383,0.142569612,0.042307921,0.962303447
17,14,211318720,67,0.402068091,0.142569612,0.042307921,1.002426596
10,14,211318720,67,0.406369678,0.142569612,0.042307921,1.015684856
2,14,211318720,67,0.407748930,0.142569612,0.042307921,1.019000634
24,14,211318720,67,0.434572014,0.142569612,0.042307921,1.065548594
25,14,211318720,67,0.459292393,0.142569612,0.042307921,1.106821022
13,14,211318720,67,0.507433692,0.142569612,0.042307921,1.167259262
1,14,211318720,67,0.578321737,0.142569612,0.042307921,1.239872142
21,14,211318720,67,0.635595755,0.142569612,0.042307921,1.290003957
3,14,211318720,67,0.737146514,0.142569612,0.042307921,1.443291720
26,14,211318720,67,0.815600578,0.142569612,0.042307921,1.576598251
14,14,211318720,67,0.821650137,0.142569612,0.042307921,1.583296721
9,14,211318720,67,0.828887397,0.142569612,0.042307921,1.586011105
30,14,211318720,67,1.021439625,0.142569612,0.042307921,1.626120260
11,14,211318720,67,1.205812777,0.142569612,0.042307921,1.751746877
28,14,211318720,67,1.278350893,0.142569612,0.042307921,1.829092627
16,14,211318720,67,1.294309936,0.142569612,0.042307921,1.835593979
23,14,211318720,67,0.387058100,0.142569612,0.042307921,2.819946957
4,14,211318720,67,1.450159241,0.142569612,0.042307921,1.886649018
15,14,211318720,67,1.772163784,0.142569612,0.042307921,1.891842067
18,14,211318720,67,2.070019088,0.142569612,0.042307921,1.902261040
5,14,211318720,67,2.241835908,0.142569612,0.042307921,1.948277830
20,14,211318720,67,2.502933016,0.142569612,0.042307921,2.015988780
22,14,211318720,67,2.575342822,0.142569612,0.042307921,2.044000793
6,14,211318720,67,2.851214341,0.142569612,0.042307921,1.966997518
15,15,211318720,67,0.291309717,0.142569612,0.034874253,0.200043303
12,15,211318720,67,0.331808595,0.142569612,0.034874253,0.323099875
17,15,211318720,67,0.401427962,0.142569612,0.034874253,0.532442087
16,15,211318720,67,0.406369678,0.142569612,0.034874253,0.544382444
10,15,211318720,67,0.416831058,0.142569612,0.034874253,0.569350078
30,15,211318720,67,0.496683722,0.142569612,0.034874253,0.707098699
11,15,211318720,67,0.519929897,0.142569612,0.034874253,0.732398782
7,15,211318720,67,0.549024150,0.142569612,0.034874253,0.759290339
4,15,211318720,67,0.668942036,0.142569612,0.034874253,0.965847402
14,15,211318720,67,0.737725058,0.142569612,0.034874253,1.209046998
2,15,211318720,67,0.752566429,0.142569612,0.034874253,1.254345727
1,15,211318720,67,0.756670836,0.142569612,0.034874253,1.264101825
28,15,211318720,67,0.757188691,0.142569612,0.034874253,1.264944805
3,15,211318720,67,0.819719265,0.142569612,0.034874253,1.330813646
6,15,211318720,67,0.822148367,0.142569612,0.034874253,1.331682425
23,15,211318720,67,0.393703093,0.142569612,0.034874253,1.961359228
21,15,211318720,67,0.986327720,0.142569612,0.034874253,1.439355075
26,15,211318720,67,1.065657761,0.142569612,0.034874253,1.550856114
24,15,211318720,67,1.102987746,0.142569612,0.034874253,1.589325980
8,15,211318720,67,1.165294969,0.142569612,0.034874253,1.622001642
22,15,211318720,67,1.294309936,0.142569612,0.034874253,1.738764860
5,15,211318720,67,1.349170437,0.142569612,0.034874253,1.860618646
18,15,211318720,67,1.423528796,0.142569612,0.034874253,1.989253818
20,15,211318720,67,1.436765414,0.142569612,0.034874253,2.003217040
13,15,211318720,67,1.450159241,0.142569612,0.034874253,2.008600916
25,15,211318720,67,1.973971545,0.142569612,0.034874253,1.985527164
27,15,211318720,67,2.070019088,0.142569612,0.034874253,2.022676256
29,15,211318720,67,2.487518451,0.142569612,0.034874253,2.087359727
9,15,211318720,67,2.502933016,0.142569612,0.034874253,2.092757450
19,15,211318720,67,3.042432322,0.142569612,0.034874253,1.943636591
3,16,211318720,67,0.262618358,0.142569612,0.012434321,0.257227693
13,16,211318720,67,0.299654210,0.142569612,0.012434321,0.453568190
11,16,211318720,67,0.331927073,0.142569612,0.012434321,0.633981997
5,16,211318720,67,0.352250991,0.142569612,0.012434321,0.751842879
10,16,211318720,67,0.357826991,0.142569612,0.012434321,0.783764600
20,16,211318720,67,0.384275535,0.142569612,0.012434321,0.917900355
18,16,211318720,67,0.401123492,0.142569612,0.012434321,0.991881067
27,16,211318720,67,0.406369678,0.142569612,0.012434321,1.011560936
1,16,211318720,67,0.411648825,0.142569612,0.012434321,1.027637313
19,16,211318720,67,0.420281467,0.142569612,0.012434321,1.048120536
28,16,211318720,67,0.452040546,0.142569612,0.012434321,1.104024416
6,16,211318720,67,0.471067229,0.142569612,0.012434321,1.123508037
4,16,211318720,67,0.491628020,0.142569612,0.012434321,1.131755143
2,16,211318720,67,0.656366503,0.142569612,0.012434321,1.284849790
15,16,211318720,67,0.695802929,0.142569612,0.012434321,1.357350897
23,16,211318720,67,0.746840162,0.142569612,0.012434321,1.446400211
21,16,211318720,67,0.806589981,0.142569612,0.012434321,1.529981916
14,16,211318720,67,0.822082714,0.142569612,0.012434321,1.546559775
12,16,211318720,67,0.917862357,0.142569612,0.012434321,1.695585090
22,16,211318720,67,1.007648939,0.142569612,0.012434321,1.895388728
8,16,211318720,67,1.024237500,0.142569612,0.012434321,1.912991766
24,16,211318720,67,1.055621497,0.142569612,0.012434321,1.934079961
25,16,211318720,67,1.185253134,0.142569612,0.012434321,2.064836167
26,16,211318720,67,1.205968091,0.142569612,0.012434321,2.073316723
30,16,211318720,67,1.854731332,0.142569612,0.012434321,2.054544786
17,16,211318720,67,1.904038728,0.142569612,0.012434321,2.080069228
16,16,211318720,67,2.036967590,0.142569612,0.012434321,2.131722256
29,16,211318720,67,2.610934393,0.142569612,0.012434321,2.066380666
7,16,211318720,67,2.759003758,0.142569612,0.012434321,2.024884627
9,16,211318720,67,0.984046731,0.142569612,0.012434321,3.805402233
13,17,211318720,67,0.205499149,0.142569612,0.005309908,0.109643097
11,17,211318720,67,0.262618358,0.142569612,0.005309908,0.174309243
27,17,211318720,67,0.347471629,0.142569612,0.005309908,0.460447543
25,17,211318720,67,0.397487178,0.142569612,0.005309908,0.630437975
24,17,211318720,67,0.406841767,0.142569612,0.005309908,0.658798078
6,17,211318720,67,0.416831058,0.142569612,0.005309908,0.682677050
23,17,211318720,67,0.420281467,0.142569612,0.005309908,0.688779349
26,17,211318720,67,0.420773321,0.142569612,0.005309908,0.689312163
29,17,211318720,67,0.515830983,0.142569612,0.005309908,0.726230791
17,17,211318720,67,0.689012139,0.142569612,0.005309908,0.939777755
7,17,211318720,67,0.737725058,0.142569612,0.005309908,1.153733068
12,17,211318720,67,0.769230066,0.142569612,0.005309908,1.270964060
4,17,211318720,67,0.799520819,0.142569612,0.005309908,1.380608860
14,17,211318720,67,0.806589981,0.142569612,0.005309908,1.406999918
19,17,211318720,67,0.809045384,0.142569612,0.005309908,1.414601017
21,17,211318720,67,0.822082714,0.142569612,0.005309908,1.454124956
18,17,211318720,67,0.828887397,0.142569612,0.005309908,1.470609664
22,17,211318720,67,0.917862357,0.142569612,0.005309908,1.622486225
8,17,211318720,67,0.940637450,0.142569612,0.005309908,1.647114610
16,17,211318720,67,1.163510533,0.142569612,0.005309908,1.741787924
5,17,211318720,67,1.241069629,0.142569612,0.005309908,1.876344406
2,17,211318720,67,1.289231248,0.142569612,0.005309908,1.927378119
3,17,211318720,67,1.304662576,0.142569612,0.005309908,1.933119499
20,17,211318720,67,1.591305991,0.142569612,0.005309908,1.951216278
28,17,211318720,67,2.242581386,0.142569612,0.005309908,1.961731419
30,17,211318720,67,2.487518451,0.142569612,0.005309908,2.075418355
10,17,211318720,67,2.500940347,0.142569612,0.005309908,2.081199421
1,17,211318720,67,0.952025692,0.142569612,0.005309908,3.734393563
9,17,211318720,67,3.411740796,0.142569612,0.005309908,1.823726915
15,17,211318720,67,2.241835908,0.142569612,0.005309908,3.037284256
8,18,211318720,67,0.331808595,0.142569612,0.013043034,0.519368881
10,18,211318720,67,0.345303952,0.142569612,0.013043034,0.587734747
21,18,211318720,67,0.346780912,0.142569612,0.013043034,0.594238406
26,18,211318720,67,0.352250991,0.142569612,0.013043034,0.614732181
28,18,211318720,67,0.384120181,0.142569612,0.013043034,0.712093619
16,18,211318720,67,0.387058100,0.142569612,0.013043034,0.719134317
29,18,211318720,67,0.402068091,0.142569612,0.013043034,0.744694492
19,18,211318720,67,0.406841767,0.142569612,0.013043034,0.749909698
5,18,211318720,67,0.471067229,0.142569612,0.013043034,0.817458242
6,18,211318720,67,0.549024150,0.142569612,0.013043034,0.851487872
20,18,211318720,67,0.687056158,0.142569612,0.013043034,1.105610188
7,18,211318720,67,0.737146514,0.142569612,0.013043034,1.311155640
23,18,211318720,67,0.757188691,0.142569612,0.013043034,1.385663003
30,18,211318720,67,0.764463287,0.142569612,0.013043034,1.408020084
13,18,211318720,67,0.769230066,0.142569612,0.013043034,1.419484277
3,18,211318720,67,0.819719265,0.142569612,0.013043034,1.535724049
17,18,211318720,67,0.832820764,0.142569612,0.013043034,1.557959400
1,18,211318720,67,0.846862281,0.142569612,0.013043034,1.574736255
12,18,211318720,67,0.917862357,0.142569612,0.013043034,1.648705521
2,18,211318720,67,1.104358980,0.142569612,0.013043034,1.831184314
11,18,211318720,67,1.165294969,0.142569612,0.013043034,1.914935377
22,18,211318720,67,1.188858293,0.142569612,0.013043034,1.939937920
15,18,211318720,67,1.278350893,0.142569612,0.013043034,1.973941105
18,18,211318720,67,1.436765414,0.142569612,0.013043034,2.108944393
14,18,211318720,67,1.509114459,0.142569612,0.013043034,2.184233202
4,18,211318720,67,1.522868244,0.142569612,0.013043034,2.189472220
9,18,211318720,67,1.720860573,0.142569612,0.013043034,2.230849154
27,18,211318720,67,1.904038728,0.142569612,0.013043034,2.275667621
25,18,211318720,67,0.986327720,0.142569612,0.013043034,3.788249250
24,18,211318720,67,3.042432322,0.142569612,0.013043034,1.953481306
5,19,211318720,67,0.205499149,0.142569612,0.027875487,0.145530269
24,19,211318720,67,0.218636321,0.142569612,0.027875487,0.159294157
30,19,211318720,67,0.393703093,0.142569612,0.027875487,0.665214751
1,19,211318720,67,0.416831058,0.142569612,0.027875487,0.736366562
22,19,211318720,67,0.420773321,0.142569612,0.027875487,0.745938507
27,19,211318720,67,0.459361129,0.142569612,0.027875487,0.812336762
21,19,211318720,67,0.471067229,0.142569612,0.027875487,0.824913763
19,19,211318720,67,0.491628020,0.142569612,0.027875487,0.832642526
3,19,211318720,67,0.635595755,0.142569612,0.027875487,1.061866996
26,19,211318720,67,0.656366503,0.142569612,0.027875487,1.116797695
23,19,211318720,67,0.689012139,0.142569612,0.027875487,1.200824718
11,19,211318720,67,0.737725058,0.142569612,0.027875487,1.345210196
9,19,211318720,67,0.769230066,0.142569612,0.027875487,1.419540626
6,19,211318720,67,0.790535894,0.142569612,0.027875487,1.465581465
4,19,211318720,67,0.822148367,0.142569612,0.027875487,1.535960819
14,19,211318720,67,0.839853738,0.142569612,0.027875487,1.566660184
16,19,211318720,67,0.340840754,0.142569612,0.027875487,2.121431110
12,19,211318720,67,0.919655903,0.142569612,0.027875487,1.779904925
17,19,211318720,67,0.940637450,0.142569612,0.027875487,1.830244409
10,19,211318720,67,0.366496772,0.142569612,0.027875487,2.533069070
13,19,211318720,67,0.984046731,0.142569612,0.027875487,1.920611659
29,19,211318720,67,0.998676963,0.142569612,0.027875487,1.945505637
7,19,211318720,67,1.009629524,0.142569612,0.027875487,1.957506456
15,19,211318720,67,1.104358980,0.142569612,0.027875487,2.035440315
2,19,211318720,67,1.185253134,0.142569612,0.027875487,2.067113227
18,19,211318720,67,1.854731332,0.142569612,0.027875487,1.976232532
25,19,211318720,67,2.280323170,0.142569612,0.027875487,1.977015546
8,19,211318720,67,2.387739789,0.142569612,0.027875487,2.071489492
20,19,211318720,67,2.452082856,0.142569612,0.027875487,2.095985360
28,19,211318720,67,2.759003758,0.142569612,0.027875487,2.011056102
20,20,211318720,67,0.272776191,0.142569612,0.021595802,0.267094682
5,20,211318720,67,0.325376681,0.142569612,0.021595802,0.479986562
12,20,211318720,67,0.340022068,0.142569612,0.021595802,0.553317865
26,20,211318720,67,0.344720398,0.142569612,0.021595802,0.573779236
17,20,211318720,67,0.366496772,0.142569612,0.021595802,0.654682294
1,20,211318720,67,0.393703093,0.142569612,0.021595802,0.737305605
11,20,211318720,67,0.401123492,0.142569612,0.021595802,0.754850899
14,20,211318720,67,0.452040546,0.142569612,0.021595802,0.842610969
13,20,211318720,67,0.459292393,0.142569612,0.021595802,0.849995926
22,20,211318720,67,0.469100688,0.142569612,0.021595802,0.853709842
28,20,211318720,67,0.635595755,0.142569612,0.021595802,1.047030309
27,20,211318720,67,0.668942036,0.142569612,0.021595802,1.133050677
24,20,211318720,67,0.698254705,0.142569612,0.021595802,1.223761362
8,20,211318720,67,0.747118578,0.142569612,0.021595802,1.373274556
25,20,211318720,67,0.781082769,0.142569612,0.021595802,1.458418753
10,20,211318720,67,0.799520819,0.142569612,0.021595802,1.502313180
9,20,211318720,67,0.819719265,0.142569612,0.021595802,1.567861916
30,20,211318720,67,0.828887397,0.142569612,0.021595802,1.595441379
15,20,211318720,67,0.917862357,0.142569612,0.021595802,1.904485787
3,20,211318720,67,0.941278721,0.142569612,0.021595802,2.007205861
21,20,211318720,67,0.945577756,0.142569612,0.021595802,2.023208284
7,20,211318720,67,0.952025692,0.142569612,0.021595802,2.043165187
23,20,211318720,67,1.007648939,0.142569612,0.021595802,2.175282950
29,20,211318720,67,1.021439625,0.142569612,0.021595802,2.199505264
6,20,211318720,67,1.024237500,0.142569612,0.021595802,2.202370543
19,20,211318720,67,1.044856486,0.142569612,0.021595802,2.210693267
16,20,211318720,67,1.205968091,0.142569612,0.021595802,2.309317768
2,20,211318720,67,1.275961791,0.142569612,0.021595802,2.383639497
4,20,211318720,67,1.349170437,0.142569612,0.021595802,2.411078674
18,20,211318720,67,1.591305991,0.142569612,0.021595802,2.340922308
7,21,211318720,67,0.205499149,0.142569612,0.065681480,0.084852737
2,21,211318720,67,0.301447636,0.142569612,0.065681480,0.297186196
27,21,211318720,67,0.384275535,0.142569612,0.065681480,0.680574536
20,21,211318720,67,0.391378383,0.142569612,0.065681480,0.721313459
3,21,211318720,67,0.401427962,0.142569612,0.065681480,0.772098010
21,21,211318720,67,0.406314018,0.142569612,0.065681480,0.793545490
16,21,211318720,67,0.406841767,0.142569612,0.065681480,0.795468084
6,21,211318720,67,0.411648825,0.142569612,0.065681480,0.810322260
8,21,211318720,67,0.469100688,0.142569612,0.065681480,0.968671937
30,21,211318720,67,0.491628020,0.142569612,0.065681480,1.022349210
19,21,211318720,67,0.515830983,0.142569612,0.065681480,1.063465142
26,21,211318720,67,0.519929897,0.142569612,0.065681480,1.067843269
13,21,211318720,67,0.578321737,0.142569612,0.065681480,1.122726894
18,21,211318720,67,0.670439746,0.142569612,0.065681480,1.232366045
15,21,211318720,67,0.756670836,0.142569612,0.065681480,1.470899664
12,21,211318720,67,0.781082769,0.142569612,0.065681480,1.533072617
24,21,211318720,67,0.815600578,0.142569612,0.065681480,1.598814826
25,21,211318720,67,0.846862281,0.142569612,0.065681480,1.634542976
28,21,211318720,67,0.917862357,0.142569612,0.065681480,1.711760309
23,21,211318720,67,0.986327720,0.142569612,0.065681480,1.783714723
9,21,211318720,67,1.055621497,0.142569612,0.065681480,1.816479888
4,21,211318720,67,1.188858293,0.142569612,0.065681480,1.967393089
10,21,211318720,67,1.275961791,0.142569612,0.065681480,2.116450808
17,21,211318720,67,1.278350893,0.142569612,0.065681480,2.119082787
1,21,211318720,67,1.289231248,0.142569612,0.065681480,2.123232921
22,21,211318720,67,1.436765414,0.142569612,0.065681480,2.224797485
5,21,211318720,67,1.509114459,0.142569612,0.065681480,2.253414454
14,21,211318720,67,1.720860573,0.142569612,0.065681480,2.287784141
11,21,211318720,67,1.934453384,0.142569612,0.065681480,2.226984110
29,21,211318720,67,0.790535894,0.142569612,0.065681480,3.394893703
30,22,211318720,67,0.331927073,0.142569612,0.067487299,0.857612792
19,22,211318720,67,0.332457627,0.142569612,0.067487299,0.862068002
27,22,211318720,67,0.345303952,0.142569612,0.067487299,0.961676070
25,22,211318720,67,0.347471629,0.142569612,0.067487299,0.977018441
4,22,211318720,67,0.349695505,0.142569612,0.067487299,0.990944357
21,22,211318720,67,0.357859759,0.142569612,0.067487299,1.037974066
11,22,211318720,67,0.366496772,0.142569612,0.067487299,1.076265270
23,22,211318720,67,0.393703093,0.142569612,0.067487299,1.177483066
5,22,211318720,67,0.406369678,0.142569612,0.067487299,1.216172055
17,22,211318720,67,0.407748930,0.142569612,0.067487299,1.219433681
3,22,211318720,67,0.411648825,0.142569612,0.067487299,1.225989605
13,22,211318720,67,0.416831058,0.142569612,0.067487299,1.231401964
12,22,211318720,67,0.471067229,0.142569612,0.067487299,1.252962544
14,22,211318720,67,0.695802929,0.142569612,0.067487299,1.411774080
28,22,211318720,67,0.752566429,0.142569612,0.067487299,1.548020995
1,22,211318720,67,0.781082769,0.142569612,0.067487299,1.600759528
16,22,211318720,67,0.806589981,0.142569612,0.067487299,1.647052160
7,22,211318720,67,0.917862357,0.142569612,0.067487299,1.775921205
15,22,211318720,67,0.945577756,0.142569612,0.067487299,1.785134926
22,22,211318720,67,1.289231248,0.142569612,0.067487299,1.786052694
24,22,211318720,67,0.357826991,0.142569612,0.067487299,2.843658664
8,22,211318720,67,1.591305991,0.142569612,0.067487299,1.795562248
2,22,211318720,67,2.194425436,0.142569612,0.067487299,1.742390178
18,22,211318720,67,2.452082856,0.142569612,0.067487299,1.909298032
9,22,211318720,67,2.500940347,0.142569612,0.067487299,1.960717079
6,22,211318720,67,0.822082714,0.142569612,0.067487299,3.705280568
26,22,211318720,67,2.851214341,0.142569612,0.067487299,2.011174014
20,22,211318720,67,3.411740796,0.142569612,0.067487299,1.855244271
10,22,211318720,67,2.303361475,0.142569612,0.067487299,2.998892641
29,22,211318720,67,2.580293565,0.142569612,0.067487299,2.745787218
29,23,211318720,67,0.218636321,0.142569608,0.073499054,0.102144212
12,23,211318720,67,0.332457627,0.142569608,0.073499054,0.563777621
25,23,211318720,67,0.333771051,0.142569608,0.073499054,0.571041769
15,23,211318720,67,0.347471629,0.142569608,0.073499054,0.640492444
16,23,211318720,67,0.384120181,0.142569608,0.073499054,0.814924956
17,23,211318720,67,0.391378383,0.142569608,0.073499054,0.846821545
8,23,211318720,67,0.393703093,0.142569608,0.073499054,0.855329553
6,23,211318720,67,0.401123492,0.142569608,0.073499054,0.878016695
10,23,211318720,67,0.434572014,0.142569608,0.073499054,0.958270318
19,23,211318720,67,0.452040546,0.142569608,0.073499054,0.988450766
14,23,211318720,67,0.469331802,0.142569608,0.073499054,1.006863657
3,23,211318720,67,0.507433692,0.142569608,0.073499054,1.022437213
9,23,211318720,67,0.668942036,0.142569608,0.073499054,1.100527159
18,23,211318720,67,0.781082769,0.142569608,0.073499054,1.284300583
7,23,211318720,67,0.799520819,0.142569608,0.073499054,1.303806680
4,23,211318720,67,0.823874673,0.142569608,0.073499054,1.321459297
2,23,211318720,67,0.952025692,0.142569608,0.073499054,1.511909643
26,23,211318720,67,0.984046731,0.142569608,0.073499054,1.566836124
1,23,211318720,67,1.024237500,0.142569608,0.073499054,1.608823554
27,23,211318720,67,1.065657761,0.142569608,0.073499054,1.627079902
30,23,211318720,67,1.235957661,0.142569608,0.073499054,1.859450513
22,23,211318720,67,1.241069629,0.142569608,0.073499054,1.861793194
11,23,211318720,67,1.450159241,0.142569608,0.073499054,1.898333918
5,23,211318720,67,1.591305991,0.142569608,0.073499054,1.953639991
13,23,211318720,67,1.772163784,0.142569608,0.073499054,2.003848067
28,23,211318720,67,1.904038728,0.142569608,0.073499054,2.055141493
24,23,211318720,67,2.610934393,0.142569608,0.073499054,2.013734459
21,23,211318720,67,2.656838111,0.142569608,0.073499054,2.031263748
23,23,211318720,67,2.759003758,0.142569608,0.073499054,2.002307472
20,23,211318720,67,1.205812777,0.142569608,0.073499054,3.570941055
16,24,211318720,67,0.291309717,0.142569608,0.077415742,0.262244652
14,24,211318720,67,0.310267843,0.142569608,0.077415742,0.333159656
23,24,211318720,67,0.344720398,0.142569608,0.077415742,0.472498681
5,24,211318720,67,0.387058100,0.142569608,0.077415742,0.652144275
1,24,211318720,67,0.406841767,0.142569608,0.077415742,0.739809113
7,24,211318720,67,0.407748930,0.142569608,0.077415742,0.743234889
21,24,211318720,67,0.434572014,0.142569608,0.077415742,0.824965731
30,24,211318720,67,0.452040546,0.142569608,0.077415742,0.866142314
17,24,211318720,67,0.471067229,0.142569608,0.077415742,0.898800994
8,24,211318720,67,0.507433692,0.142569608,0.077415742,0.936754988
13,24,211318720,67,0.519929897,0.142569608,0.077415742,0.940658597
28,24,211318720,67,0.821650137,0.142569608,0.077415742,1.034152957
11,24,211318720,67,0.839853738,0.142569608,0.077415742,1.040994252
24,24,211318720,67,0.990430268,0.142569608,0.077415742,1.272713898
6,24,211318720,67,1.055621497,0.142569608,0.077415742,1.352993018
20,24,211318720,67,1.076130101,0.142569608,0.077415742,1.383356081
29,24,211318720,67,1.188858293,0.142569608,0.077415742,1.599436244
2,24,211318720,67,1.205968091,0.142569608,0.077415742,1.641089506
12,24,211318720,67,1.275961791,0.142569608,0.077415742,1.761425801
18,24,211318720,67,1.278350893,0.142569608,0.077415742,1.764103650
15,24,211318720,67,1.294309936,0.142569608,0.077415742,1.778655719
26,24,211318720,67,1.423528796,0.142569608,0.077415742,1.829526403
10,24,211318720,67,1.772163784,0.142569608,0.077415742,1.833977034
4,24,211318720,67,1.904038728,0.142569608,0.077415742,1.932502145
22,24,211318720,67,1.973971545,0.142569608,0.077415742,1.959443781
25,24,211318720,67,2.194425436,0.142569608,0.077415742,1.992321205
3,24,211318720,67,0.999831002,0.142569608,0.077415742,3.368471538
27,24,211318720,67,2.387739789,0.142569608,0.077415742,2.053638326
19,24,211318720,67,2.500940347,0.142569608,0.077415742,2.097191485
9,24,211318720,67,2.610934393,0.142569608,0.077415742,2.065952585
17,25,211318720,67,0.217175369,0.142569608,0.059506167,0.245365646
13,25,211318720,67,0.218636321,0.142569608,0.059506167,0.250855730
3,25,211318720,67,0.299654210,0.142569608,0.059506167,0.669109239
20,25,211318720,67,0.325376681,0.142569608,0.059506167,0.816804057
12,25,211318720,67,0.331927073,0.142569608,0.059506167,0.849651830
29,25,211318720,67,0.344720398,0.142569608,0.059506167,0.905373755
1,25,211318720,67,0.352250991,0.142569608,0.059506167,0.933273761
8,25,211318720,67,0.367044128,0.142569608,0.059506167,0.977793270
7,25,211318720,67,0.387058100,0.142569608,0.059506167,1.025883137
16,25,211318720,67,0.391378383,0.142569608,0.059506167,1.033530786
6,25,211318720,67,0.402068091,0.142569608,0.059506167,1.044875928
27,25,211318720,67,0.406841767,0.142569608,0.059506167,1.047220555
21,25,211318720,67,0.549024150,0.142569608,0.059506167,1.126963836
9,25,211318720,67,0.656366503,0.142569608,0.059506167,1.257224396
24,25,211318720,67,0.737725058,0.142569608,0.059506167,1.467314340
5,25,211318720,67,0.769230066,0.142569608,0.059506167,1.533557002
25,25,211318720,67,0.819719265,0.142569608,0.059506167,1.600836540
10,25,211318720,67,0.832820764,0.142569608,0.059506167,1.619060715
15,25,211318720,67,0.940637450,0.142569608,0.059506167,1.846859813
18,25,211318720,67,0.969201848,0.142569608,0.059506167,1.914471082
28,25,211318720,67,0.998676963,0.142569608,0.059506167,1.965227936
22,25,211318720,67,0.999831002,0.142569608,0.059506167,1.966458586
26,25,211318720,67,1.077776804,0.142569608,0.059506167,2.020721363
2,25,211318720,67,1.183831296,0.142569608,0.059506167,2.120480663
30,25,211318720,67,1.278350893,0.142569608,0.059506167,2.220095560
23,25,211318720,67,1.284436966,0.142569608,0.059506167,2.222986468
4,25,211318720,67,1.450159241,0.142569608,0.059506167,2.315938013
19,25,211318720,67,1.522868244,0.142569608,0.059506167,2.344218321
11,25,211318720,67,1.720860573,0.142569608,0.059506167,2.288381682
14,25,211318720,67,0.756670836,0.142569608,0.059506167,3.282256496
19,26,211318720,67,0.205499149,0.142569608,0.030095585,0.260128472
26,26,211318720,67,0.217175369,0.142569608,0.030095585,0.303339366
4,26,211318720,67,0.281178980,0.142569608,0.030095585,0.549984373
12,26,211318720,67,0.294632521,0.142569608,0.030095585,0.599424741
9,26,211318720,67,0.299654210,0.142569608,0.030095585,0.614746262
8,26,211318720,67,0.338645076,0.142569608,0.030095585,0.734658434
29,26,211318720,67,0.347471629,0.142569608,0.030095585,0.761804538
6,26,211318720,67,0.366496772,0.142569608,0.030095585,0.807443085
22,26,211318720,67,0.402068091,0.142569608,0.030095585,0.869189273
11,26,211318720,67,0.452040546,0.142569608,0.030095585,0.953780397
3,26,211318720,67,0.471067229,0.142569608,0.030095585,0.973985043
21,26,211318720,67,0.549024150,0.142569608,0.030095585,1.042826642
16,26,211318720,67,0.656366503,0.142569608,0.030095585,1.313287496
17,26,211318720,67,0.668942036,0.142569608,0.030095585,1.346526654
10,26,211318720,67,0.695802929,0.142569608,0.030095585,1.420996866
28,26,211318720,67,0.714799086,0.142569608,0.030095585,1.466470002
25,26,211318720,67,0.752566429,0.142569608,0.030095585,1.530228977
27,26,211318720,67,0.806589981,0.142569608,0.030095585,1.588890040
14,26,211318720,67,0.823874673,0.142569608,0.030095585,1.606867081
5,26,211318720,67,0.945577756,0.142569608,0.030095585,1.670093786
13,26,211318720,67,1.065657761,0.142569608,0.030095585,1.786988243
23,26,211318720,67,1.102987746,0.142569608,0.030095585,1.802020126
18,26,211318720,67,1.304662576,0.142569608,0.030095585,1.857185483
24,26,211318720,67,1.423528796,0.142569608,0.030095585,1.902563272
2,26,211318720,67,1.934453384,0.142569608,0.030095585,2.016605611
20,26,211318720,67,1.973971545,0.142569608,0.030095585,2.032372709
30,26,211318720,67,2.241835908,0.142569608,0.030095585,2.053352609
15,26,211318720,67,2.851214341,0.142569608,0.030095585,1.979868356
1,26,211318720,67,1.854731332,0.142569608,0.030095585,3.023696152
7,26,211318720,67,2.575342822,0.142569608,0.030095585,2.346893324
12,27,211318720,67,0.205499149,0.142569608,0.047729250,0.289210612
21,27,211318720,67,0.218636321,0.142569608,0.047729250,0.347659950
25,27,211318720,67,0.262618358,0.142569608,0.047729250,0.532999868
17,27,211318720,67,0.281178980,0.142569608,0.047729250,0.629079631
28,27,211318720,67,0.299654210,0.142569608,0.047729250,0.734590887
22,27,211318720,67,0.332457627,0.142569608,0.047729250,0.930019081
18,27,211318720,67,0.344720398,0.142569608,0.047729250,1.008785243
16,27,211318720,67,0.346780912,0.142569608,0.047729250,1.020479229
14,27,211318720,67,0.384120181,0.142569608,0.047729250,1.209637184
4,27,211318720,67,0.393703093,0.142569608,0.047729250,1.251933187
29,27,211318720,67,0.411648825,0.142569608,0.047729250,1.318941084
6,27,211318720,67,0.416831058,0.142569608,0.047729250,1.334813656
1,27,211318720,67,0.420773321,0.142569608,0.047729250,1.344317511
27,27,211318720,67,0.452040546,0.142569608,0.047729250,1.396968064
2,27,211318720,67,0.459361129,0.142569608,0.047729250,1.404892707
10,27,211318720,67,0.469331802,0.142569608,0.047729250,1.408554118
11,27,211318720,67,0.695802929,0.142569608,0.047729250,1.503092456
13,27,211318720,67,0.799520819,0.142569608,0.047729250,1.683506811
30,27,211318720,67,0.806589981,0.142569608,0.047729250,1.691015980
3,27,211318720,67,0.815600578,0.142569608,0.047729250,1.693723747
15,27,211318720,67,1.024237500,0.142569608,0.047729250,1.898493403
24,27,211318720,67,1.044856486,0.142569608,0.047729250,1.947761384
20,27,211318720,67,1.101347065,0.142569608,0.047729250,2.070795159
26,27,211318720,67,1.102987746,0.142569608,0.047729250,2.073671833
9,27,211318720,67,1.163510533,0.142569608,0.047729250,2.137221625
5,27,211318720,67,1.205812777,0.142569608,0.047729250,2.153206250
8,27,211318720,67,1.973971545,0.142569608,0.047729250,2.036107144
23,27,211318720,67,2.280323170,0.142569608,0.047729250,2.048452393
7,27,211318720,67,2.487518451,0.142569608,0.047729250,2.086675005
19,27,211318720,67,2.610934393,0.142569608,0.047729250,2.051661479
11,28,211318720,67,0.205499149,0.142569608,0.066739820,0.098205599
3,28,211318720,67,0.301447636,0.142569608,0.066739820,0.606555202
24,28,211318720,67,0.331927073,0.142569608,0.066739820,0.821161155
4,28,211318720,67,0.344720398,0.142569608,0.066739820,0.902390992
23,28,211318720,67,0.346780912,0.142569608,0.066739820,0.914173227
6,28,211318720,67,0.347471629,0.142569608,0.066739820,0.917662382
16,28,211318720,67,0.372439086,0.142569608,0.066739820,1.027072472
13,28,211318720,67,0.384275535,0.142569608,0.066739820,1.078495212
12,28,211318720,67,0.391378383,0.142569608,0.066739820,1.104626348
9,28,211318720,67,0.401427962,0.142569608,0.066739820,1.135780804
1,28,211318720,67,0.406314018,0.142569608,0.066739820,1.147646662
5,28,211318720,67,0.411648825,0.142569608,0.066739820,1.156913096
7,28,211318720,67,0.416831058,0.142569608,0.066739820,1.162576462
29,28,211318720,67,0.515830983,0.142569608,0.066739820,1.252397359
25,28,211318720,67,0.578321737,0.142569608,0.066739820,1.276102634
2,28,211318720,67,0.822082714,0.142569608,0.066739820,1.503142310
22,28,211318720,67,0.839853738,0.142569608,0.066739820,1.534278431
21,28,211318720,67,0.945577756,0.142569608,0.066739820,1.833221916
14,28,211318720,67,0.952025692,0.142569608,0.066739820,1.852942986
10,28,211318720,67,0.984046731,0.142569608,0.066739820,1.927805710
28,28,211318720,67,0.998676963,0.142569608,0.066739820,1.953084742
18,28,211318720,67,1.021439625,0.142569608,0.066739820,1.977402515
19,28,211318720,67,1.065657761,0.142569608,0.066739820,1.998383070
27,28,211318720,67,1.205812777,0.142569608,0.066739820,2.146590525
30,28,211318720,67,1.205968091,0.142569608,0.066739820,2.146596029
20,28,211318720,67,1.450159241,0.142569608,0.066739820,2.174423931
17,28,211318720,67,1.657194393,0.142569608,0.066739820,2.211692360
15,28,211318720,67,1.854731332,0.142569608,0.066739820,2.250302637
26,28,211318720,67,0.802276566,0.142569608,0.066739820,3.613487459
8,28,211318720,67,2.487518451,0.142569608,0.066739820,2.072691596
12,29,211318720,67,0.310267843,0.142569608,0.134292766,0.502711259
25,29,211318720,67,0.325376681,0.142569608,0.134292766,0.564296547
19,29,211318720,67,0.331808595,0.142569608,0.134292766,0.587427876
30,29,211318720,67,0.338645076,0.142569608,0.134292766,0.607844532
11,29,211318720,67,0.344720398,0.142569608,0.134292766,0.622258248
10,29,211318720,67,0.345303952,0.142569608,0.134292766,0.623345393
17,29,211318720,67,0.357859759,0.142569608,0.134292766,0.636496926
13,29,211318720,67,0.459292393,0.142569608,0.134292766,0.784258307
27,29,211318720,67,0.519929897,0.142569608,0.134292766,0.852107412
23,29,211318720,67,0.522957550,0.142569608,0.134292766,0.855266404
1,29,211318720,67,0.656366503,0.142569608,0.134292766,1.174151162
15,29,211318720,67,0.689012139,0.142569608,0.134292766,1.289870407
18,29,211318720,67,0.694847525,0.142569608,0.134292766,1.311679102
8,29,211318720,67,0.695802929,0.142569608,0.134292766,1.314669739
21,29,211318720,67,0.746840162,0.142569608,0.134292766,1.435958017
29,29,211318720,67,0.769230066,0.142569608,0.134292766,1.474272559
28,29,211318720,67,0.815600578,0.142569608,0.134292766,1.523051957
16,29,211318720,67,0.822148367,0.142569608,0.134292766,1.525546482
20,29,211318720,67,1.007648939,0.142569608,0.134292766,1.832310281
5,29,211318720,67,1.021439625,0.142569608,0.134292766,1.865112188
6,29,211318720,67,1.055621497,0.142569608,0.134292766,1.903485877
4,29,211318720,67,1.101347065,0.142569608,0.134292766,1.922141262
7,29,211318720,67,1.414402113,0.142569608,0.134292766,2.132788738
22,29,211318720,67,1.423528796,0.142569608,0.134292766,2.148605304
24,29,211318720,67,1.436765414,0.142569608,0.134292766,2.163013402
9,29,211318720,67,1.509114459,0.142569608,0.134292766,2.192078337
26,29,211318720,67,1.973971545,0.142569608,0.134292766,2.156365573
2,29,211318720,67,1.024237500,0.142569608,0.134292766,3.603348847
3,29,211318720,67,2.241835908,0.142569608,0.134292766,2.462209455
14,29,211318720,67,2.500940347,0.142569608,0.134292766,2.213097246
6,30,211318720,67,0.205499149,0.142569608,0.121149689,0.182456436
20,30,211318720,67,0.325376681,0.142569608,0.121149689,0.886835388
14,30,211318720,67,0.331808595,0.142569608,0.121149689,0.923463076
29,30,211318720,67,0.333771051,0.142569608,0.121149689,0.933418533
3,30,211318720,67,0.338645076,0.142569608,0.121149689,0.954868188
5,30,211318720,67,0.346780912,0.142569608,0.121149689,0.985099051
1,30,211318720,67,0.352250991,0.142569608,0.121149689,0.998885313
26,30,211318720,67,0.366496772,0.142569608,0.121149689,1.022717319
21,30,211318720,67,0.367044128,0.142569608,0.121149689,1.023341703
11,30,211318720,67,0.411648825,0.142569608,0.121149689,1.061552036
9,30,211318720,67,0.522957550,0.142569608,0.121149689,1.105465825
23,30,211318720,67,0.218636321,0.142569608,0.121149689,1.413642285
13,30,211318720,67,0.687056158,0.142569608,0.121149689,1.282145294
7,30,211318720,67,0.698254705,0.142569608,0.121149689,1.301055954
30,30,211318720,67,0.790535894,0.142569608,0.121149689,1.397432232
19,30,211318720,67,0.806589981,0.142569608,0.121149689,1.409554289
15,30,211318720,67,0.940637450,0.142569608,0.121149689,1.510806698
18,30,211318720,67,1.007648939,0.142569608,0.121149689,1.536554366
12,30,211318720,67,0.347471629,0.142569608,0.121149689,2.485053834
8,30,211318720,67,1.450159241,0.142569608,0.121149689,1.562462097
2,30,211318720,67,1.509114459,0.142569608,0.121149689,1.586465571
4,30,211318720,67,1.657194393,0.142569608,0.121149689,1.639630089
25,30,211318720,67,2.036967590,0.142569608,0.121149689,1.626096562
17,30,211318720,67,2.242581386,0.142569608,0.121149689,1.788391440
28,30,211318720,67,2.280323170,0.142569608,0.121149689,1.827853341
24,30,211318720,67,2.303361475,0.142569608,0.121149689,1.837158577
16,30,211318720,67,2.610934393,0.142569608,0.121149689,1.843484669
10,30,211318720,67,2.759003758,0.142569608,0.121149689,1.898954056
27,30,211318720,67,3.411740796,0.142569608,0.121149689,1.812854296
22,30,211318720,67,3.042432322,0.142569608,0.121149689,2.261609621
29,31,211318720,67,0.218636321,0.142569608,0.002354411,0.232191342
13,31,211318720,67,0.274486776,0.142569608,0.002354411,0.507714869
23,31,211318720,67,0.299654210,0.142569608,0.002354411,0.634289455
22,31,211318720,67,0.310267843,0.142569608,0.002354411,0.680843165
4,31,211318720,67,0.340022068,0.142569608,0.002354411,0.799935385
3,31,211318720,67,0.340840754,0.142569608,0.002354411,0.802995476
27,31,211318720,67,0.344720398,0.142569608,0.002354411,0.814916191
25,31,211318720,67,0.352250991,0.142569608,0.002354411,0.833131916
1,31,211318720,67,0.384275535,0.142569608,0.002354411,0.889155070
5,31,211318720,67,0.405338182,0.142569608,0.002354411,0.911201814
19,31,211318720,67,0.471067229,0.142569608,0.002354411,1.004151995
10,31,211318720,67,0.549024150,0.142569608,0.002354411,1.085444745
11,31,211318720,67,0.578321737,0.142569608,0.002354411,1.130569324
14,31,211318720,67,0.694847525,0.142569608,0.002354411,1.362018213
9,31,211318720,67,0.695802929,0.142569608,0.002354411,1.364324050
8,31,211318720,67,0.737725058,0.142569608,0.002354411,1.472525698
18,31,211318720,67,0.790535894,0.142569608,0.002354411,1.599088255
28,31,211318720,67,0.839853738,0.142569608,0.002354411,1.671606772
20,31,211318720,67,0.867005483,0.142569608,0.002354411,1.688713426
6,31,211318720,67,0.999831002,0.142569608,0.002354411,1.803800671
30,31,211318720,67,1.044856486,0.142569608,0.002354411,1.821983919
2,31,211318720,67,1.188858293,0.142569608,0.002354411,1.947993950
16,31,211318720,67,1.275961791,0.142569608,0.002354411,2.044699493
17,31,211318720,67,1.278350893,0.142569608,0.002354411,2.047242348
26,31,211318720,67,1.414402113,0.142569608,0.002354411,2.121311395
15,31,211318720,67,1.522868244,0.142569608,0.002354411,2.163009336
12,31,211318720,67,1.854731332,0.142569608,0.002354411,2.165110811
24,31,211318720,67,2.241835908,0.142569608,0.002354411,2.152151198
7,31,211318720,67,0.822148367,0.142569608,0.002354411,3.770463919
21,31,211318720,67,3.042432322,0.142569608,0.002354411,1.931679321
7,32,211318720,67,0.331927073,0.142569608,0.009215492,0.253191816
5,32,211318720,67,0.397487178,0.142569608,0.009215492,0.513857339
23,32,211318720,67,0.405338182,0.142569608,0.009215492,0.543154718
22,32,211318720,67,0.406369678,0.142569608,0.009215492,0.546308858
11,32,211318720,67,0.406841767,0.142569608,0.009215492,0.547479517
15,32,211318720,67,0.459361129,0.142569608,0.009215492,0.653626853
14,32,211318720,67,0.491628020,0.142569608,0.009215492,0.709361057
28,32,211318720,67,0.497832446,0.142569608,0.009215492,0.716041416
24,32,211318720,67,0.578321737,0.142569608,0.009215492,0.770710438
9,32,211318720,67,0.687056158,0.142569608,0.009215492,0.836271777
29,32,211318720,67,0.806589981,0.142569608,0.009215492,1.047335112
1,32,211318720,67,0.821650137,0.142569608,0.009215492,1.073467018
20,32,211318720,67,0.823874673,0.142569608,0.009215492,1.075706965
30,32,211318720,67,0.940637450,0.142569608,0.009215492,1.258798736
19,32,211318720,67,0.984046731,0.142569608,0.009215492,1.348621572
25,32,211318720,67,0.999831002,0.142569608,0.009215492,1.376115169
13,32,211318720,67,1.055621497,0.142569608,0.009215492,1.464648049
27,32,211318720,67,1.104358980,0.142569608,0.009215492,1.549233683
18,32,211318720,67,1.163510533,0.142569608,0.009215492,1.631401152
17,32,211318720,67,1.188858293,0.142569608,0.009215492,1.658548546
3,32,211318720,67,1.275961791,0.142569608,0.009215492,1.741233249
8,32,211318720,67,1.349170437,0.142569608,0.009215492,1.890419846
4,32,211318720,67,1.414402113,0.142569608,0.009215492,2.002385269
21,32,211318720,67,1.423528796,0.142569608,0.009215492,2.012033081
10,32,211318720,67,1.450159241,0.142569608,0.009215492,2.021859758
26,32,211318720,67,2.036967590,0.142569608,0.009215492,1.954571826
12,32,211318720,67,2.241835908,0.142569608,0.009215492,1.992150968
6,32,211318720,67,2.656838111,0.142569608,0.009215492,1.998702538
16,32,211318720,67,3.411740796,0.142569608,0.009215492,1.857153480
2,32,211318720,67,2.759003758,0.142569608,0.009215492,2.579834022
10,33,211318720,67,0.294632521,0.142569608,0.061062042,0.521563095
23,33,211318720,67,0.299654210,0.142569608,0.061062042,0.547077534
9,33,211318720,67,0.310267843,0.142569608,0.061062042,0.593998845
8,33,211318720,67,0.331927073,0.142569608,0.061062042,0.674799572
26,33,211318720,67,0.345303952,0.142569608,0.061062042,0.715867286
14,33,211318720,67,0.347471629,0.142569608,0.061062042,0.721053124
30,33,211318720,67,0.352250991,0.142569608,0.061062042,0.729288908
28,33,211318720,67,0.391378383,0.142569608,0.061062042,0.770178591
3,33,211318720,67,0.420773321,0.142569608,0.061062042,0.781236083
25,33,211318720,67,0.670439746,0.142569608,0.061062042,0.885968335
18,33,211318720,67,0.815600578,0.142569608,0.061062042,0.984716641
7,33,211318720,67,0.919655903,0.142569608,0.061062042,1.128747209
29,33,211318720,67,0.969201848,0.142569608,0.061062042,1.208582710
19,33,211318720,67,0.998676963,0.142569608,0.061062042,1.259461583
6,33,211318720,67,1.076130101,0.142569608,0.061062042,1.362687970
17,33,211318720,67,1.104358980,0.142569608,0.061062042,1.396002945
16,33,211318720,67,1.185253134,0.142569608,0.061062042,1.538553429
4,33,211318720,67,1.241069629,0.142569608,0.061062042,1.640031663
12,33,211318720,67,1.275961791,0.142569608,0.061062042,1.699804450
5,33,211318720,67,1.294309936,0.142569608,0.061062042,1.727449227
27,33,211318720,67,1.374381413,0.142569608,0.061062042,1.811830574
22,33,211318720,67,1.423528796,0.142569608,0.061062042,1.830580630
1,33,211318720,67,0.695802929,0.142569608,0.061062042,2.803380227
11,33,211318720,67,1.657194393,0.142569608,0.061062042,1.862504163
20,33,211318720,67,1.934453384,0.142569608,0.061062042,1.881901451
15,33,211318720,67,2.070019088,0.142569608,0.061062042,1.935162975
21,33,211318720,67,2.242581386,0.142569608,0.061062042,2.036815978
24,33,211318720,67,2.303361475,0.142569608,0.061062042,2.098103917
13,33,211318720,67,2.387739789,0.142569608,0.061062042,2.130812498
2,33,211318720,67,3.341109767,0.142569608,0.061062042,1.862580795
3,34,211318720,67,0.217175369,0.142569608,0.006579812,0.177687148
7,34,211318720,67,0.262618358,0.142569608,0.006579812,0.296067466
14,34,211318720,67,0.301447636,0.142569608,0.006579812,0.461161096
18,34,211318720,67,0.345303952,0.142569608,0.006579812,0.652856236
28,34,211318720,67,0.347471629,0.142569608,0.006579812,0.660828424
1,34,211318720,67,0.393703093,0.142569608,0.006579812,0.801187816
9,34,211318720,67,0.401123492,0.142569608,0.006579812,0.818910471
15,34,211318720,67,0.407748930,0.142569608,0.006579812,0.831417342
23,34,211318720,67,0.420773321,0.142569608,0.006579812,0.854141219
25,34,211318720,67,0.434572014,0.142569608,0.006579812,0.868898258
27,34,211318720,67,0.549024150,0.142569608,0.006579812,0.927602193
12,34,211318720,67,0.670439746,0.142569608,0.006579812,1.058118574
5,34,211318720,67,0.698254705,0.142569608,0.006579812,1.104691083
11,34,211318720,67,0.802276566,0.142569608,0.006579812,1.283835945
21,34,211318720,67,0.815600578,0.142569608,0.006579812,1.298065734
13,34,211318720,67,0.839853738,0.142569608,0.006579812,1.305373135
8,34,211318720,67,1.024237500,0.142569608,0.006579812,1.554155922
26,34,211318720,67,1.076130101,0.142569608,0.006579812,1.731983988
10,34,211318720,67,1.077776804,0.142569608,0.006579812,1.737040773
24,34,211318720,67,1.102987746,0.142569608,0.006579812,1.796612033
19,34,211318720,67,1.104358980,0.142569608,0.006579812,1.798987992
17,34,211318720,67,1.165294969,0.142569608,0.006579812,1.872197730
4,34,211318720,67,1.188858293,0.142569608,0.006579812,1.897025621
30,34,211318720,67,1.294309936,0.142569608,0.006579812,1.937319127
22,34,211318720,67,1.591305991,0.142569608,0.006579812,1.999809426
29,34,211318720,67,1.657194393,0.142569608,0.006579812,2.026206698
20,34,211318720,67,1.904038728,0.142569608,0.006579812,2.051513034
6,34,211318720,67,2.452082856,0.142569608,0.006579812,2.051018988
16,34,211318720,67,2.502933016,0.142569608,0.006579812,2.070869311
2,34,211318720,67,3.341109767,0.142569608,0.006579812,1.832028777
18,35,211318720,67,0.272776191,0.142569608,0.050936677,0.433965555
14,35,211318720,67,0.291309717,0.142569608,0.050936677,0.539368443
30,35,211318720,67,0.299654210,0.142569608,0.050936677,0.586848750
26,35,211318720,67,0.347471629,0.142569608,0.050936677,0.873949404
20,35,211318720,67,0.357826991,0.142569608,0.050936677,0.932672286
9,35,211318720,67,0.384275535,0.142569608,0.050936677,1.068722786
7,35,211318720,67,0.393703093,0.142569608,0.050936677,1.111825234
2,35,211318720,67,0.411648825,0.142569608,0.050936677,1.178253158
19,35,211318720,67,0.416831058,0.142569608,0.050936677,1.194139757
10,35,211318720,67,0.452040546,0.142569608,0.050936677,1.265927802
16,35,211318720,67,0.459361129,0.142569608,0.050936677,1.273851691
22,35,211318720,67,0.217175369,0.142569608,0.050936677,1.541132769
8,35,211318720,67,0.522957550,0.142569608,0.050936677,1.297633532
3,35,211318720,67,0.694847525,0.142569608,0.050936677,1.450022630
1,35,211318720,67,0.746840162,0.142569608,0.050936677,1.572284595
5,35,211318720,67,0.799520819,0.142569608,0.050936677,1.663471047
6,35,211318720,67,0.821650137,0.142569608,0.050936677,1.701670897
12,35,211318720,67,0.822148367,0.142569608,0.050936677,1.702178284
24,35,211318720,67,0.941278721,0.142569608,0.050936677,1.822145824
29,35,211318720,67,1.007648939,0.142569608,0.050936677,1.936540829
4,35,211318720,67,1.055621497,0.142569608,0.050936677,1.987370263
27,35,211318720,67,1.077776804,0.142569608,0.050936677,1.996061627
17,35,211318720,67,1.374381413,0.142569608,0.050936677,2.011463964
28,35,211318720,67,0.387058100,0.142569608,0.050936677,3.098875955
23,35,211318720,67,0.434572014,0.142569608,0.050936677,3.218155456
13,35,211318720,67,1.854731332,0.142569608,0.050936677,1.973278788
21,35,211318720,67,2.141684867,0.142569608,0.050936677,1.989503087
15,35,211318720,67,2.500940347,0.142569608,0.050936677,2.079909154
11,35,211318720,67,2.759003758,0.142569608,0.050936677,2.005670625
25,35,211318720,67,2.303361475,0.142569608,0.050936677,2.542731822
15,36,211318720,67,0.331808595,0.142569608,0.093575887,0.792462294
18,36,211318720,67,0.331927073,0.142569608,0.093575887,0.793263955
19,36,211318720,67,0.349695505,0.142569608,0.093575887,0.906817860
21,36,211318720,67,0.352250991,0.142569608,0.093575887,0.921531530
2,36,211318720,67,0.357826991,0.142569608,0.093575887,0.949805148
24,36,211318720,67,0.357859759,0.142569608,0.093575887,0.949948554
5,36,211318720,67,0.372439086,0.142569608,0.093575887,1.003759040
29,36,211318720,67,0.387058100,0.142569608,0.093575887,1.048267901
8,36,211318720,67,0.391378383,0.142569608,0.093575887,1.058502715
1,36,211318720,67,0.397487178,0.142569608,0.093575887,1.069412305
10,36,211318720,67,0.406369678,0.142569608,0.093575887,1.078735489
6,36,211318720,67,0.407748930,0.142569608,0.093575887,1.079238182
7,36,211318720,67,0.578321737,0.142569608,0.093575887,1.168783983
11,36,211318720,67,0.656366503,0.142569608,0.093575887,1.198674348
28,36,211318720,67,0.799520819,0.142569608,0.093575887,1.732673213
20,36,211318720,67,0.802276566,0.142569608,0.093575887,1.743025960
26,36,211318720,67,0.806589981,0.142569608,0.093575887,1.756153046
16,36,211318720,67,0.821650137,0.142569608,0.093575887,1.791804583
13,36,211318720,67,0.823874673,0.142569608,0.093575887,1.795667716
23,36,211318720,67,0.832073278,0.142569608,0.093575887,1.804417224
17,36,211318720,67,0.846862281,0.142569608,0.093575887,1.810096717
3,36,211318720,67,0.998676963,0.142569608,0.093575887,1.904598012
22,36,211318720,67,1.077776804,0.142569608,0.093575887,1.946603361
4,36,211318720,67,1.205812777,0.142569608,0.093575887,1.997059151
12,36,211318720,67,1.414402113,0.142569608,0.093575887,2.031356721
14,36,211318720,67,1.772163784,0.142569608,0.093575887,2.023649809
9,36,211318720,67,2.141684867,0.142569608,0.093575887,2.037587524
30,36,211318720,67,2.241835908,0.142569608,0.093575887,2.076128079
27,36,211318720,67,2.452082856,0.142569608,0.093575887,2.111285849
25,36,211318720,67,2.580293565,0.142569608,0.093575887,2.074871368
21,37,211318720,67,0.291309717,0.142569608,0.002808996,0.501148728
18,37,211318720,67,0.294632521,0.142569608,0.002808996,0.520287908
27,37,211318720,67,0.301447636,0.142569608,0.002808996,0.554372772
22,37,211318720,67,0.325376681,0.142569608,0.002808996,0.659457739
7,37,211318720,67,0.340840754,0.142569608,0.002808996,0.716786317
28,37,211318720,67,0.357859759,0.142569608,0.002808996,0.768299133
12,37,211318720,67,0.393703093,0.142569608,0.002808996,0.882984100
9,37,211318720,67,0.401123492,0.142569608,0.002808996,0.905514506
26,37,211318720,67,0.401427962,0.142569608,0.002808996,0.906296919
10,37,211318720,67,0.420513033,0.142569608,0.002808996,0.939209428
1,37,211318720,67,0.507433692,0.142569608,0.002808996,1.030364619
3,37,211318720,67,0.519929897,0.142569608,0.002808996,1.035424544
24,37,211318720,67,0.689012139,0.142569608,0.002808996,1.190340739
17,37,211318720,67,0.694847525,0.142569608,0.002808996,1.200454487
19,37,211318720,67,0.819719265,0.142569608,0.002808996,1.478279334
11,37,211318720,67,0.821650137,0.142569608,0.002808996,1.485531032
13,37,211318720,67,0.839853738,0.142569608,0.002808996,1.540969923
25,37,211318720,67,0.917862357,0.142569608,0.002808996,1.814324146
15,37,211318720,67,0.940637450,0.142569608,0.002808996,1.887561116
30,37,211318720,67,0.941278721,0.142569608,0.002808996,1.889520087
2,37,211318720,67,0.952025692,0.142569608,0.002808996,1.915506711
29,37,211318720,67,0.990430268,0.142569608,0.002808996,1.982326679
8,37,211318720,67,0.998676963,0.142569608,0.002808996,1.991146024
5,37,211318720,67,1.077776804,0.142569608,0.002808996,2.082060541
20,37,211318720,67,1.163510533,0.142569608,0.002808996,2.171493072
6,37,211318720,67,1.183831296,0.142569608,0.002808996,2.179510742
14,37,211318720,67,1.934453384,0.142569608,0.002808996,2.068222355
4,37,211318720,67,2.242581386,0.142569608,0.002808996,2.076103543
16,37,211318720,67,2.759003758,0.142569608,0.002808996,2.027289542
23,37,211318720,67,3.042432322,0.142569608,0.002808996,1.947386182
11,38,211318720,67,0.294632521,0.142569608,0.023485593,0.246953662
23,38,211318720,67,0.332457627,0.142569608,0.023485593,0.387431712
29,38,211318720,67,0.357826991,0.142569608,0.023485593,0.465045419
10,38,211318720,67,0.384275535,0.142569608,0.023485593,0.528353474
20,38,211318720,67,0.420281467,0.142569608,0.023485593,0.590672331
5,38,211318720,67,0.420513033,0.142569608,0.023485593,0.590884285
7,38,211318720,67,0.420773321,0.142569608,0.023485593,0.590985071
24,38,211318720,67,0.687056158,0.142569608,0.023485593,0.815041034
2,38,211318720,67,0.737725058,0.142569608,0.023485593,1.003485580
21,38,211318720,67,0.752566429,0.142569608,0.023485593,1.048779063
30,38,211318720,67,0.757188691,0.142569608,0.023485593,1.059964121
26,38,211318720,67,0.799520819,0.142569608,0.023485593,1.132983555
15,38,211318720,67,0.809045384,0.142569608,0.023485593,1.153660927
16,38,211318720,67,0.815600578,0.142569608,0.023485593,1.165223525
13,38,211318720,67,0.940637450,0.142569608,0.023485593,1.405804969
28,38,211318720,67,0.945577756,0.142569608,0.023485593,1.417693459
17,38,211318720,67,0.999831002,0.142569608,0.023485593,1.510226718
6,38,211318720,67,1.009629524,0.142569608,0.023485593,1.520596433
19,38,211318720,67,1.077776804,0.142569608,0.023485593,1.545886290
12,38,211318720,67,1.349170437,0.142569608,0.023485593,1.775099903
22,38,211318720,67,1.374381413,0.142569608,0.023485593,1.801430961
1,38,211318720,67,1.436765414,0.142569608,0.023485593,1.826151946
4,38,211318720,67,1.854731332,0.142569608,0.023485593,1.879820954
25,38,211318720,67,1.904038728,0.142569608,0.023485593,1.931811884
9,38,211318720,67,1.973971545,0.142569608,0.023485593,1.958594452
8,38,211318720,67,2.141684867,0.142569608,0.023485593,2.005019132
18,38,211318720,67,2.303361475,0.142569608,0.023485593,2.052928749
14,38,211318720,67,2.575342822,0.142569608,0.023485593,2.071740885
3,38,211318720,67,2.610934393,0.142569608,0.023485593,2.061564568
27,38,211318720,67,1.304662576,0.142569608,0.023485593,3.388412337
20,39,211318720,67,0.301447636,0.142569608,0.018197399,0.323323028
24,39,211318720,67,0.338645076,0.142569608,0.018197399,0.435392103
13,39,211318720,67,0.340840754,0.142569608,0.018197399,0.440559678
19,39,211318720,67,0.367044128,0.142569608,0.018197399,0.494003516
30,39,211318720,67,0.496683722,0.142569608,0.018197399,0.626570707
5,39,211318720,67,0.549024150,0.142569608,0.018197399,0.661213148
29,39,211318720,67,0.670439746,0.142569608,0.018197399,0.796095168
22,39,211318720,67,0.747118578,0.142569608,0.018197399,1.082749731
17,39,211318720,67,0.752566429,0.142569608,0.018197399,1.103315665
2,39,211318720,67,0.806589981,0.142569608,0.018197399,1.309978725
27,39,211318720,67,0.819719265,0.142569608,0.018197399,1.365788720
18,39,211318720,67,0.828887397,0.142569608,0.018197399,1.400482276
14,39,211318720,67,0.832820764,0.142569608,0.018197399,1.412497912
8,39,211318720,67,0.846862281,0.142569608,0.018197399,1.446022083
15,39,211318720,67,0.366496772,0.142569608,0.018197399,2.027062165
26,39,211318720,67,0.917862357,0.142569608,0.018197399,1.568064232
9,39,211318720,67,0.919655903,0.142569608,0.018197399,1.569993153
11,39,211318720,67,0.952025692,0.142569608,0.018197399,1.601172387
4,39,211318720,67,0.401123492,0.142569608,0.018197399,2.211960244
23,39,211318720,67,1.065657761,0.142569608,0.018197399,1.644247927
28,39,211318720,67,1.284436966,0.142569608,0.018197399,1.822443001
12,39,211318720,67,1.289231248,0.142569608,0.018197399,1.827365885
10,39,211318720,67,1.349170437,0.142569608,0.018197399,1.887504305
7,39,211318720,67,1.436765414,0.142569608,0.018197399,1.959374485
6,39,211318720,67,1.522868244,0.142569608,0.018197399,1.993700545
21,39,211318720,67,1.772163784,0.142569608,0.018197399,2.058644004
3,39,211318720,67,1.854731332,0.142569608,0.018197399,2.089875486
16,39,211318720,67,2.241835908,0.142569608,0.018197399,2.077099099
25,39,211318720,67,2.580293565,0.142569608,0.018197399,2.075933094
1,39,211318720,67,2.656838111,0.142569608,0.018197399,2.054131902
4,40,211318720,67,0.205499149,0.142569608,0.008352042,0.155554439
3,40,211318720,67,0.272776191,0.142569608,0.008352042,0.324987209
2,40,211318720,67,0.274486776,0.142569608,0.008352042,0.330316090
1,40,211318720,67,0.345303952,0.142569608,0.008352042,0.579783826
13,40,211318720,67,0.352250991,0.142569608,0.008352042,0.603360236
8,40,211318720,67,0.401123492,0.142569608,0.008352042,0.782327694
19,40,211318720,67,0.411648825,0.142569608,0.008352042,0.814807011
11,40,211318720,67,0.434572014,0.142569608,0.008352042,0.860152193
30,40,211318720,67,0.497832446,0.142569608,0.008352042,0.923132613
5,40,211318720,67,0.670439746,0.142569608,0.008352042,1.361819772
28,40,211318720,67,0.689012139,0.142569608,0.008352042,1.479254691
24,40,211318720,67,0.694847525,0.142569608,0.008352042,1.512798974
6,40,211318720,67,0.695802929,0.142569608,0.008352042,1.517505174
25,40,211318720,67,0.752566429,0.142569608,0.008352042,1.799469544
21,40,211318720,67,0.756670836,0.142569608,0.008352042,1.814645315
29,40,211318720,67,0.790535894,0.142569608,0.008352042,1.916733517
12,40,211318720,67,0.799520819,0.142569608,0.008352042,1.938297541
23,40,211318720,67,0.802276566,0.142569608,0.008352042,1.943222131
17,40,211318720,67,0.815600578,0.142569608,0.008352042,1.962075480
16,40,211318720,67,0.839853738,0.142569608,0.008352042,1.987910260
9,40,211318720,67,0.952025692,0.142569608,0.008352042,2.103361107
20,40,211318720,67,0.986327720,0.142569608,0.008352042,2.116785726
14,40,211318720,67,1.304662576,0.142569608,0.008352042,2.131926164
27,40,211318720,67,1.436765414,0.142569608,0.008352042,2.268012140
22,40,211318720,67,1.450159241,0.142569608,0.008352042,2.273813696
7,40,211318720,67,0.491628020,0.142569608,0.008352042,3.234820365
26,40,211318720,67,2.452082856,0.142569608,0.008352042,2.090380142
18,40,211318720,67,0.747118578,0.142569608,0.008352042,3.875880490
10,40,211318720,67,2.580293565,0.142569608,0.008352042,2.054022371
15,40,211318720,67,0.420773321,0.142569608,0.008352042,4.257892922
15,41,211318720,67,0.217175369,0.142569608,0.100649469,0.260772110
21,41,211318720,67,0.281178980,0.142569608,0.100649469,0.641186406
27,41,211318720,67,0.291309717,0.142569608,0.100649469,0.719292420
12,41,211318720,67,0.299654210,0.142569608,0.100649469,0.777984668
11,41,211318720,67,0.301447636,0.142569608,0.100649469,0.789579907
5,41,211318720,67,0.331927073,0.142569608,0.100649469,0.963229972
22,41,211318720,67,0.345303952,0.142569608,0.100649469,1.030299170
24,41,211318720,67,0.357826991,0.142569608,0.100649469,1.085265838
6,41,211318720,67,0.357859759,0.142569608,0.100649469,1.085381824
8,41,211318720,67,0.402068091,0.142569608,0.100649469,1.228526965
3,41,211318720,67,0.405338182,0.142569608,0.100649469,1.236228607
23,41,211318720,67,0.420281467,0.142569608,0.100649469,1.262379013
7,41,211318720,67,0.420773321,0.142569608,0.100649469,1.262901982
14,41,211318720,67,0.515830983,0.142569608,0.100649469,1.298901368
18,41,211318720,67,0.687056158,0.142569608,0.100649469,1.408255969
2,41,211318720,67,0.756670836,0.142569608,0.100649469,1.527193003
17,41,211318720,67,0.806589981,0.142569608,0.100649469,1.581836564
4,41,211318720,67,0.832073278,0.142569608,0.100649469,1.608359198
28,41,211318720,67,0.945577756,0.142569608,0.100649469,1.651951388
10,41,211318720,67,1.275961791,0.142569608,0.100649469,1.701113883
26,41,211318720,67,1.423528796,0.142569608,0.100649469,1.803163376
1,41,211318720,67,0.384275535,0.142569608,0.100649469,2.958014371
16,41,211318720,67,1.904038728,0.142569608,0.100649469,1.839026793
19,41,211318720,67,1.934453384,0.142569608,0.100649469,1.855812392
20,41,211318720,67,2.070019088,0.142569608,0.100649469,1.965835618
9,41,211318720,67,2.122991969,0.142569608,0.100649469,2.002835280
29,41,211318720,67,2.241835908,0.142569608,0.100649469,2.046658988
25,41,211318720,67,2.387739789,0.142569608,0.100649469,2.102510660
30,41,211318720,67,2.851214341,0.142569608,0.100649469,1.974298748
13,41,211318720,67,1.349170437,0.142569608,0.100649469,3.492082572
5,42,211318720,67,0.272776191,0.142569608,0.019736659,0.363204183
2,42,211318720,67,0.281178980,0.142569608,0.019736659,0.393313241
27,42,211318720,67,0.309103827,0.142569608,0.019736659,0.478478516
20,42,211318720,67,0.310267843,0.142569608,0.019736659,0.481784690
22,42,211318720,67,0.340840754,0.142569608,0.019736659,0.564379549
29,42,211318720,67,0.372439086,0.142569608,0.019736659,0.650461706
17,42,211318720,67,0.416831058,0.142569608,0.019736659,0.756738292
12,42,211318720,67,0.452040546,0.142569608,0.019736659,0.817204996
16,42,211318720,67,0.469331802,0.142569608,0.019736659,0.835251494
24,42,211318720,67,0.497832446,0.142569608,0.019736659,0.847040919
4,42,211318720,67,0.689012139,0.142569608,0.019736659,0.963469364
25,42,211318720,67,0.757188691,0.142569608,0.019736659,1.186052095
13,42,211318720,67,0.802276566,0.142569608,0.019736659,1.323548491
30,42,211318720,67,0.822082714,0.142569608,0.019736659,1.371341360
15,42,211318720,67,0.832820764,0.142569608,0.019736659,1.389793578
3,42,211318720,67,0.839853738,0.142569608,0.019736659,1.397270516
21,42,211318720,67,0.867005483,0.142569608,0.019736659,1.407191161
8,42,211318720,67,1.076130101,0.142569608,0.019736659,1.563968362
9,42,211318720,67,1.104358980,0.142569608,0.019736659,1.619921702
7,42,211318720,67,1.163510533,0.142569608,0.019736659,1.732710264
1,42,211318720,67,1.235957661,0.142569608,0.019736659,1.837160817
23,42,211318720,67,1.289231248,0.142569608,0.019736659,1.858097305
19,42,211318720,67,1.436765414,0.142569608,0.019736659,1.911140554
10,42,211318720,67,1.720860573,0.142569608,0.019736659,1.925630704
18,42,211318720,67,2.241835908,0.142569608,0.019736659,1.971450181
14,42,211318720,67,2.242581386,0.142569608,0.019736659,1.971540916
26,42,211318720,67,2.580293565,0.142569608,0.019736659,2.017408067
11,42,211318720,67,2.656838111,0.142569608,0.019736659,2.047187157
28,42,211318720,67,1.205812777,0.142569608,0.019736659,3.801298397
6,42,211318720,67,3.341109767,0.142569608,0.019736659,1.855341703
4,43,211318720,67,0.291309717,0.142569608,0.001267705,0.153040247
26,43,211318720,67,0.309103827,0.142569608,0.001267705,0.171126071
23,43,211318720,67,0.411648825,0.142569608,0.001267705,0.433889709
24,43,211318720,67,0.452040546,0.142569608,0.001267705,0.567374441
11,43,211318720,67,0.471067229,0.142569608,0.001267705,0.625817350
5,43,211318720,67,0.496683722,0.142569608,0.001267705,0.687683952
29,43,211318720,67,0.497832446,0.142569608,0.001267705,0.689729379
17,43,211318720,67,0.519929897,0.142569608,0.001267705,0.713512256
8,43,211318720,67,0.578321737,0.142569608,0.001267705,0.740650191
21,43,211318720,67,0.714799086,0.142569608,0.001267705,0.990179474
19,43,211318720,67,0.747118578,0.142569608,0.001267705,1.110346292
22,43,211318720,67,0.806589981,0.142569608,0.001267705,1.290944259
16,43,211318720,67,0.819719265,0.142569608,0.001267705,1.322218807
25,43,211318720,67,0.822082714,0.142569608,0.001267705,1.326254387
7,43,211318720,67,0.822148367,0.142569608,0.001267705,1.326332915
12,43,211318720,67,0.832073278,0.142569608,0.001267705,1.330224660
10,43,211318720,67,1.165294969,0.142569608,0.001267705,1.485824688
9,43,211318720,67,1.185253134,0.142569608,0.001267705,1.533572466
3,43,211318720,67,1.241069629,0.142569608,0.001267705,1.629020659
14,43,211318720,67,1.284436966,0.142569608,0.001267705,1.675127776
30,43,211318720,67,1.289231248,0.142569608,0.001267705,1.677019147
13,43,211318720,67,1.973971545,0.142569608,0.001267705,1.582153666
18,43,211318720,67,2.122991969,0.142569608,0.001267705,1.698187187
1,43,211318720,67,2.194425436,0.142569608,0.001267705,1.811719558
20,43,211318720,67,2.242581386,0.142569608,0.001267705,1.861963274
27,43,211318720,67,2.280323170,0.142569608,0.001267705,1.900443223
28,43,211318720,67,2.387739789,0.142569608,0.001267705,1.960413527
6,43,211318720,67,2.502933016,0.142569608,0.001267705,2.005248409
2,43,211318720,67,2.851214341,0.142569608,0.001267705,2.003151624
15,43,211318720,67,3.411740796,0.142569608,0.001267705,1.845328980
18,44,211318720,67,0.347471629,0.142569608,0.007172114,0.338927337
5,44,211318720,67,0.406369678,0.142569608,0.007172114,0.454310883
13,44,211318720,67,0.420513033,0.142569608,0.007172114,0.469421378
11,44,211318720,67,0.469100688,0.142569608,0.007172114,0.488697218
9,44,211318720,67,0.310267843,0.142569608,0.007172114,0.776101688
27,44,211318720,67,0.737725058,0.142569608,0.007172114,1.017551041
1,44,211318720,67,0.747118578,0.142569608,0.007172114,1.064999313
17,44,211318720,67,0.764463287,0.142569608,0.007172114,1.141475770
15,44,211318720,67,0.769230066,0.142569608,0.007172114,1.159185670
25,44,211318720,67,0.366496772,0.142569608,0.007172114,1.638650242
19,44,211318720,67,0.802276566,0.142569608,0.007172114,1.277449359
4,44,211318720,67,0.821650137,0.142569608,0.007172114,1.337000474
21,44,211318720,67,0.832820764,0.142569608,0.007172114,1.367824015
28,44,211318720,67,0.839853738,0.142569608,0.007172114,1.384888875
29,44,211318720,67,0.919655903,0.142569608,0.007172114,1.525349745
2,44,211318720,67,0.969201848,0.142569608,0.007172114,1.610676627
16,44,211318720,67,0.998676963,0.142569608,0.007172114,1.640794589
23,44,211318720,67,1.044856486,0.142569608,0.007172114,1.672335638
10,44,211318720,67,1.165294969,0.142569608,0.007172114,1.749213247
20,44,211318720,67,1.278350893,0.142569608,0.007172114,1.869444991
14,44,211318720,67,1.289231248,0.142569608,0.007172114,1.873318412
22,44,211318720,67,0.687056158,0.142569608,0.007172114,2.698987899
7,44,211318720,67,1.522868244,0.142569608,0.007172114,1.901739286
30,44,211318720,67,1.720860573,0.142569608,0.007172114,1.942464105
6,44,211318720,67,0.846862281,0.142569608,0.007172114,3.399186588
8,44,211318720,67,2.303361475,0.142569608,0.007172114,1.970990722
3,44,211318720,67,2.452082856,0.142569608,0.007172114,2.024561648
26,44,211318720,67,3.341109767,0.142569608,0.007172114,1.875411554
24,44,211318720,67,3.411740796,0.142569608,0.007172114,1.855486571
12,44,211318720,67,2.194425436,0.142569608,0.007172114,3.109844521
23,45,211318720,67,0.340840754,0.142569608,0.013816153,0.370117739
8,45,211318720,67,0.387058100,0.142569608,0.013816153,0.576441034
16,45,211318720,67,0.401123492,0.142569608,0.013816153,0.637990351
10,45,211318720,67,0.402068091,0.142569608,0.013816153,0.641458619
29,45,211318720,67,0.406841767,0.142569608,0.013816153,0.656294209
9,45,211318720,67,0.407748930,0.142569608,0.013816153,0.659059501
5,45,211318720,67,0.497832446,0.142569608,0.013816153,0.822922671
17,45,211318720,67,0.507433692,0.142569608,0.013816153,0.833254867
4,45,211318720,67,0.549024150,0.142569608,0.013816153,0.852555603
2,45,211318720,67,0.687056158,0.142569608,0.013816153,1.047154171
25,45,211318720,67,0.737146514,0.142569608,0.013816153,1.238657368
18,45,211318720,67,0.746840162,0.142569608,0.013816153,1.275088455
13,45,211318720,67,0.809045384,0.142569608,0.013816153,1.465798576
7,45,211318720,67,0.822082714,0.142569608,0.013816153,1.496863688
6,45,211318720,67,0.823874673,0.142569608,0.013816153,1.499901325
22,45,211318720,67,0.832073278,0.142569608,0.013816153,1.508714420
11,45,211318720,67,0.867005483,0.142569608,0.013816153,1.539054150
27,45,211318720,67,0.984046731,0.142569608,0.013816153,1.632389291
20,45,211318720,67,1.055621497,0.142569608,0.013816153,1.666681017
15,45,211318720,67,0.420513033,0.142569608,0.013816153,2.445601458
24,45,211318720,67,1.188858293,0.142569608,0.013816153,1.743121993
12,45,211318720,67,1.294309936,0.142569608,0.013816153,1.799114099
1,45,211318720,67,1.414402113,0.142569608,0.013816153,1.916299726
30,45,211318720,67,1.450159241,0.142569608,0.013816153,1.930414926
21,45,211318720,67,1.934453384,0.142569608,0.013816153,1.891447342
3,45,211318720,67,2.141684867,0.142569608,0.013816153,1.929563337
26,45,211318720,67,2.303361475,0.142569608,0.013816153,1.978285561
19,45,211318720,67,3.042432322,0.142569608,0.013816153,1.961068722
14,45,211318720,67,3.411740796,0.142569608,0.013816153,1.857171018
28,45,211318720,67,2.452082856,0.142569608,0.013816153,2.873081073
15,46,211318720,67,0.218636321,0.142569608,0.080164872,0.137485332
9,46,211318720,67,0.294632521,0.142569608,0.080164872,0.445566955
30,46,211318720,67,0.331927073,0.142569608,0.080164872,0.634565581
12,46,211318720,67,0.344720398,0.142569608,0.080164872,0.689998350
21,46,211318720,67,0.349695505,0.142569608,0.080164872,0.708495090
28,46,211318720,67,0.372439086,0.142569608,0.080164872,0.777231281
22,46,211318720,67,0.393703093,0.142569608,0.080164872,0.828665068
29,46,211318720,67,0.401427962,0.142569608,0.080164872,0.842077563
24,46,211318720,67,0.407748930,0.142569608,0.080164872,0.848732637
6,46,211318720,67,0.420773321,0.142569608,0.080164872,0.853618160
5,46,211318720,67,0.635595755,0.142569608,0.080164872,0.893212779
13,46,211318720,67,0.769230066,0.142569608,0.080164872,1.232928332
25,46,211318720,67,0.781082769,0.142569608,0.080164872,1.269354213
10,46,211318720,67,0.815600578,0.142569608,0.080164872,1.351172668
1,46,211318720,67,0.821650137,0.142569608,0.080164872,1.361676421
27,46,211318720,67,0.839853738,0.142569608,0.080164872,1.380619950
7,46,211318720,67,0.867005483,0.142569608,0.080164872,1.397864752
2,46,211318720,67,0.998676963,0.142569608,0.080164872,1.449797873
16,46,211318720,67,1.205812777,0.142569608,0.080164872,1.734777060
17,46,211318720,67,1.205968091,0.142569608,0.080164872,1.735237370
3,46,211318720,67,1.278350893,0.142569608,0.080164872,1.906852002
11,46,211318720,67,1.284436966,0.142569608,0.080164872,1.917449957
8,46,211318720,67,1.294309936,0.142569608,0.080164872,1.928148011
23,46,211318720,67,1.304662576,0.142569608,0.080164872,1.931826968
14,46,211318720,67,1.854731332,0.142569608,0.080164872,1.915175315
4,46,211318720,67,1.934453384,0.142569608,0.080164872,1.945903184
18,46,211318720,67,2.122991969,0.142569608,0.080164872,2.072689852
19,46,211318720,67,2.141684867,0.142569608,0.080164872,2.080214689
20,46,211318720,67,2.610934393,0.142569608,0.080164872,2.044214123
26,46,211318720,67,2.759003758,0.142569608,0.080164872,2.001969120
21,47,211318720,67,0.274486776,0.142569608,0.069363154,0.276506608
20,47,211318720,67,0.299654210,0.142569608,0.069363154,0.353894405
22,47,211318720,67,0.340840754,0.142569608,0.069363154,0.460430173
14,47,211318720,67,0.345303952,0.142569608,0.069363154,0.471226260
7,47,211318720,67,0.357859759,0.142569608,0.069363154,0.493127404
23,47,211318720,67,0.406314018,0.142569608,0.069363154,0.563395575
8,47,211318720,67,0.469100688,0.142569608,0.069363154,0.630107361
26,47,211318720,67,0.519929897,0.142569608,0.069363154,0.651633091
4,47,211318720,67,0.698254705,0.142569608,0.069363154,0.891080778
28,47,211318720,67,0.714799086,0.142569608,0.069363154,0.941047606
6,47,211318720,67,0.737725058,0.142569608,0.069363154,0.996328886
3,47,211318720,67,0.815600578,0.142569608,0.069363154,1.173254853
9,47,211318720,67,0.822148367,0.142569608,0.069363154,1.193215732
12,47,211318720,67,0.823874673,0.142569608,0.069363154,1.197328747
17,47,211318720,67,0.917862357,0.142569608,0.069363154,1.470371895
24,47,211318720,67,0.940637450,0.142569608,0.069363154,1.550647176
2,47,211318720,67,0.952025692,0.142569608,0.069363154,1.585691627
11,47,211318720,67,0.984046731,0.142569608,0.069363154,1.709196536
5,47,211318720,67,1.009629524,0.142569608,0.069363154,1.805107637
30,47,211318720,67,1.021439625,0.142569608,0.069363154,1.840676995
18,47,211318720,67,1.065657761,0.142569608,0.069363154,1.945796029
15,47,211318720,67,1.101347065,0.142569608,0.069363154,2.008300847
19,47,211318720,67,1.102987746,0.142569608,0.069363154,2.010001410
16,47,211318720,67,1.104358980,0.142569608,0.069363154,2.010463794
13,47,211318720,67,1.450159241,0.142569608,0.069363154,2.053692838
25,47,211318720,67,1.522868244,0.142569608,0.069363154,2.087121378
29,47,211318720,67,1.657194393,0.142569608,0.069363154,2.139058155
1,47,211318720,67,2.452082856,0.142569608,0.069363154,2.025502682
27,47,211318720,67,2.575342822,0.142569608,0.069363154,2.073471126
10,47,211318720,67,2.656838111,0.142569608,0.069363154,2.050349979
11,48,211318720,67,0.217175369,0.142569608,0.020344073,0.260285220
18,48,211318720,67,0.218636321,0.142569608,0.020344073,0.264795272
12,48,211318720,67,0.272776191,0.142569608,0.020344073,0.418583865
25,48,211318720,67,0.325376681,0.142569608,0.020344073,0.621055253
10,48,211318720,67,0.332457627,0.142569608,0.020344073,0.647038207
26,48,211318720,67,0.340022068,0.142569608,0.020344073,0.670223021
6,48,211318720,67,0.393703093,0.142569608,0.020344073,0.825085868
21,48,211318720,67,0.406841767,0.142569608,0.020344073,0.856829696
3,48,211318720,67,0.407748930,0.142569608,0.020344073,0.858517982
4,48,211318720,67,0.496683722,0.142569608,0.020344073,0.926277997
30,48,211318720,67,0.756670836,0.142569608,0.020344073,1.271859708
2,48,211318720,67,0.769230066,0.142569608,0.020344073,1.318720439
17,48,211318720,67,0.809045384,0.142569608,0.020344073,1.447669286
9,48,211318720,67,0.819719265,0.142569608,0.020344073,1.480011992
23,48,211318720,67,0.821650137,0.142569608,0.020344073,1.484753080
15,48,211318720,67,0.867005483,0.142569608,0.020344073,1.531975463
22,48,211318720,67,0.941278721,0.142569608,0.020344073,1.586282929
27,48,211318720,67,1.044856486,0.142569608,0.020344073,1.627618033
5,48,211318720,67,1.235957661,0.142569608,0.020344073,1.733731364
20,48,211318720,67,1.284436966,0.142569608,0.020344073,1.752159394
1,48,211318720,67,0.459292393,0.142569608,0.020344073,2.763756787
19,48,211318720,67,1.436765414,0.142569608,0.020344073,1.805914448
24,48,211318720,67,1.591305991,0.142569608,0.020344073,1.857231808
16,48,211318720,67,2.036967590,0.142569608,0.020344073,1.852948232
29,48,211318720,67,2.141684867,0.142569608,0.020344073,1.892662775
14,48,211318720,67,0.822082714,0.142569608,0.020344073,3.364503750
28,48,211318720,67,2.502933016,0.142569608,0.020344073,1.933426869
7,48,211318720,67,2.575342822,0.142569608,0.020344073,1.961527011
8,48,211318720,67,2.759003758,0.142569608,0.020344073,2.007054836
13,48,211318720,67,3.411740796,0.142569608,0.020344073,1.821341395
26,49,211318720,67,0.291309717,0.142569608,0.118312143,0.283176977
14,49,211318720,67,0.299654210,0.142569608,0.118312143,0.308805351
1,49,211318720,67,0.345303952,0.142569608,0.118312143,0.418296810
17,49,211318720,67,0.372439086,0.142569608,0.118312143,0.463418168
18,49,211318720,67,0.401123492,0.142569608,0.118312143,0.507422107
19,49,211318720,67,0.406314018,0.142569608,0.118312143,0.512812629
27,49,211318720,67,0.522957550,0.142569608,0.118312143,0.557862608
7,49,211318720,67,0.668942036,0.142569608,0.118312143,0.777311829
25,49,211318720,67,0.689012139,0.142569608,0.118312143,0.818411677
20,49,211318720,67,0.714799086,0.142569608,0.118312143,0.874290679
29,49,211318720,67,0.781082769,0.142569608,0.118312143,0.992225254
28,49,211318720,67,0.821650137,0.142569608,0.118312143,1.062267240
15,49,211318720,67,0.839853738,0.142569608,0.118312143,1.089612526
12,49,211318720,67,0.917862357,0.142569608,0.118312143,1.324780856
3,49,211318720,67,0.969201848,0.142569608,0.118312143,1.505844951
21,49,211318720,67,0.990430268,0.142569608,0.118312143,1.570734659
13,49,211318720,67,0.998676963,0.142569608,0.118312143,1.590381560
16,49,211318720,67,0.999831002,0.142569608,0.118312143,1.592369110
9,49,211318720,67,1.021439625,0.142569608,0.118312143,1.614593576
2,49,211318720,67,1.076130101,0.142569608,0.118312143,1.672958609
4,49,211318720,67,1.163510533,0.142569608,0.118312143,1.750026367
8,49,211318720,67,1.241069629,0.142569608,0.118312143,1.809310858
23,49,211318720,67,1.349170437,0.142569608,0.118312143,1.950555587
5,49,211318720,67,1.374381413,0.142569608,0.118312143,1.976185990
11,49,211318720,67,1.450159241,0.142569608,0.118312143,2.051406343
6,49,211318720,67,1.522868244,0.142569608,0.118312143,2.077757939
22,49,211318720,67,1.854731332,0.142569608,0.118312143,2.083074331
24,49,211318720,67,2.575342822,0.142569608,0.118312143,2.047187041
30,49,211318720,67,2.610934393,0.142569608,0.118312143,2.060138579
10,49,211318720,67,3.042432322,0.142569608,0.118312143,1.940515194
8,50,211318720,67,0.205499149,0.142569608,0.084054217,0.089376585
26,50,211318720,67,0.301447636,0.142569608,0.084054217,0.395927606
17,50,211318720,67,0.345303952,0.142569608,0.084054217,0.587361331
6,50,211318720,67,0.357859759,0.142569608,0.084054217,0.625740958
5,50,211318720,67,0.401427962,0.142569608,0.084054217,0.743685200
28,50,211318720,67,0.406314018,0.142569608,0.084054217,0.754889455
18,50,211318720,67,0.406369678,0.142569608,0.084054217,0.754995942
27,50,211318720,67,0.434572014,0.142569608,0.084054217,0.784806406
11,50,211318720,67,0.522957550,0.142569608,0.084054217,0.878691731
1,50,211318720,67,0.578321737,0.142569608,0.084054217,0.922477602
4,50,211318720,67,0.695802929,0.142569608,0.084054217,1.200730506
2,50,211318720,67,0.714799086,0.142569608,0.084054217,1.259260485
19,50,211318720,67,0.737725058,0.142569608,0.084054217,1.313760356
22,50,211318720,67,0.752566429,0.142569608,0.084054217,1.339157224
14,50,211318720,67,0.802276566,0.142569608,0.084054217,1.396523027
3,50,211318720,67,0.828887397,0.142569608,0.084054217,1.442667273
20,50,211318720,67,0.940637450,0.142569608,0.084054217,1.615232254
29,50,211318720,67,0.941278721,0.142569608,0.084054217,1.616224171
16,50,211318720,67,0.344720398,0.142569608,0.084054217,2.262270661
9,50,211318720,67,1.007648939,0.142569608,0.084054217,1.684417649
30,50,211318720,67,1.076130101,0.142569608,0.084054217,1.733143435
10,50,211318720,67,1.185253134,0.142569608,0.084054217,1.839663157
21,50,211318720,67,1.275961791,0.142569608,0.084054217,1.933845826
15,50,211318720,67,1.284436966,0.142569608,0.084054217,1.936844904
23,50,211318720,67,1.772163784,0.142569608,0.084054217,1.893970063
7,50,211318720,67,1.973971545,0.142569608,0.084054217,1.962176754
12,50,211318720,67,2.070019088,0.142569608,0.084054217,1.998994288
24,50,211318720,67,2.303361475,0.142569608,0.084054217,2.030904422
13,50,211318720,67,2.575342822,0.142569608,0.084054217,2.050380884
25,50,211318720,67,3.341109767,0.142569608,0.084054217,1.928221048
26,51,211318720,67,0.205499149,0.142569608,0.173175946,0.250502884
5,51,211318720,67,0.218636321,0.142569608,0.173175946,0.308467558
25,51,211318720,67,0.274486776,0.142569608,0.173175946,0.568369754
15,51,211318720,67,0.281178980,0.142569608,0.173175946,0.604473053
1,51,211318720,67,0.332457627,0.142569608,0.173175946,0.872699773
21,51,211318720,67,0.346780912,0.142569608,0.173175946,0.943607731
28,51,211318720,67,0.347471629,0.142569608,0.173175946,0.946206287
18,51,211318720,67,0.366496772,0.142569608,0.173175946,1.005870341
11,51,211318720,67,0.393703093,0.142569608,0.173175946,1.088536637
3,51,211318720,67,0.411648825,0.142569608,0.173175946,1.131535697
22,51,211318720,67,0.420773321,0.142569608,0.173175946,1.147276302
30,51,211318720,67,0.459292393,0.142569608,0.173175946,1.187899408
9,51,211318720,67,0.507433692,0.142569608,0.173175946,1.206024999
24,51,211318720,67,0.689012139,0.142569608,0.173175946,1.483712178
13,51,211318720,67,0.698254705,0.142569608,0.173175946,1.505662262
2,51,211318720,67,0.790535894,0.142569608,0.173175946,1.674984431
20,51,211318720,67,0.806589981,0.142569608,0.173175946,1.707907612
17,51,211318720,67,0.822148367,0.142569608,0.173175946,1.734962547
4,51,211318720,67,0.919655903,0.142569608,0.173175946,1.914590173
6,51,211318720,67,0.940637450,0.142569608,0.173175946,1.950706739
14,51,211318720,67,0.984046731,0.142569608,0.173175946,1.996548499
10,51,211318720,67,1.024237500,0.142569608,0.173175946,2.011324017
7,51,211318720,67,1.275961791,0.142569608,0.173175946,2.036591694
16,51,211318720,67,0.344720398,0.142569608,0.173175946,3.052466817
23,51,211318720,67,1.436765414,0.142569608,0.173175946,2.172596867
12,51,211318720,67,1.450159241,0.142569608,0.173175946,2.178388435
19,51,211318720,67,1.591305991,0.142569608,0.173175946,2.232796784
29,51,211318720,67,2.070019088,0.142569608,0.173175946,2.189628401
27,51,211318720,67,0.670439746,0.142569608,0.173175946,3.652153822
8,51,211318720,67,2.241835908,0.142569608,0.173175946,2.141649723
11,52,211318720,67,0.344720398,0.142569608,0.011511928,0.216786325
19,52,211318720,67,0.352250991,0.142569608,0.011511928,0.219975795
23,52,211318720,67,0.262618358,0.142569608,0.011511928,0.490438790
18,52,211318720,67,0.497832446,0.142569608,0.011511928,0.478486499
20,52,211318720,67,0.515830983,0.142569608,0.011511928,0.509598463
24,52,211318720,67,0.519929897,0.142569608,0.011511928,0.513967972
13,52,211318720,67,0.578321737,0.142569608,0.011511928,0.603409014
8,52,211318720,67,0.668942036,0.142569608,0.011511928,0.831097668
5,52,211318720,67,0.695802929,0.142569608,0.011511928,0.930290993
26,52,211318720,67,0.698254705,0.142569608,0.011511928,0.939687644
4,52,211318720,67,0.746840162,0.142569608,0.011511928,1.088241978
22,52,211318720,67,0.781082769,0.142569608,0.011511928,1.170681487
29,52,211318720,67,0.799520819,0.142569608,0.011511928,1.202477558
3,52,211318720,67,0.821650137,0.142569608,0.011511928,1.226060109
1,52,211318720,67,0.828887397,0.142569608,0.011511928,1.228740409
9,52,211318720,67,1.009629524,0.142569608,0.011511928,1.527150526
15,52,211318720,67,1.021439625,0.142569608,0.011511928,1.555269398
16,52,211318720,67,1.024237500,0.142569608,0.011511928,1.560050701
14,52,211318720,67,1.077776804,0.142569608,0.011511928,1.624887273
28,52,211318720,67,1.104358980,0.142569608,0.011511928,1.653256557
12,52,211318720,67,1.205812777,0.142569608,0.011511928,1.732278521
30,52,211318720,67,1.289231248,0.142569608,0.011511928,1.801468230
27,52,211318720,67,1.374381413,0.142569608,0.011511928,1.889719298
21,52,211318720,67,1.436765414,0.142569608,0.011511928,1.912948980
6,52,211318720,67,2.036967590,0.142569608,0.011511928,1.951231387
2,52,211318720,67,2.070019088,0.142569608,0.011511928,1.986144300
7,52,211318720,67,2.122991969,0.142569608,0.011511928,2.006892858
17,52,211318720,67,2.851214341,0.142569608,0.011511928,1.897288099
10,52,211318720,67,3.042432322,0.142569608,0.011511928,1.938166267
25,52,211318720,67,3.411740796,0.142569608,0.011511928,1.833675520
14,53,211318720,67,0.217175369,0.142569608,0.020946493,0.207083494
15,53,211318720,67,0.272776191,0.142569608,0.020946493,0.385143583
26,53,211318720,67,0.299654210,0.142569608,0.020946493,0.499714286
24,53,211318720,67,0.325376681,0.142569608,0.020946493,0.594827761
12,53,211318720,67,0.331808595,0.142569608,0.020946493,0.614464181
9,53,211318720,67,0.340022068,0.142569608,0.020946493,0.634364926
4,53,211318720,67,0.406369678,0.142569608,0.020946493,0.765440353
8,53,211318720,67,0.411648825,0.142569608,0.020946493,0.774241721
23,53,211318720,67,0.420281467,0.142569608,0.020946493,0.783247176
1,53,211318720,67,0.522957550,0.142569608,0.020946493,0.822137448
17,53,211318720,67,0.689012139,0.142569608,0.020946493,1.089724029
22,53,211318720,67,0.698254705,0.142569608,0.020946493,1.111351289
3,53,211318720,67,0.737146514,0.142569608,0.020946493,1.177763146
30,53,211318720,67,0.737725058,0.142569608,0.020946493,1.178370394
27,53,211318720,67,0.823874673,0.142569608,0.020946493,1.211795997
11,53,211318720,67,1.065657761,0.142569608,0.020946493,1.338360861
10,53,211318720,67,1.102987746,0.142569608,0.020946493,1.407813827
13,53,211318720,67,1.165294969,0.142569608,0.020946493,1.518295035
20,53,211318720,67,1.205812777,0.142569608,0.020946493,1.587554524
28,53,211318720,67,1.235957661,0.142569608,0.020946493,1.620001931
18,53,211318720,67,1.304662576,0.142569608,0.020946493,1.646319309
25,53,211318720,67,1.657194393,0.142569608,0.020946493,1.693950987
7,53,211318720,67,1.720860573,0.142569608,0.020946493,1.725238212
21,53,211318720,67,2.070019088,0.142569608,0.020946493,1.857167264
16,53,211318720,67,2.141684867,0.142569608,0.020946493,1.915987192
5,53,211318720,67,2.242581386,0.142569608,0.020946493,2.074913221
29,53,211318720,67,2.303361475,0.142569608,0.020946493,2.122877550
6,53,211318720,67,2.575342822,0.142569608,0.020946493,2.048711727
19,53,211318720,67,1.854731332,0.142569608,0.020946493,2.823845512
2,53,211318720,67,2.280323170,0.142569608,0.020946493,2.436264039
12,54,211318720,67,0.272776191,0.142569608,0.134974286,0.406862576
24,54,211318720,67,0.274486776,0.142569608,0.134974286,0.416697911
10,54,211318720,67,0.294632521,0.142569608,0.134974286,0.519004173
26,54,211318720,67,0.340022068,0.142569608,0.134974286,0.732350819
22,54,211318720,67,0.372439086,0.142569608,0.134974286,0.864349420
18,54,211318720,67,0.384275535,0.142569608,0.134974286,0.911105985
9,54,211318720,67,0.391378383,0.142569608,0.134974286,0.937634439
2,54,211318720,67,0.406314018,0.142569608,0.134974286,0.982526413
8,54,211318720,67,0.406841767,0.142569608,0.134974286,0.983848107
4,54,211318720,67,0.459361129,0.142569608,0.134974286,1.074519197
25,54,211318720,67,0.497832446,0.142569608,0.134974286,1.114716482
14,54,211318720,67,0.694847525,0.142569608,0.134974286,1.345413919
17,54,211318720,67,0.698254705,0.142569608,0.134974286,1.353737139
29,54,211318720,67,0.737725058,0.142569608,0.134974286,1.422247898
30,54,211318720,67,0.822148367,0.142569608,0.134974286,1.540180014
1,54,211318720,67,0.832073278,0.142569608,0.134974286,1.557099507
15,54,211318720,67,0.941278721,0.142569608,0.134974286,1.747752894
5,54,211318720,67,0.945577756,0.142569608,0.134974286,1.754978797
19,54,211318720,67,1.007648939,0.142569608,0.134974286,1.821788601
6,54,211318720,67,1.044856486,0.142569608,0.134974286,1.835911708
13,54,211318720,67,0.338645076,0.142569608,0.134974286,2.582455275
21,54,211318720,67,1.241069629,0.142569608,0.134974286,2.023916451
23,54,211318720,67,1.275961791,0.142569608,0.134974286,2.084144649
28,54,211318720,67,1.304662576,0.142569608,0.134974286,2.122372496
27,54,211318720,67,1.349170437,0.142569608,0.134974286,2.169042852
20,54,211318720,67,1.436765414,0.142569608,0.134974286,2.202880284
7,54,211318720,67,0.522957550,0.142569608,0.134974286,3.299323631
11,54,211318720,67,2.280323170,0.142569608,0.134974286,2.058453104
3,54,211318720,67,2.500940347,0.142569608,0.134974286,2.093070880
16,54,211318720,67,3.042432322,0.142569608,0.134974286,1.940441994
2,55,211318720,67,0.328114621,0.142569608,0.107772164,0.520296787
12,55,211318720,67,0.333771051,0.142569608,0.107772164,0.549435290
14,55,211318720,67,0.344720398,0.142569608,0.107772164,0.597419931
28,55,211318720,67,0.345303952,0.142569608,0.107772164,0.599626464
18,55,211318720,67,0.384120181,0.142569608,0.107772164,0.741798654
3,55,211318720,67,0.405338182,0.142569608,0.107772164,0.806785825
16,55,211318720,67,0.416831058,0.142569608,0.107772164,0.827777680
30,55,211318720,67,0.430501742,0.142569608,0.107772164,0.842750074
15,55,211318720,67,0.491628020,0.142569608,0.107772164,0.867937596
25,55,211318720,67,0.635595755,0.142569608,0.107772164,1.167673119
24,55,211318720,67,0.656366503,0.142569608,0.107772164,1.231754334
27,55,211318720,67,0.668942036,0.142569608,0.107772164,1.261324080
4,55,211318720,67,0.689012139,0.142569608,0.107772164,1.306644735
23,55,211318720,67,0.737725058,0.142569608,0.107772164,1.422213536
17,55,211318720,67,0.769230066,0.142569608,0.107772164,1.475997293
20,55,211318720,67,0.815600578,0.142569608,0.107772164,1.555822168
5,55,211318720,67,0.832820764,0.142569608,0.107772164,1.585838567
26,55,211318720,67,0.917862357,0.142569608,0.107772164,1.794627596
6,55,211318720,67,0.952025692,0.142569608,0.107772164,1.888012422
11,55,211318720,67,0.984046731,0.142569608,0.107772164,1.965048053
19,55,211318720,67,1.007648939,0.142569608,0.107772164,2.005128359
9,55,211318720,67,1.009629524,0.142569608,0.107772164,2.007157449
22,55,211318720,67,1.076130101,0.142569608,0.107772164,2.104888203
21,55,211318720,67,1.163510533,0.142569608,0.107772164,2.203200819
7,55,211318720,67,1.165294969,0.142569608,0.107772164,2.205061745
1,55,211318720,67,0.406841767,0.142569608,0.107772164,3.147828667
8,55,211318720,67,1.294309936,0.142569608,0.107772164,2.313372011
13,55,211318720,67,1.349170437,0.142569608,0.107772164,2.371959712
29,55,211318720,67,1.436765414,0.142569608,0.107772164,2.405105390
10,55,211318720,67,2.487518451,0.142569608,0.107772164,2.115561964
3,56,211318720,67,0.262618358,0.142569608,0.030597815,0.314990495
25,56,211318720,67,0.309103827,0.142569608,0.030597815,0.541458574
6,56,211318720,67,0.310267843,0.142569608,0.030597815,0.546620503
17,56,211318720,67,0.331808595,0.142569608,0.030597815,0.637072707
28,56,211318720,67,0.345303952,0.142569608,0.030597815,0.687249567
19,56,211318720,67,0.387058100,0.142569608,0.030597815,0.837768008
18,56,211318720,67,0.405338182,0.142569608,0.030597815,0.893413042
2,56,211318720,67,0.416831058,0.142569608,0.030597815,0.920719414
27,56,211318720,67,0.459361129,0.142569608,0.030597815,0.993337815
9,56,211318720,67,0.497832446,0.142569608,0.030597815,1.033135926
24,56,211318720,67,0.670439746,0.142569608,0.030597815,1.077544801
20,56,211318720,67,0.815600578,0.142569608,0.030597815,1.304816945
23,56,211318720,67,0.832820764,0.142569608,0.030597815,1.346181639
15,56,211318720,67,0.846862281,0.142569608,0.030597815,1.370291623
22,56,211318720,67,0.941278721,0.142569608,0.030597815,1.470923676
14,56,211318720,67,0.952025692,0.142569608,0.030597815,1.474712194
21,56,211318720,67,1.104358980,0.142569608,0.030597815,1.566729294
10,56,211318720,67,0.357859759,0.142569608,0.030597815,2.339141412
30,56,211318720,67,1.188858293,0.142569608,0.030597815,1.617080582
13,56,211318720,67,1.304662576,0.142569608,0.030597815,1.750328984
11,56,211318720,67,1.349170437,0.142569608,0.030597815,1.855503228
1,56,211318720,67,1.423528796,0.142569608,0.030597815,2.012028141
7,56,211318720,67,1.436765414,0.142569608,0.030597815,2.034665737
26,56,211318720,67,1.450159241,0.142569608,0.030597815,2.047865010
16,56,211318720,67,1.522868244,0.142569608,0.030597815,2.081344266
8,56,211318720,67,0.496683722,0.142569608,0.030597815,3.210644162
29,56,211318720,67,1.657194393,0.142569608,0.030597815,2.183596653
12,56,211318720,67,1.720860573,0.142569608,0.030597815,2.207220546
5,56,211318720,67,2.502933016,0.142569608,0.030597815,2.087159152
4,56,211318720,67,2.580293565,0.142569608,0.030597815,2.065153784
10,57,211318720,67,0.217175369,0.142569608,0.015595400,0.143871328
3,57,211318720,67,0.294632521,0.142569608,0.015595400,0.348209282
28,57,211318720,67,0.301447636,0.142569608,0.015595400,0.369010127
25,57,211318720,67,0.346780912,0.142569608,0.015595400,0.491399988
1,57,211318720,67,0.391378383,0.142569608,0.015595400,0.597473468
5,57,211318720,67,0.393703093,0.142569608,0.015595400,0.601289753
30,57,211318720,67,0.420773321,0.142569608,0.015595400,0.630200201
11,57,211318720,67,0.469100688,0.142569608,0.015595400,0.669819366
8,57,211318720,67,0.578321737,0.142569608,0.015595400,0.734089255
22,57,211318720,67,0.689012139,0.142569608,0.015595400,0.971200543
4,57,211318720,67,0.747118578,0.142569608,0.015595400,1.219980909
23,57,211318720,67,0.752566429,0.142569608,0.015595400,1.239994100
9,57,211318720,67,0.769230066,0.142569608,0.015595400,1.290782327
26,57,211318720,67,0.790535894,0.142569608,0.015595400,1.341744109
27,57,211318720,67,0.815600578,0.142569608,0.015595400,1.384904870
21,57,211318720,67,0.822082714,0.142569608,0.015595400,1.391836497
19,57,211318720,67,0.839853738,0.142569608,0.015595400,1.398920933
12,57,211318720,67,0.984046731,0.142569608,0.015595400,1.572675036
16,57,211318720,67,1.009629524,0.142569608,0.015595400,1.599733531
13,57,211318720,67,1.065657761,0.142569608,0.015595400,1.666536643
24,57,211318720,67,1.163510533,0.142569608,0.015595400,1.788595997
18,57,211318720,67,1.183831296,0.142569608,0.015595400,1.809949031
6,57,211318720,67,1.275961791,0.142569608,0.015595400,1.846656508
15,57,211318720,67,2.280323170,0.142569608,0.015595400,1.782615587
29,57,211318720,67,2.387739789,0.142569608,0.015595400,1.906761844
2,57,211318720,67,2.452082856,0.142569608,0.015595400,1.973560041
7,57,211318720,67,2.487518451,0.142569608,0.015595400,1.986583353
14,57,211318720,67,2.656838111,0.142569608,0.015595400,2.033177802
17,57,211318720,67,2.851214341,0.142569608,0.015595400,1.977403951
20,57,211318720,67,1.854731332,0.142569608,0.015595400,3.013707910
7,58,211318720,67,0.205499149,0.142569608,0.021613302,0.158911110
6,58,211318720,67,0.262618358,0.142569608,0.021613302,0.292493933
21,58,211318720,67,0.331927073,0.142569608,0.021613302,0.494647440
27,58,211318720,67,0.357826991,0.142569608,0.021613302,0.555797884
20,58,211318720,67,0.401123492,0.142569608,0.021613302,0.630064156
11,58,211318720,67,0.420513033,0.142569608,0.021613302,0.650841901
29,58,211318720,67,0.434572014,0.142569608,0.021613302,0.656572123
4,58,211318720,67,0.668942036,0.142569608,0.021613302,0.781656981
12,58,211318720,67,0.294632521,0.142569608,0.021613302,1.480543305
3,58,211318720,67,0.757188691,0.142569608,0.021613302,1.131927092
17,58,211318720,67,0.790535894,0.142569608,0.021613302,1.242591501
18,58,211318720,67,0.809045384,0.142569608,0.021613302,1.306411233
16,58,211318720,67,0.821650137,0.142569608,0.021613302,1.344697175
25,58,211318720,67,0.828887397,0.142569608,0.021613302,1.361952294
9,58,211318720,67,0.832073278,0.142569608,0.021613302,1.367722641
26,58,211318720,67,0.917862357,0.142569608,0.021613302,1.498732873
8,58,211318720,67,0.940637450,0.142569608,0.021613302,1.522167693
19,58,211318720,67,0.999831002,0.142569608,0.021613302,1.544932845
15,58,211318720,67,1.163510533,0.142569608,0.021613302,1.695188106
2,58,211318720,67,1.185253134,0.142569608,0.021613302,1.717009356
5,58,211318720,67,1.278350893,0.142569608,0.021613302,1.802237778
1,58,211318720,67,1.349170437,0.142569608,0.021613302,1.828626418
14,58,211318720,67,1.522868244,0.142569608,0.021613302,1.924768193
30,58,211318720,67,1.591305991,0.142569608,0.021613302,1.959897429
22,58,211318720,67,1.720860573,0.142569608,0.021613302,2.010997664
10,58,211318720,67,0.747118578,0.142569608,0.021613302,3.100983011
23,58,211318720,67,2.141684867,0.142569608,0.021613302,1.988433207
13,58,211318720,67,2.452082856,0.142569608,0.021613302,1.997488789
24,58,211318720,67,2.610934393,0.142569608,0.021613302,2.049259362
28,58,211318720,67,3.411740796,0.142569608,0.021613302,1.823640514
15,59,211318720,67,0.205499149,0.142569608,0.022341637,0.054592822
28,59,211318720,67,0.393703093,0.142569608,0.022341637,0.301545594
12,59,211318720,67,0.406369678,0.142569608,0.022341637,0.331522457
4,59,211318720,67,0.469331802,0.142569608,0.022341637,0.440377940
9,59,211318720,67,0.471067229,0.142569608,0.022341637,0.442226314
5,59,211318720,67,0.491628020,0.142569608,0.022341637,0.449739525
1,59,211318720,67,0.694847525,0.142569608,0.022341637,0.784711838
23,59,211318720,67,0.695802929,0.142569608,0.022341637,0.789610461
2,59,211318720,67,0.747118578,0.142569608,0.022341637,1.014859964
30,59,211318720,67,0.781082769,0.142569608,0.022341637,1.140573144
14,59,211318720,67,0.790535894,0.142569608,0.022341637,1.169851685
18,59,211318720,67,0.799520819,0.142569608,0.022341637,1.191446560
17,59,211318720,67,0.802276566,0.142569608,0.022341637,1.196039022
3,59,211318720,67,0.815600578,0.142569608,0.022341637,1.214061053
26,59,211318720,67,0.822148367,0.142569608,0.022341637,1.220842693
29,59,211318720,67,0.990430268,0.142569608,0.022341637,1.725345781
27,59,211318720,67,0.999831002,0.142569608,0.022341637,1.760218316
19,59,211318720,67,1.021439625,0.142569608,0.022341637,1.825353671
8,59,211318720,67,1.024237500,0.142569608,0.022341637,1.832072951
20,59,211318720,67,1.055621497,0.142569608,0.022341637,1.886399703
25,59,211318720,67,1.065657761,0.142569608,0.022341637,1.898609521
21,59,211318720,67,1.076130101,0.142569608,0.022341637,1.909887164
11,59,211318720,67,1.205968091,0.142569608,0.022341637,2.002374079
13,59,211318720,67,1.284436966,0.142569608,0.022341637,2.074455287
6,59,211318720,67,1.374381413,0.142569608,0.022341637,2.174590978
10,59,211318720,67,1.414402113,0.142569608,0.022341637,2.216175243
16,59,211318720,67,1.509114459,0.142569608,0.022341637,2.253845976
24,59,211318720,67,1.720860573,0.142569608,0.022341637,2.289635748
22,59,211318720,67,0.952025692,0.142569608,0.022341637,3.663721853
7,59,211318720,67,2.656838111,0.142569608,0.022341637,2.025407485
5,60,211318720,67,0.217175369,0.142569608,0.055886276,0.126427317
9,60,211318720,67,0.328114621,0.142569608,0.055886276,0.717083319
29,60,211318720,67,0.331808595,0.142569608,0.055886276,0.740759279
16,60,211318720,67,0.332457627,0.142569608,0.055886276,0.744480420
20,60,211318720,67,0.346780912,0.142569608,0.055886276,0.817094561
19,60,211318720,67,0.352250991,0.142569608,0.055886276,0.841307294
7,60,211318720,67,0.367044128,0.142569608,0.055886276,0.904374460
13,60,211318720,67,0.384120181,0.142569608,0.055886276,0.967773041
21,60,211318720,67,0.420773321,0.142569608,0.055886276,1.060141036
2,60,211318720,67,0.430501742,0.142569608,0.055886276,1.076615441
3,60,211318720,67,0.452040546,0.142569608,0.055886276,1.098773971
26,60,211318720,67,0.497832446,0.142569608,0.055886276,1.116683834
25,60,211318720,67,0.668942036,0.142569608,0.055886276,1.293620650
18,60,211318720,67,0.689012139,0.142569608,0.055886276,1.322888607
24,60,211318720,67,0.737146514,0.142569608,0.055886276,1.382205486
12,60,211318720,67,0.819719265,0.142569608,0.055886276,1.480005781
6,60,211318720,67,0.867005483,0.142569608,0.055886276,1.536719027
27,60,211318720,67,0.945577756,0.142569608,0.055886276,1.649251727
1,60,211318720,67,0.998676963,0.142569608,0.055886276,1.705264481
30,60,211318720,67,1.044856486,0.142569608,0.055886276,1.755007192
15,60,211318720,67,1.163510533,0.142569608,0.055886276,2.148157659
4,60,211318720,67,1.165294969,0.142569608,0.055886276,2.153677671
17,60,211318720,67,1.185253134,0.142569608,0.055886276,2.201710374
23,60,211318720,67,1.188858293,0.142569608,0.055886276,2.208127031
14,60,211318720,67,1.205968091,0.142569608,0.055886276,2.226043002
28,60,211318720,67,1.241069629,0.142569608,0.055886276,2.263173058
11,60,211318720,67,1.349170437,0.142569608,0.055886276,2.304507937
8,60,211318720,67,0.391378383,0.142569608,0.055886276,3.320515621
10,60,211318720,67,2.194425436,0.142569608,0.055886276,2.163505216
22,60,211318720,67,2.241835908,0.142569608,0.055886276,2.149931634
15,61,211318720,67,0.310267843,0.142569608,0.042268198,0.490732174
8,61,211318720,67,0.333771051,0.142569608,0.042268198,0.609527256
27,61,211318720,67,0.347471629,0.142569608,0.042268198,0.669630941
22,61,211318720,67,0.384120181,0.142569608,0.042268198,0.805763860
9,61,211318720,67,0.391378383,0.142569608,0.042268198,0.827927226
10,61,211318720,67,0.401123492,0.142569608,0.042268198,0.851205267
13,61,211318720,67,0.405338182,0.142569608,0.042268198,0.858322541
12,61,211318720,67,0.411648825,0.142569608,0.042268198,0.865093198
21,61,211318720,67,0.420773321,0.142569608,0.042268198,0.868591805
25,61,211318720,67,0.272776191,0.142569608,0.042268198,1.205909645
17,61,211318720,67,0.635595755,0.142569608,0.042268198,0.997048332
19,61,211318720,67,0.687056158,0.142569608,0.042268198,1.105733062
16,61,211318720,67,0.737146514,0.142569608,0.042268198,1.200516735
1,61,211318720,67,0.769230066,0.142569608,0.042268198,1.256330446
29,61,211318720,67,0.799520819,0.142569608,0.042268198,1.288689278
3,61,211318720,67,0.867005483,0.142569608,0.042268198,1.402884419
26,61,211318720,67,0.952025692,0.142569608,0.042268198,1.624312264
7,61,211318720,67,0.998676963,0.142569608,0.042268198,1.729266518
30,61,211318720,67,1.024237500,0.142569608,0.042268198,1.773048923
4,61,211318720,67,1.044856486,0.142569608,0.042268198,1.795042293
24,61,211318720,67,1.104358980,0.142569608,0.042268198,1.846613458
18,61,211318720,67,1.205812777,0.142569608,0.042268198,1.928167334
14,61,211318720,67,1.284436966,0.142569608,0.042268198,1.959747019
5,61,211318720,67,1.657194393,0.142569608,0.042268198,1.952547573
28,61,211318720,67,2.141684867,0.142569608,0.042268198,1.936619097
20,61,211318720,67,2.242581386,0.142569608,0.042268198,1.974611966
2,61,211318720,67,2.500940347,0.142569608,0.042268198,2.088275244
6,61,211318720,67,2.502933016,0.142569608,0.042268198,2.089007908
11,61,211318720,67,0.945577756,0.142569608,0.042268198,3.698739705
23,61,211318720,67,3.411740796,0.142569608,0.042268198,1.929799159
23,62,211318720,67,0.272776191,0.142569608,0.009206273,0.371968017
26,62,211318720,67,0.309103827,0.142569608,0.009206273,0.593417791
2,62,211318720,67,0.328114621,0.142569608,0.009206273,0.715016997
19,62,211318720,67,0.333771051,0.142569608,0.009206273,0.747213762
27,62,211318720,67,0.338645076,0.142569608,0.009206273,0.771875438
29,62,211318720,67,0.345303952,0.142569608,0.009206273,0.800945853
28,62,211318720,67,0.387058100,0.142569608,0.009206273,0.965247939
25,62,211318720,67,0.402068091,0.142569608,0.009206273,1.021499857
5,62,211318720,67,0.407748930,0.142569608,0.009206273,1.038807430
22,62,211318720,67,0.411648825,0.142569608,0.009206273,1.048393430
6,62,211318720,67,0.430501742,0.142569608,0.009206273,1.080365948
1,62,211318720,67,0.452040546,0.142569608,0.009206273,1.103522241
10,62,211318720,67,0.515830983,0.142569608,0.009206273,1.128087723
24,62,211318720,67,0.687056158,0.142569608,0.009206273,1.175711630
16,62,211318720,67,0.828887397,0.142569608,0.009206273,1.495770107
11,62,211318720,67,0.832820764,0.142569608,0.009206273,1.505237205
14,62,211318720,67,0.846862281,0.142569608,0.009206273,1.531756590
15,62,211318720,67,0.867005483,0.142569608,0.009206273,1.565955086
17,62,211318720,67,0.941278721,0.142569608,0.009206273,1.702302214
21,62,211318720,67,0.986327720,0.142569608,0.009206273,1.778926597
7,62,211318720,67,1.024237500,0.142569608,0.009206273,1.820591055
4,62,211318720,67,1.055621497,0.142569608,0.009206273,1.853213810
18,62,211318720,67,1.163510533,0.142569608,0.009206273,1.937740286
13,62,211318720,67,1.275961791,0.142569608,0.009206273,2.130870339
9,62,211318720,67,1.284436966,0.142569608,0.009206273,2.140140802
20,62,211318720,67,1.289231248,0.142569608,0.009206273,2.142178209
30,62,211318720,67,1.904038728,0.142569608,0.009206273,2.140151378
8,62,211318720,67,1.934453384,0.142569608,0.009206273,2.156447995
12,62,211318720,67,2.070019088,0.142569608,0.009206273,2.209310276
3,62,211318720,67,3.042432322,0.142569608,0.009206273,1.937205769
11,63,211318720,67,0.328114621,0.142569608,0.037095316,0.431582023
6,63,211318720,67,0.344720398,0.142569608,0.037095316,0.504754181
22,63,211318720,67,0.366496772,0.142569608,0.037095316,0.595170944
10,63,211318720,67,0.401427962,0.142569608,0.037095316,0.740926961
2,63,211318720,67,0.402068091,0.142569608,0.037095316,0.742837758
25,63,211318720,67,0.406841767,0.142569608,0.037095316,0.754187261
14,63,211318720,67,0.416831058,0.142569608,0.037095316,0.771551835
30,63,211318720,67,0.507433692,0.142569608,0.037095316,0.859317019
7,63,211318720,67,0.689012139,0.142569608,0.037095316,1.059439928
1,63,211318720,67,0.747118578,0.142569608,0.037095316,1.274259923
8,63,211318720,67,0.756670836,0.142569608,0.037095316,1.303665936
16,63,211318720,67,0.809045384,0.142569608,0.037095316,1.421763974
18,63,211318720,67,0.815600578,0.142569608,0.037095316,1.428687133
27,63,211318720,67,0.832073278,0.142569608,0.037095316,1.435273652
13,63,211318720,67,1.009629524,0.142569608,0.037095316,1.529859199
15,63,211318720,67,1.076130101,0.142569608,0.037095316,1.613481466
28,63,211318720,67,0.391378383,0.142569608,0.037095316,2.436590155
21,63,211318720,67,1.163510533,0.142569608,0.037095316,1.748940836
5,63,211318720,67,1.188858293,0.142569608,0.037095316,1.775202413
26,63,211318720,67,1.241069629,0.142569608,0.037095316,1.794946133
9,63,211318720,67,0.496683722,0.142569608,0.037095316,2.729057941
3,63,211318720,67,1.423528796,0.142569608,0.037095316,1.841413389
4,63,211318720,67,1.591305991,0.142569608,0.037095316,1.938768118
23,63,211318720,67,1.657194393,0.142569608,0.037095316,1.982843052
29,63,211318720,67,1.772163784,0.142569608,0.037095316,2.067563017
19,63,211318720,67,1.854731332,0.142569608,0.037095316,2.100548000
20,63,211318720,67,2.036967590,0.142569608,0.037095316,2.146342471
24,63,211318720,67,0.799520819,0.142569608,0.037095316,3.610752644
12,63,211318720,67,2.280323170,0.142569608,0.037095316,2.171853349
17,63,211318720,67,2.487518451,0.142569608,0.037095316,2.113904569
3,64,211318720,67,0.205499149,0.142569608,0.006490267,0.131661326
6,64,211318720,67,0.294632521,0.142569608,0.006490267,0.452112694
25,64,211318720,67,0.301447636,0.142569608,0.006490267,0.481729760
7,64,211318720,67,0.333771051,0.142569608,0.006490267,0.605924012
23,64,211318720,67,0.347471629,0.142569608,0.006490267,0.656723285
12,64,211318720,67,0.387058100,0.142569608,0.006490267,0.822136813
24,64,211318720,67,0.406314018,0.142569608,0.006490267,0.893450982
9,64,211318720,67,0.406841767,0.142569608,0.006490267,0.895098394
22,64,211318720,67,0.471067229,0.142569608,0.006490267,1.047988707
15,64,211318720,67,0.496683722,0.142569608,0.006490267,1.092135645
30,64,211318720,67,0.507433692,0.142569608,0.006490267,1.103830275
13,64,211318720,67,0.515830983,0.142569608,0.006490267,1.106757505
2,64,211318720,67,0.687056158,0.142569608,0.006490267,1.298812458
18,64,211318720,67,0.714799086,0.142569608,0.006490267,1.346776976
8,64,211318720,67,0.737725058,0.142569608,0.006490267,1.371517123
11,64,211318720,67,0.821650137,0.142569608,0.006490267,1.434011421
5,64,211318720,67,0.917862357,0.142569608,0.006490267,1.634649005
10,64,211318720,67,0.969201848,0.142569608,0.006490267,1.757544877
26,64,211318720,67,0.984046731,0.142569608,0.006490267,1.783102368
14,64,211318720,67,0.998676963,0.142569608,0.006490267,1.798977670
29,64,211318720,67,1.044856486,0.142569608,0.006490267,1.833292206
4,64,211318720,67,1.163510533,0.142569608,0.006490267,1.956823217
1,64,211318720,67,1.205812777,0.142569608,0.006490267,2.001582835
21,64,211318720,67,0.384120181,0.142569608,0.006490267,2.859049487
16,64,211318720,67,1.289231248,0.142569608,0.006490267,2.089326212
17,64,211318720,67,1.349170437,0.142569608,0.006490267,2.175976211
28,64,211318720,67,1.436765414,0.142569608,0.006490267,2.269344920
19,64,211318720,67,1.450159241,0.142569608,0.006490267,2.273575777
27,64,211318720,67,1.973971545,0.142569608,0.006490267,2.221542106
20,64,211318720,67,3.042432322,0.142569608,0.006490267,1.922024711
18,65,211318720,67,0.217175369,0.142569608,0.006634942,0.205430545
20,65,211318720,67,0.274486776,0.142569608,0.006634942,0.392692960
11,65,211318720,67,0.294632521,0.142569608,0.006634942,0.483625764
12,65,211318720,67,0.301447636,0.142569608,0.006634942,0.513693814
23,65,211318720,67,0.344720398,0.142569608,0.006634942,0.709677290
4,65,211318720,67,0.367044128,0.142569608,0.006634942,0.820434087
22,65,211318720,67,0.406841767,0.142569608,0.006634942,0.995221166
15,65,211318720,67,0.407748930,0.142569608,0.006634942,0.998537918
6,65,211318720,67,0.411648825,0.142569608,0.006634942,1.010767328
21,65,211318720,67,0.452040546,0.142569608,0.006634942,1.095799034
1,65,211318720,67,0.471067229,0.142569608,0.006634942,1.116319527
2,65,211318720,67,0.491628020,0.142569608,0.006634942,1.124473119
14,65,211318720,67,0.689012139,0.142569608,0.006634942,1.376262818
28,65,211318720,67,0.714799086,0.142569608,0.006634942,1.437713380
5,65,211318720,67,0.746840162,0.142569608,0.006634942,1.492637673
17,65,211318720,67,0.764463287,0.142569608,0.006634942,1.511340981
27,65,211318720,67,0.781082769,0.142569608,0.006634942,1.518104312
8,65,211318720,67,0.986327720,0.142569608,0.006634942,1.782365864
13,65,211318720,67,0.998676963,0.142569608,0.006634942,1.819706861
7,65,211318720,67,1.021439625,0.142569608,0.006634942,1.873599841
10,65,211318720,67,1.077776804,0.142569608,0.006634942,1.980746373
16,65,211318720,67,1.102987746,0.142569608,0.006634942,2.024418863
30,65,211318720,67,1.104358980,0.142569608,0.006634942,2.025882956
29,65,211318720,67,1.205968091,0.142569608,0.006634942,2.065506864
24,65,211318720,67,1.436765414,0.142569608,0.006634942,2.097473975
3,65,211318720,67,0.434572014,0.142569608,0.006634942,3.171572331
19,65,211318720,67,1.904038728,0.142569608,0.006634942,2.061066763
9,65,211318720,67,2.122991969,0.142569608,0.006634942,2.094223523
26,65,211318720,67,2.656838111,0.142569608,0.006634942,2.037597631
25,65,211318720,67,2.759003758,0.142569608,0.006634942,2.008624200
29,66,211318720,67,0.272776191,0.142569608,0.052125685,0.273326004
15,66,211318720,67,0.291309717,0.142569608,0.052125685,0.307753575
18,66,211318720,67,0.294632521,0.142569608,0.052125685,0.313689875
12,66,211318720,67,0.332457627,0.142569608,0.052125685,0.361654848
26,66,211318720,67,0.430501742,0.142569608,0.052125685,0.530654409
16,66,211318720,67,0.469100688,0.142569608,0.052125685,0.593615200
1,66,211318720,67,0.469331802,0.142569608,0.052125685,0.593887307
7,66,211318720,67,0.578321737,0.142569608,0.052125685,0.726487090
2,66,211318720,67,0.668942036,0.142569608,0.052125685,1.027433280
10,66,211318720,67,0.670439746,0.142569608,0.052125685,1.032985913
20,66,211318720,67,0.695802929,0.142569608,0.052125685,1.129546992
24,66,211318720,67,0.714799086,0.142569608,0.052125685,1.200681658
28,66,211318720,67,0.737725058,0.142569608,0.052125685,1.270297405
22,66,211318720,67,0.764463287,0.142569608,0.052125685,1.334787260
17,66,211318720,67,0.806589981,0.142569608,0.052125685,1.410155089
30,66,211318720,67,0.815600578,0.142569608,0.052125685,1.425685469
25,66,211318720,67,0.832073278,0.142569608,0.052125685,1.443094225
8,66,211318720,67,0.945577756,0.142569608,0.052125685,1.688829797
9,66,211318720,67,0.984046731,0.142569608,0.052125685,1.754767062
19,66,211318720,67,0.986327720,0.142569608,0.052125685,1.757219313
5,66,211318720,67,0.990430268,0.142569608,0.052125685,1.758639328
13,66,211318720,67,1.414402113,0.142569608,0.052125685,1.834802540
4,66,211318720,67,2.280323170,0.142569608,0.052125685,1.783613212
11,66,211318720,67,2.500940347,0.142569608,0.052125685,1.878694287
3,66,211318720,67,2.580293565,0.142569608,0.052125685,1.962234993
27,66,211318720,67,2.610934393,0.142569608,0.052125685,1.973831180
6,66,211318720,67,3.042432322,0.142569608,0.052125685,1.950558172
21,66,211318720,67,1.235957661,0.142569608,0.052125685,3.757632374
23,66,211318720,67,3.411740796,0.142569608,0.052125685,1.847977782
14,66,211318720,67,1.591305991,0.142569608,0.052125685,3.673649660
23,67,211318720,67,0.205499149,0.142569608,0.042572193,0.189904568
19,67,211318720,67,0.217175369,0.142569608,0.042572193,0.219568542
27,67,211318720,67,0.325376681,0.142569608,0.042572193,0.523501079
5,67,211318720,67,0.344720398,0.142569608,0.042572193,0.580712583
8,67,211318720,67,0.357826991,0.142569608,0.042572193,0.612123222
28,67,211318720,67,0.411648825,0.142569608,0.042572193,0.726299030
1,67,211318720,67,0.430501742,0.142569608,0.042572193,0.758407142
3,67,211318720,67,0.471067229,0.142569608,0.042572193,0.823050454
24,67,211318720,67,0.522957550,0.142569608,0.042572193,0.883601417
13,67,211318720,67,0.578321737,0.142569608,0.042572193,0.980450359
25,67,211318720,67,0.656366503,0.142569608,0.042572193,1.168739179
16,67,211318720,67,0.687056158,0.142569608,0.042572193,1.242115606
29,67,211318720,67,0.695802929,0.142569608,0.042572193,1.266895554
21,67,211318720,67,0.747118578,0.142569608,0.042572193,1.417006622
2,67,211318720,67,0.769230066,0.142569608,0.042572193,1.469587851
11,67,211318720,67,0.299654210,0.142569608,0.042572193,1.949267017
14,67,211318720,67,0.828887397,0.142569608,0.042572193,1.591192786
22,67,211318720,67,0.832820764,0.142569608,0.042572193,1.597944717
18,67,211318720,67,0.846862281,0.142569608,0.042572193,1.612772485
10,67,211318720,67,0.940637450,0.142569608,0.042572193,1.722517133
17,67,211318720,67,0.999831002,0.142569608,0.042572193,1.784976246
26,67,211318720,67,1.055621497,0.142569608,0.042572193,1.806590289
20,67,211318720,67,1.205968091,0.142569608,0.042572193,1.900833369
4,67,211318720,67,1.284436966,0.142569608,0.042572193,1.969210421
15,67,211318720,67,1.374381413,0.142569608,0.042572193,2.064821755
6,67,211318720,67,1.423528796,0.142569608,0.042572193,2.083132693
12,67,211318720,67,1.591305991,0.142569608,0.042572193,2.132200669
30,67,211318720,67,2.194425436,0.142569608,0.042572193,2.058249830
7,67,211318720,67,2.387739789,0.142569608,0.042572193,2.098345799
9,67,211318720,67,2.610934393,0.142569608,0.042572193,2.033470355
2,68,211318720,67,0.217175369,0.142569608,0.005592519,0.250542255
23,68,211318720,67,0.218636321,0.142569608,0.005592519,0.254051906
18,68,211318720,67,0.291309717,0.142569608,0.005592519,0.455651668
21,68,211318720,67,0.301447636,0.142569608,0.005592519,0.499820842
30,68,211318720,67,0.333771051,0.142569608,0.005592519,0.641649847
17,68,211318720,67,0.401427962,0.142569608,0.005592519,0.938365210
9,68,211318720,67,0.406314018,0.142569608,0.005592519,0.956504231
1,68,211318720,67,0.406369678,0.142569608,0.005592519,0.956676479
13,68,211318720,67,0.420281467,0.142569608,0.005592519,0.989672948
25,68,211318720,67,0.452040546,0.142569608,0.005592519,1.023072723
22,68,211318720,67,0.469100688,0.142569608,0.005592519,1.030145183
20,68,211318720,67,0.752566429,0.142569608,0.005592519,1.476035649
12,68,211318720,67,0.764463287,0.142569608,0.005592519,1.528332690
19,68,211318720,67,0.781082769,0.142569608,0.005592519,1.590173502
11,68,211318720,67,0.802276566,0.142569608,0.005592519,1.654860529
28,68,211318720,67,0.806589981,0.142569608,0.005592519,1.667444241
3,68,211318720,67,0.809045384,0.142569608,0.005592519,1.672838271
4,68,211318720,67,0.821650137,0.142569608,0.005592519,1.694126341
29,68,211318720,67,0.832820764,0.142569608,0.005592519,1.705715933
14,68,211318720,67,1.101347065,0.142569608,0.005592519,1.899508772
24,68,211318720,67,1.163510533,0.142569608,0.005592519,2.018377704
6,68,211318720,67,1.185253134,0.142569608,0.005592519,2.056350208
26,68,211318720,67,1.235957661,0.142569608,0.005592519,2.113368889
5,68,211318720,67,1.289231248,0.142569608,0.005592519,2.169786331
27,68,211318720,67,1.374381413,0.142569608,0.005592519,2.256829033
10,68,211318720,67,1.436765414,0.142569608,0.005592519,2.279402892
15,68,211318720,67,0.420513033,0.142569608,0.005592519,3.316405636
8,68,211318720,67,1.657194393,0.142569608,0.005592519,2.311972285
7,68,211318720,67,2.452082856,0.142569608,0.005592519,2.086357063
16,68,211318720,67,0.945577756,0.142569608,0.005592519,3.607027463
25,69,211318720,67,0.274486776,0.142569608,0.028862150,0.359363251
26,69,211318720,67,0.281178980,0.142569608,0.028862150,0.399788281
11,69,211318720,67,0.325376681,0.142569608,0.028862150,0.659228250
18,69,211318720,67,0.340022068,0.142569608,0.028862150,0.750741883
13,69,211318720,67,0.352250991,0.142569608,0.028862150,0.820566717
27,69,211318720,67,0.384275535,0.142569608,0.028862150,0.987804845
15,69,211318720,67,0.397487178,0.142569608,0.028862150,1.054502781
9,69,211318720,67,0.401427962,0.142569608,0.028862150,1.071955145
5,69,211318720,67,0.402068091,0.142569608,0.028862150,1.074326145
10,69,211318720,67,0.411648825,0.142569608,0.028862150,1.103663323
23,69,211318720,67,0.459361129,0.142569608,0.028862150,1.191458744
14,69,211318720,67,0.471067229,0.142569608,0.028862150,1.204010702
29,69,211318720,67,0.519929897,0.142569608,0.028862150,1.223309700
12,69,211318720,67,0.668942036,0.142569608,0.028862150,1.296876938
7,69,211318720,67,0.781082769,0.142569608,0.028862150,1.471623271
1,69,211318720,67,0.819719265,0.142569608,0.028862150,1.558613595
16,69,211318720,67,0.832820764,0.142569608,0.028862150,1.598535929
28,69,211318720,67,0.940637450,0.142569608,0.028862150,1.853290769
19,69,211318720,67,0.941278721,0.142569608,0.028862150,1.854315592
2,69,211318720,67,0.945577756,0.142569608,0.028862150,1.858829143
20,69,211318720,67,0.952025692,0.142569608,0.028862150,1.861518472
17,69,211318720,67,1.165294969,0.142569608,0.028862150,2.000574020
6,69,211318720,67,1.185253134,0.142569608,0.028862150,2.021653801
24,69,211318720,67,1.275961791,0.142569608,0.028862150,2.102255076
4,69,211318720,67,1.349170437,0.142569608,0.028862150,2.168143487
3,69,211318720,67,1.436765414,0.142569608,0.028862150,2.201278441
30,69,211318720,67,1.854731332,0.142569608,0.028862150,2.239643753
8,69,211318720,67,1.904038728,0.142569608,0.028862150,2.258657963
21,69,211318720,67,1.934453384,0.142569608,0.028862150,2.250134426
22,69,211318720,67,0.420513033,0.142569608,0.028862150,3.857845636
10,70,211318720,67,0.262618358,0.142569608,0.003879616,0.349111664
6,70,211318720,67,0.299654210,0.142569608,0.003879616,0.526464413
9,70,211318720,67,0.301447636,0.142569608,0.003879616,0.534356267
3,70,211318720,67,0.344720398,0.142569608,0.003879616,0.713021553
30,70,211318720,67,0.345303952,0.142569608,0.003879616,0.715266248
20,70,211318720,67,0.346780912,0.142569608,0.003879616,0.719862433
14,70,211318720,67,0.349695505,0.142569608,0.003879616,0.727006474
25,70,211318720,67,0.405338182,0.142569608,0.003879616,0.871130030
17,70,211318720,67,0.420281467,0.142569608,0.003879616,0.906669851
27,70,211318720,67,0.459292393,0.142569608,0.003879616,0.973949221
28,70,211318720,67,0.507433692,0.142569608,0.003879616,1.025567553
24,70,211318720,67,0.515830983,0.142569608,0.003879616,1.028541795
5,70,211318720,67,0.668942036,0.142569608,0.003879616,1.266093403
2,70,211318720,67,0.698254705,0.142569608,0.003879616,1.366569600
16,70,211318720,67,0.737725058,0.142569608,0.003879616,1.486821681
13,70,211318720,67,0.757188691,0.142569608,0.003879616,1.533202089
4,70,211318720,67,0.781082769,0.142569608,0.003879616,1.574236321
22,70,211318720,67,0.809045384,0.142569608,0.003879616,1.604154801
19,70,211318720,67,0.823874673,0.142569608,0.003879616,1.609333549
26,70,211318720,67,0.986327720,0.142569608,0.003879616,1.659315029
7,70,211318720,67,1.165294969,0.142569608,0.003879616,1.904857028
23,70,211318720,67,1.183831296,0.142569608,0.003879616,1.948969731
21,70,211318720,67,1.205968091,0.142569608,0.003879616,1.987399753
1,70,211318720,67,1.235957661,0.142569608,0.003879616,2.019360974
8,70,211318720,67,1.304662576,0.142569608,0.003879616,2.045632005
15,70,211318720,67,1.591305991,0.142569608,0.003879616,2.060308739
12,70,211318720,67,2.036967590,0.142569608,0.003879616,2.102517883
18,70,211318720,67,2.070019088,0.142569608,0.003879616,2.116002319
29,70,211318720,67,2.502933016,0.142569608,0.003879616,2.087374095
11,70,211318720,67,3.042432322,0.142569608,0.003879616,1.934449996
20,71,211318720,67,0.325376681,0.142569608,0.030530134,0.411692545
22,71,211318720,67,0.332457627,0.142569608,0.030530134,0.449113828
24,71,211318720,67,0.357826991,0.142569608,0.030530134,0.580123825
30,71,211318720,67,0.387058100,0.142569608,0.030530134,0.727516731
29,71,211318720,67,0.401123492,0.142569608,0.030530134,0.789726657
1,71,211318720,67,0.405338182,0.142569608,0.030530134,0.805644283
11,71,211318720,67,0.420513033,0.142569608,0.030530134,0.852062868
25,71,211318720,67,0.434572014,0.142569608,0.030530134,0.885834502
9,71,211318720,67,0.469331802,0.142569608,0.030530134,0.945122341
4,71,211318720,67,0.496683722,0.142569608,0.030530134,0.959277894
23,71,211318720,67,0.635595755,0.142569608,0.030530134,1.197740492
3,71,211318720,67,0.694847525,0.142569608,0.030530134,1.365699033
8,71,211318720,67,0.695802929,0.142569608,0.030530134,1.369276234
21,71,211318720,67,0.698254705,0.142569608,0.030530134,1.376818996
7,71,211318720,67,0.747118578,0.142569608,0.030530134,1.494066355
2,71,211318720,67,0.815600578,0.142569608,0.030530134,1.631517842
15,71,211318720,67,0.823874673,0.142569608,0.030530134,1.651396077
14,71,211318720,67,0.832820764,0.142569608,0.030530134,1.671419539
28,71,211318720,67,0.940637450,0.142569608,0.030530134,1.914044505
16,71,211318720,67,0.945577756,0.142569608,0.030530134,1.922133030
26,71,211318720,67,0.969201848,0.142569608,0.030530134,1.957337501
18,71,211318720,67,0.998676963,0.142569608,0.030530134,2.008637899
19,71,211318720,67,1.102987746,0.142569608,0.030530134,2.144141831
17,71,211318720,67,1.104358980,0.142569608,0.030530134,2.145697331
12,71,211318720,67,1.205812777,0.142569608,0.030530134,2.220753233
10,71,211318720,67,1.294309936,0.142569608,0.030530134,2.255042261
6,71,211318720,67,0.471067229,0.142569608,0.030530134,3.207397951
27,71,211318720,67,2.387739789,0.142569608,0.030530134,2.095078617
5,71,211318720,67,2.452082856,0.142569608,0.030530134,2.120507610
13,71,211318720,67,2.851214341,0.142569608,0.030530134,2.005014232
11,72,211318720,67,0.205499149,0.142569608,0.032037798,0.072070624
17,72,211318720,67,0.332457627,0.142569608,0.032037798,0.502868522
16,72,211318720,67,0.338645076,0.142569608,0.032037798,0.525930641
30,72,211318720,67,0.357859759,0.142569608,0.032037798,0.587326172
18,72,211318720,67,0.387058100,0.142569608,0.032037798,0.691225206
5,72,211318720,67,0.405338182,0.142569608,0.032037798,0.747085020
29,72,211318720,67,0.496683722,0.142569608,0.032037798,0.905026155
21,72,211318720,67,0.507433692,0.142569608,0.032037798,0.916646061
6,72,211318720,67,0.515830983,0.142569608,0.032037798,0.920066340
24,72,211318720,67,0.668942036,0.142569608,0.032037798,1.083275711
19,72,211318720,67,0.670439746,0.142569608,0.032037798,1.086726015
13,72,211318720,67,0.799520819,0.142569608,0.032037798,1.465619630
20,72,211318720,67,0.802276566,0.142569608,0.032037798,1.472249629
14,72,211318720,67,0.806589981,0.142569608,0.032037798,1.479610805
3,72,211318720,67,0.815600578,0.142569608,0.032037798,1.488906117
7,72,211318720,67,0.832073278,0.142569608,0.032037798,1.494742050
2,72,211318720,67,1.021439625,0.142569608,0.032037798,1.636498087
22,72,211318720,67,0.372439086,0.142569608,0.032037798,2.425709167
10,72,211318720,67,1.076130101,0.142569608,0.032037798,1.739763058
1,72,211318720,67,1.102987746,0.142569608,0.032037798,1.786524959
28,72,211318720,67,1.183831296,0.142569608,0.032037798,1.926644433
27,72,211318720,67,1.185253134,0.142569608,0.032037798,1.929135228
9,72,211318720,67,0.406314018,0.142569608,0.032037798,2.768426699
8,72,211318720,67,1.374381413,0.142569608,0.032037798,2.155075455
12,72,211318720,67,1.436765414,0.142569608,0.032037798,2.177607220
4,72,211318720,67,1.720860573,0.142569608,0.032037798,2.193715556
23,72,211318720,67,1.973971545,0.142569608,0.032037798,2.215832160
15,72,211318720,67,2.122991969,0.142569608,0.032037798,2.173461314
26,72,211318720,67,1.275961791,0.142569608,0.032037798,3.083034401
25,72,211318720,67,1.294309936,0.142569608,0.032037798,3.066454405
30,73,211318720,67,0.217175369,0.142569608,0.154026538,0.221039501
17,73,211318720,67,0.218636321,0.142569608,0.154026538,0.224685479
8,73,211318720,67,0.274486776,0.142569608,0.154026538,0.360485217
23,73,211318720,67,0.346780912,0.142569608,0.154026538,0.603079185
15,73,211318720,67,0.347471629,0.142569608,0.154026538,0.605209275
3,73,211318720,67,0.372439086,0.142569608,0.154026538,0.664494616
6,73,211318720,67,0.402068091,0.142569608,0.154026538,0.715127090
12,73,211318720,67,0.420513033,0.142569608,0.154026538,0.734747913
26,73,211318720,67,0.452040546,0.142569608,0.154026538,0.747438294
28,73,211318720,67,0.635595755,0.142569608,0.154026538,0.842845609
24,73,211318720,67,0.714799086,0.142569608,0.154026538,0.956820370
21,73,211318720,67,0.764463287,0.142569608,0.154026538,1.041852367
29,73,211318720,67,0.823874673,0.142569608,0.154026538,1.152192491
10,73,211318720,67,0.846862281,0.142569608,0.154026538,1.193794812
2,73,211318720,67,0.919655903,0.142569608,0.154026538,1.429622537
4,73,211318720,67,0.941278721,0.142569608,0.154026538,1.507677042
18,73,211318720,67,0.986327720,0.142569608,0.154026538,1.645410348
16,73,211318720,67,0.990430268,0.142569608,0.154026538,1.655248290
14,73,211318720,67,1.009629524,0.142569608,0.154026538,1.688829452
22,73,211318720,67,1.021439625,0.142569608,0.154026538,1.701505749
1,73,211318720,67,1.065657761,0.142569608,0.154026538,1.759793108
9,73,211318720,67,1.163510533,0.142569608,0.154026538,1.862927505
5,73,211318720,67,1.188858293,0.142569608,0.154026538,1.872397409
19,73,211318720,67,1.720860573,0.142569608,0.154026538,1.819465340
13,73,211318720,67,2.036967590,0.142569608,0.154026538,1.927037290
11,73,211318720,67,2.070019088,0.142569608,0.154026538,1.962281674
27,73,211318720,67,2.141684867,0.142569608,0.154026538,1.990565665
20,73,211318720,67,2.387739789,0.142569608,0.154026538,2.035025606
25,73,211318720,67,2.500940347,0.142569608,0.154026538,2.078669712
7,73,211318720,67,2.580293565,0.142569608,0.154026538,2.056088013
28,74,211318720,67,0.218636321,0.142569608,0.130615205,0.138384492
23,74,211318720,67,0.291309717,0.142569608,0.130615205,0.329857316
30,74,211318720,67,0.325376681,0.142569608,0.130615205,0.411182520
21,74,211318720,67,0.344720398,0.142569608,0.130615205,0.444271249
19,74,211318720,67,0.357859759,0.142569608,0.130615205,0.467563990
7,74,211318720,67,0.407748930,0.142569608,0.130615205,0.586864607
9,74,211318720,67,0.491628020,0.142569608,0.130615205,0.732190191
16,74,211318720,67,0.496683722,0.142569608,0.130615205,0.740093347
17,74,211318720,67,0.497832446,0.142569608,0.130615205,0.741270116
26,74,211318720,67,0.635595755,0.142569608,0.130615205,0.965329672
27,74,211318720,67,0.687056158,0.142569608,0.130615205,1.114315289
14,74,211318720,67,0.695802929,0.142569608,0.130615205,1.134996756
20,74,211318720,67,0.737146514,0.142569608,0.130615205,1.228283966
13,74,211318720,67,0.737725058,0.142569608,0.130615205,1.229267861
4,74,211318720,67,0.790535894,0.142569608,0.130615205,1.284631336
12,74,211318720,67,0.846862281,0.142569608,0.130615205,1.319355052
10,74,211318720,67,0.969201848,0.142569608,0.130615205,1.569044967
22,74,211318720,67,1.009629524,0.142569608,0.130615205,1.693272120
8,74,211318720,67,1.021439625,0.142569608,0.130615205,1.721649630
1,74,211318720,67,1.044856486,0.142569608,0.130615205,1.762342050
5,74,211318720,67,1.077776804,0.142569608,0.130615205,1.827009629
29,74,211318720,67,1.101347065,0.142569608,0.130615205,1.868202893
25,74,211318720,67,1.188858293,0.142569608,0.130615205,2.017104605
15,74,211318720,67,1.205812777,0.142569608,0.130615205,2.046235876
6,74,211318720,67,1.275961791,0.142569608,0.130615205,2.119651915
11,74,211318720,67,1.304662576,0.142569608,0.130615205,2.130582695
18,74,211318720,67,2.280323170,0.142569608,0.130615205,2.030797535
24,74,211318720,67,2.303361475,0.142569608,0.130615205,2.040260360
2,74,211318720,67,2.500940347,0.142569608,0.130615205,2.077404374
3,74,211318720,67,2.759003758,0.142569608,0.130615205,2.003551114
15,75,211318720,67,0.262618358,0.142569608,0.061051216,0.349310139
1,75,211318720,67,0.274486776,0.142569608,0.061051216,0.393742780
3,75,211318720,67,0.294632521,0.142569608,0.061051216,0.477158784
30,75,211318720,67,0.310267843,0.142569608,0.061051216,0.535703885
5,75,211318720,67,0.340840754,0.142569608,0.061051216,0.646352392
26,75,211318720,67,0.366496772,0.142569608,0.061051216,0.750361525
25,75,211318720,67,0.397487178,0.142569608,0.061051216,0.886448869
7,75,211318720,67,0.420281467,0.142569608,0.061051216,0.971374110
29,75,211318720,67,0.420773321,0.142569608,0.061051216,0.972860140
14,75,211318720,67,0.469331802,0.142569608,0.061051216,1.088184966
11,75,211318720,67,0.471067229,0.142569608,0.061051216,1.091162890
21,75,211318720,67,0.497832446,0.142569608,0.061051216,1.118672496
4,75,211318720,67,0.507433692,0.142569608,0.061051216,1.121831149
22,75,211318720,67,0.714799086,0.142569608,0.061051216,1.292355258
28,75,211318720,67,0.747118578,0.142569608,0.061051216,1.370185598
8,75,211318720,67,0.815600578,0.142569608,0.061051216,1.496052164
17,75,211318720,67,0.819719265,0.142569608,0.061051216,1.503194255
10,75,211318720,67,0.846862281,0.142569608,0.061051216,1.532349177
20,75,211318720,67,0.945577756,0.142569608,0.061051216,1.792988038
12,75,211318720,67,0.990430268,0.142569608,0.061051216,1.900679249
27,75,211318720,67,0.999831002,0.142569608,0.061051216,1.916891890
13,75,211318720,67,1.007648939,0.142569608,0.061051216,1.925000466
19,75,211318720,67,1.021439625,0.142569608,0.061051216,1.930490560
6,75,211318720,67,1.185253134,0.142569608,0.061051216,1.980380704
2,75,211318720,67,1.436765414,0.142569608,0.061051216,2.046524810
16,75,211318720,67,1.522868244,0.142569608,0.061051216,2.129902978
18,75,211318720,67,1.591305991,0.142569608,0.061051216,2.155863783
9,75,211318720,67,2.452082856,0.142569608,0.061051216,2.072890414
23,75,211318720,67,2.502933016,0.142569608,0.061051216,2.092318070
24,75,211318720,67,2.580293565,0.142569608,0.061051216,2.070173814
15,76,211318720,67,0.262618358,0.142569608,0.034317110,0.395605389
10,76,211318720,67,0.281178980,0.142569608,0.034317110,0.504145003
13,76,211318720,67,0.301447636,0.142569608,0.034317110,0.619765497
20,76,211318720,67,0.310267843,0.142569608,0.034317110,0.664125795
11,76,211318720,67,0.340022068,0.142569608,0.034317110,0.794551353
28,76,211318720,67,0.345303952,0.142569608,0.034317110,0.814534746
9,76,211318720,67,0.384120181,0.142569608,0.034317110,0.940340830
2,76,211318720,67,0.384275535,0.142569608,0.034317110,0.940966023
3,76,211318720,67,0.391378383,0.142569608,0.034317110,0.962723918
4,76,211318720,67,0.397487178,0.142569608,0.034317110,0.977307553
30,76,211318720,67,0.519929897,0.142569608,0.034317110,1.123747666
19,76,211318720,67,0.522957550,0.142569608,0.034317110,1.124911223
16,76,211318720,67,0.694847525,0.142569608,0.034317110,1.206576998
8,76,211318720,67,0.799520819,0.142569608,0.034317110,1.333077099
27,76,211318720,67,0.822082714,0.142569608,0.034317110,1.357288207
25,76,211318720,67,0.917862357,0.142569608,0.034317110,1.398369025
26,76,211318720,67,1.055621497,0.142569608,0.034317110,1.648922046
18,76,211318720,67,1.065657761,0.142569608,0.034317110,1.672920842
5,76,211318720,67,1.076130101,0.142569608,0.034317110,1.690747100
21,76,211318720,67,1.165294969,0.142569608,0.034317110,1.828915215
7,76,211318720,67,1.188858293,0.142569608,0.034317110,1.854259027
14,76,211318720,67,1.241069629,0.142569608,0.034317110,1.873805834
29,76,211318720,67,1.414402113,0.142569608,0.034317110,1.920150299
1,76,211318720,67,0.420773321,0.142569608,0.034317110,2.955042686
22,76,211318720,67,1.772163784,0.142569608,0.034317110,1.916426580
17,76,211318720,67,1.934453384,0.142569608,0.034317110,1.963414234
6,76,211318720,67,2.122991969,0.142569608,0.034317110,2.006960236
23,76,211318720,67,2.303361475,0.142569608,0.034317110,2.051717981
24,76,211318720,67,3.341109767,0.142569608,0.034317110,1.861370345
12,76,211318720,67,2.580293565,0.142569608,0.034317110,2.690225214
19,77,211318720,67,0.272776191,0.142569608,0.040067166,0.335161799
5,77,211318720,67,0.294632521,0.142569608,0.040067166,0.461379792
3,77,211318720,67,0.309103827,0.142569608,0.040067166,0.544794112
9,77,211318720,67,0.333771051,0.142569608,0.040067166,0.672265520
29,77,211318720,67,0.384120181,0.142569608,0.040067166,0.913621763
22,77,211318720,67,0.406369678,0.142569608,0.040067166,1.011222449
2,77,211318720,67,0.406841767,0.142569608,0.040067166,1.012984142
10,77,211318720,67,0.407748930,0.142569608,0.040067166,1.015692524
7,77,211318720,67,0.416831058,0.142569608,0.040067166,1.037663518
18,77,211318720,67,0.434572014,0.142569608,0.040067166,1.068136893
20,77,211318720,67,0.471067229,0.142569608,0.040067166,1.107390004
13,77,211318720,67,0.519929897,0.142569608,0.040067166,1.127010919
1,77,211318720,67,0.687056158,0.142569608,0.040067166,1.524701861
4,77,211318720,67,0.695802929,0.142569608,0.040067166,1.562655816
23,77,211318720,67,0.714799086,0.142569608,0.040067166,1.633419776
6,77,211318720,67,0.747118578,0.142569608,0.040067166,1.731340456
26,77,211318720,67,0.756670836,0.142569608,0.040067166,1.754479956
17,77,211318720,67,0.757188691,0.142569608,0.040067166,1.755368220
8,77,211318720,67,0.828887397,0.142569608,0.040067166,1.799555402
12,77,211318720,67,1.021439625,0.142569608,0.040067166,2.005847191
25,77,211318720,67,1.024237500,0.142569608,0.040067166,2.008907833
11,77,211318720,67,1.055621497,0.142569608,0.040067166,2.020592489
27,77,211318720,67,1.423528796,0.142569608,0.040067166,2.050199780
16,77,211318720,67,1.509114459,0.142569608,0.040067166,2.123694965
14,77,211318720,67,1.591305991,0.142569608,0.040067166,2.205278071
21,77,211318720,67,1.657194393,0.142569608,0.040067166,2.232335137
30,77,211318720,67,2.241835908,0.142569608,0.040067166,2.167648447
15,77,211318720,67,2.487518451,0.142569608,0.040067166,2.097349209
24,77,211318720,67,0.781082769,0.142569608,0.040067166,3.809000234
28,77,211318720,67,0.357826991,0.142569608,0.040067166,4.266328089
24,78,211318720,67,0.205499149,0.142569608,0.030183051,0.088008737
29,78,211318720,67,0.331927073,0.142569608,0.030183051,0.879353698
11,78,211318720,67,0.332457627,0.142569608,0.030183051,0.883405746
1,78,211318720,67,0.338645076,0.142569608,0.030183051,0.927302686
25,78,211318720,67,0.340840754,0.142569608,0.030183051,0.941372971
8,78,211318720,67,0.345303952,0.142569608,0.030183051,0.967012098
27,78,211318720,67,0.347471629,0.142569608,0.030183051,0.977994259
28,78,211318720,67,0.372439086,0.142569608,0.030183051,1.099461246
5,78,211318720,67,0.393703093,0.142569608,0.030183051,1.193189015
2,78,211318720,67,0.397487178,0.142569608,0.030183051,1.207261932
4,78,211318720,67,0.402068091,0.142569608,0.030183051,1.221030729
12,78,211318720,67,0.406314018,0.142569608,0.030183051,1.231309840
21,78,211318720,67,0.406841767,0.142569608,0.030183051,1.232207684
13,78,211318720,67,0.459361129,0.142569608,0.030183051,1.287970392
15,78,211318720,67,0.497832446,0.142569608,0.030183051,1.303469981
7,78,211318720,67,0.656366503,0.142569608,0.030183051,1.433833729
14,78,211318720,67,0.698254705,0.142569608,0.030183051,1.509006280
10,78,211318720,67,0.781082769,0.142569608,0.030183051,1.708359692
6,78,211318720,67,0.819719265,0.142569608,0.030183051,1.774925635
26,78,211318720,67,0.823874673,0.142569608,0.030183051,1.779409384
9,78,211318720,67,1.188858293,0.142569608,0.030183051,1.968748396
18,78,211318720,67,1.205968091,0.142569608,0.030183051,2.009696791
3,78,211318720,67,1.241069629,0.142569608,0.030183051,2.070426694
23,78,211318720,67,1.284436966,0.142569608,0.030183051,2.116341684
16,78,211318720,67,1.304662576,0.142569608,0.030183051,2.123685966
20,78,211318720,67,1.522868244,0.142569608,0.030183051,2.158476518
19,78,211318720,67,2.502933016,0.142569608,0.030183051,2.020221402
30,78,211318720,67,2.580293565,0.142569608,0.030183051,2.049402743
17,78,211318720,67,2.656838111,0.142569608,0.030183051,2.027489686
22,78,211318720,67,0.832073278,0.142569608,0.030183051,3.853206722
5,79,211318720,67,0.262618358,0.142569608,0.010808513,0.355842911
21,79,211318720,67,0.294632521,0.142569608,0.010808513,0.514843707
8,79,211318720,67,0.310267843,0.142569608,0.010808513,0.594659380
6,79,211318720,67,0.333771051,0.142569608,0.010808513,0.724734985
24,79,211318720,67,0.340840754,0.142569608,0.010808513,0.760154026
20,79,211318720,67,0.347471629,0.142569608,0.010808513,0.789170148
18,79,211318720,67,0.367044128,0.142569608,0.010808513,0.861841492
26,79,211318720,67,0.391378383,0.142569608,0.010808513,0.936658262
19,79,211318720,67,0.416831058,0.142569608,0.010808513,0.997105777
7,79,211318720,67,0.452040546,0.142569608,0.010808513,1.042702713
25,79,211318720,67,0.459292393,0.142569608,0.010808513,1.045475117
15,79,211318720,67,0.635595755,0.142569608,0.010808513,1.333574492
29,79,211318720,67,0.656366503,0.142569608,0.010808513,1.397460827
1,79,211318720,67,0.689012139,0.142569608,0.010808513,1.475645087
3,79,211318720,67,0.694847525,0.142569608,0.010808513,1.485820037
12,79,211318720,67,0.737725058,0.142569608,0.010808513,1.531242224
14,79,211318720,67,0.747118578,0.142569608,0.010808513,1.534559622
17,79,211318720,67,0.919655903,0.142569608,0.010808513,1.687673231
27,79,211318720,67,0.952025692,0.142569608,0.010808513,1.733977970
2,79,211318720,67,1.009629524,0.142569608,0.010808513,1.794838831
4,79,211318720,67,1.076130101,0.142569608,0.010808513,1.879486559
22,79,211318720,67,1.163510533,0.142569608,0.010808513,1.991716445
9,79,211318720,67,1.183831296,0.142569608,0.010808513,2.013464860
16,79,211318720,67,1.275961791,0.142569608,0.010808513,2.049251229
30,79,211318720,67,0.430501742,0.142569608,0.010808513,3.088768660
10,79,211318720,67,1.522868244,0.142569608,0.010808513,2.080079550
28,79,211318720,67,1.657194393,0.142569608,0.010808513,2.132576099
11,79,211318720,67,2.194425436,0.142569608,0.010808513,2.080897511
23,79,211318720,67,2.452082856,0.142569608,0.010808513,2.104193418
13,79,211318720,67,2.759003758,0.142569608,0.010808513,2.017726586
15,80,211318720,67,0.281178980,0.142569608,0.096646287,0.345538832
16,80,211318720,67,0.333771051,0.142569608,0.096646287,0.649251276
17,80,211318720,67,0.345303952,0.142569608,0.096646287,0.715271222
7,80,211318720,67,0.357826991,0.142569608,0.096646287,0.778290196
13,80,211318720,67,0.357859759,0.142569608,0.096646287,0.778428048
10,80,211318720,67,0.384275535,0.142569608,0.096646287,0.876277040
5,80,211318720,67,0.391378383,0.142569608,0.096646287,0.897926682
8,80,211318720,67,0.401123492,0.142569608,0.096646287,0.920587926
26,80,211318720,67,0.402068091,0.142569608,0.096646287,0.922080486
24,80,211318720,67,0.405338182,0.142569608,0.096646287,0.925538284
9,80,211318720,67,0.471067229,0.142569608,0.096646287,0.951473870
29,80,211318720,67,0.668942036,0.142569608,0.096646287,1.072413548
14,80,211318720,67,0.746840162,0.142569608,0.096646287,1.276143537
28,80,211318720,67,0.769230066,0.142569608,0.096646287,1.329667171
1,80,211318720,67,0.799520819,0.142569608,0.096646287,1.396678005
4,80,211318720,67,0.828887397,0.142569608,0.096646287,1.446905657
6,80,211318720,67,0.846862281,0.142569608,0.096646287,1.465492058
30,80,211318720,67,0.919655903,0.142569608,0.096646287,1.521702894
2,80,211318720,67,1.021439625,0.142569608,0.096646287,1.560080902
18,80,211318720,67,1.183831296,0.142569608,0.096646287,1.846205762
20,80,211318720,67,1.185253134,0.142569608,0.096646287,1.850579355
3,80,211318720,67,1.235957661,0.142569608,0.096646287,1.991078420
11,80,211318720,67,1.278350893,0.142569608,0.096646287,2.091219517
22,80,211318720,67,1.304662576,0.142569608,0.096646287,2.119432712
19,80,211318720,67,1.349170437,0.142569608,0.096646287,2.135639283
23,80,211318720,67,2.487518451,0.142569608,0.096646287,1.945600482
12,80,211318720,67,2.575342822,0.142569608,0.096646287,1.979983076
25,80,211318720,67,2.851214341,0.142569608,0.096646287,1.998346418
27,80,211318720,67,3.341109767,0.142569608,0.096646287,1.860147428
21,80,211318720,67,1.275961791,0.142569608,0.096646287,3.928969829
15,81,211318720,67,0.309103827,0.142569608,0.046238922,0.309568711
24,81,211318720,67,0.325376681,0.142569608,0.046238922,0.363675316
21,81,211318720,67,0.352250991,0.142569608,0.046238922,0.446167131
4,81,211318720,67,0.420281467,0.142569608,0.046238922,0.609384120
19,81,211318720,67,0.452040546,0.142569608,0.046238922,0.664364052
13,81,211318720,67,0.459361129,0.142569608,0.046238922,0.671890121
30,81,211318720,67,0.469331802,0.142569608,0.046238922,0.675825964
3,81,211318720,67,0.668942036,0.142569608,0.046238922,0.995111526
8,81,211318720,67,0.687056158,0.142569608,0.046238922,1.069645123
12,81,211318720,67,0.695802929,0.142569608,0.046238922,1.102542285
29,81,211318720,67,0.328114621,0.142569608,0.046238922,1.605021959
14,81,211318720,67,0.752566429,0.142569608,0.046238922,1.307808728
1,81,211318720,67,0.756670836,0.142569608,0.046238922,1.317787240
22,81,211318720,67,0.806589981,0.142569608,0.046238922,1.409374319
17,81,211318720,67,0.819719265,0.142569608,0.046238922,1.432467061
5,81,211318720,67,0.839853738,0.142569608,0.046238922,1.453297268
18,81,211318720,67,0.940637450,0.142569608,0.046238922,1.608819390
16,81,211318720,67,0.990430268,0.142569608,0.046238922,1.660099770
10,81,211318720,67,0.999831002,0.142569608,0.046238922,1.664009157
23,81,211318720,67,1.183831296,0.142569608,0.046238922,1.705462788
2,81,211318720,67,1.423528796,0.142569608,0.046238922,1.732028255
6,81,211318720,67,1.591305991,0.142569608,0.046238922,1.782574833
9,81,211318720,67,1.934453384,0.142569608,0.046238922,1.811703926
25,81,211318720,67,2.036967590,0.142569608,0.046238922,1.917711676
28,81,211318720,67,0.746840162,0.142569608,0.046238922,3.246340071
27,81,211318720,67,2.070019088,0.142569608,0.046238922,1.930956927
20,81,211318720,67,2.303361475,0.142569608,0.046238922,1.958789174
7,81,211318720,67,2.759003758,0.142569608,0.046238922,1.927592714
26,81,211318720,67,3.341109767,0.142569608,0.046238922,1.860728625
11,81,211318720,67,3.411740796,0.142569608,0.046238922,1.840727613
20,82,211318720,67,0.291309717,0.142569608,0.024409242,0.535585919
12,82,211318720,67,0.299654210,0.142569608,0.024409242,0.588432869
4,82,211318720,67,0.301447636,0.142569608,0.024409242,0.598696356
6,82,211318720,67,0.338645076,0.142569608,0.024409242,0.787059970
8,82,211318720,67,0.340022068,0.142569608,0.024409242,0.793158356
2,82,211318720,67,0.344720398,0.142569608,0.024409242,0.810787752
25,82,211318720,67,0.366496772,0.142569608,0.024409242,0.877589713
21,82,211318720,67,0.384275535,0.142569608,0.024409242,0.920222664
30,82,211318720,67,0.401427962,0.142569608,0.024409242,0.949415209
9,82,211318720,67,0.405338182,0.142569608,0.024409242,0.953489835
11,82,211318720,67,0.434572014,0.142569608,0.024409242,0.964881083
17,82,211318720,67,0.687056158,0.142569608,0.024409242,1.280288044
24,82,211318720,67,0.695802929,0.142569608,0.024409242,1.312371570
15,82,211318720,67,0.737146514,0.142569608,0.024409242,1.439584459
29,82,211318720,67,0.756670836,0.142569608,0.024409242,1.486138016
23,82,211318720,67,0.757188691,0.142569608,0.024409242,1.487077729
22,82,211318720,67,0.781082769,0.142569608,0.024409242,1.512512285
26,82,211318720,67,0.809045384,0.142569608,0.024409242,1.529870757
28,82,211318720,67,0.941278721,0.142569608,0.024409242,1.698421056
3,82,211318720,67,0.999831002,0.142569608,0.024409242,1.837705702
10,82,211318720,67,1.024237500,0.142569608,0.024409242,1.880064584
27,82,211318720,67,1.055621497,0.142569608,0.024409242,1.913817344
16,82,211318720,67,1.077776804,0.142569608,0.024409242,1.932404427
13,82,211318720,67,1.205968091,0.142569608,0.024409242,2.063153795
1,82,211318720,67,1.278350893,0.142569608,0.024409242,2.139651748
19,82,211318720,67,1.294309936,0.142569608,0.024409242,2.145948155
5,82,211318720,67,1.436765414,0.142569608,0.024409242,2.200696519
18,82,211318720,67,2.122991969,0.142569608,0.024409242,2.102669270
14,82,211318720,67,2.487518451,0.142569608,0.024409242,2.095017820
7,82,211318720,67,2.610934393,0.142569608,0.024409242,2.060148331
11,83,211318720,67,0.262618358,0.142569608,0.001471866,0.253789493
3,83,211318720,67,0.272776191,0.142569608,0.001471866,0.292104033
21,83,211318720,67,0.299654210,0.142569608,0.001471866,0.422865940
25,83,211318720,67,0.367044128,0.142569608,0.001471866,0.769367167
15,83,211318720,67,0.384275535,0.142569608,0.001471866,0.856474708
23,83,211318720,67,0.407748930,0.142569608,0.001471866,0.955549807
4,83,211318720,67,0.411648825,0.142569608,0.001471866,0.967383978
19,83,211318720,67,0.416831058,0.142569608,0.001471866,0.980035391
5,83,211318720,67,0.420513033,0.142569608,0.001471866,0.986441998
17,83,211318720,67,0.452040546,0.142569608,0.001471866,1.020360590
26,83,211318720,67,0.491628020,0.142569608,0.001471866,1.036746816
18,83,211318720,67,0.689012139,0.142569608,0.001471866,1.357279209
12,83,211318720,67,0.737146514,0.142569608,0.001471866,1.595521916
9,83,211318720,67,0.747118578,0.142569608,0.001471866,1.639406645
13,83,211318720,67,0.764463287,0.142569608,0.001471866,1.704312585
20,83,211318720,67,0.769230066,0.142569608,0.001471866,1.719114068
29,83,211318720,67,0.781082769,0.142569608,0.001471866,1.747581037
24,83,211318720,67,0.790535894,0.142569608,0.001471866,1.763722507
6,83,211318720,67,0.809045384,0.142569608,0.001471866,1.790728435
27,83,211318720,67,0.839853738,0.142569608,0.001471866,1.822725997
16,83,211318720,67,0.941278721,0.142569608,0.001471866,1.918515240
10,83,211318720,67,0.999831002,0.142569608,0.001471866,1.968309067
28,83,211318720,67,1.101347065,0.142569608,0.001471866,2.012214026
7,83,211318720,67,1.235957661,0.142569608,0.001471866,2.065404778
30,83,211318720,67,0.401427962,0.142569608,0.001471866,3.011224758
1,83,211318720,67,1.509114459,0.142569608,0.001471866,2.083976402
2,83,211318720,67,1.854731332,0.142569608,0.001471866,2.085010824
14,83,211318720,67,2.387739789,0.142569608,0.001471866,2.124531588
22,83,211318720,67,2.610934393,0.142569608,0.001471866,2.063788582
8,83,211318720,67,2.122991969,0.142569608,0.001471866,2.731017389
29,84,211318720,67,0.274486776,0.142569608,0.065966278,0.536580212
2,84,211318720,67,0.281178980,0.142569608,0.065966278,0.576464360
11,84,211318720,67,0.291309717,0.142569608,0.065966278,0.634726577
9,84,211318720,67,0.309103827,0.142569608,0.065966278,0.724414412
15,84,211318720,67,0.325376681,0.142569608,0.065966278,0.806847265
3,84,211318720,67,0.331808595,0.142569608,0.065966278,0.834944226
24,84,211318720,67,0.331927073,0.142569608,0.065966278,0.835356984
30,84,211318720,67,0.347471629,0.142569608,0.065966278,0.883416505
7,84,211318720,67,0.401123492,0.142569608,0.065966278,1.047348774
28,84,211318720,67,0.406841767,0.142569608,0.065966278,1.061009831
17,84,211318720,67,0.420773321,0.142569608,0.065966278,1.085542812
23,84,211318720,67,0.452040546,0.142569608,0.065966278,1.118678353
13,84,211318720,67,0.491628020,0.142569608,0.065966278,1.134359509
10,84,211318720,67,0.815600578,0.142569608,0.065966278,1.304380263
20,84,211318720,67,0.839853738,0.142569608,0.065966278,1.345035321
27,84,211318720,67,0.846862281,0.142569608,0.065966278,1.357771720
25,84,211318720,67,0.941278721,0.142569608,0.065966278,1.519591480
6,84,211318720,67,0.984046731,0.142569608,0.065966278,1.564185395
14,84,211318720,67,0.986327720,0.142569608,0.065966278,1.565064711
18,84,211318720,67,1.163510533,0.142569608,0.065966278,1.680860621
1,84,211318720,67,1.241069629,0.142569608,0.065966278,1.814571159
8,84,211318720,67,1.275961791,0.142569608,0.065966278,1.851169123
5,84,211318720,67,1.294309936,0.142569608,0.065966278,1.867525434
4,84,211318720,67,1.423528796,0.142569608,0.065966278,2.002376740
21,84,211318720,67,1.436765414,0.142569608,0.065966278,2.007239473
19,84,211318720,67,1.657194393,0.142569608,0.065966278,2.039886260
16,84,211318720,67,2.122991969,0.142569608,0.065966278,2.017676191
22,84,211318720,67,2.487518451,0.142569608,0.065966278,2.090325392
26,84,211318720,67,2.851214341,0.142569608,0.065966278,1.990066160
12,84,211318720,67,2.242581386,0.142569608,0.065966278,2.674346975
24,85,211318720,67,0.274486776,0.142569608,0.006975434,0.380003739
23,85,211318720,67,0.291309717,0.142569608,0.006975434,0.488053055
13,85,211318720,67,0.325376681,0.142569608,0.006975434,0.682168884
18,85,211318720,67,0.328114621,0.142569608,0.006975434,0.696671008
12,85,211318720,67,0.357826991,0.142569608,0.006975434,0.847041160
25,85,211318720,67,0.384120181,0.142569608,0.006975434,0.970094018
21,85,211318720,67,0.397487178,0.142569608,0.006975434,1.019247882
3,85,211318720,67,0.401123492,0.142569608,0.006975434,1.030417790
10,85,211318720,67,0.406841767,0.142569608,0.006975434,1.043932965
2,85,211318720,67,0.407748930,0.142569608,0.006975434,1.045538637
28,85,211318720,67,0.469331802,0.142569608,0.006975434,1.110625098
30,85,211318720,67,0.515830983,0.142569608,0.006975434,1.128598777
9,85,211318720,67,0.746840162,0.142569608,0.006975434,1.321114668
7,85,211318720,67,0.809045384,0.142569608,0.006975434,1.386420847
11,85,211318720,67,0.984046731,0.142569608,0.006975434,1.666412804
6,85,211318720,67,0.990430268,0.142569608,0.006975434,1.677373778
8,85,211318720,67,1.021439625,0.142569608,0.006975434,1.708660769
19,85,211318720,67,1.076130101,0.142569608,0.006975434,1.738196674
26,85,211318720,67,1.205812777,0.142569608,0.006975434,1.829796024
14,85,211318720,67,1.284436966,0.142569608,0.006975434,1.868293266
17,85,211318720,67,0.384275535,0.142569608,0.006975434,2.914763367
16,85,211318720,67,1.414402113,0.142569608,0.006975434,1.918809123
15,85,211318720,67,1.854731332,0.142569608,0.006975434,1.948714970
4,85,211318720,67,1.934453384,0.142569608,0.006975434,2.031791353
20,85,211318720,67,1.973971545,0.142569608,0.006975434,2.046412059
29,85,211318720,67,0.867005483,0.142569608,0.006975434,3.584648023
22,85,211318720,67,2.387739789,0.142569608,0.006975434,2.117019250
1,85,211318720,67,3.341109767,0.142569608,0.006975434,1.849330193
5,85,211318720,67,0.694847525,0.142569608,0.006975434,4.533415402
27,85,211318720,67,2.122991969,0.142569608,0.006975434,3.112695362
14,86,211318720,67,0.294632521,0.142569608,0.049023446,0.372647216
25,86,211318720,67,0.331927073,0.142569608,0.049023446,0.560879036
23,86,211318720,67,0.332457627,0.142569608,0.049023446,0.563171988
29,86,211318720,67,0.217175369,0.142569608,0.049023446,0.895596717
10,86,211318720,67,0.405338182,0.142569608,0.049023446,0.867859575
20,86,211318720,67,0.406314018,0.142569608,0.049023446,0.871478857
8,86,211318720,67,0.406841767,0.142569608,0.049023446,0.873204047
19,86,211318720,67,0.407748930,0.142569608,0.049023446,0.875400276
15,86,211318720,67,0.416831058,0.142569608,0.049023446,0.891155071
5,86,211318720,67,0.420513033,0.142569608,0.049023446,0.894973960
17,86,211318720,67,0.496683722,0.142569608,0.049023446,0.923386085
7,86,211318720,67,0.656366503,0.142569608,0.049023446,0.987422685
13,86,211318720,67,0.815600578,0.142569608,0.049023446,1.301156737
4,86,211318720,67,0.839853738,0.142569608,0.049023446,1.332620605
16,86,211318720,67,0.940637450,0.142569608,0.049023446,1.397502589
21,86,211318720,67,1.163510533,0.142569608,0.049023446,1.579043707
12,86,211318720,67,1.185253134,0.142569608,0.049023446,1.588283240
27,86,211318720,67,1.349170437,0.142569608,0.049023446,1.725098127
24,86,211318720,67,1.414402113,0.142569608,0.049023446,1.794187974
6,86,211318720,67,1.657194393,0.142569608,0.049023446,1.838458245
9,86,211318720,67,1.854731332,0.142569608,0.049023446,1.920040012
3,86,211318720,67,1.934453384,0.142569608,0.049023446,1.955422406
1,86,211318720,67,0.781082769,0.142569608,0.049023446,3.291210710
22,86,211318720,67,2.070019088,0.142569608,0.049023446,2.008564392
26,86,211318720,67,0.823874673,0.142569608,0.049023446,3.369854512
11,86,211318720,67,2.280323170,0.142569608,0.049023446,2.045194113
2,86,211318720,67,1.044856486,0.142569608,0.049023446,3.461491344
30,86,211318720,67,2.851214341,0.142569608,0.049023446,1.979944231
18,86,211318720,67,3.042432322,0.142569608,0.049023446,1.925519937
28,86,211318720,67,1.436765414,0.142569608,0.049023446,3.542386236
14,87,211318720,67,0.217175369,0.142569608,0.003374079,0.231662353
23,87,211318720,67,0.291309717,0.142569608,0.003374079,0.661226181
7,87,211318720,67,0.299654210,0.142569608,0.003374079,0.715005035
22,87,211318720,67,0.310267843,0.142569608,0.003374079,0.776532498
15,87,211318720,67,0.328114621,0.142569608,0.003374079,0.878819189
5,87,211318720,67,0.333771051,0.142569608,0.003374079,0.907566079
30,87,211318720,67,0.340840754,0.142569608,0.003374079,0.938629380
1,87,211318720,67,0.349695505,0.142569608,0.003374079,0.972181680
17,87,211318720,67,0.357859759,0.142569608,0.003374079,1.004401360
24,87,211318720,67,0.393703093,0.142569608,0.003374079,1.151862664
21,87,211318720,67,0.405338182,0.142569608,0.003374079,1.194720089
19,87,211318720,67,0.420513033,0.142569608,0.003374079,1.241219835
25,87,211318720,67,0.452040546,0.142569608,0.003374079,1.315990677
8,87,211318720,67,0.491628020,0.142569608,0.003374079,1.384430190
3,87,211318720,67,0.497832446,0.142569608,0.003374079,1.390842348
28,87,211318720,67,0.515830983,0.142569608,0.003374079,1.398377367
20,87,211318720,67,0.668942036,0.142569608,0.003374079,1.691835144
10,87,211318720,67,0.687056158,0.142569608,0.003374079,1.722790732
27,87,211318720,67,0.689012139,0.142569608,0.003374079,1.724745449
18,87,211318720,67,0.698254705,0.142569608,0.003374079,1.728086585
4,87,211318720,67,0.917862357,0.142569608,0.003374079,2.026744811
11,87,211318720,67,0.919655903,0.142569608,0.003374079,2.032232202
2,87,211318720,67,0.984046731,0.142569608,0.003374079,2.190857446
13,87,211318720,67,0.986327720,0.142569608,0.003374079,2.194644260
29,87,211318720,67,1.044856486,0.142569608,0.003374079,2.256471601
9,87,211318720,67,1.102987746,0.142569608,0.003374079,2.281704904
6,87,211318720,67,1.241069629,0.142569608,0.003374079,2.333686101
26,87,211318720,67,1.414402113,0.142569608,0.003374079,2.379121825
12,87,211318720,67,1.436765414,0.142569608,0.003374079,2.372760712
16,87,211318720,67,0.969201848,0.142569608,0.003374079,2.926754028
19,88,211318720,67,0.217175369,0.142569608,0.082775556,0.223451485
2,88,211318720,67,0.291309717,0.142569608,0.082775556,0.630080634
27,88,211318720,67,0.294632521,0.142569608,0.082775556,0.651201051
10,88,211318720,67,0.309103827,0.142569608,0.082775556,0.733925767
15,88,211318720,67,0.331927073,0.142569608,0.082775556,0.850662959
11,88,211318720,67,0.340022068,0.142569608,0.082775556,0.891119214
30,88,211318720,67,0.347471629,0.142569608,0.082775556,0.923720961
16,88,211318720,67,0.393703093,0.142569608,0.082775556,1.067770712
7,88,211318720,67,0.397487178,0.142569608,0.082775556,1.076697317
25,88,211318720,67,0.401427962,0.142569608,0.082775556,1.083333075
4,88,211318720,67,0.420773321,0.142569608,0.082775556,1.103661444
9,88,211318720,67,0.471067229,0.142569608,0.082775556,1.122896656
14,88,211318720,67,0.656366503,0.142569608,0.082775556,1.247629061
21,88,211318720,67,0.694847525,0.142569608,0.082775556,1.359969868
13,88,211318720,67,0.781082769,0.142569608,0.082775556,1.732812929
23,88,211318720,67,0.802276566,0.142569608,0.082775556,1.811373616
12,88,211318720,67,0.806589981,0.142569608,0.082775556,1.824056604
5,88,211318720,67,0.809045384,0.142569608,0.082775556,1.829624670
1,88,211318720,67,0.828887397,0.142569608,0.082775556,1.863906310
20,88,211318720,67,0.832820764,0.142569608,0.082775556,1.868055722
18,88,211318720,67,0.846862281,0.142569608,0.082775556,1.874108804
6,88,211318720,67,1.163510533,0.142569608,0.082775556,1.992063384
17,88,211318720,67,1.284436966,0.142569608,0.082775556,2.038288388
29,88,211318720,67,0.349695505,0.142569608,0.082775556,3.002812931
26,88,211318720,67,1.509114459,0.142569608,0.082775556,2.071947020
24,88,211318720,67,1.934453384,0.142569608,0.082775556,2.047005960
22,88,211318720,67,2.141684867,0.142569608,0.082775556,2.084727441
8,88,211318720,67,2.580293565,0.142569608,0.082775556,2.054002103
28,88,211318720,67,1.024237500,0.142569608,0.082775556,3.889759617
3,88,211318720,67,3.341109767,0.142569608,0.082775556,1.838998282
8,89,211318720,67,0.281178980,0.142569608,0.066957429,0.332818574
29,89,211318720,67,0.205499149,0.142569608,0.066957429,0.813936812
9,89,211318720,67,0.345303952,0.142569608,0.066957429,0.801136951
2,89,211318720,67,0.367044128,0.142569608,0.066957429,0.954349359
15,89,211318720,67,0.372439086,0.142569608,0.066957429,0.988987927
19,89,211318720,67,0.384120181,0.142569608,0.066957429,1.058137868
25,89,211318720,67,0.401427962,0.142569608,0.066957429,1.157171112
18,89,211318720,67,0.402068091,0.142569608,0.066957429,1.160446133
5,89,211318720,67,0.411648825,0.142569608,0.066957429,1.198766305
23,89,211318720,67,0.416831058,0.142569608,0.066957429,1.214808034
12,89,211318720,67,0.420773321,0.142569608,0.066957429,1.224251856
28,89,211318720,67,0.434572014,0.142569608,0.066957429,1.248580044
24,89,211318720,67,0.452040546,0.142569608,0.066957429,1.266655107
27,89,211318720,67,0.522957550,0.142569608,0.066957429,1.315243261
10,89,211318720,67,0.635595755,0.142569608,0.066957429,1.367991132
3,89,211318720,67,0.764463287,0.142569608,0.066957429,1.603339392
4,89,211318720,67,0.781082769,0.142569608,0.066957429,1.631996009
26,89,211318720,67,0.822148367,0.142569608,0.066957429,1.690911869
21,89,211318720,67,0.839853738,0.142569608,0.066957429,1.709156021
7,89,211318720,67,0.941278721,0.142569608,0.066957429,1.804962515
6,89,211318720,67,1.024237500,0.142569608,0.066957429,1.946209317
22,89,211318720,67,1.065657761,0.142569608,0.066957429,2.005826287
17,89,211318720,67,1.077776804,0.142569608,0.066957429,2.018962784
30,89,211318720,67,1.183831296,0.142569608,0.066957429,2.119174101
20,89,211318720,67,1.349170437,0.142569608,0.066957429,2.203826257
14,89,211318720,67,0.406369678,0.142569608,0.066957429,3.349101191
11,89,211318720,67,2.303361475,0.142569608,0.066957429,2.035661884
1,89,211318720,67,2.580293565,0.142569608,0.066957429,2.053683687
13,89,211318720,67,3.411740796,0.142569608,0.066957429,1.819721223
16,89,211318720,67,1.235957661,0.142569608,0.066957429,3.996390474
9,90,211318720,67,0.281178980,0.142569608,0.000087133,0.145811092
5,90,211318720,67,0.333771051,0.142569608,0.000087133,0.271531232
15,90,211318720,67,0.401427962,0.142569608,0.000087133,0.388253216
26,90,211318720,67,0.407748930,0.142569608,0.000087133,0.395001988
22,90,211318720,67,0.416831058,0.142569608,0.000087133,0.398339008
20,90,211318720,67,0.670439746,0.142569608,0.000087133,0.718504162
13,90,211318720,67,0.698254705,0.142569608,0.000087133,0.854509297
23,90,211318720,67,0.714799086,0.142569608,0.000087133,0.938819657
18,90,211318720,67,0.746840162,0.142569608,0.000087133,1.095389661
19,90,211318720,67,0.752566429,0.142569608,0.000087133,1.120592812
6,90,211318720,67,0.756670836,0.142569608,0.000087133,1.135815947
12,90,211318720,67,0.764463287,0.142569608,0.000087133,1.159840458
8,90,211318720,67,0.809045384,0.142569608,0.000087133,1.266101303
24,90,211318720,67,0.828887397,0.142569608,0.000087133,1.300004411
25,90,211318720,67,0.832820764,0.142569608,0.000087133,1.304269006
16,90,211318720,67,0.867005483,0.142569608,0.000087133,1.318539946
29,90,211318720,67,1.007648939,0.142569608,0.000087133,1.469728136
17,90,211318720,67,1.076130101,0.142569608,0.000087133,1.599034102
11,90,211318720,67,1.077776804,0.142569608,0.000087133,1.601935676
30,90,211318720,67,1.163510533,0.142569608,0.000087133,1.744412366
1,90,211318720,67,1.188858293,0.142569608,0.000087133,1.788172598
28,90,211318720,67,1.241069629,0.142569608,0.000087133,1.842856568
7,90,211318720,67,1.294309936,0.142569608,0.000087133,1.864005647
4,90,211318720,67,1.522868244,0.142569608,0.000087133,1.895800147
21,90,211318720,67,2.387739789,0.142569608,0.000087133,1.828319853
27,90,211318720,67,2.452082856,0.142569608,0.000087133,1.895119273
3,90,211318720,67,2.487518451,0.142569608,0.000087133,1.921202280
10,90,211318720,67,2.610934393,0.142569608,0.000087133,1.971314392
14,90,211318720,67,2.759003758,0.142569608,0.000087133,2.026235778
2,90,211318720,67,3.411740796,0.142569608,0.000087133,1.837620330
3,91,211318720,67,0.274486776,0.142569608,0.041140426,0.308045768
8,91,211318720,67,0.309103827,0.142569608,0.041140426,0.482006582
16,91,211318720,67,0.331927073,0.142569608,0.041140426,0.581461917
23,91,211318720,67,0.346780912,0.142569608,0.041140426,0.636917216
12,91,211318720,67,0.372439086,0.142569608,0.041140426,0.715002162
30,91,211318720,67,0.391378383,0.142569608,0.041140426,0.760344558
4,91,211318720,67,0.393703093,0.142569608,0.041140426,0.764515043
17,91,211318720,67,0.401427962,0.142569608,0.041140426,0.772861020
29,91,211318720,67,0.406314018,0.142569608,0.041140426,0.774425312
25,91,211318720,67,0.695802929,0.142569608,0.041140426,1.006954314
27,91,211318720,67,0.746840162,0.142569608,0.041140426,1.211698313
15,91,211318720,67,0.747118578,0.142569608,0.041140426,1.212744185
2,91,211318720,67,0.752566429,0.142569608,0.041140426,1.229209336
20,91,211318720,67,0.802276566,0.142569608,0.041140426,1.366892002
18,91,211318720,67,0.819719265,0.142569608,0.041140426,1.426714255
22,91,211318720,67,0.832073278,0.142569608,0.041140426,1.464728587
7,91,211318720,67,0.867005483,0.142569608,0.041140426,1.547757728
11,91,211318720,67,0.919655903,0.142569608,0.041140426,1.638935580
10,91,211318720,67,0.941278721,0.142569608,0.041140426,1.661830934
14,91,211318720,67,0.952025692,0.142569608,0.041140426,1.666202868
24,91,211318720,67,1.163510533,0.142569608,0.041140426,1.793787100
13,91,211318720,67,1.188858293,0.142569608,0.041140426,1.820011036
28,91,211318720,67,1.289231248,0.142569608,0.041140426,1.858088869
5,91,211318720,67,1.934453384,0.142569608,0.041140426,1.865741567
9,91,211318720,67,2.122991969,0.142569608,0.041140426,1.906163662
6,91,211318720,67,2.280323170,0.142569608,0.041140426,1.954552287
26,91,211318720,67,2.656838111,0.142569608,0.041140426,2.037112538
21,91,211318720,67,3.341109767,0.142569608,0.041140426,1.844054519
19,91,211318720,67,1.450159241,0.142569608,0.041140426,3.737651246
1,91,211318720,67,2.502933016,0.142569608,0.041140426,2.742275901
14,92,211318720,67,0.205499149,0.142569608,0.126014233,0.177660867
7,92,211318720,67,0.281178980,0.142569608,0.126014233,0.576463119
23,92,211318720,67,0.309103827,0.142569608,0.126014233,0.755067618
19,92,211318720,67,0.331927073,0.142569608,0.126014233,0.906712170
26,92,211318720,67,0.332457627,0.142569608,0.126014233,0.910002746
4,92,211318720,67,0.340022068,0.142569608,0.126014233,0.952744897
12,92,211318720,67,0.357826991,0.142569608,0.126014233,1.042985640
6,92,211318720,67,0.387058100,0.142569608,0.126014233,1.177474660
8,92,211318720,67,0.391378383,0.142569608,0.126014233,1.196400610
3,92,211318720,67,0.402068091,0.142569608,0.126014233,1.236761686
10,92,211318720,67,0.405338182,0.142569608,0.126014233,1.246448055
28,92,211318720,67,0.452040546,0.142569608,0.126014233,1.357469851
25,92,211318720,67,0.459292393,0.142569608,0.126014233,1.369902509
24,92,211318720,67,0.459361129,0.142569608,0.126014233,1.369954079
16,92,211318720,67,0.519929897,0.142569608,0.126014233,1.393751541
22,92,211318720,67,0.747118578,0.142569608,0.126014233,1.460146949
27,92,211318720,67,0.832820764,0.142569608,0.126014233,1.493202044
17,92,211318720,67,0.998676963,0.142569608,0.126014233,1.709903995
13,92,211318720,67,1.009629524,0.142569608,0.126014233,1.721531799
11,92,211318720,67,1.024237500,0.142569608,0.126014233,1.727414098
20,92,211318720,67,0.310267843,0.142569608,0.126014233,2.519506512
9,92,211318720,67,1.423528796,0.142569608,0.126014233,1.805010950
15,92,211318720,67,1.657194393,0.142569608,0.126014233,1.887314584
21,92,211318720,67,1.720860573,0.142569608,0.126014233,1.911210061
2,92,211318720,67,1.973971545,0.142569608,0.126014233,1.966812435
1,92,211318720,67,2.070019088,0.142569608,0.126014233,2.049426740
29,92,211318720,67,2.141684867,0.142569608,0.126014233,2.077571810
5,92,211318720,67,2.500940347,0.142569608,0.126014233,2.069797873
30,92,211318720,67,3.042432322,0.142569608,0.126014233,1.917131150
18,92,211318720,67,1.294309936,0.142569608,0.126014233,3.668455015
13,93,211318720,67,0.294632521,0.142569608,0.069538750,0.234414763
16,93,211318720,67,0.328114621,0.142569608,0.069538750,0.350199278
28,93,211318720,67,0.357826991,0.142569608,0.069538750,0.461724508
12,93,211318720,67,0.384275535,0.142569608,0.069538750,0.542793103
26,93,211318720,67,0.416831058,0.142569608,0.069538750,0.620204521
9,93,211318720,67,0.430501742,0.142569608,0.069538750,0.643434741
11,93,211318720,67,0.459292393,0.142569608,0.069538750,0.689449600
27,93,211318720,67,0.459361129,0.142569608,0.069538750,0.689522521
18,93,211318720,67,0.578321737,0.142569608,0.069538750,0.826522757
5,93,211318720,67,0.668942036,0.142569608,0.069538750,1.021184624
22,93,211318720,67,0.670439746,0.142569608,0.069538750,1.023786803
4,93,211318720,67,0.752566429,0.142569608,0.069538750,1.162013908
24,93,211318720,67,0.822148367,0.142569608,0.069538750,1.243147279
21,93,211318720,67,0.828887397,0.142569608,0.069538750,1.250234771
6,93,211318720,67,0.952025692,0.142569608,0.069538750,1.373427763
20,93,211318720,67,0.998676963,0.142569608,0.069538750,1.475080067
14,93,211318720,67,1.076130101,0.142569608,0.069538750,1.643706861
29,93,211318720,67,1.101347065,0.142569608,0.069538750,1.686032584
7,93,211318720,67,1.102987746,0.142569608,0.069538750,1.687704020
25,93,211318720,67,1.165294969,0.142569608,0.069538750,1.723405916
1,93,211318720,67,1.289231248,0.142569608,0.069538750,1.772590349
15,93,211318720,67,0.689012139,0.142569608,0.069538750,2.709152666
23,93,211318720,67,2.036967590,0.142569608,0.069538750,1.694416942
30,93,211318720,67,2.122991969,0.142569608,0.069538750,1.744359139
19,93,211318720,67,2.241835908,0.142569608,0.069538750,1.790056692
17,93,211318720,67,2.487518451,0.142569608,0.069538750,1.882619379
2,93,211318720,67,2.575342822,0.142569608,0.069538750,1.976257301
3,93,211318720,67,2.580293565,0.142569608,0.069538750,1.978252249
8,93,211318720,67,2.759003758,0.142569608,0.069538750,2.023036541
10,93,211318720,67,3.042432322,0.142569608,0.069538750,1.941323676
21,94,211318720,67,0.272776191,0.142569608,0.016059527,0.334789690
18,94,211318720,67,0.291309717,0.142569608,0.016059527,0.424602772
26,94,211318720,67,0.332457627,0.142569608,0.016059527,0.604484671
29,94,211318720,67,0.340840754,0.142569608,0.016059527,0.635669350
3,94,211318720,67,0.357859759,0.142569608,0.016059527,0.688862661
12,94,211318720,67,0.384120181,0.142569608,0.016059527,0.757437681
16,94,211318720,67,0.411648825,0.142569608,0.016059527,0.807585706
7,94,211318720,67,0.420773321,0.142569608,0.016059527,0.823315763
9,94,211318720,67,0.497832446,0.142569608,0.016059527,0.946522891
14,94,211318720,67,0.549024150,0.142569608,0.016059527,1.001022599
1,94,211318720,67,0.578321737,0.142569608,0.016059527,1.029504781
28,94,211318720,67,0.694847525,0.142569608,0.016059527,1.116156207
22,94,211318720,67,0.790535894,0.142569608,0.016059527,1.279016805
17,94,211318720,67,0.828887397,0.142569608,0.016059527,1.336516465
25,94,211318720,67,0.832073278,0.142569608,0.016059527,1.339912058
2,94,211318720,67,0.945577756,0.142569608,0.016059527,1.481914982
30,94,211318720,67,1.009629524,0.142569608,0.016059527,1.548772900
8,94,211318720,67,1.021439625,0.142569608,0.016059527,1.553629086
27,94,211318720,67,0.366496772,0.142569608,0.016059527,2.275802321
15,94,211318720,67,1.275961791,0.142569608,0.016059527,1.577734155
5,94,211318720,67,1.436765414,0.142569608,0.016059527,1.627566520
6,94,211318720,67,1.720860573,0.142569608,0.016059527,1.642065136
13,94,211318720,67,1.934453384,0.142569608,0.016059527,1.676832371
24,94,211318720,67,2.122991969,0.142569608,0.016059527,1.750566832
4,94,211318720,67,2.241835908,0.142569608,0.016059527,1.944839911
20,94,211318720,67,2.242581386,0.142569608,0.016059527,1.945547286
23,94,211318720,67,2.280323170,0.142569608,0.016059527,1.960593630
19,94,211318720,67,2.452082856,0.142569608,0.016059527,2.078006266
10,94,211318720,67,2.487518451,0.142569608,0.016059527,2.091411913
11,94,211318720,67,3.042432322,0.142569608,0.016059527,1.938976109
1,95,211318720,67,0.262618358,0.142569608,0.086398229,0.325098607
28,95,211318720,67,0.274486776,0.142569608,0.086398229,0.376990937
22,95,211318720,67,0.301447636,0.142569608,0.086398229,0.502226289
4,95,211318720,67,0.328114621,0.142569608,0.086398229,0.626597757
20,95,211318720,67,0.340022068,0.142569608,0.086398229,0.679376266
7,95,211318720,67,0.387058100,0.142569608,0.086398229,0.877130076
24,95,211318720,67,0.401427962,0.142569608,0.086398229,0.928216712
18,95,211318720,67,0.420513033,0.142569608,0.086398229,0.983732476
17,95,211318720,67,0.430501742,0.142569608,0.086398229,1.007854180
9,95,211318720,67,0.459292393,0.142569608,0.086398229,1.057337365
15,95,211318720,67,0.496683722,0.142569608,0.086398229,1.096906271
27,95,211318720,67,0.549024150,0.142569608,0.086398229,1.140562149
23,95,211318720,67,0.656366503,0.142569608,0.086398229,1.249873503
12,95,211318720,67,0.698254705,0.142569608,0.086398229,1.277336328
5,95,211318720,67,0.823874673,0.142569608,0.086398229,1.410107557
11,95,211318720,67,0.839853738,0.142569608,0.086398229,1.416344395
14,95,211318720,67,0.986327720,0.142569608,0.086398229,1.535528942
16,95,211318720,67,1.055621497,0.142569608,0.086398229,1.642055139
10,95,211318720,67,1.104358980,0.142569608,0.086398229,1.754227370
8,95,211318720,67,1.163510533,0.142569608,0.086398229,1.873888012
25,95,211318720,67,1.183831296,0.142569608,0.086398229,1.908632587
19,95,211318720,67,1.205812777,0.142569608,0.086398229,1.932545673
6,95,211318720,67,1.278350893,0.142569608,0.086398229,1.960007177
3,95,211318720,67,0.397487178,0.142569608,0.086398229,2.905665076
13,95,211318720,67,1.720860573,0.142569608,0.086398229,1.929332497
21,95,211318720,67,1.934453384,0.142569608,0.086398229,1.964078163
30,95,211318720,67,2.242581386,0.142569608,0.086398229,2.043313817
2,95,211318720,67,2.280323170,0.142569608,0.086398229,2.059054014
26,95,211318720,67,2.500940347,0.142569608,0.086398229,2.091548494
29,95,211318720,67,3.042432322,0.142569608,0.086398229,1.937615251
8,96,211318720,67,0.205499149,0.142569608,0.068698362,0.082114950
24,96,211318720,67,0.309103827,0.142569608,0.068698362,0.337812797
7,96,211318720,67,0.345303952,0.142569608,0.068698362,0.460656719
3,96,211318720,67,0.366496772,0.142569608,0.068698362,0.532572290
11,96,211318720,67,0.406369678,0.142569608,0.068698362,0.671579869
23,96,211318720,67,0.406841767,0.142569608,0.068698362,0.673057586
20,96,211318720,67,0.407748930,0.142569608,0.068698362,0.675194543
26,96,211318720,67,0.469331802,0.142569608,0.068698362,0.781651036
16,96,211318720,67,0.497832446,0.142569608,0.068698362,0.811461770
14,96,211318720,67,0.522957550,0.142569608,0.068698362,0.820764545
5,96,211318720,67,0.695802929,0.142569608,0.068698362,1.264431212
6,96,211318720,67,0.737725058,0.142569608,0.068698362,1.480402582
21,96,211318720,67,0.746840162,0.142569608,0.068698362,1.526013234
19,96,211318720,67,0.752566429,0.142569608,0.068698362,1.551566713
28,96,211318720,67,0.764463287,0.142569608,0.068698362,1.595884336
2,96,211318720,67,0.790535894,0.142569608,0.068698362,1.675743318
9,96,211318720,67,0.802276566,0.142569608,0.068698362,1.703931625
18,96,211318720,67,0.822148367,0.142569608,0.068698362,1.751043379
10,96,211318720,67,0.846862281,0.142569608,0.068698362,1.795451267
12,96,211318720,67,0.867005483,0.142569608,0.068698362,1.836929022
4,96,211318720,67,0.945577756,0.142569608,0.068698362,1.971170243
27,96,211318720,67,0.986327720,0.142569608,0.068698362,2.014861608
13,96,211318720,67,0.999831002,0.142569608,0.068698362,2.020454682
22,96,211318720,67,1.205968091,0.142569608,0.068698362,2.058067699
25,96,211318720,67,1.854731332,0.142569608,0.068698362,2.031320518
17,96,211318720,67,1.904038728,0.142569608,0.068698362,2.051569414
30,96,211318720,67,0.689012139,0.142569608,0.068698362,3.290347688
1,96,211318720,67,2.500940347,0.142569608,0.068698362,2.071426948
29,96,211318720,67,2.502933016,0.142569608,0.068698362,2.072255356
15,96,211318720,67,2.575342822,0.142569608,0.068698362,2.051778646
12,97,211318720,67,0.262618358,0.142569608,0.014214851,0.253448314
7,97,211318720,67,0.340840754,0.142569608,0.014214851,0.769889831
29,97,211318720,67,0.357826991,0.142569608,0.014214851,0.878609606
8,97,211318720,67,0.367044128,0.142569608,0.014214851,0.930738811
3,97,211318720,67,0.372439086,0.142569608,0.014214851,0.958210248
16,97,211318720,67,0.397487178,0.142569608,0.014214851,1.093032376
24,97,211318720,67,0.406841767,0.142569608,0.014214851,1.139928663
4,97,211318720,67,0.411648825,0.142569608,0.014214851,1.161001448
13,97,211318720,67,0.416831058,0.142569608,0.014214851,1.180345537
6,97,211318720,67,0.420513033,0.142569608,0.014214851,1.191366105
20,97,211318720,67,0.430501742,0.142569608,0.014214851,1.215457750
30,97,211318720,67,0.434572014,0.142569608,0.014214851,1.222019750
21,97,211318720,67,0.519929897,0.142569608,0.014214851,1.330408362
17,97,211318720,67,0.522957550,0.142569608,0.014214851,1.333686059
22,97,211318720,67,0.635595755,0.142569608,0.014214851,1.478412144
9,97,211318720,67,0.668942036,0.142569608,0.014214851,1.535413670
10,97,211318720,67,0.737725058,0.142569608,0.014214851,1.684758990
14,97,211318720,67,0.790535894,0.142569608,0.014214851,1.776628386
26,97,211318720,67,0.799520819,0.142569608,0.014214851,1.787064798
5,97,211318720,67,0.832073278,0.142569608,0.014214851,1.822394706
15,97,211318720,67,0.940637450,0.142569608,0.014214851,1.879189062
25,97,211318720,67,1.065657761,0.142569608,0.014214851,2.011730996
28,97,211318720,67,1.278350893,0.142569608,0.014214851,2.084409375
23,97,211318720,67,1.374381413,0.142569608,0.014214851,2.181864997
1,97,211318720,67,1.423528796,0.142569608,0.014214851,2.199460732
18,97,211318720,67,1.720860573,0.142569608,0.014214851,2.210855407
27,97,211318720,67,2.241835908,0.142569608,0.014214851,2.160022149
11,97,211318720,67,2.502933016,0.142569608,0.014214851,2.086814007
2,97,211318720,67,0.299654210,0.142569608,0.014214851,4.302340722
19,97,211318720,67,1.076130101,0.142569608,0.014214851,3.544394776
10,98,211318720,67,0.262618358,0.142569608,0.019242754,0.432694073
3,98,211318720,67,0.274486776,0.142569608,0.019242754,0.508880757
19,98,211318720,67,0.332457627,0.142569608,0.019242754,0.885490093
15,98,211318720,67,0.338645076,0.142569608,0.019242754,0.925148270
12,98,211318720,67,0.345303952,0.142569608,0.019242754,0.963213722
23,98,211318720,67,0.349695505,0.142569608,0.019242754,0.985339157
6,98,211318720,67,0.352250991,0.142569608,0.019242754,0.996493603
2,98,211318720,67,0.357859759,0.142569608,0.019242754,1.017012703
16,98,211318720,67,0.366496772,0.142569608,0.019242754,1.043906924
30,98,211318720,67,0.372439086,0.142569608,0.019242754,1.058368653
9,98,211318720,67,0.397487178,0.142569608,0.019242754,1.101403224
5,98,211318720,67,0.430501742,0.142569608,0.019242754,1.152019444
13,98,211318720,67,0.452040546,0.142569608,0.019242754,1.174256156
27,98,211318720,67,0.549024150,0.142569608,0.019242754,1.235344952
26,98,211318720,67,0.714799086,0.142569608,0.019242754,1.568847137
17,98,211318720,67,0.746840162,0.142569608,0.019242754,1.645681610
28,98,211318720,67,0.769230066,0.142569608,0.019242754,1.684450466
7,98,211318720,67,0.790535894,0.142569608,0.019242754,1.706036175
24,98,211318720,67,0.802276566,0.142569608,0.019242754,1.710544990
22,98,211318720,67,0.984046731,0.142569608,0.019242754,1.835559354
11,98,211318720,67,1.055621497,0.142569608,0.019242754,1.910935228
1,98,211318720,67,1.076130101,0.142569608,0.019242754,1.927583908
29,98,211318720,67,1.205968091,0.142569608,0.019242754,2.021778851
14,98,211318720,67,1.284436966,0.142569608,0.019242754,2.053153794
21,98,211318720,67,0.656366503,0.142569608,0.019242754,3.265725166
4,98,211318720,67,2.242581386,0.142569608,0.019242754,1.933681099
18,98,211318720,67,2.303361475,0.142569608,0.019242754,1.957476509
8,98,211318720,67,2.487518451,0.142569608,0.019242754,2.034869085
20,98,211318720,67,2.580293565,0.142569608,0.019242754,2.071827968
25,98,211318720,67,2.759003758,0.142569608,0.019242754,2.020426142
24,99,211318720,67,0.205499149,0.142569608,0.070787676,0.348116051
16,99,211318720,67,0.338645076,0.142569608,0.070787676,0.529559469
13,99,211318720,67,0.352250991,0.142569608,0.070787676,0.590824124
3,99,211318720,67,0.357859759,0.142569608,0.070787676,0.615017044
6,99,211318720,67,0.384120181,0.142569608,0.070787676,0.712471558
12,99,211318720,67,0.397487178,0.142569608,0.070787676,0.753064670
25,99,211318720,67,0.401427962,0.142569608,0.070787676,0.762634974
10,99,211318720,67,0.416831058,0.142569608,0.070787676,0.789061251
23,99,211318720,67,0.430501742,0.142569608,0.070787676,0.803567650
1,99,211318720,67,0.491628020,0.142569608,0.070787676,0.827502172
27,99,211318720,67,0.737725058,0.142569608,0.070787676,0.974699665
26,99,211318720,67,0.747118578,0.142569608,0.070787676,0.984457431
21,99,211318720,67,0.941278721,0.142569608,0.070787676,1.254618027
30,99,211318720,67,0.986327720,0.142569608,0.070787676,1.362959724
8,99,211318720,67,0.990430268,0.142569608,0.070787676,1.369703752
14,99,211318720,67,1.021439625,0.142569608,0.070787676,1.402329221
11,99,211318720,67,1.077776804,0.142569608,0.070787676,1.433567556
17,99,211318720,67,1.205968091,0.142569608,0.070787676,1.549017739
4,99,211318720,67,1.294309936,0.142569608,0.070787676,1.642732182
7,99,211318720,67,1.304662576,0.142569608,0.070787676,1.646322576
18,99,211318720,67,1.522868244,0.142569608,0.070787676,1.732241952
28,99,211318720,67,1.591305991,0.142569608,0.070787676,1.767304381
29,99,211318720,67,1.720860573,0.142569608,0.070787676,1.878410953
2,99,211318720,67,1.772163784,0.142569608,0.070787676,1.898641093
15,99,211318720,67,0.832073278,0.142569608,0.070787676,3.039238555
20,99,211318720,67,1.934453384,0.142569608,0.070787676,1.948587759
5,99,211318720,67,2.241835908,0.142569608,0.070787676,1.953584359
9,99,211318720,67,2.487518451,0.142569608,0.070787676,2.065147496
22,99,211318720,67,2.500940347,0.142569608,0.070787676,2.070338579
19,99,211318720,67,2.580293565,0.142569608,0.070787676,2.047838726
5,100,211318720,67,0.217175369,0.142569608,0.061782554,0.152115580
22,100,211318720,67,0.291309717,0.142569608,0.061782554,0.397610986
12,100,211318720,67,0.310267843,0.142569608,0.061782554,0.468623353
4,100,211318720,67,0.344720398,0.142569608,0.061782554,0.586045346
24,100,211318720,67,0.345303952,0.142569608,0.061782554,0.587711530
13,100,211318720,67,0.391378383,0.142569608,0.061782554,0.708179157
6,100,211318720,67,0.401427962,0.142569608,0.061782554,0.731720776
17,100,211318720,67,0.405338182,0.142569608,0.061782554,0.738293072
3,100,211318720,67,0.469331802,0.142569608,0.061782554,0.805303994
27,100,211318720,67,0.519929897,0.142569608,0.061782554,0.828949056
20,100,211318720,67,0.656366503,0.142569608,0.061782554,1.026869766
19,100,211318720,67,0.694847525,0.142569608,0.061782554,1.149198984
7,100,211318720,67,0.737725058,0.142569608,0.061782554,1.369858188
14,100,211318720,67,0.746840162,0.142569608,0.061782554,1.416138358
2,100,211318720,67,0.815600578,0.142569608,0.061782554,1.718557643
21,100,211318720,67,0.819719265,0.142569608,0.061782554,1.734085331
9,100,211318720,67,0.822082714,0.142569608,0.061782554,1.741292413
15,100,211318720,67,0.822148367,0.142569608,0.061782554,1.741444253
18,100,211318720,67,0.823874673,0.142569608,0.061782554,1.744470533
1,100,211318720,67,0.846862281,0.142569608,0.061782554,1.768530934
29,100,211318720,67,0.867005483,0.142569608,0.061782554,1.777571616
25,100,211318720,67,1.007648939,0.142569608,0.061782554,1.972416476
28,100,211318720,67,1.009629524,0.142569608,0.061782554,1.974366450
16,100,211318720,67,1.077776804,0.142569608,0.061782554,2.037145909
30,100,211318720,67,1.163510533,0.142569608,0.061782554,2.078545592
10,100,211318720,67,1.294309936,0.142569608,0.061782554,2.129240545
23,100,211318720,67,1.450159241,0.142569608,0.061782554,2.181650810
8,100,211318720,67,1.591305991,0.142569608,0.061782554,2.237673866
26,100,211318720,67,2.036967590,0.142569608,0.061782554,2.210209203
11,100,211318720,67,2.241835908,0.142569608,0.061782554,2.153430044
10,101,211318720,67,0.333771051,0.142569608,0.019323587,0.619720563
15,101,211318720,67,0.338645076,0.142569608,0.019323587,0.647982707
21,101,211318720,67,0.340840754,0.142569608,0.019323587,0.659110462
30,101,211318720,67,0.366496772,0.142569608,0.019323587,0.763830329
8,101,211318720,67,0.372439086,0.142569608,0.019323587,0.785848441
17,101,211318720,67,0.387058100,0.142569608,0.019323587,0.839603895
24,101,211318720,67,0.391378383,0.142569608,0.019323587,0.852830998
12,101,211318720,67,0.420513033,0.142569608,0.019323587,0.922089797
25,101,211318720,67,0.471067229,0.142569608,0.019323587,1.009489015
13,101,211318720,67,0.507433692,0.142569608,0.019323587,1.048047392
6,101,211318720,67,0.515830983,0.142569608,0.019323587,1.051560122
26,101,211318720,67,0.747118578,0.142569608,0.019323587,1.343250055
29,101,211318720,67,0.757188691,0.142569608,0.019323587,1.374077276
9,101,211318720,67,0.809045384,0.142569608,0.019323587,1.498412129
2,101,211318720,67,0.832073278,0.142569608,0.019323587,1.535990852
1,101,211318720,67,0.832820764,0.142569608,0.019323587,1.536221115
11,101,211318720,67,0.986327720,0.142569608,0.019323587,1.643611998
27,101,211318720,67,1.044856486,0.142569608,0.019323587,1.665274928
18,101,211318720,67,0.352250991,0.142569608,0.019323587,2.399381603
23,101,211318720,67,1.278350893,0.142569608,0.019323587,1.817841839
7,101,211318720,67,1.284436966,0.142569608,0.019323587,1.824039216
16,101,211318720,67,1.374381413,0.142569608,0.019323587,1.858442513
14,101,211318720,67,1.522868244,0.142569608,0.019323587,1.911942819
5,101,211318720,67,1.772163784,0.142569608,0.019323587,1.941985073
28,101,211318720,67,1.904038728,0.142569608,0.019323587,1.993032368
19,101,211318720,67,0.828887397,0.142569608,0.019323587,3.482675216
3,101,211318720,67,2.502933016,0.142569608,0.019323587,1.919839843
20,101,211318720,67,2.656838111,0.142569608,0.019323587,1.998092591
22,101,211318720,67,2.759003758,0.142569608,0.019323587,2.038189912
4,101,211318720,67,3.042432322,0.142569608,0.019323587,1.956039775
13,102,211318720,67,0.218636321,0.142569608,0.112762183,0.194256286
21,102,211318720,67,0.274486776,0.142569608,0.112762183,0.344444558
19,102,211318720,67,0.301447636,0.142569608,0.112762183,0.433899726
25,102,211318720,67,0.328114621,0.142569608,0.112762183,0.524331746
22,102,211318720,67,0.331808595,0.142569608,0.112762183,0.537958171
20,102,211318720,67,0.401427962,0.142569608,0.112762183,0.799002087
2,102,211318720,67,0.406314018,0.142569608,0.112762183,0.817300297
14,102,211318720,67,0.434572014,0.142569608,0.112762183,0.904027311
7,102,211318720,67,0.459361129,0.142569608,0.112762183,0.962609006
30,102,211318720,67,0.469331802,0.142569608,0.112762183,0.979732398
23,102,211318720,67,0.491628020,0.142569608,0.112762183,1.002314920
24,102,211318720,67,0.522957550,0.142569608,0.112762183,1.014646349
8,102,211318720,67,0.668942036,0.142569608,0.112762183,1.161690376
4,102,211318720,67,0.687056158,0.142569608,0.112762183,1.199332739
3,102,211318720,67,0.799520819,0.142569608,0.112762183,1.457383031
5,102,211318720,67,0.809045384,0.142569608,0.112762183,1.486538770
29,102,211318720,67,0.819719265,0.142569608,0.112762183,1.512257214
26,102,211318720,67,0.867005483,0.142569608,0.112762183,1.618745304
6,102,211318720,67,0.919655903,0.142569608,0.112762183,1.771704712
15,102,211318720,67,0.940637450,0.142569608,0.112762183,1.833693531
18,102,211318720,67,0.984046731,0.142569608,0.112762183,1.937411277
17,102,211318720,67,0.998676963,0.142569608,0.112762183,1.962654539
10,102,211318720,67,1.021439625,0.142569608,0.112762183,1.986784007
28,102,211318720,67,1.065657761,0.142569608,0.112762183,2.003627957
16,102,211318720,67,1.275961791,0.142569608,0.112762183,2.040912855
11,102,211318720,67,1.450159241,0.142569608,0.112762183,2.087171616
27,102,211318720,67,1.591305991,0.142569608,0.112762183,2.142899809
9,102,211318720,67,2.580293565,0.142569608,0.112762183,2.002471432
1,102,211318720,67,2.656838111,0.142569608,0.112762183,2.032139160
12,102,211318720,67,2.851214341,0.142569608,0.112762183,1.976477779
24,103,211318720,67,0.205499149,0.142569608,0.034630787,0.089050848
18,103,211318720,67,0.310267843,0.142569608,0.034630787,0.478776918
13,103,211318720,67,0.333771051,0.142569608,0.034630787,0.618734362
17,103,211318720,67,0.384275535,0.142569608,0.034630787,0.891118593
11,103,211318720,67,0.401427962,0.142569608,0.034630787,0.977228092
2,103,211318720,67,0.405338182,0.142569608,0.034630787,0.994478925
28,103,211318720,67,0.406314018,0.142569608,0.034630787,0.998074139
10,103,211318720,67,0.416831058,0.142569608,0.034630787,1.030261601
27,103,211318720,67,0.420281467,0.142569608,0.034630787,1.038283222
5,103,211318720,67,0.420513033,0.142569608,0.034630787,1.038670411
26,103,211318720,67,0.469100688,0.142569608,0.034630787,1.090365092
22,103,211318720,67,0.515830983,0.142569608,0.034630787,1.121963838
23,103,211318720,67,0.635595755,0.142569608,0.034630787,1.385000979
29,103,211318720,67,0.670439746,0.142569608,0.034630787,1.500633154
30,103,211318720,67,0.695802929,0.142569608,0.034630787,1.577324390
6,103,211318720,67,0.698254705,0.142569608,0.034630787,1.583075863
14,103,211318720,67,0.746840162,0.142569608,0.034630787,1.681319257
7,103,211318720,67,0.756670836,0.142569608,0.034630787,1.698071028
4,103,211318720,67,0.799520819,0.142569608,0.034630787,1.743770484
15,103,211318720,67,0.867005483,0.142569608,0.034630787,1.769403021
12,103,211318720,67,1.024237500,0.142569608,0.034630787,1.863241491
9,103,211318720,67,0.349695505,0.142569608,0.034630787,2.758780016
3,103,211318720,67,1.104358980,0.142569608,0.034630787,2.031727861
19,103,211318720,67,1.165294969,0.142569608,0.034630787,2.136252979
20,103,211318720,67,1.183831296,0.142569608,0.034630787,2.155698540
25,103,211318720,67,1.185253134,0.142569608,0.034630787,2.156332674
8,103,211318720,67,1.349170437,0.142569608,0.034630787,2.204188962
21,103,211318720,67,1.904038728,0.142569608,0.034630787,2.154505262
1,103,211318720,67,2.036967590,0.142569608,0.034630787,2.206430568
16,103,211318720,67,3.341109767,0.142569608,0.034630787,1.843774158
30,104,211318720,67,0.217175369,0.142569608,0.032168329,0.123033372
14,104,211318720,67,0.291309717,0.142569608,0.032168329,0.369521681
28,104,211318720,67,0.332457627,0.142569608,0.032168329,0.526750396
12,104,211318720,67,0.352250991,0.142569608,0.032168329,0.601042582
7,104,211318720,67,0.366496772,0.142569608,0.032168329,0.651670040
1,104,211318720,67,0.372439086,0.142569608,0.032168329,0.670070126
29,104,211318720,67,0.405338182,0.142569608,0.032168329,0.788006399
10,104,211318720,67,0.411648825,0.142569608,0.032168329,0.807372452
17,104,211318720,67,0.469331802,0.142569608,0.032168329,0.945241498
3,104,211318720,67,0.497832446,0.142569608,0.032168329,0.993524756
9,104,211318720,67,0.515830983,0.142569608,0.032168329,1.012349665
15,104,211318720,67,0.519929897,0.142569608,0.032168329,1.013851891
24,104,211318720,67,0.668942036,0.142569608,0.032168329,1.117977906
25,104,211318720,67,0.746840162,0.142569608,0.032168329,1.339459292
18,104,211318720,67,0.802276566,0.142569608,0.032168329,1.471603879
13,104,211318720,67,0.815600578,0.142569608,0.032168329,1.494259399
11,104,211318720,67,0.819719265,0.142569608,0.032168329,1.498318314
2,104,211318720,67,0.822082714,0.142569608,0.032168329,1.499019597
5,104,211318720,67,0.986327720,0.142569608,0.032168329,1.720556786
6,104,211318720,67,0.999831002,0.142569608,0.032168329,1.743546448
20,104,211318720,67,1.024237500,0.142569608,0.032168329,1.771030835
19,104,211318720,67,1.102987746,0.142569608,0.032168329,1.859207020
21,104,211318720,67,1.163510533,0.142569608,0.032168329,1.923118131
27,104,211318720,67,1.235957661,0.142569608,0.032168329,1.954571526
8,104,211318720,67,1.374381413,0.142569608,0.032168329,2.007271597
22,104,211318720,67,1.591305991,0.142569608,0.032168329,2.043407455
23,104,211318720,67,1.772163784,0.142569608,0.032168329,2.094922485
16,104,211318720,67,1.904038728,0.142569608,0.032168329,2.143572084
26,104,211318720,67,2.500940347,0.142569608,0.032168329,2.070821235
4,104,211318720,67,2.851214341,0.142569608,0.032168329,1.971320552
11,105,211318720,67,0.281178980,0.142569608,0.077774659,0.317746316
25,105,211318720,67,0.332457627,0.142569608,0.077774659,0.543490434
13,105,211318720,67,0.333771051,0.142569608,0.077774659,0.548457233
3,105,211318720,67,0.338645076,0.142569608,0.077774659,0.563253374
5,105,211318720,67,0.357859759,0.142569608,0.077774659,0.609434894
19,105,211318720,67,0.366496772,0.142569608,0.077774659,0.624312085
4,105,211318720,67,0.420281467,0.142569608,0.077774659,0.680252003
27,105,211318720,67,0.420773321,0.142569608,0.077774659,0.680347243
10,105,211318720,67,0.656366503,0.142569608,0.077774659,0.896783031
22,105,211318720,67,0.670439746,0.142569608,0.077774659,0.921114916
15,105,211318720,67,0.689012139,0.142569608,0.077774659,0.955440854
16,105,211318720,67,0.756670836,0.142569608,0.077774659,1.117176592
23,105,211318720,67,0.821650137,0.142569608,0.077774659,1.229155242
21,105,211318720,67,0.822082714,0.142569608,0.077774659,1.229657143
29,105,211318720,67,0.828887397,0.142569608,0.077774659,1.232208554
2,105,211318720,67,0.990430268,0.142569608,0.077774659,1.390334451
8,105,211318720,67,1.044856486,0.142569608,0.077774659,1.463414202
20,105,211318720,67,1.055621497,0.142569608,0.077774659,1.475028000
17,105,211318720,67,1.163510533,0.142569608,0.077774659,1.606578030
24,105,211318720,67,1.205968091,0.142569608,0.077774659,1.679886749
30,105,211318720,67,1.284436966,0.142569608,0.077774659,1.798503064
14,105,211318720,67,1.294309936,0.142569608,0.077774659,1.809124715
7,105,211318720,67,1.374381413,0.142569608,0.077774659,1.894064419
18,105,211318720,67,1.436765414,0.142569608,0.077774659,1.917643363
12,105,211318720,67,1.772163784,0.142569608,0.077774659,2.015022386
9,105,211318720,67,2.242581386,0.142569608,0.077774659,1.976267109
1,105,211318720,67,3.042432322,0.142569608,0.077774659,1.943419731
28,105,211318720,67,3.411740796,0.142569608,0.077774659,1.838854229
26,105,211318720,67,1.591305991,0.142569608,0.077774659,3.668924040
6,105,211318720,67,2.387739789,0.142569608,0.077774659,2.914730918
5,106,211318720,67,0.274486776,0.142569608,0.157146767,0.453665093
7,106,211318720,67,0.291309717,0.142569608,0.157146767,0.570104359
27,106,211318720,67,0.309103827,0.142569608,0.157146767,0.684219197
13,106,211318720,67,0.328114621,0.142569608,0.157146767,0.800619485
24,106,211318720,67,0.340840754,0.142569608,0.157146767,0.873441211
26,106,211318720,67,0.347471629,0.142569608,0.157146767,0.906933410
3,106,211318720,67,0.352250991,0.142569608,0.157146767,0.927789902
19,106,211318720,67,0.391378383,0.142569608,0.157146767,1.116291732
8,106,211318720,67,0.397487178,0.142569608,0.157146767,1.143466239
4,106,211318720,67,0.405338182,0.142569608,0.157146767,1.172922507
18,106,211318720,67,0.407748930,0.142569608,0.157146767,1.180333479
11,106,211318720,67,0.420773321,0.142569608,0.157146767,1.210977842
16,106,211318720,67,0.459361129,0.142569608,0.157146767,1.277468182
28,106,211318720,67,0.496683722,0.142569608,0.157146767,1.317077746
15,106,211318720,67,0.507433692,0.142569608,0.157146767,1.321439026
23,106,211318720,67,0.737146514,0.142569608,0.157146767,1.613641514
21,106,211318720,67,0.757188691,0.142569608,0.157146767,1.674660615
17,106,211318720,67,0.781082769,0.142569608,0.157146767,1.732196035
1,106,211318720,67,0.815600578,0.142569608,0.157146767,1.803325484
9,106,211318720,67,0.832073278,0.142569608,0.157146767,1.826517670
29,106,211318720,67,0.940637450,0.142569608,0.157146767,1.884877078
12,106,211318720,67,1.065657761,0.142569608,0.157146767,2.018112668
6,106,211318720,67,1.076130101,0.142569608,0.157146767,2.022347618
22,106,211318720,67,1.278350893,0.142569608,0.157146767,2.060125665
30,106,211318720,67,1.423528796,0.142569608,0.157146767,2.115009841
20,106,211318720,67,1.720860573,0.142569608,0.157146767,2.128079950
10,106,211318720,67,2.242581386,0.142569608,0.157146767,2.077079226
14,106,211318720,67,2.387739789,0.142569608,0.157146767,2.131051538
2,106,211318720,67,0.823874673,0.142569608,0.157146767,3.914137577
25,106,211318720,67,2.759003758,0.142569608,0.157146767,2.027929464
2,107,211318720,67,0.262618358,0.142569608,0.035871889,0.395904604
14,107,211318720,67,0.272776191,0.142569608,0.035871889,0.451818633
22,107,211318720,67,0.281178980,0.142569608,0.035871889,0.493994212
27,107,211318720,67,0.310267843,0.142569608,0.035871889,0.633630050
29,107,211318720,67,0.328114621,0.142569608,0.035871889,0.711709263
17,107,211318720,67,0.344720398,0.142569608,0.035871889,0.772954294
19,107,211318720,67,0.387058100,0.142569608,0.035871889,0.902555883
3,107,211318720,67,0.401427962,0.142569608,0.035871889,0.937107603
26,107,211318720,67,0.407748930,0.142569608,0.035871889,0.943987535
8,107,211318720,67,0.434572014,0.142569608,0.035871889,0.954996159
12,107,211318720,67,0.578321737,0.142569608,0.035871889,1.010984132
20,107,211318720,67,0.790535894,0.142569608,0.035871889,1.540240301
7,107,211318720,67,0.799520819,0.142569608,0.035871889,1.579821101
18,107,211318720,67,0.809045384,0.142569608,0.035871889,1.615791249
6,107,211318720,67,0.819719265,0.142569608,0.035871889,1.648398652
23,107,211318720,67,0.822148367,0.142569608,0.035871889,1.654274000
25,107,211318720,67,0.832820764,0.142569608,0.035871889,1.672730135
4,107,211318720,67,0.839853738,0.142569608,0.035871889,1.680351456
13,107,211318720,67,0.867005483,0.142569608,0.035871889,1.706748074
30,107,211318720,67,0.986327720,0.142569608,0.035871889,1.787418802
9,107,211318720,67,1.077776804,0.142569608,0.035871889,1.822498873
21,107,211318720,67,1.275961791,0.142569608,0.035871889,1.889478469
11,107,211318720,67,1.374381413,0.142569608,0.035871889,1.926680818
28,107,211318720,67,0.401123492,0.142569608,0.035871889,2.925041083
16,107,211318720,67,1.522868244,0.142569608,0.035871889,1.982266383
1,107,211318720,67,1.772163784,0.142569608,0.035871889,2.009137516
15,107,211318720,67,1.934453384,0.142569608,0.035871889,2.087603347
24,107,211318720,67,2.036967590,0.142569608,0.035871889,2.151040426
5,107,211318720,67,2.141684867,0.142569608,0.035871889,2.190832694
10,107,211318720,67,2.194425436,0.142569608,0.035871889,2.175893862
25,108,211318720,67,0.217175369,0.142569608,0.034344297,0.086763087
4,108,211318720,67,0.331927073,0.142569608,0.034344297,0.307701401
13,108,211318720,67,0.340022068,0.142569608,0.034344297,0.321673194
12,108,211318720,67,0.367044128,0.142569608,0.034344297,0.349054722
30,108,211318720,67,0.430501742,0.142569608,0.034344297,0.388942635
6,108,211318720,67,0.549024150,0.142569608,0.034344297,0.450184533
10,108,211318720,67,0.670439746,0.142569608,0.034344297,0.548965220
17,108,211318720,67,0.747118578,0.142569608,0.034344297,0.832149503
7,108,211318720,67,0.821650137,0.142569608,0.034344297,1.119392539
26,108,211318720,67,0.822148367,0.142569608,0.034344297,1.120612691
9,108,211318720,67,0.839853738,0.142569608,0.034344297,1.151255681
14,108,211318720,67,0.846862281,0.142569608,0.034344297,1.164311242
22,108,211318720,67,0.919655903,0.142569608,0.034344297,1.314362472
11,108,211318720,67,0.984046731,0.142569608,0.034344297,1.438782547
23,108,211318720,67,0.986327720,0.142569608,0.034344297,1.442863839
19,108,211318720,67,1.021439625,0.142569608,0.034344297,1.479466019
16,108,211318720,67,1.104358980,0.142569608,0.034344297,1.573516027
5,108,211318720,67,1.165294969,0.142569608,0.034344297,1.649964117
24,108,211318720,67,1.235957661,0.142569608,0.034344297,1.744381095
15,108,211318720,67,1.289231248,0.142569608,0.034344297,1.801379304
2,108,211318720,67,1.349170437,0.142569608,0.034344297,1.851792663
21,108,211318720,67,1.450159241,0.142569608,0.034344297,1.890757200
28,108,211318720,67,1.720860573,0.142569608,0.034344297,1.968193826
29,108,211318720,67,1.772163784,0.142569608,0.034344297,1.988261723
20,108,211318720,67,0.799520819,0.142569608,0.034344297,3.092960150
8,108,211318720,67,0.815600578,0.142569608,0.034344297,3.170573883
27,108,211318720,67,1.973971545,0.142569608,0.034344297,2.026038458
18,108,211318720,67,2.194425436,0.142569608,0.034344297,2.082027404
3,108,211318720,67,2.303361475,0.142569608,0.034344297,2.124002565
1,108,211318720,67,2.387739789,0.142569608,0.034344297,2.100172570
22,109,211318720,67,0.205499149,0.142569608,0.025551504,0.056204054
19,109,211318720,67,0.344720398,0.142569608,0.025551504,0.794742220
18,109,211318720,67,0.352250991,0.142569608,0.025551504,0.847832490
23,109,211318720,67,0.366496772,0.142569608,0.025551504,0.947741054
24,109,211318720,67,0.367044128,0.142569608,0.025551504,0.951540734
2,109,211318720,67,0.372439086,0.142569608,0.025551504,0.985943800
26,109,211318720,67,0.384120181,0.142569608,0.025551504,1.052894484
7,109,211318720,67,0.387058100,0.142569608,0.025551504,1.067751005
3,109,211318720,67,0.405338182,0.142569608,0.025551504,1.147993746
5,109,211318720,67,0.406314018,0.142569608,0.025551504,1.151661312
9,109,211318720,67,0.406841767,0.142569608,0.025551504,1.153265104
13,109,211318720,67,0.434572014,0.142569608,0.025551504,1.219282330
17,109,211318720,67,0.452040546,0.142569608,0.025551504,1.249274747
4,109,211318720,67,0.497832446,0.142569608,0.025551504,1.298109184
10,109,211318720,67,0.507433692,0.142569608,0.025551504,1.302311559
8,109,211318720,67,0.656366503,0.142569608,0.025551504,1.517157524
28,109,211318720,67,0.668942036,0.142569608,0.025551504,1.538885114
25,109,211318720,67,0.695802929,0.142569608,0.025551504,1.594727976
1,109,211318720,67,0.790535894,0.142569608,0.025551504,1.831460904
27,109,211318720,67,0.822082714,0.142569608,0.025551504,1.906757460
14,109,211318720,67,0.822148367,0.142569608,0.025551504,1.906846356
12,109,211318720,67,0.828887397,0.142569608,0.025551504,1.914166168
15,109,211318720,67,0.917862357,0.142569608,0.025551504,1.946464961
21,109,211318720,67,1.294309936,0.142569608,0.025551504,1.934866314
30,109,211318720,67,1.522868244,0.142569608,0.025551504,1.965129099
16,109,211318720,67,2.194425436,0.142569608,0.025551504,1.872665937
6,109,211318720,67,2.502933016,0.142569608,0.025551504,1.926338123
11,109,211318720,67,2.580293565,0.142569608,0.025551504,1.955706399
29,109,211318720,67,3.042432322,0.142569608,0.025551504,1.919318082
20,109,211318720,67,2.759003758,0.142569608,0.025551504,2.290123014
14,110,211318720,67,0.205499149,0.142569608,0.017829096,0.069563682
26,110,211318720,67,0.325376681,0.142569608,0.017829096,0.278770824
1,110,211318720,67,0.405338182,0.142569608,0.017829096,0.463345210
2,110,211318720,67,0.406314018,0.142569608,0.017829096,0.465089573
11,110,211318720,67,0.469331802,0.142569608,0.017829096,0.552404349
16,110,211318720,67,0.497832446,0.142569608,0.017829096,0.582342333
17,110,211318720,67,0.578321737,0.142569608,0.017829096,0.662278649
23,110,211318720,67,0.694847525,0.142569608,0.017829096,0.877466140
22,110,211318720,67,0.695802929,0.142569608,0.017829096,0.879191856
24,110,211318720,67,0.698254705,0.142569608,0.017829096,0.881817960
30,110,211318720,67,0.347471629,0.142569608,0.017829096,1.263634804
6,110,211318720,67,0.815600578,0.142569608,0.017829096,0.926737757
15,110,211318720,67,1.044856486,0.142569608,0.017829096,1.101454830
3,110,211318720,67,1.076130101,0.142569608,0.017829096,1.155891121
25,110,211318720,67,1.104358980,0.142569608,0.017829096,1.186172856
27,110,211318720,67,1.165294969,0.142569608,0.017829096,1.229201875
19,110,211318720,67,1.278350893,0.142569608,0.017829096,1.272962634
4,110,211318720,67,1.450159241,0.142569608,0.017829096,1.318355759
21,110,211318720,67,1.657194393,0.142569608,0.017829096,1.355707566
29,110,211318720,67,1.934453384,0.142569608,0.017829096,1.474331173
8,110,211318720,67,2.036967590,0.142569608,0.017829096,1.647734113
12,110,211318720,67,2.070019088,0.142569608,0.017829096,1.694028123
13,110,211318720,67,2.122991969,0.142569608,0.017829096,1.780957530
9,110,211318720,67,2.241835908,0.142569608,0.017829096,1.952070836
10,110,211318720,67,2.242581386,0.142569608,0.017829096,1.952372707
5,110,211318720,67,2.575342822,0.142569608,0.017829096,1.950794703
7,110,211318720,67,2.759003758,0.142569608,0.017829096,1.995061637
20,110,211318720,67,3.042432322,0.142569608,0.017829096,1.915286362
28,110,211318720,67,1.973971545,0.142569608,0.017829096,3.008834426
18,110,211318720,67,2.194425436,0.142569608,0.017829096,2.818010585
16,111,211318720,67,0.262618358,0.142569608,0.039903052,0.269480524
25,111,211318720,67,0.272776191,0.142569608,0.039903052,0.324132075
27,111,211318720,67,0.331927073,0.142569608,0.039903052,0.641467951
19,111,211318720,67,0.332457627,0.142569608,0.039903052,0.644450460
23,111,211318720,67,0.391378383,0.142569608,0.039903052,1.010450536
2,111,211318720,67,0.397487178,0.142569608,0.039903052,1.049740085
3,111,211318720,67,0.406369678,0.142569608,0.039903052,1.100264623
10,111,211318720,67,0.406841767,0.142569608,0.039903052,1.102700875
11,111,211318720,67,0.407748930,0.142569608,0.039903052,1.106753783
13,111,211318720,67,0.452040546,0.142569608,0.039903052,1.271577016
18,111,211318720,67,0.469100688,0.142569608,0.039903052,1.323089549
26,111,211318720,67,0.491628020,0.142569608,0.039903052,1.375665028
22,111,211318720,67,0.496683722,0.142569608,0.039903052,1.384299144
20,111,211318720,67,0.515830983,0.142569608,0.039903052,1.405073096
29,111,211318720,67,0.522957550,0.142569608,0.039903052,1.412451621
28,111,211318720,67,0.737146514,0.142569608,0.039903052,1.707994901
12,111,211318720,67,0.802276566,0.142569608,0.039903052,1.809408153
21,111,211318720,67,0.821650137,0.142569608,0.039903052,1.838057415
9,111,211318720,67,0.917862357,0.142569608,0.039903052,1.939781253
17,111,211318720,67,1.241069629,0.142569608,0.039903052,2.037349002
1,111,211318720,67,1.278350893,0.142569608,0.039903052,2.055910984
7,111,211318720,67,0.384275535,0.142569608,0.039903052,3.117087897
30,111,211318720,67,1.414402113,0.142569608,0.039903052,2.188327285
4,111,211318720,67,1.934453384,0.142569608,0.039903052,2.152199704
8,111,211318720,67,0.656366503,0.142569608,0.039903052,3.673072674
14,111,211318720,67,2.280323170,0.142569608,0.039903052,2.151585356
6,111,211318720,67,0.757188691,0.142569608,0.039903052,3.869878438
15,111,211318720,67,2.656838111,0.142569608,0.039903052,2.044465752
24,111,211318720,67,0.952025692,0.142569608,0.039903052,3.763770332
5,111,211318720,67,1.436765414,0.142569608,0.039903052,3.316131733
29,112,211318720,67,0.218636321,0.142569608,0.006722068,0.239757752
27,112,211318720,67,0.272776191,0.142569608,0.006722068,0.447047233
7,112,211318720,67,0.291309717,0.142569608,0.006722068,0.536939028
26,112,211318720,67,0.301447636,0.142569608,0.006722068,0.587679970
19,112,211318720,67,0.331808595,0.142569608,0.006722068,0.719540523
4,112,211318720,67,0.331927073,0.142569608,0.006722068,0.719984676
16,112,211318720,67,0.367044128,0.142569608,0.006722068,0.839083878
17,112,211318720,67,0.406369678,0.142569608,0.006722068,0.958417963
23,112,211318720,67,0.407748930,0.142569608,0.006722068,0.961780555
30,112,211318720,67,0.420513033,0.142569608,0.006722068,0.984108479
5,112,211318720,67,0.434572014,0.142569608,0.006722068,0.999475441
9,112,211318720,67,0.491628020,0.142569608,0.006722068,1.022817062
22,112,211318720,67,0.737725058,0.142569608,0.006722068,1.207572409
24,112,211318720,67,0.746840162,0.142569608,0.006722068,1.222797095
10,112,211318720,67,0.822082714,0.142569608,0.006722068,1.348034851
3,112,211318720,67,0.832820764,0.142569608,0.006722068,1.370969905
18,112,211318720,67,0.919655903,0.142569608,0.006722068,1.546166074
25,112,211318720,67,0.941278721,0.142569608,0.006722068,1.583841386
21,112,211318720,67,0.969201848,0.142569608,0.006722068,1.617550551
11,112,211318720,67,1.024237500,0.142569608,0.006722068,1.676099832
6,112,211318720,67,1.104358980,0.142569608,0.006722068,1.820948729
20,112,211318720,67,1.183831296,0.142569608,0.006722068,2.010415624
1,112,211318720,67,1.185253134,0.142569608,0.006722068,2.012682749
13,112,211318720,67,1.205968091,0.142569608,0.006722068,2.034410643
12,112,211318720,67,1.241069629,0.142569608,0.006722068,2.053727196
15,112,211318720,67,1.374381413,0.142569608,0.006722068,2.149726128
2,112,211318720,67,1.450159241,0.142569608,0.006722068,2.179867063
8,112,211318720,67,2.070019088,0.142569608,0.006722068,2.161331939
14,112,211318720,67,2.122991969,0.142569608,0.006722068,2.182783580
28,112,211318720,67,2.303361475,0.142569608,0.006722068,2.132774160
15,113,211318720,67,0.205499149,0.142569608,0.065120921,0.226908643
25,113,211318720,67,0.274486776,0.142569608,0.065120921,0.460746197
11,113,211318720,67,0.310267843,0.142569608,0.065120921,0.569967284
12,113,211318720,67,0.331927073,0.142569608,0.065120921,0.628406804
3,113,211318720,67,0.357826991,0.142569608,0.065120921,0.707662369
21,113,211318720,67,0.366496772,0.142569608,0.065120921,0.728378368
19,113,211318720,67,0.367044128,0.142569608,0.065120921,0.729266571
16,113,211318720,67,0.469100688,0.142569608,0.065120921,0.837747527
29,113,211318720,67,0.469331802,0.142569608,0.065120921,0.837839492
6,113,211318720,67,0.217175369,0.142569608,0.065120921,1.129316587
13,113,211318720,67,0.769230066,0.142569608,0.065120921,1.086223652
1,113,211318720,67,0.806589981,0.142569608,0.065120921,1.150557107
5,113,211318720,67,0.846862281,0.142569608,0.065120921,1.195239676
8,113,211318720,67,0.867005483,0.142569608,0.065120921,1.223251428
17,113,211318720,67,0.986327720,0.142569608,0.065120921,1.519205037
28,113,211318720,67,0.999831002,0.142569608,0.065120921,1.551634395
22,113,211318720,67,1.009629524,0.142569608,0.065120921,1.568650940
14,113,211318720,67,1.044856486,0.142569608,0.065120921,1.605792381
26,113,211318720,67,1.076130101,0.142569608,0.065120921,1.626320904
4,113,211318720,67,1.205812777,0.142569608,0.065120921,1.676422103
23,113,211318720,67,1.509114459,0.142569608,0.065120921,1.686104936
10,113,211318720,67,0.694847525,0.142569608,0.065120921,2.673611157
27,113,211318720,67,1.772163784,0.142569608,0.065120921,1.706928689
24,113,211318720,67,1.973971545,0.142569608,0.065120921,1.777384333
2,113,211318720,67,2.194425436,0.142569608,0.065120921,1.913533076
7,113,211318720,67,2.280323170,0.142569608,0.065120921,1.946759883
9,113,211318720,67,2.502933016,0.142569608,0.065120921,2.026120067
20,113,211318720,67,2.575342822,0.142569608,0.065120921,2.054133013
18,113,211318720,67,2.656838111,0.142569608,0.065120921,2.030897044
30,113,211318720,67,2.070019088,0.142569608,0.065120921,2.682814418
25,114,211318720,67,0.205499149,0.142569608,0.008299620,0.229989741
17,114,211318720,67,0.217175369,0.142569608,0.008299620,0.265458121
7,114,211318720,67,0.291309717,0.142569608,0.008299620,0.587145521
28,114,211318720,67,0.299654210,0.142569608,0.008299620,0.635125287
6,114,211318720,67,0.328114621,0.142569608,0.008299620,0.792213034
26,114,211318720,67,0.340840754,0.142569608,0.008299620,0.856168220
9,114,211318720,67,0.366496772,0.142569608,0.008299620,0.978143043
3,114,211318720,67,0.397487178,0.142569608,0.008299620,1.134536930
16,114,211318720,67,0.401123492,0.142569608,0.008299620,1.150633690
20,114,211318720,67,0.401427962,0.142569608,0.008299620,1.151776605
4,114,211318720,67,0.406841767,0.142569608,0.008299620,1.168154437
2,114,211318720,67,0.411648825,0.142569608,0.008299620,1.179861588
1,114,211318720,67,0.452040546,0.142569608,0.008299620,1.248809376
27,114,211318720,67,0.496683722,0.142569608,0.008299620,1.296127020
21,114,211318720,67,0.507433692,0.142569608,0.008299620,1.300080162
30,114,211318720,67,0.670439746,0.142569608,0.008299620,1.512764905
24,114,211318720,67,0.694847525,0.142569608,0.008299620,1.577213454
13,114,211318720,67,0.747118578,0.142569608,0.008299620,1.701722764
14,114,211318720,67,0.752566429,0.142569608,0.008299620,1.710767455
12,114,211318720,67,0.819719265,0.142569608,0.008299620,1.781315010
10,114,211318720,67,0.822148367,0.142569608,0.008299620,1.782043163
23,114,211318720,67,1.102987746,0.142569608,0.008299620,1.872587957
11,114,211318720,67,1.183831296,0.142569608,0.008299620,2.011466675
5,114,211318720,67,1.205812777,0.142569608,0.008299620,2.034181776
18,114,211318720,67,1.235957661,0.142569608,0.008299620,2.045638551
29,114,211318720,67,1.934453384,0.142569608,0.008299620,1.943939926
19,114,211318720,67,2.194425436,0.142569608,0.008299620,1.966928526
8,114,211318720,67,2.487518451,0.142569608,0.008299620,2.075015093
15,114,211318720,67,2.580293565,0.142569608,0.008299620,2.048669894
22,114,211318720,67,2.452082856,0.142569608,0.008299620,2.274338236
25,115,211318720,67,0.272776191,0.142569608,0.022498891,0.240046285
26,115,211318720,67,0.310267843,0.142569608,0.022498891,0.437336391
2,115,211318720,67,0.338645076,0.142569608,0.022498891,0.599411636
5,115,211318720,67,0.391378383,0.142569608,0.022498891,0.872004159
1,115,211318720,67,0.401427962,0.142569608,0.022498891,0.916416144
20,115,211318720,67,0.411648825,0.142569608,0.022498891,0.954542232
10,115,211318720,67,0.416831058,0.142569608,0.022498891,0.970486972
11,115,211318720,67,0.420513033,0.142569608,0.022498891,0.979519260
16,115,211318720,67,0.434572014,0.142569608,0.022498891,1.003429506
22,115,211318720,67,0.452040546,0.142569608,0.022498891,1.021929003
8,115,211318720,67,0.687056158,0.142569608,0.022498891,1.198657564
13,115,211318720,67,0.752566429,0.142569608,0.022498891,1.351595440
30,115,211318720,67,0.809045384,0.142569608,0.022498891,1.417912751
24,115,211318720,67,0.828887397,0.142569608,0.022498891,1.451714232
29,115,211318720,67,0.941278721,0.142569608,0.022498891,1.585029539
14,115,211318720,67,0.952025692,0.142569608,0.022498891,1.596342920
3,115,211318720,67,1.065657761,0.142569608,0.022498891,1.641229571
27,115,211318720,67,0.357826991,0.142569608,0.022498891,2.377777763
15,115,211318720,67,1.278350893,0.142569608,0.022498891,1.723551530
9,115,211318720,67,1.349170437,0.142569608,0.022498891,1.788333501
7,115,211318720,67,1.436765414,0.142569608,0.022498891,1.860774005
17,115,211318720,67,1.522868244,0.142569608,0.022498891,1.892782372
12,115,211318720,67,0.491628020,0.142569608,0.022498891,2.954708636
4,115,211318720,67,1.720860573,0.142569608,0.022498891,1.938262667
21,115,211318720,67,1.854731332,0.142569608,0.022498891,2.005815481
23,115,211318720,67,2.036967590,0.142569608,0.022498891,2.128418408
28,115,211318720,67,0.746840162,0.142569608,0.022498891,3.491651718
18,115,211318720,67,2.303361475,0.142569608,0.022498891,2.150475218
19,115,211318720,67,2.580293565,0.142569608,0.022498891,2.072414292
6,115,211318720,67,1.973971545,0.142569608,0.022498891,2.755745982
11,116,211318720,67,0.205499149,0.142569608,0.035745196,0.130765116
24,116,211318720,67,0.274486776,0.142569608,0.035745196,0.390984038
7,116,211318720,67,0.310267843,0.142569608,0.035745196,0.630233923
8,116,211318720,67,0.345303952,0.142569608,0.035745196,0.877499065
30,116,211318720,67,0.357859759,0.142569608,0.035745196,0.957849300
16,116,211318720,67,0.366496772,0.142569608,0.035745196,1.007378906
1,116,211318720,67,0.372439086,0.142569608,0.035745196,1.037560039
23,116,211318720,67,0.384120181,0.142569608,0.035745196,1.088368727
22,116,211318720,67,0.406369678,0.142569608,0.035745196,1.171354518
15,116,211318720,67,0.406841767,0.142569608,0.035745196,1.172852138
13,116,211318720,67,0.411648825,0.142569608,0.035745196,1.184525121
17,116,211318720,67,0.420281467,0.142569608,0.035745196,1.199290992
25,116,211318720,67,0.434572014,0.142569608,0.035745196,1.214246449
21,116,211318720,67,0.452040546,0.142569608,0.035745196,1.220640514
3,116,211318720,67,0.635595755,0.142569608,0.035745196,1.395337273
6,116,211318720,67,0.695802929,0.142569608,0.035745196,1.567338070
19,116,211318720,67,0.698254705,0.142569608,0.035745196,1.576063804
12,116,211318720,67,0.752566429,0.142569608,0.035745196,1.742045017
20,116,211318720,67,0.769230066,0.142569608,0.035745196,1.782193197
18,116,211318720,67,0.806589981,0.142569608,0.035745196,1.867233205
5,116,211318720,67,0.832073278,0.142569608,0.035745196,1.910491639
26,116,211318720,67,0.832820764,0.142569608,0.035745196,1.911327143
9,116,211318720,67,1.021439625,0.142569608,0.035745196,2.067218775
14,116,211318720,67,1.077776804,0.142569608,0.035745196,2.098425604
10,116,211318720,67,1.205968091,0.142569608,0.035745196,2.250690219
27,116,211318720,67,1.241069629,0.142569608,0.035745196,2.288450524
29,116,211318720,67,2.194425436,0.142569608,0.035745196,2.156384421
28,116,211318720,67,2.851214341,0.142569608,0.035745196,1.967468655
2,116,211318720,67,0.917862357,0.142569608,0.035745196,3.904809509
4,116,211318720,67,1.304662576,0.142569608,0.035745196,3.554685340
15,117,211318720,67,0.262618358,0.142569608,0.073864110,0.173555719
30,117,211318720,67,0.338645076,0.142569608,0.073864110,0.589515149
6,117,211318720,67,0.347471629,0.142569608,0.073864110,0.639952570
3,117,211318720,67,0.367044128,0.142569608,0.073864110,0.738656676
29,117,211318720,67,0.397487178,0.142569608,0.073864110,0.872342964
25,117,211318720,67,0.401123492,0.142569608,0.073864110,0.885842729
7,117,211318720,67,0.401427962,0.142569608,0.073864110,0.886767077
21,117,211318720,67,0.405338182,0.142569608,0.073864110,0.896302071
26,117,211318720,67,0.420773321,0.142569608,0.073864110,0.922910896
11,117,211318720,67,0.430501742,0.142569608,0.073864110,0.933171577
14,117,211318720,67,0.469331802,0.142569608,0.073864110,0.947517510
8,117,211318720,67,0.670439746,0.142569608,0.073864110,1.028232273
12,117,211318720,67,0.809045384,0.142569608,0.073864110,1.333491503
13,117,211318720,67,0.823874673,0.142569608,0.073864110,1.369481708
2,117,211318720,67,0.832073278,0.142569608,0.073864110,1.383578865
28,117,211318720,67,0.919655903,0.142569608,0.073864110,1.480790341
9,117,211318720,67,0.941278721,0.142569608,0.073864110,1.508706540
16,117,211318720,67,1.055621497,0.142569608,0.073864110,1.652036367
17,117,211318720,67,1.076130101,0.142569608,0.073864110,1.673776904
24,117,211318720,67,1.163510533,0.142569608,0.073864110,1.717969833
22,117,211318720,67,1.289231248,0.142569608,0.073864110,1.805381142
27,117,211318720,67,1.374381413,0.142569608,0.073864110,1.837868095
1,117,211318720,67,1.657194393,0.142569608,0.073864110,1.852980846
4,117,211318720,67,0.756670836,0.142569608,0.073864110,3.016117108
23,117,211318720,67,2.387739789,0.142569608,0.073864110,1.780306627
20,117,211318720,67,2.500940347,0.142569608,0.073864110,1.920948705
5,117,211318720,67,2.502933016,0.142569608,0.073864110,1.923056693
19,117,211318720,67,2.610934393,0.142569608,0.073864110,1.965522689
10,117,211318720,67,2.851214341,0.142569608,0.073864110,1.993387183
18,117,211318720,67,3.341109767,0.142569608,0.073864110,1.855065155
13,118,211318720,67,0.205499149,0.142569608,0.050260469,0.221517756
16,118,211318720,67,0.218636321,0.142569608,0.050260469,0.276362024
24,118,211318720,67,0.291309717,0.142569608,0.050260469,0.592151554
7,118,211318720,67,0.294632521,0.142569608,0.050260469,0.604410579
10,118,211318720,67,0.340022068,0.142569608,0.050260469,0.742923614
11,118,211318720,67,0.345303952,0.142569608,0.050260469,0.755542019
19,118,211318720,67,0.346780912,0.142569608,0.050260469,0.758168169
27,118,211318720,67,0.352250991,0.142569608,0.050260469,0.764067052
5,118,211318720,67,0.367044128,0.142569608,0.050260469,0.769420236
25,118,211318720,67,0.522957550,0.142569608,0.050260469,0.821739760
26,118,211318720,67,0.714799086,0.142569608,0.050260469,1.029827139
28,118,211318720,67,0.747118578,0.142569608,0.050260469,1.084873410
17,118,211318720,67,0.752566429,0.142569608,0.050260469,1.090309002
8,118,211318720,67,0.823874673,0.142569608,0.050260469,1.130439417
9,118,211318720,67,0.945577756,0.142569608,0.050260469,1.284425709
12,118,211318720,67,0.969201848,0.142569608,0.050260469,1.309489541
14,118,211318720,67,1.044856486,0.142569608,0.050260469,1.338294676
4,118,211318720,67,1.241069629,0.142569608,0.050260469,1.377934201
20,118,211318720,67,1.904038728,0.142569608,0.050260469,1.337831834
22,118,211318720,67,1.973971545,0.142569608,0.050260469,1.411386568
6,118,211318720,67,2.036967590,0.142569608,0.050260469,1.435016472
3,118,211318720,67,2.242581386,0.142569608,0.050260469,1.473645124
2,118,211318720,67,2.487518451,0.142569608,0.050260469,1.606767910
15,118,211318720,67,2.610934393,0.142569608,0.050260469,1.717174496
29,118,211318720,67,2.656838111,0.142569608,0.050260469,1.734981485
21,118,211318720,67,2.851214341,0.142569608,0.050260469,1.778433972
23,118,211318720,67,3.042432322,0.142569608,0.050260469,1.820888674
18,118,211318720,67,3.341109767,0.142569608,0.050260469,1.830353868
30,118,211318720,67,3.411740796,0.142569608,0.050260469,1.810409840
1,118,211318720,67,2.452082856,0.142569608,0.050260469,2.864072888
4,119,211318720,67,0.272776191,0.142569608,0.050684687,0.386019523
14,119,211318720,67,0.325376681,0.142569608,0.050684687,0.712129547
13,119,211318720,67,0.328114621,0.142569608,0.050684687,0.729128610
29,119,211318720,67,0.331927073,0.142569608,0.050684687,0.751090647
8,119,211318720,67,0.338645076,0.142569608,0.050684687,0.785304631
30,119,211318720,67,0.344720398,0.142569608,0.050684687,0.811803996
5,119,211318720,67,0.366496772,0.142569608,0.050684687,0.894000481
10,119,211318720,67,0.384120181,0.142569608,0.050684687,0.959908043
15,119,211318720,67,0.406369678,0.142569608,0.050684687,1.028102034
21,119,211318720,67,0.411648825,0.142569608,0.050684687,1.044209863
2,119,211318720,67,0.430501742,0.142569608,0.050684687,1.089436054
20,119,211318720,67,0.469100688,0.142569608,0.050684687,1.178124203
26,119,211318720,67,0.507433692,0.142569608,0.050684687,1.244421589
18,119,211318720,67,0.549024150,0.142569608,0.050684687,1.343234600
7,119,211318720,67,0.578321737,0.142569608,0.050684687,1.432906055
1,119,211318720,67,0.656366503,0.142569608,0.050684687,1.659256655
9,119,211318720,67,0.668942036,0.142569608,0.050684687,1.689772337
23,119,211318720,67,0.670439746,0.142569608,0.050684687,1.692445663
16,119,211318720,67,0.689012139,0.142569608,0.050684687,1.719307779
22,119,211318720,67,0.737725058,0.142569608,0.050684687,1.802860246
12,119,211318720,67,0.819719265,0.142569608,0.050684687,1.888924175
25,119,211318720,67,0.832073278,0.142569608,0.050684687,1.893683883
27,119,211318720,67,1.021439625,0.142569608,0.050684687,1.935525313
24,119,211318720,67,1.165294969,0.142569608,0.050684687,1.988967369
3,119,211318720,67,1.423528796,0.142569608,0.050684687,2.012922913
11,119,211318720,67,1.591305991,0.142569608,0.050684687,2.058982463
28,119,211318720,67,1.854731332,0.142569608,0.050684687,2.080120518
6,119,211318720,67,2.036967590,0.142569608,0.050684687,2.123830485
19,119,211318720,67,2.610934393,0.142569608,0.050684687,2.055977436
17,119,211318720,67,2.487518451,0.142569608,0.050684687,2.279776094
6,120,211318720,67,0.301447636,0.142569608,0.023133773,0.460592881
20,120,211318720,67,0.331927073,0.142569608,0.023133773,0.647995995
22,120,211318720,67,0.347471629,0.142569608,0.023133773,0.747118839
26,120,211318720,67,0.357826991,0.142569608,0.023133773,0.802978654
27,120,211318720,67,0.367044128,0.142569608,0.023133773,0.843901801
4,120,211318720,67,0.387058100,0.142569608,0.023133773,0.918137539
25,120,211318720,67,0.406841767,0.142569608,0.023133773,0.978286368
16,120,211318720,67,0.416831058,0.142569608,0.023133773,1.002115205
18,120,211318720,67,0.420513033,0.142569608,0.023133773,1.008406697
5,120,211318720,67,0.459361129,0.142569608,0.023133773,1.049555316
14,120,211318720,67,0.471067229,0.142569608,0.023133773,1.054174390
30,120,211318720,67,0.670439746,0.142569608,0.023133773,1.251167139
7,120,211318720,67,0.695802929,0.142569608,0.023133773,1.300826326
11,120,211318720,67,0.698254705,0.142569608,0.023133773,1.305730051
8,120,211318720,67,0.809045384,0.142569608,0.023133773,1.573492507
13,120,211318720,67,0.828887397,0.142569608,0.023133773,1.621623052
17,120,211318720,67,0.839853738,0.142569608,0.023133773,1.648134583
15,120,211318720,67,0.846862281,0.142569608,0.023133773,1.659783143
24,120,211318720,67,0.940637450,0.142569608,0.023133773,1.839951513
23,120,211318720,67,0.969201848,0.142569608,0.023133773,1.896076684
28,120,211318720,67,0.999831002,0.142569608,0.023133773,1.948638830
1,120,211318720,67,1.044856486,0.142569608,0.023133773,1.998573194
9,120,211318720,67,1.102987746,0.142569608,0.023133773,2.118342257
3,120,211318720,67,0.352250991,0.142569608,0.023133773,3.134275228
2,120,211318720,67,1.183831296,0.142569608,0.023133773,2.344233954
29,120,211318720,67,1.205812777,0.142569608,0.023133773,2.396683638
19,120,211318720,67,1.205968091,0.142569608,0.023133773,2.396954330
21,120,211318720,67,1.235957661,0.142569608,0.023133773,2.428485502
12,120,211318720,67,1.275961791,0.142569608,0.023133773,2.443661823
10,120,211318720,67,1.278350893,0.142569608,0.023133773,2.442975626
1,121,211318720,67,0.217175369,0.142569608,0.032329015,0.200833211
3,121,211318720,67,0.272776191,0.142569608,0.032329015,0.429258437
30,121,211318720,67,0.291309717,0.142569608,0.032329015,0.521993973
28,121,211318720,67,0.325376681,0.142569608,0.032329015,0.699464894
14,121,211318720,67,0.340840754,0.142569608,0.032329015,0.778132203
23,121,211318720,67,0.352250991,0.142569608,0.032329015,0.828651952
13,121,211318720,67,0.366496772,0.142569608,0.032329015,0.881645272
29,121,211318720,67,0.384120181,0.142569608,0.032329015,0.935508352
22,121,211318720,67,0.406841767,0.142569608,0.032329015,0.990113029
9,121,211318720,67,0.420281467,0.142569608,0.032329015,1.013608889
24,121,211318720,67,0.430501742,0.142569608,0.032329015,1.024128934
11,121,211318720,67,0.459292393,0.142569608,0.032329015,1.034915946
19,121,211318720,67,0.747118578,0.142569608,0.032329015,1.460489140
17,121,211318720,67,0.764463287,0.142569608,0.032329015,1.536661000
21,121,211318720,67,0.781082769,0.142569608,0.032329015,1.597943789
18,121,211318720,67,0.799520819,0.142569608,0.032329015,1.655017970
6,121,211318720,67,0.802276566,0.142569608,0.032329015,1.663505442
7,121,211318720,67,0.809045384,0.142569608,0.032329015,1.679938277
10,121,211318720,67,0.822082714,0.142569608,0.032329015,1.711099607
25,121,211318720,67,0.832073278,0.142569608,0.032329015,1.727666009
5,121,211318720,67,0.940637450,0.142569608,0.032329015,1.843298722
8,121,211318720,67,0.952025692,0.142569608,0.032329015,1.847730779
16,121,211318720,67,1.104358980,0.142569608,0.032329015,1.899451349
20,121,211318720,67,1.973971545,0.142569608,0.032329015,1.843752486
26,121,211318720,67,2.122991969,0.142569608,0.032329015,1.913018959
4,121,211318720,67,2.241835908,0.142569608,0.032329015,2.012722632
12,121,211318720,67,2.303361475,0.142569608,0.032329015,2.036693951
27,121,211318720,67,2.452082856,0.142569608,0.032329015,2.090450929
2,121,211318720,67,2.656838111,0.142569608,0.032329015,2.033823521
15,121,211318720,67,1.450159241,0.142569608,0.032329015,3.275308332
1,122,211318720,67,0.274486776,0.142569608,0.014837052,0.514472178
2,122,211318720,67,0.294632521,0.142569608,0.014837052,0.615468306
25,122,211318720,67,0.301447636,0.142569608,0.014837052,0.645461862
26,122,211318720,67,0.309103827,0.142569608,0.014837052,0.673987223
14,122,211318720,67,0.338645076,0.142569608,0.014837052,0.753406792
27,122,211318720,67,0.340840754,0.142569608,0.014837052,0.757232165
4,122,211318720,67,0.345303952,0.142569608,0.014837052,0.762171739
19,122,211318720,67,0.391378383,0.142569608,0.014837052,0.788060185
3,122,211318720,67,0.522957550,0.142569608,0.014837052,0.860485075
30,122,211318720,67,0.635595755,0.142569608,0.014837052,1.052792288
23,122,211318720,67,0.687056158,0.142569608,0.014837052,1.192723617
29,122,211318720,67,0.714799086,0.142569608,0.014837052,1.276920117
24,122,211318720,67,0.737146514,0.142569608,0.014837052,1.337967848
5,122,211318720,67,0.752566429,0.142569608,0.014837052,1.374570606
9,122,211318720,67,0.809045384,0.142569608,0.014837052,1.479051802
13,122,211318720,67,0.822148367,0.142569608,0.014837052,1.501776781
17,122,211318720,67,0.867005483,0.142569608,0.014837052,1.568668787
15,122,211318720,67,0.940637450,0.142569608,0.014837052,1.713705055
20,122,211318720,67,0.986327720,0.142569608,0.014837052,1.792763984
11,122,211318720,67,0.999831002,0.142569608,0.014837052,1.807067567
18,122,211318720,67,1.055621497,0.142569608,0.014837052,1.828109852
28,122,211318720,67,0.325376681,0.142569608,0.014837052,2.569270779
22,122,211318720,67,1.284436966,0.142569608,0.014837052,1.857007422
6,122,211318720,67,1.450159241,0.142569608,0.014837052,1.954449921
16,122,211318720,67,1.522868244,0.142569608,0.014837052,1.989091987
21,122,211318720,67,1.657194393,0.142569608,0.014837052,2.094630971
12,122,211318720,67,1.720860573,0.142569608,0.014837052,2.118288492
10,122,211318720,67,2.487518451,0.142569608,0.014837052,2.002650049
7,122,211318720,67,2.759003758,0.142569608,0.014837052,2.022179319
8,122,211318720,67,3.042432322,0.142569608,0.014837052,1.942012221
19,123,211318720,67,0.281178980,0.142569608,0.046333373,0.343997105
3,123,211318720,67,0.294632521,0.142569608,0.046333373,0.402244239
21,123,211318720,67,0.331808595,0.142569608,0.046333373,0.540874080
9,123,211318720,67,0.352250991,0.142569608,0.046333373,0.603226495
28,123,211318720,67,0.366496772,0.142569608,0.046333373,0.638182569
27,123,211318720,67,0.384275535,0.142569608,0.046333373,0.680186065
30,123,211318720,67,0.387058100,0.142569608,0.046333373,0.684719271
5,123,211318720,67,0.416831058,0.142569608,0.046333373,0.716614373
24,123,211318720,67,0.507433692,0.142569608,0.046333373,0.751598573
8,123,211318720,67,0.689012139,0.142569608,0.046333373,0.888748362
25,123,211318720,67,0.757188691,0.142569608,0.046333373,1.005362979
15,123,211318720,67,0.769230066,0.142569608,0.046333373,1.018271968
10,123,211318720,67,0.828887397,0.142569608,0.046333373,1.061614742
14,123,211318720,67,0.941278721,0.142569608,0.046333373,1.268771078
18,123,211318720,67,0.986327720,0.142569608,0.046333373,1.346867037
23,123,211318720,67,0.998676963,0.142569608,0.046333373,1.359770493
17,123,211318720,67,1.024237500,0.142569608,0.046333373,1.369523443
12,123,211318720,67,1.241069629,0.142569608,0.046333373,1.609969071
26,123,211318720,67,1.278350893,0.142569608,0.046333373,1.698072065
4,123,211318720,67,1.284436966,0.142569608,0.046333373,1.708516993
22,123,211318720,67,1.289231248,0.142569608,0.046333373,1.713772999
7,123,211318720,67,1.374381413,0.142569608,0.046333373,1.746849893
20,123,211318720,67,2.036967590,0.142569608,0.046333373,1.863371151
13,123,211318720,67,2.070019088,0.142569608,0.046333373,1.898566596
11,123,211318720,67,2.122991969,0.142569608,0.046333373,1.918369426
6,123,211318720,67,2.280323170,0.142569608,0.046333373,2.073925647
1,123,211318720,67,2.303361475,0.142569608,0.046333373,2.098474675
16,123,211318720,67,2.387739789,0.142569608,0.046333373,2.130938635
2,123,211318720,67,2.580293565,0.142569608,0.046333373,2.076113433
29,123,211318720,67,1.522868244,0.142569608,0.046333373,3.171891849
15,124,211318720,67,0.262618358,0.142569608,0.006739208,0.352423204
19,124,211318720,67,0.299654210,0.142569608,0.006739208,0.558940789
22,124,211318720,67,0.301447636,0.142569608,0.006739208,0.567979884
2,124,211318720,67,0.328114621,0.142569608,0.006739208,0.685356366
1,124,211318720,67,0.333771051,0.142569608,0.006739208,0.706495971
13,124,211318720,67,0.340840754,0.142569608,0.006739208,0.727974214
12,124,211318720,67,0.384120181,0.142569608,0.006739208,0.830756378
16,124,211318720,67,0.402068091,0.142569608,0.006739208,0.861973320
29,124,211318720,67,0.406369678,0.142569608,0.006739208,0.866789261
23,124,211318720,67,0.411648825,0.142569608,0.006739208,0.869069195
27,124,211318720,67,0.635595755,0.142569608,0.006739208,1.010392400
11,124,211318720,67,0.687056158,0.142569608,0.006739208,1.099708539
7,124,211318720,67,0.737146514,0.142569608,0.006739208,1.179885721
10,124,211318720,67,0.747118578,0.142569608,0.006739208,1.190511107
24,124,211318720,67,0.839853738,0.142569608,0.006739208,1.233938274
9,124,211318720,67,0.969201848,0.142569608,0.006739208,1.350937970
4,124,211318720,67,1.009629524,0.142569608,0.006739208,1.366957572
17,124,211318720,67,1.163510533,0.142569608,0.006739208,1.516839566
25,124,211318720,67,1.185253134,0.142569608,0.006739208,1.539926621
21,124,211318720,67,1.278350893,0.142569608,0.006739208,1.654243639
20,124,211318720,67,1.349170437,0.142569608,0.006739208,1.765320050
30,124,211318720,67,1.374381413,0.142569608,0.006739208,1.797498891
6,124,211318720,67,1.436765414,0.142569608,0.006739208,1.862869243
28,124,211318720,67,1.509114459,0.142569608,0.006739208,1.891719395
5,124,211318720,67,1.720860573,0.142569608,0.006739208,1.926466401
8,124,211318720,67,2.194425436,0.142569608,0.006739208,1.889239102
26,124,211318720,67,2.500940347,0.142569608,0.006739208,1.919751334
18,124,211318720,67,2.610934393,0.142569608,0.006739208,2.026123308
3,124,211318720,67,2.656838111,0.142569608,0.006739208,2.043620007
14,124,211318720,67,2.851214341,0.142569608,0.006739208,1.988640504
2,125,211318720,67,0.217175369,0.142569608,0.051651169,0.244375668
11,125,211318720,67,0.272776191,0.142569608,0.051651169,0.466649297
1,125,211318720,67,0.281178980,0.142569608,0.051651169,0.500178470
21,125,211318720,67,0.291309717,0.142569608,0.051651169,0.538061397
9,125,211318720,67,0.333771051,0.142569608,0.051651169,0.671239876
10,125,211318720,67,0.338645076,0.142569608,0.051651169,0.686303050
12,125,211318720,67,0.357826991,0.142569608,0.051651169,0.734200186
14,125,211318720,67,0.391378383,0.142569608,0.051651169,0.813704033
28,125,211318720,67,0.420773321,0.142569608,0.051651169,0.864897401
3,125,211318720,67,0.471067229,0.142569608,0.051651169,0.917179944
24,125,211318720,67,0.496683722,0.142569608,0.051651169,0.927251359
19,125,211318720,67,0.670439746,0.142569608,0.051651169,1.270324734
4,125,211318720,67,0.687056158,0.142569608,0.051651169,1.336516754
30,125,211318720,67,0.698254705,0.142569608,0.051651169,1.389074305
6,125,211318720,67,0.714799086,0.142569608,0.051651169,1.461634586
5,125,211318720,67,0.756670836,0.142569608,0.051651169,1.617752599
26,125,211318720,67,0.764463287,0.142569608,0.051651169,1.641730706
20,125,211318720,67,0.815600578,0.142569608,0.051651169,1.764615088
25,125,211318720,67,0.819719265,0.142569608,0.051651169,1.771756036
29,125,211318720,67,0.832073278,0.142569608,0.051651169,1.788598555
22,125,211318720,67,0.832820764,0.142569608,0.051651169,1.789351588
15,125,211318720,67,0.969201848,0.142569608,0.051651169,1.923350167
8,125,211318720,67,0.990430268,0.142569608,0.051651169,1.931900867
13,125,211318720,67,1.278350893,0.142569608,0.051651169,2.084349134
16,125,211318720,67,1.289231248,0.142569608,0.051651169,2.095808967
17,125,211318720,67,1.349170437,0.142569608,0.051651169,2.157294610
18,125,211318720,67,1.436765414,0.142569608,0.051651169,2.227090825
27,125,211318720,67,1.522868244,0.142569608,0.051651169,2.265022342
7,125,211318720,67,1.657194393,0.142569608,0.051651169,2.316672170
23,125,211318720,67,2.759003758,0.142569608,0.051651169,2.011776427
16,126,211318720,67,0.262618358,0.142569608,0.003503469,0.307866540
14,126,211318720,67,0.291309717,0.142569608,0.003503469,0.428588343
5,126,211318720,67,0.331927073,0.142569608,0.003503469,0.579597013
9,126,211318720,67,0.340840754,0.142569608,0.003503469,0.607222896
2,126,211318720,67,0.346780912,0.142569608,0.003503469,0.621594781
1,126,211318720,67,0.347471629,0.142569608,0.003503469,0.622858094
24,126,211318720,67,0.393703093,0.142569608,0.003503469,0.735425756
13,126,211318720,67,0.491628020,0.142569608,0.003503469,0.951675847
3,126,211318720,67,0.497832446,0.142569608,0.003503469,0.962472047
19,126,211318720,67,0.522957550,0.142569608,0.003503469,0.994377821
29,126,211318720,67,0.578321737,0.142569608,0.003503469,1.073786638
4,126,211318720,67,0.656366503,0.142569608,0.003503469,1.195664975
12,126,211318720,67,0.689012139,0.142569608,0.003503469,1.282916170
6,126,211318720,67,0.756670836,0.142569608,0.003503469,1.488756603
30,126,211318720,67,0.781082769,0.142569608,0.003503469,1.553638586
22,126,211318720,67,0.806589981,0.142569608,0.003503469,1.630729904
27,126,211318720,67,0.809045384,0.142569608,0.003503469,1.636174607
23,126,211318720,67,0.832073278,0.142569608,0.003503469,1.675538976
21,126,211318720,67,0.917862357,0.142569608,0.003503469,1.766383651
11,126,211318720,67,0.919655903,0.142569608,0.003503469,1.767174922
17,126,211318720,67,1.183831296,0.142569608,0.003503469,1.882172389
25,126,211318720,67,1.185253134,0.142569608,0.003503469,1.882737167
10,126,211318720,67,0.411648825,0.142569608,0.003503469,2.713387551
7,126,211318720,67,1.349170437,0.142569608,0.003503469,1.983615676
15,126,211318720,67,1.414402113,0.142569608,0.003503469,2.008731139
8,126,211318720,67,1.973971545,0.142569608,0.003503469,1.994915418
18,126,211318720,67,2.036967590,0.142569608,0.003503469,2.043716646
26,126,211318720,67,2.141684867,0.142569608,0.003503469,2.083447500
20,126,211318720,67,3.341109767,0.142569608,0.003503469,1.846303201
28,126,211318720,67,3.411740796,0.142569608,0.003503469,1.826333908
14,127,211318720,67,0.217175369,0.142569608,0.004364504,0.151057967
13,127,211318720,67,0.274486776,0.142569608,0.004364504,0.371143510
5,127,211318720,67,0.338645076,0.142569608,0.004364504,0.698822185
11,127,211318720,67,0.345303952,0.142569608,0.004364504,0.732160750
15,127,211318720,67,0.347471629,0.142569608,0.004364504,0.741514966
24,127,211318720,67,0.349695505,0.142569608,0.004364504,0.749868753
18,127,211318720,67,0.384120181,0.142569608,0.004364504,0.860127831
6,127,211318720,67,0.393703093,0.142569608,0.004364504,0.889793716
2,127,211318720,67,0.407748930,0.142569608,0.004364504,0.922911392
25,127,211318720,67,0.420773321,0.142569608,0.004364504,0.944371354
20,127,211318720,67,0.471067229,0.142569608,0.004364504,1.020379313
8,127,211318720,67,0.519929897,0.142569608,0.004364504,1.071584826
10,127,211318720,67,0.578321737,0.142569608,0.004364504,1.109104296
17,127,211318720,67,0.698254705,0.142569608,0.004364504,1.297402846
9,127,211318720,67,0.737146514,0.142569608,0.004364504,1.388596723
19,127,211318720,67,0.769230066,0.142569608,0.004364504,1.443837996
26,127,211318720,67,0.815600578,0.142569608,0.004364504,1.496323765
16,127,211318720,67,0.952025692,0.142569608,0.004364504,1.556378705
23,127,211318720,67,1.102987746,0.142569608,0.004364504,1.610260492
3,127,211318720,67,1.275961791,0.142569608,0.004364504,1.839785208
28,127,211318720,67,1.278350893,0.142569608,0.004364504,1.842332667
7,127,211318720,67,1.284436966,0.142569608,0.004364504,1.844606497
1,127,211318720,67,1.450159241,0.142569608,0.004364504,1.947803918
27,127,211318720,67,1.509114459,0.142569608,0.004364504,1.970229882
21,127,211318720,67,1.973971545,0.142569608,0.004364504,1.989423374
22,127,211318720,67,2.036967590,0.142569608,0.004364504,2.015283906
30,127,211318720,67,0.828887397,0.142569608,0.004364504,3.464013833
12,127,211318720,67,2.575342822,0.142569608,0.004364504,2.030171264
29,127,211318720,67,2.610934393,0.142569608,0.004364504,2.043662453
4,127,211318720,67,2.759003758,0.142569608,0.004364504,2.001934666
3,128,211318720,67,0.299654210,0.142569608,0.033646028,0.437758018
1,128,211318720,67,0.331808595,0.142569608,0.033646028,0.643524023
10,128,211318720,67,0.340022068,0.142569608,0.033646028,0.690574257
5,128,211318720,67,0.340840754,0.142569608,0.033646028,0.694740431
19,128,211318720,67,0.384275535,0.142569608,0.033646028,0.885814366
24,128,211318720,67,0.401427962,0.142569608,0.033646028,0.948963648
8,128,211318720,67,0.406369678,0.142569608,0.033646028,0.964113004
25,128,211318720,67,0.406841767,0.142569608,0.033646028,0.965245135
23,128,211318720,67,0.407748930,0.142569608,0.033646028,0.966747213
27,128,211318720,67,0.411648825,0.142569608,0.033646028,0.970645631
15,128,211318720,67,0.416831058,0.142569608,0.033646028,0.972505626
14,128,211318720,67,0.635595755,0.142569608,0.033646028,1.136649697
12,128,211318720,67,0.695802929,0.142569608,0.033646028,1.359888333
26,128,211318720,67,0.698254705,0.142569608,0.033646028,1.370760328
29,128,211318720,67,0.752566429,0.142569608,0.033646028,1.573010414
2,128,211318720,67,0.769230066,0.142569608,0.033646028,1.623279574
28,128,211318720,67,0.790535894,0.142569608,0.033646028,1.674160871
6,128,211318720,67,0.806589981,0.142569608,0.033646028,1.701788860
17,128,211318720,67,0.815600578,0.142569608,0.033646028,1.711236980
7,128,211318720,67,0.821650137,0.142569608,0.033646028,1.713652006
20,128,211318720,67,0.990430268,0.142569608,0.033646028,1.866618498
22,128,211318720,67,1.044856486,0.142569608,0.033646028,1.941364944
21,128,211318720,67,1.065657761,0.142569608,0.033646028,1.978319314
4,128,211318720,67,1.163510533,0.142569608,0.033646028,2.147199089
9,128,211318720,67,1.185253134,0.142569608,0.033646028,2.169393358
30,128,211318720,67,1.205968091,0.142569608,0.033646028,2.175927334
11,128,211318720,67,1.522868244,0.142569608,0.033646028,2.186095513
13,128,211318720,67,2.303361475,0.142569608,0.033646028,2.063178950
16,128,211318720,67,2.500940347,0.142569608,0.033646028,2.103026278
18,128,211318720,67,2.580293565,0.142569608,0.033646028,2.080374962
6,129,211318720,67,0.218636321,0.142569608,0.233913630,0.066930883
22,129,211318720,67,0.340022068,0.142569608,0.233913630,0.415222880
5,129,211318720,67,0.384120181,0.142569608,0.233913630,0.643974772
25,129,211318720,67,0.391378383,0.142569608,0.233913630,0.680697154
12,129,211318720,67,0.405338182,0.142569608,0.233913630,0.742276114
9,129,211318720,67,0.406369678,0.142569608,0.233913630,0.746100827
8,129,211318720,67,0.420281467,0.142569608,0.233913630,0.788880300
15,129,211318720,67,0.459361129,0.142569608,0.233913630,0.881874989
13,129,211318720,67,0.469100688,0.142569608,0.233913630,0.898847746
10,129,211318720,67,0.471067229,0.142569608,0.233913630,0.900961272
28,129,211318720,67,0.515830983,0.142569608,0.233913630,0.918462714
29,129,211318720,67,0.687056158,0.142569608,0.233913630,1.203616041
3,129,211318720,67,0.695802929,0.142569608,0.233913630,1.224524967
11,129,211318720,67,0.698254705,0.142569608,0.233913630,1.228676962
18,129,211318720,67,0.752566429,0.142569608,0.233913630,1.318874889
1,129,211318720,67,0.815600578,0.142569608,0.233913630,1.385216401
27,129,211318720,67,0.846862281,0.142569608,0.233913630,1.415197030
16,129,211318720,67,0.969201848,0.142569608,0.233913630,1.581754114
24,129,211318720,67,0.984046731,0.142569608,0.233913630,1.597039085
4,129,211318720,67,1.055621497,0.142569608,0.233913630,1.625651062
7,129,211318720,67,1.241069629,0.142569608,0.233913630,1.698091899
23,129,211318720,67,1.349170437,0.142569608,0.233913630,1.885035536
30,129,211318720,67,1.374381413,0.142569608,0.233913630,1.928839763
17,129,211318720,67,1.423528796,0.142569608,0.233913630,1.980738514
19,129,211318720,67,1.450159241,0.142569608,0.233913630,1.991281423
2,129,211318720,67,1.934453384,0.142569608,0.233913630,1.951170214
14,129,211318720,67,2.241835908,0.142569608,0.233913630,2.032702159
20,129,211318720,67,2.280323170,0.142569608,0.233913630,2.048338424
26,129,211318720,67,2.487518451,0.142569608,0.233913630,2.084820579
21,129,211318720,67,2.500940347,0.142569608,0.233913630,2.081006838
23,130,211318720,67,0.301447636,0.142569608,0.068605982,0.471511081
30,130,211318720,67,0.338645076,0.142569608,0.068605982,0.678778438
2,130,211318720,67,0.349695505,0.142569608,0.068605982,0.734751732
5,130,211318720,67,0.352250991,0.142569608,0.068605982,0.746017105
4,130,211318720,67,0.357859759,0.142569608,0.068605982,0.767103199
12,130,211318720,67,0.391378383,0.142569608,0.068605982,0.869663651
10,130,211318720,67,0.407748930,0.142569608,0.068605982,0.908698172
15,130,211318720,67,0.420773321,0.142569608,0.068605982,0.931435781
9,130,211318720,67,0.434572014,0.142569608,0.068605982,0.946395188
24,130,211318720,67,0.452040546,0.142569608,0.068605982,0.952391298
11,130,211318720,67,0.262618358,0.142569608,0.068605982,1.229229740
20,130,211318720,67,0.752566429,0.142569608,0.068605982,1.181226913
1,130,211318720,67,0.799520819,0.142569608,0.068605982,1.293303855
19,130,211318720,67,0.809045384,0.142569608,0.068605982,1.313657027
7,130,211318720,67,0.821650137,0.142569608,0.068605982,1.335855945
29,130,211318720,67,0.945577756,0.142569608,0.068605982,1.680916513
25,130,211318720,67,0.990430268,0.142569608,0.068605982,1.848174984
6,130,211318720,67,0.998676963,0.142569608,0.068605982,1.873542752
13,130,211318720,67,1.007648939,0.142569608,0.068605982,1.889734324
16,130,211318720,67,1.009629524,0.142569608,0.068605982,1.891981031
21,130,211318720,67,1.077776804,0.142569608,0.068605982,1.941326482
27,130,211318720,67,1.183831296,0.142569608,0.068605982,1.983175858
14,130,211318720,67,1.414402113,0.142569608,0.068605982,2.204102769
26,130,211318720,67,1.423528796,0.142569608,0.068605982,2.219991215
22,130,211318720,67,1.450159241,0.142569608,0.068605982,2.248565997
28,130,211318720,67,1.509114459,0.142569608,0.068605982,2.271741575
18,130,211318720,67,1.904038728,0.142569608,0.068605982,2.254504061
3,130,211318720,67,0.823874673,0.142569608,0.068605982,3.558964159
8,130,211318720,67,2.580293565,0.142569608,0.068605982,2.066921307
17,130,211318720,67,0.999831002,0.142569608,0.068605982,3.665294107
19,131,211318720,67,0.218636321,0.142569608,0.043546110,0.152965906
10,131,211318720,67,0.281178980,0.142569608,0.043546110,0.356252768
5,131,211318720,67,0.328114621,0.142569608,0.043546110,0.575048021
14,131,211318720,67,0.338645076,0.142569608,0.043546110,0.621677348
1,131,211318720,67,0.346780912,0.142569608,0.043546110,0.651786495
2,131,211318720,67,0.397487178,0.142569608,0.043546110,0.806189076
21,131,211318720,67,0.406314018,0.142569608,0.043546110,0.824728034
23,131,211318720,67,0.406841767,0.142569608,0.043546110,0.825276516
26,131,211318720,67,0.452040546,0.142569608,0.043546110,0.842868487
8,131,211318720,67,0.746840162,0.142569608,0.043546110,1.069341372
24,131,211318720,67,0.757188691,0.142569608,0.043546110,1.100960879
12,131,211318720,67,0.828887397,0.142569608,0.043546110,1.307803983
22,131,211318720,67,0.832073278,0.142569608,0.043546110,1.315535063
20,131,211318720,67,0.839853738,0.142569608,0.043546110,1.329018788
18,131,211318720,67,0.867005483,0.142569608,0.043546110,1.359042159
27,131,211318720,67,0.917862357,0.142569608,0.043546110,1.474217706
30,131,211318720,67,1.007648939,0.142569608,0.043546110,1.752724121
13,131,211318720,67,1.009629524,0.142569608,0.043546110,1.758700690
9,131,211318720,67,1.024237500,0.142569608,0.043546110,1.793673325
11,131,211318720,67,1.055621497,0.142569608,0.043546110,1.847646011
16,131,211318720,67,1.101347065,0.142569608,0.043546110,1.902173549
15,131,211318720,67,1.102987746,0.142569608,0.043546110,1.903947274
29,131,211318720,67,1.235957661,0.142569608,0.043546110,2.079601395
17,131,211318720,67,0.402068091,0.142569608,0.043546110,2.918606858
4,131,211318720,67,1.278350893,0.142569608,0.043546110,2.125242839
7,131,211318720,67,1.289231248,0.142569608,0.043546110,2.135083195
28,131,211318720,67,1.423528796,0.142569608,0.043546110,2.186660575
6,131,211318720,67,2.387739789,0.142569608,0.043546110,2.009713600
25,131,211318720,67,2.851214341,0.142569608,0.043546110,1.975049342
3,131,211318720,67,3.042432322,0.142569608,0.043546110,2.018743882
25,132,211318720,67,0.262618358,0.142569608,0.025048379,0.349263423
19,132,211318720,67,0.291309717,0.142569608,0.025048379,0.546075563
5,132,211318720,67,0.299654210,0.142569608,0.025048379,0.599689461
12,132,211318720,67,0.328114621,0.142569608,0.025048379,0.775278237
13,132,211318720,67,0.345303952,0.142569608,0.025048379,0.873022739
6,132,211318720,67,0.357826991,0.142569608,0.025048379,0.943573473
3,132,211318720,67,0.384120181,0.142569608,0.025048379,1.093926889
2,132,211318720,67,0.391378383,0.142569608,0.025048379,1.130535539
23,132,211318720,67,0.402068091,0.142569608,0.025048379,1.177717954
28,132,211318720,67,0.406314018,0.142569608,0.025048379,1.193534140
29,132,211318720,67,0.406841767,0.142569608,0.025048379,1.195231091
11,132,211318720,67,0.411648825,0.142569608,0.025048379,1.206711838
7,132,211318720,67,0.452040546,0.142569608,0.025048379,1.276020999
9,132,211318720,67,0.491628020,0.142569608,0.025048379,1.317903580
10,132,211318720,67,0.497832446,0.142569608,0.025048379,1.320268624
1,132,211318720,67,0.670439746,0.142569608,0.025048379,1.556547171
18,132,211318720,67,0.737146514,0.142569608,0.025048379,1.883519023
17,132,211318720,67,0.737725058,0.142569608,0.025048379,1.886062164
24,132,211318720,67,0.752566429,0.142569608,0.025048379,1.940537679
26,132,211318720,67,0.756670836,0.142569608,0.025048379,1.953176992
14,132,211318720,67,0.802276566,0.142569608,0.025048379,2.062386317
27,132,211318720,67,0.809045384,0.142569608,0.025048379,2.074119369
20,132,211318720,67,0.819719265,0.142569608,0.025048379,2.092196118
21,132,211318720,67,0.822082714,0.142569608,0.025048379,2.094741767
16,132,211318720,67,0.952025692,0.142569608,0.025048379,2.204429562
8,132,211318720,67,1.007648939,0.142569608,0.025048379,2.225988763
30,132,211318720,67,1.275961791,0.142569608,0.025048379,2.246314713
4,132,211318720,67,1.436765414,0.142569608,0.025048379,2.293767036
15,132,211318720,67,2.070019088,0.142569608,0.025048379,2.211617697
22,132,211318720,67,2.580293565,0.142569608,0.025048379,2.066206218
17,133,211318720,67,0.328114621,0.142569608,0.004810825,0.445214785
27,133,211318720,67,0.331808595,0.142569608,0.004810825,0.463820140
29,133,211318720,67,0.357826991,0.142569608,0.004810825,0.578456433
15,133,211318720,67,0.367044128,0.142569608,0.004810825,0.613552786
12,133,211318720,67,0.384275535,0.142569608,0.004810825,0.678139376
11,133,211318720,67,0.434572014,0.142569608,0.004810825,0.796875122
25,133,211318720,67,0.459292393,0.142569608,0.004810825,0.855960305
20,133,211318720,67,0.507433692,0.142569608,0.004810825,0.907343750
10,133,211318720,67,0.578321737,0.142569608,0.004810825,0.934563358
23,133,211318720,67,0.737146514,0.142569608,0.004810825,1.231439598
3,133,211318720,67,0.737725058,0.142569608,0.004810825,1.233249648
19,133,211318720,67,0.809045384,0.142569608,0.004810825,1.424115051
18,133,211318720,67,0.815600578,0.142569608,0.004810825,1.439966204
8,133,211318720,67,0.846862281,0.142569608,0.004810825,1.479696937
6,133,211318720,67,0.917862357,0.142569608,0.004810825,1.555873464
24,133,211318720,67,0.986327720,0.142569608,0.004810825,1.650821734
30,133,211318720,67,1.076130101,0.142569608,0.004810825,1.806189908
2,133,211318720,67,0.384120181,0.142569608,0.004810825,2.537922058
1,133,211318720,67,1.102987746,0.142569608,0.004810825,1.834415283
16,133,211318720,67,1.104358980,0.142569608,0.004810825,1.835002569
21,133,211318720,67,1.275961791,0.142569608,0.004810825,1.975429081
22,133,211318720,67,1.284436966,0.142569608,0.004810825,1.984348463
5,133,211318720,67,0.459361129,0.142569608,0.004810825,2.936052141
7,133,211318720,67,1.414402113,0.142569608,0.004810825,2.136033609
26,133,211318720,67,1.450159241,0.142569608,0.004810825,2.173142175
14,133,211318720,67,1.509114459,0.142569608,0.004810825,2.196310596
4,133,211318720,67,1.657194393,0.142569608,0.004810825,2.251226030
9,133,211318720,67,2.070019088,0.142569608,0.004810825,2.230823910
13,133,211318720,67,2.242581386,0.142569608,0.004810825,2.182296341
28,133,211318720,67,0.822082714,0.142569608,0.004810825,3.606126579
12,134,211318720,67,0.205499149,0.142569608,0.014154383,0.057023467
24,134,211318720,67,0.347471629,0.142569608,0.014154383,0.359776519
23,134,211318720,67,0.387058100,0.142569608,0.014154383,0.479909167
25,134,211318720,67,0.405338182,0.142569608,0.014154383,0.523799382
15,134,211318720,67,0.406314018,0.142569608,0.014154383,0.525529071
22,134,211318720,67,0.420281467,0.142569608,0.014154383,0.539531182
18,134,211318720,67,0.459292393,0.142569608,0.014154383,0.553884454
9,134,211318720,67,0.687056158,0.142569608,0.014154383,0.942188712
30,134,211318720,67,0.689012139,0.142569608,0.014154383,0.950358081
21,134,211318720,67,0.714799086,0.142569608,0.014154383,1.046931994
5,134,211318720,67,0.737725058,0.142569608,0.014154383,1.117020002
3,134,211318720,67,0.757188691,0.142569608,0.014154383,1.163303925
20,134,211318720,67,0.769230066,0.142569608,0.014154383,1.183788856
16,134,211318720,67,0.781082769,0.142569608,0.014154383,1.196352781
27,134,211318720,67,0.822082714,0.142569608,0.014154383,1.223347333
11,134,211318720,67,0.945577756,0.142569608,0.014154383,1.342945535
14,134,211318720,67,0.999831002,0.142569608,0.014154383,1.401061208
7,134,211318720,67,1.065657761,0.142569608,0.014154383,1.455482444
6,134,211318720,67,1.183831296,0.142569608,0.014154383,1.662360208
17,134,211318720,67,1.188858293,0.142569608,0.014154383,1.671270574
13,134,211318720,67,1.241069629,0.142569608,0.014154383,1.726526775
1,134,211318720,67,1.289231248,0.142569608,0.014154383,1.742305747
2,134,211318720,67,1.591305991,0.142569608,0.014154383,1.804523403
28,134,211318720,67,1.657194393,0.142569608,0.014154383,1.829801853
19,134,211318720,67,1.973971545,0.142569608,0.014154383,1.917052897
26,134,211318720,67,2.036967590,0.142569608,0.014154383,2.009177466
8,134,211318720,67,2.070019088,0.142569608,0.014154383,2.043921408
29,134,211318720,67,2.502933016,0.142569608,0.014154383,2.065557725
4,134,211318720,67,2.851214341,0.142569608,0.014154383,1.969872979
10,134,211318720,67,2.141684867,0.142569608,0.014154383,2.749033639
23,135,211318720,67,0.218636321,0.142569608,0.064119145,0.141468743
25,135,211318720,67,0.325376681,0.142569608,0.064119145,0.591432361
6,135,211318720,67,0.333771051,0.142569608,0.064119145,0.627668612
7,135,211318720,67,0.346780912,0.142569608,0.064119145,0.676016605
1,135,211318720,67,0.357826991,0.142569608,0.064119145,0.712186448
28,135,211318720,67,0.366496772,0.142569608,0.064119145,0.739815157
14,135,211318720,67,0.391378383,0.142569608,0.064119145,0.814992126
22,135,211318720,67,0.452040546,0.142569608,0.064119145,0.970904187
8,135,211318720,67,0.459361129,0.142569608,0.064119145,0.988517271
11,135,211318720,67,0.496683722,0.142569608,0.064119145,1.052633136
20,135,211318720,67,0.507433692,0.142569608,0.064119145,1.063463145
17,135,211318720,67,0.578321737,0.142569608,0.064119145,1.123475229
27,135,211318720,67,0.694847525,0.142569608,0.064119145,1.439209015
5,135,211318720,67,0.737725058,0.142569608,0.064119145,1.571878004
3,135,211318720,67,0.764463287,0.142569608,0.064119145,1.634627768
9,135,211318720,67,0.781082769,0.142569608,0.064119145,1.667349626
30,135,211318720,67,0.809045384,0.142569608,0.064119145,1.713342547
24,135,211318720,67,0.309103827,0.142569608,0.064119145,2.301507134
19,135,211318720,67,0.917862357,0.142569608,0.064119145,1.810388353
15,135,211318720,67,0.984046731,0.142569608,0.064119145,1.880101260
26,135,211318720,67,1.055621497,0.142569608,0.064119145,1.921179585
21,135,211318720,67,1.185253134,0.142569608,0.064119145,2.104910426
16,135,211318720,67,1.188858293,0.142569608,0.064119145,2.110893980
29,135,211318720,67,1.278350893,0.142569608,0.064119145,2.205380249
4,135,211318720,67,1.304662576,0.142569608,0.064119145,2.216188359
13,135,211318720,67,1.772163784,0.142569608,0.064119145,2.182581531
10,135,211318720,67,0.806589981,0.142569608,0.064119145,3.815468805
2,135,211318720,67,0.698254705,0.142569608,0.064119145,4.335209765
12,135,211318720,67,2.487518451,0.142569608,0.064119145,2.559657042
18,135,211318720,67,3.042432322,0.142569608,0.064119145,2.023361993
29,136,211318720,67,0.262618358,0.142569608,0.004756350,0.406748569
1,136,211318720,67,0.299654210,0.142569608,0.004756350,0.608142954
7,136,211318720,67,0.301447636,0.142569608,0.004756350,0.617025634
2,136,211318720,67,0.325376681,0.142569608,0.004756350,0.732976767
28,136,211318720,67,0.331927073,0.142569608,0.004756350,0.765132425
22,136,211318720,67,0.332457627,0.142569608,0.004756350,0.767494390
10,136,211318720,67,0.347471629,0.142569608,0.004756350,0.823821163
26,136,211318720,67,0.366496772,0.142569608,0.004756350,0.897810971
3,136,211318720,67,0.405338182,0.142569608,0.004756350,1.043208140
5,136,211318720,67,0.420281467,0.142569608,0.004756350,1.089570538
27,136,211318720,67,0.452040546,0.142569608,0.004756350,1.165782973
4,136,211318720,67,0.469331802,0.142569608,0.004756350,1.195591411
6,136,211318720,67,0.496683722,0.142569608,0.004756350,1.225158212
23,136,211318720,67,0.497832446,0.142569608,0.004756350,1.225630451
20,136,211318720,67,0.687056158,0.142569608,0.004756350,1.292093265
8,136,211318720,67,0.790535894,0.142569608,0.004756350,1.343394939
13,136,211318720,67,0.919655903,0.142569608,0.004756350,1.466068438
19,136,211318720,67,1.007648939,0.142569608,0.004756350,1.678359959
21,136,211318720,67,1.009629524,0.142569608,0.004756350,1.683124785
17,136,211318720,67,1.065657761,0.142569608,0.004756350,1.809906912
25,136,211318720,67,1.101347065,0.142569608,0.004756350,1.893618730
11,136,211318720,67,1.102987746,0.142569608,0.004756350,1.896392694
12,136,211318720,67,1.165294969,0.142569608,0.004756350,1.979424646
9,136,211318720,67,1.205968091,0.142569608,0.004756350,2.048066588
18,136,211318720,67,1.284436966,0.142569608,0.004756350,2.141705701
16,136,211318720,67,1.304662576,0.142569608,0.004756350,2.175513259
24,136,211318720,67,1.414402113,0.142569608,0.004756350,2.290928658
14,136,211318720,67,1.423528796,0.142569608,0.004756350,2.294334189
30,136,211318720,67,2.141684867,0.142569608,0.004756350,2.188340843
15,136,211318720,67,2.280323170,0.142569608,0.004756350,2.149020469
6,137,211318720,67,0.262618358,0.142569608,0.043409660,0.426756924
17,137,211318720,67,0.272776191,0.142569608,0.043409660,0.477910676
16,137,211318720,67,0.274486776,0.142569608,0.043409660,0.485640424
15,137,211318720,67,0.291309717,0.142569608,0.043409660,0.556945264
12,137,211318720,67,0.366496772,0.142569608,0.043409660,0.905397898
27,137,211318720,67,0.367044128,0.142569608,0.043409660,0.908195847
21,137,211318720,67,0.384275535,0.142569608,0.043409660,0.993703753
1,137,211318720,67,0.401123492,0.142569608,0.043409660,1.078509801
22,137,211318720,67,0.420773321,0.142569608,0.043409660,1.164967355
20,137,211318720,67,0.434572014,0.142569608,0.043409660,1.216097268
25,137,211318720,67,0.469100688,0.142569608,0.043409660,1.322336402
30,137,211318720,67,0.491628020,0.142569608,0.043409660,1.376421228
8,137,211318720,67,0.497832446,0.142569608,0.043409660,1.387102222
7,137,211318720,67,0.515830983,0.142569608,0.043409660,1.407745335
14,137,211318720,67,0.522957550,0.142569608,0.043409660,1.414573663
26,137,211318720,67,0.656366503,0.142569608,0.043409660,1.527251833
18,137,211318720,67,0.737725058,0.142569608,0.043409660,1.660842409
9,137,211318720,67,0.769230066,0.142569608,0.043409660,1.693744927
23,137,211318720,67,0.806589981,0.142569608,0.043409660,1.729090339
28,137,211318720,67,0.917862357,0.142569608,0.043409660,1.885666394
19,137,211318720,67,0.984046731,0.142569608,0.043409660,2.013221242
24,137,211318720,67,1.007648939,0.142569608,0.043409660,2.053674991
2,137,211318720,67,0.325376681,0.142569608,0.043409660,2.853133623
3,137,211318720,67,1.104358980,0.142569608,0.043409660,2.100364478
4,137,211318720,67,1.284436966,0.142569608,0.043409660,2.152392805
13,137,211318720,67,1.414402113,0.142569608,0.043409660,2.201752671
11,137,211318720,67,2.141684867,0.142569608,0.043409660,2.089816331
5,137,211318720,67,2.487518451,0.142569608,0.043409660,2.085894462
29,137,211318720,67,2.851214341,0.142569608,0.043409660,1.982683141
10,137,211318720,67,1.021439625,0.142569608,0.043409660,3.827133997
15,138,211318720,67,0.274486776,0.142569608,0.073456936,0.241795401
12,138,211318720,67,0.301447636,0.142569608,0.073456936,0.339615300
5,138,211318720,67,0.331808595,0.142569608,0.073456936,0.432186593
13,138,211318720,67,0.344720398,0.142569608,0.073456936,0.463411754
16,138,211318720,67,0.406314018,0.142569608,0.073456936,0.587574136
4,138,211318720,67,0.416831058,0.142569608,0.073456936,0.605383648
10,138,211318720,67,0.420513033,0.142569608,0.073456936,0.609109568
3,138,211318720,67,0.522957550,0.142569608,0.073456936,0.648068781
19,138,211318720,67,0.746840162,0.142569608,0.073456936,0.961313931
17,138,211318720,67,0.747118578,0.142569608,0.073456936,0.962012080
26,138,211318720,67,0.757188691,0.142569608,0.073456936,0.979429433
25,138,211318720,67,0.809045384,0.142569608,0.073456936,1.056339709
29,138,211318720,67,0.819719265,0.142569608,0.073456936,1.067434737
8,138,211318720,67,0.917862357,0.142569608,0.073456936,1.192853449
6,138,211318720,67,0.998676963,0.142569608,0.073456936,1.382415490
27,138,211318720,67,1.007648939,0.142569608,0.073456936,1.397622560
22,138,211318720,67,1.044856486,0.142569608,0.073456936,1.439552909
2,138,211318720,67,1.065657761,0.142569608,0.073456936,1.474542793
1,138,211318720,67,1.188858293,0.142569608,0.073456936,1.689105977
14,138,211318720,67,1.235957661,0.142569608,0.073456936,1.758493843
7,138,211318720,67,1.294309936,0.142569608,0.073456936,1.843201589
24,138,211318720,67,1.349170437,0.142569608,0.073456936,1.974837080
20,138,211318720,67,1.414402113,0.142569608,0.073456936,2.085930943
28,138,211318720,67,1.423528796,0.142569608,0.073456936,2.095516584
9,138,211318720,67,1.591305991,0.142569608,0.073456936,2.153052068
30,138,211318720,67,2.280323170,0.142569608,0.073456936,2.054321994
11,138,211318720,67,2.487518451,0.142569608,0.073456936,2.091517892
23,138,211318720,67,2.851214341,0.142569608,0.073456936,1.986734134
21,138,211318720,67,1.183831296,0.142569608,0.073456936,3.656261880
18,138,211318720,67,1.436765414,0.142569608,0.073456936,3.438415990
11,139,211318720,67,0.205499149,0.142569608,0.055638094,0.141033953
13,139,211318720,67,0.272776191,0.142569608,0.055638094,0.430668279
8,139,211318720,67,0.325376681,0.142569608,0.055638094,0.686893198
24,139,211318720,67,0.331808595,0.142569608,0.055638094,0.714500237
3,139,211318720,67,0.338645076,0.142569608,0.055638094,0.740384146
26,139,211318720,67,0.340840754,0.142569608,0.055638094,0.747177502
20,139,211318720,67,0.347471629,0.142569608,0.055638094,0.762968564
4,139,211318720,67,0.366496772,0.142569608,0.055638094,0.795259619
27,139,211318720,67,0.406369678,0.142569608,0.055638094,0.837500302
15,139,211318720,67,0.430501742,0.142569608,0.055638094,0.846975492
30,139,211318720,67,0.695802929,0.142569608,0.055638094,1.102211730
28,139,211318720,67,0.698254705,0.142569608,0.055638094,1.108099512
5,139,211318720,67,0.737146514,0.142569608,0.055638094,1.183566728
19,139,211318720,67,0.747118578,0.142569608,0.055638094,1.200561471
10,139,211318720,67,0.819719265,0.142569608,0.055638094,1.276694532
16,139,211318720,67,0.867005483,0.142569608,0.055638094,1.303040123
25,139,211318720,67,0.999831002,0.142569608,0.055638094,1.513551876
12,139,211318720,67,1.007648939,0.142569608,0.055638094,1.527401669
29,139,211318720,67,1.077776804,0.142569608,0.055638094,1.675582107
1,139,211318720,67,1.102987746,0.142569608,0.055638094,1.718223538
7,139,211318720,67,1.163510533,0.142569608,0.055638094,1.782816266
21,139,211318720,67,1.165294969,0.142569608,0.055638094,1.783533814
9,139,211318720,67,1.414402113,0.142569608,0.055638094,1.900110092
22,139,211318720,67,1.450159241,0.142569608,0.055638094,1.938109299
23,139,211318720,67,1.522868244,0.142569608,0.055638094,1.966222960
14,139,211318720,67,1.904038728,0.142569608,0.055638094,1.954875384
6,139,211318720,67,2.303361475,0.142569608,0.055638094,1.940576565
17,139,211318720,67,2.759003758,0.142569608,0.055638094,1.941990316
2,139,211318720,67,2.851214341,0.142569608,0.055638094,1.978652041
18,139,211318720,67,3.411740796,0.142569608,0.055638094,1.822593360
22,140,211318720,67,0.309103827,0.142569608,0.001313854,0.633287684
15,140,211318720,67,0.310267843,0.142569608,0.001313854,0.641507898
6,140,211318720,67,0.328114621,0.142569608,0.001313854,0.764322743
5,140,211318720,67,0.332457627,0.142569608,0.001313854,0.794966477
30,140,211318720,67,0.344720398,0.142569608,0.001313854,0.873093336
19,140,211318720,67,0.349695505,0.142569608,0.001313854,0.901588425
1,140,211318720,67,0.367044128,0.142569608,0.001313854,0.989333426
21,140,211318720,67,0.405338182,0.142569608,0.001313854,1.179350372
8,140,211318720,67,0.406841767,0.142569608,0.001313854,1.186111308
3,140,211318720,67,0.416831058,0.142569608,0.001313854,1.229100719
2,140,211318720,67,0.420281467,0.142569608,0.001313854,1.241912014
14,140,211318720,67,0.420513033,0.142569608,0.001313854,1.242631882
16,140,211318720,67,0.459292393,0.142569608,0.001313854,1.334873554
10,140,211318720,67,0.469100688,0.142569608,0.001313854,1.351888796
7,140,211318720,67,0.515830983,0.142569608,0.001313854,1.401171284
11,140,211318720,67,0.549024150,0.142569608,0.001313854,1.414714083
28,140,211318720,67,0.747118578,0.142569608,0.001313854,1.518370011
4,140,211318720,67,0.790535894,0.142569608,0.001313854,1.535834147
17,140,211318720,67,0.940637450,0.142569608,0.001313854,1.677760379
26,140,211318720,67,0.952025692,0.142569608,0.001313854,1.689851485
29,140,211318720,67,1.077776804,0.142569608,0.001313854,1.738768901
27,140,211318720,67,1.349170437,0.142569608,0.001313854,1.838570411
20,140,211318720,67,2.070019088,0.142569608,0.001313854,1.750534704
13,140,211318720,67,2.241835908,0.142569608,0.001313854,1.796582273
9,140,211318720,67,2.575342822,0.142569608,0.001313854,1.932020893
23,140,211318720,67,2.580293565,0.142569608,0.001313854,1.937211795
18,140,211318720,67,2.656838111,0.142569608,0.001313854,1.995235867
12,140,211318720,67,2.759003758,0.142569608,0.001313854,2.034432613
24,140,211318720,67,1.374381413,0.142569608,0.001313854,3.774030129
25,140,211318720,67,3.411740796,0.142569608,0.001313854,1.850663084
6,141,211318720,67,0.301447636,0.142569608,0.077225260,0.288097068
19,141,211318720,67,0.352250991,0.142569608,0.077225260,0.501385211
14,141,211318720,67,0.366496772,0.142569608,0.077225260,0.561545823
24,141,211318720,67,0.384120181,0.142569608,0.077225260,0.632233704
22,141,211318720,67,0.401427962,0.142569608,0.077225260,0.697306583
30,141,211318720,67,0.402068091,0.142569608,0.077225260,0.699212537
26,141,211318720,67,0.407748930,0.142569608,0.077225260,0.712966109
29,141,211318720,67,0.459292393,0.142569608,0.077225260,0.802607750
7,141,211318720,67,0.497832446,0.142569608,0.077225260,0.842421760
12,141,211318720,67,0.519929897,0.142569608,0.077225260,0.850529657
15,141,211318720,67,0.695802929,0.142569608,0.077225260,1.164051247
20,141,211318720,67,0.698254705,0.142569608,0.077225260,1.174930068
17,141,211318720,67,0.737146514,0.142569608,0.077225260,1.320249798
1,141,211318720,67,0.747118578,0.142569608,0.077225260,1.350254030
3,141,211318720,67,0.809045384,0.142569608,0.077225260,1.502525463
11,141,211318720,67,0.819719265,0.142569608,0.077225260,1.528084710
27,141,211318720,67,0.822148367,0.142569608,0.077225260,1.531860297
28,141,211318720,67,0.832820764,0.142569608,0.077225260,1.542473571
4,141,211318720,67,0.945577756,0.142569608,0.077225260,1.615221835
13,141,211318720,67,1.055621497,0.142569608,0.077225260,1.731183145
21,141,211318720,67,1.077776804,0.142569608,0.077225260,1.749221911
9,141,211318720,67,1.205968091,0.142569608,0.077225260,1.798299502
8,141,211318720,67,1.450159241,0.142569608,0.077225260,1.825356289
16,141,211318720,67,1.772163784,0.142569608,0.077225260,1.827590697
5,141,211318720,67,2.070019088,0.142569608,0.077225260,1.838066356
18,141,211318720,67,2.241835908,0.142569608,0.077225260,1.941431674
25,141,211318720,67,2.303361475,0.142569608,0.077225260,1.965067530
2,141,211318720,67,2.575342822,0.142569608,0.077225260,1.985547978
23,141,211318720,67,3.042432322,0.142569608,0.077225260,1.949609653
10,141,211318720,67,3.411740796,0.142569608,0.077225260,1.846358823
12,142,211318720,67,0.309103827,0.142569608,0.013423460,0.485261770
23,142,211318720,67,0.332457627,0.142569608,0.013423460,0.629009049
20,142,211318720,67,0.338645076,0.142569608,0.013423460,0.664276498
19,142,211318720,67,0.347471629,0.142569608,0.013423460,0.708247324
13,142,211318720,67,0.366496772,0.142569608,0.013423460,0.803593020
1,142,211318720,67,0.393703093,0.142569608,0.013423460,0.947840580
9,142,211318720,67,0.401123492,0.142569608,0.013423460,0.985524662
3,142,211318720,67,0.406369678,0.142569608,0.013423460,1.008863350
22,142,211318720,67,0.411648825,0.142569608,0.013423460,1.028388000
2,142,211318720,67,0.420773321,0.142569608,0.013423460,1.056460661
30,142,211318720,67,0.459361129,0.142569608,0.013423460,1.147839631
21,142,211318720,67,0.491628020,0.142569608,0.013423460,1.203202972
24,142,211318720,67,0.515830983,0.142569608,0.013423460,1.228580587
15,142,211318720,67,0.519929897,0.142569608,0.013423460,1.230067304
25,142,211318720,67,0.695802929,0.142569608,0.013423460,1.376849502
6,142,211318720,67,0.737146514,0.142569608,0.013423460,1.497730788
18,142,211318720,67,0.815600578,0.142569608,0.013423460,1.682594645
26,142,211318720,67,0.821650137,0.142569608,0.013423460,1.692841787
14,142,211318720,67,0.828887397,0.142569608,0.013423460,1.700343174
7,142,211318720,67,0.846862281,0.142569608,0.013423460,1.709561849
29,142,211318720,67,0.986327720,0.142569608,0.013423460,1.920139025
17,142,211318720,67,0.998676963,0.142569608,0.013423460,1.932977201
27,142,211318720,67,1.024237500,0.142569608,0.013423460,1.945196316
16,142,211318720,67,1.163510533,0.142569608,0.013423460,2.078586523
8,142,211318720,67,1.188858293,0.142569608,0.013423460,2.088296619
4,142,211318720,67,1.349170437,0.142569608,0.013423460,2.138171739
10,142,211318720,67,2.036967590,0.142569608,0.013423460,2.038072606
28,142,211318720,67,2.500940347,0.142569608,0.013423460,2.049800883
11,142,211318720,67,2.575342822,0.142569608,0.013423460,2.078668584
5,142,211318720,67,3.341109767,0.142569608,0.013423460,1.867290931
23,143,211318720,67,0.205499149,0.142569608,0.067868978,0.245266388
12,143,211318720,67,0.218636321,0.142569608,0.067868978,0.294435429
8,143,211318720,67,0.274486776,0.142569608,0.067868978,0.482057844
16,143,211318720,67,0.301447636,0.142569608,0.067868978,0.582807859
29,143,211318720,67,0.331808595,0.142569608,0.067868978,0.678930184
30,143,211318720,67,0.331927073,0.142569608,0.067868978,0.679321829
15,143,211318720,67,0.345303952,0.142569608,0.067868978,0.711704260
19,143,211318720,67,0.401427962,0.142569608,0.067868978,0.808654781
6,143,211318720,67,0.406369678,0.142569608,0.067868978,0.814011389
20,143,211318720,67,0.469100688,0.142569608,0.067868978,0.859506264
7,143,211318720,67,0.578321737,0.142569608,0.067868978,0.900853181
25,143,211318720,67,0.746840162,0.142569608,0.067868978,1.065680720
4,143,211318720,67,0.821650137,0.142569608,0.067868978,1.216775558
27,143,211318720,67,0.828887397,0.142569608,0.067868978,1.234225295
21,143,211318720,67,0.839853738,0.142569608,0.067868978,1.253124503
18,143,211318720,67,0.940637450,0.142569608,0.067868978,1.476674752
24,143,211318720,67,0.952025692,0.142569608,0.067868978,1.504086312
9,143,211318720,67,1.007648939,0.142569608,0.067868978,1.598535257
5,143,211318720,67,1.021439625,0.142569608,0.067868978,1.613398784
14,143,211318720,67,1.044856486,0.142569608,0.067868978,1.622601550
10,143,211318720,67,1.188858293,0.142569608,0.067868978,1.877927688
13,143,211318720,67,1.205812777,0.142569608,0.067868978,1.906177780
1,143,211318720,67,1.284436966,0.142569608,0.067868978,1.936089765
3,143,211318720,67,1.657194393,0.142569608,0.067868978,1.943581715
22,143,211318720,67,1.772163784,0.142569608,0.067868978,1.986870568
26,143,211318720,67,2.141684867,0.142569608,0.067868978,2.004104683
28,143,211318720,67,2.241835908,0.142569608,0.067868978,2.043677625
17,143,211318720,67,2.851214341,0.142569608,0.067868978,1.967458685
2,143,211318720,67,1.205968091,0.142569608,0.067868978,3.627777234
11,143,211318720,67,2.452082856,0.142569608,0.067868978,2.452153686
26,144,211318720,67,0.262618358,0.142569608,0.046210058,0.296868593
7,144,211318720,67,0.274486776,0.142569608,0.046210058,0.348616038
9,144,211318720,67,0.338645076,0.142569608,0.046210058,0.593750069
30,144,211318720,67,0.340022068,0.142569608,0.046210058,0.598958569
25,144,211318720,67,0.349695505,0.142569608,0.046210058,0.628278520
27,144,211318720,67,0.367044128,0.142569608,0.046210058,0.669437049
24,144,211318720,67,0.401123492,0.142569608,0.046210058,0.744505575
16,144,211318720,67,0.401427962,0.142569608,0.046210058,0.745092294
22,144,211318720,67,0.471067229,0.142569608,0.046210058,0.840149873
14,144,211318720,67,0.519929897,0.142569608,0.046210058,0.891743227
21,144,211318720,67,0.578321737,0.142569608,0.046210058,0.934264982
1,144,211318720,67,0.698254705,0.142569608,0.046210058,1.178144731
10,144,211318720,67,0.714799086,0.142569608,0.046210058,1.224214203
29,144,211318720,67,0.737146514,0.142569608,0.046210058,1.277227990
8,144,211318720,67,0.799520819,0.142569608,0.046210058,1.400387639
12,144,211318720,67,0.809045384,0.142569608,0.046210058,1.423409024
13,144,211318720,67,0.846862281,0.142569608,0.046210058,1.488758987
23,144,211318720,67,0.919655903,0.142569608,0.046210058,1.582860935
6,144,211318720,67,0.941278721,0.142569608,0.046210058,1.624034974
2,144,211318720,67,1.044856486,0.142569608,0.046210058,1.803733785
4,144,211318720,67,1.055621497,0.142569608,0.046210058,1.815170025
11,144,211318720,67,1.077776804,0.142569608,0.046210058,1.833398835
15,144,211318720,67,1.205968091,0.142569608,0.046210058,1.912746648
5,144,211318720,67,1.304662576,0.142569608,0.046210058,1.951149622
18,144,211318720,67,2.194425436,0.142569608,0.046210058,1.823954140
20,144,211318720,67,2.303361475,0.142569608,0.046210058,1.866903703
3,144,211318720,67,2.502933016,0.142569608,0.046210058,1.993849002
19,144,211318720,67,2.575342822,0.142569608,0.046210058,2.069436132
28,144,211318720,67,2.580293565,0.142569608,0.046210058,2.071339774
17,144,211318720,67,2.656838111,0.142569608,0.046210058,2.049582986
2,145,211318720,67,0.291309717,0.142569608,0.027398350,0.611323154
3,145,211318720,67,0.294632521,0.142569608,0.027398350,0.632680062
24,145,211318720,67,0.325376681,0.142569608,0.027398350,0.808308779
27,145,211318720,67,0.328114621,0.142569608,0.027398350,0.822981269
6,145,211318720,67,0.331808595,0.142569608,0.027398350,0.841430171
16,145,211318720,67,0.332457627,0.142569608,0.027398350,0.844164207
29,145,211318720,67,0.346780912,0.142569608,0.027398350,0.897769026
21,145,211318720,67,0.357826991,0.142569608,0.027398350,0.931706755
25,145,211318720,67,0.405338182,0.142569608,0.027398350,1.014005865
30,145,211318720,67,0.420773321,0.142569608,0.027398350,1.030786848
1,145,211318720,67,0.469100688,0.142569608,0.027398350,1.048626298
26,145,211318720,67,0.689012139,0.142569608,0.027398350,1.476197778
4,145,211318720,67,0.694847525,0.142569608,0.027398350,1.501974939
8,145,211318720,67,0.698254705,0.142569608,0.027398350,1.514557890
15,145,211318720,67,0.714799086,0.142569608,0.027398350,1.564602188
28,145,211318720,67,0.737146514,0.142569608,0.027398350,1.618458723
9,145,211318720,67,0.747118578,0.142569608,0.027398350,1.635912419
7,145,211318720,67,0.815600578,0.142569608,0.027398350,1.708325779
17,145,211318720,67,0.822148367,0.142569608,0.027398350,1.710777440
10,145,211318720,67,0.969201848,0.142569608,0.027398350,1.907562795
13,145,211318720,67,1.009629524,0.142569608,0.027398350,2.003359403
14,145,211318720,67,1.044856486,0.142569608,0.027398350,2.064388251
11,145,211318720,67,1.076130101,0.142569608,0.027398350,2.106054240
12,145,211318720,67,1.102987746,0.142569608,0.027398350,2.134716379
22,145,211318720,67,1.205812777,0.142569608,0.027398350,2.174070789
19,145,211318720,67,0.357859759,0.142569608,0.027398350,3.164192354
20,145,211318720,67,1.423528796,0.142569608,0.027398350,2.207809422
23,145,211318720,67,1.720860573,0.142569608,0.027398350,2.219105575
5,145,211318720,67,2.070019088,0.142569608,0.027398350,2.216711474
18,145,211318720,67,2.610934393,0.142569608,0.027398350,2.066048342
3,146,211318720,67,0.262618358,0.142569608,0.070156559,0.393457751
12,146,211318720,67,0.272776191,0.142569608,0.070156559,0.458016185
27,146,211318720,67,0.299654210,0.142569608,0.070156559,0.616454751
18,146,211318720,67,0.333771051,0.142569608,0.070156559,0.823190289
24,146,211318720,67,0.346780912,0.142569608,0.070156559,0.897664756
26,146,211318720,67,0.357826991,0.142569608,0.070156559,0.961264487
20,146,211318720,67,0.372439086,0.142569608,0.070156559,1.044460830
25,146,211318720,67,0.384120181,0.142569608,0.070156559,1.108096794
14,146,211318720,67,0.384275535,0.142569608,0.070156559,1.108887588
2,146,211318720,67,0.387058100,0.142569608,0.070156559,1.121063915
5,146,211318720,67,0.406314018,0.142569608,0.070156559,1.193333732
23,146,211318720,67,0.434572014,0.142569608,0.070156559,1.279937731
21,146,211318720,67,0.459361129,0.142569608,0.070156559,1.354813515
9,146,211318720,67,0.491628020,0.142569608,0.070156559,1.429835915
17,146,211318720,67,0.497832446,0.142569608,0.070156559,1.440070651
15,146,211318720,67,0.519929897,0.142569608,0.070156559,1.463579254
11,146,211318720,67,0.578321737,0.142569608,0.070156559,1.486108119
6,146,211318720,67,0.764463287,0.142569608,0.070156559,1.580397121
29,146,211318720,67,0.832073278,0.142569608,0.070156559,1.643285902
10,146,211318720,67,0.919655903,0.142569608,0.070156559,1.675520013
16,146,211318720,67,1.102987746,0.142569608,0.070156559,1.852968575
7,146,211318720,67,1.104358980,0.142569608,0.070156559,1.854366635
1,146,211318720,67,1.185253134,0.142569608,0.070156559,1.884264430
4,146,211318720,67,1.349170437,0.142569608,0.070156559,1.934163855
13,146,211318720,67,1.522868244,0.142569608,0.070156559,1.981360928
19,146,211318720,67,1.720860573,0.142569608,0.070156559,2.019029224
22,146,211318720,67,2.241835908,0.142569608,0.070156559,2.023176311
8,146,211318720,67,2.303361475,0.142569608,0.070156559,2.087006021
28,146,211318720,67,2.387739789,0.142569608,0.070156559,2.119323311
30,146,211318720,67,3.411740796,0.142569608,0.070156559,1.830175259
12,147,211318720,67,0.309103827,0.142569608,0.015559434,0.338249093
8,147,211318720,67,0.328114621,0.142569608,0.015559434,0.404390236
22,147,211318720,67,0.340022068,0.142569608,0.015559434,0.441243077
25,147,211318720,67,0.340840754,0.142569608,0.015559434,0.443046015
29,147,211318720,67,0.406841767,0.142569608,0.015559434,0.575719676
19,147,211318720,67,0.416831058,0.142569608,0.015559434,0.592549527
11,147,211318720,67,0.519929897,0.142569608,0.015559434,0.662819666
30,147,211318720,67,0.668942036,0.142569608,0.015559434,0.805940054
18,147,211318720,67,0.746840162,0.142569608,0.015559434,1.069844959
14,147,211318720,67,0.764463287,0.142569608,0.015559434,1.123885172
7,147,211318720,67,0.790535894,0.142569608,0.015559434,1.195308027
21,147,211318720,67,0.821650137,0.142569608,0.015559434,1.277487089
1,147,211318720,67,0.822148367,0.142569608,0.015559434,1.278749154
24,147,211318720,67,0.828887397,0.142569608,0.015559434,1.290233428
4,147,211318720,67,0.919655903,0.142569608,0.015559434,1.555842783
2,147,211318720,67,0.952025692,0.142569608,0.015559434,1.655070969
17,147,211318720,67,0.986327720,0.142569608,0.015559434,1.736158679
23,147,211318720,67,0.999831002,0.142569608,0.015559434,1.758431487
13,147,211318720,67,1.009629524,0.142569608,0.015559434,1.762530922
26,147,211318720,67,0.459361129,0.142569608,0.015559434,2.483868744
5,147,211318720,67,1.183831296,0.142569608,0.015559434,1.922731332
15,147,211318720,67,1.205968091,0.142569608,0.015559434,1.946655358
20,147,211318720,67,1.275961791,0.142569608,0.015559434,1.973786570
16,147,211318720,67,1.522868244,0.142569608,0.015559434,1.999795537
10,147,211318720,67,1.772163784,0.142569608,0.015559434,2.069939206
6,147,211318720,67,1.854731332,0.142569608,0.015559434,2.172338431
9,147,211318720,67,1.904038728,0.142569608,0.015559434,2.224462295
3,147,211318720,67,1.973971545,0.142569608,0.015559434,2.252089309
28,147,211318720,67,2.656838111,0.142569608,0.015559434,2.063760628
27,147,211318720,67,0.998676963,0.142569608,0.015559434,3.728556729
25,148,211318720,67,0.217175369,0.142569608,0.012468740,0.200378650
17,148,211318720,67,0.281178980,0.142569608,0.012468740,0.603222482
4,148,211318720,67,0.294632521,0.142569608,0.012468740,0.706531762
9,148,211318720,67,0.338645076,0.142569608,0.012468740,1.017483634
1,148,211318720,67,0.340840754,0.142569608,0.012468740,1.031577269
27,148,211318720,67,0.345303952,0.142569608,0.012468740,1.057104538
30,148,211318720,67,0.352250991,0.142569608,0.012468740,1.089742954
23,148,211318720,67,0.357826991,0.142569608,0.012468740,1.110307829
22,148,211318720,67,0.367044128,0.142569608,0.012468740,1.139911045
5,148,211318720,67,0.393703093,0.142569608,0.012468740,1.221064650
26,148,211318720,67,0.401123492,0.142569608,0.012468740,1.238290096
15,148,211318720,67,0.416831058,0.142569608,0.012468740,1.265200130
2,148,211318720,67,0.420281467,0.142569608,0.012468740,1.268873688
10,148,211318720,67,0.507433692,0.142569608,0.012468740,1.299894569
3,148,211318720,67,0.668942036,0.142569608,0.012468740,1.498748054
29,148,211318720,67,0.670439746,0.142569608,0.012468740,1.501359855
21,148,211318720,67,0.737146514,0.142569608,0.012468740,1.640852837
20,148,211318720,67,0.802276566,0.142569608,0.012468740,1.796320126
18,148,211318720,67,0.846862281,0.142569608,0.012468740,1.856591385
24,148,211318720,67,0.867005483,0.142569608,0.012468740,1.864380754
16,148,211318720,67,1.185253134,0.142569608,0.012468740,2.050557714
12,148,211318720,67,1.205812777,0.142569608,0.012468740,2.112565624
6,148,211318720,67,1.278350893,0.142569608,0.012468740,2.290743298
11,148,211318720,67,1.284436966,0.142569608,0.012468740,2.305049389
7,148,211318720,67,1.294309936,0.142569608,0.012468740,2.321604212
8,148,211318720,67,1.304662576,0.142569608,0.012468740,2.332853357
13,148,211318720,67,1.414402113,0.142569608,0.012468740,2.375403304
28,148,211318720,67,0.349695505,0.142569608,0.012468740,3.467762257
14,148,211318720,67,2.122991969,0.142569608,0.012468740,2.180648657
19,148,211318720,67,0.822148367,0.142569608,0.012468740,3.509139589
23,149,211318720,67,0.205499149,0.142569608,0.018092949,0.276983814
4,149,211318720,67,0.218636321,0.142569608,0.018092949,0.341204014
22,149,211318720,67,0.274486776,0.142569608,0.018092949,0.624944013
9,149,211318720,67,0.294632521,0.142569608,0.018092949,0.731400739
8,149,211318720,67,0.309103827,0.142569608,0.018092949,0.804640929
18,149,211318720,67,0.331808595,0.142569608,0.018092949,0.904499226
26,149,211318720,67,0.333771051,0.142569608,0.018092949,0.911728765
5,149,211318720,67,0.340022068,0.142569608,0.018092949,0.930855696
19,149,211318720,67,0.352250991,0.142569608,0.018092949,0.961785821
27,149,211318720,67,0.367044128,0.142569608,0.018092949,0.996680278
29,149,211318720,67,0.406369678,0.142569608,0.018092949,1.065038632
20,149,211318720,67,0.430501742,0.142569608,0.018092949,1.090612877
3,149,211318720,67,0.491628020,0.142569608,0.018092949,1.113361277
6,149,211318720,67,0.687056158,0.142569608,0.018092949,1.372408191
24,149,211318720,67,0.689012139,0.142569608,0.018092949,1.377133979
10,149,211318720,67,0.737146514,0.142569608,0.018092949,1.491361211
25,149,211318720,67,0.757188691,0.142569608,0.018092949,1.526330555
13,149,211318720,67,0.809045384,0.142569608,0.018092949,1.579965939
12,149,211318720,67,0.832820764,0.142569608,0.018092949,1.593086232
17,149,211318720,67,0.969201848,0.142569608,0.018092949,1.738724932
11,149,211318720,67,1.021439625,0.142569608,0.018092949,1.793275783
1,149,211318720,67,1.065657761,0.142569608,0.018092949,1.810343448
2,149,211318720,67,1.235957661,0.142569608,0.018092949,1.879385918
16,149,211318720,67,1.349170437,0.142569608,0.018092949,2.000386598
14,149,211318720,67,1.374381413,0.142569608,0.018092949,2.009454011
7,149,211318720,67,2.070019088,0.142569608,0.018092949,1.909577824
21,149,211318720,67,2.242581386,0.142569608,0.018092949,2.011114834
15,149,211318720,67,2.303361475,0.142569608,0.018092949,2.034450564
30,149,211318720,67,2.500940347,0.142569608,0.018092949,2.073874393
28,149,211318720,67,2.580293565,0.142569608,0.018092949,2.155689008
21,150,211318720,67,0.281178980,0.142569608,0.036427367,0.246544365
25,150,211318720,67,0.338645076,0.142569608,0.036427367,0.445269424
18,150,211318720,67,0.344720398,0.142569608,0.036427367,0.467849976
23,150,211318720,67,0.366496772,0.142569608,0.036427367,0.543043956
24,150,211318720,67,0.372439086,0.142569608,0.036427367,0.565254160
26,150,211318720,67,0.406841767,0.142569608,0.036427367,0.693150140
4,150,211318720,67,0.459361129,0.142569608,0.036427367,0.853240146
14,150,211318720,67,0.469100688,0.142569608,0.036427367,0.875895526
9,150,211318720,67,0.497832446,0.142569608,0.036427367,0.925824811
1,150,211318720,67,0.507433692,0.142569608,0.036427367,0.935039995
12,150,211318720,67,0.515830983,0.142569608,0.036427367,0.937641784
8,150,211318720,67,0.689012139,0.142569608,0.036427367,1.223078287
27,150,211318720,67,0.737725058,0.142569608,0.036427367,1.405030898
19,150,211318720,67,0.746840162,0.142569608,0.036427367,1.432799376
13,150,211318720,67,0.756670836,0.142569608,0.036427367,1.456601394
3,150,211318720,67,0.781082769,0.142569608,0.036427367,1.499019452
10,150,211318720,67,0.790535894,0.142569608,0.036427367,1.509527497
6,150,211318720,67,0.815600578,0.142569608,0.036427367,1.520011467
29,150,211318720,67,0.969201848,0.142569608,0.036427367,1.572445970
16,150,211318720,67,1.235957661,0.142569608,0.036427367,1.683745175
2,150,211318720,67,1.241069629,0.142569608,0.036427367,1.685872306
17,150,211318720,67,1.423528796,0.142569608,0.036427367,1.756696516
11,150,211318720,67,1.522868244,0.142569608,0.036427367,1.795653168
7,150,211318720,67,1.720860573,0.142569608,0.036427367,1.834102178
28,150,211318720,67,2.122991969,0.142569608,0.036427367,1.816179183
20,150,211318720,67,2.387739789,0.142569608,0.036427367,1.856665043
30,150,211318720,67,2.500940347,0.142569608,0.036427367,1.963182003
22,150,211318720,67,2.580293565,0.142569608,0.036427367,2.047169904
5,150,211318720,67,2.610934393,0.142569608,0.036427367,2.058866898
15,150,211318720,67,2.656838111,0.142569608,0.036427367,2.045877660
22,151,211318720,67,0.274486776,0.142569608,0.049032133,0.378021265
8,151,211318720,67,0.294632521,0.142569608,0.049032133,0.491333720
5,151,211318720,67,0.301447636,0.142569608,0.049032133,0.525933514
26,151,211318720,67,0.340840754,0.142569608,0.049032133,0.707794191
27,151,211318720,67,0.366496772,0.142569608,0.049032133,0.820554192
24,151,211318720,67,0.367044128,0.142569608,0.049032133,0.822581261
21,151,211318720,67,0.372439086,0.142569608,0.049032133,0.838844546
19,151,211318720,67,0.402068091,0.142569608,0.049032133,0.909591387
11,151,211318720,67,0.406369678,0.142569608,0.049032133,0.917098886
12,151,211318720,67,0.420513033,0.142569608,0.049032133,0.932375288
3,151,211318720,67,0.469331802,0.142569608,0.049032133,0.952011527
1,151,211318720,67,0.698254705,0.142569608,0.049032133,1.077659749
13,151,211318720,67,0.781082769,0.142569608,0.049032133,1.220355470
16,151,211318720,67,0.790535894,0.142569608,0.049032133,1.230365655
15,151,211318720,67,0.806589981,0.142569608,0.049032133,1.241964914
6,151,211318720,67,0.941278721,0.142569608,0.049032133,1.482770921
7,151,211318720,67,0.952025692,0.142569608,0.049032133,1.508773260
4,151,211318720,67,1.021439625,0.142569608,0.049032133,1.628023051
28,151,211318720,67,1.024237500,0.142569608,0.049032133,1.632991958
17,151,211318720,67,1.055621497,0.142569608,0.049032133,1.665538378
9,151,211318720,67,1.163510533,0.142569608,0.049032133,1.755445235
23,151,211318720,67,1.235957661,0.142569608,0.049032133,1.782730834
20,151,211318720,67,1.450159241,0.142569608,0.049032133,1.818189204
10,151,211318720,67,1.591305991,0.142569608,0.049032133,1.874532619
2,151,211318720,67,2.036967590,0.142569608,0.049032133,1.845441602
14,151,211318720,67,2.280323170,0.142569608,0.049032133,1.895990667
18,151,211318720,67,2.387739789,0.142569608,0.049032133,1.936362149
30,151,211318720,67,2.575342822,0.142569608,0.049032133,2.048608597
25,151,211318720,67,2.610934393,0.142569608,0.049032133,2.062345184
29,151,211318720,67,2.656838111,0.142569608,0.049032133,2.049455058
15,152,211318720,67,0.217175369,0.142569608,0.010331370,0.073657081
16,152,211318720,67,0.331927073,0.142569608,0.010331370,0.223603653
29,152,211318720,67,0.384120181,0.142569608,0.010331370,0.341094817
14,152,211318720,67,0.411648825,0.142569608,0.010331370,0.425624037
6,152,211318720,67,0.469331802,0.142569608,0.010331370,0.586823796
11,152,211318720,67,0.496683722,0.142569608,0.010331370,0.652999953
7,152,211318720,67,0.519929897,0.142569608,0.010331370,0.692391478
8,152,211318720,67,0.522957550,0.142569608,0.010331370,0.695489684
20,152,211318720,67,0.578321737,0.142569608,0.010331370,0.732472455
28,152,211318720,67,0.698254705,0.142569608,0.010331370,0.949486486
4,152,211318720,67,0.737146514,0.142569608,0.010331370,1.102456327
27,152,211318720,67,0.764463287,0.142569608,0.010331370,1.204339396
30,152,211318720,67,0.802276566,0.142569608,0.010331370,1.322183686
17,152,211318720,67,0.822148367,0.142569608,0.010331370,1.383410188
10,152,211318720,67,0.828887397,0.142569608,0.010331370,1.399601103
19,152,211318720,67,0.832820764,0.142569608,0.010331370,1.406358671
24,152,211318720,67,0.867005483,0.142569608,0.010331370,1.444597722
18,152,211318720,67,0.941278721,0.142569608,0.010331370,1.564158390
26,152,211318720,67,1.007648939,0.142569608,0.010331370,1.665331955
12,152,211318720,67,1.021439625,0.142569608,0.010331370,1.679757140
21,152,211318720,67,1.104358980,0.142569608,0.010331370,1.710723728
22,152,211318720,67,1.509114459,0.142569608,0.010331370,1.732686240
13,152,211318720,67,1.591305991,0.142569608,0.010331370,1.764726778
3,152,211318720,67,1.854731332,0.142569608,0.010331370,1.891506434
5,152,211318720,67,1.904038728,0.142569608,0.010331370,1.943688553
1,152,211318720,67,1.934453384,0.142569608,0.010331370,1.955674958
25,152,211318720,67,2.452082856,0.142569608,0.010331370,1.919145419
9,152,211318720,67,2.580293565,0.142569608,0.010331370,2.012922758
23,152,211318720,67,2.656838111,0.142569608,0.010331370,2.042578279
2,152,211318720,67,3.411740796,0.142569608,0.010331370,1.829497562
6,153,211318720,67,0.272776191,0.142569608,0.015454760,0.444133634
11,153,211318720,67,0.291309717,0.142569608,0.015454760,0.573766647
7,153,211318720,67,0.301447636,0.142569608,0.015454760,0.638217496
15,153,211318720,67,0.338645076,0.142569608,0.015454760,0.850708010
25,153,211318720,67,0.346780912,0.142569608,0.015454760,0.890606517
19,153,211318720,67,0.352250991,0.142569608,0.015454760,0.910963282
21,153,211318720,67,0.387058100,0.142569608,0.015454760,1.017936319
27,153,211318720,67,0.397487178,0.142569608,0.015454760,1.042570435
16,153,211318720,67,0.401427962,0.142569608,0.015454760,1.049601159
22,153,211318720,67,0.407748930,0.142569608,0.015454760,1.056169895
29,153,211318720,67,0.416831058,0.142569608,0.015454760,1.059562090
14,153,211318720,67,0.689012139,0.142569608,0.015454760,1.268068529
5,153,211318720,67,0.695802929,0.142569608,0.015454760,1.293461194
10,153,211318720,67,0.769230066,0.142569608,0.015454760,1.518590459
8,153,211318720,67,0.790535894,0.142569608,0.015454760,1.570045381
24,153,211318720,67,0.802276566,0.142569608,0.015454760,1.590246816
13,153,211318720,67,0.821650137,0.142569608,0.015454760,1.610906536
20,153,211318720,67,0.828887397,0.142569608,0.015454760,1.613475727
23,153,211318720,67,1.007648939,0.142569608,0.015454760,1.794328920
9,153,211318720,67,1.021439625,0.142569608,0.015454760,1.808917848
17,153,211318720,67,1.077776804,0.142569608,0.015454760,1.839590185
2,153,211318720,67,1.205812777,0.142569608,0.015454760,1.918592149
30,153,211318720,67,0.344720398,0.142569608,0.015454760,2.835030629
12,153,211318720,67,1.304662576,0.142569608,0.015454760,1.963748345
18,153,211318720,67,1.436765414,0.142569608,0.015454760,2.014574025
26,153,211318720,67,2.036967590,0.142569608,0.015454760,1.963724531
4,153,211318720,67,2.141684867,0.142569608,0.015454760,2.004951619
28,153,211318720,67,2.303361475,0.142569608,0.015454760,2.054995903
1,153,211318720,67,2.610934393,0.142569608,0.015454760,2.062674856
3,153,211318720,67,3.411740796,0.142569608,0.015454760,1.839696052
14,154,211318720,67,0.291309717,0.142569608,0.015324696,0.381595504
28,154,211318720,67,0.325376681,0.142569608,0.015324696,0.531323525
10,154,211318720,67,0.332457627,0.142569608,0.015324696,0.565651493
19,154,211318720,67,0.340840754,0.142569608,0.015324696,0.602600772
8,154,211318720,67,0.352250991,0.142569608,0.015324696,0.644339199
2,154,211318720,67,0.357859759,0.142569608,0.015324696,0.661268725
16,154,211318720,67,0.407748930,0.142569608,0.015324696,0.780228029
6,154,211318720,67,0.430501742,0.142569608,0.015324696,0.819565901
15,154,211318720,67,0.469100688,0.142569608,0.015324696,0.883476595
26,154,211318720,67,0.469331802,0.142569608,0.015324696,0.883731800
5,154,211318720,67,0.578321737,0.142569608,0.015324696,1.017572567
12,154,211318720,67,0.635595755,0.142569608,0.015324696,1.091981524
13,154,211318720,67,0.668942036,0.142569608,0.015324696,1.126943643
17,154,211318720,67,0.756670836,0.142569608,0.015324696,1.215636060
22,154,211318720,67,0.815600578,0.142569608,0.015324696,1.280298317
18,154,211318720,67,0.919655903,0.142569608,0.015324696,1.506082239
21,154,211318720,67,0.940637450,0.142569608,0.015324696,1.567071041
25,154,211318720,67,0.952025692,0.142569608,0.015324696,1.594586199
3,154,211318720,67,1.009629524,0.142569608,0.015324696,1.692822942
7,154,211318720,67,1.044856486,0.142569608,0.015324696,1.732827508
30,154,211318720,67,1.065657761,0.142569608,0.015324696,1.753945593
11,154,211318720,67,1.183831296,0.142569608,0.015324696,1.827862489
4,154,211318720,67,1.284436966,0.142569608,0.015324696,1.867967539
29,154,211318720,67,2.036967590,0.142569608,0.015324696,1.749262083
20,154,211318720,67,2.194425436,0.142569608,0.015324696,1.837699290
24,154,211318720,67,2.280323170,0.142569608,0.015324696,1.871058719
1,154,211318720,67,2.656838111,0.142569608,0.015324696,1.891067331
27,154,211318720,67,3.341109767,0.142569608,0.015324696,1.867079833
9,154,211318720,67,3.411740796,0.142569608,0.015324696,1.847085612
23,154,211318720,67,2.759003758,0.142569608,0.015324696,2.566548647
21,155,211318720,67,0.294632521,0.142569608,0.088007815,0.615179471
5,155,211318720,67,0.310267843,0.142569608,0.088007815,0.725440981
19,155,211318720,67,0.332457627,0.142569608,0.088007815,0.866599810
1,155,211318720,67,0.338645076,0.142569608,0.088007815,0.902067591
16,155,211318720,67,0.340840754,0.142569608,0.088007815,0.912729966
6,155,211318720,67,0.349695505,0.142569608,0.088007815,0.951345437
24,155,211318720,67,0.366496772,0.142569608,0.088007815,1.014377463
14,155,211318720,67,0.401427962,0.142569608,0.088007815,1.144504734
25,155,211318720,67,0.406369678,0.142569608,0.088007815,1.159508903
18,155,211318720,67,0.407748930,0.142569608,0.088007815,1.162832306
23,155,211318720,67,0.420773321,0.142569608,0.088007815,1.184293698
7,155,211318720,67,0.434572014,0.142569608,0.088007815,1.197389880
11,155,211318720,67,0.507433692,0.142569608,0.088007815,1.225944807
29,155,211318720,67,0.689012139,0.142569608,0.088007815,1.331138935
13,155,211318720,67,0.781082769,0.142569608,0.088007815,1.604117981
20,155,211318720,67,0.806589981,0.142569608,0.088007815,1.665389507
9,155,211318720,67,0.822082714,0.142569608,0.088007815,1.691959441
27,155,211318720,67,0.823874673,0.142569608,0.088007815,1.693911229
2,155,211318720,67,0.846862281,0.142569608,0.088007815,1.706604730
4,155,211318720,67,0.291309717,0.142569608,0.088007815,2.380716523
17,155,211318720,67,0.984046731,0.142569608,0.088007815,1.877761809
30,155,211318720,67,0.999831002,0.142569608,0.088007815,1.894150098
10,155,211318720,67,1.076130101,0.142569608,0.088007815,1.932494372
22,155,211318720,67,1.205968091,0.142569608,0.088007815,2.180045231
26,155,211318720,67,1.241069629,0.142569608,0.088007815,2.263060162
28,155,211318720,67,1.275961791,0.142569608,0.088007815,2.325877939
15,155,211318720,67,1.284436966,0.142569608,0.088007815,2.340561608
3,155,211318720,67,1.294309936,0.142569608,0.088007815,2.351142363
12,155,211318720,67,1.414402113,0.142569608,0.088007815,2.393852680
8,155,211318720,67,3.411740796,0.142569608,0.088007815,1.833692501
13,156,211318720,67,0.274486776,0.142569608,0.000929320,0.339194710
4,156,211318720,67,0.294632521,0.142569608,0.000929320,0.426903876
7,156,211318720,67,0.331927073,0.142569608,0.000929320,0.576784595
27,156,211318720,67,0.340840754,0.142569608,0.000929320,0.609718499
5,156,211318720,67,0.357859759,0.142569608,0.000929320,0.665370367
16,156,211318720,67,0.367044128,0.142569608,0.000929320,0.699680573
12,156,211318720,67,0.393703093,0.142569608,0.000929320,0.780325058
24,156,211318720,67,0.405338182,0.142569608,0.000929320,0.808385913
10,156,211318720,67,0.459361129,0.142569608,0.000929320,0.901904001
25,156,211318720,67,0.496683722,0.142569608,0.000929320,0.941314216
11,156,211318720,67,0.497832446,0.142569608,0.000929320,0.941780638
18,156,211318720,67,0.714799086,0.142569608,0.000929320,1.163750816
30,156,211318720,67,0.756670836,0.142569608,0.000929320,1.290884089
23,156,211318720,67,0.781082769,0.142569608,0.000929320,1.348393907
1,156,211318720,67,0.806589981,0.142569608,0.000929320,1.392376774
14,156,211318720,67,0.828887397,0.142569608,0.000929320,1.417376935
28,156,211318720,67,0.832820764,0.142569608,0.000929320,1.421664925
6,156,211318720,67,0.969201848,0.142569608,0.000929320,1.745931861
29,156,211318720,67,0.984046731,0.142569608,0.000929320,1.781296520
8,156,211318720,67,0.990430268,0.142569608,0.000929320,1.792099743
3,156,211318720,67,0.999831002,0.142569608,0.000929320,1.802102010
15,156,211318720,67,1.065657761,0.142569608,0.000929320,1.829163186
9,156,211318720,67,1.241069629,0.142569608,0.000929320,1.966164537
26,156,211318720,67,1.720860573,0.142569608,0.000929320,1.922724509
20,156,211318720,67,1.904038728,0.142569608,0.000929320,1.967979629
21,156,211318720,67,2.122991969,0.142569608,0.000929320,2.016283455
2,156,211318720,67,2.241835908,0.142569608,0.000929320,2.114672557
22,156,211318720,67,2.303361475,0.142569608,0.000929320,2.138826035
19,156,211318720,67,2.580293565,0.142569608,0.000929320,2.062909784
17,156,211318720,67,1.205812777,0.142569608,0.000929320,3.468354699
18,157,211318720,67,0.331927073,0.142569608,0.033942554,0.613457100
25,157,211318720,67,0.340022068,0.142569608,0.033942554,0.670012513
19,157,211318720,67,0.344720398,0.142569608,0.033942554,0.699940504
21,157,211318720,67,0.357826991,0.142569608,0.033942554,0.774905393
8,157,211318720,67,0.397487178,0.142569608,0.033942554,0.992134360
10,157,211318720,67,0.401427962,0.142569608,0.033942554,1.012124378
2,157,211318720,67,0.405338182,0.142569608,0.033942554,1.026878820
15,157,211318720,67,0.406314018,0.142569608,0.033942554,1.029798084
1,157,211318720,67,0.411648825,0.142569608,0.033942554,1.042253411
26,157,211318720,67,0.459361129,0.142569608,0.033942554,1.134037778
14,157,211318720,67,0.515830983,0.142569608,0.033942554,1.195311448
6,157,211318720,67,0.578321737,0.142569608,0.033942554,1.277091190
4,157,211318720,67,0.656366503,0.142569608,0.033942554,1.415902893
9,157,211318720,67,0.694847525,0.142569608,0.033942554,1.498554499
27,157,211318720,67,0.747118578,0.142569608,0.033942554,1.623377388
16,157,211318720,67,0.769230066,0.142569608,0.033942554,1.661156639
5,157,211318720,67,0.822082714,0.142569608,0.033942554,1.716061643
29,157,211318720,67,0.828887397,0.142569608,0.033942554,1.718698263
20,157,211318720,67,0.990430268,0.142569608,0.033942554,1.804742885
24,157,211318720,67,1.076130101,0.142569608,0.033942554,1.847251340
3,157,211318720,67,1.205812777,0.142569608,0.033942554,1.987403454
22,157,211318720,67,1.278350893,0.142569608,0.033942554,2.063697038
11,157,211318720,67,1.284436966,0.142569608,0.033942554,2.066020538
17,157,211318720,67,0.402068091,0.142569608,0.033942554,3.083737344
7,157,211318720,67,1.973971545,0.142569608,0.033942554,1.967507972
12,157,211318720,67,2.194425436,0.142569608,0.033942554,2.001315199
13,157,211318720,67,2.387739789,0.142569608,0.033942554,2.059353449
28,157,211318720,67,2.502933016,0.142569608,0.033942554,2.103830206
23,157,211318720,67,3.341109767,0.142569608,0.033942554,1.865914319
30,157,211318720,67,0.452040546,0.142569608,0.033942554,4.769074242
29,158,211318720,67,0.217175369,0.142569608,0.092205584,0.164620310
16,158,211318720,67,0.299654210,0.142569608,0.092205584,0.414119680
3,158,211318720,67,0.301447636,0.142569608,0.092205584,0.419716226
27,158,211318720,67,0.309103827,0.142569608,0.092205584,0.438027704
14,158,211318720,67,0.367044128,0.142569608,0.092205584,0.577301196
18,158,211318720,67,0.391378383,0.142569608,0.092205584,0.643044939
17,158,211318720,67,0.406314018,0.142569608,0.092205584,0.677227892
19,158,211318720,67,0.469100688,0.142569608,0.092205584,0.785539292
6,158,211318720,67,0.491628020,0.142569608,0.092205584,0.809311095
9,158,211318720,67,0.522957550,0.142569608,0.092205584,0.841904949
30,158,211318720,67,0.635595755,0.142569608,0.092205584,0.941022983
12,158,211318720,67,0.737725058,0.142569608,0.092205584,1.188169134
23,158,211318720,67,0.756670836,0.142569608,0.092205584,1.233815869
20,158,211318720,67,0.757188691,0.142569608,0.092205584,1.234714792
21,158,211318720,67,0.806589981,0.142569608,0.092205584,1.307294555
11,158,211318720,67,0.846862281,0.142569608,0.092205584,1.353895456
13,158,211318720,67,0.919655903,0.142569608,0.092205584,1.455966505
15,158,211318720,67,0.984046731,0.142569608,0.092205584,1.523120390
7,158,211318720,67,1.165294969,0.142569608,0.092205584,1.623553932
22,158,211318720,67,1.278350893,0.142569608,0.092205584,1.743678237
26,158,211318720,67,1.294309936,0.142569608,0.092205584,1.758903782
8,158,211318720,67,1.423528796,0.142569608,0.092205584,1.808738152
5,158,211318720,67,1.720860573,0.142569608,0.092205584,1.824670856
2,158,211318720,67,1.854731332,0.142569608,0.092205584,1.877528912
4,158,211318720,67,2.241835908,0.142569608,0.092205584,2.028455493
28,158,211318720,67,2.242581386,0.142569608,0.092205584,2.029229936
25,158,211318720,67,2.280323170,0.142569608,0.092205584,2.043649670
1,158,211318720,67,2.500940347,0.142569608,0.092205584,2.077381636
10,158,211318720,67,1.024237500,0.142569608,0.092205584,3.631774862
24,158,211318720,67,2.610934393,0.142569608,0.092205584,2.046040732
10,159,211318720,67,0.272776191,0.142569608,0.033604376,0.489630591
24,159,211318720,67,0.309103827,0.142569608,0.033604376,0.709843979
15,159,211318720,67,0.325376681,0.142569608,0.033604376,0.792933176
4,159,211318720,67,0.331927073,0.142569608,0.033604376,0.821717335
25,159,211318720,67,0.338645076,0.142569608,0.033604376,0.846873304
2,159,211318720,67,0.340022068,0.142569608,0.033604376,0.851072553
21,159,211318720,67,0.366496772,0.142569608,0.033604376,0.914485000
6,159,211318720,67,0.387058100,0.142569608,0.033604376,0.949074671
30,159,211318720,67,0.405338182,0.142569608,0.033604376,0.968737256
17,159,211318720,67,0.406314018,0.142569608,0.033604376,0.969162518
27,159,211318720,67,0.714799086,0.142569608,0.033604376,1.109608149
3,159,211318720,67,0.746840162,0.142569608,0.033604376,1.164520542
20,159,211318720,67,0.802276566,0.142569608,0.033604376,1.224117383
29,159,211318720,67,0.828887397,0.142569608,0.033604376,1.264792113
8,159,211318720,67,0.945577756,0.142569608,0.033604376,1.444942724
18,159,211318720,67,0.952025692,0.142569608,0.033604376,1.451462558
11,159,211318720,67,0.291309717,0.142569608,0.033604376,2.127005019
28,159,211318720,67,0.999831002,0.142569608,0.033604376,1.498120446
9,159,211318720,67,1.101347065,0.142569608,0.033604376,1.633377441
23,159,211318720,67,1.165294969,0.142569608,0.033604376,1.758812991
13,159,211318720,67,1.188858293,0.142569608,0.033604376,1.799121638
14,159,211318720,67,1.235957661,0.142569608,0.033604376,1.847386751
22,159,211318720,67,1.284436966,0.142569608,0.033604376,1.864064169
12,159,211318720,67,1.436765414,0.142569608,0.033604376,1.915528258
16,159,211318720,67,1.591305991,0.142569608,0.033604376,1.967048915
19,159,211318720,67,2.070019088,0.142569608,0.033604376,1.972929271
7,159,211318720,67,2.141684867,0.142569608,0.033604376,2.001488912
1,159,211318720,67,2.452082856,0.142569608,0.033604376,2.069784203
5,159,211318720,67,2.502933016,0.142569608,0.033604376,2.089210944
26,159,211318720,67,2.575342822,0.142569608,0.033604376,2.068662540
21,160,211318720,67,0.205499149,0.142569608,0.029244423,0.143853490
22,160,211318720,67,0.281178980,0.142569608,0.029244423,0.393262542
2,160,211318720,67,0.299654210,0.142569608,0.029244423,0.449774347
10,160,211318720,67,0.332457627,0.142569608,0.029244423,0.530548484
13,160,211318720,67,0.349695505,0.142569608,0.029244423,0.571732204
28,160,211318720,67,0.352250991,0.142569608,0.029244423,0.576246505
7,160,211318720,67,0.391378383,0.142569608,0.029244423,0.617254957
26,160,211318720,67,0.471067229,0.142569608,0.029244423,0.647827529
1,160,211318720,67,0.635595755,0.142569608,0.029244423,0.848610900
20,160,211318720,67,0.656366503,0.142569608,0.029244423,0.897963291
18,160,211318720,67,0.737146514,0.142569608,0.029244423,1.210534532
8,160,211318720,67,0.737725058,0.142569608,0.029244423,1.212540585
29,160,211318720,67,0.752566429,0.142569608,0.029244423,1.257432716
15,160,211318720,67,0.799520819,0.142569608,0.029244423,1.368678649
25,160,211318720,67,0.802276566,0.142569608,0.029244423,1.373394428
3,160,211318720,67,0.815600578,0.142569608,0.029244423,1.391920270
17,160,211318720,67,0.839853738,0.142569608,0.029244423,1.426400028
6,160,211318720,67,0.952025692,0.142569608,0.029244423,1.707265719
30,160,211318720,67,0.969201848,0.142569608,0.029244423,1.764646437
19,160,211318720,67,0.990430268,0.142569608,0.029244423,1.829563551
4,160,211318720,67,1.009629524,0.142569608,0.029244423,1.875809771
23,160,211318720,67,1.055621497,0.142569608,0.029244423,1.963438299
11,160,211318720,67,1.077776804,0.142569608,0.029244423,2.011664374
12,160,211318720,67,1.104358980,0.142569608,0.029244423,2.056742645
16,160,211318720,67,1.183831296,0.142569608,0.029244423,2.153326963
9,160,211318720,67,1.205812777,0.142569608,0.029244423,2.176914124
27,160,211318720,67,1.304662576,0.142569608,0.029244423,2.263720480
24,160,211318720,67,1.374381413,0.142569608,0.029244423,2.290957886
14,160,211318720,67,2.303361475,0.142569608,0.029244423,2.126245910
5,160,211318720,67,2.580293565,0.142569608,0.029244423,2.048902695
13,161,211318720,67,0.217175369,0.142569608,0.024474770,0.185961947
15,161,211318720,67,0.272776191,0.142569608,0.024474770,0.390093186
18,161,211318720,67,0.274486776,0.142569608,0.024474770,0.397381067
7,161,211318720,67,0.344720398,0.142569608,0.024474770,0.721265577
8,161,211318720,67,0.349695505,0.142569608,0.024474770,0.743025492
1,161,211318720,67,0.357826991,0.142569608,0.024474770,0.774748215
20,161,211318720,67,0.387058100,0.142569608,0.024474770,0.894427406
3,161,211318720,67,0.397487178,0.142569608,0.024474770,0.939975956
5,161,211318720,67,0.411648825,0.142569608,0.024474770,0.992570295
10,161,211318720,67,0.420513033,0.142569608,0.024474770,1.019386053
14,161,211318720,67,0.459292393,0.142569608,0.024474770,1.111746207
23,161,211318720,67,0.497832446,0.142569608,0.024474770,1.177927651
12,161,211318720,67,0.519929897,0.142569608,0.024474770,1.201154619
26,161,211318720,67,0.522957550,0.142569608,0.024474770,1.202398076
25,161,211318720,67,0.695802929,0.142569608,0.024474770,1.456339199
11,161,211318720,67,0.714799086,0.142569608,0.024474770,1.551452156
2,161,211318720,67,0.769230066,0.142569608,0.024474770,1.789214940
4,161,211318720,67,0.802276566,0.142569608,0.024474770,1.911950518
30,161,211318720,67,0.806589981,0.142569608,0.024474770,1.925215984
19,161,211318720,67,0.819719265,0.142569608,0.024474770,1.956961434
16,161,211318720,67,0.822082714,0.142569608,0.024474770,1.960862371
28,161,211318720,67,0.823874673,0.142569608,0.024474770,1.962723567
6,161,211318720,67,0.839853738,0.142569608,0.024474770,1.968660857
9,161,211318720,67,1.188858293,0.142569608,0.024474770,2.164922573
24,161,211318720,67,1.205968091,0.142569608,0.024474770,2.183203862
21,161,211318720,67,1.304662576,0.142569608,0.024474770,2.221358078
29,161,211318720,67,1.591305991,0.142569608,0.024474770,2.286491805
17,161,211318720,67,1.657194393,0.142569608,0.024474770,2.312064377
27,161,211318720,67,3.042432322,0.142569608,0.024474770,1.920087723
22,161,211318720,67,0.998676963,0.142569608,0.024474770,4.062151682
30,162,211318720,67,0.218636321,0.142569608,0.002093573,0.290781950
5,162,211318720,67,0.281178980,0.142569608,0.002093573,0.670998361
22,162,211318720,67,0.291309717,0.142569608,0.002093573,0.742460139
28,162,211318720,67,0.294632521,0.142569608,0.002093573,0.763649669
27,162,211318720,67,0.299654210,0.142569608,0.002093573,0.792364555
3,162,211318720,67,0.331927073,0.142569608,0.002093573,0.958158358
25,162,211318720,67,0.340022068,0.142569608,0.002093573,0.999383602
7,162,211318720,67,0.344720398,0.142569608,0.002093573,1.019613687
23,162,211318720,67,0.352250991,0.142569608,0.002093573,1.048164209
6,162,211318720,67,0.366496772,0.142569608,0.002093573,1.092249623
10,162,211318720,67,0.391378383,0.142569608,0.002093573,1.151553378
24,162,211318720,67,0.420773321,0.142569608,0.002093573,1.202101296
4,162,211318720,67,0.469100688,0.142569608,0.002093573,1.220485905
12,162,211318720,67,0.737146514,0.142569608,0.002093573,1.456926580
9,162,211318720,67,0.747118578,0.142569608,0.002093573,1.480971361
11,162,211318720,67,0.799520819,0.142569608,0.002093573,1.585338545
29,162,211318720,67,0.822082714,0.142569608,0.002093573,1.624617258
16,162,211318720,67,0.828887397,0.142569608,0.002093573,1.633330827
1,162,211318720,67,0.919655903,0.142569608,0.002093573,1.728910594
21,162,211318720,67,0.969201848,0.142569608,0.002093573,1.752328048
18,162,211318720,67,1.104358980,0.142569608,0.002093573,1.924082848
13,162,211318720,67,1.163510533,0.142569608,0.002093573,2.038758638
26,162,211318720,67,1.188858293,0.142569608,0.002093573,2.082585547
8,162,211318720,67,1.205968091,0.142569608,0.002093573,2.100261862
19,162,211318720,67,1.284436966,0.142569608,0.002093573,2.130616108
2,162,211318720,67,1.436765414,0.142569608,0.002093573,2.180727363
15,162,211318720,67,1.854731332,0.142569608,0.002093573,2.155597693
17,162,211318720,67,2.242581386,0.142569608,0.002093573,2.141168025
14,162,211318720,67,3.411740796,0.142569608,0.002093573,1.808431663
20,162,211318720,67,0.420281467,0.142569608,0.002093573,4.822990884
20,163,211318720,67,0.218636321,0.142569608,0.208141997,0.161783964
15,163,211318720,67,0.309103827,0.142569608,0.208141997,0.700645965
17,163,211318720,67,0.310267843,0.142569608,0.208141997,0.708064152
19,163,211318720,67,0.331927073,0.142569608,0.208141997,0.832086850
29,163,211318720,67,0.344720398,0.142569608,0.208141997,0.896877176
28,163,211318720,67,0.352250991,0.142569608,0.208141997,0.930253297
22,163,211318720,67,0.367044128,0.142569608,0.208141997,0.984771275
11,163,211318720,67,0.372439086,0.142569608,0.208141997,1.000897171
21,163,211318720,67,0.384120181,0.142569608,0.208141997,1.039864594
23,163,211318720,67,0.387058100,0.142569608,0.208141997,1.048813631
6,163,211318720,67,0.401123492,0.142569608,0.208141997,1.082581956
8,163,211318720,67,0.405338182,0.142569608,0.208141997,1.089947983
2,163,211318720,67,0.515830983,0.142569608,0.208141997,1.206121847
14,163,211318720,67,0.519929897,0.142569608,0.208141997,1.207903554
26,163,211318720,67,0.746840162,0.142569608,0.208141997,1.403897433
27,163,211318720,67,0.756670836,0.142569608,0.208141997,1.420584137
10,163,211318720,67,0.821650137,0.142569608,0.208141997,1.488777257
3,163,211318720,67,0.839853738,0.142569608,0.208141997,1.496647055
18,163,211318720,67,0.999831002,0.142569608,0.208141997,1.803938143
13,163,211318720,67,1.009629524,0.142569608,0.208141997,1.827183729
7,163,211318720,67,1.044856486,0.142569608,0.208141997,1.890605878
1,163,211318720,67,1.055621497,0.142569608,0.208141997,1.908725285
4,163,211318720,67,1.076130101,0.142569608,0.208141997,1.929823017
5,163,211318720,67,1.183831296,0.142569608,0.208141997,2.003309902
25,163,211318720,67,1.278350893,0.142569608,0.208141997,2.039551523
30,163,211318720,67,2.070019088,0.142569608,0.208141997,1.913565296
12,163,211318720,67,2.280323170,0.142569608,0.208141997,1.971866839
16,163,211318720,67,2.387739789,0.142569608,0.208141997,2.011392772
24,163,211318720,67,2.656838111,0.142569608,0.208141997,2.030721795
9,163,211318720,67,2.759003758,0.142569608,0.208141997,2.001491510
23,164,211318720,67,0.218636321,0.142569608,0.001095091,0.101639050
13,164,211318720,67,0.332457627,0.142569608,0.001095091,0.674821570
25,164,211318720,67,0.340840754,0.142569608,0.001095091,0.722706254
20,164,211318720,67,0.346780912,0.142569608,0.001095091,0.752797283
9,164,211318720,67,0.357826991,0.142569608,0.001095091,0.809452919
19,164,211318720,67,0.357859759,0.142569608,0.001095091,0.809628531
17,164,211318720,67,0.372439086,0.142569608,0.001095091,0.872826480
28,164,211318720,67,0.384275535,0.142569608,0.001095091,0.926515838
24,164,211318720,67,0.391378383,0.142569608,0.001095091,0.957704170
30,164,211318720,67,0.430501742,0.142569608,0.001095091,1.103677943
14,164,211318720,67,0.459361129,0.142569608,0.001095091,1.192660782
15,164,211318720,67,0.491628020,0.142569608,0.001095091,1.269502787
8,164,211318720,67,0.496683722,0.142569608,0.001095091,1.278406500
21,164,211318720,67,0.515830983,0.142569608,0.001095091,1.300123609
12,164,211318720,67,0.522957550,0.142569608,0.001095091,1.307843734
18,164,211318720,67,0.656366503,0.142569608,0.001095091,1.633075840
3,164,211318720,67,0.668942036,0.142569608,0.001095091,1.680140945
26,164,211318720,67,0.687056158,0.142569608,0.001095091,1.735500856
11,164,211318720,67,0.737725058,0.142569608,0.001095091,1.856113227
16,164,211318720,67,0.747118578,0.142569608,0.001095091,1.872126622
29,164,211318720,67,0.790535894,0.142569608,0.001095091,1.892221660
6,164,211318720,67,0.986327720,0.142569608,0.001095091,1.967126231
7,164,211318720,67,1.077776804,0.142569608,0.001095091,2.011138919
2,164,211318720,67,1.205968091,0.142569608,0.001095091,2.060024557
10,164,211318720,67,1.374381413,0.142569608,0.001095091,2.107334124
5,164,211318720,67,2.036967590,0.142569608,0.001095091,2.017787671
1,164,211318720,67,2.500940347,0.142569608,0.001095091,2.023443091
22,164,211318720,67,0.752566429,0.142569608,0.001095091,3.960772465
4,164,211318720,67,3.411740796,0.142569608,0.001095091,1.821999169
27,164,211318720,67,2.580293565,0.142569608,0.001095091,2.716495857
18,165,211318720,67,0.205499149,0.142569608,0.048149802,0.170850975
21,165,211318720,67,0.272776191,0.142569608,0.048149802,0.429927591
9,165,211318720,67,0.281178980,0.142569608,0.048149802,0.466901225
7,165,211318720,67,0.331808595,0.142569608,0.048149802,0.674875924
8,165,211318720,67,0.333771051,0.142569608,0.048149802,0.683345701
14,165,211318720,67,0.347471629,0.142569608,0.048149802,0.734383151
30,165,211318720,67,0.357826991,0.142569608,0.048149802,0.773629396
28,165,211318720,67,0.402068091,0.142569608,0.048149802,0.939625751
22,165,211318720,67,0.405338182,0.142569608,0.048149802,0.949572227
2,165,211318720,67,0.459292393,0.142569608,0.048149802,1.093184236
17,165,211318720,67,0.459361129,0.142569608,0.048149802,1.093355343
20,165,211318720,67,0.491628020,0.142569608,0.048149802,1.147629974
23,165,211318720,67,0.497832446,0.142569608,0.048149802,1.154355554
10,165,211318720,67,0.578321737,0.142569608,0.048149802,1.219502201
24,165,211318720,67,0.670439746,0.142569608,0.048149802,1.328040641
12,165,211318720,67,0.747118578,0.142569608,0.048149802,1.456058741
27,165,211318720,67,0.769230066,0.142569608,0.048149802,1.478359014
4,165,211318720,67,0.815600578,0.142569608,0.048149802,1.496923398
15,165,211318720,67,0.984046731,0.142569608,0.048149802,1.591107022
16,165,211318720,67,1.055621497,0.142569608,0.048149802,1.619822337
13,165,211318720,67,1.450159241,0.142569608,0.048149802,1.606860171
3,165,211318720,67,1.854731332,0.142569608,0.048149802,1.629031617
11,165,211318720,67,1.934453384,0.142569608,0.048149802,1.686318229
6,165,211318720,67,2.036967590,0.142569608,0.048149802,1.752569488
29,165,211318720,67,2.141684867,0.142569608,0.048149802,1.796891457
5,165,211318720,67,2.280323170,0.142569608,0.048149802,1.850803629
1,165,211318720,67,2.487518451,0.142569608,0.048149802,1.923675928
25,165,211318720,67,2.575342822,0.142569608,0.048149802,1.956939596
19,165,211318720,67,2.759003758,0.142569608,0.048149802,2.001609696
26,165,211318720,67,2.851214341,0.142569608,0.048149802,1.975343652
25,166,211318720,67,0.217175369,0.142569608,0.012709201,0.251661967
8,166,211318720,67,0.272776191,0.142569608,0.012709201,0.458688879
4,166,211318720,67,0.299654210,0.142569608,0.012709201,0.541112247
2,166,211318720,67,0.309103827,0.142569608,0.012709201,0.563800183
19,166,211318720,67,0.310267843,0.142569608,0.012709201,0.565923928
27,166,211318720,67,0.331927073,0.142569608,0.012709201,0.598741347
23,166,211318720,67,0.338645076,0.142569608,0.012709201,0.605888134
24,166,211318720,67,0.459361129,0.142569608,0.012709201,0.772651111
14,166,211318720,67,0.497832446,0.142569608,0.012709201,0.812577266
9,166,211318720,67,0.522957550,0.142569608,0.012709201,0.821424578
3,166,211318720,67,0.668942036,0.142569608,0.012709201,0.928982499
11,166,211318720,67,0.757188691,0.142569608,0.012709201,1.167007914
7,166,211318720,67,0.790535894,0.142569608,0.012709201,1.246538638
15,166,211318720,67,0.809045384,0.142569608,0.012709201,1.282417612
1,166,211318720,67,0.822082714,0.142569608,0.012709201,1.305130420
16,166,211318720,67,0.846862281,0.142569608,0.012709201,1.335081514
17,166,211318720,67,0.945577756,0.142569608,0.012709201,1.474311641
5,166,211318720,67,0.984046731,0.142569608,0.012709201,1.540104050
28,166,211318720,67,1.044856486,0.142569608,0.012709201,1.604430564
12,166,211318720,67,1.077776804,0.142569608,0.012709201,1.636486053
18,166,211318720,67,1.205812777,0.142569608,0.012709201,1.810684592
21,166,211318720,67,1.205968091,0.142569608,0.012709201,1.810886824
26,166,211318720,67,1.289231248,0.142569608,0.012709201,1.898277166
30,166,211318720,67,1.349170437,0.142569608,0.012709201,1.923014636
6,166,211318720,67,2.036967590,0.142569608,0.012709201,1.828455350
20,166,211318720,67,2.280323170,0.142569608,0.012709201,1.852675735
13,166,211318720,67,2.500940347,0.142569608,0.012709201,1.980445411
22,166,211318720,67,2.502933016,0.142569608,0.012709201,1.981116371
29,166,211318720,67,2.851214341,0.142569608,0.012709201,1.979762522
10,166,211318720,67,3.042432322,0.142569608,0.012709201,1.925627260
18,167,211318720,67,0.272776191,0.142569608,0.007300536,0.347465115
2,167,211318720,67,0.274486776,0.142569608,0.007300536,0.352757227
9,167,211318720,67,0.291309717,0.142569608,0.007300536,0.404250613
16,167,211318720,67,0.325376681,0.142569608,0.007300536,0.484809765
19,167,211318720,67,0.340840754,0.142569608,0.007300536,0.511673461
27,167,211318720,67,0.401123492,0.142569608,0.007300536,0.593604814
7,167,211318720,67,0.416831058,0.142569608,0.007300536,0.609868648
17,167,211318720,67,0.515830983,0.142569608,0.007300536,0.649067700
12,167,211318720,67,0.687056158,0.142569608,0.007300536,0.850446730
4,167,211318720,67,0.698254705,0.142569608,0.007300536,0.877039662
30,167,211318720,67,0.747118578,0.142569608,0.007300536,0.977248231
5,167,211318720,67,0.819719265,0.142569608,0.007300536,1.116117376
13,167,211318720,67,0.821650137,0.142569608,0.007300536,1.119579691
22,167,211318720,67,0.940637450,0.142569608,0.007300536,1.273920946
3,167,211318720,67,0.999831002,0.142569608,0.007300536,1.376555588
21,167,211318720,67,1.055621497,0.142569608,0.007300536,1.473559553
26,167,211318720,67,1.077776804,0.142569608,0.007300536,1.526860821
8,167,211318720,67,1.165294969,0.142569608,0.007300536,1.726578059
11,167,211318720,67,1.185253134,0.142569608,0.007300536,1.774728829
23,167,211318720,67,1.188858293,0.142569608,0.007300536,1.780835711
28,167,211318720,67,1.235957661,0.142569608,0.007300536,1.831279604
1,167,211318720,67,1.304662576,0.142569608,0.007300536,1.858796234
15,167,211318720,67,1.904038728,0.142569608,0.007300536,1.833389014
20,167,211318720,67,1.973971545,0.142569608,0.007300536,1.860737774
10,167,211318720,67,0.867005483,0.142569608,0.007300536,3.104568555
14,167,211318720,67,2.141684867,0.142569608,0.007300536,1.968849246
24,167,211318720,67,2.194425436,0.142569608,0.007300536,1.988821473
25,167,211318720,67,2.387739789,0.142569608,0.007300536,2.029753232
29,167,211318720,67,3.042432322,0.142569608,0.007300536,1.937198153
6,167,211318720,67,3.341109767,0.142569608,0.007300536,1.852949990
6,168,211318720,67,0.332457627,0.142569608,0.042434338,0.466894675
1,168,211318720,67,0.338645076,0.142569608,0.042434338,0.494044668
2,168,211318720,67,0.346780912,0.142569608,0.042434338,0.524282654
3,168,211318720,67,0.347471629,0.142569608,0.042434338,0.526293035
17,168,211318720,67,0.384120181,0.142569608,0.042434338,0.627355768
7,168,211318720,67,0.411648825,0.142569608,0.042434338,0.695298099
13,168,211318720,67,0.420773321,0.142569608,0.042434338,0.717090626
16,168,211318720,67,0.459361129,0.142569608,0.042434338,0.800382920
21,168,211318720,67,0.507433692,0.142569608,0.042434338,0.893418423
10,168,211318720,67,0.549024150,0.142569608,0.042434338,0.987831214
4,168,211318720,67,0.578321737,0.142569608,0.042434338,1.037477923
15,168,211318720,67,0.635595755,0.142569608,0.042434338,1.151842701
5,168,211318720,67,0.656366503,0.142569608,0.042434338,1.201622601
14,168,211318720,67,0.737146514,0.142569608,0.042434338,1.377974272
19,168,211318720,67,0.747118578,0.142569608,0.042434338,1.395198356
9,168,211318720,67,0.769230066,0.142569608,0.042434338,1.418781683
22,168,211318720,67,0.822082714,0.142569608,0.042434338,1.451531117
30,168,211318720,67,0.945577756,0.142569608,0.042434338,1.592091267
25,168,211318720,67,1.009629524,0.142569608,0.042434338,1.659873933
29,168,211318720,67,1.024237500,0.142569608,0.042434338,1.665855236
27,168,211318720,67,1.205812777,0.142569608,0.042434338,1.781179985
28,168,211318720,67,1.284436966,0.142569608,0.042434338,1.864523806
18,168,211318720,67,1.304662576,0.142569608,0.042434338,1.872293714
8,168,211318720,67,1.657194393,0.142569608,0.042434338,1.921359649
26,168,211318720,67,1.973971545,0.142569608,0.042434338,1.968605899
24,168,211318720,67,2.452082856,0.142569608,0.042434338,1.991442571
23,168,211318720,67,2.502933016,0.142569608,0.042434338,2.011101844
20,168,211318720,67,2.656838111,0.142569608,0.042434338,2.062310876
11,168,211318720,67,2.759003758,0.142569608,0.042434338,2.033112217
12,168,211318720,67,1.720860573,0.142569608,0.042434338,3.117500228
29,169,211318720,67,0.218636321,0.142569608,0.027480813,0.166106071
24,169,211318720,67,0.262618358,0.142569608,0.027480813,0.286756460
23,169,211318720,67,0.328114621,0.142569608,0.027480813,0.498314885
15,169,211318720,67,0.340840754,0.142569608,0.027480813,0.536299824
8,169,211318720,67,0.345303952,0.142569608,0.027480813,0.546602529
18,169,211318720,67,0.384275535,0.142569608,0.027480813,0.633401472
1,169,211318720,67,0.401123492,0.142569608,0.027480813,0.662408569
13,169,211318720,67,0.452040546,0.142569608,0.027480813,0.715096047
25,169,211318720,67,0.496683722,0.142569608,0.027480813,0.733146189
28,169,211318720,67,0.656366503,0.142569608,0.027480813,0.855342505
4,169,211318720,67,0.689012139,0.142569608,0.027480813,0.884541338
19,169,211318720,67,0.815600578,0.142569608,0.027480813,1.252406394
17,169,211318720,67,0.822148367,0.142569608,0.027480813,1.268231000
22,169,211318720,67,0.832820764,0.142569608,0.027480813,1.290865929
11,169,211318720,67,0.839853738,0.142569608,0.027480813,1.303236426
9,169,211318720,67,0.846862281,0.142569608,0.027480813,1.312753388
21,169,211318720,67,0.969201848,0.142569608,0.027480813,1.478329516
16,169,211318720,67,0.986327720,0.142569608,0.027480813,1.519347858
10,169,211318720,67,1.076130101,0.142569608,0.027480813,1.709659399
30,169,211318720,67,1.101347065,0.142569608,0.027480813,1.753120539
12,169,211318720,67,1.102987746,0.142569608,0.027480813,1.754989272
14,169,211318720,67,1.165294969,0.142569608,0.027480813,1.829260731
6,169,211318720,67,1.278350893,0.142569608,0.027480813,2.102812177
27,169,211318720,67,1.284436966,0.142569608,0.027480813,2.117388967
5,169,211318720,67,1.289231248,0.142569608,0.027480813,2.125483749
26,169,211318720,67,1.304662576,0.142569608,0.027480813,2.142057105
20,169,211318720,67,1.414402113,0.142569608,0.027480813,2.184559031
2,169,211318720,67,1.657194393,0.142569608,0.027480813,2.212355478
3,169,211318720,67,2.487518451,0.142569608,0.027480813,2.076735374
7,169,211318720,67,2.500940347,0.142569608,0.027480813,2.073017231
25,170,211318720,67,0.217175369,0.142569608,0.121961571,0.173756985
7,170,211318720,67,0.281178980,0.142569608,0.121961571,0.340016072
26,170,211318720,67,0.301447636,0.142569608,0.121961571,0.401690469
22,170,211318720,67,0.328114621,0.142569608,0.121961571,0.480913537
1,170,211318720,67,0.406369678,0.142569608,0.121961571,0.753999003
19,170,211318720,67,0.420773321,0.142569608,0.121961571,0.807467482
5,170,211318720,67,0.459361129,0.142569608,0.121961571,0.940361102
2,170,211318720,67,0.496683722,0.142569608,0.121961571,1.029724405
17,170,211318720,67,0.519929897,0.142569608,0.121961571,1.069128460
29,170,211318720,67,0.522957550,0.142569608,0.121961571,1.072090274
24,170,211318720,67,0.578321737,0.142569608,0.121961571,1.135161313
23,170,211318720,67,0.687056158,0.142569608,0.121961571,1.436616574
4,170,211318720,67,0.698254705,0.142569608,0.121961571,1.478889247
9,170,211318720,67,0.714799086,0.142569608,0.121961571,1.540216165
20,170,211318720,67,0.746840162,0.142569608,0.121961571,1.637325092
21,170,211318720,67,0.752566429,0.142569608,0.121961571,1.650931035
11,170,211318720,67,0.819719265,0.142569608,0.121961571,1.778612052
14,170,211318720,67,0.828887397,0.142569608,0.121961571,1.794533374
18,170,211318720,67,0.349695505,0.142569608,0.121961571,2.445569434
13,170,211318720,67,0.945577756,0.142569608,0.121961571,1.900473201
15,170,211318720,67,1.007648939,0.142569608,0.121961571,1.925068738
12,170,211318720,67,0.459292393,0.142569608,0.121961571,2.832800330
16,170,211318720,67,1.522868244,0.142569608,0.121961571,1.876568600
30,170,211318720,67,1.772163784,0.142569608,0.121961571,1.900456690
6,170,211318720,67,1.973971545,0.142569608,0.121961571,1.938465841
3,170,211318720,67,2.387739789,0.142569608,0.121961571,1.935395299
10,170,211318720,67,2.502933016,0.142569608,0.121961571,2.025716259
27,170,211318720,67,2.575342822,0.142569608,0.121961571,2.053827129
8,170,211318720,67,2.656838111,0.142569608,0.121961571,2.030749962
28,170,211318720,67,0.839853738,0.142569608,0.121961571,3.849299970
21,171,211318720,67,0.272776191,0.142569608,0.076869071,0.454107666
10,171,211318720,67,0.281178980,0.142569608,0.076869071,0.504356428
15,171,211318720,67,0.294632521,0.142569608,0.076869071,0.586132331
26,171,211318720,67,0.301447636,0.142569608,0.076869071,0.625051016
6,171,211318720,67,0.340022068,0.142569608,0.076869071,0.820050288
3,171,211318720,67,0.349695505,0.142569608,0.076869071,0.862341466
1,171,211318720,67,0.384120181,0.142569608,0.076869071,1.021091134
16,171,211318720,67,0.391378383,0.142569608,0.076869071,1.057962842
14,171,211318720,67,0.393703093,0.142569608,0.076869071,1.068046528
30,171,211318720,67,0.401427962,0.142569608,0.076869071,1.096753447
20,171,211318720,67,0.420513033,0.142569608,0.076869071,1.155199813
2,171,211318720,67,0.430501742,0.142569608,0.076869071,1.178830527
19,171,211318720,67,0.496683722,0.142569608,0.076869071,1.292787788
28,171,211318720,67,0.515830983,0.142569608,0.076869071,1.312696072
11,171,211318720,67,0.522957550,0.142569608,0.076869071,1.315312696
27,171,211318720,67,0.687056158,0.142569608,0.076869071,1.520750238
23,171,211318720,67,0.689012139,0.142569608,0.076869071,1.525482280
29,171,211318720,67,0.756670836,0.142569608,0.076869071,1.641738771
22,171,211318720,67,0.809045384,0.142569608,0.076869071,1.696832232
5,171,211318720,67,0.828887397,0.142569608,0.076869071,1.716958465
9,171,211318720,67,0.952025692,0.142569608,0.076869071,1.842679567
18,171,211318720,67,1.009629524,0.142569608,0.076869071,2.000882169
24,171,211318720,67,1.065657761,0.142569608,0.076869071,2.164244658
25,171,211318720,67,1.101347065,0.142569608,0.076869071,2.249995683
17,171,211318720,67,1.102987746,0.142569608,0.076869071,2.252973323
4,171,211318720,67,1.104358980,0.142569608,0.076869071,2.254456364
8,171,211318720,67,1.163510533,0.142569608,0.076869071,2.292880804
7,171,211318720,67,1.284436966,0.142569608,0.076869071,2.340794540
13,171,211318720,67,2.122991969,0.142569608,0.076869071,2.203086093
12,171,211318720,67,2.280323170,0.142569608,0.076869071,2.158841308
29,172,211318720,67,0.218636321,0.142569640,0.033204131,0.135936804
12,172,211318720,67,0.291309717,0.142569640,0.033204131,0.411076843
10,172,211318720,67,0.331808595,0.142569640,0.033204131,0.616146674
2,172,211318720,67,0.347471629,0.142569640,0.033204131,0.705558157
18,172,211318720,67,0.352250991,0.142569640,0.033204131,0.729607713
22,172,211318720,67,0.357826991,0.142569640,0.033204131,0.757860703
30,172,211318720,67,0.402068091,0.142569640,0.033204131,0.998325913
23,172,211318720,67,0.407748930,0.142569640,0.033204131,1.026876496
16,172,211318720,67,0.411648825,0.142569640,0.033204131,1.043755993
15,172,211318720,67,0.452040546,0.142569640,0.033204131,1.192477066
21,172,211318720,67,0.459361129,0.142569640,0.033204131,1.214641298
28,172,211318720,67,0.471067229,0.142569640,0.033204131,1.242630601
11,172,211318720,67,0.496683722,0.142569640,0.033204131,1.286955227
14,172,211318720,67,0.497832446,0.142569640,0.033204131,1.288192839
25,172,211318720,67,0.519929897,0.142569640,0.033204131,1.297444095
6,172,211318720,67,0.689012139,0.142569640,0.033204131,1.402411945
4,172,211318720,67,0.945577756,0.142569640,0.033204131,1.620962133
20,172,211318720,67,0.986327720,0.142569640,0.033204131,1.727520339
17,172,211318720,67,1.021439625,0.142569640,0.033204131,1.810018823
1,172,211318720,67,1.024237500,0.142569640,0.033204131,1.814800056
7,172,211318720,67,1.101347065,0.142569640,0.033204131,1.936060875
19,172,211318720,67,1.102987746,0.142569640,0.033204131,1.937823814
8,172,211318720,67,1.183831296,0.142569640,0.033204131,1.993630005
24,172,211318720,67,1.289231248,0.142569640,0.033204131,2.035542767
27,172,211318720,67,1.509114459,0.142569640,0.033204131,2.067157453
9,172,211318720,67,1.772163784,0.142569640,0.033204131,2.092567078
5,172,211318720,67,1.904038728,0.142569640,0.033204131,2.144664366
13,172,211318720,67,0.746840162,0.142569640,0.033204131,3.573737243
26,172,211318720,67,2.280323170,0.142569640,0.033204131,2.134556973
3,172,211318720,67,3.411740796,0.142569640,0.033204131,1.816765363
19,173,211318720,67,0.340022068,0.142569640,0.074009486,0.280383580
10,173,211318720,67,0.406314018,0.142569640,0.074009486,0.636067219
11,173,211318720,67,0.416831058,0.142569640,0.074009486,0.689238676
14,173,211318720,67,0.420513033,0.142569640,0.074009486,0.705476715
3,173,211318720,67,0.420773321,0.142569640,0.074009486,0.706448683
8,173,211318720,67,0.459292393,0.142569640,0.074009486,0.824240692
12,173,211318720,67,0.459361129,0.142569640,0.074009486,0.824404344
16,173,211318720,67,0.469100688,0.142569640,0.074009486,0.841374558
5,173,211318720,67,0.471067229,0.142569640,0.074009486,0.843452536
20,173,211318720,67,0.519929897,0.142569640,0.074009486,0.866465995
4,173,211318720,67,0.656366503,0.142569640,0.074009486,1.113297674
24,173,211318720,67,0.668942036,0.142569640,0.074009486,1.136159033
15,173,211318720,67,0.689012139,0.142569640,0.074009486,1.182692674
6,173,211318720,67,0.747118578,0.142569640,0.074009486,1.321023320
13,173,211318720,67,0.809045384,0.142569640,0.074009486,1.434609018
18,173,211318720,67,0.822148367,0.142569640,0.074009486,1.457489416
1,173,211318720,67,0.823874673,0.142569640,0.074009486,1.459425030
30,173,211318720,67,0.940637450,0.142569640,0.074009486,1.583439745
22,173,211318720,67,0.990430268,0.142569640,0.074009486,1.676453874
21,173,211318720,67,1.055621497,0.142569640,0.074009486,1.795037844
9,173,211318720,67,1.101347065,0.142569640,0.074009486,1.872505446
17,173,211318720,67,1.102987746,0.142569640,0.074009486,1.874256331
29,173,211318720,67,1.188858293,0.142569640,0.074009486,1.959440743
2,173,211318720,67,1.289231248,0.142569640,0.074009486,2.104908902
23,173,211318720,67,1.374381413,0.142569640,0.074009486,2.140073600
27,173,211318720,67,1.772163784,0.142569640,0.074009486,2.127503643
28,173,211318720,67,1.904038728,0.142569640,0.074009486,2.227662020
26,173,211318720,67,1.973971545,0.142569640,0.074009486,2.255397353
25,173,211318720,67,1.294309936,0.142569640,0.074009486,3.353545802
7,173,211318720,67,2.487518451,0.142569640,0.074009486,2.219451231
18,174,211318720,67,0.294632521,0.142569640,0.086476892,0.398423761
24,174,211318720,67,0.301447636,0.142569640,0.086476892,0.433040631
3,174,211318720,67,0.338645076,0.142569640,0.086476892,0.596909554
28,174,211318720,67,0.367044128,0.142569640,0.086476892,0.714414854
26,174,211318720,67,0.384120181,0.142569640,0.086476892,0.798647257
15,174,211318720,67,0.384275535,0.142569640,0.086476892,0.799402666
22,174,211318720,67,0.393703093,0.142569640,0.086476892,0.840755588
27,174,211318720,67,0.401427962,0.142569640,0.086476892,0.869866447
30,174,211318720,67,0.411648825,0.142569640,0.086476892,0.901284021
20,174,211318720,67,0.491628020,0.142569640,0.086476892,1.092650620
14,174,211318720,67,0.507433692,0.142569640,0.086476892,1.120403337
12,174,211318720,67,0.515830983,0.142569640,0.086476892,1.129007025
9,174,211318720,67,0.522957550,0.142569640,0.086476892,1.131518961
19,174,211318720,67,0.694847525,0.142569640,0.086476892,1.381497419
8,174,211318720,67,0.698254705,0.142569640,0.086476892,1.394102740
29,174,211318720,67,0.752566429,0.142569640,0.086476892,1.591896558
7,174,211318720,67,0.822082714,0.142569640,0.086476892,1.792202315
4,174,211318720,67,0.823874673,0.142569640,0.086476892,1.796505177
23,174,211318720,67,0.832820764,0.142569640,0.086476892,1.811755052
6,174,211318720,67,0.952025692,0.142569640,0.086476892,1.902449101
13,174,211318720,67,1.102987746,0.142569640,0.086476892,2.017767366
5,174,211318720,67,1.275961791,0.142569640,0.086476892,2.233811169
2,174,211318720,67,1.289231248,0.142569640,0.086476892,2.248305610
21,174,211318720,67,1.294309936,0.142569640,0.086476892,2.250424824
16,174,211318720,67,1.772163784,0.142569640,0.086476892,2.208783958
1,174,211318720,67,2.280323170,0.142569640,0.086476892,2.162576256
10,174,211318720,67,0.790535894,0.142569640,0.086476892,3.832340616
11,174,211318720,67,2.610934393,0.142569640,0.086476892,2.069676902
17,174,211318720,67,0.846862281,0.142569640,0.086476892,3.839038501
25,174,211318720,67,1.044856486,0.142569640,0.086476892,3.660022942
23,175,211318720,67,0.205499149,0.142569640,0.104920894,0.189279834
17,175,211318720,67,0.218636321,0.142569640,0.104920894,0.217472725
4,175,211318720,67,0.291309717,0.142569640,0.104920894,0.469989773
24,175,211318720,67,0.331808595,0.142569640,0.104920894,0.635024450
3,175,211318720,67,0.352250991,0.142569640,0.104920894,0.712548727
28,175,211318720,67,0.366496772,0.142569640,0.104920894,0.764952936
1,175,211318720,67,0.387058100,0.142569640,0.104920894,0.837477629
21,175,211318720,67,0.393703093,0.142569640,0.104920894,0.857839655
16,175,211318720,67,0.397487178,0.142569640,0.104920894,0.866700499
5,175,211318720,67,0.452040546,0.142569640,0.104920894,0.961445911
12,175,211318720,67,0.491628020,0.142569640,0.104920894,1.003851226
11,175,211318720,67,0.515830983,0.142569640,0.104920894,1.013669528
25,175,211318720,67,0.668942036,0.142569640,0.104920894,1.196014332
15,175,211318720,67,0.689012139,0.142569640,0.104920894,1.216981674
18,175,211318720,67,0.737146514,0.142569640,0.104920894,1.274973286
14,175,211318720,67,0.832820764,0.142569640,0.104920894,1.412968344
30,175,211318720,67,0.867005483,0.142569640,0.104920894,1.463904474
20,175,211318720,67,0.917862357,0.142569640,0.104920894,1.587693895
26,175,211318720,67,0.998676963,0.142569640,0.104920894,1.823674426
13,175,211318720,67,0.999831002,0.142569640,0.104920894,1.826381642
27,175,211318720,67,1.007648939,0.142569640,0.104920894,1.839814481
10,175,211318720,67,1.055621497,0.142569640,0.104920894,1.890573490
7,175,211318720,67,1.077776804,0.142569640,0.104920894,1.899227900
9,175,211318720,67,1.235957661,0.142569640,0.104920894,1.954055874
6,175,211318720,67,1.374381413,0.142569640,0.104920894,2.004939263
22,175,211318720,67,1.904038728,0.142569640,0.104920894,1.954015375
19,175,211318720,67,2.122991969,0.142569640,0.104920894,1.985612205
8,175,211318720,67,2.387739789,0.142569640,0.104920894,2.033140654
2,175,211318720,67,2.851214341,0.142569640,0.104920894,1.970054407
29,175,211318720,67,2.487518451,0.142569640,0.104920894,2.422174233
10,176,211318720,67,0.301447636,0.142569640,0.054690700,0.412879993
4,176,211318720,67,0.309103827,0.142569640,0.054690700,0.457012856
8,176,211318720,67,0.346780912,0.142569640,0.054690700,0.671706410
15,176,211318720,67,0.349695505,0.142569640,0.054690700,0.686460695
17,176,211318720,67,0.384120181,0.142569640,0.054690700,0.844854913
28,176,211318720,67,0.406369678,0.142569640,0.054690700,0.942981324
16,176,211318720,67,0.406841767,0.142569640,0.054690700,0.944800698
1,176,211318720,67,0.420513033,0.142569640,0.054690700,0.983806669
23,176,211318720,67,0.420773321,0.142569640,0.054690700,0.984257556
2,176,211318720,67,0.452040546,0.142569640,0.054690700,1.017117762
21,176,211318720,67,0.515830983,0.142569640,0.054690700,1.042881072
11,176,211318720,67,0.656366503,0.142569640,0.054690700,1.207617072
9,176,211318720,67,0.694847525,0.142569640,0.054690700,1.282181384
3,176,211318720,67,0.737725058,0.142569640,0.054690700,1.355809116
18,176,211318720,67,0.802276566,0.142569640,0.054690700,1.424934429
20,176,211318720,67,0.821650137,0.142569640,0.054690700,1.445507121
27,176,211318720,67,0.940637450,0.142569640,0.054690700,1.519831956
13,176,211318720,67,1.055621497,0.142569640,0.054690700,1.651406835
6,176,211318720,67,1.065657761,0.142569640,0.054690700,1.663337907
25,176,211318720,67,1.183831296,0.142569640,0.054690700,1.842177814
14,176,211318720,67,1.205968091,0.142569640,0.054690700,1.879738446
12,176,211318720,67,1.278350893,0.142569640,0.054690700,1.956121145
30,176,211318720,67,1.294309936,0.142569640,0.054690700,1.962520636
24,176,211318720,67,0.416831058,0.142569640,0.054690700,3.040018518
7,176,211318720,67,1.450159241,0.142569640,0.054690700,2.062485761
19,176,211318720,67,1.522868244,0.142569640,0.054690700,2.089951052
29,176,211318720,67,2.242581386,0.142569640,0.054690700,2.037465941
22,176,211318720,67,2.303361475,0.142569640,0.054690700,2.061685917
5,176,211318720,67,2.452082856,0.142569640,0.054690700,2.113503472
26,176,211318720,67,3.042432322,0.142569640,0.054690700,1.947982528
11,177,211318720,67,0.217175369,0.142569640,0.030025635,0.166946063
14,177,211318720,67,0.272776191,0.142569640,0.030025635,0.339408271
21,177,211318720,67,0.301447636,0.142569640,0.030025635,0.461562872
20,177,211318720,67,0.345303952,0.142569640,0.030025635,0.624493208
9,177,211318720,67,0.352250991,0.142569640,0.030025635,0.645658770
1,177,211318720,67,0.372439086,0.142569640,0.030025635,0.693640827
28,177,211318720,67,0.406369678,0.142569640,0.030025635,0.751917436
23,177,211318720,67,0.406841767,0.142569640,0.030025635,0.752392188
12,177,211318720,67,0.635595755,0.142569640,0.030025635,0.860990572
13,177,211318720,67,0.737146514,0.142569640,0.030025635,1.150026404
29,177,211318720,67,0.737725058,0.142569640,0.030025635,1.151507373
8,177,211318720,67,0.764463287,0.142569640,0.030025635,1.197070267
19,177,211318720,67,0.769230066,0.142569640,0.030025635,1.201951677
10,177,211318720,67,0.809045384,0.142569640,0.030025635,1.260845238
18,177,211318720,67,0.917862357,0.142569640,0.030025635,1.509347503
16,177,211318720,67,0.919655903,0.142569640,0.030025635,1.512505833
30,177,211318720,67,0.952025692,0.142569640,0.030025635,1.546867024
7,177,211318720,67,0.969201848,0.142569640,0.030025635,1.560753837
27,177,211318720,67,1.101347065,0.142569640,0.030025635,1.636390772
6,177,211318720,67,1.205812777,0.142569640,0.030025635,1.677802940
26,177,211318720,67,0.420773321,0.142569640,0.030025635,2.464234882
24,177,211318720,67,1.374381413,0.142569640,0.030025635,1.725450889
17,177,211318720,67,1.904038728,0.142569640,0.030025635,1.840316819
22,177,211318720,67,1.934453384,0.142569640,0.030025635,1.855846952
2,177,211318720,67,2.070019088,0.142569640,0.030025635,1.967331032
25,177,211318720,67,2.122991969,0.142569640,0.030025635,1.987997577
3,177,211318720,67,2.452082856,0.142569640,0.030025635,2.063770189
4,177,211318720,67,2.487518451,0.142569640,0.030025635,2.077941824
5,177,211318720,67,3.341109767,0.142569640,0.030025635,1.837368023
15,177,211318720,67,1.720860573,0.142569640,0.030025635,3.464872623
10,178,211318720,67,0.274486776,0.142569640,0.008198004,0.395909695
3,178,211318720,67,0.294632521,0.142569640,0.008198004,0.518871294
19,178,211318720,67,0.340022068,0.142569640,0.008198004,0.787384529
13,178,211318720,67,0.340840754,0.142569640,0.008198004,0.791523625
28,178,211318720,67,0.347471629,0.142569640,0.008198004,0.820656033
5,178,211318720,67,0.372439086,0.142569640,0.008198004,0.941628115
7,178,211318720,67,0.384120181,0.142569640,0.008198004,0.995289693
25,178,211318720,67,0.406314018,0.142569640,0.008198004,1.091833630
24,178,211318720,67,0.420281467,0.142569640,0.008198004,1.142486969
29,178,211318720,67,0.420773321,0.142569640,0.008198004,1.144044601
17,178,211318720,67,0.469331802,0.142569640,0.008198004,1.282494478
6,178,211318720,67,0.496683722,0.142569640,0.008198004,1.344388797
23,178,211318720,67,0.522957550,0.142569640,0.008198004,1.372163921
9,178,211318720,67,0.578321737,0.142569640,0.008198004,1.468689596
12,178,211318720,67,0.668942036,0.142569640,0.008198004,1.721766029
26,178,211318720,67,0.687056158,0.142569640,0.008198004,1.792921737
30,178,211318720,67,0.694847525,0.142569640,0.008198004,1.822301863
8,178,211318720,67,0.752566429,0.142569640,0.008198004,1.997683906
2,178,211318720,67,0.756670836,0.142569640,0.008198004,2.007747088
27,178,211318720,67,0.781082769,0.142569640,0.008198004,2.049258024
18,178,211318720,67,0.809045384,0.142569640,0.008198004,2.079173826
22,178,211318720,67,0.823874673,0.142569640,0.008198004,2.084771868
4,178,211318720,67,0.999831002,0.142569640,0.008198004,2.257716230
20,178,211318720,67,1.055621497,0.142569640,0.008198004,2.353874353
11,178,211318720,67,1.077776804,0.142569640,0.008198004,2.376342525
21,178,211318720,67,1.102987746,0.142569640,0.008198004,2.385416926
14,178,211318720,67,0.338645076,0.142569640,0.008198004,3.188052230
15,178,211318720,67,0.491628020,0.142569640,0.008198004,3.549476042
1,178,211318720,67,2.141684867,0.142569640,0.008198004,2.188435571
16,178,211318720,67,2.242581386,0.142569640,0.008198004,2.159958484
11,179,211318720,67,0.217175369,0.142569640,0.031859726,0.207513975
28,179,211318720,67,0.262618358,0.142569640,0.031859726,0.403993684
18,179,211318720,67,0.294632521,0.142569640,0.031859726,0.614684006
4,179,211318720,67,0.347471629,0.142569640,0.031859726,0.960308768
20,179,211318720,67,0.357826991,0.142569640,0.031859726,1.026518276
1,179,211318720,67,0.357859759,0.142569640,0.031859726,1.026713351
30,179,211318720,67,0.367044128,0.142569640,0.031859726,1.073136070
25,179,211318720,67,0.402068091,0.142569640,0.031859726,1.227134155
3,179,211318720,67,0.406841767,0.142569640,0.031859726,1.245184994
13,179,211318720,67,0.407748930,0.142569640,0.031859726,1.247941586
2,179,211318720,67,0.411648825,0.142569640,0.031859726,1.257511566
27,179,211318720,67,0.416831058,0.142569640,0.031859726,1.266558615
14,179,211318720,67,0.459292393,0.142569640,0.031859726,1.311329305
16,179,211318720,67,0.471067229,0.142569640,0.031859726,1.315843464
19,179,211318720,67,0.747118578,0.142569640,0.031859726,1.507599532
23,179,211318720,67,0.764463287,0.142569640,0.031859726,1.537369078
8,179,211318720,67,0.802276566,0.142569640,0.031859726,1.576766868
9,179,211318720,67,0.839853738,0.142569640,0.031859726,1.599708221
21,179,211318720,67,0.969201848,0.142569640,0.031859726,1.814044244
15,179,211318720,67,0.986327720,0.142569640,0.031859726,1.854906503
5,179,211318720,67,1.044856486,0.142569640,0.031859726,1.955922501
6,179,211318720,67,1.065657761,0.142569640,0.031859726,1.979917840
12,179,211318720,67,0.309103827,0.142569640,0.031859726,2.761229528
10,179,211318720,67,1.101347065,0.142569640,0.031859726,2.022710208
17,179,211318720,67,1.205812777,0.142569640,0.031859726,2.133990786
24,179,211318720,67,1.235957661,0.142569640,0.031859726,2.146469677
26,179,211318720,67,1.450159241,0.142569640,0.031859726,2.180954788
22,179,211318720,67,2.500940347,0.142569640,0.031859726,2.021557185
7,179,211318720,67,2.580293565,0.142569640,0.031859726,2.052828454
29,179,211318720,67,3.411740796,0.142569640,0.031859726,1.826037513
17,180,211318720,67,0.272776191,0.142569640,0.020588880,0.625132649
28,180,211318720,67,0.274486776,0.142569640,0.020588880,0.638342589
3,180,211318720,67,0.294632521,0.142569640,0.020588880,0.791896703
6,180,211318720,67,0.325376681,0.142569640,0.020588880,1.008106932
14,180,211318720,67,0.328114621,0.142569640,0.020588880,1.025473528
30,180,211318720,67,0.331808595,0.142569640,0.020588880,1.046677119
12,180,211318720,67,0.333771051,0.142569640,0.020588880,1.056694676
15,180,211318720,67,0.338645076,0.142569640,0.020588880,1.078362415
10,180,211318720,67,0.340840754,0.142569640,0.020588880,1.086539801
22,180,211318720,67,0.401427962,0.142569640,0.020588880,1.234095561
7,180,211318720,67,0.405338182,0.142569640,0.020588880,1.240678561
23,180,211318720,67,0.420773321,0.142569640,0.020588880,1.250348177
19,180,211318720,67,0.670439746,0.142569640,0.020588880,1.404229986
20,180,211318720,67,0.694847525,0.142569640,0.020588880,1.451559213
18,180,211318720,67,0.757188691,0.142569640,0.020588880,1.558901877
25,180,211318720,67,0.828887397,0.142569640,0.020588880,1.630110534
9,180,211318720,67,0.941278721,0.142569640,0.020588880,1.808664778
21,180,211318720,67,0.969201848,0.142569640,0.020588880,1.844171827
1,180,211318720,67,0.990430268,0.142569640,0.020588880,1.866237593
8,180,211318720,67,1.102987746,0.142569640,0.020588880,1.999740755
2,180,211318720,67,1.165294969,0.142569640,0.020588880,2.065231124
27,180,211318720,67,1.188858293,0.142569640,0.020588880,2.074323323
11,180,211318720,67,1.349170437,0.142569640,0.020588880,2.122955106
13,180,211318720,67,0.345303952,0.142569640,0.020588880,3.236015271
26,180,211318720,67,0.411648825,0.142569640,0.020588880,3.318845528
29,180,211318720,67,2.241835908,0.142569640,0.020588880,2.092723378
4,180,211318720,67,2.280323170,0.142569640,0.020588880,2.132888404
5,180,211318720,67,2.303361475,0.142569640,0.020588880,2.140327613
24,180,211318720,67,2.656838111,0.142569640,0.020588880,2.040975443
16,180,211318720,67,0.790535894,0.142569640,0.020588880,4.006776463
28,181,211318720,67,0.299654210,0.142569640,0.028057616,0.484816651
26,181,211318720,67,0.325376681,0.142569640,0.028057616,0.648872280
22,181,211318720,67,0.332457627,0.142569640,0.028057616,0.689481546
9,181,211318720,67,0.384275535,0.142569640,0.028057616,0.972136107
16,181,211318720,67,0.391378383,0.142569640,0.028057616,1.007858012
1,181,211318720,67,0.393703093,0.142569640,0.028057616,1.018184799
3,181,211318720,67,0.397487178,0.142569640,0.028057616,1.032230007
23,181,211318720,67,0.406841767,0.142569640,0.028057616,1.061524781
12,181,211318720,67,0.420281467,0.142569640,0.028057616,1.102565209
5,181,211318720,67,0.430501742,0.142569640,0.028057616,1.127287971
25,181,211318720,67,0.434572014,0.142569640,0.028057616,1.134199001
18,181,211318720,67,0.496683722,0.142569640,0.028057616,1.201548566
8,181,211318720,67,0.549024150,0.142569640,0.028057616,1.273919361
11,181,211318720,67,0.635595755,0.142569640,0.028057616,1.423696221
20,181,211318720,67,0.668942036,0.142569640,0.028057616,1.461205247
10,181,211318720,67,0.689012139,0.142569640,0.028057616,1.482593990
30,181,211318720,67,0.291309717,0.142569640,0.028057616,1.984981614
6,181,211318720,67,0.809045384,0.142569640,0.028057616,1.535823248
27,181,211318720,67,1.009629524,0.142569640,0.028057616,1.662396036
19,181,211318720,67,1.188858293,0.142569640,0.028057616,1.742779066
2,181,211318720,67,1.278350893,0.142569640,0.028057616,1.777654481
29,181,211318720,67,1.423528796,0.142569640,0.028057616,1.830986595
24,181,211318720,67,1.772163784,0.142569640,0.028057616,1.829135973
13,181,211318720,67,2.280323170,0.142569640,0.028057616,1.783917414
14,181,211318720,67,2.452082856,0.142569640,0.028057616,1.891894628
15,181,211318720,67,2.502933016,0.142569640,0.028057616,1.934824022
17,181,211318720,67,2.610934393,0.142569640,0.028057616,2.040234014
4,181,211318720,67,0.940637450,0.142569640,0.028057616,3.733111415
21,181,211318720,67,2.656838111,0.142569640,0.028057616,2.057714731
7,181,211318720,67,2.851214341,0.142569640,0.028057616,2.003016641
5,182,211318720,67,0.217175369,0.142569640,0.053008322,0.153375454
24,182,211318720,67,0.281178980,0.142569640,0.053008322,0.316338348
1,182,211318720,67,0.291309717,0.142569640,0.053008322,0.353145736
23,182,211318720,67,0.357826991,0.142569640,0.053008322,0.647780224
29,182,211318720,67,0.384275535,0.142569640,0.053008322,0.763480921
11,182,211318720,67,0.406314018,0.142569640,0.053008322,0.845756536
28,182,211318720,67,0.407748930,0.142569640,0.053008322,0.851052178
15,182,211318720,67,0.416831058,0.142569640,0.053008322,0.879076952
2,182,211318720,67,0.434572014,0.142569640,0.053008322,0.920692280
19,182,211318720,67,0.459361129,0.142569640,0.053008322,0.963296320
13,182,211318720,67,0.469331802,0.142569640,0.053008322,0.973715457
8,182,211318720,67,0.549024150,0.142569640,0.053008322,1.007075896
14,182,211318720,67,0.687056158,0.142569640,0.053008322,1.249533003
6,182,211318720,67,0.714799086,0.142569640,0.053008322,1.322755736
17,182,211318720,67,0.737725058,0.142569640,0.053008322,1.378076671
3,182,211318720,67,0.764463287,0.142569640,0.053008322,1.423645214
22,182,211318720,67,0.822148367,0.142569640,0.053008322,1.484445640
26,182,211318720,67,0.846862281,0.142569640,0.053008322,1.493844952
21,182,211318720,67,0.990430268,0.142569640,0.053008322,1.721303144
12,182,211318720,67,1.009629524,0.142569640,0.053008322,1.754378730
27,182,211318720,67,1.024237500,0.142569640,0.053008322,1.770267662
4,182,211318720,67,1.102987746,0.142569640,0.053008322,1.840104511
10,182,211318720,67,1.185253134,0.142569640,0.053008322,1.897316199
20,182,211318720,67,1.289231248,0.142569640,0.053008322,1.937982696
9,182,211318720,67,1.720860573,0.142569640,0.053008322,1.973574210
25,182,211318720,67,1.772163784,0.142569640,0.053008322,2.000859354
30,182,211318720,67,1.904038728,0.142569640,0.053008322,2.050519726
7,182,211318720,67,2.303361475,0.142569640,0.053008322,2.035129624
18,182,211318720,67,2.502933016,0.142569640,0.053008322,2.074198098
16,182,211318720,67,3.042432322,0.142569640,0.053008322,2.021838646
5,183,211318720,67,0.205499149,0.142569640,0.044228759,0.147128012
8,183,211318720,67,0.281178980,0.142569640,0.044228759,0.421170391
21,183,211318720,67,0.310267843,0.142569640,0.044228759,0.580267740
28,183,211318720,67,0.331808595,0.142569640,0.044228759,0.690484570
7,183,211318720,67,0.332457627,0.142569640,0.044228759,0.693787752
1,183,211318720,67,0.372439086,0.142569640,0.044228759,0.892671770
27,183,211318720,67,0.393703093,0.142569640,0.044228759,0.993433588
22,183,211318720,67,0.406314018,0.142569640,0.044228759,1.040001992
30,183,211318720,67,0.420281467,0.142569640,0.044228759,1.082200904
16,183,211318720,67,0.434572014,0.142569640,0.044228759,1.116306401
25,183,211318720,67,0.471067229,0.142569640,0.044228759,1.178989154
19,183,211318720,67,0.496683722,0.142569640,0.044228759,1.204934968
4,183,211318720,67,0.497832446,0.142569640,0.044228759,1.205407143
29,183,211318720,67,0.656366503,0.142569640,0.044228759,1.310080804
26,183,211318720,67,0.737146514,0.142569640,0.044228759,1.474543517
15,183,211318720,67,0.781082769,0.142569640,0.044228759,1.549422451
11,183,211318720,67,0.809045384,0.142569640,0.044228759,1.577800347
2,183,211318720,67,0.832820764,0.142569640,0.044228759,1.586837382
13,183,211318720,67,0.999831002,0.142569640,0.044228759,1.890205207
3,183,211318720,67,1.007648939,0.142569640,0.044228759,1.903525021
18,183,211318720,67,1.076130101,0.142569640,0.044228759,1.975544801
9,183,211318720,67,1.104358980,0.142569640,0.044228759,1.991036231
10,183,211318720,67,1.241069629,0.142569640,0.044228759,2.044064813
20,183,211318720,67,0.384120181,0.142569640,0.044228759,3.009120055
6,183,211318720,67,1.854731332,0.142569640,0.044228759,1.967430734
17,183,211318720,67,2.487518451,0.142569640,0.044228759,2.007811129
23,183,211318720,67,2.502933016,0.142569640,0.044228759,2.024312252
12,183,211318720,67,2.575342822,0.142569640,0.044228759,2.052302097
14,183,211318720,67,2.656838111,0.142569640,0.044228759,2.029239975
24,183,211318720,67,0.986327720,0.142569640,0.044228759,3.710286538
24,184,211318720,67,0.205499149,0.142569640,0.054520417,0.143502663
7,184,211318720,67,0.272776191,0.142569640,0.054520417,0.358540822
5,184,211318720,67,0.301447636,0.142569640,0.054520417,0.499390822
14,184,211318720,67,0.340022068,0.142569640,0.054520417,0.696643498
19,184,211318720,67,0.347471629,0.142569640,0.054520417,0.734151850
28,184,211318720,67,0.357859759,0.142569640,0.054520417,0.780167899
26,184,211318720,67,0.401123492,0.142569640,0.054520417,0.940849655
15,184,211318720,67,0.405338182,0.142569640,0.054520417,0.953697094
4,184,211318720,67,0.416831058,0.142569640,0.054520417,0.981560752
11,184,211318720,67,0.420281467,0.142569640,0.054520417,0.987542148
2,184,211318720,67,0.452040546,0.142569640,0.054520417,1.021961156
21,184,211318720,67,0.471067229,0.142569640,0.054520417,1.029813043
30,184,211318720,67,0.670439746,0.142569640,0.054520417,1.227005112
10,184,211318720,67,0.747118578,0.142569640,0.054520417,1.450095398
9,184,211318720,67,0.756670836,0.142569640,0.054520417,1.472942138
18,184,211318720,67,0.819719265,0.142569640,0.054520417,1.599380761
6,184,211318720,67,0.839853738,0.142569640,0.054520417,1.635982684
8,184,211318720,67,0.945577756,0.142569640,0.054520417,1.867193116
16,184,211318720,67,0.952025692,0.142569640,0.054520417,1.882366491
17,184,211318720,67,1.007648939,0.142569640,0.054520417,1.978058863
29,184,211318720,67,1.021439625,0.142569640,0.054520417,1.992609120
12,184,211318720,67,1.055621497,0.142569640,0.054520417,2.033147452
1,184,211318720,67,1.165294969,0.142569640,0.054520417,2.197067124
27,184,211318720,67,1.188858293,0.142569640,0.054520417,2.221646032
25,184,211318720,67,1.235957661,0.142569640,0.054520417,2.238775157
3,184,211318720,67,1.509114459,0.142569640,0.054520417,2.258582280
13,184,211318720,67,2.036967590,0.142569640,0.054520417,2.205305072
20,184,211318720,67,0.698254705,0.142569640,0.054520417,3.555478747
22,184,211318720,67,0.823874673,0.142569640,0.054520417,3.730730050
23,184,211318720,67,2.500940347,0.142569640,0.054520417,2.076297106
3,185,211318720,67,0.217175369,0.142569640,0.050235860,0.159818694
20,185,211318720,67,0.291309717,0.142569640,0.050235860,0.520231687
11,185,211318720,67,0.331927073,0.142569640,0.050235860,0.752431210
29,185,211318720,67,0.333771051,0.142569640,0.050235860,0.761873741
10,185,211318720,67,0.345303952,0.142569640,0.050235860,0.811987384
8,185,211318720,67,0.347471629,0.142569640,0.050235860,0.820053173
7,185,211318720,67,0.349695505,0.142569640,0.050235860,0.826576971
14,185,211318720,67,0.367044128,0.142569640,0.050235860,0.875123567
26,185,211318720,67,0.401123492,0.142569640,0.050235860,0.956485891
30,185,211318720,67,0.406841767,0.142569640,0.050235860,0.966307262
6,185,211318720,67,0.434572014,0.142569640,0.050235860,0.995083660
12,185,211318720,67,0.497832446,0.142569640,0.050235860,1.023612488
18,185,211318720,67,0.635595755,0.142569640,0.050235860,1.077431204
5,185,211318720,67,0.790535894,0.142569640,0.050235860,1.308275347
25,185,211318720,67,0.802276566,0.142569640,0.050235860,1.330695763
13,185,211318720,67,0.806589981,0.142569640,0.050235860,1.338443295
1,185,211318720,67,0.919655903,0.142569640,0.050235860,1.553168281
17,185,211318720,67,0.941278721,0.142569640,0.050235860,1.594898635
9,185,211318720,67,0.984046731,0.142569640,0.050235860,1.701535456
15,185,211318720,67,0.998676963,0.142569640,0.050235860,1.736020451
16,185,211318720,67,1.077776804,0.142569640,0.050235860,1.918271796
27,185,211318720,67,1.101347065,0.142569640,0.050235860,1.975065388
22,185,211318720,67,1.102987746,0.142569640,0.050235860,1.977843093
23,185,211318720,67,1.165294969,0.142569640,0.050235860,2.055474115
4,185,211318720,67,1.205968091,0.142569640,0.050235860,2.098874427
2,185,211318720,67,1.289231248,0.142569640,0.050235860,2.132483590
24,185,211318720,67,1.591305991,0.142569640,0.050235860,2.142347830
28,185,211318720,67,2.036967590,0.142569640,0.050235860,2.110560256
21,185,211318720,67,2.575342822,0.142569640,0.050235860,2.056250821
19,185,211318720,67,3.341109767,0.142569640,0.050235860,1.840181775
16,186,211318720,67,0.217175369,0.142569640,0.013073345,0.118538588
29,186,211318720,67,0.294632521,0.142569640,0.013073345,0.354570422
9,186,211318720,67,0.331808595,0.142569640,0.013073345,0.518047006
28,186,211318720,67,0.357859759,0.142569640,0.013073345,0.615148027
11,186,211318720,67,0.384120181,0.142569640,0.013073345,0.695021631
30,186,211318720,67,0.397487178,0.142569640,0.013073345,0.727293992
26,186,211318720,67,0.401123492,0.142569640,0.013073345,0.733395254
8,186,211318720,67,0.416831058,0.142569640,0.013073345,0.749745709
22,186,211318720,67,0.635595755,0.142569640,0.013073345,0.918746785
6,186,211318720,67,0.670439746,0.142569640,0.013073345,0.955477962
4,186,211318720,67,0.694847525,0.142569640,0.013073345,1.001977290
23,186,211318720,67,0.819719265,0.142569640,0.013073345,1.334143696
24,186,211318720,67,0.822082714,0.142569640,0.013073345,1.341339128
18,186,211318720,67,0.822148367,0.142569640,0.013073345,1.341482477
19,186,211318720,67,0.828887397,0.142569640,0.013073345,1.353263310
2,186,211318720,67,0.919655903,0.142569640,0.013073345,1.542777404
15,186,211318720,67,0.952025692,0.142569640,0.013073345,1.598009326
21,186,211318720,67,0.984046731,0.142569640,0.013073345,1.648388368
12,186,211318720,67,0.998676963,0.142569640,0.013073345,1.663922433
27,186,211318720,67,1.101347065,0.142569640,0.013073345,1.740194607
14,186,211318720,67,1.188858293,0.142569640,0.013073345,1.807906462
5,186,211318720,67,0.430501742,0.142569640,0.013073345,2.635947771
1,186,211318720,67,1.278350893,0.142569640,0.013073345,1.842099187
25,186,211318720,67,1.436765414,0.142569640,0.013073345,1.891124127
20,186,211318720,67,1.854731332,0.142569640,0.013073345,1.883651465
17,186,211318720,67,1.973971545,0.142569640,0.013073345,1.983586391
13,186,211318720,67,2.036967590,0.142569640,0.013073345,2.008679804
3,186,211318720,67,2.387739789,0.142569640,0.013073345,2.022693649
10,186,211318720,67,2.502933016,0.142569640,0.013073345,2.065489701
7,186,211318720,67,2.656838111,0.142569640,0.013073345,2.022322146
7,187,211318720,67,0.301447636,0.142569640,0.009150214,0.384354345
1,187,211318720,67,0.309103827,0.142569640,0.009150214,0.412964559
9,187,211318720,67,0.338645076,0.142569640,0.009150214,0.503021658
13,187,211318720,67,0.393703093,0.142569640,0.009150214,0.634443135
25,187,211318720,67,0.406314018,0.142569640,0.009150214,0.656148786
29,187,211318720,67,0.430501742,0.142569640,0.009150214,0.697223663
20,187,211318720,67,0.434572014,0.142569640,0.009150214,0.701638177
2,187,211318720,67,0.549024150,0.142569640,0.009150214,0.750734948
14,187,211318720,67,0.687056158,0.142569640,0.009150214,0.990480534
5,187,211318720,67,0.689012139,0.142569640,0.009150214,0.993751526
8,187,211318720,67,0.694847525,0.142569640,0.009150214,0.999915614
18,187,211318720,67,0.299654210,0.142569640,0.009150214,1.431998379
16,187,211318720,67,0.822082714,0.142569640,0.009150214,1.074797510
15,187,211318720,67,0.941278721,0.142569640,0.009150214,1.408704594
3,187,211318720,67,0.952025692,0.142569640,0.009150214,1.441418521
12,187,211318720,67,0.969201848,0.142569640,0.009150214,1.482879833
26,187,211318720,67,0.986327720,0.142569640,0.009150214,1.512010015
22,187,211318720,67,1.024237500,0.142569640,0.009150214,1.552883862
6,187,211318720,67,1.044856486,0.142569640,0.009150214,1.574848491
30,187,211318720,67,1.165294969,0.142569640,0.009150214,1.630258588
21,187,211318720,67,1.294309936,0.142569640,0.009150214,1.737985724
27,187,211318720,67,1.349170437,0.142569640,0.009150214,1.795803984
11,187,211318720,67,1.509114459,0.142569640,0.009150214,2.029280414
17,187,211318720,67,1.522868244,0.142569640,0.009150214,2.048665032
23,187,211318720,67,1.591305991,0.142569640,0.009150214,2.122470179
24,187,211318720,67,2.194425436,0.142569640,0.009150214,2.094999552
10,187,211318720,67,2.656838111,0.142569640,0.009150214,2.059572734
19,187,211318720,67,3.341109767,0.142569640,0.009150214,1.867233397
28,187,211318720,67,1.436765414,0.142569640,0.009150214,3.773608946
4,187,211318720,67,1.657194393,0.142569640,0.009150214,3.647667090
12,188,211318720,67,0.309103827,0.142569640,0.011534266,0.451600452
7,188,211318720,67,0.333771051,0.142569640,0.011534266,0.564470656
8,188,211318720,67,0.345303952,0.142569640,0.011534266,0.614906092
27,188,211318720,67,0.352250991,0.142569640,0.011534266,0.640879157
16,188,211318720,67,0.357826991,0.142569640,0.011534266,0.657535028
14,188,211318720,67,0.384120181,0.142569640,0.011534266,0.724433092
6,188,211318720,67,0.384275535,0.142569640,0.011534266,0.724830908
9,188,211318720,67,0.406369678,0.142569640,0.011534266,0.762370654
10,188,211318720,67,0.469100688,0.142569640,0.011534266,0.851495492
21,188,211318720,67,0.519929897,0.142569640,0.011534266,0.904582100
22,188,211318720,67,0.578321737,0.142569640,0.011534266,0.961874802
11,188,211318720,67,0.668942036,0.142569640,0.011534266,1.097930034
3,188,211318720,67,0.746840162,0.142569640,0.011534266,1.318714395
5,188,211318720,67,0.764463287,0.142569640,0.011534266,1.360883259
18,188,211318720,67,0.769230066,0.142569640,0.011534266,1.369215894
13,188,211318720,67,0.815600578,0.142569640,0.011534266,1.421547407
28,188,211318720,67,0.832820764,0.142569640,0.011534266,1.440107301
30,188,211318720,67,0.952025692,0.142569640,0.011534266,1.557250498
1,188,211318720,67,1.024237500,0.142569640,0.011534266,1.677014681
15,188,211318720,67,1.055621497,0.142569640,0.011534266,1.709699868
29,188,211318720,67,1.101347065,0.142569640,0.011534266,1.754427430
2,188,211318720,67,1.205812777,0.142569640,0.011534266,1.831037128
26,188,211318720,67,1.294309936,0.142569640,0.011534266,1.866723457
20,188,211318720,67,1.591305991,0.142569640,0.011534266,1.888255949
23,188,211318720,67,1.720860573,0.142569640,0.011534266,2.000529868
17,188,211318720,67,1.772163784,0.142569640,0.011534266,2.020793414
4,188,211318720,67,2.241835908,0.142569640,0.011534266,1.984141379
25,188,211318720,67,2.500940347,0.142569640,0.011534266,2.006083639
24,188,211318720,67,2.656838111,0.142569640,0.011534266,2.058037422
19,188,211318720,67,2.759003758,0.142569640,0.011534266,2.029275725
25,189,211318720,67,0.205499149,0.142569640,0.145744428,0.167530836
22,189,211318720,67,0.217175369,0.142569640,0.145744428,0.187127554
27,189,211318720,67,0.309103827,0.142569640,0.145744428,0.344622072
10,189,211318720,67,0.346780912,0.142569640,0.145744428,0.410004964
14,189,211318720,67,0.405338182,0.142569640,0.145744428,0.507041894
11,189,211318720,67,0.407748930,0.142569640,0.145744428,0.509177735
20,189,211318720,67,0.496683722,0.142569640,0.145744428,0.543296784
12,189,211318720,67,0.656366503,0.142569640,0.145744428,0.748256807
3,189,211318720,67,0.689012139,0.142569640,0.145744428,0.862410373
15,189,211318720,67,0.737146514,0.142569640,0.145744428,1.062558783
1,189,211318720,67,0.747118578,0.142569640,0.145744428,1.099722882
5,189,211318720,67,0.790535894,0.142569640,0.145744428,1.232618541
30,189,211318720,67,0.799520819,0.142569640,0.145744428,1.255977279
21,189,211318720,67,0.819719265,0.142569640,0.145744428,1.318028578
16,189,211318720,67,0.821650137,0.142569640,0.145744428,1.322734077
29,189,211318720,67,0.846862281,0.142569640,0.145744428,1.366165160
17,189,211318720,67,0.940637450,0.142569640,0.145744428,1.526633817
7,189,211318720,67,0.941278721,0.142569640,0.145744428,1.527675280
8,189,211318720,67,1.009629524,0.142569640,0.145744428,1.666286361
2,189,211318720,67,1.065657761,0.142569640,0.145744428,1.761886759
4,189,211318720,67,1.101347065,0.142569640,0.145744428,1.799333931
28,189,211318720,67,1.102987746,0.142569640,0.145744428,1.799909495
26,189,211318720,67,1.349170437,0.142569640,0.145744428,1.988053184
19,189,211318720,67,1.414402113,0.142569640,0.145744428,2.142771936
9,189,211318720,67,1.423528796,0.142569640,0.145744428,2.158779823
18,189,211318720,67,1.436765414,0.142569640,0.145744428,2.173501368
6,189,211318720,67,2.141684867,0.142569640,0.145744428,2.080447514
13,189,211318720,67,2.610934393,0.142569640,0.145744428,2.043907064
24,189,211318720,67,3.042432322,0.142569640,0.145744428,1.923850084
23,189,211318720,67,1.450159241,0.142569640,0.145744428,3.548956671
17,190,211318720,67,0.310267843,0.142569640,0.023185181,0.536544274
16,190,211318720,67,0.331808595,0.142569640,0.023185181,0.659871528
9,190,211318720,67,0.333771051,0.142569640,0.023185181,0.669860234
12,190,211318720,67,0.338645076,0.142569640,0.023185181,0.691305726
11,190,211318720,67,0.367044128,0.142569640,0.023185181,0.792591538
8,190,211318720,67,0.391378383,0.142569640,0.023185181,0.866481907
7,190,211318720,67,0.402068091,0.142569640,0.023185181,0.891965981
6,190,211318720,67,0.407748930,0.142569640,0.023185181,0.901677467
4,190,211318720,67,0.420281467,0.142569640,0.023185181,0.914443601
27,190,211318720,67,0.507433692,0.142569640,0.023185181,0.995387799
20,190,211318720,67,0.578321737,0.142569640,0.023185181,1.044964912
14,190,211318720,67,0.687056158,0.142569640,0.023185181,1.227382317
19,190,211318720,67,0.752566429,0.142569640,0.023185181,1.427471219
10,190,211318720,67,0.756670836,0.142569640,0.023185181,1.437263141
26,190,211318720,67,0.781082769,0.142569640,0.023185181,1.478631399
25,190,211318720,67,0.822082714,0.142569640,0.023185181,1.530119086
24,190,211318720,67,0.823874673,0.142569640,0.023185181,1.531684503
18,190,211318720,67,0.952025692,0.142569640,0.023185181,1.640480208
30,190,211318720,67,1.007648939,0.142569640,0.023185181,1.695228564
29,190,211318720,67,1.101347065,0.142569640,0.023185181,1.791406504
1,190,211318720,67,0.357826991,0.142569640,0.023185181,2.638391258
22,190,211318720,67,1.163510533,0.142569640,0.023185181,1.865329031
5,190,211318720,67,1.235957661,0.142569640,0.023185181,1.940740464
2,190,211318720,67,1.294309936,0.142569640,0.023185181,1.964424545
21,190,211318720,67,1.657194393,0.142569640,0.023185181,1.959361670
23,190,211318720,67,1.973971545,0.142569640,0.023185181,2.018217583
13,190,211318720,67,2.036967590,0.142569640,0.023185181,2.042325340
15,190,211318720,67,2.241835908,0.142569640,0.023185181,2.134433422
3,190,211318720,67,2.303361475,0.142569640,0.023185181,2.157471884
28,190,211318720,67,3.341109767,0.142569640,0.023185181,1.865553994
26,191,211318720,67,0.205499149,0.142569640,0.019386156,0.175706663
29,191,211318720,67,0.218636321,0.142569640,0.019386156,0.198826262
21,191,211318720,67,0.301447636,0.142569640,0.019386156,0.334299417
19,191,211318720,67,0.340840754,0.142569640,0.019386156,0.446548771
28,191,211318720,67,0.401123492,0.142569640,0.019386156,0.632059419
30,191,211318720,67,0.420513033,0.142569640,0.019386156,0.678017124
8,191,211318720,67,0.434572014,0.142569640,0.019386156,0.701939693
14,191,211318720,67,0.469100688,0.142569640,0.019386156,0.737905365
7,191,211318720,67,0.469331802,0.142569640,0.019386156,0.738001124
17,191,211318720,67,0.698254705,0.142569640,0.019386156,0.872416906
6,191,211318720,67,0.752566429,0.142569640,0.019386156,1.075258260
11,191,211318720,67,0.821650137,0.142569640,0.019386156,1.285268479
24,191,211318720,67,0.822082714,0.142569640,0.019386156,1.286305065
3,191,211318720,67,0.822148367,0.142569640,0.019386156,1.286424635
25,191,211318720,67,0.839853738,0.142569640,0.019386156,1.300675894
5,191,211318720,67,1.044856486,0.142569640,0.019386156,1.562259619
13,191,211318720,67,1.102987746,0.142569640,0.019386156,1.606873791
12,191,211318720,67,1.591305991,0.142569640,0.019386156,1.566013996
16,191,211318720,67,1.772163784,0.142569640,0.019386156,1.619072178
23,191,211318720,67,1.904038728,0.142569640,0.019386156,1.670534097
22,191,211318720,67,2.070019088,0.142569640,0.019386156,1.731408645
27,191,211318720,67,0.832820764,0.142569640,0.019386156,3.210909485
15,191,211318720,67,2.194425436,0.142569640,0.019386156,1.904773504
4,191,211318720,67,2.241835908,0.142569640,0.019386156,1.954716039
9,191,211318720,67,2.242581386,0.142569640,0.019386156,1.954999446
2,191,211318720,67,2.387739789,0.142569640,0.019386156,2.062137485
1,191,211318720,67,2.452082856,0.142569640,0.019386156,2.086148481
18,191,211318720,67,1.024237500,0.142569640,0.019386156,3.617697811
10,191,211318720,67,1.077776804,0.142569640,0.019386156,3.635845942
20,191,211318720,67,3.411740796,0.142569640,0.019386156,1.817691871
27,192,211318720,67,0.291309717,0.142569640,0.014554204,0.479406920
17,192,211318720,67,0.294632521,0.142569640,0.014554204,0.500356056
12,192,211318720,67,0.340022068,0.142569640,0.014554204,0.760249940
1,192,211318720,67,0.340840754,0.142569640,0.014554204,0.764390863
5,192,211318720,67,0.347471629,0.142569640,0.014554204,0.793619510
15,192,211318720,67,0.357859759,0.142569640,0.014554204,0.832515209
10,192,211318720,67,0.391378383,0.142569640,0.014554204,0.935263479
14,192,211318720,67,0.393703093,0.142569640,0.014554204,0.940816075
2,192,211318720,67,0.402068091,0.142569640,0.014554204,0.955536416
9,192,211318720,67,0.416831058,0.142569640,0.014554204,0.971206104
6,192,211318720,67,0.420513033,0.142569640,0.014554204,0.972668069
3,192,211318720,67,0.689012139,0.142569640,0.014554204,1.153687165
24,192,211318720,67,0.747118578,0.142569640,0.014554204,1.359692507
13,192,211318720,67,0.764463287,0.142569640,0.014554204,1.412852031
21,192,211318720,67,0.781082769,0.142569640,0.014554204,1.452310230
7,192,211318720,67,0.799520819,0.142569640,0.014554204,1.483612725
30,192,211318720,67,0.828887397,0.142569640,0.014554204,1.513933812
8,192,211318720,67,0.846862281,0.142569640,0.014554204,1.521073054
29,192,211318720,67,0.990430268,0.142569640,0.014554204,1.734358491
19,192,211318720,67,1.007648939,0.142569640,0.014554204,1.752662684
11,192,211318720,67,1.021439625,0.142569640,0.014554204,1.758615233
20,192,211318720,67,1.163510533,0.142569640,0.014554204,2.052473870
28,192,211318720,67,1.165294969,0.142569640,0.014554204,2.055487426
22,192,211318720,67,1.188858293,0.142569640,0.014554204,2.080355614
23,192,211318720,67,1.205812777,0.142569640,0.014554204,2.087079522
26,192,211318720,67,1.657194393,0.142569640,0.014554204,2.056311183
16,192,211318720,67,1.934453384,0.142569640,0.014554204,2.077078996
25,192,211318720,67,2.070019088,0.142569640,0.014554204,2.129030720
4,192,211318720,67,2.303361475,0.142569640,0.014554204,2.156078597
18,192,211318720,67,3.411740796,0.142569640,0.014554204,1.842818910
4,193,211318720,67,0.272776191,0.142569640,0.104463086,0.197556646
30,193,211318720,67,0.274486776,0.142569640,0.104463086,0.202871410
23,193,211318720,67,0.387058100,0.142569640,0.104463086,0.634941126
18,193,211318720,67,0.391378383,0.142569640,0.104463086,0.651165980
13,193,211318720,67,0.401427962,0.142569640,0.104463086,0.681873544
5,193,211318720,67,0.406841767,0.142569640,0.104463086,0.694929938
26,193,211318720,67,0.420281467,0.142569640,0.104463086,0.717947536
24,193,211318720,67,0.452040546,0.142569640,0.104463086,0.751073569
12,193,211318720,67,0.469100688,0.142569640,0.104463086,0.757632822
3,193,211318720,67,0.656366503,0.142569640,0.104463086,1.091052231
2,193,211318720,67,0.687056158,0.142569640,0.104463086,1.236996974
10,193,211318720,67,0.689012139,0.142569640,0.104463086,1.246856010
1,193,211318720,67,0.698254705,0.142569640,0.104463086,1.287431734
16,193,211318720,67,0.756670836,0.142569640,0.104463086,1.526673410
11,193,211318720,67,0.757188691,0.142569640,0.104463086,1.528654058
6,193,211318720,67,0.781082769,0.142569640,0.104463086,1.605722507
21,193,211318720,67,0.790535894,0.142569640,0.104463086,1.634544363
14,193,211318720,67,0.819719265,0.142569640,0.104463086,1.704439414
22,193,211318720,67,0.823874673,0.142569640,0.104463086,1.711636629
25,193,211318720,67,0.867005483,0.142569640,0.104463086,1.756419743
29,193,211318720,67,0.917862357,0.142569640,0.104463086,1.774912314
19,193,211318720,67,1.104358980,0.142569640,0.104463086,1.819028268
8,193,211318720,67,1.278350893,0.142569640,0.104463086,1.865154128
9,193,211318720,67,1.973971545,0.142569640,0.104463086,1.795953801
27,193,211318720,67,2.070019088,0.142569640,0.104463086,1.832380729
28,193,211318720,67,2.241835908,0.142569640,0.104463086,1.880229925
15,193,211318720,67,2.502933016,0.142569640,0.104463086,1.923604173
17,193,211318720,67,2.610934393,0.142569640,0.104463086,1.966061611
20,193,211318720,67,2.851214341,0.142569640,0.104463086,1.994119601
7,193,211318720,67,3.341109767,0.142569640,0.104463086,1.857649830
21,194,211318720,67,0.274486776,0.142569640,0.036234297,0.267301781
3,194,211318720,67,0.332457627,0.142569640,0.036234297,0.545732269
4,194,211318720,67,0.340022068,0.142569640,0.036234297,0.577947119
13,194,211318720,67,0.366496772,0.142569640,0.036234297,0.674003554
11,194,211318720,67,0.401123492,0.142569640,0.036234297,0.803024056
8,194,211318720,67,0.405338182,0.142569640,0.036234297,0.815735580
14,194,211318720,67,0.420773321,0.142569640,0.036234297,0.852014616
22,194,211318720,67,0.434572014,0.142569640,0.036234297,0.875970173
25,194,211318720,67,0.496683722,0.142569640,0.036234297,0.940631467
1,194,211318720,67,0.497832446,0.142569640,0.036234297,0.941162323
26,194,211318720,67,0.698254705,0.142569640,0.036234297,1.122038340
2,194,211318720,67,0.757188691,0.142569640,0.036234297,1.223721541
6,194,211318720,67,0.769230066,0.142569640,0.036234297,1.236425924
16,194,211318720,67,0.781082769,0.142569640,0.036234297,1.244116773
27,194,211318720,67,0.919655903,0.142569640,0.036234297,1.491644478
29,194,211318720,67,0.941278721,0.142569640,0.036234297,1.528875414
19,194,211318720,67,0.945577756,0.142569640,0.036234297,1.533581614
20,194,211318720,67,0.338645076,0.142569640,0.036234297,2.154298663
28,194,211318720,67,1.009629524,0.142569640,0.036234297,1.590638162
30,194,211318720,67,1.104358980,0.142569640,0.036234297,1.637111343
15,194,211318720,67,1.235957661,0.142569640,0.036234297,1.835536084
18,194,211318720,67,1.241069629,0.142569640,0.036234297,1.840909453
5,194,211318720,67,1.289231248,0.142569640,0.036234297,1.859114047
24,194,211318720,67,1.509114459,0.142569640,0.036234297,1.894977134
7,194,211318720,67,1.973971545,0.142569640,0.036234297,1.910604594
17,194,211318720,67,2.036967590,0.142569640,0.036234297,1.936205677
9,194,211318720,67,2.194425436,0.142569640,0.036234297,1.987377205
10,194,211318720,67,2.387739789,0.142569640,0.036234297,2.056869780
23,194,211318720,67,2.487518451,0.142569640,0.036234297,2.093892685
12,194,211318720,67,3.042432322,0.142569640,0.036234297,1.937988238
5,195,211318720,67,0.272776191,0.142569640,0.012736818,0.319704085
6,195,211318720,67,0.294632521,0.142569640,0.012736818,0.387904111
13,195,211318720,67,0.309103827,0.142569640,0.012736818,0.432018402
29,195,211318720,67,0.332457627,0.142569640,0.012736818,0.498787177
26,195,211318720,67,0.357859759,0.142569640,0.012736818,0.564537702
19,195,211318720,67,0.384120181,0.142569640,0.012736818,0.626762457
17,195,211318720,67,0.434572014,0.142569640,0.012736818,0.713923550
9,195,211318720,67,0.459292393,0.142569640,0.012736818,0.739237616
10,195,211318720,67,0.491628020,0.142569640,0.012736818,0.751882805
7,195,211318720,67,0.689012139,0.142569640,0.012736818,1.022034940
20,195,211318720,67,0.714799086,0.142569640,0.012736818,1.089761511
4,195,211318720,67,0.752566429,0.142569640,0.012736818,1.153890679
22,195,211318720,67,0.822082714,0.142569640,0.012736818,1.265623863
3,195,211318720,67,0.822148367,0.142569640,0.012736818,1.265719174
28,195,211318720,67,0.917862357,0.142569640,0.012736818,1.412671080
11,195,211318720,67,0.952025692,0.142569640,0.012736818,1.468151294
15,195,211318720,67,1.065657761,0.142569640,0.012736818,1.566617856
18,195,211318720,67,1.165294969,0.142569640,0.012736818,1.653654503
14,195,211318720,67,1.235957661,0.142569640,0.012736818,1.703284474
25,195,211318720,67,1.349170437,0.142569640,0.012736818,1.850165936
1,195,211318720,67,1.450159241,0.142569640,0.012736818,1.905386688
2,195,211318720,67,1.772163784,0.142569640,0.012736818,1.910103914
16,195,211318720,67,0.698254705,0.142569640,0.012736818,2.989318841
12,195,211318720,67,2.122991969,0.142569640,0.012736818,1.907394711
24,195,211318720,67,2.303361475,0.142569640,0.012736818,1.953712776
23,195,211318720,67,2.452082856,0.142569640,0.012736818,2.068506519
27,195,211318720,67,2.502933016,0.142569640,0.012736818,2.087846252
21,195,211318720,67,0.990430268,0.142569640,0.012736818,3.639455183
8,195,211318720,67,2.656838111,0.142569640,0.012736818,2.044664627
30,195,211318720,67,1.374381413,0.142569640,0.012736818,3.357745028
5,196,211318720,67,0.272776191,0.142569640,0.041438520,0.370446387
25,196,211318720,67,0.281178980,0.142569640,0.041438520,0.409378482
11,196,211318720,67,0.328114621,0.142569640,0.041438520,0.644147176
20,196,211318720,67,0.344720398,0.142569640,0.041438520,0.739027820
13,196,211318720,67,0.347471629,0.142569640,0.041438520,0.752841857
6,196,211318720,67,0.357826991,0.142569640,0.041438520,0.797850088
17,196,211318720,67,0.366496772,0.142569640,0.041438520,0.830344885
16,196,211318720,67,0.406314018,0.142569640,0.041438520,0.971687023
22,196,211318720,67,0.420513033,0.142569640,0.041438520,1.014978252
2,196,211318720,67,0.430501742,0.142569640,0.041438520,1.039030976
23,196,211318720,67,0.469100688,0.142569640,0.041438520,1.105622663
30,196,211318720,67,0.519929897,0.142569640,0.041438520,1.125142935
9,196,211318720,67,0.670439746,0.142569640,0.041438520,1.276280030
21,196,211318720,67,0.714799086,0.142569640,0.041438520,1.352016068
19,196,211318720,67,0.764463287,0.142569640,0.041438520,1.403979982
26,196,211318720,67,0.809045384,0.142569640,0.041438520,1.444019257
7,196,211318720,67,0.917862357,0.142569640,0.041438520,1.634413131
10,196,211318720,67,0.969201848,0.142569640,0.041438520,1.722178172
18,196,211318720,67,0.986327720,0.142569640,0.041438520,1.739721180
24,196,211318720,67,0.999831002,0.142569640,0.041438520,1.744012998
12,196,211318720,67,1.205968091,0.142569640,0.041438520,1.854788366
1,196,211318720,67,1.235957661,0.142569640,0.041438520,1.886358309
29,196,211318720,67,1.349170437,0.142569640,0.041438520,1.958180915
3,196,211318720,67,1.450159241,0.142569640,0.041438520,1.997621462
4,196,211318720,67,0.469331802,0.142569640,0.041438520,3.084586009
8,196,211318720,67,2.036967590,0.142569640,0.041438520,1.929110956
27,196,211318720,67,2.194425436,0.142569640,0.041438520,2.042276133
15,196,211318720,67,2.242581386,0.142569640,0.041438520,2.059975975
14,196,211318720,67,2.502933016,0.142569640,0.041438520,2.079547519
28,196,211318720,67,2.575342822,0.142569640,0.041438520,2.058803800
22,197,211318720,67,0.205499149,0.142569640,0.061076395,0.075959114
27,197,211318720,67,0.331808595,0.142569640,0.061076395,0.544097380
1,197,211318720,67,0.332457627,0.142569640,0.061076395,0.546574834
10,197,211318720,67,0.347471629,0.142569640,0.061076395,0.592846347
17,197,211318720,67,0.352250991,0.142569640,0.061076395,0.604209618
26,197,211318720,67,0.372439086,0.142569640,0.061076395,0.639582307
23,197,211318720,67,0.393703093,0.142569640,0.061076395,0.661813082
25,197,211318720,67,0.401427962,0.142569640,0.061076395,0.664822414
11,197,211318720,67,0.656366503,0.142569640,0.061076395,0.900617901
29,197,211318720,67,0.670439746,0.142569640,0.061076395,0.961403588
18,197,211318720,67,0.737146514,0.142569640,0.061076395,1.208578425
19,197,211318720,67,0.737725058,0.142569640,0.061076395,1.210299849
13,197,211318720,67,0.756670836,0.142569640,0.061076395,1.255701413
28,197,211318720,67,0.781082769,0.142569640,0.061076395,1.297570606
7,197,211318720,67,0.790535894,0.142569640,0.061076395,1.307104042
12,197,211318720,67,0.799520819,0.142569640,0.061076395,1.311148781
24,197,211318720,67,0.941278721,0.142569640,0.061076395,1.498117518
8,197,211318720,67,0.945577756,0.142569640,0.061076395,1.502819422
6,197,211318720,67,1.024237500,0.142569640,0.061076395,1.575514649
21,197,211318720,67,1.102987746,0.142569640,0.061076395,1.636178625
4,197,211318720,67,1.205968091,0.142569640,0.061076395,1.744852244
3,197,211318720,67,1.241069629,0.142569640,0.061076395,1.758526025
5,197,211318720,67,1.509114459,0.142569640,0.061076395,1.910395137
9,197,211318720,67,1.591305991,0.142569640,0.061076395,1.943564661
14,197,211318720,67,2.036967590,0.142569640,0.061076395,2.009113100
16,197,211318720,67,2.070019088,0.142569640,0.061076395,2.043221093
30,197,211318720,67,2.141684867,0.142569640,0.061076395,2.071718248
2,197,211318720,67,2.500940347,0.142569640,0.061076395,2.070409581
20,197,211318720,67,3.042432322,0.142569640,0.061076395,1.919838797
15,197,211318720,67,1.414402113,0.142569640,0.061076395,3.560449809
13,198,211318720,67,0.205499149,0.142569640,0.029004309,0.128117056
23,198,211318720,67,0.262618358,0.142569640,0.029004309,0.318027231
15,198,211318720,67,0.333771051,0.142569640,0.029004309,0.669209614
22,198,211318720,67,0.340840754,0.142569640,0.029004309,0.700069250
27,198,211318720,67,0.345303952,0.142569640,0.029004309,0.716412828
10,198,211318720,67,0.346780912,0.142569640,0.029004309,0.720869316
21,198,211318720,67,0.384120181,0.142569640,0.029004309,0.855143713
29,198,211318720,67,0.401427962,0.142569640,0.029004309,0.919348263
20,198,211318720,67,0.406841767,0.142569640,0.029004309,0.935820275
30,198,211318720,67,0.416831058,0.142569640,0.029004309,0.966459956
17,198,211318720,67,0.491628020,0.142569640,0.029004309,1.145088501
19,198,211318720,67,0.496683722,0.142569640,0.029004309,1.153865867
25,198,211318720,67,0.522957550,0.142569640,0.029004309,1.181611171
2,198,211318720,67,0.549024150,0.142569640,0.029004309,1.220530705
26,198,211318720,67,0.668942036,0.142569640,0.029004309,1.395941567
5,198,211318720,67,0.670439746,0.142569640,0.029004309,1.398553109
24,198,211318720,67,0.747118578,0.142569640,0.029004309,1.571883079
3,198,211318720,67,0.802276566,0.142569640,0.029004309,1.702636668
12,198,211318720,67,0.832073278,0.142569640,0.029004309,1.769040364
1,198,211318720,67,0.832820764,0.142569640,0.029004309,1.770278404
11,198,211318720,67,0.867005483,0.142569640,0.029004309,1.835477662
16,198,211318720,67,0.952025692,0.142569640,0.029004309,2.026186884
14,198,211318720,67,0.986327720,0.142569640,0.029004309,2.107775631
9,198,211318720,67,0.990430268,0.142569640,0.029004309,2.114851068
7,198,211318720,67,1.055621497,0.142569640,0.029004309,2.184359889
18,198,211318720,67,1.065657761,0.142569640,0.029004309,2.188755038
8,198,211318720,67,1.934453384,0.142569640,0.029004309,2.036299812
28,198,211318720,67,2.387739789,0.142569640,0.029004309,2.036848356
6,198,211318720,67,2.487518451,0.142569640,0.029004309,2.076520445
4,198,211318720,67,3.341109767,0.142569640,0.029004309,1.834637706
29,199,211318720,67,0.310267843,0.142569640,0.016609367,0.725982749
21,199,211318720,67,0.331808595,0.142569640,0.016609367,0.924896735
26,199,211318720,67,0.331927073,0.142569640,0.016609367,0.925937777
16,199,211318720,67,0.340022068,0.142569640,0.016609367,0.992930557
15,199,211318720,67,0.349695505,0.142569640,0.016609367,1.067782784
10,199,211318720,67,0.366496772,0.142569640,0.016609367,1.194935046
20,199,211318720,67,0.372439086,0.142569640,0.016609367,1.237020054
30,199,211318720,67,0.384275535,0.142569640,0.016609367,1.312272711
23,199,211318720,67,0.387058100,0.142569640,0.016609367,1.328089662
19,199,211318720,67,0.397487178,0.142569640,0.016609367,1.380935733
14,199,211318720,67,0.402068091,0.142569640,0.016609367,1.401208200
25,199,211318720,67,0.407748930,0.142569640,0.016609367,1.422363585
7,199,211318720,67,0.420281467,0.142569640,0.016609367,1.460426734
12,199,211318720,67,0.420513033,0.142569640,0.016609367,1.460982091
4,199,211318720,67,0.420773321,0.142569640,0.016609367,1.461440032
24,199,211318720,67,0.469100688,0.142569640,0.016609367,1.511747604
17,199,211318720,67,0.496683722,0.142569640,0.016609367,1.522065386
22,199,211318720,67,0.714799086,0.142569640,0.016609367,1.694508589
18,199,211318720,67,0.737146514,0.142569640,0.016609367,1.747002001
9,199,211318720,67,0.823874673,0.142569640,0.016609367,1.896409703
28,199,211318720,67,0.828887397,0.142569640,0.016609367,1.901779508
27,199,211318720,67,0.832820764,0.142569640,0.016609367,1.903380949
8,199,211318720,67,1.101347065,0.142569640,0.016609367,1.961889463
6,199,211318720,67,1.185253134,0.142569640,0.016609367,2.059015582
1,199,211318720,67,1.275961791,0.142569640,0.016609367,2.153357996
3,199,211318720,67,1.720860573,0.142569640,0.016609367,2.127971000
13,199,211318720,67,1.973971545,0.142569640,0.016609367,2.152221631
11,199,211318720,67,2.610934393,0.142569640,0.016609367,2.070278405
2,199,211318720,67,2.851214341,0.142569640,0.016609367,2.001528247
5,199,211318720,67,1.284436966,0.142569640,0.016609367,3.599578210
3,200,211318720,67,0.274486776,0.142569640,0.031619813,0.367631600
14,200,211318720,67,0.291309717,0.142569640,0.031619813,0.441201408
2,200,211318720,67,0.301447636,0.142569640,0.031619813,0.478972186
10,200,211318720,67,0.310267843,0.142569640,0.031619813,0.506403738
26,200,211318720,67,0.331927073,0.142569640,0.031619813,0.572552758
28,200,211318720,67,0.397487178,0.142569640,0.031619813,0.780718278
29,200,211318720,67,0.402068091,0.142569640,0.031619813,0.797533030
27,200,211318720,67,0.416831058,0.142569640,0.031619813,0.841979855
23,200,211318720,67,0.452040546,0.142569640,0.031619813,0.926287746
1,200,211318720,67,0.507433692,0.142569640,0.031619813,1.020030460
19,200,211318720,67,0.515830983,0.142569640,0.031619813,1.030447258
9,200,211318720,67,0.519929897,0.142569640,0.031619813,1.034911181
17,200,211318720,67,0.656366503,0.142569640,0.031619813,1.412817732
20,200,211318720,67,0.668942036,0.142569640,0.031619813,1.463074524
22,200,211318720,67,0.670439746,0.142569640,0.031619813,1.468685661
15,200,211318720,67,0.695802929,0.142569640,0.031619813,1.560363515
25,200,211318720,67,0.737146514,0.142569640,0.031619813,1.714396391
16,200,211318720,67,0.752566429,0.142569640,0.031619813,1.760720480
11,200,211318720,67,0.781082769,0.142569640,0.031619813,1.828961712
30,200,211318720,67,0.806589981,0.142569640,0.031619813,1.874830460
5,200,211318720,67,0.822148367,0.142569640,0.031619813,1.901914980
21,200,211318720,67,0.832073278,0.142569640,0.031619813,1.912758674
13,200,211318720,67,0.945577756,0.142569640,0.031619813,1.956376570
6,200,211318720,67,1.102987746,0.142569640,0.031619813,2.007353082
8,200,211318720,67,1.349170437,0.142569640,0.031619813,2.033587391
18,200,211318720,67,1.509114459,0.142569640,0.031619813,2.126088329
7,200,211318720,67,1.591305991,0.142569640,0.031619813,2.158492708
4,200,211318720,67,1.904038728,0.142569640,0.031619813,2.166633741
24,200,211318720,67,2.194425436,0.142569640,0.031619813,2.178893333
12,200,211318720,67,3.411740796,0.142569640,0.031619813,1.839695374
18,201,211318720,67,0.205499149,0.142569640,0.116484426,0.198698888
1,201,211318720,67,0.272776191,0.142569640,0.116484426,0.469754772
9,201,211318720,67,0.281178980,0.142569640,0.116484426,0.512008620
12,201,211318720,67,0.301447636,0.142569640,0.116484426,0.600442416
28,201,211318720,67,0.328114621,0.142569640,0.116484426,0.701180761
24,201,211318720,67,0.340022068,0.142569640,0.116484426,0.745254875
3,201,211318720,67,0.366496772,0.142569640,0.116484426,0.834021353
15,201,211318720,67,0.384120181,0.142569640,0.116484426,0.899419115
10,201,211318720,67,0.401123492,0.142569640,0.116484426,0.951090973
17,201,211318720,67,0.411648825,0.142569640,0.116484426,0.976288091
27,201,211318720,67,0.469331802,0.142569640,0.116484426,1.075993344
6,201,211318720,67,0.497832446,0.142569640,0.116484426,1.105547885
8,201,211318720,67,0.507433692,0.142569640,0.116484426,1.109039688
2,201,211318720,67,0.756670836,0.142569640,0.116484426,1.327828907
4,201,211318720,67,0.757188691,0.142569640,0.116484426,1.328808055
30,201,211318720,67,0.815600578,0.142569640,0.116484426,1.390475225
22,201,211318720,67,0.832820764,0.142569640,0.116484426,1.397141804
19,201,211318720,67,0.990430268,0.142569640,0.116484426,1.593387114
25,201,211318720,67,1.021439625,0.142569640,0.116484426,1.646611311
20,201,211318720,67,1.055621497,0.142569640,0.116484426,1.691515741
7,201,211318720,67,1.101347065,0.142569640,0.116484426,1.739453104
5,201,211318720,67,1.183831296,0.142569640,0.116484426,1.792602741
29,201,211318720,67,1.294309936,0.142569640,0.116484426,1.835198476
21,201,211318720,67,1.450159241,0.142569640,0.116484426,1.886145564
14,201,211318720,67,1.720860573,0.142569640,0.116484426,1.905764956
16,201,211318720,67,1.973971545,0.142569640,0.116484426,1.983031817
26,201,211318720,67,2.036967590,0.142569640,0.116484426,2.007393416
13,201,211318720,67,2.194425436,0.142569640,0.116484426,2.058984357
11,201,211318720,67,2.387739789,0.142569640,0.116484426,2.096535802
23,201,211318720,67,2.580293565,0.142569640,0.116484426,2.042843036
22,202,211318720,67,0.294632521,0.142569640,0.117305115,0.493157920
7,202,211318720,67,0.309103827,0.142569640,0.117305115,0.566323008
13,202,211318720,67,0.310267843,0.142569640,0.117305115,0.571383882
2,202,211318720,67,0.331927073,0.142569640,0.117305115,0.652365086
14,202,211318720,67,0.333771051,0.142569640,0.117305115,0.657975100
20,202,211318720,67,0.366496772,0.142569640,0.117305115,0.734915147
8,202,211318720,67,0.384275535,0.142569640,0.117305115,0.765713338
15,202,211318720,67,0.401427962,0.142569640,0.117305115,0.783802577
19,202,211318720,67,0.402068091,0.142569640,0.117305115,0.783997296
5,202,211318720,67,0.578321737,0.142569640,0.117305115,0.834865037
29,202,211318720,67,0.714799086,0.142569640,0.117305115,1.045499882
23,202,211318720,67,0.756670836,0.142569640,0.117305115,1.112547160
4,202,211318720,67,0.832073278,0.142569640,0.117305115,1.146477693
26,202,211318720,67,0.969201848,0.142569640,0.117305115,1.364986024
10,202,211318720,67,0.984046731,0.142569640,0.117305115,1.381203069
11,202,211318720,67,0.990430268,0.142569640,0.117305115,1.383420876
25,202,211318720,67,1.183831296,0.142569640,0.117305115,1.599464350
24,202,211318720,67,1.185253134,0.142569640,0.117305115,1.600856187
21,202,211318720,67,1.205812777,0.142569640,0.117305115,1.608528831
9,202,211318720,67,1.772163784,0.142569640,0.117305115,1.681686450
28,202,211318720,67,1.854731332,0.142569640,0.117305115,1.755306634
1,202,211318720,67,0.747118578,0.142569640,0.117305115,2.908516311
27,202,211318720,67,1.934453384,0.142569640,0.117305115,1.786618911
18,202,211318720,67,2.387739789,0.142569640,0.117305115,1.824392298
6,202,211318720,67,2.452082856,0.142569640,0.117305115,1.892697230
12,202,211318720,67,2.500940347,0.142569640,0.117305115,1.911950481
30,202,211318720,67,2.851214341,0.142569640,0.117305115,1.911657870
17,202,211318720,67,3.042432322,0.142569640,0.117305115,1.950820971
3,202,211318720,67,1.374381413,0.142569640,0.117305115,3.632630671
16,202,211318720,67,3.411740796,0.142569640,0.117305115,1.849202976
21,203,211318720,67,0.301447636,0.142569640,0.048581321,0.462085158
7,203,211318720,67,0.331927073,0.142569640,0.048581321,0.635955410
3,203,211318720,67,0.333771051,0.142569640,0.048581321,0.645389795
1,203,211318720,67,0.338645076,0.142569640,0.048581321,0.666815742
27,203,211318720,67,0.352250991,0.142569640,0.048581321,0.717216534
10,203,211318720,67,0.391378383,0.142569640,0.048581321,0.879171412
16,203,211318720,67,0.393703093,0.142569640,0.048581321,0.887842835
15,203,211318720,67,0.405338182,0.142569640,0.048581321,0.923314745
6,203,211318720,67,0.406314018,0.142569640,0.048581321,0.925596983
14,203,211318720,67,0.430501742,0.142569640,0.048581321,0.966565584
23,203,211318720,67,0.496683722,0.142569640,0.048581321,1.039169372
2,203,211318720,67,0.507433692,0.142569640,0.048581321,1.050492295
24,203,211318720,67,0.635595755,0.142569640,0.048581321,1.099838519
12,203,211318720,67,0.781082769,0.142569640,0.048581321,1.217547263
8,203,211318720,67,0.832820764,0.142569640,0.048581321,1.274527554
28,203,211318720,67,0.919655903,0.142569640,0.048581321,1.417343495
13,203,211318720,67,0.986327720,0.142569640,0.048581321,1.527338463
18,203,211318720,67,1.077776804,0.142569640,0.048581321,1.721568631
30,203,211318720,67,1.102987746,0.142569640,0.048581321,1.781471796
4,203,211318720,67,1.163510533,0.142569640,0.048581321,1.885582303
20,203,211318720,67,1.165294969,0.142569640,0.048581321,1.887504207
11,203,211318720,67,1.183831296,0.142569640,0.048581321,1.894671869
25,203,211318720,67,2.303361475,0.142569640,0.048581321,1.812193491
22,203,211318720,67,2.387739789,0.142569640,0.048581321,1.863738064
17,203,211318720,67,2.502933016,0.142569640,0.048581321,1.953069247
29,203,211318720,67,2.580293565,0.142569640,0.048581321,1.982689093
9,203,211318720,67,2.759003758,0.142569640,0.048581321,2.027516128
19,203,211318720,67,3.411740796,0.142569640,0.048581321,1.844950985
26,203,211318720,67,2.241835908,0.142569640,0.048581321,3.046067758
5,203,211318720,67,0.969201848,0.142569640,0.048581321,4.343945581
9,204,211318720,67,0.218636321,0.142569640,0.002998884,0.144544019
14,204,211318720,67,0.333771051,0.142569640,0.002998884,0.720538127
17,204,211318720,67,0.345303952,0.142569640,0.002998884,0.786407234
19,204,211318720,67,0.352250991,0.142569640,0.002998884,0.821523913
24,204,211318720,67,0.366496772,0.142569640,0.002998884,0.883868127
26,204,211318720,67,0.367044128,0.142569640,0.002998884,0.885912605
13,204,211318720,67,0.384275535,0.142569640,0.002998884,0.938416780
7,204,211318720,67,0.397487178,0.142569640,0.002998884,0.970207222
25,204,211318720,67,0.420513033,0.142569640,0.002998884,1.010526919
21,204,211318720,67,0.434572014,0.142569640,0.002998884,1.025776021
8,204,211318720,67,0.459292393,0.142569640,0.002998884,1.035614951
23,204,211318720,67,0.281178980,0.142569640,0.002998884,1.648888739
27,204,211318720,67,0.757188691,0.142569640,0.002998884,1.215580052
6,204,211318720,67,0.769230066,0.142569640,0.002998884,1.228259379
28,204,211318720,67,0.781082769,0.142569640,0.002998884,1.232909047
15,204,211318720,67,0.998676963,0.142569640,0.002998884,1.443614963
10,204,211318720,67,1.055621497,0.142569640,0.002998884,1.578875681
30,204,211318720,67,1.065657761,0.142569640,0.002998884,1.597715953
22,204,211318720,67,1.077776804,0.142569640,0.002998884,1.618355775
11,204,211318720,67,1.102987746,0.142569640,0.002998884,1.645037913
3,204,211318720,67,1.205968091,0.142569640,0.002998884,1.683494958
20,204,211318720,67,1.349170437,0.142569640,0.002998884,1.738721648
4,204,211318720,67,1.509114459,0.142569640,0.002998884,1.875502236
12,204,211318720,67,1.522868244,0.142569640,0.002998884,1.881379284
16,204,211318720,67,1.720860573,0.142569640,0.002998884,1.921477956
5,204,211318720,67,2.070019088,0.142569640,0.002998884,1.965819485
29,204,211318720,67,2.141684867,0.142569640,0.002998884,1.992542829
2,204,211318720,67,2.851214341,0.142569640,0.002998884,1.888509794
1,204,211318720,67,3.341109767,0.142569640,0.002998884,1.845833272
18,204,211318720,67,3.411740796,0.142569640,0.002998884,1.825543380
8,205,211318720,67,0.272776191,0.142569640,0.035253610,0.335934380
23,205,211318720,67,0.281178980,0.142569640,0.035253610,0.363968723
25,205,211318720,67,0.294632521,0.142569640,0.035253610,0.406807459
9,205,211318720,67,0.325376681,0.142569640,0.035253610,0.511322240
2,205,211318720,67,0.347471629,0.142569640,0.035253610,0.592791317
24,205,211318720,67,0.406369678,0.142569640,0.035253610,0.772631418
22,205,211318720,67,0.420281467,0.142569640,0.035253610,0.806326283
30,205,211318720,67,0.434572014,0.142569640,0.035253610,0.831114079
4,205,211318720,67,0.469100688,0.142569640,0.035253610,0.855894394
18,205,211318720,67,0.689012139,0.142569640,0.035253610,1.224035595
29,205,211318720,67,0.694847525,0.142569640,0.035253610,1.248974684
13,205,211318720,67,0.714799086,0.142569640,0.035253610,1.330587330
11,205,211318720,67,0.747118578,0.142569640,0.035253610,1.451153740
1,205,211318720,67,0.752566429,0.142569640,0.035253610,1.467557966
17,205,211318720,67,0.756670836,0.142569640,0.035253610,1.477468103
6,205,211318720,67,0.822082714,0.142569640,0.035253610,1.590901304
16,205,211318720,67,0.832820764,0.142569640,0.035253610,1.601723564
21,205,211318720,67,0.846862281,0.142569640,0.035253610,1.606323177
7,205,211318720,67,0.990430268,0.142569640,0.035253610,1.751458798
19,205,211318720,67,1.055621497,0.142569640,0.035253610,1.842306446
20,205,211318720,67,1.077776804,0.142569640,0.035253610,1.875775886
15,205,211318720,67,1.163510533,0.142569640,0.035253610,1.966975712
12,205,211318720,67,1.205968091,0.142569640,0.035253610,1.983354956
14,205,211318720,67,0.452040546,0.142569640,0.035253610,2.931344535
26,205,211318720,67,1.374381413,0.142569640,0.035253610,2.031992563
27,205,211318720,67,2.070019088,0.142569640,0.035253610,1.945944893
28,205,211318720,67,2.194425436,0.142569640,0.035253610,2.058951105
10,205,211318720,67,2.241835908,0.142569640,0.035253610,2.077235603
5,205,211318720,67,2.487518451,0.142569640,0.035253610,2.103618161
3,205,211318720,67,2.502933016,0.142569640,0.035253610,2.099329561
20,206,211318720,67,0.274486776,0.142569640,0.007370970,0.337697786
29,206,211318720,67,0.340840754,0.142569640,0.007370970,0.774582455
24,206,211318720,67,0.347471629,0.142569640,0.007370970,0.817014856
6,206,211318720,67,0.352250991,0.142569640,0.007370970,0.844066784
25,206,211318720,67,0.357826991,0.142569640,0.007370970,0.873971302
11,206,211318720,67,0.366496772,0.142569640,0.007370970,0.917739748
28,206,211318720,67,0.367044128,0.142569640,0.007370970,0.920071386
26,206,211318720,67,0.384120181,0.142569640,0.007370970,0.986292767
2,206,211318720,67,0.402068091,0.142569640,0.007370970,1.053142803
16,206,211318720,67,0.407748930,0.142569640,0.007370970,1.070665355
27,206,211318720,67,0.420773321,0.142569640,0.007370970,1.102037246
23,206,211318720,67,0.459292393,0.142569640,0.007370970,1.183562247
12,206,211318720,67,0.497832446,0.142569640,0.007370970,1.250263476
18,206,211318720,67,0.522957550,0.142569640,0.007370970,1.277066037
7,206,211318720,67,0.578321737,0.142569640,0.007370970,1.298201791
4,206,211318720,67,0.737146514,0.142569640,0.007370970,1.387102027
14,206,211318720,67,0.822082714,0.142569640,0.007370970,1.450763253
22,206,211318720,67,0.919655903,0.142569640,0.007370970,1.489124606
30,206,211318720,67,1.278350893,0.142569640,0.007370970,1.568207012
1,206,211318720,67,1.349170437,0.142569640,0.007370970,1.734202581
21,206,211318720,67,1.374381413,0.142569640,0.007370970,1.777920653
15,206,211318720,67,1.414402113,0.142569640,0.007370970,1.819828106
3,206,211318720,67,1.423528796,0.142569640,0.007370970,1.823731258
5,206,211318720,67,1.657194393,0.142569640,0.007370970,1.872251260
10,206,211318720,67,1.772163784,0.142569640,0.007370970,1.956782164
17,206,211318720,67,1.854731332,0.142569640,0.007370970,2.005112475
8,206,211318720,67,1.973971545,0.142569640,0.007370970,2.051831716
19,206,211318720,67,2.280323170,0.142569640,0.007370970,2.061836289
9,206,211318720,67,2.759003758,0.142569640,0.007370970,2.026099865
13,206,211318720,67,3.411740796,0.142569640,0.007370970,1.843380496
13,207,211318720,67,0.272776191,0.142569640,0.211259902,0.273681573
5,207,211318720,67,0.299654210,0.142569640,0.211259902,0.370618398
18,207,211318720,67,0.325376681,0.142569640,0.211259902,0.460056102
8,207,211318720,67,0.331927073,0.142569640,0.211259902,0.480240850
1,207,211318720,67,0.384120181,0.142569640,0.211259902,0.608213707
7,207,211318720,67,0.407748930,0.142569640,0.211259902,0.664885109
14,207,211318720,67,0.420773321,0.142569640,0.211259902,0.687513624
10,207,211318720,67,0.452040546,0.142569640,0.211259902,0.721434402
29,207,211318720,67,0.522957550,0.142569640,0.211259902,0.749843241
3,207,211318720,67,0.821650137,0.142569640,0.211259902,0.964136142
19,207,211318720,67,0.823874673,0.142569640,0.211259902,0.968099230
15,207,211318720,67,0.846862281,0.142569640,0.211259902,0.992587571
21,207,211318720,67,0.917862357,0.142569640,0.211259902,1.104312590
17,207,211318720,67,0.990430268,0.142569640,0.211259902,1.313031946
11,207,211318720,67,1.024237500,0.142569640,0.211259902,1.393617438
20,207,211318720,67,1.044856486,0.142569640,0.211259902,1.428659161
24,207,211318720,67,1.055621497,0.142569640,0.211259902,1.440041323
28,207,211318720,67,1.077776804,0.142569640,0.211259902,1.458568140
25,207,211318720,67,1.205812777,0.142569640,0.211259902,1.538072974
26,207,211318720,67,1.304662576,0.142569640,0.211259902,1.590694121
6,207,211318720,67,1.423528796,0.142569640,0.211259902,1.673622046
30,207,211318720,67,1.509114459,0.142569640,0.211259902,1.747533842
9,207,211318720,67,1.591305991,0.142569640,0.211259902,1.778083789
4,207,211318720,67,1.772163784,0.142569640,0.211259902,1.861020207
16,207,211318720,67,1.854731332,0.142569640,0.211259902,1.893651938
23,207,211318720,67,2.194425436,0.142569640,0.211259902,1.978307036
27,207,211318720,67,2.241835908,0.142569640,0.211259902,2.028587897
12,207,211318720,67,2.303361475,0.142569640,0.211259902,2.051264059
2,207,211318720,67,2.580293565,0.142569640,0.211259902,2.068046012
22,207,211318720,67,2.656838111,0.142569640,0.211259902,2.046259606
21,208,211318720,67,0.218636321,0.142569640,0.082698062,0.293276003
30,208,211318720,67,0.274486776,0.142569640,0.082698062,0.568073225
13,208,211318720,67,0.281178980,0.142569640,0.082698062,0.611131119
18,208,211318720,67,0.291309717,0.142569640,0.082698062,0.669200237
27,208,211318720,67,0.333771051,0.142569640,0.082698062,0.858280025
9,208,211318720,67,0.344720398,0.142569640,0.082698062,0.899260349
16,208,211318720,67,0.349695505,0.142569640,0.082698062,0.914358852
23,208,211318720,67,0.402068091,0.142569640,0.082698062,1.038897813
4,208,211318720,67,0.406369678,0.142569640,0.082698062,1.045559118
12,208,211318720,67,0.781082769,0.142569640,0.082698062,1.400754397
5,208,211318720,67,0.819719265,0.142569640,0.082698062,1.517992577
28,208,211318720,67,0.823874673,0.142569640,0.082698062,1.529656233
6,208,211318720,67,0.828887397,0.142569640,0.082698062,1.538460950
10,208,211318720,67,0.941278721,0.142569640,0.082698062,1.787140555
26,208,211318720,67,0.945577756,0.142569640,0.082698062,1.797308690
2,208,211318720,67,0.984046731,0.142569640,0.082698062,1.862643290
20,208,211318720,67,0.294632521,0.142569640,0.082698062,2.585900503
11,208,211318720,67,1.007648939,0.142569640,0.082698062,1.887237838
19,208,211318720,67,1.065657761,0.142569640,0.082698062,1.910594362
14,208,211318720,67,1.241069629,0.142569640,0.082698062,1.956035922
24,208,211318720,67,1.436765414,0.142569640,0.082698062,1.996616542
15,208,211318720,67,0.405338182,0.142569640,0.082698062,3.087769121
25,208,211318720,67,0.411648825,0.142569640,0.082698062,3.095745962
17,208,211318720,67,1.591305991,0.142569640,0.082698062,2.047044862
3,208,211318720,67,1.904038728,0.142569640,0.082698062,2.055534484
29,208,211318720,67,0.822082714,0.142569640,0.082698062,3.488398901
7,208,211318720,67,2.580293565,0.142569640,0.082698062,2.004289140
8,208,211318720,67,2.656838111,0.142569640,0.082698062,2.033058234
1,208,211318720,67,3.042432322,0.142569640,0.082698062,1.921063814
22,208,211318720,67,0.698254705,0.142569640,0.082698062,4.311626931
15,209,211318720,67,0.272776191,0.142569640,0.013337865,0.316866754
30,209,211318720,67,0.281178980,0.142569640,0.013337865,0.353936100
9,209,211318720,67,0.328114621,0.142569640,0.013337865,0.529742612
19,209,211318720,67,0.331808595,0.142569640,0.013337865,0.541100757
1,209,211318720,67,0.387058100,0.142569640,0.013337865,0.716273483
8,209,211318720,67,0.391378383,0.142569640,0.013337865,0.732699382
24,209,211318720,67,0.393703093,0.142569640,0.013337865,0.739840238
29,209,211318720,67,0.401123492,0.142569640,0.013337865,0.757618814
10,209,211318720,67,0.497832446,0.142569640,0.013337865,0.927153777
21,209,211318720,67,0.507433692,0.142569640,0.013337865,0.943890575
18,209,211318720,67,0.519929897,0.142569640,0.013337865,0.960937302
27,209,211318720,67,0.635595755,0.142569640,0.013337865,1.325526581
6,209,211318720,67,0.656366503,0.142569640,0.013337865,1.430357893
16,209,211318720,67,0.689012139,0.142569640,0.013337865,1.600758557
17,209,211318720,67,0.694847525,0.142569640,0.013337865,1.630680887
3,209,211318720,67,0.695802929,0.142569640,0.013337865,1.634908851
2,209,211318720,67,0.737725058,0.142569640,0.013337865,1.790248751
22,209,211318720,67,0.747118578,0.142569640,0.013337865,1.819320576
11,209,211318720,67,0.756670836,0.142569640,0.013337865,1.841768745
5,209,211318720,67,0.764463287,0.142569640,0.013337865,1.855333704
23,209,211318720,67,0.799520819,0.142569640,0.013337865,1.892475169
13,209,211318720,67,0.823874673,0.142569640,0.013337865,1.901522697
14,209,211318720,67,1.024237500,0.142569640,0.013337865,1.986526811
12,209,211318720,67,1.163510533,0.142569640,0.013337865,2.091241176
26,209,211318720,67,1.436765414,0.142569640,0.013337865,2.108110400
28,209,211318720,67,1.934453384,0.142569640,0.013337865,2.062951971
25,209,211318720,67,2.122991969,0.142569640,0.013337865,2.105593505
7,209,211318720,67,2.387739789,0.142569640,0.013337865,2.126846124
4,209,211318720,67,2.452082856,0.142569640,0.013337865,2.108726579
20,209,211318720,67,1.101347065,0.142569640,0.013337865,3.497819723
24,210,211318720,67,0.217175369,0.142569640,0.032792080,0.335273874
12,210,211318720,67,0.218636321,0.142569640,0.032792080,0.339714118
4,210,211318720,67,0.272776191,0.142569640,0.032792080,0.527354558
23,210,211318720,67,0.325376681,0.142569640,0.032792080,0.850358168
27,210,211318720,67,0.345303952,0.142569640,0.032792080,0.963311552
15,210,211318720,67,0.352250991,0.142569640,0.032792080,0.998357632
19,210,211318720,67,0.372439086,0.142569640,0.032792080,1.091407951
25,210,211318720,67,0.401123492,0.142569640,0.032792080,1.233632136
28,210,211318720,67,0.406314018,0.142569640,0.032792080,1.253133663
21,210,211318720,67,0.411648825,0.142569640,0.032792080,1.269536320
8,210,211318720,67,0.416831058,0.142569640,0.032792080,1.281597858
9,210,211318720,67,0.430501742,0.142569640,0.032792080,1.305024351
3,210,211318720,67,0.507433692,0.142569640,0.032792080,1.395326014
20,210,211318720,67,0.515830983,0.142569640,0.032792080,1.404435369
29,210,211318720,67,0.205499149,0.142569640,0.032792080,1.768753677
5,210,211318720,67,0.635595755,0.142569640,0.032792080,1.585941949
10,210,211318720,67,0.687056158,0.142569640,0.032792080,1.695252051
14,210,211318720,67,0.695802929,0.142569640,0.032792080,1.710030840
18,210,211318720,67,0.746840162,0.142569640,0.032792080,1.763079752
17,210,211318720,67,0.799520819,0.142569640,0.032792080,1.800948331
1,210,211318720,67,0.917862357,0.142569640,0.032792080,1.926310733
26,210,211318720,67,0.940637450,0.142569640,0.032792080,1.934910786
13,210,211318720,67,1.235957661,0.142569640,0.032792080,2.025003882
22,210,211318720,67,1.289231248,0.142569640,0.032792080,2.080696779
30,210,211318720,67,1.349170437,0.142569640,0.032792080,2.103522334
16,210,211318720,67,0.397487178,0.142569640,0.032792080,3.289527790
7,210,211318720,67,1.904038728,0.142569640,0.032792080,2.043494882
2,210,211318720,67,2.280323170,0.142569640,0.032792080,2.030852169
6,210,211318720,67,2.452082856,0.142569640,0.032792080,2.078898954
11,210,211318720,67,3.042432322,0.142569640,0.032792080,1.911458949
29,211,211318720,67,0.274486776,0.142569640,0.001506367,0.498126389
19,211,211318720,67,0.281178980,0.142569640,0.001506367,0.536386811
7,211,211318720,67,0.291309717,0.142569640,0.001506367,0.587680816
22,211,211318720,67,0.325376681,0.142569640,0.001506367,0.736183725
9,211,211318720,67,0.331808595,0.142569640,0.001506367,0.760195332
6,211,211318720,67,0.332457627,0.142569640,0.001506367,0.762138776
25,211,211318720,67,0.338645076,0.142569640,0.001506367,0.776472002
18,211,211318720,67,0.367044128,0.142569640,0.001506367,0.824484519
30,211,211318720,67,0.402068091,0.142569640,0.001506367,0.875359084
3,211,211318720,67,0.416831058,0.142569640,0.001506367,0.897856664
24,211,211318720,67,0.522957550,0.142569640,0.001506367,1.027378005
1,211,211318720,67,0.549024150,0.142569640,0.001506367,1.054599262
13,211,211318720,67,0.635595755,0.142569640,0.001506367,1.170112365
10,211,211318720,67,0.694847525,0.142569640,0.001506367,1.242747675
2,211,211318720,67,0.737725058,0.142569640,0.001506367,1.315220829
17,211,211318720,67,0.822082714,0.142569640,0.001506367,1.403596732
14,211,211318720,67,0.839853738,0.142569640,0.001506367,1.410209224
23,211,211318720,67,1.007648939,0.142569640,0.001506367,1.519063217
28,211,211318720,67,1.055621497,0.142569640,0.001506367,1.566856246
4,211,211318720,67,1.165294969,0.142569640,0.001506367,1.739919632
11,211,211318720,67,1.185253134,0.142569640,0.001506367,1.774865522
15,211,211318720,67,1.235957661,0.142569640,0.001506367,1.831498750
21,211,211318720,67,1.294309936,0.142569640,0.001506367,1.892699327
16,211,211318720,67,1.374381413,0.142569640,0.001506367,1.924701347
20,211,211318720,67,1.591305991,0.142569640,0.001506367,1.957914715
27,211,211318720,67,1.904038728,0.142569640,0.001506367,1.965869361
8,211,211318720,67,2.242581386,0.142569640,0.001506367,2.022761215
12,211,211318720,67,2.303361475,0.142569640,0.001506367,2.046113077
26,211,211318720,67,3.042432322,0.142569640,0.001506367,1.930483878
5,211,211318720,67,3.341109767,0.142569640,0.001506367,1.847424903
15,212,211318720,67,0.217175369,0.142569640,0.005644449,0.132084661
19,212,211318720,67,0.301447636,0.142569640,0.005644449,0.338150684
25,212,211318720,67,0.325376681,0.142569640,0.005644449,0.411017011
20,212,211318720,67,0.402068091,0.142569640,0.005644449,0.650641376
5,212,211318720,67,0.406369678,0.142569640,0.005644449,0.660993330
14,212,211318720,67,0.430501742,0.142569640,0.005644449,0.702745321
27,212,211318720,67,0.469100688,0.142569640,0.005644449,0.765988777
26,212,211318720,67,0.469331802,0.142569640,0.005644449,0.766186438
8,212,211318720,67,0.578321737,0.142569640,0.005644449,0.863543881
29,212,211318720,67,0.635595755,0.142569640,0.005644449,0.912745838
12,212,211318720,67,0.737146514,0.142569640,0.005644449,1.131605284
9,212,211318720,67,0.802276566,0.142569640,0.005644449,1.287118677
18,212,211318720,67,0.809045384,0.142569640,0.005644449,1.298715365
10,212,211318720,67,0.815600578,0.142569640,0.005644449,1.305739688
13,212,211318720,67,0.822148367,0.142569640,0.005644449,1.308298580
3,212,211318720,67,0.338645076,0.142569640,0.005644449,1.795696561
17,212,211318720,67,1.007648939,0.142569640,0.005644449,1.519117269
23,212,211318720,67,1.021439625,0.142569640,0.005644449,1.542702081
28,212,211318720,67,1.076130101,0.142569640,0.005644449,1.669703806
7,212,211318720,67,1.101347065,0.142569640,0.005644449,1.730457632
30,212,211318720,67,1.163510533,0.142569640,0.005644449,1.838396664
6,212,211318720,67,1.205968091,0.142569640,0.005644449,1.868421895
2,212,211318720,67,1.450159241,0.142569640,0.005644449,1.940540081
4,212,211318720,67,1.522868244,0.142569640,0.005644449,1.967969866
21,212,211318720,67,1.973971545,0.142569640,0.005644449,2.023724623
22,212,211318720,67,2.036967590,0.142569640,0.005644449,2.088657305
11,212,211318720,67,2.070019088,0.142569640,0.005644449,2.100782709
16,212,211318720,67,2.242581386,0.142569640,0.005644449,2.149989566
1,212,211318720,67,2.656838111,0.142569640,0.005644449,2.033446974
24,212,211318720,67,1.183831296,0.142569640,0.005644449,3.526921645
21,213,211318720,67,0.205499149,0.142569640,0.013382845,0.287367547
1,213,211318720,67,0.218636321,0.142569640,0.013382845,0.338352354
6,213,211318720,67,0.262618358,0.142569640,0.013382845,0.501978431
9,213,211318720,67,0.274486776,0.142569640,0.013382845,0.544912779
23,213,211318720,67,0.299654210,0.142569640,0.013382845,0.650823192
20,213,211318720,67,0.338645076,0.142569640,0.013382845,0.803088328
10,213,211318720,67,0.344720398,0.142569640,0.013382845,0.825565259
2,213,211318720,67,0.357826991,0.142569640,0.013382845,0.865952408
13,213,211318720,67,0.407748930,0.142569640,0.013382845,0.983787409
15,213,211318720,67,0.420281467,0.142569640,0.013382845,1.005624109
19,213,211318720,67,0.420773321,0.142569640,0.013382845,1.006097268
14,213,211318720,67,0.469331802,0.142569640,0.013382845,1.025008705
12,213,211318720,67,0.746840162,0.142569640,0.013382845,1.196331597
22,213,211318720,67,0.752566429,0.142569640,0.013382845,1.206462594
28,213,211318720,67,0.819719265,0.142569640,0.013382845,1.276992111
30,213,211318720,67,0.867005483,0.142569640,0.013382845,1.346148882
26,213,211318720,67,0.969201848,0.142569640,0.013382845,1.659246149
5,213,211318720,67,0.984046731,0.142569640,0.013382845,1.694817961
27,213,211318720,67,0.999831002,0.142569640,0.013382845,1.722560791
11,213,211318720,67,1.007648939,0.142569640,0.013382845,1.730947128
3,213,211318720,67,1.009629524,0.142569640,0.013382845,1.731757978
8,213,211318720,67,1.163510533,0.142569640,0.013382845,1.956441997
29,213,211318720,67,1.185253134,0.142569640,0.013382845,1.993474569
4,213,211318720,67,1.188858293,0.142569640,0.013382845,1.997070591
17,213,211318720,67,1.284436966,0.142569640,0.013382845,2.068792202
16,213,211318720,67,1.374381413,0.142569640,0.013382845,2.101965835
24,213,211318720,67,1.591305991,0.142569640,0.013382845,2.138953567
7,213,211318720,67,1.854731332,0.142569640,0.013382845,2.160502590
25,213,211318720,67,2.242581386,0.142569640,0.013382845,2.145089919
18,213,211318720,67,2.500940347,0.142569640,0.013382845,2.072988210
29,214,211318720,67,0.274486776,0.142569640,0.069417298,0.168567335
5,214,211318720,67,0.338645076,0.142569640,0.069417298,0.385089983
20,214,211318720,67,0.340840754,0.142569640,0.069417298,0.393269887
26,214,211318720,67,0.397487178,0.142569640,0.069417298,0.576503687
19,214,211318720,67,0.416831058,0.142569640,0.069417298,0.635331931
7,214,211318720,67,0.420281467,0.142569640,0.069417298,0.643567169
28,214,211318720,67,0.459361129,0.142569640,0.069417298,0.711249344
18,214,211318720,67,0.469100688,0.142569640,0.069417298,0.721133004
22,214,211318720,67,0.522957550,0.142569640,0.069417298,0.741379162
6,214,211318720,67,0.689012139,0.142569640,0.069417298,0.877372308
25,214,211318720,67,0.757188691,0.142569640,0.069417298,1.055757488
2,214,211318720,67,0.790535894,0.142569640,0.069417298,1.144754950
21,214,211318720,67,0.815600578,0.142569640,0.069417298,1.204505404
11,214,211318720,67,0.839853738,0.142569640,0.069417298,1.245043080
15,214,211318720,67,0.867005483,0.142569640,0.069417298,1.290725265
30,214,211318720,67,0.919655903,0.142569640,0.069417298,1.407359787
1,214,211318720,67,0.986327720,0.142569640,0.069417298,1.573965494
23,214,211318720,67,1.007648939,0.142569640,0.069417298,1.624862669
17,214,211318720,67,1.024237500,0.142569640,0.069417298,1.655221561
10,214,211318720,67,1.077776804,0.142569640,0.069417298,1.746905445
14,214,211318720,67,1.104358980,0.142569640,0.069417298,1.782087725
9,214,211318720,67,1.235957661,0.142569640,0.069417298,1.939583081
24,214,211318720,67,1.275961791,0.142569640,0.069417298,1.981629600
8,214,211318720,67,1.374381413,0.142569640,0.069417298,2.019136785
16,214,211318720,67,1.720860573,0.142569640,0.069417298,2.019151783
12,214,211318720,67,2.070019088,0.142569640,0.069417298,2.016461236
4,214,211318720,67,2.280323170,0.142569640,0.069417298,2.052120635
27,214,211318720,67,2.851214341,0.142569640,0.069417298,1.985259365
13,214,211318720,67,3.042432322,0.142569640,0.069417298,1.931715116
3,214,211318720,67,1.163510533,0.142569640,0.069417298,3.811518239
20,215,211318720,67,0.299654210,0.142569640,0.018783923,0.499165809
21,215,211318720,67,0.310267843,0.142569640,0.018783923,0.573843906
24,215,211318720,67,0.331808595,0.142569640,0.018783923,0.711921573
28,215,211318720,67,0.347471629,0.142569640,0.018783923,0.801347050
11,215,211318720,67,0.384120181,0.142569640,0.018783923,0.998683772
16,215,211318720,67,0.384275535,0.142569640,0.018783923,0.999574505
23,215,211318720,67,0.387058100,0.142569640,0.018783923,1.013689628
6,215,211318720,67,0.397487178,0.142569640,0.018783923,1.058846191
1,215,211318720,67,0.402068091,0.142569640,0.018783923,1.075794372
17,215,211318720,67,0.411648825,0.142569640,0.018783923,1.105089302
9,215,211318720,67,0.416831058,0.142569640,0.018783923,1.117344322
10,215,211318720,67,0.420513033,0.142569640,0.018783923,1.123782540
8,215,211318720,67,0.515830983,0.142569640,0.018783923,1.224839636
2,215,211318720,67,0.519929897,0.142569640,0.018783923,1.226269014
30,215,211318720,67,0.668942036,0.142569640,0.018783923,1.309842541
4,215,211318720,67,0.769230066,0.142569640,0.018783923,1.397827738
14,215,211318720,67,0.839853738,0.142569640,0.018783923,1.452549246
25,215,211318720,67,0.940637450,0.142569640,0.018783923,1.672100490
15,215,211318720,67,0.984046731,0.142569640,0.018783923,1.775745203
5,215,211318720,67,0.999831002,0.142569640,0.018783923,1.802398354
7,215,211318720,67,1.021439625,0.142569640,0.018783923,1.824618391
18,215,211318720,67,1.055621497,0.142569640,0.018783923,1.837283234
12,215,211318720,67,1.294309936,0.142569640,0.018783923,1.865012803
13,215,211318720,67,1.657194393,0.142569640,0.018783923,1.855499625
26,215,211318720,67,1.934453384,0.142569640,0.018783923,1.900809543
19,215,211318720,67,2.036967590,0.142569640,0.018783923,1.966198819
27,215,211318720,67,2.141684867,0.142569640,0.018783923,2.032751726
29,215,211318720,67,2.241835908,0.142569640,0.018783923,2.071659639
3,215,211318720,67,2.500940347,0.142569640,0.018783923,2.093785409
22,215,211318720,67,2.851214341,0.142569640,0.018783923,1.994908877
3,216,211318720,67,0.205499149,0.142569640,0.067316644,0.305229347
2,216,211318720,67,0.217175369,0.142569640,0.067316644,0.340927412
17,216,211318720,67,0.218636321,0.142569640,0.067316644,0.344400743
7,216,211318720,67,0.262618358,0.142569640,0.067316644,0.445195959
1,216,211318720,67,0.331927073,0.142569640,0.067316644,0.738273149
30,216,211318720,67,0.332457627,0.142569640,0.067316644,0.740594791
24,216,211318720,67,0.372439086,0.142569640,0.067316644,0.904531897
5,216,211318720,67,0.401427962,0.142569640,0.067316644,1.012671616
28,216,211318720,67,0.405338182,0.142569640,0.067316644,1.024747414
12,216,211318720,67,0.411648825,0.142569640,0.067316644,1.040186331
27,216,211318720,67,0.420513033,0.142569640,0.067316644,1.055376735
16,216,211318720,67,0.469331802,0.142569640,0.067316644,1.107256754
20,216,211318720,67,0.491628020,0.142569640,0.067316644,1.116202779
25,216,211318720,67,0.635595755,0.142569640,0.067316644,1.246348216
21,216,211318720,67,0.689012139,0.142569640,0.067316644,1.381268515
19,216,211318720,67,0.764463287,0.142569640,0.067316644,1.655820015
18,216,211318720,67,0.769230066,0.142569640,0.067316644,1.670569647
9,216,211318720,67,0.802276566,0.142569640,0.067316644,1.752818773
11,216,211318720,67,0.806589981,0.142569640,0.067316644,1.763225999
15,216,211318720,67,0.822082714,0.142569640,0.067316644,1.789931115
6,216,211318720,67,0.839853738,0.142569640,0.067316644,1.808522283
4,216,211318720,67,0.940637450,0.142569640,0.067316644,1.993435381
26,216,211318720,67,0.984046731,0.142569640,0.067316644,2.067175187
14,216,211318720,67,1.024237500,0.142569640,0.067316644,2.107759977
13,216,211318720,67,1.278350893,0.142569640,0.067316644,2.131611768
22,216,211318720,67,1.904038728,0.142569640,0.067316644,2.050434673
10,216,211318720,67,2.141684867,0.142569640,0.067316644,2.078585709
23,216,211318720,67,2.303361475,0.142569640,0.067316644,2.130041829
29,216,211318720,67,2.851214341,0.142569640,0.067316644,1.974406749
8,216,211318720,67,1.021439625,0.142569640,0.067316644,3.818750397
10,217,211318720,67,0.299654210,0.142569640,0.004542356,0.429451516
16,217,211318720,67,0.328114621,0.142569640,0.004542356,0.554711099
26,217,211318720,67,0.338645076,0.142569640,0.004542356,0.593367645
30,217,211318720,67,0.344720398,0.142569640,0.004542356,0.611922569
12,217,211318720,67,0.346780912,0.142569640,0.004542356,0.616754483
4,217,211318720,67,0.367044128,0.142569640,0.004542356,0.653651051
8,217,211318720,67,0.401123492,0.142569640,0.004542356,0.713354967
28,217,211318720,67,0.507433692,0.142569640,0.004542356,0.758988504
19,217,211318720,67,0.698254705,0.142569640,0.004542356,0.984723167
2,217,211318720,67,0.737146514,0.142569640,0.004542356,1.104450721
25,217,211318720,67,0.756670836,0.142569640,0.004542356,1.151062395
13,217,211318720,67,0.802276566,0.142569640,0.004542356,1.232682743
5,217,211318720,67,0.809045384,0.142569640,0.004542356,1.244133734
14,217,211318720,67,0.821650137,0.142569640,0.004542356,1.257421278
23,217,211318720,67,0.940637450,0.142569640,0.004542356,1.353558401
11,217,211318720,67,1.007648939,0.142569640,0.004542356,1.379604698
21,217,211318720,67,0.407748930,0.142569640,0.004542356,2.338967332
18,217,211318720,67,1.188858293,0.142569640,0.004542356,1.566340801
7,217,211318720,67,1.205812777,0.142569640,0.004542356,1.595283028
22,217,211318720,67,1.289231248,0.142569640,0.004542356,1.736879594
1,217,211318720,67,1.349170437,0.142569640,0.004542356,1.759323591
17,217,211318720,67,1.854731332,0.142569640,0.004542356,1.792817952
6,217,211318720,67,1.904038728,0.142569640,0.004542356,1.844740726
27,217,211318720,67,1.973971545,0.142569640,0.004542356,1.873156247
24,217,211318720,67,2.194425436,0.142569640,0.004542356,1.968899632
20,217,211318720,67,2.242581386,0.142569640,0.004542356,1.987583186
3,217,211318720,67,2.575342822,0.142569640,0.004542356,2.032691676
29,217,211318720,67,2.656838111,0.142569640,0.004542356,2.065689937
9,217,211318720,67,1.284436966,0.142569640,0.004542356,3.717354561
15,217,211318720,67,3.042432322,0.142569640,0.004542356,2.057123068
1,218,211318720,67,0.218636321,0.142569640,0.003441016,0.217801520
13,218,211318720,67,0.262618358,0.142569640,0.003441016,0.322342792
25,218,211318720,67,0.294632521,0.142569640,0.003441016,0.401181445
30,218,211318720,67,0.310267843,0.142569640,0.003441016,0.438057727
29,218,211318720,67,0.331927073,0.142569640,0.003441016,0.475313941
15,218,211318720,67,0.405338182,0.142569640,0.003441016,0.551335984
10,218,211318720,67,0.434572014,0.142569640,0.003441016,0.581084292
16,218,211318720,67,0.549024150,0.142569640,0.003441016,0.628478896
4,218,211318720,67,0.689012139,0.142569640,0.003441016,0.752704524
8,218,211318720,67,0.757188691,0.142569640,0.003441016,0.959645600
9,218,211318720,67,0.819719265,0.142569640,0.003441016,1.114866870
7,218,211318720,67,0.821650137,0.142569640,0.003441016,1.119381502
23,218,211318720,67,0.822148367,0.142569640,0.003441016,1.120128112
26,218,211318720,67,0.832073278,0.142569640,0.003441016,1.131220428
28,218,211318720,67,0.999831002,0.142569640,0.003441016,1.323962589
22,218,211318720,67,1.205968091,0.142569640,0.003441016,1.474425910
14,218,211318720,67,1.275961791,0.142569640,0.003441016,1.548369081
5,218,211318720,67,1.294309936,0.142569640,0.003441016,1.555379733
11,218,211318720,67,1.436765414,0.142569640,0.003441016,1.697316256
12,218,211318720,67,1.450159241,0.142569640,0.003441016,1.703324800
18,218,211318720,67,1.591305991,0.142569640,0.003441016,1.759249554
17,218,211318720,67,1.854731332,0.142569640,0.003441016,1.795635944
19,218,211318720,67,1.973971545,0.142569640,0.003441016,1.893891847
2,218,211318720,67,2.036967590,0.142569640,0.003441016,1.917675718
21,218,211318720,67,2.242581386,0.142569640,0.003441016,1.953379213
24,218,211318720,67,0.952025692,0.142569640,0.003441016,3.257552030
6,218,211318720,67,1.044856486,0.142569640,0.003441016,3.300047244
20,218,211318720,67,2.580293565,0.142569640,0.003441016,1.956412025
27,218,211318720,67,3.042432322,0.142569640,0.003441016,1.921579522
3,218,211318720,67,3.341109767,0.142569640,0.003441016,1.838971227
8,219,211318720,67,0.217175369,0.142569640,0.030193055,0.106971327
23,219,211318720,67,0.325376681,0.142569640,0.030193055,0.533309546
22,219,211318720,67,0.338645076,0.142569640,0.030193055,0.591628322
20,219,211318720,67,0.344720398,0.142569640,0.030193055,0.614338007
27,219,211318720,67,0.384275535,0.142569640,0.030193055,0.738587634
9,219,211318720,67,0.402068091,0.142569640,0.030193055,0.793300453
17,219,211318720,67,0.406369678,0.142569640,0.030193055,0.803583746
28,219,211318720,67,0.430501742,0.142569640,0.030193055,0.861298435
5,219,211318720,67,0.496683722,0.142569640,0.030193055,1.016031477
2,219,211318720,67,0.519929897,0.142569640,0.030193055,1.059761899
4,219,211318720,67,0.549024150,0.142569640,0.030193055,1.112130189
30,219,211318720,67,0.578321737,0.142569640,0.030193055,1.179884811
21,219,211318720,67,0.656366503,0.142569640,0.030193055,1.313303929
6,219,211318720,67,0.687056158,0.142569640,0.030193055,1.352445212
16,219,211318720,67,0.694847525,0.142569640,0.030193055,1.360780651
12,219,211318720,67,0.819719265,0.142569640,0.030193055,1.503059258
10,219,211318720,67,0.867005483,0.142569640,0.030193055,1.581927938
24,219,211318720,67,0.917862357,0.142569640,0.030193055,1.669485515
13,219,211318720,67,0.990430268,0.142569640,0.030193055,1.820706513
14,219,211318720,67,0.352250991,0.142569640,0.030193055,2.569161632
3,219,211318720,67,1.077776804,0.142569640,0.030193055,1.970417267
11,219,211318720,67,1.101347065,0.142569640,0.030193055,1.994871552
26,219,211318720,67,1.102987746,0.142569640,0.030193055,1.995461321
29,219,211318720,67,1.522868244,0.142569640,0.030193055,1.972375402
15,219,211318720,67,1.904038728,0.142569640,0.030193055,2.009005192
25,219,211318720,67,1.973971545,0.142569640,0.030193055,2.036178865
18,219,211318720,67,2.487518451,0.142569640,0.030193055,2.072412375
7,219,211318720,67,2.500940347,0.142569640,0.030193055,2.077572278
1,219,211318720,67,2.502933016,0.142569640,0.030193055,2.077009939
19,219,211318720,67,0.986327720,0.142569640,0.030193055,3.610924243
4,220,211318720,67,0.218636321,0.142569640,0.000687320,0.273058401
2,220,211318720,67,0.272776191,0.142569640,0.000687320,0.515393313
27,220,211318720,67,0.274486776,0.142569640,0.000687320,0.524220675
13,220,211318720,67,0.299654210,0.142569640,0.000687320,0.635013424
3,220,211318720,67,0.325376681,0.142569640,0.000687320,0.730891002
19,220,211318720,67,0.328114621,0.142569640,0.000687320,0.740225707
16,220,211318720,67,0.340022068,0.142569640,0.000687320,0.776409321
28,220,211318720,67,0.367044128,0.142569640,0.000687320,0.841185628
29,220,211318720,67,0.406841767,0.142569640,0.000687320,0.929631207
10,220,211318720,67,0.411648825,0.142569640,0.000687320,0.938003136
12,220,211318720,67,0.469331802,0.142569640,0.000687320,1.000052503
23,220,211318720,67,0.519929897,0.142569640,0.000687320,1.019520860
1,220,211318720,67,0.698254705,0.142569640,0.000687320,1.188159963
9,220,211318720,67,0.747118578,0.142569640,0.000687320,1.337309566
17,220,211318720,67,0.802276566,0.142569640,0.000687320,1.468740544
6,220,211318720,67,0.806589981,0.142569640,0.000687320,1.476336094
26,220,211318720,67,0.822082714,0.142569640,0.000687320,1.501036900
22,220,211318720,67,0.839853738,0.142569640,0.000687320,1.519523190
11,220,211318720,67,0.952025692,0.142569640,0.000687320,1.588449993
5,220,211318720,67,1.055621497,0.142569640,0.000687320,1.630060498
30,220,211318720,67,1.205968091,0.142569640,0.000687320,1.755904543
8,220,211318720,67,1.241069629,0.142569640,0.000687320,1.768592180
21,220,211318720,67,1.591305991,0.142569640,0.000687320,1.767558378
7,220,211318720,67,1.854731332,0.142569640,0.000687320,1.787814829
14,220,211318720,67,2.242581386,0.142569640,0.000687320,1.775579392
15,220,211318720,67,2.452082856,0.142569640,0.000687320,1.872867107
20,220,211318720,67,2.502933016,0.142569640,0.000687320,1.892305553
24,220,211318720,67,2.656838111,0.142569640,0.000687320,1.943401111
18,220,211318720,67,2.851214341,0.142569640,0.000687320,1.984846877
25,220,211318720,67,3.411740796,0.142569640,0.000687320,1.826309962
15,221,211318720,67,0.262618358,0.142569640,0.080070123,0.280299292
30,221,211318720,67,0.272776191,0.142569640,0.080070123,0.318380346
2,221,211318720,67,0.310267843,0.142569640,0.080070123,0.431660663
29,221,211318720,67,0.357859759,0.142569640,0.080070123,0.566222401
6,221,211318720,67,0.367044128,0.142569640,0.080070123,0.588586598
8,221,211318720,67,0.384120181,0.142569640,0.080070123,0.618276423
24,221,211318720,67,0.401427962,0.142569640,0.080070123,0.636641753
11,221,211318720,67,0.469331802,0.142569640,0.080070123,0.662135702
19,221,211318720,67,0.668942036,0.142569640,0.080070123,0.904909256
5,221,211318720,67,0.687056158,0.142569640,0.080070123,0.974130425
26,221,211318720,67,0.695802929,0.142569640,0.080070123,1.012311003
16,221,211318720,67,0.781082769,0.142569640,0.080070123,1.371808326
18,221,211318720,67,0.790535894,0.142569640,0.080070123,1.413351774
23,221,211318720,67,0.799520819,0.142569640,0.080070123,1.446619591
1,221,211318720,67,0.815600578,0.142569640,0.080070123,1.496285735
20,221,211318720,67,0.823874673,0.142569640,0.080070123,1.516288379
21,221,211318720,67,0.828887397,0.142569640,0.080070123,1.525227870
14,221,211318720,67,0.867005483,0.142569640,0.080070123,1.572342703
27,221,211318720,67,0.919655903,0.142569640,0.080070123,1.628219392
9,221,211318720,67,0.998676963,0.142569640,0.080070123,1.687595935
22,221,211318720,67,1.101347065,0.142569640,0.080070123,1.791019947
3,221,211318720,67,1.185253134,0.142569640,0.080070123,1.879040122
25,221,211318720,67,1.205812777,0.142569640,0.080070123,1.887351428
13,221,211318720,67,1.349170437,0.142569640,0.080070123,2.053464655
17,221,211318720,67,1.423528796,0.142569640,0.080070123,2.182857371
10,221,211318720,67,1.436765414,0.142569640,0.080070123,2.197087581
28,221,211318720,67,1.450159241,0.142569640,0.080070123,2.202602799
12,221,211318720,67,2.575342822,0.142569640,0.080070123,2.027401850
4,221,211318720,67,2.656838111,0.142569640,0.080070123,2.059991858
7,221,211318720,67,2.759003758,0.142569640,0.080070123,2.030991669
26,222,211318720,67,0.309103827,0.142569640,0.143182576,0.311825791
19,222,211318720,67,0.349695505,0.142569640,0.143182576,0.507020328
22,222,211318720,67,0.372439086,0.142569640,0.143182576,0.596792916
23,222,211318720,67,0.406841767,0.142569640,0.143182576,0.702196198
20,222,211318720,67,0.416831058,0.142569640,0.143182576,0.726153029
2,222,211318720,67,0.420773321,0.142569640,0.143182576,0.732854429
16,222,211318720,67,0.459292393,0.142569640,0.143182576,0.773446312
12,222,211318720,67,0.459361129,0.142569640,0.143182576,0.773468172
10,222,211318720,67,0.668942036,0.142569640,0.143182576,0.925025071
29,222,211318720,67,0.695802929,0.142569640,0.143182576,0.953813951
8,222,211318720,67,0.752566429,0.142569640,0.143182576,1.008314274
9,222,211318720,67,0.846862281,0.142569640,0.143182576,1.148827087
1,222,211318720,67,0.919655903,0.142569640,0.143182576,1.315458733
30,222,211318720,67,0.357826991,0.142569640,0.143182576,1.907882612
18,222,211318720,67,0.941278721,0.142569640,0.143182576,1.353093936
28,222,211318720,67,0.952025692,0.142569640,0.143182576,1.364873796
6,222,211318720,67,0.999831002,0.142569640,0.143182576,1.384122827
27,222,211318720,67,1.205968091,0.142569640,0.143182576,1.493790064
21,222,211318720,67,1.284436966,0.142569640,0.143182576,1.577851596
7,222,211318720,67,1.304662576,0.142569640,0.143182576,1.599744328
13,222,211318720,67,1.423528796,0.142569640,0.143182576,1.646285796
4,222,211318720,67,1.772163784,0.142569640,0.143182576,1.684182012
3,222,211318720,67,1.854731332,0.142569640,0.143182576,1.732025817
24,222,211318720,67,1.973971545,0.142569640,0.143182576,1.778103792
15,222,211318720,67,2.303361475,0.142569640,0.143182576,1.781441955
5,222,211318720,67,2.452082856,0.142569640,0.143182576,1.918885309
25,222,211318720,67,2.487518451,0.142569640,0.143182576,1.954881628
11,222,211318720,67,2.575342822,0.142569640,0.143182576,1.989694934
17,222,211318720,67,2.851214341,0.142569640,0.143182576,2.009754012
14,222,211318720,67,3.341109767,0.142569640,0.143182576,1.870894757
6,223,211318720,67,0.205499149,0.142569640,0.002334997,0.095254597
17,223,211318720,67,0.291309717,0.142569640,0.002334997,0.339881434
19,223,211318720,67,0.344720398,0.142569640,0.002334997,0.520475791
12,223,211318720,67,0.347471629,0.142569640,0.002334997,0.528405553
24,223,211318720,67,0.367044128,0.142569640,0.002334997,0.575713243
10,223,211318720,67,0.372439086,0.142569640,0.002334997,0.585090873
15,223,211318720,67,0.416831058,0.142569640,0.002334997,0.632960065
13,223,211318720,67,0.459361129,0.142569640,0.002334997,0.648708321
20,223,211318720,67,0.635595755,0.142569640,0.002334997,0.803320646
25,223,211318720,67,0.668942036,0.142569640,0.002334997,0.885409913
11,223,211318720,67,0.756670836,0.142569640,0.002334997,1.096129192
8,223,211318720,67,0.757188691,0.142569640,0.002334997,1.096955942
3,223,211318720,67,0.769230066,0.142569640,0.002334997,1.110258522
4,223,211318720,67,0.806589981,0.142569640,0.002334997,1.130648793
28,223,211318720,67,0.941278721,0.142569640,0.002334997,1.273418915
30,223,211318720,67,0.986327720,0.142569640,0.002334997,1.338157252
5,223,211318720,67,1.044856486,0.142569640,0.002334997,1.399887371
29,223,211318720,67,1.104358980,0.142569640,0.002334997,1.466723010
21,223,211318720,67,1.188858293,0.142569640,0.002334997,1.591058852
18,223,211318720,67,1.235957661,0.142569640,0.002334997,1.640647239
2,223,211318720,67,1.278350893,0.142569640,0.002334997,1.657042688
1,223,211318720,67,2.141684867,0.142569640,0.002334997,1.593033634
26,223,211318720,67,2.194425436,0.142569640,0.002334997,1.670794284
7,223,211318720,67,2.242581386,0.142569640,0.002334997,1.721861972
23,223,211318720,67,2.303361475,0.142569640,0.002334997,1.784274667
22,223,211318720,67,2.387739789,0.142569640,0.002334997,1.817579074
14,223,211318720,67,2.656838111,0.142569640,0.002334997,1.836412320
27,223,211318720,67,2.851214341,0.142569640,0.002334997,1.877615929
9,223,211318720,67,3.042432322,0.142569640,0.002334997,1.919422212
16,223,211318720,67,3.341109767,0.142569640,0.002334997,1.834365440
18,224,211318720,67,0.217175369,0.142569640,0.029209323,0.144527288
4,224,211318720,67,0.294632521,0.142569640,0.029209323,0.432780274
9,224,211318720,67,0.301447636,0.142569640,0.029209323,0.462338939
13,224,211318720,67,0.349695505,0.142569640,0.029209323,0.641485847
24,224,211318720,67,0.387058100,0.142569640,0.029209323,0.752183754
23,224,211318720,67,0.391378383,0.142569640,0.029209323,0.765101823
12,224,211318720,67,0.406369678,0.142569640,0.029209323,0.800139074
11,224,211318720,67,0.406841767,0.142569640,0.029209323,0.800942224
15,224,211318720,67,0.515830983,0.142569640,0.029209323,0.969289969
3,224,211318720,67,0.519929897,0.142569640,0.029209323,0.973793029
20,224,211318720,67,0.578321737,0.142569640,0.029209323,1.016916608
10,224,211318720,67,0.689012139,0.142569640,0.029209323,1.149268773
17,224,211318720,67,0.747118578,0.142569640,0.029209323,1.326066762
25,224,211318720,67,0.806589981,0.142569640,0.029209323,1.468241512
1,224,211318720,67,0.809045384,0.142569640,0.029209323,1.472430362
7,224,211318720,67,0.828887397,0.142569640,0.029209323,1.492991132
21,224,211318720,67,0.832073278,0.142569640,0.029209323,1.494440159
14,224,211318720,67,0.999831002,0.142569640,0.029209323,1.659158350
29,224,211318720,67,1.007648939,0.142569640,0.029209323,1.667160762
27,224,211318720,67,0.357859759,0.142569640,0.029209323,2.460001297
26,224,211318720,67,1.101347065,0.142569640,0.029209323,1.756962878
19,224,211318720,67,1.165294969,0.142569640,0.029209323,1.803421230
2,224,211318720,67,1.275961791,0.142569640,0.029209323,1.846071726
28,224,211318720,67,1.854731332,0.142569640,0.029209323,1.776231557
8,224,211318720,67,2.194425436,0.142569640,0.029209323,1.776186130
6,224,211318720,67,2.502933016,0.142569640,0.029209323,1.806545541
30,224,211318720,67,2.610934393,0.142569640,0.029209323,1.911464240
5,224,211318720,67,2.656838111,0.142569640,0.029209323,1.956817113
16,224,211318720,67,2.759003758,0.142569640,0.029209323,1.994449673
22,224,211318720,67,3.341109767,0.142569640,0.029209323,1.832690181
9,225,211318720,67,0.291309717,0.142569640,0.083907329,0.562266267
22,225,211318720,67,0.294632521,0.142569640,0.083907329,0.583609053
2,225,211318720,67,0.309103827,0.142569640,0.083907329,0.666905218
23,225,211318720,67,0.331808595,0.142569640,0.083907329,0.785395345
17,225,211318720,67,0.332457627,0.142569640,0.083907329,0.788707028
28,225,211318720,67,0.340840754,0.142569640,0.083907329,0.825499954
3,225,211318720,67,0.357826991,0.142569640,0.083907329,0.888787140
21,225,211318720,67,0.372439086,0.142569640,0.083907329,0.933165296
15,225,211318720,67,0.420281467,0.142569640,0.083907329,1.032435912
5,225,211318720,67,0.420513033,0.142569640,0.083907329,1.032703819
16,225,211318720,67,0.469331802,0.142569640,0.083907329,1.051638378
19,225,211318720,67,0.635595755,0.142569640,0.083907329,1.248029419
13,225,211318720,67,0.670439746,0.142569640,0.083907329,1.354074495
11,225,211318720,67,0.694847525,0.142569640,0.083907329,1.439709057
10,225,211318720,67,0.756670836,0.142569640,0.083907329,1.691223010
4,225,211318720,67,0.781082769,0.142569640,0.083907329,1.773679735
14,225,211318720,67,0.809045384,0.142569640,0.083907329,1.840922052
1,225,211318720,67,0.823874673,0.142569640,0.083907329,1.866470274
27,225,211318720,67,0.832820764,0.142569640,0.083907329,1.876084031
30,225,211318720,67,0.867005483,0.142569640,0.083907329,1.896605211
26,225,211318720,67,0.998676963,0.142569640,0.083907329,1.991213657
7,225,211318720,67,1.076130101,0.142569640,0.083907329,2.021541611
25,225,211318720,67,1.436765414,0.142569640,0.083907329,2.054539484
6,225,211318720,67,0.397487178,0.142569640,0.083907329,3.096339004
29,225,211318720,67,1.522868244,0.142569640,0.083907329,2.087744651
12,225,211318720,67,1.934453384,0.142569640,0.083907329,2.062876849
24,225,211318720,67,2.241835908,0.142569640,0.083907329,2.070751541
18,225,211318720,67,2.387739789,0.142569640,0.083907329,2.125318406
8,225,211318720,67,0.769230066,0.142569640,0.083907329,3.857659517
20,225,211318720,67,2.580293565,0.142569640,0.083907329,2.071767248
25,226,211318720,67,0.205499149,0.142569640,0.002243493,0.122432885
12,226,211318720,67,0.294632521,0.142569640,0.002243493,0.435546255
26,226,211318720,67,0.301447636,0.142569640,0.002243493,0.465466310
24,226,211318720,67,0.346780912,0.142569640,0.002243493,0.647605401
7,226,211318720,67,0.357859759,0.142569640,0.002243493,0.688725011
18,226,211318720,67,0.384275535,0.142569640,0.002243493,0.771937943
27,226,211318720,67,0.393703093,0.142569640,0.002243493,0.800521714
10,226,211318720,67,0.405338182,0.142569640,0.002243493,0.828314857
19,226,211318720,67,0.406314018,0.142569640,0.002243493,0.830082121
23,226,211318720,67,0.469100688,0.142569640,0.002243493,0.938128476
14,226,211318720,67,0.522957550,0.142569640,0.002243493,1.020978089
15,226,211318720,67,0.549024150,0.142569640,0.002243493,1.095633144
28,226,211318720,67,0.635595755,0.142569640,0.002243493,1.315994897
5,226,211318720,67,0.656366503,0.142569640,0.002243493,1.366044260
9,226,211318720,67,0.668942036,0.142569640,0.002243493,1.388204314
2,226,211318720,67,0.670439746,0.142569640,0.002243493,1.389769797
30,226,211318720,67,0.757188691,0.142569640,0.002243493,1.473586513
1,226,211318720,67,0.823874673,0.142569640,0.002243493,1.531185509
17,226,211318720,67,0.917862357,0.142569640,0.002243493,1.638541434
22,226,211318720,67,1.007648939,0.142569640,0.002243493,1.732784362
16,226,211318720,67,1.009629524,0.142569640,0.002243493,1.733143798
29,226,211318720,67,1.163510533,0.142569640,0.002243493,1.912915029
3,226,211318720,67,1.205968091,0.142569640,0.002243493,1.984858978
20,226,211318720,67,1.241069629,0.142569640,0.002243493,2.021702784
13,226,211318720,67,1.278350893,0.142569640,0.002243493,2.036526443
6,226,211318720,67,2.036967590,0.142569640,0.002243493,1.917726866
4,226,211318720,67,2.241835908,0.142569640,0.002243493,2.047140979
8,226,211318720,67,2.242581386,0.142569640,0.002243493,2.047504119
11,226,211318720,67,2.580293565,0.142569640,0.002243493,2.045641494
21,226,211318720,67,2.851214341,0.142569640,0.002243493,1.968516011
28,227,211318720,67,0.333771051,0.142569640,0.014312080,0.615866784
11,227,211318720,67,0.340022068,0.142569640,0.014312080,0.643370631
20,227,211318720,67,0.344720398,0.142569640,0.014312080,0.660740272
24,227,211318720,67,0.346780912,0.142569640,0.014312080,0.667037231
19,227,211318720,67,0.347471629,0.142569640,0.014312080,0.668721266
15,227,211318720,67,0.349695505,0.142569640,0.014312080,0.672650006
16,227,211318720,67,0.357859759,0.142569640,0.014312080,0.681519260
2,227,211318720,67,0.406841767,0.142569640,0.014312080,0.738256263
3,227,211318720,67,0.519929897,0.142569640,0.014312080,0.913884117
12,227,211318720,67,0.522957550,0.142569640,0.014312080,0.917068076
8,227,211318720,67,0.578321737,0.142569640,0.014312080,0.943005804
21,227,211318720,67,0.714799086,0.142569640,0.014312080,1.144389789
22,227,211318720,67,0.737146514,0.142569640,0.014312080,1.182664824
27,227,211318720,67,0.764463287,0.142569640,0.014312080,1.211657728
10,227,211318720,67,0.846862281,0.142569640,0.014312080,1.276313525
25,227,211318720,67,1.102987746,0.142569640,0.014312080,1.458826689
18,227,211318720,67,1.241069629,0.142569640,0.014312080,1.631509596
26,227,211318720,67,1.284436966,0.142569640,0.014312080,1.676463593
14,227,211318720,67,1.304662576,0.142569640,0.014312080,1.684619422
5,227,211318720,67,1.509114459,0.142569640,0.014312080,1.722673773
9,227,211318720,67,1.657194393,0.142569640,0.014312080,1.776703840
13,227,211318720,67,1.973971545,0.142569640,0.014312080,1.834092571
1,227,211318720,67,2.036967590,0.142569640,0.014312080,1.922064743
29,227,211318720,67,2.122991969,0.142569640,0.014312080,2.075449125
30,227,211318720,67,2.141684867,0.142569640,0.014312080,2.107786805
17,227,211318720,67,2.194425436,0.142569640,0.014312080,2.161944705
4,227,211318720,67,2.241835908,0.142569640,0.014312080,2.180656923
6,227,211318720,67,0.940637450,0.142569640,0.014312080,3.513544521
7,227,211318720,67,2.500940347,0.142569640,0.014312080,2.108453233
23,227,211318720,67,1.077776804,0.142569640,0.014312080,3.533883514
28,228,211318720,67,0.205499149,0.142569640,0.005443604,0.234316196
26,228,211318720,67,0.217175369,0.142569640,0.005443604,0.271123762
17,228,211318720,67,0.262618358,0.142569640,0.005443604,0.412190650
4,228,211318720,67,0.310267843,0.142569640,0.005443604,0.585213373
1,228,211318720,67,0.333771051,0.142569640,0.005443604,0.657542632
2,228,211318720,67,0.347471629,0.142569640,0.005443604,0.689930450
27,228,211318720,67,0.357859759,0.142569640,0.005443604,0.713729866
8,228,211318720,67,0.411648825,0.142569640,0.005443604,0.798695531
7,228,211318720,67,0.491628020,0.142569640,0.005443604,0.830655284
20,228,211318720,67,0.656366503,0.142569640,0.005443604,1.090662216
19,228,211318720,67,0.668942036,0.142569640,0.005443604,1.120429016
18,228,211318720,67,0.689012139,0.142569640,0.005443604,1.165721669
5,228,211318720,67,0.764463287,0.142569640,0.005443604,1.287396919
15,228,211318720,67,0.815600578,0.142569640,0.005443604,1.306298464
29,228,211318720,67,0.984046731,0.142569640,0.005443604,1.646970694
24,228,211318720,67,0.990430268,0.142569640,0.005443604,1.661508688
13,228,211318720,67,0.999831002,0.142569640,0.005443604,1.677592707
22,228,211318720,67,1.021439625,0.142569640,0.005443604,1.700761675
16,228,211318720,67,1.055621497,0.142569640,0.005443604,1.720113190
9,228,211318720,67,1.188858293,0.142569640,0.005443604,1.772052844
11,228,211318720,67,0.402068091,0.142569640,0.005443604,2.624096843
23,228,211318720,67,1.349170437,0.142569640,0.005443604,1.938640227
6,228,211318720,67,1.414402113,0.142569640,0.005443604,2.050777185
12,228,211318720,67,1.436765414,0.142569640,0.005443604,2.073655305
30,228,211318720,67,1.450159241,0.142569640,0.005443604,2.080013275
14,228,211318720,67,1.591305991,0.142569640,0.005443604,2.133364407
10,228,211318720,67,0.752566429,0.142569640,0.005443604,3.412649176
3,228,211318720,67,2.070019088,0.142569640,0.005443604,2.142956605
25,228,211318720,67,2.141684867,0.142569640,0.005443604,2.170943441
21,228,211318720,67,2.452082856,0.142569640,0.005443604,2.083114167
26,229,211318720,67,0.217175369,0.142569640,0.020499934,0.066495685
17,229,211318720,67,0.345303952,0.142569640,0.020499934,0.401314684
23,229,211318720,67,0.357826991,0.142569640,0.020499934,0.439102663
4,229,211318720,67,0.391378383,0.142569640,0.020499934,0.518514842
8,229,211318720,67,0.401123492,0.142569640,0.020499934,0.535508278
5,229,211318720,67,0.420513033,0.142569640,0.020499934,0.555925839
29,229,211318720,67,0.434572014,0.142569640,0.020499934,0.561796127
28,229,211318720,67,0.695802929,0.142569640,0.020499934,0.869565483
12,229,211318720,67,0.698254705,0.142569640,0.020499934,0.880423668
30,229,211318720,67,0.752566429,0.142569640,0.020499934,1.082816278
25,229,211318720,67,0.757188691,0.142569640,0.020499934,1.096011114
13,229,211318720,67,0.781082769,0.142569640,0.020499934,1.152908455
2,229,211318720,67,0.799520819,0.142569640,0.020499934,1.185343479
19,229,211318720,67,0.822082714,0.142569640,0.020499934,1.236907527
14,229,211318720,67,0.828887397,0.142569640,0.020499934,1.250007831
21,229,211318720,67,0.940637450,0.142569640,0.020499934,1.598119547
1,229,211318720,67,0.945577756,0.142569640,0.020499934,1.612695418
20,229,211318720,67,0.969201848,0.142569640,0.020499934,1.668422922
16,229,211318720,67,0.984046731,0.142569640,0.020499934,1.693876660
22,229,211318720,67,1.009629524,0.142569640,0.020499934,1.720978399
9,229,211318720,67,1.021439625,0.142569640,0.020499934,1.725699686
3,229,211318720,67,1.183831296,0.142569640,0.020499934,1.888360635
6,229,211318720,67,1.205968091,0.142569640,0.020499934,1.911992621
10,229,211318720,67,1.278350893,0.142569640,0.020499934,1.993009976
7,229,211318720,67,1.349170437,0.142569640,0.020499934,2.112843210
27,229,211318720,67,1.414402113,0.142569640,0.020499934,2.181631554
24,229,211318720,67,1.423528796,0.142569640,0.020499934,2.185442695
11,229,211318720,67,1.657194393,0.142569640,0.020499934,2.214477731
15,229,211318720,67,2.502933016,0.142569640,0.020499934,2.073945156
18,229,211318720,67,2.610934393,0.142569640,0.020499934,2.043637125
22,230,211318720,67,0.299654210,0.142569640,0.000769965,0.420998625
21,230,211318720,67,0.301447636,0.142569640,0.000769965,0.430171796
30,230,211318720,67,0.352250991,0.142569640,0.000769965,0.651015361
23,230,211318720,67,0.366496772,0.142569640,0.000769965,0.694479138
7,230,211318720,67,0.387058100,0.142569640,0.000769965,0.752764952
25,230,211318720,67,0.405338182,0.142569640,0.000769965,0.796756120
12,230,211318720,67,0.406314018,0.142569640,0.000769965,0.798432472
5,230,211318720,67,0.420281467,0.142569640,0.000769965,0.813102867
13,230,211318720,67,0.515830983,0.142569640,0.000769965,0.851912604
28,230,211318720,67,0.687056158,0.142569640,0.000769965,1.045432519
24,230,211318720,67,0.799520819,0.142569640,0.000769965,1.313854184
3,230,211318720,67,0.806589981,0.142569640,0.000769965,1.328551911
11,230,211318720,67,0.809045384,0.142569640,0.000769965,1.332767957
16,230,211318720,67,0.823874673,0.142569640,0.000769965,1.348577184
6,230,211318720,67,0.945577756,0.142569640,0.000769965,1.551207245
29,230,211318720,67,0.969201848,0.142569640,0.000769965,1.592005200
18,230,211318720,67,0.984046731,0.142569640,0.000769965,1.607727664
27,230,211318720,67,0.349695505,0.142569640,0.000769965,2.324116121
19,230,211318720,67,1.077776804,0.142569640,0.000769965,1.666700557
4,230,211318720,67,1.188858293,0.142569640,0.000769965,1.807077328
14,230,211318720,67,1.235957661,0.142569640,0.000769965,1.875801506
15,230,211318720,67,1.278350893,0.142569640,0.000769965,1.919731464
9,230,211318720,67,1.349170437,0.142569640,0.000769965,1.992752250
1,230,211318720,67,1.423528796,0.142569640,0.000769965,2.020504006
8,230,211318720,67,1.591305991,0.142569640,0.000769965,2.069279903
10,230,211318720,67,0.670439746,0.142569640,0.000769965,3.071727628
26,230,211318720,67,1.934453384,0.142569640,0.000769965,2.071870947
20,230,211318720,67,2.070019088,0.142569640,0.000769965,2.125308206
2,230,211318720,67,2.280323170,0.142569640,0.000769965,2.162944633
17,230,211318720,67,2.387739789,0.142569640,0.000769965,2.132449100
30,231,211318720,67,0.218636321,0.142569640,0.011941456,0.242536412
25,231,211318720,67,0.262618358,0.142569640,0.011941456,0.402985482
20,231,211318720,67,0.281178980,0.142569640,0.011941456,0.471223197
14,231,211318720,67,0.333771051,0.142569640,0.011941456,0.612719967
21,231,211318720,67,0.344720398,0.142569640,0.011941456,0.638875787
11,231,211318720,67,0.367044128,0.142569640,0.011941456,0.678748173
8,231,211318720,67,0.406841767,0.142569640,0.011941456,0.747942049
15,231,211318720,67,0.471067229,0.142569640,0.011941456,0.814402296
22,231,211318720,67,0.507433692,0.142569640,0.011941456,0.837881245
13,231,211318720,67,0.635595755,0.142569640,0.011941456,1.035112531
29,231,211318720,67,0.668942036,0.142569640,0.011941456,1.137431305
26,231,211318720,67,0.752566429,0.142569640,0.011941456,1.445766124
28,231,211318720,67,0.764463287,0.142569640,0.011941456,1.474724773
24,231,211318720,67,0.822148367,0.142569640,0.011941456,1.573934320
5,231,211318720,67,0.832073278,0.142569640,0.011941456,1.584513136
10,231,211318720,67,0.846862281,0.142569640,0.011941456,1.589964332
12,231,211318720,67,0.301447636,0.142569640,0.011941456,2.158767995
4,231,211318720,67,1.101347065,0.142569640,0.011941456,1.793156515
2,231,211318720,67,1.104358980,0.142569640,0.011941456,1.800173956
17,231,211318720,67,1.163510533,0.142569640,0.011941456,1.910957245
9,231,211318720,67,1.205968091,0.142569640,0.011941456,1.985438343
18,231,211318720,67,1.235957661,0.142569640,0.011941456,2.017773519
19,231,211318720,67,1.294309936,0.142569640,0.011941456,2.040034845
3,231,211318720,67,1.591305991,0.142569640,0.011941456,2.051424597
27,231,211318720,67,1.772163784,0.142569640,0.011941456,2.094729273
1,231,211318720,67,2.122991969,0.142569640,0.011941456,2.189623452
6,231,211318720,67,0.737725058,0.142569640,0.011941456,3.596277123
16,231,211318720,67,0.747118578,0.142569640,0.011941456,3.633084790
7,231,211318720,67,2.610934393,0.142569640,0.011941456,2.051668167
23,231,211318720,67,2.036967590,0.142569640,0.011941456,2.707916331
11,232,211318720,67,0.294632521,0.142569640,0.119182296,0.275480483
28,232,211318720,67,0.328114621,0.142569640,0.119182296,0.401337847
7,232,211318720,67,0.402068091,0.142569640,0.119182296,0.677837500
25,232,211318720,67,0.405338182,0.142569640,0.119182296,0.689604559
24,232,211318720,67,0.406314018,0.142569640,0.119182296,0.692509431
30,232,211318720,67,0.406841767,0.142569640,0.119182296,0.693809487
13,232,211318720,67,0.469100688,0.142569640,0.119182296,0.800827576
17,232,211318720,67,0.515830983,0.142569640,0.119182296,0.844435973
5,232,211318720,67,0.668942036,0.142569640,0.119182296,1.145002519
19,232,211318720,67,0.695802929,0.142569640,0.119182296,1.249063714
14,232,211318720,67,0.698254705,0.142569640,0.119182296,1.258481216
16,232,211318720,67,0.737725058,0.142569640,0.119182296,1.378018272
27,232,211318720,67,0.769230066,0.142569640,0.119182296,1.452914214
4,232,211318720,67,0.790535894,0.142569640,0.119182296,1.489351677
23,232,211318720,67,0.802276566,0.142569640,0.119182296,1.504423237
1,232,211318720,67,0.832073278,0.142569640,0.119182296,1.535277690
20,232,211318720,67,0.340022068,0.142569640,0.119182296,2.033250503
8,232,211318720,67,0.940637450,0.142569640,0.119182296,1.617806322
15,232,211318720,67,1.021439625,0.142569640,0.119182296,1.691865087
9,232,211318720,67,1.101347065,0.142569640,0.119182296,1.780568455
2,232,211318720,67,1.165294969,0.142569640,0.119182296,1.869260007
29,232,211318720,67,1.235957661,0.142569640,0.119182296,1.943127320
21,232,211318720,67,1.973971545,0.142569640,0.119182296,1.854722683
22,232,211318720,67,2.241835908,0.142569640,0.119182296,1.970790583
26,232,211318720,67,2.452082856,0.142569640,0.119182296,2.069896276
3,232,211318720,67,2.500940347,0.142569640,0.119182296,2.089481283
10,232,211318720,67,2.851214341,0.142569640,0.119182296,1.988468110
18,232,211318720,67,1.278350893,0.142569640,0.119182296,3.581725326
6,232,211318720,67,0.507433692,0.142569640,0.119182296,4.361373565
12,232,211318720,67,2.242581386,0.142569640,0.119182296,2.666862333
21,233,211318720,67,0.217175369,0.142569640,0.022654779,0.170436648
6,233,211318720,67,0.218636321,0.142569640,0.022654779,0.172932450
23,233,211318720,67,0.340840754,0.142569640,0.022654779,0.408683777
27,233,211318720,67,0.346780912,0.142569640,0.022654779,0.422516538
16,233,211318720,67,0.420281467,0.142569640,0.022654779,0.649388982
26,233,211318720,67,0.469100688,0.142569640,0.022654779,0.765703515
12,233,211318720,67,0.491628020,0.142569640,0.022654779,0.805235192
22,233,211318720,67,0.507433692,0.142569640,0.022654779,0.821627385
4,233,211318720,67,0.519929897,0.142569640,0.022654779,0.830670849
18,233,211318720,67,0.656366503,0.142569640,0.022654779,1.023569520
1,233,211318720,67,0.746840162,0.142569640,0.022654779,1.457333509
28,233,211318720,67,0.764463287,0.142569640,0.022654779,1.546129707
20,233,211318720,67,0.781082769,0.142569640,0.022654779,1.619290533
9,233,211318720,67,0.802276566,0.142569640,0.022654779,1.697846378
17,233,211318720,67,0.806589981,0.142569640,0.022654779,1.713579828
14,233,211318720,67,0.822082714,0.142569640,0.022654779,1.768791642
13,233,211318720,67,0.828887397,0.142569640,0.022654779,1.789248744
2,233,211318720,67,0.832073278,0.142569640,0.022654779,1.796755803
3,233,211318720,67,0.867005483,0.142569640,0.022654779,1.856739325
15,233,211318720,67,0.945577756,0.142569640,0.022654779,1.981575030
25,233,211318720,67,0.952025692,0.142569640,0.022654779,1.987845846
8,233,211318720,67,1.024237500,0.142569640,0.022654779,2.016847013
19,233,211318720,67,0.402068091,0.142569640,0.022654779,2.670501051
24,233,211318720,67,1.165294969,0.142569640,0.022654779,2.082772610
29,233,211318720,67,1.289231248,0.142569640,0.022654779,2.186900519
5,233,211318720,67,1.349170437,0.142569640,0.022654779,2.246735166
11,233,211318720,67,1.436765414,0.142569640,0.022654779,2.278987204
30,233,211318720,67,0.695802929,0.142569640,0.022654779,3.379863829
10,233,211318720,67,2.500940347,0.142569640,0.022654779,2.077403185
7,233,211318720,67,2.580293565,0.142569640,0.022654779,2.055098911
10,234,211318720,67,0.309103827,0.142569640,0.056507114,0.375498615
13,234,211318720,67,0.349695505,0.142569640,0.056507114,0.595069481
15,234,211318720,67,0.357826991,0.142569640,0.056507114,0.637573687
19,234,211318720,67,0.367044128,0.142569640,0.056507114,0.683890208
5,234,211318720,67,0.401123492,0.142569640,0.056507114,0.834179903
24,234,211318720,67,0.402068091,0.142569640,0.056507114,0.837656278
9,234,211318720,67,0.406314018,0.142569640,0.056507114,0.850589059
27,234,211318720,67,0.411648825,0.142569640,0.056507114,0.863617415
26,234,211318720,67,0.434572014,0.142569640,0.056507114,0.903004433
28,234,211318720,67,0.471067229,0.142569640,0.056507114,0.941465662
25,234,211318720,67,0.497832446,0.142569640,0.056507114,0.952422499
14,234,211318720,67,0.656366503,0.142569640,0.056507114,1.163176734
11,234,211318720,67,0.670439746,0.142569640,0.056507114,1.197933953
16,234,211318720,67,0.689012139,0.142569640,0.056507114,1.255146619
22,234,211318720,67,0.799520819,0.142569640,0.056507114,1.593277150
4,234,211318720,67,0.802276566,0.142569640,0.056507114,1.600120441
1,234,211318720,67,0.806589981,0.142569640,0.056507114,1.607243806
6,234,211318720,67,0.819719265,0.142569640,0.056507114,1.621396066
29,234,211318720,67,0.823874673,0.142569640,0.056507114,1.623169060
21,234,211318720,67,1.024237500,0.142569640,0.056507114,1.730076663
23,234,211318720,67,1.065657761,0.142569640,0.056507114,1.777828102
18,234,211318720,67,1.183831296,0.142569640,0.056507114,1.957363049
3,234,211318720,67,1.185253134,0.142569640,0.056507114,1.958847110
7,234,211318720,67,1.241069629,0.142569640,0.056507114,1.980075989
12,234,211318720,67,2.070019088,0.142569640,0.056507114,1.885551021
2,234,211318720,67,2.141684867,0.142569640,0.056507114,1.969502236
20,234,211318720,67,2.241835908,0.142569640,0.056507114,2.129268179
17,234,211318720,67,2.242581386,0.142569640,0.056507114,2.130022136
8,234,211318720,67,2.303361475,0.142569640,0.056507114,2.153858745
30,234,211318720,67,2.580293565,0.142569640,0.056507114,2.076172293
2,235,211318720,67,0.272776191,0.142569640,0.077959076,0.251932020
21,235,211318720,67,0.281178980,0.142569640,0.077959076,0.279742242
28,235,211318720,67,0.331927073,0.142569640,0.077959076,0.462673630
6,235,211318720,67,0.357826991,0.142569640,0.077959076,0.548091596
9,235,211318720,67,0.402068091,0.142569640,0.077959076,0.683928080
10,235,211318720,67,0.420513033,0.142569640,0.077959076,0.718952697
22,235,211318720,67,0.434572014,0.142569640,0.077959076,0.734002439
4,235,211318720,67,0.491628020,0.142569640,0.077959076,0.756118161
20,235,211318720,67,0.635595755,0.142569640,0.077959076,0.942481235
12,235,211318720,67,0.656366503,0.142569640,0.077959076,0.978164980
19,235,211318720,67,0.737146514,0.142569640,0.077959076,1.134782827
29,235,211318720,67,0.747118578,0.142569640,0.077959076,1.151836092
16,235,211318720,67,0.828887397,0.142569640,0.077959076,1.251627658
5,235,211318720,67,0.941278721,0.142569640,0.077959076,1.475682219
23,235,211318720,67,0.990430268,0.142569640,0.077959076,1.613668093
7,235,211318720,67,0.998676963,0.142569640,0.077959076,1.633352423
18,235,211318720,67,0.999831002,0.142569640,0.077959076,1.635231398
1,235,211318720,67,1.077776804,0.142569640,0.077959076,1.726325541
3,235,211318720,67,1.102987746,0.142569640,0.077959076,1.753668582
26,235,211318720,67,0.406841767,0.142569640,0.077959076,2.522721453
25,235,211318720,67,1.205812777,0.142569640,0.077959076,1.793346185
24,235,211318720,67,1.509114459,0.142569640,0.077959076,1.803345619
17,235,211318720,67,1.772163784,0.142569640,0.077959076,1.826720643
14,235,211318720,67,0.822082714,0.142569640,0.077959076,3.048912569
27,235,211318720,67,2.241835908,0.142569640,0.077959076,1.859127530
8,235,211318720,67,2.280323170,0.142569640,0.077959076,1.896791920
15,235,211318720,67,2.387739789,0.142569640,0.077959076,1.958603027
13,235,211318720,67,2.500940347,0.142569640,0.077959076,2.048294456
30,235,211318720,67,2.575342822,0.142569640,0.077959076,2.076895663
11,235,211318720,67,2.656838111,0.142569640,0.077959076,2.053673328
18,236,211318720,67,0.340022068,0.142569640,0.020928178,0.539968263
4,236,211318720,67,0.344720398,0.142569640,0.020928178,0.563979068
3,236,211318720,67,0.347471629,0.142569640,0.020928178,0.576224753
16,236,211318720,67,0.384120181,0.142569640,0.020928178,0.735859384
2,236,211318720,67,0.384275535,0.142569640,0.020928178,0.736570690
20,236,211318720,67,0.393703093,0.142569640,0.020928178,0.771576987
5,236,211318720,67,0.402068091,0.142569640,0.020928178,0.797465810
19,236,211318720,67,0.406314018,0.142569640,0.020928178,0.807674615
7,236,211318720,67,0.469100688,0.142569640,0.020928178,0.916588920
21,236,211318720,67,0.496683722,0.142569640,0.020928178,0.948617470
1,236,211318720,67,0.522957550,0.142569640,0.020928178,0.975762269
25,236,211318720,67,0.635595755,0.142569640,0.020928178,1.189988977
17,236,211318720,67,0.689012139,0.142569640,0.020928178,1.431812694
9,236,211318720,67,0.695802929,0.142569640,0.020928178,1.470517680
8,236,211318720,67,0.737146514,0.142569640,0.020928178,1.679417739
22,236,211318720,67,0.756670836,0.142569640,0.020928178,1.765226378
23,236,211318720,67,0.764463287,0.142569640,0.020928178,1.794134949
6,236,211318720,67,0.769230066,0.142569640,0.020928178,1.808836130
28,236,211318720,67,0.790535894,0.142569640,0.020928178,1.859614346
14,236,211318720,67,0.815600578,0.142569640,0.020928178,1.906427319
15,236,211318720,67,0.823874673,0.142569640,0.020928178,1.920895078
10,236,211318720,67,0.832073278,0.142569640,0.020928178,1.929398291
26,236,211318720,67,0.952025692,0.142569640,0.020928178,1.975618640
11,236,211318720,67,1.183831296,0.142569640,0.020928178,2.178719490
29,236,211318720,67,1.188858293,0.142569640,0.020928178,2.183850680
13,236,211318720,67,1.205812777,0.142569640,0.020928178,2.189752288
27,236,211318720,67,1.450159241,0.142569640,0.020928178,2.219171254
24,236,211318720,67,2.036967590,0.142569640,0.020928178,2.145097610
12,236,211318720,67,2.851214341,0.142569640,0.020928178,2.015440790
30,236,211318720,67,3.411740796,0.142569640,0.020928178,1.952100159
11,237,211318720,67,0.205499149,0.142569640,0.000468730,0.199535780
14,237,211318720,67,0.291309717,0.142569640,0.000468730,0.635754388
18,237,211318720,67,0.294632521,0.142569640,0.000468730,0.656985462
3,237,211318720,67,0.299654210,0.142569640,0.000468730,0.685487497
26,237,211318720,67,0.309103827,0.142569640,0.000468730,0.732946586
2,237,211318720,67,0.332457627,0.142569640,0.000468730,0.838801001
30,237,211318720,67,0.344720398,0.142569640,0.000468730,0.892828454
25,237,211318720,67,0.349695505,0.142569640,0.000468730,0.911351178
10,237,211318720,67,0.401123492,0.142569640,0.000468730,1.101923715
13,237,211318720,67,0.406841767,0.142569640,0.000468730,1.123125810
17,237,211318720,67,0.416831058,0.142569640,0.000468730,1.153562573
27,237,211318720,67,0.420281467,0.142569640,0.000468730,1.161530760
4,237,211318720,67,0.471067229,0.142569640,0.000468730,1.248351087
9,237,211318720,67,0.515830983,0.142569640,0.000468730,1.296371121
24,237,211318720,67,0.519929897,0.142569640,0.000468730,1.297976288
6,237,211318720,67,0.714799086,0.142569640,0.000468730,1.354994000
15,237,211318720,67,0.832073278,0.142569640,0.000468730,1.491838464
7,237,211318720,67,0.867005483,0.142569640,0.000468730,1.529005854
1,237,211318720,67,0.945577756,0.142569640,0.000468730,1.648171659
22,237,211318720,67,1.021439625,0.142569640,0.000468730,1.872210211
28,237,211318720,67,1.055621497,0.142569640,0.000468730,1.954296896
8,237,211318720,67,1.065657761,0.142569640,0.000468730,1.971446046
23,237,211318720,67,1.077776804,0.142569640,0.000468730,1.984536495
5,237,211318720,67,1.101347065,0.142569640,0.000468730,1.993880465
29,237,211318720,67,1.284436966,0.142569640,0.000468730,2.038458769
20,237,211318720,67,1.772163784,0.142569640,0.000468730,2.039725583
21,237,211318720,67,1.854731332,0.142569640,0.000468730,2.086603229
19,237,211318720,67,1.973971545,0.142569640,0.000468730,2.132948838
12,237,211318720,67,2.387739789,0.142569640,0.000468730,2.110270596
16,237,211318720,67,2.575342822,0.142569640,0.000468730,2.057852482
14,238,211318720,67,0.218636321,0.142569640,0.007654238,0.276569922
16,238,211318720,67,0.262618358,0.142569640,0.007654238,0.439252977
30,238,211318720,67,0.272776191,0.142569640,0.007654238,0.483985879
23,238,211318720,67,0.274486776,0.142569640,0.007654238,0.490345951
29,238,211318720,67,0.331808595,0.142569640,0.007654238,0.702242122
6,238,211318720,67,0.331927073,0.142569640,0.007654238,0.702609777
24,238,211318720,67,0.384275535,0.142569640,0.007654238,0.865037332
5,238,211318720,67,0.387058100,0.142569640,0.007654238,0.873642064
3,238,211318720,67,0.402068091,0.142569640,0.007654238,0.909224669
18,238,211318720,67,0.420513033,0.142569640,0.007654238,0.941071436
1,238,211318720,67,0.491628020,0.142569640,0.007654238,1.015518483
19,238,211318720,67,0.507433692,0.142569640,0.007654238,1.020631246
8,238,211318720,67,0.737725058,0.142569640,0.007654238,1.257979561
25,238,211318720,67,0.781082769,0.142569640,0.007654238,1.390502317
20,238,211318720,67,0.806589981,0.142569640,0.007654238,1.454157725
9,238,211318720,67,0.819719265,0.142569640,0.007654238,1.485446252
27,238,211318720,67,0.839853738,0.142569640,0.007654238,1.519695372
7,238,211318720,67,0.846862281,0.142569640,0.007654238,1.527269148
12,238,211318720,67,0.945577756,0.142569640,0.007654238,1.573666179
4,238,211318720,67,1.077776804,0.142569640,0.007654238,1.725422596
11,238,211318720,67,1.104358980,0.142569640,0.007654238,1.757214969
21,238,211318720,67,1.185253134,0.142569640,0.007654238,1.893843653
13,238,211318720,67,1.241069629,0.142569640,0.007654238,1.990178215
10,238,211318720,67,1.284436966,0.142569640,0.007654238,2.035176362
15,238,211318720,67,1.294309936,0.142569640,0.007654238,2.038768618
28,238,211318720,67,1.720860573,0.142569640,0.007654238,2.080399081
22,238,211318720,67,1.772163784,0.142569640,0.007654238,2.142844740
26,238,211318720,67,1.854731332,0.142569640,0.007654238,2.229815284
17,238,211318720,67,1.904038728,0.142569640,0.007654238,2.248558258
2,238,211318720,67,2.122991969,0.142569640,0.007654238,2.186665209
13,239,211318720,67,0.299654210,0.142569640,0.033522055,0.490235486
3,239,211318720,67,0.309103827,0.142569640,0.033522055,0.538088847
30,239,211318720,67,0.325376681,0.142569640,0.033522055,0.609699224
1,239,211318720,67,0.333771051,0.142569640,0.033522055,0.643169699
29,239,211318720,67,0.357826991,0.142569640,0.033522055,0.725069627
11,239,211318720,67,0.397487178,0.142569640,0.033522055,0.888916780
20,239,211318720,67,0.406841767,0.142569640,0.033522055,0.923850595
4,239,211318720,67,0.416831058,0.142569640,0.033522055,0.953956559
21,239,211318720,67,0.471067229,0.142569640,0.033522055,1.083117565
6,239,211318720,67,0.491628020,0.142569640,0.033522055,1.119013223
19,239,211318720,67,0.496683722,0.142569640,0.033522055,1.124668273
24,239,211318720,67,0.515830983,0.142569640,0.033522055,1.132089492
5,239,211318720,67,0.764463287,0.142569640,0.033522055,1.298634349
26,239,211318720,67,0.781082769,0.142569640,0.033522055,1.316208390
15,239,211318720,67,0.819719265,0.142569640,0.033522055,1.331519320
25,239,211318720,67,0.969201848,0.142569640,0.033522055,1.601769946
17,239,211318720,67,0.986327720,0.142569640,0.033522055,1.631859897
14,239,211318720,67,0.999831002,0.142569640,0.033522055,1.646282874
22,239,211318720,67,1.205968091,0.142569640,0.033522055,1.700362045
8,239,211318720,67,1.436765414,0.142569640,0.033522055,1.769052794
2,239,211318720,67,1.522868244,0.142569640,0.033522055,1.803667148
27,239,211318720,67,1.854731332,0.142569640,0.033522055,1.865232149
18,239,211318720,67,1.904038728,0.142569640,0.033522055,1.884690945
9,239,211318720,67,2.141684867,0.142569640,0.033522055,1.917356794
16,239,211318720,67,2.280323170,0.142569640,0.033522055,1.971451245
23,239,211318720,67,2.610934393,0.142569640,0.033522055,1.971597689
10,239,211318720,67,0.331808595,0.142569640,0.033522055,4.341885037
12,239,211318720,67,1.024237500,0.142569640,0.033522055,3.704553951
7,239,211318720,67,2.759003758,0.142569640,0.033522055,2.023323993
28,239,211318720,67,3.411740796,0.142569640,0.033522055,1.841729139
30,240,211318720,67,0.325376681,0.142569640,0.097740129,0.522484485
28,240,211318720,67,0.345303952,0.142569640,0.097740129,0.596634155
16,240,211318720,67,0.346780912,0.142569640,0.097740129,0.601137438
4,240,211318720,67,0.352250991,0.142569640,0.097740129,0.614372136
3,240,211318720,67,0.357826991,0.142569640,0.097740129,0.624124958
17,240,211318720,67,0.411648825,0.142569640,0.097740129,0.684110864
19,240,211318720,67,0.420773321,0.142569640,0.097740129,0.693501178
6,240,211318720,67,0.549024150,0.142569640,0.097740129,0.818263486
25,240,211318720,67,0.578321737,0.142569640,0.097740129,0.845437631
29,240,211318720,67,0.695802929,0.142569640,0.097740129,1.022205181
27,240,211318720,67,0.291309717,0.142569640,0.097740129,1.445469456
20,240,211318720,67,0.764463287,0.142569640,0.097740129,1.232420997
5,240,211318720,67,0.790535894,0.142569640,0.097740129,1.304463364
1,240,211318720,67,0.802276566,0.142569640,0.097740129,1.332872150
11,240,211318720,67,0.806589981,0.142569640,0.097740129,1.340295750
13,240,211318720,67,0.832073278,0.142569640,0.097740129,1.370337206
2,240,211318720,67,0.917862357,0.142569640,0.097740129,1.459790031
23,240,211318720,67,0.969201848,0.142569640,0.097740129,1.502662020
15,240,211318720,67,1.163510533,0.142569640,0.097740129,1.724926307
10,240,211318720,67,1.165294969,0.142569640,0.097740129,1.726927098
8,240,211318720,67,1.278350893,0.142569640,0.097740129,1.801553825
14,240,211318720,67,1.374381413,0.142569640,0.097740129,1.839850913
26,240,211318720,67,1.772163784,0.142569640,0.097740129,1.862627257
22,240,211318720,67,1.854731332,0.142569640,0.097740129,1.935558712
9,240,211318720,67,1.934453384,0.142569640,0.097740129,1.970084256
7,240,211318720,67,2.070019088,0.142569640,0.097740129,2.023537277
21,240,211318720,67,2.502933016,0.142569640,0.097740129,2.042270926
24,240,211318720,67,2.580293565,0.142569640,0.097740129,2.071660514
18,240,211318720,67,3.411740796,0.142569640,0.097740129,1.840252189
12,240,211318720,67,1.076130101,0.142569640,0.097740129,4.249585940
23,241,211318720,67,0.272776191,0.142569640,0.067130879,0.282184868
26,241,211318720,67,0.274486776,0.142569640,0.067130879,0.289408414
25,241,211318720,67,0.331927073,0.142569640,0.067130879,0.548147031
27,241,211318720,67,0.338645076,0.142569640,0.067130879,0.577265659
6,241,211318720,67,0.393703093,0.142569640,0.067130879,0.781956876
4,241,211318720,67,0.407748930,0.142569640,0.067130879,0.822888834
13,241,211318720,67,0.411648825,0.142569640,0.067130879,0.829438864
16,241,211318720,67,0.420513033,0.142569640,0.067130879,0.838883123
10,241,211318720,67,0.459292393,0.142569640,0.067130879,0.853974964
15,241,211318720,67,0.689012139,0.142569640,0.067130879,0.934340776
11,241,211318720,67,0.756670836,0.142569640,0.067130879,1.065189387
5,241,211318720,67,0.828887397,0.142569640,0.067130879,1.223981217
20,241,211318720,67,0.839853738,0.142569640,0.067130879,1.242576536
28,241,211318720,67,0.867005483,0.142569640,0.067130879,1.279391245
3,241,211318720,67,0.919655903,0.142569640,0.067130879,1.405384518
30,241,211318720,67,0.998676963,0.142569640,0.067130879,1.541777443
19,241,211318720,67,1.007648939,0.142569640,0.067130879,1.551407719
29,241,211318720,67,1.009629524,0.142569640,0.067130879,1.551935034
24,241,211318720,67,1.235957661,0.142569640,0.067130879,1.583549952
2,241,211318720,67,0.405338182,0.142569640,0.067130879,2.449499122
8,241,211318720,67,1.436765414,0.142569640,0.067130879,1.670157224
17,241,211318720,67,1.509114459,0.142569640,0.067130879,1.698223567
14,241,211318720,67,1.720860573,0.142569640,0.067130879,1.734797957
22,241,211318720,67,1.934453384,0.142569640,0.067130879,1.840089700
9,241,211318720,67,1.973971545,0.142569640,0.067130879,1.855339459
7,241,211318720,67,2.280323170,0.142569640,0.067130879,1.866184627
12,241,211318720,67,2.452082856,0.142569640,0.067130879,1.912830363
21,241,211318720,67,2.759003758,0.142569640,0.067130879,1.920809001
18,241,211318720,67,3.042432322,0.142569640,0.067130879,1.939264325
1,241,211318720,67,3.411740796,0.142569640,0.067130879,1.834272866
14,242,211318720,67,0.310267843,0.142569640,0.086656630,0.416268556
9,242,211318720,67,0.340022068,0.142569640,0.086656630,0.546332236
20,242,211318720,67,0.345303952,0.142569640,0.086656630,0.566185559
24,242,211318720,67,0.349695505,0.142569640,0.086656630,0.579609560
25,242,211318720,67,0.372439086,0.142569640,0.086656630,0.633870272
30,242,211318720,67,0.406369678,0.142569640,0.086656630,0.706958393
13,242,211318720,67,0.411648825,0.142569640,0.086656630,0.712790610
2,242,211318720,67,0.522957550,0.142569640,0.086656630,0.762654643
27,242,211318720,67,0.656366503,0.142569640,0.086656630,1.001271001
17,242,211318720,67,0.695802929,0.142569640,0.086656630,1.095465662
29,242,211318720,67,0.698254705,0.142569640,0.086656630,1.099452927
8,242,211318720,67,0.752566429,0.142569640,0.086656630,1.175064761
18,242,211318720,67,0.764463287,0.142569640,0.086656630,1.187462105
7,242,211318720,67,0.867005483,0.142569640,0.086656630,1.277658895
26,242,211318720,67,0.952025692,0.142569640,0.086656630,1.394117793
4,242,211318720,67,0.990430268,0.142569640,0.086656630,1.432791934
22,242,211318720,67,1.055621497,0.142569640,0.086656630,1.480036128
3,242,211318720,67,0.402068091,0.142569640,0.086656630,2.291417132
12,242,211318720,67,1.163510533,0.142569640,0.086656630,1.561235682
5,242,211318720,67,1.275961791,0.142569640,0.086656630,1.830159595
23,242,211318720,67,1.289231248,0.142569640,0.086656630,1.853135929
16,242,211318720,67,1.294309936,0.142569640,0.086656630,1.858642216
1,242,211318720,67,1.304662576,0.142569640,0.086656630,1.862668840
11,242,211318720,67,1.591305991,0.142569640,0.086656630,1.888752889
6,242,211318720,67,1.720860573,0.142569640,0.086656630,1.939972254
21,242,211318720,67,1.904038728,0.142569640,0.086656630,1.985385716
10,242,211318720,67,2.141684867,0.142569640,0.086656630,2.038990077
15,242,211318720,67,2.242581386,0.142569640,0.086656630,2.132421693
28,242,211318720,67,2.303361475,0.142569640,0.086656630,2.155670607
19,242,211318720,67,3.411740796,0.142569640,0.086656630,1.849116935
22,243,211318720,67,0.262618358,0.142569640,0.012778829,0.292239135
21,243,211318720,67,0.331808595,0.142569640,0.012778829,0.610167160
29,243,211318720,67,0.345303952,0.142569640,0.012778829,0.687468244
24,243,211318720,67,0.347471629,0.142569640,0.012778829,0.698584569
17,243,211318720,67,0.372439086,0.142569640,0.012778829,0.819830923
15,243,211318720,67,0.406314018,0.142569640,0.012778829,0.968339872
5,243,211318720,67,0.406841767,0.142569640,0.012778829,0.970268401
2,243,211318720,67,0.434572014,0.142569640,0.012778829,1.055370556
19,243,211318720,67,0.452040546,0.142569640,0.012778829,1.096556626
16,243,211318720,67,0.459361129,0.142569640,0.012778829,1.109252471
11,243,211318720,67,0.471067229,0.142569640,0.012778829,1.122022536
26,243,211318720,67,0.497832446,0.142569640,0.012778829,1.132484849
28,243,211318720,67,0.656366503,0.142569640,0.012778829,1.378620662
25,243,211318720,67,0.668942036,0.142569640,0.012778829,1.400326985
4,243,211318720,67,0.274486776,0.142569640,0.012778829,1.817691718
10,243,211318720,67,0.687056158,0.142569640,0.012778829,1.430738940
27,243,211318720,67,0.746840162,0.142569640,0.012778829,1.566789343
9,243,211318720,67,0.819719265,0.142569640,0.012778829,1.708017251
20,243,211318720,67,0.822148367,0.142569640,0.012778829,1.712084910
23,243,211318720,67,0.839853738,0.142569640,0.012778829,1.731043680
13,243,211318720,67,0.940637450,0.142569640,0.012778829,1.818654363
12,243,211318720,67,1.009629524,0.142569640,0.012778829,1.845727570
14,243,211318720,67,1.183831296,0.142569640,0.012778829,1.917626212
6,243,211318720,67,1.284436966,0.142569640,0.012778829,1.994675579
8,243,211318720,67,1.374381413,0.142569640,0.012778829,2.142561030
30,243,211318720,67,1.423528796,0.142569640,0.012778829,2.194308560
18,243,211318720,67,1.591305991,0.142569640,0.012778829,2.250785078
1,243,211318720,67,1.904038728,0.142569640,0.012778829,2.257377672
3,243,211318720,67,2.280323170,0.142569640,0.012778829,2.151175950
7,243,211318720,67,1.436765414,0.142569640,0.012778829,3.065407124
27,244,211318720,67,0.274486776,0.142569640,0.121035062,0.236730665
7,244,211318720,67,0.344720398,0.142569640,0.121035062,0.591761919
11,244,211318720,67,0.352250991,0.142569640,0.121035062,0.624507424
13,244,211318720,67,0.384275535,0.142569640,0.121035062,0.751051095
16,244,211318720,67,0.391378383,0.142569640,0.121035062,0.774756379
29,244,211318720,67,0.393703093,0.142569640,0.121035062,0.780334852
12,244,211318720,67,0.405338182,0.142569640,0.121035062,0.800510553
20,244,211318720,67,0.406369678,0.142569640,0.121035062,0.801608729
17,244,211318720,67,0.635595755,0.142569640,0.121035062,0.991033302
15,244,211318720,67,0.670439746,0.142569640,0.121035062,1.030540259
8,244,211318720,67,0.756670836,0.142569640,0.121035062,1.229746726
25,244,211318720,67,0.815600578,0.142569640,0.121035062,1.330921944
6,244,211318720,67,0.821650137,0.142569640,0.121035062,1.337065555
22,244,211318720,67,0.952025692,0.142569640,0.121035062,1.387075521
28,244,211318720,67,1.101347065,0.142569640,0.121035062,1.532222562
2,244,211318720,67,1.165294969,0.142569640,0.121035062,1.614145992
24,244,211318720,67,0.387058100,0.142569640,0.121035062,2.398732963
26,244,211318720,67,1.183831296,0.142569640,0.121035062,1.646054181
18,244,211318720,67,1.289231248,0.142569640,0.121035062,1.763297573
21,244,211318720,67,1.304662576,0.142569640,0.121035062,1.779772920
10,244,211318720,67,0.515830983,0.142569640,0.121035062,2.790065343
30,244,211318720,67,1.423528796,0.142569640,0.121035062,1.902377938
1,244,211318720,67,1.450159241,0.142569640,0.121035062,1.913322173
19,244,211318720,67,1.854731332,0.142569640,0.121035062,1.999462693
23,244,211318720,67,1.904038728,0.142569640,0.121035062,2.052481678
9,244,211318720,67,1.934453384,0.142569640,0.121035062,2.064535301
5,244,211318720,67,0.809045384,0.142569640,0.121035062,3.364891318
4,244,211318720,67,2.575342822,0.142569640,0.121035062,2.075914243
14,244,211318720,67,2.580293565,0.142569640,0.121035062,2.077892208
3,244,211318720,67,3.042432322,0.142569640,0.121035062,1.945217590
16,245,211318720,67,0.262618358,0.142569640,0.008695953,0.281043268
14,245,211318720,67,0.272776191,0.142569640,0.008695953,0.325192782
23,245,211318720,67,0.328114621,0.142569640,0.008695953,0.564712294
27,245,211318720,67,0.346780912,0.142569640,0.008695953,0.647116108
29,245,211318720,67,0.372439086,0.142569640,0.008695953,0.765527652
22,245,211318720,67,0.384275535,0.142569640,0.008695953,0.817120560
30,245,211318720,67,0.387058100,0.142569640,0.008695953,0.827621272
9,245,211318720,67,0.420513033,0.142569640,0.008695953,0.919264338
19,245,211318720,67,0.469100688,0.142569640,0.008695953,1.002286814
13,245,211318720,67,0.496683722,0.142569640,0.008695953,1.031839797
17,245,211318720,67,0.497832446,0.142569640,0.008695953,1.032245277
6,245,211318720,67,0.656366503,0.142569640,0.008695953,1.150894945
7,245,211318720,67,0.746840162,0.142569640,0.008695953,1.468497679
11,245,211318720,67,0.757188691,0.142569640,0.008695953,1.506518142
1,245,211318720,67,0.790535894,0.142569640,0.008695953,1.608176265
24,245,211318720,67,0.821650137,0.142569640,0.008695953,1.683443857
21,245,211318720,67,0.822148367,0.142569640,0.008695953,1.684269706
4,245,211318720,67,0.832820764,0.142569640,0.008695953,1.695715191
2,245,211318720,67,0.839853738,0.142569640,0.008695953,1.698162163
5,245,211318720,67,0.986327720,0.142569640,0.008695953,1.958000289
10,245,211318720,67,0.990430268,0.142569640,0.008695953,1.967963919
26,245,211318720,67,1.044856486,0.142569640,0.008695953,2.063240171
12,245,211318720,67,1.102987746,0.142569640,0.008695953,2.136489414
15,245,211318720,67,1.185253134,0.142569640,0.008695953,2.167745147
20,245,211318720,67,0.406314018,0.142569640,0.008695953,3.056298789
28,245,211318720,67,2.194425436,0.142569640,0.008695953,2.067761952
8,245,211318720,67,2.241835908,0.142569640,0.008695953,2.117511932
25,245,211318720,67,2.303361475,0.142569640,0.008695953,2.140624539
18,245,211318720,67,1.065657761,0.142569640,0.008695953,4.013261413
3,245,211318720,67,3.341109767,0.142569640,0.008695953,1.851867135
22,246,211318720,67,0.338645076,0.142569640,0.085056230,0.467935006
2,246,211318720,67,0.346780912,0.142569640,0.085056230,0.514282382
11,246,211318720,67,0.387058100,0.142569640,0.085056230,0.717205200
13,246,211318720,67,0.406369678,0.142569640,0.085056230,0.801184019
24,246,211318720,67,0.407748930,0.142569640,0.085056230,0.805245298
28,246,211318720,67,0.416831058,0.142569640,0.085056230,0.823446735
5,246,211318720,67,0.459292393,0.142569640,0.085056230,0.867168988
14,246,211318720,67,0.471067229,0.142569640,0.085056230,0.871776246
30,246,211318720,67,0.656366503,0.142569640,0.085056230,1.139917472
21,246,211318720,67,0.670439746,0.142569640,0.085056230,1.191522677
12,246,211318720,67,0.695802929,0.142569640,0.085056230,1.284088079
27,246,211318720,67,0.752566429,0.142569640,0.085056230,1.494645858
18,246,211318720,67,0.756670836,0.142569640,0.085056230,1.507442256
8,246,211318720,67,0.781082769,0.142569640,0.085056230,1.565079325
7,246,211318720,67,0.799520819,0.142569640,0.085056230,1.597505500
10,246,211318720,67,0.822082714,0.142569640,0.085056230,1.636417303
19,246,211318720,67,0.832073278,0.142569640,0.085056230,1.646902128
23,246,211318720,67,0.940637450,0.142569640,0.085056230,1.752099092
29,246,211318720,67,0.990430268,0.142569640,0.085056230,1.772156171
6,246,211318720,67,1.188858293,0.142569640,0.085056230,1.874961739
3,246,211318720,67,0.405338182,0.142569640,0.085056230,2.705739623
1,246,211318720,67,1.241069629,0.142569640,0.085056230,1.895856637
26,246,211318720,67,0.411648825,0.142569640,0.085056230,2.741082597
4,246,211318720,67,1.414402113,0.142569640,0.085056230,2.012537415
20,246,211318720,67,1.450159241,0.142569640,0.085056230,2.026593796
9,246,211318720,67,2.070019088,0.142569640,0.085056230,1.944152916
15,246,211318720,67,2.452082856,0.142569640,0.085056230,1.952937925
16,246,211318720,67,2.575342822,0.142569640,0.085056230,2.082679375
17,246,211318720,67,2.580293565,0.142569640,0.085056230,2.084588029
25,246,211318720,67,2.610934393,0.142569640,0.085056230,2.075864485
24,247,211318720,67,0.291309717,0.142569640,0.006018669,0.416266948
23,247,211318720,67,0.328114621,0.142569640,0.006018669,0.628017810
8,247,211318720,67,0.331927073,0.142569640,0.006018669,0.652168857
9,247,211318720,67,0.346780912,0.142569640,0.006018669,0.737310686
25,247,211318720,67,0.367044128,0.142569640,0.006018669,0.848477688
5,247,211318720,67,0.372439086,0.142569640,0.006018669,0.875962127
19,247,211318720,67,0.384120181,0.142569640,0.006018669,0.926616842
13,247,211318720,67,0.397487178,0.142569640,0.006018669,0.976905431
26,247,211318720,67,0.406369678,0.142569640,0.006018669,1.003819184
28,247,211318720,67,0.430501742,0.142569640,0.006018669,1.060878112
30,247,211318720,67,0.469331802,0.142569640,0.006018669,1.126520403
6,247,211318720,67,0.471067229,0.142569640,0.006018669,1.128399312
7,247,211318720,67,0.752566429,0.142569640,0.006018669,1.163067382
21,247,211318720,67,0.919655903,0.142569640,0.006018669,1.246294186
16,247,211318720,67,1.009629524,0.142569640,0.006018669,1.364104974
17,247,211318720,67,1.076130101,0.142569640,0.006018669,1.470855789
12,247,211318720,67,1.104358980,0.142569640,0.006018669,1.501128065
20,247,211318720,67,1.163510533,0.142569640,0.006018669,1.531608931
4,247,211318720,67,1.294309936,0.142569640,0.006018669,1.641585130
11,247,211318720,67,1.349170437,0.142569640,0.006018669,1.698480801
1,247,211318720,67,1.436765414,0.142569640,0.006018669,1.778843729
10,247,211318720,67,1.509114459,0.142569640,0.006018669,1.806154624
2,247,211318720,67,0.497832446,0.142569640,0.006018669,2.940873274
18,247,211318720,67,2.487518451,0.142569640,0.006018669,1.796018236
27,247,211318720,67,2.500940347,0.142569640,0.006018669,1.810367343
14,247,211318720,67,2.502933016,0.142569640,0.006018669,1.811217244
29,247,211318720,67,2.656838111,0.142569640,0.006018669,1.861945176
22,247,211318720,67,3.042432322,0.142569640,0.006018669,1.847496165
3,247,211318720,67,3.341109767,0.142569640,0.006018669,1.857496884
15,247,211318720,67,3.411740796,0.142569640,0.006018669,1.837352535
17,248,211318720,67,0.205499149,0.142569640,0.100319698,0.092656313
28,248,211318720,67,0.310267843,0.142569640,0.100319698,0.532958895
7,248,211318720,67,0.331927073,0.142569640,0.100319698,0.660065420
21,248,211318720,67,0.344720398,0.142569640,0.100319698,0.733155330
6,248,211318720,67,0.372439086,0.142569640,0.100319698,0.894616690
19,248,211318720,67,0.384120181,0.142569640,0.100319698,0.960978328
22,248,211318720,67,0.387058100,0.142569640,0.100319698,0.975944628
16,248,211318720,67,0.401427962,0.142569640,0.100319698,1.038854632
29,248,211318720,67,0.406314018,0.142569640,0.100319698,1.057179502
4,248,211318720,67,0.406841767,0.142569640,0.100319698,1.058751575
24,248,211318720,67,0.420773321,0.142569640,0.100319698,1.091461940
15,248,211318720,67,0.469331802,0.142569640,0.100319698,1.176324149
13,248,211318720,67,0.491628020,0.142569640,0.100319698,1.199445789
30,248,211318720,67,0.507433692,0.142569640,0.100319698,1.206102606
18,248,211318720,67,0.737725058,0.142569640,0.100319698,1.390703368
26,248,211318720,67,0.757188691,0.142569640,0.100319698,1.424078642
20,248,211318720,67,0.821650137,0.142569640,0.100319698,1.504363651
10,248,211318720,67,0.832073278,0.142569640,0.100319698,1.515015021
3,248,211318720,67,0.945577756,0.142569640,0.100319698,1.692761675
23,248,211318720,67,0.986327720,0.142569640,0.100319698,1.789788750
11,248,211318720,67,1.021439625,0.142569640,0.100319698,1.850145519
12,248,211318720,67,1.065657761,0.142569640,0.100319698,1.896305385
25,248,211318720,67,1.076130101,0.142569640,0.100319698,1.900655825
8,248,211318720,67,1.235957661,0.142569640,0.100319698,1.950233832
14,248,211318720,67,1.414402113,0.142569640,0.100319698,1.996040167
27,248,211318720,67,1.973971545,0.142569640,0.100319698,2.014601485
2,248,211318720,67,2.036967590,0.142569640,0.100319698,2.117934965
1,248,211318720,67,2.070019088,0.142569640,0.100319698,2.152397089
9,248,211318720,67,2.122991969,0.142569640,0.100319698,2.172847278
5,248,211318720,67,2.241835908,0.142569640,0.100319698,2.248008864
27,249,211318720,67,0.272776191,0.142569640,0.172966063,0.556392406
11,249,211318720,67,0.274486776,0.142569640,0.172966063,0.569671819
28,249,211318720,67,0.301447636,0.142569640,0.172966063,0.759948926
3,249,211318720,67,0.309103827,0.142569640,0.172966063,0.808213921
30,249,211318720,67,0.338645076,0.142569640,0.172966063,1.011160085
16,249,211318720,67,0.340022068,0.142569640,0.172966063,1.020040044
6,249,211318720,67,0.340840754,0.142569640,0.172966063,1.024767517
26,249,211318720,67,0.346780912,0.142569640,0.172966063,1.054575603
17,249,211318720,67,0.384275535,0.142569640,0.172966063,1.218863022
23,249,211318720,67,0.387058100,0.142569640,0.172966063,1.229234063
18,249,211318720,67,0.397487178,0.142569640,0.172966063,1.260955867
4,249,211318720,67,0.405338182,0.142569640,0.172966063,1.279655422
5,249,211318720,67,0.406314018,0.142569640,0.172966063,1.281414278
20,249,211318720,67,0.452040546,0.142569640,0.172966063,1.330048668
13,249,211318720,67,0.459292393,0.142569640,0.172966063,1.332977955
22,249,211318720,67,0.737725058,0.142569640,0.172966063,1.562853379
29,249,211318720,67,0.747118578,0.142569640,0.172966063,1.585363682
15,249,211318720,67,0.802276566,0.142569640,0.172966063,1.683205334
14,249,211318720,67,0.809045384,0.142569640,0.172966063,1.695282519
21,249,211318720,67,0.846862281,0.142569640,0.172966063,1.735442259
24,249,211318720,67,0.941278721,0.142569640,0.172966063,1.875371071
7,249,211318720,67,1.009629524,0.142569640,0.172966063,1.992863961
1,249,211318720,67,1.021439625,0.142569640,0.172966063,2.006067955
12,249,211318720,67,1.065657761,0.142569640,0.172966063,2.023342660
2,249,211318720,67,1.241069629,0.142569640,0.172966063,2.068000218
8,249,211318720,67,2.036967590,0.142569640,0.172966063,1.939348927
9,249,211318720,67,2.241835908,0.142569640,0.172966063,1.977118337
10,249,211318720,67,2.487518451,0.142569640,0.172966063,2.002319198
19,249,211318720,67,3.042432322,0.142569640,0.172966063,1.935627963
25,249,211318720,67,3.411740796,0.142569640,0.172966063,1.831579060
19,250,211318720,67,0.301447636,0.142569640,0.033813331,0.376381998
23,250,211318720,67,0.331927073,0.142569640,0.033813331,0.509857647
10,250,211318720,67,0.340022068,0.142569640,0.033813331,0.539879201
11,250,211318720,67,0.352250991,0.142569640,0.033813331,0.577179749
30,250,211318720,67,0.357859759,0.142569640,0.033813331,0.590287947
17,250,211318720,67,0.405338182,0.142569640,0.033813331,0.672359818
9,250,211318720,67,0.416831058,0.142569640,0.033813331,0.684663466
5,250,211318720,67,0.420281467,0.142569640,0.033813331,0.686107848
21,250,211318720,67,0.635595755,0.142569640,0.033813331,0.838222768
15,250,211318720,67,0.695802929,0.142569640,0.033813331,0.972337421
13,250,211318720,67,0.714799086,0.142569640,0.033813331,1.023840540
28,250,211318720,67,0.747118578,0.142569640,0.033813331,1.115617718
29,250,211318720,67,0.799520819,0.142569640,0.033813331,1.255940805
4,250,211318720,67,0.832073278,0.142569640,0.033813331,1.334093791
12,250,211318720,67,0.846862281,0.142569640,0.033813331,1.361368372
18,250,211318720,67,0.867005483,0.142569640,0.033813331,1.416142395
1,250,211318720,67,0.919655903,0.142569640,0.033813331,1.540289208
7,250,211318720,67,0.986327720,0.142569640,0.033813331,1.689389542
6,250,211318720,67,0.998676963,0.142569640,0.033813331,1.705508155
8,250,211318720,67,1.077776804,0.142569640,0.033813331,1.736442309
16,250,211318720,67,1.374381413,0.142569640,0.033813331,1.913229969
20,250,211318720,67,1.414402113,0.142569640,0.033813331,1.929221477
27,250,211318720,67,2.141684867,0.142569640,0.033813331,1.825224778
14,250,211318720,67,2.387739789,0.142569640,0.033813331,1.940379884
26,250,211318720,67,2.610934393,0.142569640,0.033813331,1.971106430
25,250,211318720,67,2.851214341,0.142569640,0.033813331,1.997248463
2,250,211318720,67,1.278350893,0.142569640,0.033813331,3.756052919
22,250,211318720,67,3.411740796,0.142569640,0.033813331,1.841156016
24,250,211318720,67,2.280323170,0.142569640,0.033813331,3.012394710
3,250,211318720,67,0.990430268,0.142569640,0.033813331,4.866775162
20,251,211318720,67,0.281178980,0.142569640,0.011974056,0.295756126
4,251,211318720,67,0.299654210,0.142569640,0.011974056,0.364625011
25,251,211318720,67,0.332457627,0.142569640,0.011974056,0.467866418
26,251,211318720,67,0.349695505,0.142569640,0.011974056,0.520815917
2,251,211318720,67,0.397487178,0.142569640,0.011974056,0.722737287
30,251,211318720,67,0.401427962,0.142569640,0.011974056,0.739736481
3,251,211318720,67,0.402068091,0.142569640,0.011974056,0.742186329
14,251,211318720,67,0.471067229,0.142569640,0.011974056,0.953010992
7,251,211318720,67,0.491628020,0.142569640,0.011974056,1.002178454
21,251,211318720,67,0.496683722,0.142569640,0.011974056,1.010192510
15,251,211318720,67,0.515830983,0.142569640,0.011974056,1.030539398
24,251,211318720,67,0.522957550,0.142569640,0.011974056,1.033181873
9,251,211318720,67,0.687056158,0.142569640,0.011974056,1.142820566
19,251,211318720,67,0.737725058,0.142569640,0.011974056,1.163023103
22,251,211318720,67,0.941278721,0.142569640,0.011974056,1.476863419
10,251,211318720,67,0.945577756,0.142569640,0.011974056,1.490259436
11,251,211318720,67,0.952025692,0.142569640,0.011974056,1.505255475
12,251,211318720,67,0.986327720,0.142569640,0.011974056,1.581801217
13,251,211318720,67,1.055621497,0.142569640,0.011974056,1.699295439
16,251,211318720,67,1.065657761,0.142569640,0.011974056,1.710292043
23,251,211318720,67,1.102987746,0.142569640,0.011974056,1.724469008
5,251,211318720,67,1.275961791,0.142569640,0.011974056,1.942589953
27,251,211318720,67,1.284436966,0.142569640,0.011974056,1.951420180
6,251,211318720,67,1.294309936,0.142569640,0.011974056,1.955397510
8,251,211318720,67,1.436765414,0.142569640,0.011974056,2.010437525
1,251,211318720,67,1.904038728,0.142569640,0.011974056,1.977205700
18,251,211318720,67,2.242581386,0.142569640,0.011974056,2.047630019
17,251,211318720,67,2.280323170,0.142569640,0.011974056,2.062049438
29,251,211318720,67,2.502933016,0.142569640,0.011974056,2.096012635
28,251,211318720,67,3.411740796,0.142569640,0.011974056,1.843319274
6,252,211318720,67,0.205499149,0.142569640,0.037753057,0.123033268
9,252,211318720,67,0.301447636,0.142569640,0.037753057,0.417037410
16,252,211318720,67,0.309103827,0.142569640,0.037753057,0.450342704
23,252,211318720,67,0.331808595,0.142569640,0.037753057,0.534661038
19,252,211318720,67,0.352250991,0.142569640,0.037753057,0.599440718
2,252,211318720,67,0.411648825,0.142569640,0.037753057,0.814109126
15,252,211318720,67,0.420513033,0.142569640,0.037753057,0.834779069
7,252,211318720,67,0.434572014,0.142569640,0.037753057,0.858484134
5,252,211318720,67,0.491628020,0.142569640,0.037753057,0.919387405
17,252,211318720,67,0.497832446,0.142569640,0.037753057,0.921732674
3,252,211318720,67,0.694847525,0.142569640,0.037753057,1.137097542
4,252,211318720,67,0.698254705,0.142569640,0.037753057,1.143043586
1,252,211318720,67,0.747118578,0.142569640,0.037753057,1.194724802
29,252,211318720,67,0.806589981,0.142569640,0.037753057,1.218419530
11,252,211318720,67,0.990430268,0.142569640,0.037753057,1.371126382
22,252,211318720,67,1.024237500,0.142569640,0.037753057,1.408556011
30,252,211318720,67,1.076130101,0.142569640,0.037753057,1.483458481
27,252,211318720,67,1.165294969,0.142569640,0.037753057,1.644187502
8,252,211318720,67,1.188858293,0.142569640,0.037753057,1.684684010
20,252,211318720,67,0.405338182,0.142569640,0.037753057,2.553705903
13,252,211318720,67,1.241069629,0.142569640,0.037753057,1.745751130
24,252,211318720,67,1.275961791,0.142569640,0.037753057,1.782421602
26,252,211318720,67,1.374381413,0.142569640,0.037753057,1.819072622
28,252,211318720,67,1.772163784,0.142569640,0.037753057,1.803215876
18,252,211318720,67,1.934453384,0.142569640,0.037753057,1.851762764
12,252,211318720,67,2.141684867,0.142569640,0.037753057,1.916719410
14,252,211318720,67,2.241835908,0.142569640,0.037753057,2.008292895
21,252,211318720,67,2.303361475,0.142569640,0.037753057,2.031931838
10,252,211318720,67,2.656838111,0.142569640,0.037753057,2.027677941
25,252,211318720,67,3.042432322,0.142569640,0.037753057,2.016248940
25,253,211318720,67,0.299654210,0.142569640,0.040222194,0.288345882
17,253,211318720,67,0.310267843,0.142569640,0.040222194,0.313710532
1,253,211318720,67,0.331808595,0.142569640,0.040222194,0.360725610
20,253,211318720,67,0.372439086,0.142569640,0.040222194,0.442995401
27,253,211318720,67,0.406314018,0.142569640,0.040222194,0.521062017
10,253,211318720,67,0.459361129,0.142569640,0.040222194,0.611610379
8,253,211318720,67,0.496683722,0.142569640,0.040222194,0.651209343
19,253,211318720,67,0.519929897,0.142569640,0.040222194,0.664453330
7,253,211318720,67,0.656366503,0.142569640,0.040222194,0.935064878
9,253,211318720,67,0.670439746,0.142569640,0.040222194,0.969194431
5,253,211318720,67,0.689012139,0.142569640,0.040222194,1.001103113
28,253,211318720,67,0.752566429,0.142569640,0.040222194,1.068580559
6,253,211318720,67,0.756670836,0.142569640,0.040222194,1.069573126
23,253,211318720,67,0.919655903,0.142569640,0.040222194,1.320045976
30,253,211318720,67,0.969201848,0.142569640,0.040222194,1.470285963
26,253,211318720,67,0.986327720,0.142569640,0.040222194,1.510564748
24,253,211318720,67,1.007648939,0.142569640,0.040222194,1.546617738
11,253,211318720,67,1.021439625,0.142569640,0.040222194,1.561582552
12,253,211318720,67,1.024237500,0.142569640,0.040222194,1.564283611
13,253,211318720,67,1.163510533,0.142569640,0.040222194,1.781523126
18,253,211318720,67,1.183831296,0.142569640,0.040222194,1.830351270
14,253,211318720,67,1.284436966,0.142569640,0.040222194,1.950696748
15,253,211318720,67,1.304662576,0.142569640,0.040222194,1.965630769
21,253,211318720,67,1.436765414,0.142569640,0.040222194,2.018290208
29,253,211318720,67,1.973971545,0.142569640,0.040222194,1.960008525
22,253,211318720,67,2.303361475,0.142569640,0.040222194,1.961192284
2,253,211318720,67,2.500940347,0.142569640,0.040222194,2.046216215
4,253,211318720,67,2.575342822,0.142569640,0.040222194,2.074868005
3,253,211318720,67,2.610934393,0.142569640,0.040222194,2.064661267
16,253,211318720,67,1.205968091,0.142569640,0.040222194,3.494476304
16,254,211318720,67,0.299654210,0.142569640,0.025473926,0.474793193
1,254,211318720,67,0.310267843,0.142569640,0.025473926,0.535627401
6,254,211318720,67,0.331927073,0.142569640,0.025473926,0.648455857
15,254,211318720,67,0.352250991,0.142569640,0.025473926,0.751570636
30,254,211318720,67,0.366496772,0.142569640,0.025473926,0.814417972
9,254,211318720,67,0.367044128,0.142569640,0.025473926,0.816448565
14,254,211318720,67,0.372439086,0.142569640,0.025473926,0.832851960
24,254,211318720,67,0.406369678,0.142569640,0.025473926,0.955482026
12,254,211318720,67,0.420281467,0.142569640,0.025473926,0.998141049
25,254,211318720,67,0.420513033,0.142569640,0.025473926,0.998703051
10,254,211318720,67,0.469331802,0.142569640,0.025473926,1.083201873
19,254,211318720,67,0.515830983,0.142569640,0.025473926,1.131496656
22,254,211318720,67,0.519929897,0.142569640,0.025473926,1.132905500
18,254,211318720,67,0.695802929,0.142569640,0.025473926,1.240044768
5,254,211318720,67,0.799520819,0.142569640,0.025473926,1.539366679
13,254,211318720,67,0.809045384,0.142569640,0.025473926,1.574920883
23,254,211318720,67,0.822148367,0.142569640,0.025473926,1.615032748
2,254,211318720,67,0.832073278,0.142569640,0.025473926,1.637868889
26,254,211318720,67,0.867005483,0.142569640,0.025473926,1.728170740
7,254,211318720,67,0.984046731,0.142569640,0.025473926,2.000429485
27,254,211318720,67,0.990430268,0.142569640,0.025473926,2.010861729
29,254,211318720,67,1.076130101,0.142569640,0.025473926,2.120572341
17,254,211318720,67,1.101347065,0.142569640,0.025473926,2.146497463
21,254,211318720,67,1.188858293,0.142569640,0.025473926,2.179596180
3,254,211318720,67,1.591305991,0.142569640,0.025473926,2.161344383
28,254,211318720,67,1.973971545,0.142569640,0.025473926,2.148917470
4,254,211318720,67,2.242581386,0.142569640,0.025473926,2.170005357
20,254,211318720,67,0.941278721,0.142569640,0.025473926,3.952013093
11,254,211318720,67,0.940637450,0.142569640,0.025473926,3.953569721
8,254,211318720,67,3.042432322,0.142569640,0.025473926,1.945291419
6,255,211318720,67,0.205499149,0.142569640,0.005539787,0.210152422
14,255,211318720,67,0.218636321,0.142569640,0.005539787,0.241892642
3,255,211318720,67,0.262618358,0.142569640,0.005539787,0.325711627
11,255,211318720,67,0.331808595,0.142569640,0.005539787,0.444177317
24,255,211318720,67,0.347471629,0.142569640,0.005539787,0.460460454
23,255,211318720,67,0.391378383,0.142569640,0.005539787,0.537397821
20,255,211318720,67,0.491628020,0.142569640,0.005539787,0.709038771
17,255,211318720,67,0.496683722,0.142569640,0.005539787,0.714482024
30,255,211318720,67,0.522957550,0.142569640,0.005539787,0.724473905
7,255,211318720,67,0.668942036,0.142569640,0.005539787,0.961648267
9,255,211318720,67,0.698254705,0.142569640,0.005539787,1.031786855
16,255,211318720,67,0.714799086,0.142569640,0.005539787,1.060237948
19,255,211318720,67,0.769230066,0.142569640,0.005539787,1.116366519
12,255,211318720,67,0.790535894,0.142569640,0.005539787,1.124142482
13,255,211318720,67,0.940637450,0.142569640,0.005539787,1.367187084
28,255,211318720,67,0.969201848,0.142569640,0.005539787,1.415359155
4,255,211318720,67,0.984046731,0.142569640,0.005539787,1.431225104
25,255,211318720,67,1.009629524,0.142569640,0.005539787,1.441599203
10,255,211318720,67,1.165294969,0.142569640,0.005539787,1.515670366
22,255,211318720,67,1.294309936,0.142569640,0.005539787,1.648275805
8,255,211318720,67,1.450159241,0.142569640,0.005539787,1.699570530
15,255,211318720,67,1.934453384,0.142569640,0.005539787,1.692207952
26,255,211318720,67,2.036967590,0.142569640,0.005539787,1.800275921
5,255,211318720,67,2.070019088,0.142569640,0.005539787,1.813284123
21,255,211318720,67,2.241835908,0.142569640,0.005539787,1.916232427
18,255,211318720,67,2.303361475,0.142569640,0.005539787,1.940503782
2,255,211318720,67,2.452082856,0.142569640,0.005539787,1.993896477
27,255,211318720,67,2.759003758,0.142569640,0.005539787,2.005957035
1,255,211318720,67,1.289231248,0.142569640,0.005539787,3.617610096
29,255,211318720,67,3.411740796,0.142569640,0.005539787,1.824100809
25,256,211318720,67,0.262618358,0.142569640,0.003658796,0.267275819
8,256,211318720,67,0.294632521,0.142569640,0.003658796,0.415893935
26,256,211318720,67,0.325376681,0.142569640,0.003658796,0.550314063
16,256,211318720,67,0.331927073,0.142569640,0.003658796,0.576807057
11,256,211318720,67,0.366496772,0.142569640,0.003658796,0.704887400
12,256,211318720,67,0.387058100,0.142569640,0.003658796,0.768100017
30,256,211318720,67,0.405338182,0.142569640,0.003658796,0.811026054
21,256,211318720,67,0.407748930,0.142569640,0.003658796,0.815072594
9,256,211318720,67,0.420773321,0.142569640,0.003658796,0.828248314
4,256,211318720,67,0.471067229,0.142569640,0.003658796,0.848440126
10,256,211318720,67,0.670439746,0.142569640,0.003658796,1.028573072
22,256,211318720,67,0.687056158,0.142569640,0.003658796,1.088269844
3,256,211318720,67,0.769230066,0.142569640,0.003658796,1.339814770
17,256,211318720,67,0.790535894,0.142569640,0.003658796,1.399555718
5,256,211318720,67,0.802276566,0.142569640,0.003658796,1.426869717
20,256,211318720,67,0.806589981,0.142569640,0.003658796,1.434537914
29,256,211318720,67,0.919655903,0.142569640,0.003658796,1.561217716
18,256,211318720,67,0.986327720,0.142569640,0.003658796,1.649223555
23,256,211318720,67,1.021439625,0.142569640,0.003658796,1.685571078
14,256,211318720,67,1.101347065,0.142569640,0.003658796,1.752342921
28,256,211318720,67,1.188858293,0.142569640,0.003658796,1.817663063
19,256,211318720,67,1.284436966,0.142569640,0.003658796,1.855807647
7,256,211318720,67,1.436765414,0.142569640,0.003658796,1.945230729
1,256,211318720,67,1.522868244,0.142569640,0.003658796,1.976568730
6,256,211318720,67,1.973971545,0.142569640,0.003658796,1.942751839
2,256,211318720,67,2.194425436,0.142569640,0.003658796,2.039434785
13,256,211318720,67,2.241835908,0.142569640,0.003658796,2.057770177
15,256,211318720,67,0.815600578,0.142569640,0.003658796,3.535287656
24,256,211318720,67,2.851214341,0.142569640,0.003658796,1.983961204
27,256,211318720,67,3.411740796,0.142569640,0.003658796,1.826017123
14,257,211318720,67,0.274486776,0.142569640,0.117355391,0.340117541
11,257,211318720,67,0.299654210,0.142569640,0.117355391,0.464862454
1,257,211318720,67,0.325376681,0.142569640,0.117355391,0.583480239
6,257,211318720,67,0.331927073,0.142569640,0.117355391,0.611901109
9,257,211318720,67,0.332457627,0.142569640,0.117355391,0.613828031
3,257,211318720,67,0.384275535,0.142569640,0.117355391,0.779628790
26,257,211318720,67,0.406841767,0.142569640,0.117355391,0.849181936
23,257,211318720,67,0.411648825,0.142569640,0.117355391,0.860938002
4,257,211318720,67,0.420281467,0.142569640,0.117355391,0.875613917
13,257,211318720,67,0.459361129,0.142569640,0.117355391,0.917214671
17,257,211318720,67,0.515830983,0.142569640,0.117355391,0.940155631
18,257,211318720,67,0.670439746,0.142569640,0.117355391,1.276483531
29,257,211318720,67,0.687056158,0.142569640,0.117355391,1.333940704
12,257,211318720,67,0.694847525,0.142569640,0.117355391,1.356616901
21,257,211318720,67,0.695802929,0.142569640,0.117355391,1.358917913
10,257,211318720,67,0.756670836,0.142569640,0.117355391,1.462253093
28,257,211318720,67,0.802276566,0.142569640,0.117355391,1.527159996
2,257,211318720,67,0.819719265,0.142569640,0.117355391,1.546130355
8,257,211318720,67,0.919655903,0.142569640,0.117355391,1.651259231
16,257,211318720,67,0.969201848,0.142569640,0.117355391,1.702461984
27,257,211318720,67,1.055621497,0.142569640,0.117355391,1.736444817
22,257,211318720,67,1.235957661,0.142569640,0.117355391,2.007843618
5,257,211318720,67,1.275961791,0.142569640,0.117355391,2.076707647
25,257,211318720,67,1.374381413,0.142569640,0.117355391,2.122967781
24,257,211318720,67,2.070019088,0.142569640,0.117355391,2.033019045
20,257,211318720,67,2.194425436,0.142569640,0.117355391,2.143979489
30,257,211318720,67,2.241835908,0.142569640,0.117355391,2.162124924
7,257,211318720,67,2.303361475,0.142569640,0.117355391,2.144510686
15,257,211318720,67,1.205812777,0.142569640,0.117355391,3.285194412
19,257,211318720,67,1.289231248,0.142569640,0.117355391,3.214415633
26,258,211318720,67,0.217175369,0.142569640,0.247147173,0.080532160
2,258,211318720,67,0.331927073,0.142569640,0.247147173,0.294695967
6,258,211318720,67,0.349695505,0.142569640,0.247147173,0.325500499
29,258,211318720,67,0.402068091,0.142569640,0.247147173,0.380638617
13,258,211318720,67,0.407748930,0.142569640,0.247147173,0.382738546
8,258,211318720,67,0.668942036,0.142569640,0.247147173,0.433560865
4,258,211318720,67,0.806589981,0.142569640,0.247147173,0.645989516
1,258,211318720,67,0.819719265,0.142569640,0.247147173,0.660127689
16,258,211318720,67,0.940637450,0.142569640,0.247147173,0.811730952
3,258,211318720,67,0.998676963,0.142569640,0.247147173,0.950557569
20,258,211318720,67,1.044856486,0.142569640,0.247147173,1.047119550
24,258,211318720,67,1.055621497,0.142569640,0.247147173,1.079176539
23,258,211318720,67,1.076130101,0.142569640,0.247147173,1.127683730
21,258,211318720,67,1.165294969,0.142569640,0.247147173,1.316700824
30,258,211318720,67,1.183831296,0.142569640,0.247147173,1.360794097
14,258,211318720,67,1.188858293,0.142569640,0.247147173,1.369366980
27,258,211318720,67,1.284436966,0.142569640,0.247147173,1.466569464
5,258,211318720,67,0.769230066,0.142569640,0.247147173,2.236364156
18,258,211318720,67,1.436765414,0.142569640,0.247147173,1.605321784
10,258,211318720,67,1.450159241,0.142569640,0.247147173,1.610810101
12,258,211318720,67,1.904038728,0.142569640,0.247147173,1.703648248
15,258,211318720,67,1.934453384,0.142569640,0.247147173,1.735612862
11,258,211318720,67,1.973971545,0.142569640,0.247147173,1.751380666
19,258,211318720,67,2.194425436,0.142569640,0.247147173,1.911580382
9,258,211318720,67,2.241835908,0.142569640,0.247147173,1.961273509
25,258,211318720,67,2.242581386,0.142569640,0.247147173,1.961468877
17,258,211318720,67,2.387739789,0.142569640,0.247147173,2.015418258
7,258,211318720,67,2.759003758,0.142569640,0.247147173,2.005330494
28,258,211318720,67,1.278350893,0.142569640,0.247147173,3.500864397
22,258,211318720,67,3.341109767,0.142569640,0.247147173,1.842996286
16,259,211318720,67,0.274486776,0.142569640,0.066260085,0.468655129
29,259,211318720,67,0.281178980,0.142569640,0.066260085,0.513950123
21,259,211318720,67,0.332457627,0.142569640,0.066260085,0.871355018
13,259,211318720,67,0.338645076,0.142569640,0.066260085,0.914809494
5,259,211318720,67,0.357859759,0.142569640,0.066260085,1.037168015
6,259,211318720,67,0.367044128,0.142569640,0.066260085,1.091677121
30,259,211318720,67,0.397487178,0.142569640,0.066260085,1.265927234
18,259,211318720,67,0.401123492,0.142569640,0.066260085,1.284308445
26,259,211318720,67,0.402068091,0.142569640,0.066260085,1.288417408
7,259,211318720,67,0.406369678,0.142569640,0.066260085,1.304296691
2,259,211318720,67,0.406841767,0.142569640,0.066260085,1.305738675
14,259,211318720,67,0.434572014,0.142569640,0.066260085,1.361379160
8,259,211318720,67,0.471067229,0.142569640,0.066260085,1.400372496
28,259,211318720,67,0.507433692,0.142569640,0.066260085,1.414512844
15,259,211318720,67,0.656366503,0.142569640,0.066260085,1.537745300
17,259,211318720,67,0.694847525,0.142569640,0.066260085,1.586315007
10,259,211318720,67,0.272776191,0.142569640,0.066260085,2.193439993
19,259,211318720,67,0.802276566,0.142569640,0.066260085,1.700786496
25,259,211318720,67,0.821650137,0.142569640,0.066260085,1.708362777
24,259,211318720,67,1.065657761,0.142569640,0.066260085,1.821295966
23,259,211318720,67,1.102987746,0.142569640,0.066260085,1.885943689
3,259,211318720,67,1.185253134,0.142569640,0.066260085,1.973989681
12,259,211318720,67,1.205968091,0.142569640,0.066260085,1.981886325
1,259,211318720,67,1.509114459,0.142569640,0.066260085,2.032951743
4,259,211318720,67,1.591305991,0.142569640,0.066260085,2.064775017
22,259,211318720,67,0.420513033,0.142569640,0.066260085,3.432543477
11,259,211318720,67,1.854731332,0.142569640,0.066260085,2.087414519
9,259,211318720,67,2.387739789,0.142569640,0.066260085,2.085967101
27,259,211318720,67,2.452082856,0.142569640,0.066260085,2.110961866
20,259,211318720,67,2.759003758,0.142569640,0.066260085,2.024336277
15,260,211318720,67,0.262618358,0.142569640,0.006312442,0.414822397
21,260,211318720,67,0.310267843,0.142569640,0.006312442,0.709810433
10,260,211318720,67,0.331808595,0.142569640,0.006312442,0.846717049
13,260,211318720,67,0.332457627,0.142569640,0.006312442,0.850938091
26,260,211318720,67,0.338645076,0.142569640,0.006312442,0.886352483
16,260,211318720,67,0.349695505,0.142569640,0.006312442,0.939707749
20,260,211318720,67,0.357859759,0.142569640,0.006312442,0.969945904
24,260,211318720,67,0.367044128,0.142569640,0.006312442,0.998173672
4,260,211318720,67,0.372439086,0.142569640,0.006312442,1.011163007
2,260,211318720,67,0.420513033,0.142569640,0.006312442,1.122012011
18,260,211318720,67,0.459292393,0.142569640,0.006312442,1.187982335
23,260,211318720,67,0.469331802,0.142569640,0.006312442,1.198949231
27,260,211318720,67,0.519929897,0.142569640,0.006312442,1.218526878
11,260,211318720,67,0.668942036,0.142569640,0.006312442,1.422893815
28,260,211318720,67,0.687056158,0.142569640,0.006312442,1.460706827
19,260,211318720,67,0.714799086,0.142569640,0.006312442,1.507556973
6,260,211318720,67,0.809045384,0.142569640,0.006312442,1.614216766
29,260,211318720,67,0.819719265,0.142569640,0.006312442,1.632590297
14,260,211318720,67,0.940637450,0.142569640,0.006312442,1.809113390
30,260,211318720,67,0.952025692,0.142569640,0.006312442,1.821391009
9,260,211318720,67,1.009629524,0.142569640,0.006312442,1.843576213
17,260,211318720,67,1.185253134,0.142569640,0.006312442,1.970415542
25,260,211318720,67,1.205812777,0.142569640,0.006312442,1.978266046
7,260,211318720,67,0.345303952,0.142569640,0.006312442,2.953787568
8,260,211318720,67,1.349170437,0.142569640,0.006312442,2.032427850
12,260,211318720,67,1.720860573,0.142569640,0.006312442,2.022132185
22,260,211318720,67,2.036967590,0.142569640,0.006312442,2.030710431
5,260,211318720,67,2.194425436,0.142569640,0.006312442,2.119141676
1,260,211318720,67,2.280323170,0.142569640,0.006312442,2.153090733
3,260,211318720,67,2.500940347,0.142569640,0.006312442,2.091317128
25,261,211318720,67,0.338645076,0.142569640,0.076799318,0.195315036
14,261,211318720,67,0.405338182,0.142569640,0.076799318,0.424331737
20,261,211318720,67,0.420513033,0.142569640,0.076799318,0.481120256
23,261,211318720,67,0.434572014,0.142569640,0.076799318,0.524212098
2,261,211318720,67,0.452040546,0.142569640,0.076799318,0.565966769
1,261,211318720,67,0.496683722,0.142569640,0.076799318,0.643114925
30,261,211318720,67,0.519929897,0.142569640,0.076799318,0.668225054
15,261,211318720,67,0.522957550,0.142569640,0.076799318,0.669431275
5,261,211318720,67,0.746840162,0.142569640,0.076799318,1.096930165
12,261,211318720,67,0.747118578,0.142569640,0.076799318,1.098138960
16,261,211318720,67,0.752566429,0.142569640,0.076799318,1.118508407
28,261,211318720,67,0.802276566,0.142569640,0.076799318,1.270479401
27,261,211318720,67,0.806589981,0.142569640,0.076799318,1.280401216
7,261,211318720,67,0.828887397,0.142569640,0.076799318,1.319297544
22,261,211318720,67,0.832073278,0.142569640,0.076799318,1.322822537
29,261,211318720,67,0.867005483,0.142569640,0.076799318,1.336952332
8,261,211318720,67,1.009629524,0.142569640,0.076799318,1.477995265
21,261,211318720,67,1.076130101,0.142569640,0.076799318,1.620231033
10,261,211318720,67,1.101347065,0.142569640,0.076799318,1.664150704
18,261,211318720,67,1.163510533,0.142569640,0.076799318,1.749439936
4,261,211318720,67,1.165294969,0.142569640,0.076799318,1.752274125
26,261,211318720,67,1.289231248,0.142569640,0.076799318,1.899047417
19,261,211318720,67,1.414402113,0.142569640,0.076799318,2.034652963
11,261,211318720,67,1.904038728,0.142569640,0.076799318,1.997192005
13,261,211318720,67,2.122991969,0.142569640,0.076799318,2.030551093
9,261,211318720,67,2.580293565,0.142569640,0.076799318,1.995688306
3,261,211318720,67,2.851214341,0.142569640,0.076799318,2.016800511
17,261,211318720,67,3.042432322,0.142569640,0.076799318,1.963667128
6,261,211318720,67,1.294309936,0.142569640,0.076799318,3.721839157
24,261,211318720,67,1.423528796,0.142569640,0.076799318,3.604718385
28,262,211318720,67,0.301447636,0.142569640,0.026211660,0.678509332
2,262,211318720,67,0.310267843,0.142569640,0.026211660,0.734659906
26,262,211318720,67,0.331927073,0.142569640,0.026211660,0.858413563
25,262,211318720,67,0.333771051,0.142569640,0.026211660,0.867804403
6,262,211318720,67,0.338645076,0.142569640,0.026211660,0.889439733
14,262,211318720,67,0.352250991,0.142569640,0.026211660,0.939893133
13,262,211318720,67,0.357859759,0.142569640,0.026211660,0.957174423
7,262,211318720,67,0.205499149,0.142569640,0.026211660,1.133061532
23,262,211318720,67,0.372439086,0.142569640,0.026211660,0.991866746
18,262,211318720,67,0.391378383,0.142569640,0.026211660,1.024652702
8,262,211318720,67,0.401123492,0.142569640,0.026211660,1.034983860
27,262,211318720,67,0.416831058,0.142569640,0.026211660,1.040264614
21,262,211318720,67,0.578321737,0.142569640,0.026211660,1.088655067
3,262,211318720,67,0.746840162,0.142569640,0.026211660,1.174430322
20,262,211318720,67,0.832820764,0.142569640,0.026211660,1.229226450
19,262,211318720,67,0.941278721,0.142569640,0.026211660,1.313213191
17,262,211318720,67,1.021439625,0.142569640,0.026211660,1.384172947
10,262,211318720,67,1.104358980,0.142569640,0.026211660,1.524403389
1,262,211318720,67,1.165294969,0.142569640,0.026211660,1.690598415
16,262,211318720,67,1.183831296,0.142569640,0.026211660,1.734627723
15,262,211318720,67,1.235957661,0.142569640,0.026211660,1.824585467
22,262,211318720,67,1.241069629,0.142569640,0.026211660,1.830045702
5,262,211318720,67,1.275961791,0.142569640,0.026211660,1.843188159
11,262,211318720,67,1.436765414,0.142569640,0.026211660,1.929643774
29,262,211318720,67,1.522868244,0.142569640,0.026211660,1.963709103
12,262,211318720,67,1.854731332,0.142569640,0.026211660,1.982428014
9,262,211318720,67,1.973971545,0.142569640,0.026211660,2.026714171
24,262,211318720,67,2.141684867,0.142569640,0.026211660,2.075915380
30,262,211318720,67,2.487518451,0.142569640,0.026211660,2.072266203
4,262,211318720,67,2.500940347,0.142569640,0.026211660,2.068517863
14,263,211318720,67,0.281178980,0.142569640,0.060552813,0.514953180
17,263,211318720,67,0.301447636,0.142569640,0.060552813,0.650674473
10,263,211318720,67,0.309103827,0.142569640,0.060552813,0.699601701
23,263,211318720,67,0.325376681,0.142569640,0.060552813,0.792857260
21,263,211318720,67,0.333771051,0.142569640,0.060552813,0.835016746
29,263,211318720,67,0.340022068,0.142569640,0.060552813,0.862363622
11,263,211318720,67,0.357859759,0.142569640,0.060552813,0.928809570
28,263,211318720,67,0.366496772,0.142569640,0.060552813,0.955254819
26,263,211318720,67,0.384120181,0.142569640,0.060552813,0.997778343
7,263,211318720,67,0.406841767,0.142569640,0.060552813,1.036611372
4,263,211318720,67,0.420513033,0.142569640,0.060552813,1.050261302
12,263,211318720,67,0.434572014,0.142569640,0.060552813,1.055764828
30,263,211318720,67,0.635595755,0.142569640,0.060552813,1.095879599
3,263,211318720,67,0.806589981,0.142569640,0.060552813,1.329818698
9,263,211318720,67,0.819719265,0.142569640,0.060552813,1.352116991
20,263,211318720,67,0.832820764,0.142569640,0.060552813,1.365825385
1,263,211318720,67,0.917862357,0.142569640,0.060552813,1.423163964
6,263,211318720,67,1.024237500,0.142569640,0.060552813,1.525617339
15,263,211318720,67,1.076130101,0.142569640,0.060552813,1.619662707
8,263,211318720,67,1.165294969,0.142569640,0.060552813,1.879817107
24,263,211318720,67,1.185253134,0.142569640,0.060552813,1.939530490
19,263,211318720,67,1.205812777,0.142569640,0.060552813,1.989358002
27,263,211318720,67,1.205968091,0.142569640,0.060552813,1.989619929
2,263,211318720,67,1.241069629,0.142569640,0.060552813,2.026635610
5,263,211318720,67,1.304662576,0.142569640,0.060552813,2.071803092
18,263,211318720,67,1.414402113,0.142569640,0.060552813,2.112466807
25,263,211318720,67,1.720860573,0.142569640,0.060552813,2.129583195
22,263,211318720,67,1.854731332,0.142569640,0.060552813,2.180754492
13,263,211318720,67,2.122991969,0.142569640,0.060552813,2.200428206
16,263,211318720,67,2.580293565,0.142569640,0.060552813,2.070250238
18,264,211318720,67,0.272776191,0.142569640,0.035207625,0.423612292
29,264,211318720,67,0.281178980,0.142569640,0.035207625,0.459658296
19,264,211318720,67,0.301447636,0.142569640,0.035207625,0.534626389
16,264,211318720,67,0.331927073,0.142569640,0.035207625,0.644646840
6,264,211318720,67,0.349695505,0.142569640,0.035207625,0.722231158
22,264,211318720,67,0.384120181,0.142569640,0.035207625,0.869068479
14,264,211318720,67,0.406841767,0.142569640,0.035207625,0.953022079
4,264,211318720,67,0.416831058,0.142569640,0.035207625,0.983338688
26,264,211318720,67,0.205499149,0.142569640,0.035207625,1.310572004
9,264,211318720,67,0.459361129,0.142569640,0.035207625,1.084900598
3,264,211318720,67,0.469100688,0.142569640,0.035207625,1.101332750
2,264,211318720,67,0.469331802,0.142569640,0.035207625,1.101581095
28,264,211318720,67,0.497832446,0.142569640,0.035207625,1.112189687
27,264,211318720,67,0.689012139,0.142569640,0.035207625,1.330686120
7,264,211318720,67,0.737146514,0.142569640,0.035207625,1.477831254
30,264,211318720,67,0.757188691,0.142569640,0.035207625,1.525123179
1,264,211318720,67,0.790535894,0.142569640,0.035207625,1.582171831
5,264,211318720,67,0.802276566,0.142569640,0.035207625,1.596182955
21,264,211318720,67,0.806589981,0.142569640,0.035207625,1.600813889
8,264,211318720,67,0.941278721,0.142569640,0.035207625,1.776244028
12,264,211318720,67,0.984046731,0.142569640,0.035207625,1.837881914
13,264,211318720,67,0.999831002,0.142569640,0.035207625,1.853811998
11,264,211318720,67,1.102987746,0.142569640,0.035207625,1.992345066
20,264,211318720,67,1.163510533,0.142569640,0.035207625,2.118005825
25,264,211318720,67,1.185253134,0.142569640,0.035207625,2.155733153
10,264,211318720,67,1.241069629,0.142569640,0.035207625,2.214279693
24,264,211318720,67,1.275961791,0.142569640,0.035207625,2.227032610
17,264,211318720,67,1.450159241,0.142569640,0.035207625,2.274963558
23,264,211318720,67,1.854731332,0.142569640,0.035207625,2.258004404
15,264,211318720,67,2.759003758,0.142569640,0.035207625,2.002029838
26,265,211318720,67,0.205499149,0.142569640,0.131592438,0.149671802
22,265,211318720,67,0.291309717,0.142569640,0.131592438,0.630899226
17,265,211318720,67,0.301447636,0.142569640,0.131592438,0.695189337
24,265,211318720,67,0.325376681,0.142569640,0.131592438,0.831580659
12,265,211318720,67,0.340022068,0.142569640,0.131592438,0.914868375
23,265,211318720,67,0.340840754,0.142569640,0.131592438,0.919109047
6,265,211318720,67,0.346780912,0.142569640,0.131592438,0.945351037
14,265,211318720,67,0.357859759,0.142569640,0.131592438,0.988980088
29,265,211318720,67,0.372439086,0.142569640,0.131592438,1.043252820
1,265,211318720,67,0.391378383,0.142569640,0.131592438,1.096681528
20,265,211318720,67,0.420773321,0.142569640,0.131592438,1.147052628
5,265,211318720,67,0.469331802,0.142569640,0.131592438,1.197808214
9,265,211318720,67,0.496683722,0.142569640,0.131592438,1.208645612
30,265,211318720,67,0.656366503,0.142569640,0.131592438,1.471597000
27,265,211318720,67,0.670439746,0.142569640,0.131592438,1.513852529
16,265,211318720,67,0.737725058,0.142569640,0.131592438,1.778319083
19,265,211318720,67,0.752566429,0.142569640,0.131592438,1.833282220
13,265,211318720,67,0.756670836,0.142569640,0.131592438,1.846005122
25,265,211318720,67,0.757188691,0.142569640,0.131592438,1.847244835
18,265,211318720,67,0.821650137,0.142569640,0.131592438,1.972981858
8,265,211318720,67,0.828887397,0.142569640,0.131592438,1.986958470
4,265,211318720,67,0.832820764,0.142569640,0.131592438,1.993750778
21,265,211318720,67,0.940637450,0.142569640,0.131592438,2.118912918
10,265,211318720,67,0.969201848,0.142569640,0.131592438,2.149092733
11,265,211318720,67,1.065657761,0.142569640,0.131592438,2.186853332
3,265,211318720,67,0.384275535,0.142569640,0.131592438,3.173091972
2,265,211318720,67,1.973971545,0.142569640,0.131592438,2.057216220
28,265,211318720,67,2.070019088,0.142569640,0.131592438,2.140678966
7,265,211318720,67,2.141684867,0.142569640,0.131592438,2.167467172
15,265,211318720,67,2.656838111,0.142569640,0.131592438,2.020703564
22,266,211318720,67,0.218636321,0.142569640,0.024759406,0.069160741
16,266,211318720,67,0.340022068,0.142569640,0.024759406,0.274082726
27,266,211318720,67,0.405338182,0.142569640,0.024759406,0.501333187
29,266,211318720,67,0.420513033,0.142569640,0.024759406,0.548248893
21,266,211318720,67,0.420773321,0.142569640,0.024759406,0.548905977
23,266,211318720,67,0.459292393,0.142569640,0.024759406,0.615074389
14,266,211318720,67,0.507433692,0.142569640,0.024759406,0.640351606
17,266,211318720,67,0.695802929,0.142569640,0.024759406,0.779325245
15,266,211318720,67,0.737725058,0.142569640,0.024759406,0.880860174
3,266,211318720,67,0.815600578,0.142569640,0.024759406,1.034012182
10,266,211318720,67,0.823874673,0.142569640,0.024759406,1.053908064
28,266,211318720,67,0.828887397,0.142569640,0.024759406,1.064105759
11,266,211318720,67,0.941278721,0.142569640,0.024759406,1.341660755
18,266,211318720,67,0.945577756,0.142569640,0.024759406,1.351968947
1,266,211318720,67,0.969201848,0.142569640,0.024759406,1.393063004
2,266,211318720,67,1.055621497,0.142569640,0.024759406,1.439052623
5,266,211318720,67,0.469331802,0.142569640,0.024759406,2.101826685
19,266,211318720,67,1.205812777,0.142569640,0.024759406,1.539917783
24,266,211318720,67,1.275961791,0.142569640,0.024759406,1.596018436
6,266,211318720,67,1.374381413,0.142569640,0.024759406,1.677626523
7,266,211318720,67,1.450159241,0.142569640,0.024759406,1.707809780
9,266,211318720,67,1.904038728,0.142569640,0.024759406,1.677705154
13,266,211318720,67,2.241835908,0.142569640,0.024759406,1.771670897
4,266,211318720,67,2.242581386,0.142569640,0.024759406,1.771856139
30,266,211318720,67,0.986327720,0.142569640,0.024759406,3.343201319
25,266,211318720,67,2.487518451,0.142569640,0.024759406,2.000513684
20,266,211318720,67,2.500940347,0.142569640,0.024759406,2.023609587
8,266,211318720,67,2.580293565,0.142569640,0.024759406,2.054358442
12,266,211318720,67,3.341109767,0.142569640,0.024759406,1.839954912
26,266,211318720,67,2.502933016,0.142569640,0.024759406,2.740365688
2,267,211318720,67,0.217175369,0.142569640,0.027240936,0.166412110
21,267,211318720,67,0.218636321,0.142569640,0.027240936,0.167733672
5,267,211318720,67,0.331927073,0.142569640,0.027240936,0.494488087
20,267,211318720,67,0.384275535,0.142569640,0.027240936,0.708940034
29,267,211318720,67,0.401123492,0.142569640,0.027240936,0.783204545
17,267,211318720,67,0.402068091,0.142569640,0.027240936,0.786815783
9,267,211318720,67,0.407748930,0.142569640,0.027240936,0.804322062
28,267,211318720,67,0.459361129,0.142569640,0.027240936,0.927436108
10,267,211318720,67,0.496683722,0.142569640,0.027240936,0.991441663
1,267,211318720,67,0.515830983,0.142569640,0.027240936,1.011441209
19,267,211318720,67,0.519929897,0.142569640,0.027240936,1.013214106
22,267,211318720,67,0.670439746,0.142569640,0.027240936,1.110842119
18,267,211318720,67,0.747118578,0.142569640,0.027240936,1.139845222
15,267,211318720,67,0.940637450,0.142569640,0.027240936,1.209363340
13,267,211318720,67,0.367044128,0.142569640,0.027240936,1.977783480
8,267,211318720,67,1.044856486,0.142569640,0.027240936,1.380632050
14,267,211318720,67,1.077776804,0.142569640,0.027240936,1.479722096
3,267,211318720,67,1.101347065,0.142569640,0.027240936,1.536202781
25,267,211318720,67,1.183831296,0.142569640,0.027240936,1.676625848
11,267,211318720,67,1.185253134,0.142569640,0.027240936,1.677971800
4,267,211318720,67,1.188858293,0.142569640,0.027240936,1.678701859
16,267,211318720,67,1.436765414,0.142569640,0.027240936,1.705118820
30,267,211318720,67,1.591305991,0.142569640,0.027240936,1.755903233
27,267,211318720,67,1.772163784,0.142569640,0.027240936,1.798760762
24,267,211318720,67,2.122991969,0.142569640,0.027240936,1.924012039
12,267,211318720,67,2.141684867,0.142569640,0.027240936,1.943424010
23,267,211318720,67,2.759003758,0.142569640,0.027240936,1.993396693
6,267,211318720,67,3.411740796,0.142569640,0.027240936,1.812536817
26,267,211318720,67,2.194425436,0.142569640,0.027240936,3.069769310
7,267,211318720,67,2.656838111,0.142569640,0.027240936,2.630479292
2,268,211318720,67,0.291309717,0.142569640,0.053387899,0.324269262
3,268,211318720,67,0.299654210,0.142569640,0.053387899,0.355183515
20,268,211318720,67,0.331927073,0.142569640,0.053387899,0.468906192
17,268,211318720,67,0.357859759,0.142569640,0.053387899,0.565485434
19,268,211318720,67,0.393703093,0.142569640,0.053387899,0.707888604
27,268,211318720,67,0.406841767,0.142569640,0.053387899,0.756840708
14,268,211318720,67,0.411648825,0.142569640,0.053387899,0.771697162
29,268,211318720,67,0.459292393,0.142569640,0.053387899,0.885589143
10,268,211318720,67,0.469100688,0.142569640,0.053387899,0.902108491
18,268,211318720,67,0.507433692,0.142569640,0.053387899,0.942402929
24,268,211318720,67,0.515830983,0.142569640,0.053387899,0.947145606
8,268,211318720,67,0.656366503,0.142569640,0.053387899,1.131706737
16,268,211318720,67,0.689012139,0.142569640,0.053387899,1.197018174
12,268,211318720,67,0.746840162,0.142569640,0.053387899,1.388968531
28,268,211318720,67,0.764463287,0.142569640,0.053387899,1.442754819
7,268,211318720,67,0.819719265,0.142569640,0.053387899,1.575801060
30,268,211318720,67,0.828887397,0.142569640,0.053387899,1.592760258
6,268,211318720,67,0.867005483,0.142569640,0.053387899,1.647310456
23,268,211318720,67,0.969201848,0.142569640,0.053387899,1.760684183
22,268,211318720,67,0.990430268,0.142569640,0.053387899,1.782644338
9,268,211318720,67,1.102987746,0.142569640,0.053387899,1.826703286
15,268,211318720,67,1.275961791,0.142569640,0.053387899,1.873165728
26,268,211318720,67,1.450159241,0.142569640,0.053387899,1.977038738
4,268,211318720,67,1.509114459,0.142569640,0.053387899,1.998091080
21,268,211318720,67,1.973971545,0.142569640,0.053387899,1.965555074
5,268,211318720,67,2.280323170,0.142569640,0.053387899,1.997639704
13,268,211318720,67,2.387739789,0.142569640,0.053387899,2.038565186
25,268,211318720,67,0.832073278,0.142569640,0.053387899,3.657206461
1,268,211318720,67,2.759003758,0.142569640,0.053387899,2.029806268
11,268,211318720,67,2.656838111,0.142569640,0.053387899,2.232597128
24,269,211318720,67,0.205499149,0.142569640,0.137801483,0.156691629
28,269,211318720,67,0.301447636,0.142569640,0.137801483,0.567146540
17,269,211318720,67,0.328114621,0.142569640,0.137801483,0.665198261
10,269,211318720,67,0.340022068,0.142569640,0.137801483,0.701875947
8,269,211318720,67,0.340840754,0.142569640,0.137801483,0.703772980
22,269,211318720,67,0.345303952,0.142569640,0.137801483,0.711556486
3,269,211318720,67,0.367044128,0.142569640,0.137801483,0.733579238
7,269,211318720,67,0.420773321,0.142569640,0.137801483,0.783550291
30,269,211318720,67,0.519929897,0.142569640,0.137801483,0.822192231
13,269,211318720,67,0.668942036,0.142569640,0.137801483,1.123168788
4,269,211318720,67,0.670439746,0.142569640,0.137801483,1.127818361
23,269,211318720,67,0.737725058,0.142569640,0.137801483,1.459837622
26,269,211318720,67,0.781082769,0.142569640,0.137801483,1.682538943
15,269,211318720,67,0.799520819,0.142569640,0.137801483,1.776408171
12,269,211318720,67,0.281178980,0.142569640,0.137801483,2.370331512
6,269,211318720,67,0.815600578,0.142569640,0.137801483,1.857102653
29,269,211318720,67,0.819719265,0.142569640,0.137801483,1.875217484
1,269,211318720,67,0.822082714,0.142569640,0.137801483,1.884056831
11,269,211318720,67,0.828887397,0.142569640,0.137801483,1.906407135
21,269,211318720,67,0.867005483,0.142569640,0.137801483,2.011504501
14,269,211318720,67,0.917862357,0.142569640,0.137801483,2.132684187
27,269,211318720,67,0.940637450,0.142569640,0.137801483,2.172488758
5,269,211318720,67,0.969201848,0.142569640,0.137801483,2.202452100
20,269,211318720,67,0.990430268,0.142569640,0.137801483,2.210539395
18,269,211318720,67,1.183831296,0.142569640,0.137801483,2.304386427
9,269,211318720,67,1.278350893,0.142569640,0.137801483,2.404145454
16,269,211318720,67,1.294309936,0.142569640,0.137801483,2.410245480
19,269,211318720,67,1.414402113,0.142569640,0.137801483,2.376290728
25,269,211318720,67,0.698254705,0.142569640,0.137801483,3.122303519
2,269,211318720,67,0.832073278,0.142569640,0.137801483,3.027214936
23,270,211318720,67,0.218636321,0.142569640,0.035025146,0.079001563
7,270,211318720,67,0.340840754,0.142569640,0.035025146,0.413037985
19,270,211318720,67,0.357826991,0.142569640,0.035025146,0.459743407
17,270,211318720,67,0.387058100,0.142569640,0.035025146,0.539078604
16,270,211318720,67,0.407748930,0.142569640,0.035025146,0.588634499
6,270,211318720,67,0.469331802,0.142569640,0.035025146,0.694475687
11,270,211318720,67,0.496683722,0.142569640,0.035025146,0.723449527
9,270,211318720,67,0.515830983,0.142569640,0.035025146,0.730692480
10,270,211318720,67,0.698254705,0.142569640,0.035025146,0.896964458
29,270,211318720,67,0.756670836,0.142569640,0.035025146,1.036215947
30,270,211318720,67,0.790535894,0.142569640,0.035025146,1.095145009
1,270,211318720,67,0.799520819,0.142569640,0.035025146,1.104306254
5,270,211318720,67,0.832820764,0.142569640,0.035025146,1.137526593
3,270,211318720,67,0.346780912,0.142569640,0.035025146,1.635320585
13,270,211318720,67,0.945577756,0.142569640,0.035025146,1.346632940
25,270,211318720,67,0.990430268,0.142569640,0.035025146,1.445084187
28,270,211318720,67,1.007648939,0.142569640,0.035025146,1.474819576
12,270,211318720,67,1.021439625,0.142569640,0.035025146,1.489713602
15,270,211318720,67,1.101347065,0.142569640,0.035025146,1.610899582
8,270,211318720,67,1.163510533,0.142569640,0.035025146,1.675002492
14,270,211318720,67,1.188858293,0.142569640,0.035025146,1.685000718
26,270,211318720,67,1.374381413,0.142569640,0.035025146,1.726856140
20,270,211318720,67,1.720860573,0.142569640,0.035025146,1.725886594
4,270,211318720,67,2.036967590,0.142569640,0.035025146,1.844671474
2,270,211318720,67,2.070019088,0.142569640,0.035025146,1.878845785
22,270,211318720,67,2.122991969,0.142569640,0.035025146,1.899941151
18,270,211318720,67,2.487518451,0.142569640,0.035025146,1.925344404
27,270,211318720,67,2.580293565,0.142569640,0.035025146,1.961248526
21,270,211318720,67,3.042432322,0.142569640,0.035025146,1.927841657
24,270,211318720,67,3.411740796,0.142569640,0.035025146,1.821772337
23,271,211318720,67,0.218636321,0.142569640,0.103276268,0.201401480
4,271,211318720,67,0.272776191,0.142569640,0.103276268,0.324987706
5,271,211318720,67,0.281178980,0.142569640,0.103276268,0.351166048
27,271,211318720,67,0.310267843,0.142569640,0.103276268,0.420693907
7,271,211318720,67,0.391378383,0.142569640,0.103276268,0.697436671
10,271,211318720,67,0.401427962,0.142569640,0.103276268,0.734487070
18,271,211318720,67,0.407748930,0.142569640,0.103276268,0.754000384
9,271,211318720,67,0.459292393,0.142569640,0.103276268,0.877455053
20,271,211318720,67,0.469331802,0.142569640,0.103276268,0.894457029
14,271,211318720,67,0.491628020,0.142569640,0.103276268,0.917650083
12,271,211318720,67,0.507433692,0.142569640,0.103276268,0.924226732
26,271,211318720,67,0.689012139,0.142569640,0.103276268,1.080253516
30,271,211318720,67,0.764463287,0.142569640,0.103276268,1.360411904
16,271,211318720,67,0.781082769,0.142569640,0.103276268,1.411006425
13,271,211318720,67,0.802276566,0.142569640,0.103276268,1.464090400
25,271,211318720,67,0.815600578,0.142569640,0.103276268,1.503684389
6,271,211318720,67,0.821650137,0.142569640,0.103276268,1.518201609
17,271,211318720,67,0.832073278,0.142569640,0.103276268,1.536055890
8,271,211318720,67,0.941278721,0.142569640,0.103276268,1.717350108
3,271,211318720,67,0.945577756,0.142569640,0.103276268,1.721232286
24,271,211318720,67,0.986327720,0.142569640,0.103276268,1.753826374
19,271,211318720,67,1.104358980,0.142569640,0.103276268,1.844676089
1,271,211318720,67,1.185253134,0.142569640,0.103276268,1.965267202
28,271,211318720,67,1.241069629,0.142569640,0.103276268,2.023323943
21,271,211318720,67,1.275961791,0.142569640,0.103276268,2.039649380
29,271,211318720,67,1.414402113,0.142569640,0.103276268,2.293112522
2,271,211318720,67,1.423528796,0.142569640,0.103276268,2.308937831
22,271,211318720,67,1.436765414,0.142569640,0.103276268,2.322445008
11,271,211318720,67,1.509114459,0.142569640,0.103276268,2.349982060
15,271,211318720,67,3.341109767,0.142569640,0.103276268,1.842823554
3,272,211318720,67,0.272776191,0.142569640,0.023349786,0.196530894
12,272,211318720,67,0.340840754,0.142569640,0.023349786,0.510384856
24,272,211318720,67,0.346780912,0.142569640,0.023349786,0.536251590
21,272,211318720,67,0.387058100,0.142569640,0.023349786,0.721618763
11,272,211318720,67,0.391378383,0.142569640,0.023349786,0.740633996
5,272,211318720,67,0.406314018,0.142569640,0.023349786,0.796761386
10,272,211318720,67,0.406369678,0.142569640,0.023349786,0.796938441
15,272,211318720,67,0.416831058,0.142569640,0.023349786,0.828813628
13,272,211318720,67,0.459361129,0.142569640,0.023349786,0.930811129
25,272,211318720,67,0.497832446,0.142569640,0.023349786,0.996603988
16,272,211318720,67,0.507433692,0.142569640,0.023349786,1.006224332
17,272,211318720,67,0.549024150,0.142569640,0.023349786,1.023164095
18,272,211318720,67,0.737725058,0.142569640,0.023349786,1.244364821
19,272,211318720,67,0.815600578,0.142569640,0.023349786,1.395577683
20,272,211318720,67,0.823874673,0.142569640,0.023349786,1.404582977
27,272,211318720,67,0.846862281,0.142569640,0.023349786,1.413612517
26,272,211318720,67,1.007648939,0.142569640,0.023349786,1.691144220
23,272,211318720,67,1.044856486,0.142569640,0.023349786,1.757330570
1,272,211318720,67,1.101347065,0.142569640,0.023349786,1.854165530
29,272,211318720,67,1.102987746,0.142569640,0.023349786,1.856030787
28,272,211318720,67,1.185253134,0.142569640,0.023349786,1.920349876
7,272,211318720,67,1.278350893,0.142569640,0.023349786,1.956906862
14,272,211318720,67,1.509114459,0.142569640,0.023349786,1.986483836
2,272,211318720,67,0.764463287,0.142569640,0.023349786,3.182800189
8,272,211318720,67,2.280323170,0.142569640,0.023349786,1.869254610
6,272,211318720,67,2.487518451,0.142569640,0.023349786,2.023894486
30,272,211318720,67,2.500940347,0.142569640,0.023349786,2.037634472
22,272,211318720,67,2.580293565,0.142569640,0.023349786,2.068694080
9,272,211318720,67,0.998676963,0.142569640,0.023349786,3.753296629
4,272,211318720,67,3.042432322,0.142569640,0.023349786,1.938259851
17,273,211318720,67,0.291309717,0.142569640,0.012275553,0.521005296
8,273,211318720,67,0.294632521,0.142569640,0.012275553,0.535675390
25,273,211318720,67,0.299654210,0.142569640,0.012275553,0.554432844
14,273,211318720,67,0.310267843,0.142569640,0.012275553,0.587152707
19,273,211318720,67,0.331808595,0.142569640,0.012275553,0.638054903
11,273,211318720,67,0.333771051,0.142569640,0.012275553,0.641406805
15,273,211318720,67,0.344720398,0.142569640,0.012275553,0.652783137
21,273,211318720,67,0.420773321,0.142569640,0.012275553,0.681828462
20,273,211318720,67,0.687056158,0.142569640,0.012275553,1.023785621
1,273,211318720,67,0.689012139,0.142569640,0.012275553,1.029647768
9,273,211318720,67,0.698254705,0.142569640,0.012275553,1.050195473
24,273,211318720,67,0.756670836,0.142569640,0.012275553,1.131780067
18,273,211318720,67,0.828887397,0.142569640,0.012275553,1.261927984
16,273,211318720,67,0.867005483,0.142569640,0.012275553,1.365059675
28,273,211318720,67,0.940637450,0.142569640,0.012275553,1.570236638
10,273,211318720,67,0.941278721,0.142569640,0.012275553,1.572182247
22,273,211318720,67,0.952025692,0.142569640,0.012275553,1.597924493
4,273,211318720,67,0.990430268,0.142569640,0.012275553,1.663878290
29,273,211318720,67,1.044856486,0.142569640,0.012275553,1.722565183
6,273,211318720,67,1.077776804,0.142569640,0.012275553,1.754283076
12,273,211318720,67,1.205812777,0.142569640,0.012275553,1.890118701
5,273,211318720,67,1.205968091,0.142569640,0.012275553,1.890145254
13,273,211318720,67,1.423528796,0.142569640,0.012275553,1.923959274
30,273,211318720,67,1.720860573,0.142569640,0.012275553,1.934592353
27,273,211318720,67,0.695802929,0.142569640,0.012275553,3.003802100
3,273,211318720,67,2.242581386,0.142569640,0.012275553,1.936477429
2,273,211318720,67,2.303361475,0.142569640,0.012275553,1.961338123
7,273,211318720,67,2.452082856,0.142569640,0.012275553,2.084066019
26,273,211318720,67,2.487518451,0.142569640,0.012275553,2.097615088
23,273,211318720,67,2.575342822,0.142569640,0.012275553,2.072680266
21,274,211318720,67,0.274486776,0.142569640,0.050574176,0.424420240
24,274,211318720,67,0.281178980,0.142569640,0.050574176,0.460248484
11,274,211318720,67,0.294632521,0.142569640,0.050574176,0.528287599
23,274,211318720,67,0.309103827,0.142569640,0.050574176,0.591343707
25,274,211318720,67,0.347471629,0.142569640,0.050574176,0.733979571
4,274,211318720,67,0.367044128,0.142569640,0.050574176,0.793962777
26,274,211318720,67,0.384120181,0.142569640,0.050574176,0.844466615
22,274,211318720,67,0.391378383,0.142569640,0.050574176,0.866855037
29,274,211318720,67,0.407748930,0.142569640,0.050574176,0.906064869
19,274,211318720,67,0.420513033,0.142569640,0.050574176,0.928045331
8,274,211318720,67,0.515830983,0.142569640,0.050574176,1.029211814
20,274,211318720,67,0.522957550,0.142569640,0.050574176,1.036853056
13,274,211318720,67,0.656366503,0.142569640,0.050574176,1.306059621
3,274,211318720,67,0.689012139,0.142569640,0.050574176,1.401584013
2,274,211318720,67,0.695802929,0.142569640,0.050574176,1.426330163
6,274,211318720,67,0.737146514,0.142569640,0.050574176,1.552957127
27,274,211318720,67,0.746840162,0.142569640,0.050574176,1.575842676
28,274,211318720,67,0.815600578,0.142569640,0.050574176,1.706544739
18,274,211318720,67,0.821650137,0.142569640,0.050574176,1.717198403
17,274,211318720,67,0.832073278,0.142569640,0.050574176,1.728321638
15,274,211318720,67,0.941278721,0.142569640,0.050574176,1.942154338
30,274,211318720,67,0.990430268,0.142569640,0.050574176,2.093003827
14,274,211318720,67,1.007648939,0.142569640,0.050574176,2.133791420
5,274,211318720,67,1.021439625,0.142569640,0.050574176,2.157469296
1,274,211318720,67,1.065657761,0.142569640,0.050574176,2.220792501
12,274,211318720,67,1.077776804,0.142569640,0.050574176,2.241536942
7,274,211318720,67,1.185253134,0.142569640,0.050574176,2.415485663
16,274,211318720,67,1.205812777,0.142569640,0.050574176,2.437892969
10,274,211318720,67,1.235957661,0.142569640,0.050574176,2.448437481
9,274,211318720,67,2.122991969,0.142569640,0.050574176,2.201706573
9,275,211318720,67,0.205499149,0.142569640,0.005988489,0.065393016
13,275,211318720,67,0.333771051,0.142569640,0.005988489,0.282769279
23,275,211318720,67,0.344720398,0.142569640,0.005988489,0.301896866
22,275,211318720,67,0.357826991,0.142569640,0.005988489,0.315981517
20,275,211318720,67,0.469100688,0.142569640,0.005988489,0.401296955
1,275,211318720,67,0.549024150,0.142569640,0.005988489,0.432365725
15,275,211318720,67,0.695802929,0.142569640,0.005988489,0.636461153
28,275,211318720,67,0.714799086,0.142569640,0.005988489,0.694921070
16,275,211318720,67,0.790535894,0.142569640,0.005988489,0.875497421
5,275,211318720,67,0.799520819,0.142569640,0.005988489,0.890965981
12,275,211318720,67,0.828887397,0.142569640,0.005988489,0.924351712
8,275,211318720,67,0.832820764,0.142569640,0.005988489,0.928572226
7,275,211318720,67,0.969201848,0.142569640,0.005988489,1.228512951
3,275,211318720,67,0.990430268,0.142569640,0.005988489,1.276093437
11,275,211318720,67,0.998676963,0.142569640,0.005988489,1.284877150
29,275,211318720,67,1.102987746,0.142569640,0.005988489,1.432777876
14,275,211318720,67,1.165294969,0.142569640,0.005988489,1.548508014
30,275,211318720,67,1.205812777,0.142569640,0.005988489,1.618094183
27,275,211318720,67,1.205968091,0.142569640,0.005988489,1.618290155
25,275,211318720,67,1.294309936,0.142569640,0.005988489,1.678424595
2,275,211318720,67,1.414402113,0.142569640,0.005988489,1.827563361
6,275,211318720,67,1.423528796,0.142569640,0.005988489,1.836887620
18,275,211318720,67,1.522868244,0.142569640,0.005988489,1.924245028
19,275,211318720,67,1.591305991,0.142569640,0.005988489,1.951336875
26,275,211318720,67,1.934453384,0.142569640,0.005988489,1.950326655
17,275,211318720,67,2.122991969,0.142569640,0.005988489,1.995093951
10,275,211318720,67,0.986327720,0.142569640,0.005988489,3.251560741
24,275,211318720,67,2.502933016,0.142569640,0.005988489,2.005313806
4,275,211318720,67,2.610934393,0.142569640,0.005988489,2.048064118
21,275,211318720,67,3.341109767,0.142569640,0.005988489,1.844287879
28,276,211318720,67,0.218636321,0.142569640,0.035681151,0.161448833
16,276,211318720,67,0.309103827,0.142569640,0.035681151,0.694178839
1,276,211318720,67,0.333771051,0.142569640,0.035681151,0.859676169
27,276,211318720,67,0.344720398,0.142569640,0.035681151,0.922451562
17,276,211318720,67,0.347471629,0.142569640,0.035681151,0.936396434
3,276,211318720,67,0.349695505,0.142569640,0.035681151,0.946722967
23,276,211318720,67,0.357826991,0.142569640,0.035681151,0.984298698
5,276,211318720,67,0.366496772,0.142569640,0.035681151,1.021871278
10,276,211318720,67,0.384120181,0.142569640,0.035681151,1.086563532
7,276,211318720,67,0.420513033,0.142569640,0.035681151,1.207593058
15,276,211318720,67,0.430501742,0.142569640,0.035681151,1.237574345
13,276,211318720,67,0.459292393,0.142569640,0.035681151,1.306555915
4,276,211318720,67,0.491628020,0.142569640,0.035681151,1.362297942
9,276,211318720,67,0.497832446,0.142569640,0.035681151,1.368514096
22,276,211318720,67,0.549024150,0.142569640,0.035681151,1.391370128
18,276,211318720,67,0.689012139,0.142569640,0.035681151,1.511928419
30,276,211318720,67,0.815600578,0.142569640,0.035681151,1.713207339
29,276,211318720,67,0.828887397,0.142569640,0.035681151,1.727193581
19,276,211318720,67,0.917862357,0.142569640,0.035681151,1.837052518
11,276,211318720,67,0.998676963,0.142569640,0.035681151,1.947419465
21,276,211318720,67,1.009629524,0.142569640,0.035681151,1.959016800
2,276,211318720,67,1.102987746,0.142569640,0.035681151,2.047998593
24,276,211318720,67,1.165294969,0.142569640,0.035681151,2.086609728
20,276,211318720,67,0.328114621,0.142569640,0.035681151,2.944635015
12,276,211318720,67,1.289231248,0.142569640,0.035681151,2.217444928
26,276,211318720,67,1.304662576,0.142569640,0.035681151,2.222838062
6,276,211318720,67,2.241835908,0.142569640,0.035681151,2.057648054
14,276,211318720,67,0.752566429,0.142569640,0.035681151,3.726559277
25,276,211318720,67,2.452082856,0.142569640,0.035681151,2.092354147
8,276,211318720,67,2.575342822,0.142569640,0.035681151,2.057663414
4,277,211318720,67,0.217175369,0.142569640,0.144890651,0.092897214
10,277,211318720,67,0.325376681,0.142569640,0.144890651,0.431866569
23,277,211318720,67,0.338645076,0.142569640,0.144890651,0.489600168
11,277,211318720,67,0.384120181,0.142569640,0.144890651,0.659439205
22,277,211318720,67,0.387058100,0.142569640,0.144890651,0.668517796
21,277,211318720,67,0.406314018,0.142569640,0.144890651,0.715072975
14,277,211318720,67,0.407748930,0.142569640,0.144890651,0.717538110
3,277,211318720,67,0.420513033,0.142569640,0.144890651,0.731169155
28,277,211318720,67,0.469100688,0.142569640,0.144890651,0.750410049
16,277,211318720,67,0.689012139,0.142569640,0.144890651,0.995794271
24,277,211318720,67,0.737725058,0.142569640,0.144890651,1.274469152
18,277,211318720,67,0.799520819,0.142569640,0.144890651,1.558475125
7,277,211318720,67,0.802276566,0.142569640,0.144890651,1.568392016
19,277,211318720,67,0.815600578,0.142569640,0.144890651,1.608617714
2,277,211318720,67,0.822148367,0.142569640,0.144890651,1.624345529
5,277,211318720,67,0.823874673,0.142569640,0.144890651,1.627362779
12,277,211318720,67,0.832820764,0.142569640,0.144890651,1.636843722
8,277,211318720,67,0.917862357,0.142569640,0.144890651,1.746622711
17,277,211318720,67,0.999831002,0.142569640,0.144890651,1.857445293
6,277,211318720,67,1.007648939,0.142569640,0.144890651,1.865471677
9,277,211318720,67,1.104358980,0.142569640,0.144890651,1.902943641
27,277,211318720,67,1.294309936,0.142569640,0.144890651,1.999496081
29,277,211318720,67,1.349170437,0.142569640,0.144890651,2.019928690
25,277,211318720,67,1.591305991,0.142569640,0.144890651,2.099731917
15,277,211318720,67,1.657194393,0.142569640,0.144890651,2.125693888
13,277,211318720,67,2.036967590,0.142569640,0.144890651,2.115447484
20,277,211318720,67,0.769230066,0.142569640,0.144890651,3.523522407
26,277,211318720,67,0.764463287,0.142569640,0.144890651,3.528617509
30,277,211318720,67,2.580293565,0.142569640,0.144890651,2.058855662
1,277,211318720,67,2.759003758,0.142569640,0.144890651,2.009308501






















































































































































































































































































































































































































































































































































































































































































































































































































































































































































































































































































































































































































































































































































































































































































































































































































































