client-id,round_number,workload,bg-workload,computation-time,client-queue-delay,propagation-delay,station-queue-delay
4,1,211318720,67,0.281178980,0.142569611,0.179256409,0.208350242
10,1,211318720,67,0.333771051,0.142569611,0.179256409,0.418295806
30,1,211318720,67,0.357859759,0.142569611,0.179256409,0.541060119
11,1,211318720,67,0.384120181,0.142569611,0.179256409,0.656897347
8,1,211318720,67,0.401123492,0.142569611,0.179256409,0.719935198
16,1,211318720,67,0.411648825,0.142569611,0.179256409,0.755344016
2,1,211318720,67,0.430501742,0.142569611,0.179256409,0.812940578
28,1,211318720,67,0.459292393,0.142569611,0.179256409,0.881408146
18,1,211318720,67,0.469331802,0.142569611,0.179256409,0.898773167
6,1,211318720,67,0.471067229,0.142569611,0.179256409,0.900737577
27,1,211318720,67,0.549024150,0.142569611,0.179256409,0.969321068
9,1,211318720,67,0.635595755,0.142569611,0.179256409,1.088564151
7,1,211318720,67,0.689012139,0.142569611,0.179256409,1.215315767
13,1,211318720,67,0.756670836,0.142569611,0.179256409,1.421857902
29,1,211318720,67,0.757188691,0.142569611,0.179256409,1.423000261
19,1,211318720,67,0.799520819,0.142569611,0.179256409,1.495450131
21,1,211318720,67,0.815600578,0.142569611,0.179256409,1.512466422
3,1,211318720,67,0.828887397,0.142569611,0.179256409,1.517644996
1,1,211318720,67,0.986327720,0.142569611,0.179256409,1.683719127
26,1,211318720,67,1.009629524,0.142569611,0.179256409,1.708501056
22,1,211318720,67,1.076130101,0.142569611,0.179256409,1.770646740
12,1,211318720,67,1.163510533,0.142569611,0.179256409,1.872855983
25,1,211318720,67,1.241069629,0.142569611,0.179256409,2.011174633
24,1,211318720,67,1.284436966,0.142569611,0.179256409,2.086384256
14,1,211318720,67,1.289231248,0.142569611,0.179256409,2.091529593
15,1,211318720,67,1.374381413,0.142569611,0.179256409,2.123672719
23,1,211318720,67,2.242581386,0.142569611,0.179256409,2.049726531
5,1,211318720,67,2.280323170,0.142569611,0.179256409,2.087917039
17,1,211318720,67,2.387739789,0.142569611,0.179256409,2.130073323
20,1,211318720,67,2.759003758,0.142569611,0.179256409,2.129222385
29,2,211318720,67,0.281178980,0.142569611,0.006237499,0.394982451
19,2,211318720,67,0.309103827,0.142569611,0.006237499,0.508005334
16,2,211318720,67,0.331808595,0.142569611,0.006237499,0.576325132
4,2,211318720,67,0.340022068,0.142569611,0.006237499,0.595607005
12,2,211318720,67,0.372439086,0.142569611,0.006237499,0.651544838
18,2,211318720,67,0.401427962,0.142569611,0.006237499,0.714149499
3,2,211318720,67,0.406369678,0.142569611,0.006237499,0.722780761
30,2,211318720,67,0.515830983,0.142569611,0.006237499,0.907621988
7,2,211318720,67,0.522957550,0.142569611,0.006237499,0.915341448
13,2,211318720,67,0.549024150,0.142569611,0.006237499,0.940052163
8,2,211318720,67,0.668942036,0.142569611,0.006237499,1.067416646
21,2,211318720,67,0.747118578,0.142569611,0.006237499,1.324001691
6,2,211318720,67,0.757188691,0.142569611,0.006237499,1.354679574
27,2,211318720,67,0.294632521,0.142569611,0.006237499,1.915180786
14,2,211318720,67,0.806589981,0.142569611,0.006237499,1.483332016
1,2,211318720,67,0.819719265,0.142569611,0.006237499,1.522926619
28,2,211318720,67,0.832073278,0.142569611,0.006237499,1.551408240
20,2,211318720,67,0.832820764,0.142569611,0.006237499,1.552736437
17,2,211318720,67,0.940637450,0.142569611,0.006237499,1.736537075
2,2,211318720,67,0.941278721,0.142569611,0.006237499,1.738120223
9,2,211318720,67,1.009629524,0.142569611,0.006237499,1.888037037
5,2,211318720,67,1.055621497,0.142569611,0.006237499,1.966677359
23,2,211318720,67,1.077776804,0.142569611,0.006237499,1.989962621
22,2,211318720,67,1.349170437,0.142569611,0.006237499,2.025490025
15,2,211318720,67,1.522868244,0.142569611,0.006237499,2.073209037
11,2,211318720,67,1.854731332,0.142569611,0.006237499,2.071689684
10,2,211318720,67,2.122991969,0.142569611,0.006237499,2.138341340
25,2,211318720,67,2.194425436,0.142569611,0.006237499,2.165098786
24,2,211318720,67,2.851214341,0.142569611,0.006237499,1.981966161
26,2,211318720,67,1.102987746,0.142569611,0.006237499,3.744226829
12,3,211318720,67,0.218636321,0.142569610,0.064545587,0.086916098
5,3,211318720,67,0.331808595,0.142569610,0.064545587,0.534899026
8,3,211318720,67,0.344720398,0.142569610,0.064545587,0.599934775
21,3,211318720,67,0.357826991,0.142569610,0.064545587,0.657647726
7,3,211318720,67,0.387058100,0.142569610,0.064545587,0.770549452
29,3,211318720,67,0.401427962,0.142569610,0.064545587,0.823972241
17,3,211318720,67,0.402068091,0.142569610,0.064545587,0.826033612
18,3,211318720,67,0.420281467,0.142569610,0.064545587,0.869523785
14,3,211318720,67,0.420773321,0.142569610,0.064545587,0.870344727
26,3,211318720,67,0.434572014,0.142569610,0.064545587,0.884805654
3,3,211318720,67,0.522957550,0.142569610,0.064545587,0.917752255
28,3,211318720,67,0.714799086,0.142569610,0.064545587,1.212924826
10,3,211318720,67,0.752566429,0.142569610,0.064545587,1.318090556
24,3,211318720,67,0.781082769,0.142569610,0.064545587,1.370901761
30,3,211318720,67,0.821650137,0.142569610,0.064545587,1.452761432
25,3,211318720,67,0.917862357,0.142569610,0.064545587,1.646701702
1,3,211318720,67,0.940637450,0.142569610,0.064545587,1.691413837
4,3,211318720,67,0.984046731,0.142569610,0.064545587,1.766411937
19,3,211318720,67,0.998676963,0.142569610,0.064545587,1.782556468
22,3,211318720,67,1.076130101,0.142569610,0.064545587,1.835432886
9,3,211318720,67,1.183831296,0.142569610,0.064545587,1.952341763
27,3,211318720,67,1.235957661,0.142569610,0.064545587,2.005656881
20,3,211318720,67,1.304662576,0.142569610,0.064545587,2.032381974
6,3,211318720,67,2.070019088,0.142569610,0.064545587,2.019670548
11,3,211318720,67,2.122991969,0.142569610,0.064545587,2.074948596
15,3,211318720,67,2.141684867,0.142569610,0.064545587,2.082110034
16,3,211318720,67,2.656838111,0.142569610,0.064545587,2.032454453
13,3,211318720,67,3.341109767,0.142569610,0.064545587,1.841609709
2,3,211318720,67,0.737146514,0.142569610,0.064545587,4.486106114
23,3,211318720,67,0.815600578,0.142569610,0.064545587,4.423196956
20,4,211318720,67,0.205499149,0.142569610,0.029373439,0.174272191
1,4,211318720,67,0.218636321,0.142569610,0.029373439,0.196558902
23,4,211318720,67,0.301447636,0.142569610,0.029373439,0.447809394
6,4,211318720,67,0.344720398,0.142569610,0.029373439,0.637140939
19,4,211318720,67,0.387058100,0.142569610,0.029373439,0.809340371
11,4,211318720,67,0.391378383,0.142569610,0.029373439,0.825538947
24,4,211318720,67,0.393703093,0.142569610,0.029373439,0.832603076
22,4,211318720,67,0.405338182,0.142569610,0.029373439,0.860787550
30,4,211318720,67,0.420513033,0.142569610,0.029373439,0.886618246
14,4,211318720,67,0.420773321,0.142569610,0.029373439,0.886853414
18,4,211318720,67,0.507433692,0.142569610,0.029373439,0.920379900
7,4,211318720,67,0.752566429,0.142569610,0.029373439,1.010223320
13,4,211318720,67,0.802276566,0.142569610,0.029373439,1.032080775
8,4,211318720,67,0.941278721,0.142569610,0.029373439,1.287813481
4,4,211318720,67,0.945577756,0.142569610,0.029373439,1.298212341
15,4,211318720,67,1.009629524,0.142569610,0.029373439,1.441464471
25,4,211318720,67,1.021439625,0.142569610,0.029373439,1.461152809
5,4,211318720,67,1.055621497,0.142569610,0.029373439,1.496526280
27,4,211318720,67,1.104358980,0.142569610,0.029373439,1.522711062
9,4,211318720,67,1.235957661,0.142569610,0.029373439,1.641923715
29,4,211318720,67,1.278350893,0.142569610,0.029373439,1.657954352
12,4,211318720,67,1.522868244,0.142569610,0.029373439,1.683800974
16,4,211318720,67,1.772163784,0.142569610,0.029373439,1.749465712
28,4,211318720,67,1.854731332,0.142569610,0.029373439,1.782241028
26,4,211318720,67,2.070019088,0.142569610,0.029373439,1.865580607
21,4,211318720,67,2.502933016,0.142569610,0.029373439,1.954103231
17,4,211318720,67,2.575342822,0.142569610,0.029373439,2.029580808
3,4,211318720,67,2.610934393,0.142569610,0.029373439,2.043365173
10,4,211318720,67,3.042432322,0.142569610,0.029373439,1.923460537
2,4,211318720,67,2.141684867,0.142569610,0.029373439,2.876651111
15,5,211318720,67,0.272776191,0.142569610,0.101001762,0.287192821
6,5,211318720,67,0.274486776,0.142569610,0.101001762,0.291376344
7,5,211318720,67,0.333771051,0.142569610,0.101001762,0.467878225
17,5,211318720,67,0.346780912,0.142569610,0.101001762,0.498605580
26,5,211318720,67,0.357826991,0.142569610,0.101001762,0.519977030
12,5,211318720,67,0.420513033,0.142569610,0.101001762,0.629042647
24,5,211318720,67,0.496683722,0.142569610,0.101001762,0.662217695
9,5,211318720,67,0.689012139,0.142569610,0.101001762,0.999784979
14,5,211318720,67,0.747118578,0.142569610,0.101001762,1.143867248
20,5,211318720,67,0.752566429,0.142569610,0.101001762,1.156812208
13,5,211318720,67,0.832073278,0.142569610,0.101001762,1.334626939
4,5,211318720,67,0.846862281,0.142569610,0.101001762,1.381485449
10,5,211318720,67,0.867005483,0.142569610,0.101001762,1.449643893
3,5,211318720,67,0.940637450,0.142569610,0.101001762,1.742300407
30,5,211318720,67,0.969201848,0.142569610,0.101001762,1.857205954
25,5,211318720,67,0.986327720,0.142569610,0.101001762,1.909362948
11,5,211318720,67,0.999831002,0.142569610,0.101001762,1.941706468
29,5,211318720,67,1.024237500,0.142569610,0.101001762,1.983773016
16,5,211318720,67,1.044856486,0.142569610,0.101001762,2.005912544
21,5,211318720,67,1.077776804,0.142569610,0.101001762,2.039680995
2,5,211318720,67,0.420773321,0.142569610,0.101001762,2.759346260
22,5,211318720,67,1.188858293,0.142569610,0.101001762,2.211854295
18,5,211318720,67,1.235957661,0.142569610,0.101001762,2.291442658
27,5,211318720,67,1.275961791,0.142569610,0.101001762,2.333912477
19,5,211318720,67,1.289231248,0.142569610,0.101001762,2.338864399
1,5,211318720,67,1.509114459,0.142569610,0.101001762,2.373896474
8,5,211318720,67,0.635595755,0.142569610,0.101001762,3.282433309
23,5,211318720,67,2.387739789,0.142569610,0.101001762,2.127999421
28,5,211318720,67,0.952025692,0.142569610,0.101001762,3.582706855
5,5,211318720,67,0.670439746,0.142569610,0.101001762,3.929867418
1,6,211318720,67,0.218636321,0.142569610,0.078106485,0.137511669
18,6,211318720,67,0.299654210,0.142569610,0.078106485,0.359689099
5,6,211318720,67,0.352250991,0.142569610,0.078106485,0.509186171
12,6,211318720,67,0.366496772,0.142569610,0.078106485,0.559335761
15,6,211318720,67,0.416831058,0.142569610,0.078106485,0.744536654
4,6,211318720,67,0.420513033,0.142569610,0.078106485,0.758155547
7,6,211318720,67,0.469100688,0.142569610,0.078106485,0.906458680
3,6,211318720,67,0.496683722,0.142569610,0.078106485,0.973062398
28,6,211318720,67,0.497832446,0.142569610,0.078106485,0.975174147
16,6,211318720,67,0.522957550,0.142569610,0.078106485,1.001290437
23,6,211318720,67,0.549024150,0.142569610,0.078106485,1.012066508
8,6,211318720,67,0.694847525,0.142569610,0.078106485,1.300251910
19,6,211318720,67,0.695802929,0.142569610,0.078106485,1.301941975
17,6,211318720,67,0.714799086,0.142569610,0.078106485,1.321605900
26,6,211318720,67,0.309103827,0.142569610,0.078106485,1.741040565
2,6,211318720,67,0.752566429,0.142569610,0.078106485,1.336224047
14,6,211318720,67,0.919655903,0.142569610,0.078106485,1.512263760
24,6,211318720,67,0.940637450,0.142569610,0.078106485,1.534638566
9,6,211318720,67,0.986327720,0.142569610,0.078106485,1.551552599
27,6,211318720,67,1.165294969,0.142569610,0.078106485,1.722587116
30,6,211318720,67,1.188858293,0.142569610,0.078106485,1.747583558
29,6,211318720,67,1.235957661,0.142569610,0.078106485,1.764836358
25,6,211318720,67,1.414402113,0.142569610,0.078106485,1.830876275
6,6,211318720,67,1.522868244,0.142569610,0.078106485,1.873317908
21,6,211318720,67,1.772163784,0.142569610,0.078106485,1.900002198
13,6,211318720,67,1.934453384,0.142569610,0.078106485,1.949888555
10,6,211318720,67,2.141684867,0.142569610,0.078106485,1.986388962
20,6,211318720,67,2.452082856,0.142569610,0.078106485,2.065032881
11,6,211318720,67,2.487518451,0.142569610,0.078106485,2.079180579
22,6,211318720,67,2.759003758,0.142569610,0.078106485,2.000864344
28,7,211318720,67,0.205499149,0.142569610,0.118175805,0.287703511
15,7,211318720,67,0.217175369,0.142569610,0.118175805,0.338318942
26,7,211318720,67,0.262618358,0.142569610,0.118175805,0.508335165
10,7,211318720,67,0.291309717,0.142569610,0.118175805,0.624296912
12,7,211318720,67,0.325376681,0.142569610,0.118175805,0.773034620
20,7,211318720,67,0.340022068,0.142569610,0.118175805,0.826981596
4,7,211318720,67,0.340840754,0.142569610,0.118175805,0.829451134
17,7,211318720,67,0.416831058,0.142569610,0.118175805,1.061166278
16,7,211318720,67,0.420513033,0.142569610,0.118175805,1.072454348
22,7,211318720,67,0.420773321,0.142569610,0.118175805,1.073123336
24,7,211318720,67,0.452040546,0.142569610,0.118175805,1.126453854
1,7,211318720,67,0.519929897,0.142569610,0.118175805,1.198239686
21,7,211318720,67,0.522957550,0.142569610,0.118175805,1.199410785
25,7,211318720,67,0.752566429,0.142569610,0.118175805,1.587086233
9,7,211318720,67,0.757188691,0.142569610,0.118175805,1.601329856
27,7,211318720,67,0.769230066,0.142569610,0.118175805,1.630566341
11,7,211318720,67,0.781082769,0.142569610,0.118175805,1.650997186
7,7,211318720,67,0.832820764,0.142569610,0.118175805,1.684909293
8,7,211318720,67,1.009629524,0.142569610,0.118175805,1.762255075
5,7,211318720,67,0.309103827,0.142569610,0.118175805,2.497353768
3,7,211318720,67,1.102987746,0.142569610,0.118175805,1.915906017
30,7,211318720,67,1.165294969,0.142569610,0.118175805,2.023893458
2,7,211318720,67,1.188858293,0.142569610,0.118175805,2.048681861
14,7,211318720,67,1.205812777,0.142569610,0.118175805,2.055746926
29,7,211318720,67,1.414402113,0.142569610,0.118175805,2.091833256
13,7,211318720,67,2.194425436,0.142569610,0.118175805,2.031496279
18,7,211318720,67,2.241835908,0.142569610,0.118175805,2.048456223
23,7,211318720,67,2.387739789,0.142569610,0.118175805,2.103204489
19,7,211318720,67,2.500940347,0.142569610,0.118175805,2.071391078
6,7,211318720,67,0.802276566,0.142569610,0.118175805,3.770744363
14,8,211318720,67,0.325376681,0.142569610,0.019108275,0.483115383
6,8,211318720,67,0.328114621,0.142569610,0.019108275,0.498897884
12,8,211318720,67,0.331927073,0.142569610,0.019108275,0.518383136
2,8,211318720,67,0.347471629,0.142569610,0.019108275,0.586881641
30,8,211318720,67,0.407748930,0.142569610,0.019108275,0.876507939
23,8,211318720,67,0.411648825,0.142569610,0.019108275,0.890799998
10,8,211318720,67,0.420773321,0.142569610,0.019108275,0.919017105
3,8,211318720,67,0.459292393,0.142569610,0.019108275,1.011495271
15,8,211318720,67,0.459361129,0.142569610,0.019108275,1.011589028
17,8,211318720,67,0.496683722,0.142569610,0.019108275,1.051215335
27,8,211318720,67,0.497832446,0.142569610,0.019108275,1.051793381
21,8,211318720,67,0.714799086,0.142569610,0.019108275,1.302765230
11,8,211318720,67,0.737725058,0.142569610,0.019108275,1.373433356
5,8,211318720,67,0.746840162,0.142569610,0.019108275,1.395566910
7,8,211318720,67,0.809045384,0.142569610,0.019108275,1.502909945
4,8,211318720,67,0.822148367,0.142569610,0.019108275,1.525503332
25,8,211318720,67,0.846862281,0.142569610,0.019108275,1.551203043
1,8,211318720,67,0.952025692,0.142569610,0.019108275,1.660016764
28,8,211318720,67,1.021439625,0.142569610,0.019108275,1.732990260
9,8,211318720,67,1.275961791,0.142569610,0.019108275,1.878103547
24,8,211318720,67,1.284436966,0.142569610,0.019108275,1.886163544
18,8,211318720,67,0.401123492,0.142569610,0.019108275,2.778574380
26,8,211318720,67,1.414402113,0.142569610,0.019108275,1.959455804
19,8,211318720,67,1.522868244,0.142569610,0.019108275,2.001764992
29,8,211318720,67,2.036967590,0.142569610,0.019108275,1.954959255
16,8,211318720,67,2.580293565,0.142569610,0.019108275,1.995056935
8,8,211318720,67,2.759003758,0.142569610,0.019108275,2.038932551
20,8,211318720,67,1.065657761,0.142569610,0.019108275,3.811392129
13,8,211318720,67,3.411740796,0.142569610,0.019108275,1.853865094
22,8,211318720,67,2.241835908,0.142569610,0.019108275,3.068228294
23,9,211318720,67,0.218636321,0.142569610,0.024877245,0.215243926
24,9,211318720,67,0.299654210,0.142569610,0.024877245,0.693353924
13,9,211318720,67,0.309103827,0.142569610,0.024877245,0.753828097
3,9,211318720,67,0.325376681,0.142569610,0.024877245,0.847077472
15,9,211318720,67,0.338645076,0.142569610,0.024877245,0.914513988
8,9,211318720,67,0.340022068,0.142569610,0.024877245,0.920613799
22,9,211318720,67,0.344720398,0.142569610,0.024877245,0.935392643
7,9,211318720,67,0.352250991,0.142569610,0.024877245,0.953343163
9,9,211318720,67,0.384120181,0.142569610,0.024877245,1.027987676
1,9,211318720,67,0.406841767,0.142569610,0.024877245,1.066755047
11,9,211318720,67,0.430501742,0.142569610,0.024877245,1.091711673
19,9,211318720,67,0.497832446,0.142569610,0.024877245,1.116308860
29,9,211318720,67,0.737146514,0.142569610,0.024877245,1.308252528
27,9,211318720,67,0.746840162,0.142569610,0.024877245,1.318592690
30,9,211318720,67,0.764463287,0.142569610,0.024877245,1.324962966
17,9,211318720,67,0.941278721,0.142569610,0.024877245,1.510465434
14,9,211318720,67,0.986327720,0.142569610,0.024877245,1.605361879
5,9,211318720,67,1.044856486,0.142569610,0.024877245,1.682955731
6,9,211318720,67,0.340840754,0.142569610,0.024877245,2.625754038
25,9,211318720,67,1.657194393,0.142569610,0.024877245,1.643822631
21,9,211318720,67,1.854731332,0.142569610,0.024877245,1.761691783
20,9,211318720,67,1.904038728,0.142569610,0.024877245,1.812625113
26,9,211318720,67,1.973971545,0.142569610,0.024877245,1.871610313
2,9,211318720,67,2.070019088,0.142569610,0.024877245,1.957586722
18,9,211318720,67,2.141684867,0.142569610,0.024877245,2.013779046
12,9,211318720,67,2.241835908,0.142569610,0.024877245,2.052862975
4,9,211318720,67,2.487518451,0.142569610,0.024877245,2.079229675
10,9,211318720,67,2.500940347,0.142569610,0.024877245,2.075384288
28,9,211318720,67,1.009629524,0.142569610,0.024877245,3.576975822
16,9,211318720,67,1.102987746,0.142569610,0.024877245,3.489611392
24,10,211318720,67,0.205499149,0.142569610,0.057395499,0.169897130
27,10,211318720,67,0.294632521,0.142569610,0.057395499,0.495442322
17,10,211318720,67,0.301447636,0.142569610,0.057395499,0.524354660
2,10,211318720,67,0.332457627,0.142569610,0.057395499,0.634415780
30,10,211318720,67,0.340840754,0.142569610,0.057395499,0.660000483
7,10,211318720,67,0.401123492,0.142569610,0.057395499,0.851529966
4,10,211318720,67,0.411648825,0.142569610,0.057395499,0.883712157
11,10,211318720,67,0.420281467,0.142569610,0.057395499,0.904633613
5,10,211318720,67,0.452040546,0.142569610,0.057395499,0.958813645
18,10,211318720,67,0.491628020,0.142569610,0.057395499,1.000090343
9,10,211318720,67,0.522957550,0.142569610,0.057395499,1.012568486
29,10,211318720,67,0.668942036,0.142569610,0.057395499,1.126453211
16,10,211318720,67,0.757188691,0.142569610,0.057395499,1.278611724
19,10,211318720,67,0.781082769,0.142569610,0.057395499,1.306245927
28,10,211318720,67,0.802276566,0.142569610,0.057395499,1.328267082
23,10,211318720,67,0.299654210,0.142569610,0.057395499,1.898921012
20,10,211318720,67,0.998676963,0.142569610,0.057395499,1.673975634
22,10,211318720,67,0.999831002,0.142569610,0.057395499,1.675982619
10,10,211318720,67,1.021439625,0.142569610,0.057395499,1.698534992
14,10,211318720,67,1.055621497,0.142569610,0.057395499,1.710836772
8,10,211318720,67,1.275961791,0.142569610,0.057395499,1.827034938
21,10,211318720,67,1.294309936,0.142569610,0.057395499,1.834289503
15,10,211318720,67,1.450159241,0.142569610,0.057395499,1.887221115
3,10,211318720,67,1.657194393,0.142569610,0.057395499,1.977494013
6,10,211318720,67,1.720860573,0.142569610,0.057395499,2.003677750
26,10,211318720,67,1.934453384,0.142569610,0.057395499,2.044755908
25,10,211318720,67,2.070019088,0.142569610,0.057395499,2.095856838
12,10,211318720,67,0.919655903,0.142569610,0.057395499,3.625156059
1,10,211318720,67,3.042432322,0.142569610,0.057395499,1.920621504
13,10,211318720,67,2.452082856,0.142569610,0.057395499,2.586731924
15,11,211318720,67,0.217175369,0.142569610,0.018871982,0.199891512
29,11,211318720,67,0.274486776,0.142569610,0.018871982,0.462868298
21,11,211318720,67,0.310267843,0.142569610,0.018871982,0.663371956
2,11,211318720,67,0.331808595,0.142569610,0.018871982,0.772282515
19,11,211318720,67,0.332457627,0.142569610,0.018871982,0.775158521
17,11,211318720,67,0.340840754,0.142569610,0.018871982,0.806130829
4,11,211318720,67,0.352250991,0.142569610,0.018871982,0.843328994
3,11,211318720,67,0.357826991,0.142569610,0.018871982,0.860454142
11,11,211318720,67,0.401427962,0.142569610,0.018871982,0.963992329
23,11,211318720,67,0.420281467,0.142569610,0.018871982,0.995781089
30,11,211318720,67,0.420513033,0.142569610,0.018871982,0.996059340
10,11,211318720,67,0.491628020,0.142569610,0.018871982,1.023455761
1,11,211318720,67,0.689012139,0.142569610,0.018871982,1.097853796
6,11,211318720,67,0.790535894,0.142569610,0.018871982,1.286638277
7,11,211318720,67,0.821650137,0.142569610,0.018871982,1.369831214
20,11,211318720,67,0.839853738,0.142569610,0.018871982,1.412927389
14,11,211318720,67,0.917862357,0.142569610,0.018871982,1.557161626
22,11,211318720,67,0.919655903,0.142569610,0.018871982,1.560235600
5,11,211318720,67,0.952025692,0.142569610,0.018871982,1.612780670
24,11,211318720,67,1.044856486,0.142569610,0.018871982,1.710987243
8,11,211318720,67,1.065657761,0.142569610,0.018871982,1.718286459
25,11,211318720,67,1.278350893,0.142569610,0.018871982,1.753768691
12,11,211318720,67,1.720860573,0.142569610,0.018871982,1.785146596
13,11,211318720,67,1.772163784,0.142569610,0.018871982,1.806085078
27,11,211318720,67,2.122991969,0.142569610,0.018871982,1.849745536
26,11,211318720,67,2.280323170,0.142569610,0.018871982,2.025853712
9,11,211318720,67,2.303361475,0.142569610,0.018871982,2.034989071
18,11,211318720,67,2.575342822,0.142569610,0.018871982,2.054732662
28,11,211318720,67,2.610934393,0.142569610,0.018871982,2.044596405
16,11,211318720,67,2.194425436,0.142569610,0.018871982,2.538968385
10,12,211318720,67,0.218636321,0.142569612,0.040451892,0.264298337
8,12,211318720,67,0.274486776,0.142569612,0.040451892,0.526088135
9,12,211318720,67,0.294632521,0.142569612,0.040451892,0.638706575
25,12,211318720,67,0.299654210,0.142569612,0.040451892,0.663992733
19,12,211318720,67,0.325376681,0.142569612,0.040451892,0.776837498
30,12,211318720,67,0.328114621,0.142569612,0.040451892,0.787225958
7,12,211318720,67,0.333771051,0.142569612,0.040451892,0.804066538
29,12,211318720,67,0.357859759,0.142569612,0.040451892,0.867856696
20,12,211318720,67,0.401427962,0.142569612,0.040451892,1.010521119
22,12,211318720,67,0.407748930,0.142569612,0.040451892,1.030779355
14,12,211318720,67,0.420513033,0.142569612,0.040451892,1.069676393
26,12,211318720,67,0.491628020,0.142569612,0.040451892,1.239445798
3,12,211318720,67,0.507433692,0.142569612,0.040451892,1.266338776
5,12,211318720,67,0.522957550,0.142569612,0.040451892,1.282721325
18,12,211318720,67,0.549024150,0.142569612,0.040451892,1.293661961
11,12,211318720,67,0.737725058,0.142569612,0.040451892,1.591118905
2,12,211318720,67,0.757188691,0.142569612,0.040451892,1.637800481
4,12,211318720,67,0.769230066,0.142569612,0.040451892,1.658911067
13,12,211318720,67,0.790535894,0.142569612,0.040451892,1.680678587
16,12,211318720,67,0.819719265,0.142569612,0.040451892,1.698416016
1,12,211318720,67,1.450159241,0.142569612,0.040451892,1.704685645
27,12,211318720,67,1.591305991,0.142569612,0.040451892,1.758073482
17,12,211318720,67,1.772163784,0.142569612,0.040451892,1.803440681
12,12,211318720,67,2.141684867,0.142569612,0.040451892,1.791980376
28,12,211318720,67,2.487518451,0.142569612,0.040451892,1.789642920
21,12,211318720,67,2.656838111,0.142569612,0.040451892,1.837058591
24,12,211318720,67,0.952025692,0.142569612,0.040451892,3.655575887
15,12,211318720,67,2.851214341,0.142569612,0.040451892,1.875571954
23,12,211318720,67,3.042432322,0.142569612,0.040451892,1.917825105
6,12,211318720,67,3.341109767,0.142569612,0.040451892,1.832337043
5,13,211318720,67,0.217175369,0.142569612,0.060316693,0.120296139
3,13,211318720,67,0.309103827,0.142569612,0.060316693,0.501860895
19,13,211318720,67,0.333771051,0.142569612,0.060316693,0.615615556
16,13,211318720,67,0.340840754,0.142569612,0.060316693,0.646643698
4,13,211318720,67,0.357826991,0.142569612,0.060316693,0.710751531
17,13,211318720,67,0.372439086,0.142569612,0.060316693,0.754562593
9,13,211318720,67,0.384275535,0.142569612,0.060316693,0.787384228
6,13,211318720,67,0.401123492,0.142569612,0.060316693,0.828079230
11,13,211318720,67,0.406369678,0.142569612,0.060316693,0.836957239
27,13,211318720,67,0.469331802,0.142569612,0.060316693,0.904440809
1,13,211318720,67,0.519929897,0.142569612,0.060316693,0.923748485
7,13,211318720,67,0.689012139,0.142569612,0.060316693,1.220428443
10,13,211318720,67,0.694847525,0.142569612,0.060316693,1.240980915
15,13,211318720,67,0.695802929,0.142569612,0.060316693,1.243850709
21,13,211318720,67,0.756670836,0.142569612,0.060316693,1.389754373
12,13,211318720,67,0.806589981,0.142569612,0.060316693,1.476036249
8,13,211318720,67,0.828887397,0.142569612,0.060316693,1.498929404
24,13,211318720,67,0.832820764,0.142569612,0.060316693,1.500565164
29,13,211318720,67,0.984046731,0.142569612,0.060316693,1.689275189
20,13,211318720,67,1.044856486,0.142569612,0.060316693,1.835173702
26,13,211318720,67,1.076130101,0.142569612,0.060316693,1.888546306
25,13,211318720,67,1.077776804,0.142569612,0.060316693,1.890397054
23,13,211318720,67,1.102987746,0.142569612,0.060316693,1.900513316
30,13,211318720,67,1.289231248,0.142569612,0.060316693,1.954945248
22,13,211318720,67,1.414402113,0.142569612,0.060316693,2.002558819
2,13,211318720,67,1.854731332,0.142569612,0.060316693,1.975246799
14,13,211318720,67,2.070019088,0.142569612,0.060316693,2.009680356
18,13,211318720,67,2.241835908,0.142569612,0.060316693,2.056557171
28,13,211318720,67,3.341109767,0.142569612,0.060316693,1.841251690
13,13,211318720,67,3.411740796,0.142569612,0.060316693,1.821391029
27,14,211318720,67,0.328114621,0.142569612,0.014221900,0.640569259
29,14,211318720,67,0.338645076,0.142569612,0.014221900,0.707847920
8,14,211318720,67,0.205499149,0.142569612,0.014221900,0.867620397
19,14,211318720,67,0.344720398,0.142569612,0.014221900,0.742654049
12,14,211318720,67,0.346780912,0.142569612,0.014221900,0.753061226
23,14,211318720,67,0.387058100,0.142569612,0.014221900,0.944372447
7,14,211318720,67,0.391378383,0.142569612,0.014221900,0.963229512
17,14,211318720,67,0.402068091,0.142569612,0.014221900,1.002365351
10,14,211318720,67,0.406369678,0.142569612,0.014221900,1.015650576
2,14,211318720,67,0.407748930,0.142569612,0.014221900,1.018909696
24,14,211318720,67,0.434572014,0.142569612,0.014221900,1.064843334
25,14,211318720,67,0.459292393,0.142569612,0.014221900,1.106917643
13,14,211318720,67,0.507433692,0.142569612,0.014221900,1.167258144
1,14,211318720,67,0.578321737,0.142569612,0.014221900,1.241460867
21,14,211318720,67,0.635595755,0.142569612,0.014221900,1.291781530
3,14,211318720,67,0.737146514,0.142569612,0.014221900,1.445797674
26,14,211318720,67,0.815600578,0.142569612,0.014221900,1.581200998
9,14,211318720,67,0.828887397,0.142569612,0.014221900,1.590000828
30,14,211318720,67,1.021439625,0.142569612,0.014221900,1.631060895
11,14,211318720,67,1.205812777,0.142569612,0.014221900,1.756989460
28,14,211318720,67,1.278350893,0.142569612,0.014221900,1.833546627
16,14,211318720,67,1.294309936,0.142569612,0.014221900,1.839636840
4,14,211318720,67,1.450159241,0.142569612,0.014221900,1.891435381
18,14,211318720,67,2.070019088,0.142569612,0.014221900,1.906065832
5,14,211318720,67,2.241835908,0.142569612,0.014221900,1.952411131
14,14,211318720,67,0.821650137,0.142569612,0.014221900,3.554571138
20,14,211318720,67,2.502933016,0.142569612,0.014221900,2.019140235
22,14,211318720,67,2.575342822,0.142569612,0.014221900,2.047598374
6,14,211318720,67,2.851214341,0.142569612,0.014221900,1.970445577
15,14,211318720,67,1.772163784,0.142569612,0.014221900,3.092897906
15,15,211318720,67,0.291309717,0.142569612,0.081982501,0.200660424
12,15,211318720,67,0.331808595,0.142569612,0.081982501,0.323781827
23,15,211318720,67,0.393703093,0.142569612,0.081982501,0.509883924
17,15,211318720,67,0.401427962,0.142569612,0.081982501,0.533902180
16,15,211318720,67,0.406369678,0.142569612,0.081982501,0.545383885
10,15,211318720,67,0.416831058,0.142569612,0.081982501,0.570007422
30,15,211318720,67,0.496683722,0.142569612,0.081982501,0.707417771
11,15,211318720,67,0.519929897,0.142569612,0.081982501,0.731683998
7,15,211318720,67,0.549024150,0.142569612,0.081982501,0.758105259
4,15,211318720,67,0.668942036,0.142569612,0.081982501,0.966205618
14,15,211318720,67,0.737725058,0.142569612,0.081982501,1.210170394
1,15,211318720,67,0.756670836,0.142569612,0.081982501,1.265051827
28,15,211318720,67,0.757188691,0.142569612,0.081982501,1.265960923
6,15,211318720,67,0.822148367,0.142569612,0.081982501,1.332395837
21,15,211318720,67,0.986327720,0.142569612,0.081982501,1.441341244
26,15,211318720,67,1.065657761,0.142569612,0.081982501,1.551164257
24,15,211318720,67,1.102987746,0.142569612,0.081982501,1.590781337
8,15,211318720,67,1.165294969,0.142569612,0.081982501,1.623414112
22,15,211318720,67,1.294309936,0.142569612,0.081982501,1.741618351
5,15,211318720,67,1.349170437,0.142569612,0.081982501,1.863763835
18,15,211318720,67,1.423528796,0.142569612,0.081982501,1.991653359
20,15,211318720,67,1.436765414,0.142569612,0.081982501,2.006049012
13,15,211318720,67,1.450159241,0.142569612,0.081982501,2.011192191
25,15,211318720,67,1.973971545,0.142569612,0.081982501,1.989360989
2,15,211318720,67,0.752566429,0.142569612,0.081982501,3.313510159
27,15,211318720,67,2.070019088,0.142569612,0.081982501,2.025262421
3,15,211318720,67,0.819719265,0.142569612,0.081982501,3.364989493
29,15,211318720,67,2.487518451,0.142569612,0.081982501,2.090514021
9,15,211318720,67,2.502933016,0.142569612,0.081982501,2.096702717
19,15,211318720,67,3.042432322,0.142569612,0.081982501,1.946132339
3,16,211318720,67,0.262618358,0.142569612,0.002378539,0.257390011
13,16,211318720,67,0.299654210,0.142569612,0.002378539,0.453909768
11,16,211318720,67,0.331927073,0.142569612,0.002378539,0.633987309
5,16,211318720,67,0.352250991,0.142569612,0.002378539,0.752611757
10,16,211318720,67,0.357826991,0.142569612,0.002378539,0.784646463
20,16,211318720,67,0.384275535,0.142569612,0.002378539,0.918590001
18,16,211318720,67,0.401123492,0.142569612,0.002378539,0.992772131
27,16,211318720,67,0.406369678,0.142569612,0.002378539,1.012492506
1,16,211318720,67,0.411648825,0.142569612,0.002378539,1.028701028
19,16,211318720,67,0.420281467,0.142569612,0.002378539,1.049506950
6,16,211318720,67,0.471067229,0.142569612,0.002378539,1.125206764
4,16,211318720,67,0.491628020,0.142569612,0.002378539,1.133533244
2,16,211318720,67,0.656366503,0.142569612,0.002378539,1.287014188
15,16,211318720,67,0.695802929,0.142569612,0.002378539,1.360849837
23,16,211318720,67,0.746840162,0.142569612,0.002378539,1.447753778
21,16,211318720,67,0.806589981,0.142569612,0.002378539,1.530451662
14,16,211318720,67,0.822082714,0.142569612,0.002378539,1.546871075
12,16,211318720,67,0.917862357,0.142569612,0.002378539,1.696752244
9,16,211318720,67,0.984046731,0.142569612,0.002378539,1.854637560
22,16,211318720,67,1.007648939,0.142569612,0.002378539,1.895433094
8,16,211318720,67,1.024237500,0.142569612,0.002378539,1.912973490
24,16,211318720,67,1.055621497,0.142569612,0.002378539,1.932977344
25,16,211318720,67,1.185253134,0.142569612,0.002378539,2.065334559
26,16,211318720,67,1.205968091,0.142569612,0.002378539,2.072940566
28,16,211318720,67,0.452040546,0.142569612,0.002378539,3.098181110
30,16,211318720,67,1.854731332,0.142569612,0.002378539,2.049174471
16,16,211318720,67,2.036967590,0.142569612,0.002378539,2.126021296
29,16,211318720,67,2.610934393,0.142569612,0.002378539,2.060986731
7,16,211318720,67,2.759003758,0.142569612,0.002378539,2.018977473
17,16,211318720,67,1.904038728,0.142569612,0.002378539,2.936522429
13,17,211318720,67,0.205499149,0.142569612,0.035934616,0.111309479
11,17,211318720,67,0.262618358,0.142569612,0.035934616,0.177439821
27,17,211318720,67,0.347471629,0.142569612,0.035934616,0.464557264
25,17,211318720,67,0.397487178,0.142569612,0.035934616,0.633341460
24,17,211318720,67,0.406841767,0.142569612,0.035934616,0.662322519
6,17,211318720,67,0.416831058,0.142569612,0.035934616,0.686374235
23,17,211318720,67,0.420281467,0.142569612,0.035934616,0.692304928
26,17,211318720,67,0.420773321,0.142569612,0.035934616,0.692785245
29,17,211318720,67,0.515830983,0.142569612,0.035934616,0.729447055
17,17,211318720,67,0.689012139,0.142569612,0.035934616,0.940770545
7,17,211318720,67,0.737725058,0.142569612,0.035934616,1.153800983
12,17,211318720,67,0.769230066,0.142569612,0.035934616,1.271498407
4,17,211318720,67,0.799520819,0.142569612,0.035934616,1.381230521
14,17,211318720,67,0.806589981,0.142569612,0.035934616,1.406997735
19,17,211318720,67,0.809045384,0.142569612,0.035934616,1.414522269
21,17,211318720,67,0.822082714,0.142569612,0.035934616,1.454157291
18,17,211318720,67,0.828887397,0.142569612,0.035934616,1.470610329
22,17,211318720,67,0.917862357,0.142569612,0.035934616,1.622956778
8,17,211318720,67,0.940637450,0.142569612,0.035934616,1.646773579
1,17,211318720,67,0.952025692,0.142569612,0.035934616,1.651318116
16,17,211318720,67,1.163510533,0.142569612,0.035934616,1.744063010
5,17,211318720,67,1.241069629,0.142569612,0.035934616,1.877714706
2,17,211318720,67,1.289231248,0.142569612,0.035934616,1.928599943
3,17,211318720,67,1.304662576,0.142569612,0.035934616,1.934239485
20,17,211318720,67,1.591305991,0.142569612,0.035934616,1.948082991
15,17,211318720,67,2.241835908,0.142569612,0.035934616,1.957831550
30,17,211318720,67,2.487518451,0.142569612,0.035934616,2.072343016
10,17,211318720,67,2.500940347,0.142569612,0.035934616,2.076967115
9,17,211318720,67,3.411740796,0.142569612,0.035934616,1.820158702
28,17,211318720,67,2.242581386,0.142569612,0.035934616,3.029652200
8,18,211318720,67,0.331808595,0.142569612,0.048575997,0.520520191
10,18,211318720,67,0.345303952,0.142569612,0.048575997,0.588624500
21,18,211318720,67,0.346780912,0.142569612,0.048575997,0.595095493
26,18,211318720,67,0.352250991,0.142569612,0.048575997,0.615414019
28,18,211318720,67,0.384120181,0.142569612,0.048575997,0.713019219
16,18,211318720,67,0.387058100,0.142569612,0.048575997,0.720049378
29,18,211318720,67,0.402068091,0.142569612,0.048575997,0.745420735
19,18,211318720,67,0.406841767,0.142569612,0.048575997,0.750251564
5,18,211318720,67,0.471067229,0.142569612,0.048575997,0.817901722
6,18,211318720,67,0.549024150,0.142569612,0.048575997,0.850853958
20,18,211318720,67,0.687056158,0.142569612,0.048575997,1.104789138
7,18,211318720,67,0.737146514,0.142569612,0.048575997,1.310718904
23,18,211318720,67,0.757188691,0.142569612,0.048575997,1.385806530
13,18,211318720,67,0.769230066,0.142569612,0.048575997,1.419456113
3,18,211318720,67,0.819719265,0.142569612,0.048575997,1.535579789
17,18,211318720,67,0.832820764,0.142569612,0.048575997,1.558146803
1,18,211318720,67,0.846862281,0.142569612,0.048575997,1.575477798
12,18,211318720,67,0.917862357,0.142569612,0.048575997,1.649396386
25,18,211318720,67,0.986327720,0.142569612,0.048575997,1.692425613
2,18,211318720,67,1.104358980,0.142569612,0.048575997,1.832712861
11,18,211318720,67,1.165294969,0.142569612,0.048575997,1.916540447
22,18,211318720,67,1.188858293,0.142569612,0.048575997,1.941755975
15,18,211318720,67,1.278350893,0.142569612,0.048575997,1.975646164
18,18,211318720,67,1.436765414,0.142569612,0.048575997,2.111173800
14,18,211318720,67,1.509114459,0.142569612,0.048575997,2.186060010
4,18,211318720,67,1.522868244,0.142569612,0.048575997,2.191050556
9,18,211318720,67,1.720860573,0.142569612,0.048575997,2.232583237
27,18,211318720,67,1.904038728,0.142569612,0.048575997,2.276153003
24,18,211318720,67,3.042432322,0.142569612,0.048575997,1.961113238
30,18,211318720,67,0.764463287,0.142569612,0.048575997,4.312356464
5,19,211318720,67,0.205499149,0.142569612,0.025457062,0.145515229
24,19,211318720,67,0.218636321,0.142569612,0.025457062,0.159515160
16,19,211318720,67,0.340840754,0.142569612,0.025457062,0.454501527
10,19,211318720,67,0.366496772,0.142569612,0.025457062,0.561749594
30,19,211318720,67,0.393703093,0.142569612,0.025457062,0.663066570
1,19,211318720,67,0.416831058,0.142569612,0.025457062,0.734188973
22,19,211318720,67,0.420773321,0.142569612,0.025457062,0.743905028
27,19,211318720,67,0.459361129,0.142569612,0.025457062,0.809630540
21,19,211318720,67,0.471067229,0.142569612,0.025457062,0.822147228
19,19,211318720,67,0.491628020,0.142569612,0.025457062,0.829360489
3,19,211318720,67,0.635595755,0.142569612,0.025457062,1.058326694
26,19,211318720,67,0.656366503,0.142569612,0.025457062,1.113867022
23,19,211318720,67,0.689012139,0.142569612,0.025457062,1.198183505
11,19,211318720,67,0.737725058,0.142569612,0.025457062,1.339992393
9,19,211318720,67,0.769230066,0.142569612,0.025457062,1.415026390
6,19,211318720,67,0.790535894,0.142569612,0.025457062,1.461268100
4,19,211318720,67,0.822148367,0.142569612,0.025457062,1.531102767
14,19,211318720,67,0.839853738,0.142569612,0.025457062,1.561434182
12,19,211318720,67,0.919655903,0.142569612,0.025457062,1.774612591
17,19,211318720,67,0.940637450,0.142569612,0.025457062,1.824312655
13,19,211318720,67,0.984046731,0.142569612,0.025457062,1.913545621
29,19,211318720,67,0.998676963,0.142569612,0.025457062,1.938263998
7,19,211318720,67,1.009629524,0.142569612,0.025457062,1.949368777
15,19,211318720,67,1.104358980,0.142569612,0.025457062,2.027474669
2,19,211318720,67,1.185253134,0.142569612,0.025457062,2.056723002
25,19,211318720,67,2.280323170,0.142569612,0.025457062,1.967025228
8,19,211318720,67,2.387739789,0.142569612,0.025457062,2.060466139
20,19,211318720,67,2.452082856,0.142569612,0.025457062,2.083574572
28,19,211318720,67,2.759003758,0.142569612,0.025457062,1.996287501
18,19,211318720,67,1.854731332,0.142569612,0.025457062,2.955987696
20,20,211318720,67,0.272776191,0.142569612,0.051033646,0.267342397
5,20,211318720,67,0.325376681,0.142569612,0.051033646,0.479530420
12,20,211318720,67,0.340022068,0.142569612,0.051033646,0.552481129
26,20,211318720,67,0.344720398,0.142569612,0.051033646,0.573145437
17,20,211318720,67,0.366496772,0.142569612,0.051033646,0.653321024
1,20,211318720,67,0.393703093,0.142569612,0.051033646,0.736437424
11,20,211318720,67,0.401123492,0.142569612,0.051033646,0.753780058
14,20,211318720,67,0.452040546,0.142569612,0.051033646,0.842417899
13,20,211318720,67,0.459292393,0.142569612,0.051033646,0.849952974
22,20,211318720,67,0.469100688,0.142569612,0.051033646,0.852800196
28,20,211318720,67,0.635595755,0.142569612,0.051033646,1.046886369
27,20,211318720,67,0.668942036,0.142569612,0.051033646,1.133169817
24,20,211318720,67,0.698254705,0.142569612,0.051033646,1.224748760
8,20,211318720,67,0.747118578,0.142569612,0.051033646,1.373147757
25,20,211318720,67,0.781082769,0.142569612,0.051033646,1.457688893
10,20,211318720,67,0.799520819,0.142569612,0.051033646,1.502574342
9,20,211318720,67,0.819719265,0.142569612,0.051033646,1.569098879
30,20,211318720,67,0.828887397,0.142569612,0.051033646,1.597158637
15,20,211318720,67,0.917862357,0.142569612,0.051033646,1.904228468
3,20,211318720,67,0.941278721,0.142569612,0.051033646,2.006583752
21,20,211318720,67,0.945577756,0.142569612,0.051033646,2.022279803
7,20,211318720,67,0.952025692,0.142569612,0.051033646,2.041891974
23,20,211318720,67,1.007648939,0.142569612,0.051033646,2.174714502
29,20,211318720,67,1.021439625,0.142569612,0.051033646,2.198582746
6,20,211318720,67,1.024237500,0.142569612,0.051033646,2.201640416
19,20,211318720,67,1.044856486,0.142569612,0.051033646,2.209081964
16,20,211318720,67,1.205968091,0.142569612,0.051033646,2.308517270
2,20,211318720,67,1.275961791,0.142569612,0.051033646,2.382059607
4,20,211318720,67,1.349170437,0.142569612,0.051033646,2.410710503
18,20,211318720,67,1.591305991,0.142569612,0.051033646,2.343591200
7,21,211318720,67,0.205499149,0.142569612,0.086003669,0.085234657
2,21,211318720,67,0.301447636,0.142569612,0.086003669,0.298695252
27,21,211318720,67,0.384275535,0.142569612,0.086003669,0.679803763
20,21,211318720,67,0.391378383,0.142569612,0.086003669,0.720456300
21,21,211318720,67,0.406314018,0.142569612,0.086003669,0.792667129
16,21,211318720,67,0.406841767,0.142569612,0.086003669,0.794654200
6,21,211318720,67,0.411648825,0.142569612,0.086003669,0.809463558
8,21,211318720,67,0.469100688,0.142569612,0.086003669,0.969921637
30,21,211318720,67,0.491628020,0.142569612,0.086003669,1.024031603
19,21,211318720,67,0.515830983,0.142569612,0.086003669,1.065090984
26,21,211318720,67,0.519929897,0.142569612,0.086003669,1.069256877
13,21,211318720,67,0.578321737,0.142569612,0.086003669,1.123957944
18,21,211318720,67,0.670439746,0.142569612,0.086003669,1.232884637
15,21,211318720,67,0.756670836,0.142569612,0.086003669,1.472318697
12,21,211318720,67,0.781082769,0.142569612,0.086003669,1.534204243
29,21,211318720,67,0.790535894,0.142569612,0.086003669,1.556591801
24,21,211318720,67,0.815600578,0.142569612,0.086003669,1.599873169
25,21,211318720,67,0.846862281,0.142569612,0.086003669,1.635163957
28,21,211318720,67,0.917862357,0.142569612,0.086003669,1.713501244
23,21,211318720,67,0.986327720,0.142569612,0.086003669,1.786950585
9,21,211318720,67,1.055621497,0.142569612,0.086003669,1.820721794
4,21,211318720,67,1.188858293,0.142569612,0.086003669,1.974056765
3,21,211318720,67,0.401427962,0.142569612,0.086003669,2.823014165
10,21,211318720,67,1.275961791,0.142569612,0.086003669,2.124005383
17,21,211318720,67,1.278350893,0.142569612,0.086003669,2.126584455
1,21,211318720,67,1.289231248,0.142569612,0.086003669,2.130615773
22,21,211318720,67,1.436765414,0.142569612,0.086003669,2.230515014
5,21,211318720,67,1.509114459,0.142569612,0.086003669,2.258482518
14,21,211318720,67,1.720860573,0.142569612,0.086003669,2.295748347
11,21,211318720,67,1.934453384,0.142569612,0.086003669,2.236302716
30,22,211318720,67,0.331927073,0.142569612,0.057108384,0.860172539
19,22,211318720,67,0.332457627,0.142569612,0.057108384,0.864671272
27,22,211318720,67,0.345303952,0.142569612,0.057108384,0.963896766
25,22,211318720,67,0.347471629,0.142569612,0.057108384,0.979264154
4,22,211318720,67,0.349695505,0.142569612,0.057108384,0.993584722
24,22,211318720,67,0.357826991,0.142569612,0.057108384,1.040103174
21,22,211318720,67,0.357859759,0.142569612,0.057108384,1.040275974
23,22,211318720,67,0.393703093,0.142569612,0.057108384,1.178525298
5,22,211318720,67,0.406369678,0.142569612,0.057108384,1.217229871
17,22,211318720,67,0.407748930,0.142569612,0.057108384,1.220531774
3,22,211318720,67,0.411648825,0.142569612,0.057108384,1.227313017
13,22,211318720,67,0.416831058,0.142569612,0.057108384,1.232693430
12,22,211318720,67,0.471067229,0.142569612,0.057108384,1.254219293
14,22,211318720,67,0.695802929,0.142569612,0.057108384,1.412069322
28,22,211318720,67,0.752566429,0.142569612,0.057108384,1.547699874
1,22,211318720,67,0.781082769,0.142569612,0.057108384,1.600035926
16,22,211318720,67,0.806589981,0.142569612,0.057108384,1.645999061
6,22,211318720,67,0.822082714,0.142569612,0.057108384,1.672883711
7,22,211318720,67,0.917862357,0.142569612,0.057108384,1.773697268
15,22,211318720,67,0.945577756,0.142569612,0.057108384,1.784281734
22,22,211318720,67,1.289231248,0.142569612,0.057108384,1.783607296
11,22,211318720,67,0.366496772,0.142569612,0.057108384,2.839989014
8,22,211318720,67,1.591305991,0.142569612,0.057108384,1.792303083
2,22,211318720,67,2.194425436,0.142569612,0.057108384,1.741568961
10,22,211318720,67,2.303361475,0.142569612,0.057108384,1.784025137
18,22,211318720,67,2.452082856,0.142569612,0.057108384,1.909489078
9,22,211318720,67,2.500940347,0.142569612,0.057108384,1.961893952
26,22,211318720,67,2.851214341,0.142569612,0.057108384,2.011843371
20,22,211318720,67,3.411740796,0.142569612,0.057108384,1.855793688
29,22,211318720,67,2.580293565,0.142569612,0.057108384,2.855489967
29,23,211318720,67,0.218636321,0.142569608,0.025674997,0.101405115
12,23,211318720,67,0.332457627,0.142569608,0.025674997,0.563539886
25,23,211318720,67,0.333771051,0.142569608,0.025674997,0.571034508
15,23,211318720,67,0.347471629,0.142569608,0.025674997,0.639930148
16,23,211318720,67,0.384120181,0.142569608,0.025674997,0.814196732
17,23,211318720,67,0.391378383,0.142569608,0.025674997,0.846218889
8,23,211318720,67,0.393703093,0.142569608,0.025674997,0.854751587
6,23,211318720,67,0.401123492,0.142569608,0.025674997,0.877501392
10,23,211318720,67,0.434572014,0.142569608,0.025674997,0.957699172
14,23,211318720,67,0.469331802,0.142569608,0.025674997,1.006038971
3,23,211318720,67,0.507433692,0.142569608,0.025674997,1.020523009
9,23,211318720,67,0.668942036,0.142569608,0.025674997,1.097099532
18,23,211318720,67,0.781082769,0.142569608,0.025674997,1.280932103
7,23,211318720,67,0.799520819,0.142569608,0.025674997,1.300122022
4,23,211318720,67,0.823874673,0.142569608,0.025674997,1.319234102
2,23,211318720,67,0.952025692,0.142569608,0.025674997,1.509498546
26,23,211318720,67,0.984046731,0.142569608,0.025674997,1.564814236
1,23,211318720,67,1.024237500,0.142569608,0.025674997,1.606640379
27,23,211318720,67,1.065657761,0.142569608,0.025674997,1.623842107
20,23,211318720,67,1.205812777,0.142569608,0.025674997,1.825801417
30,23,211318720,67,1.235957661,0.142569608,0.025674997,1.857153589
22,23,211318720,67,1.241069629,0.142569608,0.025674997,1.859203963
11,23,211318720,67,1.450159241,0.142569608,0.025674997,1.896595223
19,23,211318720,67,0.452040546,0.142569608,0.025674997,2.921176109
5,23,211318720,67,1.591305991,0.142569608,0.025674997,1.952574999
13,23,211318720,67,1.772163784,0.142569608,0.025674997,2.003809482
28,23,211318720,67,1.904038728,0.142569608,0.025674997,2.055764582
24,23,211318720,67,2.610934393,0.142569608,0.025674997,2.017973246
21,23,211318720,67,2.656838111,0.142569608,0.025674997,2.035411133
23,23,211318720,67,2.759003758,0.142569608,0.025674997,2.006343903
16,24,211318720,67,0.291309717,0.142569608,0.021614634,0.262290173
14,24,211318720,67,0.310267843,0.142569608,0.021614634,0.333241878
23,24,211318720,67,0.344720398,0.142569608,0.021614634,0.472180761
5,24,211318720,67,0.387058100,0.142569608,0.021614634,0.650976687
1,24,211318720,67,0.406841767,0.142569608,0.021614634,0.737994101
7,24,211318720,67,0.407748930,0.142569608,0.021614634,0.741410575
21,24,211318720,67,0.434572014,0.142569608,0.021614634,0.823876372
30,24,211318720,67,0.452040546,0.142569608,0.021614634,0.866116208
17,24,211318720,67,0.471067229,0.142569608,0.021614634,0.899420695
13,24,211318720,67,0.519929897,0.142569608,0.021614634,0.941493668
28,24,211318720,67,0.821650137,0.142569608,0.021614634,1.039870567
11,24,211318720,67,0.839853738,0.142569608,0.021614634,1.047347301
24,24,211318720,67,0.990430268,0.142569608,0.021614634,1.278140667
3,24,211318720,67,0.999831002,0.142569608,0.021614634,1.293405333
6,24,211318720,67,1.055621497,0.142569608,0.021614634,1.358679300
20,24,211318720,67,1.076130101,0.142569608,0.021614634,1.388926989
29,24,211318720,67,1.188858293,0.142569608,0.021614634,1.605678832
2,24,211318720,67,1.205968091,0.142569608,0.021614634,1.647039461
12,24,211318720,67,1.275961791,0.142569608,0.021614634,1.768759752
18,24,211318720,67,1.278350893,0.142569608,0.021614634,1.771248801
15,24,211318720,67,1.294309936,0.142569608,0.021614634,1.786515580
26,24,211318720,67,1.423528796,0.142569608,0.021614634,1.837087042
8,24,211318720,67,0.507433692,0.142569608,0.021614634,2.791997080
10,24,211318720,67,1.772163784,0.142569608,0.021614634,1.842119326
4,24,211318720,67,1.904038728,0.142569608,0.021614634,1.941721181
22,24,211318720,67,1.973971545,0.142569608,0.021614634,1.968671151
25,24,211318720,67,2.194425436,0.142569608,0.021614634,2.003507768
27,24,211318720,67,2.387739789,0.142569608,0.021614634,2.062272221
19,24,211318720,67,2.500940347,0.142569608,0.021614634,2.105363879
9,24,211318720,67,2.610934393,0.142569608,0.021614634,2.074370746
17,25,211318720,67,0.217175369,0.142569608,0.001563803,0.245740744
13,25,211318720,67,0.218636321,0.142569608,0.001563803,0.251276123
3,25,211318720,67,0.299654210,0.142569608,0.001563803,0.667589860
20,25,211318720,67,0.325376681,0.142569608,0.001563803,0.814436340
12,25,211318720,67,0.331927073,0.142569608,0.001563803,0.847554762
29,25,211318720,67,0.344720398,0.142569608,0.001563803,0.903648104
1,25,211318720,67,0.352250991,0.142569608,0.001563803,0.931772223
8,25,211318720,67,0.367044128,0.142569608,0.001563803,0.976880028
7,25,211318720,67,0.387058100,0.142569608,0.001563803,1.025166445
16,25,211318720,67,0.391378383,0.142569608,0.001563803,1.032679552
6,25,211318720,67,0.402068091,0.142569608,0.001563803,1.043456801
27,25,211318720,67,0.406841767,0.142569608,0.001563803,1.045443803
21,25,211318720,67,0.549024150,0.142569608,0.001563803,1.124197246
9,25,211318720,67,0.656366503,0.142569608,0.001563803,1.254985123
24,25,211318720,67,0.737725058,0.142569608,0.001563803,1.468128578
14,25,211318720,67,0.756670836,0.142569608,0.001563803,1.513386881
5,25,211318720,67,0.769230066,0.142569608,0.001563803,1.535346661
25,25,211318720,67,0.819719265,0.142569608,0.001563803,1.603581484
10,25,211318720,67,0.832820764,0.142569608,0.001563803,1.621521353
15,25,211318720,67,0.940637450,0.142569608,0.001563803,1.849443865
18,25,211318720,67,0.969201848,0.142569608,0.001563803,1.917166423
28,25,211318720,67,0.998676963,0.142569608,0.001563803,1.967589705
22,25,211318720,67,0.999831002,0.142569608,0.001563803,1.968560362
26,25,211318720,67,1.077776804,0.142569608,0.001563803,2.024213731
2,25,211318720,67,1.183831296,0.142569608,0.001563803,2.125823292
30,25,211318720,67,1.278350893,0.142569608,0.001563803,2.224541251
23,25,211318720,67,1.284436966,0.142569608,0.001563803,2.226716749
19,25,211318720,67,1.522868244,0.142569608,0.001563803,2.351210948
11,25,211318720,67,1.720860573,0.142569608,0.001563803,2.295300649
4,25,211318720,67,1.450159241,0.142569608,0.001563803,2.669283167
19,26,211318720,67,0.205499149,0.142569608,0.017963566,0.258922195
26,26,211318720,67,0.217175369,0.142569608,0.017963566,0.301573964
4,26,211318720,67,0.281178980,0.142569608,0.017963566,0.550316172
12,26,211318720,67,0.294632521,0.142569608,0.017963566,0.599912056
9,26,211318720,67,0.299654210,0.142569608,0.017963566,0.615325254
29,26,211318720,67,0.347471629,0.142569608,0.017963566,0.761715406
6,26,211318720,67,0.366496772,0.142569608,0.017963566,0.806337191
22,26,211318720,67,0.402068091,0.142569608,0.017963566,0.867957933
11,26,211318720,67,0.452040546,0.142569608,0.017963566,0.950422962
3,26,211318720,67,0.471067229,0.142569608,0.017963566,0.971048462
21,26,211318720,67,0.549024150,0.142569608,0.017963566,1.041074890
16,26,211318720,67,0.656366503,0.142569608,0.017963566,1.310239740
17,26,211318720,67,0.668942036,0.142569608,0.017963566,1.343864195
10,26,211318720,67,0.695802929,0.142569608,0.017963566,1.417768157
28,26,211318720,67,0.714799086,0.142569608,0.017963566,1.462201599
25,26,211318720,67,0.752566429,0.142569608,0.017963566,1.527415450
27,26,211318720,67,0.806589981,0.142569608,0.017963566,1.586268606
14,26,211318720,67,0.823874673,0.142569608,0.017963566,1.604978600
5,26,211318720,67,0.945577756,0.142569608,0.017963566,1.667024437
13,26,211318720,67,1.065657761,0.142569608,0.017963566,1.783096685
23,26,211318720,67,1.102987746,0.142569608,0.017963566,1.798177735
8,26,211318720,67,0.338645076,0.142569608,0.017963566,2.579044443
18,26,211318720,67,1.304662576,0.142569608,0.017963566,1.851655849
1,26,211318720,67,1.854731332,0.142569608,0.017963566,1.928116205
2,26,211318720,67,1.934453384,0.142569608,0.017963566,2.012876752
20,26,211318720,67,1.973971545,0.142569608,0.017963566,2.027866859
30,26,211318720,67,2.241835908,0.142569608,0.017963566,2.045635392
7,26,211318720,67,2.575342822,0.142569608,0.017963566,2.047789240
15,26,211318720,67,2.851214341,0.142569608,0.017963566,1.970073994
24,26,211318720,67,1.423528796,0.142569608,0.017963566,3.423232763
12,27,211318720,67,0.205499149,0.142569608,0.104034148,0.289518559
21,27,211318720,67,0.218636321,0.142569608,0.104034148,0.346763016
25,27,211318720,67,0.262618358,0.142569608,0.104034148,0.530749263
17,27,211318720,67,0.281178980,0.142569608,0.104034148,0.627015585
28,27,211318720,67,0.299654210,0.142569608,0.104034148,0.732372015
22,27,211318720,67,0.332457627,0.142569608,0.104034148,0.928015086
18,27,211318720,67,0.344720398,0.142569608,0.104034148,1.006630371
16,27,211318720,67,0.346780912,0.142569608,0.104034148,1.018540449
14,27,211318720,67,0.384120181,0.142569608,0.104034148,1.207507211
4,27,211318720,67,0.393703093,0.142569608,0.104034148,1.249349892
29,27,211318720,67,0.411648825,0.142569608,0.104034148,1.316124686
6,27,211318720,67,0.416831058,0.142569608,0.104034148,1.332067626
27,27,211318720,67,0.452040546,0.142569608,0.104034148,1.394068346
2,27,211318720,67,0.459361129,0.142569608,0.104034148,1.401723623
10,27,211318720,67,0.469331802,0.142569608,0.104034148,1.405657660
11,27,211318720,67,0.695802929,0.142569608,0.104034148,1.498007102
13,27,211318720,67,0.799520819,0.142569608,0.104034148,1.676797354
30,27,211318720,67,0.806589981,0.142569608,0.104034148,1.683675302
3,27,211318720,67,0.815600578,0.142569608,0.104034148,1.686966720
15,27,211318720,67,1.024237500,0.142569608,0.104034148,1.892522275
24,27,211318720,67,1.044856486,0.142569608,0.104034148,1.941846149
20,27,211318720,67,1.101347065,0.142569608,0.104034148,2.064873265
26,27,211318720,67,1.102987746,0.142569608,0.104034148,2.067661416
9,27,211318720,67,1.163510533,0.142569608,0.104034148,2.131475713
5,27,211318720,67,1.205812777,0.142569608,0.104034148,2.147625302
1,27,211318720,67,0.420773321,0.142569608,0.104034148,3.364242012
8,27,211318720,67,1.973971545,0.142569608,0.104034148,2.026214743
23,27,211318720,67,2.280323170,0.142569608,0.104034148,2.035801016
7,27,211318720,67,2.487518451,0.142569608,0.104034148,2.074290251
19,27,211318720,67,2.610934393,0.142569608,0.104034148,2.039295734
11,28,211318720,67,0.205499149,0.142569608,0.042259432,0.101352453
3,28,211318720,67,0.301447636,0.142569608,0.042259432,0.611188141
24,28,211318720,67,0.331927073,0.142569608,0.042259432,0.825097393
4,28,211318720,67,0.344720398,0.142569608,0.042259432,0.906858178
23,28,211318720,67,0.346780912,0.142569608,0.042259432,0.918332121
6,28,211318720,67,0.347471629,0.142569608,0.042259432,0.921751871
16,28,211318720,67,0.372439086,0.142569608,0.042259432,1.031336194
13,28,211318720,67,0.384275535,0.142569608,0.042259432,1.082251997
12,28,211318720,67,0.391378383,0.142569608,0.042259432,1.109117921
9,28,211318720,67,0.401427962,0.142569608,0.042259432,1.140248523
1,28,211318720,67,0.406314018,0.142569608,0.042259432,1.152300511
5,28,211318720,67,0.411648825,0.142569608,0.042259432,1.161661703
7,28,211318720,67,0.416831058,0.142569608,0.042259432,1.167299903
29,28,211318720,67,0.515830983,0.142569608,0.042259432,1.258379485
25,28,211318720,67,0.578321737,0.142569608,0.042259432,1.281254726
26,28,211318720,67,0.802276566,0.142569608,0.042259432,1.463823628
2,28,211318720,67,0.822082714,0.142569608,0.042259432,1.505975992
22,28,211318720,67,0.839853738,0.142569608,0.042259432,1.537365129
21,28,211318720,67,0.945577756,0.142569608,0.042259432,1.836807285
14,28,211318720,67,0.952025692,0.142569608,0.042259432,1.856709763
10,28,211318720,67,0.984046731,0.142569608,0.042259432,1.932779043
28,28,211318720,67,0.998676963,0.142569608,0.042259432,1.956757965
18,28,211318720,67,1.021439625,0.142569608,0.042259432,1.981114390
19,28,211318720,67,1.065657761,0.142569608,0.042259432,2.000759330
27,28,211318720,67,1.205812777,0.142569608,0.042259432,2.148344395
30,28,211318720,67,1.205968091,0.142569608,0.042259432,2.148401973
20,28,211318720,67,1.450159241,0.142569608,0.042259432,2.173714882
17,28,211318720,67,1.657194393,0.142569608,0.042259432,2.210334383
15,28,211318720,67,1.854731332,0.142569608,0.042259432,2.251583338
8,28,211318720,67,2.487518451,0.142569608,0.042259432,2.073369289
12,29,211318720,67,0.310267843,0.142569608,0.004892620,0.503385103
25,29,211318720,67,0.325376681,0.142569608,0.004892620,0.565166423
19,29,211318720,67,0.331808595,0.142569608,0.004892620,0.589124980
11,29,211318720,67,0.344720398,0.142569608,0.004892620,0.624704248
10,29,211318720,67,0.345303952,0.142569608,0.004892620,0.625725647
17,29,211318720,67,0.357859759,0.142569608,0.004892620,0.638871591
13,29,211318720,67,0.459292393,0.142569608,0.004892620,0.785664738
27,29,211318720,67,0.519929897,0.142569608,0.004892620,0.854396602
23,29,211318720,67,0.522957550,0.142569608,0.004892620,0.857308877
1,29,211318720,67,0.656366503,0.142569608,0.004892620,1.174093155
15,29,211318720,67,0.689012139,0.142569608,0.004892620,1.291858924
18,29,211318720,67,0.694847525,0.142569608,0.004892620,1.313557455
8,29,211318720,67,0.695802929,0.142569608,0.004892620,1.316276194
21,29,211318720,67,0.746840162,0.142569608,0.004892620,1.438699267
29,29,211318720,67,0.769230066,0.142569608,0.004892620,1.477054242
28,29,211318720,67,0.815600578,0.142569608,0.004892620,1.526446259
16,29,211318720,67,0.822148367,0.142569608,0.004892620,1.529310914
30,29,211318720,67,0.338645076,0.142569608,0.004892620,2.446043594
20,29,211318720,67,1.007648939,0.142569608,0.004892620,1.835746475
5,29,211318720,67,1.021439625,0.142569608,0.004892620,1.868477018
2,29,211318720,67,1.024237500,0.142569608,0.004892620,1.873065155
6,29,211318720,67,1.055621497,0.142569608,0.004892620,1.906748450
4,29,211318720,67,1.101347065,0.142569608,0.004892620,1.924988656
7,29,211318720,67,1.414402113,0.142569608,0.004892620,2.132064971
22,29,211318720,67,1.423528796,0.142569608,0.004892620,2.148192221
24,29,211318720,67,1.436765414,0.142569608,0.004892620,2.162140373
9,29,211318720,67,1.509114459,0.142569608,0.004892620,2.190599761
26,29,211318720,67,1.973971545,0.142569608,0.004892620,2.153446116
3,29,211318720,67,2.241835908,0.142569608,0.004892620,2.172634503
14,29,211318720,67,2.500940347,0.142569608,0.004892620,2.099073953
6,30,211318720,67,0.205499149,0.142569608,0.048047151,0.184556930
23,30,211318720,67,0.218636321,0.142569608,0.048047151,0.248215097
20,30,211318720,67,0.325376681,0.142569608,0.048047151,0.888941901
14,30,211318720,67,0.331808595,0.142569608,0.048047151,0.925395214
29,30,211318720,67,0.333771051,0.142569608,0.048047151,0.935281537
3,30,211318720,67,0.338645076,0.142569608,0.048047151,0.956315530
5,30,211318720,67,0.346780912,0.142569608,0.048047151,0.986429496
12,30,211318720,67,0.347471629,0.142569608,0.048047151,0.988488966
1,30,211318720,67,0.352250991,0.142569608,0.048047151,1.000005095
26,30,211318720,67,0.366496772,0.142569608,0.048047151,1.024805247
21,30,211318720,67,0.367044128,0.142569608,0.048047151,1.025377059
11,30,211318720,67,0.411648825,0.142569608,0.048047151,1.064513799
9,30,211318720,67,0.522957550,0.142569608,0.048047151,1.108581800
13,30,211318720,67,0.687056158,0.142569608,0.048047151,1.284054989
7,30,211318720,67,0.698254705,0.142569608,0.048047151,1.303168643
30,30,211318720,67,0.790535894,0.142569608,0.048047151,1.401491222
19,30,211318720,67,0.806589981,0.142569608,0.048047151,1.413192379
15,30,211318720,67,0.940637450,0.142569608,0.048047151,1.515385300
18,30,211318720,67,1.007648939,0.142569608,0.048047151,1.540994230
8,30,211318720,67,1.450159241,0.142569608,0.048047151,1.567073595
2,30,211318720,67,1.509114459,0.142569608,0.048047151,1.590260109
4,30,211318720,67,1.657194393,0.142569608,0.048047151,1.645148720
17,30,211318720,67,2.242581386,0.142569608,0.048047151,1.795044068
28,30,211318720,67,2.280323170,0.142569608,0.048047151,1.835168466
24,30,211318720,67,2.303361475,0.142569608,0.048047151,1.843928568
16,30,211318720,67,2.610934393,0.142569608,0.048047151,1.855647339
10,30,211318720,67,2.759003758,0.142569608,0.048047151,1.909141017
22,30,211318720,67,3.042432322,0.142569608,0.048047151,1.925430711
27,30,211318720,67,3.411740796,0.142569608,0.048047151,1.822969492
25,30,211318720,67,2.036967590,0.142569608,0.048047151,3.212276530
29,31,211318720,67,0.218636321,0.142569608,0.072030902,0.232232292
13,31,211318720,67,0.274486776,0.142569608,0.072030902,0.508568725
23,31,211318720,67,0.299654210,0.142569608,0.072030902,0.636677637
22,31,211318720,67,0.310267843,0.142569608,0.072030902,0.683102742
4,31,211318720,67,0.340022068,0.142569608,0.072030902,0.800945597
3,31,211318720,67,0.340840754,0.142569608,0.072030902,0.803995633
27,31,211318720,67,0.344720398,0.142569608,0.072030902,0.816042904
25,31,211318720,67,0.352250991,0.142569608,0.072030902,0.834004005
1,31,211318720,67,0.384275535,0.142569608,0.072030902,0.889937217
5,31,211318720,67,0.405338182,0.142569608,0.072030902,0.912633092
19,31,211318720,67,0.471067229,0.142569608,0.072030902,1.004629339
10,31,211318720,67,0.549024150,0.142569608,0.072030902,1.085577517
11,31,211318720,67,0.578321737,0.142569608,0.072030902,1.131162672
14,31,211318720,67,0.694847525,0.142569608,0.072030902,1.361640453
9,31,211318720,67,0.695802929,0.142569608,0.072030902,1.363835947
8,31,211318720,67,0.737725058,0.142569608,0.072030902,1.471567152
18,31,211318720,67,0.790535894,0.142569608,0.072030902,1.597668546
7,31,211318720,67,0.822148367,0.142569608,0.072030902,1.652176241
28,31,211318720,67,0.839853738,0.142569608,0.072030902,1.670388468
20,31,211318720,67,0.867005483,0.142569608,0.072030902,1.687872786
6,31,211318720,67,0.999831002,0.142569608,0.072030902,1.802684070
30,31,211318720,67,1.044856486,0.142569608,0.072030902,1.819977644
2,31,211318720,67,1.188858293,0.142569608,0.072030902,1.946554412
16,31,211318720,67,1.275961791,0.142569608,0.072030902,2.039447948
17,31,211318720,67,1.278350893,0.142569608,0.072030902,2.042096677
15,31,211318720,67,1.522868244,0.142569608,0.072030902,2.159041755
24,31,211318720,67,2.241835908,0.142569608,0.072030902,2.151392532
21,31,211318720,67,3.042432322,0.142569608,0.072030902,1.922476790
26,31,211318720,67,1.414402113,0.142569608,0.072030902,3.577663246
12,31,211318720,67,1.854731332,0.142569608,0.072030902,3.160267946
7,32,211318720,67,0.331927073,0.142569608,0.006764333,0.252441897
5,32,211318720,67,0.397487178,0.142569608,0.006764333,0.512807956
23,32,211318720,67,0.405338182,0.142569608,0.006764333,0.541929667
22,32,211318720,67,0.406369678,0.142569608,0.006764333,0.545001822
11,32,211318720,67,0.406841767,0.142569608,0.006764333,0.546150298
15,32,211318720,67,0.459361129,0.142569608,0.006764333,0.652266053
14,32,211318720,67,0.491628020,0.142569608,0.006764333,0.707976763
28,32,211318720,67,0.497832446,0.142569608,0.006764333,0.714715411
24,32,211318720,67,0.578321737,0.142569608,0.006764333,0.769488597
9,32,211318720,67,0.687056158,0.142569608,0.006764333,0.836100087
29,32,211318720,67,0.806589981,0.142569608,0.006764333,1.047467283
20,32,211318720,67,0.823874673,0.142569608,0.006764333,1.076018468
30,32,211318720,67,0.940637450,0.142569608,0.006764333,1.260678750
19,32,211318720,67,0.984046731,0.142569608,0.006764333,1.350450052
25,32,211318720,67,0.999831002,0.142569608,0.006764333,1.377656009
13,32,211318720,67,1.055621497,0.142569608,0.006764333,1.466658862
27,32,211318720,67,1.104358980,0.142569608,0.006764333,1.550341428
18,32,211318720,67,1.163510533,0.142569608,0.006764333,1.632196108
3,32,211318720,67,1.275961791,0.142569608,0.006764333,1.740956503
8,32,211318720,67,1.349170437,0.142569608,0.006764333,1.892109575
4,32,211318720,67,1.414402113,0.142569608,0.006764333,2.004355378
10,32,211318720,67,1.450159241,0.142569608,0.006764333,2.024394760
1,32,211318720,67,0.821650137,0.142569608,0.006764333,3.035511941
26,32,211318720,67,2.036967590,0.142569608,0.006764333,1.958039638
12,32,211318720,67,2.241835908,0.142569608,0.006764333,1.995037106
6,32,211318720,67,2.656838111,0.142569608,0.006764333,2.001542326
2,32,211318720,67,2.759003758,0.142569608,0.006764333,2.040192950
17,32,211318720,67,1.188858293,0.142569608,0.006764333,3.697007424
16,32,211318720,67,3.411740796,0.142569608,0.006764333,1.855469747
21,32,211318720,67,1.423528796,0.142569608,0.006764333,3.846808029
10,33,211318720,67,0.294632521,0.142569608,0.003051154,0.520187063
23,33,211318720,67,0.299654210,0.142569608,0.003051154,0.545568595
9,33,211318720,67,0.310267843,0.142569608,0.003051154,0.591333110
8,33,211318720,67,0.331927073,0.142569608,0.003051154,0.672620134
26,33,211318720,67,0.345303952,0.142569608,0.003051154,0.713097405
30,33,211318720,67,0.352250991,0.142569608,0.003051154,0.726634472
28,33,211318720,67,0.391378383,0.142569608,0.003051154,0.767604515
3,33,211318720,67,0.420773321,0.142569608,0.003051154,0.778936747
25,33,211318720,67,0.670439746,0.142569608,0.003051154,0.881991311
1,33,211318720,67,0.695802929,0.142569608,0.003051154,0.907013049
18,33,211318720,67,0.815600578,0.142569608,0.003051154,0.977439272
7,33,211318720,67,0.919655903,0.142569608,0.003051154,1.122380706
29,33,211318720,67,0.969201848,0.142569608,0.003051154,1.202413454
19,33,211318720,67,0.998676963,0.142569608,0.003051154,1.253637728
6,33,211318720,67,1.076130101,0.142569608,0.003051154,1.359032058
14,33,211318720,67,0.347471629,0.142569608,0.003051154,2.103893726
17,33,211318720,67,1.104358980,0.142569608,0.003051154,1.392203439
16,33,211318720,67,1.185253134,0.142569608,0.003051154,1.534291595
4,33,211318720,67,1.241069629,0.142569608,0.003051154,1.637165586
12,33,211318720,67,1.275961791,0.142569608,0.003051154,1.697623262
5,33,211318720,67,1.294309936,0.142569608,0.003051154,1.725563634
27,33,211318720,67,1.374381413,0.142569608,0.003051154,1.810128757
22,33,211318720,67,1.423528796,0.142569608,0.003051154,1.829507663
11,33,211318720,67,1.657194393,0.142569608,0.003051154,1.860124266
20,33,211318720,67,1.934453384,0.142569608,0.003051154,1.883676867
15,33,211318720,67,2.070019088,0.142569608,0.003051154,1.936566598
21,33,211318720,67,2.242581386,0.142569608,0.003051154,2.038228415
24,33,211318720,67,2.303361475,0.142569608,0.003051154,2.101192517
13,33,211318720,67,2.387739789,0.142569608,0.003051154,2.133562908
2,33,211318720,67,3.341109767,0.142569608,0.003051154,1.870650214
3,34,211318720,67,0.217175369,0.142569608,0.070714645,0.175383320
7,34,211318720,67,0.262618358,0.142569608,0.070714645,0.293900083
14,34,211318720,67,0.301447636,0.142569608,0.070714645,0.458898246
18,34,211318720,67,0.345303952,0.142569608,0.070714645,0.650274535
28,34,211318720,67,0.347471629,0.142569608,0.070714645,0.658275644
1,34,211318720,67,0.393703093,0.142569608,0.070714645,0.800651143
9,34,211318720,67,0.401123492,0.142569608,0.070714645,0.818780624
15,34,211318720,67,0.407748930,0.142569608,0.070714645,0.831136565
23,34,211318720,67,0.420773321,0.142569608,0.070714645,0.854025726
25,34,211318720,67,0.434572014,0.142569608,0.070714645,0.869201346
27,34,211318720,67,0.549024150,0.142569608,0.070714645,0.928701551
5,34,211318720,67,0.698254705,0.142569608,0.070714645,1.105805395
11,34,211318720,67,0.802276566,0.142569608,0.070714645,1.284925714
21,34,211318720,67,0.815600578,0.142569608,0.070714645,1.298501458
13,34,211318720,67,0.839853738,0.142569608,0.070714645,1.308092287
8,34,211318720,67,1.024237500,0.142569608,0.070714645,1.557189168
26,34,211318720,67,1.076130101,0.142569608,0.070714645,1.735525227
10,34,211318720,67,1.077776804,0.142569608,0.070714645,1.740613432
24,34,211318720,67,1.102987746,0.142569608,0.070714645,1.800940152
19,34,211318720,67,1.104358980,0.142569608,0.070714645,1.803460861
17,34,211318720,67,1.165294969,0.142569608,0.070714645,1.876270308
4,34,211318720,67,1.188858293,0.142569608,0.070714645,1.901569171
22,34,211318720,67,1.591305991,0.142569608,0.070714645,2.006973299
29,34,211318720,67,1.657194393,0.142569608,0.070714645,2.032152161
12,34,211318720,67,0.670439746,0.142569608,0.070714645,3.084950840
20,34,211318720,67,1.904038728,0.142569608,0.070714645,2.056351492
6,34,211318720,67,2.452082856,0.142569608,0.070714645,2.059431676
16,34,211318720,67,2.502933016,0.142569608,0.070714645,2.078857910
30,34,211318720,67,1.294309936,0.142569608,0.070714645,3.857239137
2,34,211318720,67,3.341109767,0.142569608,0.070714645,1.842637433
22,35,211318720,67,0.217175369,0.142569608,0.078381382,0.208422765
18,35,211318720,67,0.272776191,0.142569608,0.078381382,0.434163450
14,35,211318720,67,0.291309717,0.142569608,0.078381382,0.538966654
30,35,211318720,67,0.299654210,0.142569608,0.078381382,0.586114947
26,35,211318720,67,0.347471629,0.142569608,0.078381382,0.873604582
9,35,211318720,67,0.384275535,0.142569608,0.078381382,1.068319565
28,35,211318720,67,0.387058100,0.142569608,0.078381382,1.082100467
7,35,211318720,67,0.393703093,0.142569608,0.078381382,1.111480892
2,35,211318720,67,0.411648825,0.142569608,0.078381382,1.177997400
19,35,211318720,67,0.416831058,0.142569608,0.078381382,1.193740564
23,35,211318720,67,0.434572014,0.142569608,0.078381382,1.236056186
10,35,211318720,67,0.452040546,0.142569608,0.078381382,1.265999236
16,35,211318720,67,0.459361129,0.142569608,0.078381382,1.274153319
8,35,211318720,67,0.522957550,0.142569608,0.078381382,1.298992458
3,35,211318720,67,0.694847525,0.142569608,0.078381382,1.452462470
1,35,211318720,67,0.746840162,0.142569608,0.078381382,1.575812005
5,35,211318720,67,0.799520819,0.142569608,0.078381382,1.666949138
6,35,211318720,67,0.821650137,0.142569608,0.078381382,1.704484067
24,35,211318720,67,0.941278721,0.142569608,0.078381382,1.823557867
29,35,211318720,67,1.007648939,0.142569608,0.078381382,1.936410305
4,35,211318720,67,1.055621497,0.142569608,0.078381382,1.986850619
27,35,211318720,67,1.077776804,0.142569608,0.078381382,1.995498199
20,35,211318720,67,0.357826991,0.142569608,0.078381382,2.973269777
17,35,211318720,67,1.374381413,0.142569608,0.078381382,2.007260561
13,35,211318720,67,1.854731332,0.142569608,0.078381382,1.967930713
21,35,211318720,67,2.141684867,0.142569608,0.078381382,1.984178009
25,35,211318720,67,2.303361475,0.142569608,0.078381382,2.031201083
15,35,211318720,67,2.500940347,0.142569608,0.078381382,2.073779480
12,35,211318720,67,0.822148367,0.142569608,0.078381382,3.790822735
11,35,211318720,67,2.759003758,0.142569608,0.078381382,2.000616729
18,36,211318720,67,0.331927073,0.142569608,0.062531017,0.792572958
19,36,211318720,67,0.349695505,0.142569608,0.062531017,0.906478988
24,36,211318720,67,0.357859759,0.142569608,0.062531017,0.949537109
5,36,211318720,67,0.372439086,0.142569608,0.062531017,1.003360417
29,36,211318720,67,0.387058100,0.142569608,0.062531017,1.047673071
8,36,211318720,67,0.391378383,0.142569608,0.062531017,1.058232948
1,36,211318720,67,0.397487178,0.142569608,0.062531017,1.068906055
10,36,211318720,67,0.406369678,0.142569608,0.062531017,1.077930796
6,36,211318720,67,0.407748930,0.142569608,0.062531017,1.078571850
7,36,211318720,67,0.578321737,0.142569608,0.062531017,1.170434078
11,36,211318720,67,0.656366503,0.142569608,0.062531017,1.200831874
28,36,211318720,67,0.799520819,0.142569608,0.062531017,1.735557754
20,36,211318720,67,0.802276566,0.142569608,0.062531017,1.745682583
26,36,211318720,67,0.806589981,0.142569608,0.062531017,1.758915170
16,36,211318720,67,0.821650137,0.142569608,0.062531017,1.794602899
13,36,211318720,67,0.823874673,0.142569608,0.062531017,1.798427123
23,36,211318720,67,0.832073278,0.142569608,0.062531017,1.807044379
17,36,211318720,67,0.846862281,0.142569608,0.062531017,1.812934680
3,36,211318720,67,0.998676963,0.142569608,0.062531017,1.908437231
22,36,211318720,67,1.077776804,0.142569608,0.062531017,1.948562277
15,36,211318720,67,0.331808595,0.142569608,0.062531017,2.837256109
4,36,211318720,67,1.205812777,0.142569608,0.062531017,1.998332122
21,36,211318720,67,0.352250991,0.142569608,0.062531017,2.968296775
2,36,211318720,67,0.357826991,0.142569608,0.062531017,3.011587230
12,36,211318720,67,1.414402113,0.142569608,0.062531017,2.034441397
14,36,211318720,67,1.772163784,0.142569608,0.062531017,2.028537088
9,36,211318720,67,2.141684867,0.142569608,0.062531017,2.047099916
30,36,211318720,67,2.241835908,0.142569608,0.062531017,2.086106018
27,36,211318720,67,2.452082856,0.142569608,0.062531017,2.120943326
25,36,211318720,67,2.580293565,0.142569608,0.062531017,2.084750882
21,37,211318720,67,0.291309717,0.142569608,0.022737855,0.498545296
18,37,211318720,67,0.294632521,0.142569608,0.022737855,0.517628604
27,37,211318720,67,0.301447636,0.142569608,0.022737855,0.552090051
22,37,211318720,67,0.325376681,0.142569608,0.022737855,0.656783222
7,37,211318720,67,0.340840754,0.142569608,0.022737855,0.714596560
28,37,211318720,67,0.357859759,0.142569608,0.022737855,0.767153365
12,37,211318720,67,0.393703093,0.142569608,0.022737855,0.882932558
9,37,211318720,67,0.401123492,0.142569608,0.022737855,0.905575703
26,37,211318720,67,0.401427962,0.142569608,0.022737855,0.906327550
10,37,211318720,67,0.420513033,0.142569608,0.022737855,0.939467266
3,37,211318720,67,0.519929897,0.142569608,0.022737855,1.034787630
24,37,211318720,67,0.689012139,0.142569608,0.022737855,1.186529581
17,37,211318720,67,0.694847525,0.142569608,0.022737855,1.196085793
19,37,211318720,67,0.819719265,0.142569608,0.022737855,1.475112688
11,37,211318720,67,0.821650137,0.142569608,0.022737855,1.482274324
13,37,211318720,67,0.839853738,0.142569608,0.022737855,1.537466996
25,37,211318720,67,0.917862357,0.142569608,0.022737855,1.811501536
30,37,211318720,67,0.941278721,0.142569608,0.022737855,1.886492516
2,37,211318720,67,0.952025692,0.142569608,0.022737855,1.912482874
29,37,211318720,67,0.990430268,0.142569608,0.022737855,1.979134348
8,37,211318720,67,0.998676963,0.142569608,0.022737855,1.988182752
5,37,211318720,67,1.077776804,0.142569608,0.022737855,2.080918432
20,37,211318720,67,1.163510533,0.142569608,0.022737855,2.171216723
1,37,211318720,67,0.507433692,0.142569608,0.022737855,3.141174873
14,37,211318720,67,1.934453384,0.142569608,0.022737855,2.061031318
4,37,211318720,67,2.242581386,0.142569608,0.022737855,2.068720656
16,37,211318720,67,2.759003758,0.142569608,0.022737855,2.018796883
15,37,211318720,67,0.940637450,0.142569608,0.022737855,3.913295289
23,37,211318720,67,3.042432322,0.142569608,0.022737855,1.938562551
6,37,211318720,67,1.183831296,0.142569608,0.022737855,3.814647536
23,38,211318720,67,0.332457627,0.142569608,0.049533885,0.386096423
29,38,211318720,67,0.357826991,0.142569608,0.049533885,0.464427655
10,38,211318720,67,0.384275535,0.142569608,0.049533885,0.528590405
20,38,211318720,67,0.420281467,0.142569608,0.049533885,0.590990574
5,38,211318720,67,0.420513033,0.142569608,0.049533885,0.591240832
7,38,211318720,67,0.420773321,0.142569608,0.049533885,0.591334830
11,38,211318720,67,0.294632521,0.142569608,0.049533885,0.822140153
24,38,211318720,67,0.687056158,0.142569608,0.049533885,0.813247216
2,38,211318720,67,0.737725058,0.142569608,0.049533885,1.002216438
30,38,211318720,67,0.757188691,0.142569608,0.049533885,1.058778162
26,38,211318720,67,0.799520819,0.142569608,0.049533885,1.132301595
15,38,211318720,67,0.809045384,0.142569608,0.049533885,1.152131586
16,38,211318720,67,0.815600578,0.142569608,0.049533885,1.163647879
13,38,211318720,67,0.940637450,0.142569608,0.049533885,1.403868912
28,38,211318720,67,0.945577756,0.142569608,0.049533885,1.415594956
17,38,211318720,67,0.999831002,0.142569608,0.049533885,1.509649373
6,38,211318720,67,1.009629524,0.142569608,0.049533885,1.519830768
19,38,211318720,67,1.077776804,0.142569608,0.049533885,1.546394229
27,38,211318720,67,1.304662576,0.142569608,0.049533885,1.699433563
12,38,211318720,67,1.349170437,0.142569608,0.049533885,1.775430174
22,38,211318720,67,1.374381413,0.142569608,0.049533885,1.802509438
1,38,211318720,67,1.436765414,0.142569608,0.049533885,1.826554050
21,38,211318720,67,0.752566429,0.142569608,0.049533885,2.917964796
4,38,211318720,67,1.854731332,0.142569608,0.049533885,1.883099151
25,38,211318720,67,1.904038728,0.142569608,0.049533885,1.934436644
9,38,211318720,67,1.973971545,0.142569608,0.049533885,1.960266515
8,38,211318720,67,2.141684867,0.142569608,0.049533885,2.010086093
18,38,211318720,67,2.303361475,0.142569608,0.049533885,2.058704645
14,38,211318720,67,2.575342822,0.142569608,0.049533885,2.078255832
3,38,211318720,67,2.610934393,0.142569608,0.049533885,2.068213061
20,39,211318720,67,0.301447636,0.142569608,0.011216071,0.325900253
24,39,211318720,67,0.338645076,0.142569608,0.011216071,0.440212799
13,39,211318720,67,0.340840754,0.142569608,0.011216071,0.445370987
15,39,211318720,67,0.366496772,0.142569608,0.011216071,0.497838985
19,39,211318720,67,0.367044128,0.142569608,0.011216071,0.498780404
4,39,211318720,67,0.401123492,0.142569608,0.011216071,0.534603965
30,39,211318720,67,0.496683722,0.142569608,0.011216071,0.630384895
5,39,211318720,67,0.549024150,0.142569608,0.011216071,0.663965857
29,39,211318720,67,0.670439746,0.142569608,0.011216071,0.799862299
22,39,211318720,67,0.747118578,0.142569608,0.011216071,1.085384937
17,39,211318720,67,0.752566429,0.142569608,0.011216071,1.105779262
2,39,211318720,67,0.806589981,0.142569608,0.011216071,1.311546269
27,39,211318720,67,0.819719265,0.142569608,0.011216071,1.366959278
18,39,211318720,67,0.828887397,0.142569608,0.011216071,1.401283114
14,39,211318720,67,0.832820764,0.142569608,0.011216071,1.413307919
8,39,211318720,67,0.846862281,0.142569608,0.011216071,1.446202088
26,39,211318720,67,0.917862357,0.142569608,0.011216071,1.569195285
11,39,211318720,67,0.952025692,0.142569608,0.011216071,1.603019696
23,39,211318720,67,1.065657761,0.142569608,0.011216071,1.645096729
28,39,211318720,67,1.284436966,0.142569608,0.011216071,1.822459650
12,39,211318720,67,1.289231248,0.142569608,0.011216071,1.827213858
10,39,211318720,67,1.349170437,0.142569608,0.011216071,1.888590085
7,39,211318720,67,1.436765414,0.142569608,0.011216071,1.959624606
6,39,211318720,67,1.522868244,0.142569608,0.011216071,1.992071370
21,39,211318720,67,1.772163784,0.142569608,0.011216071,2.055796482
3,39,211318720,67,1.854731332,0.142569608,0.011216071,2.088328612
16,39,211318720,67,2.241835908,0.142569608,0.011216071,2.071104619
9,39,211318720,67,0.919655903,0.142569608,0.011216071,3.640648298
25,39,211318720,67,2.580293565,0.142569608,0.011216071,2.073759770
1,39,211318720,67,2.656838111,0.142569608,0.011216071,2.051663520
4,40,211318720,67,0.205499149,0.142569608,0.011135970,0.155599504
3,40,211318720,67,0.272776191,0.142569608,0.011135970,0.326669010
2,40,211318720,67,0.274486776,0.142569608,0.011135970,0.331879634
13,40,211318720,67,0.352250991,0.142569608,0.011135970,0.604620796
19,40,211318720,67,0.411648825,0.142569608,0.011135970,0.815741182
15,40,211318720,67,0.420773321,0.142569608,0.011135970,0.837880088
11,40,211318720,67,0.434572014,0.142569608,0.011135970,0.861918300
7,40,211318720,67,0.491628020,0.142569608,0.011135970,0.920530927
30,40,211318720,67,0.497832446,0.142569608,0.011135970,0.922681447
5,40,211318720,67,0.670439746,0.142569608,0.011135970,1.361075952
28,40,211318720,67,0.689012139,0.142569608,0.011135970,1.478571912
24,40,211318720,67,0.694847525,0.142569608,0.011135970,1.511835805
6,40,211318720,67,0.695802929,0.142569608,0.011135970,1.516669425
18,40,211318720,67,0.747118578,0.142569608,0.011135970,1.775130037
25,40,211318720,67,0.752566429,0.142569608,0.011135970,1.799156078
21,40,211318720,67,0.756670836,0.142569608,0.011135970,1.814606913
29,40,211318720,67,0.790535894,0.142569608,0.011135970,1.918676424
12,40,211318720,67,0.799520819,0.142569608,0.011135970,1.940312970
23,40,211318720,67,0.802276566,0.142569608,0.011135970,1.944955865
17,40,211318720,67,0.815600578,0.142569608,0.011135970,1.962943560
16,40,211318720,67,0.839853738,0.142569608,0.011135970,1.988511790
9,40,211318720,67,0.952025692,0.142569608,0.011135970,2.101259359
1,40,211318720,67,0.345303952,0.142569608,0.011135970,2.748701148
20,40,211318720,67,0.986327720,0.142569608,0.011135970,2.115330325
8,40,211318720,67,0.401123492,0.142569608,0.011135970,2.928800105
14,40,211318720,67,1.304662576,0.142569608,0.011135970,2.127842543
27,40,211318720,67,1.436765414,0.142569608,0.011135970,2.266209831
22,40,211318720,67,1.450159241,0.142569608,0.011135970,2.271138772
26,40,211318720,67,2.452082856,0.142569608,0.011135970,2.087726675
10,40,211318720,67,2.580293565,0.142569608,0.011135970,2.050960496
15,41,211318720,67,0.217175369,0.142569608,0.071193866,0.261384566
27,41,211318720,67,0.291309717,0.142569608,0.071193866,0.720116001
12,41,211318720,67,0.299654210,0.142569608,0.071193866,0.779425515
11,41,211318720,67,0.301447636,0.142569608,0.071193866,0.790987203
5,41,211318720,67,0.331927073,0.142569608,0.071193866,0.965921347
22,41,211318720,67,0.345303952,0.142569608,0.071193866,1.033626185
24,41,211318720,67,0.357826991,0.142569608,0.071193866,1.088233714
6,41,211318720,67,0.357859759,0.142569608,0.071193866,1.088355171
1,41,211318720,67,0.384275535,0.142569608,0.071193866,1.175901051
8,41,211318720,67,0.402068091,0.142569608,0.071193866,1.229913970
3,41,211318720,67,0.405338182,0.142569608,0.071193866,1.237702563
23,41,211318720,67,0.420281467,0.142569608,0.071193866,1.263333652
7,41,211318720,67,0.420773321,0.142569608,0.071193866,1.263829310
14,41,211318720,67,0.515830983,0.142569608,0.071193866,1.301488170
18,41,211318720,67,0.687056158,0.142569608,0.071193866,1.410411464
2,41,211318720,67,0.756670836,0.142569608,0.071193866,1.528564989
17,41,211318720,67,0.806589981,0.142569608,0.071193866,1.584010662
4,41,211318720,67,0.832073278,0.142569608,0.071193866,1.611173126
28,41,211318720,67,0.945577756,0.142569608,0.071193866,1.653427314
21,41,211318720,67,0.281178980,0.142569608,0.071193866,2.326780239
10,41,211318720,67,1.275961791,0.142569608,0.071193866,1.703781858
13,41,211318720,67,1.349170437,0.142569608,0.071193866,1.776184776
26,41,211318720,67,1.423528796,0.142569608,0.071193866,1.806422533
16,41,211318720,67,1.904038728,0.142569608,0.071193866,1.843351014
19,41,211318720,67,1.934453384,0.142569608,0.071193866,1.859662902
20,41,211318720,67,2.070019088,0.142569608,0.071193866,1.971463803
9,41,211318720,67,2.122991969,0.142569608,0.071193866,2.007873030
29,41,211318720,67,2.241835908,0.142569608,0.071193866,2.053711713
25,41,211318720,67,2.387739789,0.142569608,0.071193866,2.109240090
30,41,211318720,67,2.851214341,0.142569608,0.071193866,1.979315360
5,42,211318720,67,0.272776191,0.142569608,0.037031569,0.362613751
2,42,211318720,67,0.281178980,0.142569608,0.037031569,0.392841369
27,42,211318720,67,0.309103827,0.142569608,0.037031569,0.478997161
20,42,211318720,67,0.310267843,0.142569608,0.037031569,0.482280160
22,42,211318720,67,0.340840754,0.142569608,0.037031569,0.565043226
29,42,211318720,67,0.372439086,0.142569608,0.037031569,0.652274769
17,42,211318720,67,0.416831058,0.142569608,0.037031569,0.758392884
12,42,211318720,67,0.452040546,0.142569608,0.037031569,0.819749590
16,42,211318720,67,0.469331802,0.142569608,0.037031569,0.836922026
24,42,211318720,67,0.497832446,0.142569608,0.037031569,0.849418991
4,42,211318720,67,0.689012139,0.142569608,0.037031569,0.966194445
25,42,211318720,67,0.757188691,0.142569608,0.037031569,1.189917211
13,42,211318720,67,0.802276566,0.142569608,0.037031569,1.327541238
15,42,211318720,67,0.832820764,0.142569608,0.037031569,1.392680685
3,42,211318720,67,0.839853738,0.142569608,0.037031569,1.400109538
21,42,211318720,67,0.867005483,0.142569608,0.037031569,1.409715474
9,42,211318720,67,1.104358980,0.142569608,0.037031569,1.623608515
7,42,211318720,67,1.163510533,0.142569608,0.037031569,1.736491527
28,42,211318720,67,1.205812777,0.142569608,0.037031569,1.809431333
1,42,211318720,67,1.235957661,0.142569608,0.037031569,1.841290619
23,42,211318720,67,1.289231248,0.142569608,0.037031569,1.862818894
19,42,211318720,67,1.436765414,0.142569608,0.037031569,1.917320839
10,42,211318720,67,1.720860573,0.142569608,0.037031569,1.931109470
30,42,211318720,67,0.822082714,0.142569608,0.037031569,3.391942294
18,42,211318720,67,2.241835908,0.142569608,0.037031569,1.976097410
14,42,211318720,67,2.242581386,0.142569608,0.037031569,1.976407537
11,42,211318720,67,2.656838111,0.142569608,0.037031569,2.049952128
8,42,211318720,67,1.076130101,0.142569608,0.037031569,3.660681908
6,42,211318720,67,3.341109767,0.142569608,0.037031569,1.855722030
26,42,211318720,67,2.580293565,0.142569608,0.037031569,2.680801176
4,43,211318720,67,0.291309717,0.142569608,0.030243130,0.150620930
26,43,211318720,67,0.309103827,0.142569608,0.030243130,0.169227365
23,43,211318720,67,0.411648825,0.142569608,0.030243130,0.432576116
24,43,211318720,67,0.452040546,0.142569608,0.030243130,0.566674786
11,43,211318720,67,0.471067229,0.142569608,0.030243130,0.625268408
5,43,211318720,67,0.496683722,0.142569608,0.030243130,0.686765346
29,43,211318720,67,0.497832446,0.142569608,0.030243130,0.688800309
17,43,211318720,67,0.519929897,0.142569608,0.030243130,0.711614816
8,43,211318720,67,0.578321737,0.142569608,0.030243130,0.739294327
21,43,211318720,67,0.714799086,0.142569608,0.030243130,0.987810425
19,43,211318720,67,0.747118578,0.142569608,0.030243130,1.108492177
22,43,211318720,67,0.806589981,0.142569608,0.030243130,1.290729130
16,43,211318720,67,0.819719265,0.142569608,0.030243130,1.322513957
25,43,211318720,67,0.822082714,0.142569608,0.030243130,1.326651091
7,43,211318720,67,0.822148367,0.142569608,0.030243130,1.326722146
12,43,211318720,67,0.832073278,0.142569608,0.030243130,1.330400362
10,43,211318720,67,1.165294969,0.142569608,0.030243130,1.487908212
9,43,211318720,67,1.185253134,0.142569608,0.030243130,1.534870945
3,43,211318720,67,1.241069629,0.142569608,0.030243130,1.630167294
14,43,211318720,67,1.284436966,0.142569608,0.030243130,1.674712719
30,43,211318720,67,1.289231248,0.142569608,0.030243130,1.676644658
13,43,211318720,67,1.973971545,0.142569608,0.030243130,1.585665140
18,43,211318720,67,2.122991969,0.142569608,0.030243130,1.701645410
1,43,211318720,67,2.194425436,0.142569608,0.030243130,1.815357762
20,43,211318720,67,2.242581386,0.142569608,0.030243130,1.866208654
27,43,211318720,67,2.280323170,0.142569608,0.030243130,1.905064112
28,43,211318720,67,2.387739789,0.142569608,0.030243130,1.965370455
2,43,211318720,67,2.851214341,0.142569608,0.030243130,2.005407137
15,43,211318720,67,3.411740796,0.142569608,0.030243130,1.847759113
6,43,211318720,67,2.502933016,0.142569608,0.030243130,2.813412524
9,44,211318720,67,0.310267843,0.142569608,0.155524001,0.236217011
25,44,211318720,67,0.366496772,0.142569608,0.155524001,0.384349863
5,44,211318720,67,0.406369678,0.142569608,0.155524001,0.452370574
13,44,211318720,67,0.420513033,0.142569608,0.155524001,0.466984294
11,44,211318720,67,0.469100688,0.142569608,0.155524001,0.485200030
22,44,211318720,67,0.687056158,0.142569608,0.155524001,0.743352593
27,44,211318720,67,0.737725058,0.142569608,0.155524001,1.013660638
18,44,211318720,67,0.347471629,0.142569608,0.155524001,1.425992179
15,44,211318720,67,0.769230066,0.142569608,0.155524001,1.154857201
4,44,211318720,67,0.821650137,0.142569608,0.155524001,1.331272062
21,44,211318720,67,0.832820764,0.142569608,0.155524001,1.362109448
28,44,211318720,67,0.839853738,0.142569608,0.155524001,1.378811937
6,44,211318720,67,0.846862281,0.142569608,0.155524001,1.390699116
29,44,211318720,67,0.919655903,0.142569608,0.155524001,1.520651410
2,44,211318720,67,0.969201848,0.142569608,0.155524001,1.604314611
16,44,211318720,67,0.998676963,0.142569608,0.155524001,1.635649113
23,44,211318720,67,1.044856486,0.142569608,0.155524001,1.667724762
10,44,211318720,67,1.165294969,0.142569608,0.155524001,1.746967007
20,44,211318720,67,1.278350893,0.142569608,0.155524001,1.865613155
7,44,211318720,67,1.522868244,0.142569608,0.155524001,1.899611194
30,44,211318720,67,1.720860573,0.142569608,0.155524001,1.939026939
1,44,211318720,67,0.747118578,0.142569608,0.155524001,3.016516466
17,44,211318720,67,0.764463287,0.142569608,0.155524001,3.063747336
19,44,211318720,67,0.802276566,0.142569608,0.155524001,3.209306061
12,44,211318720,67,2.194425436,0.142569608,0.155524001,1.924106238
8,44,211318720,67,2.303361475,0.142569608,0.155524001,1.965740497
3,44,211318720,67,2.452082856,0.142569608,0.155524001,2.017135764
14,44,211318720,67,1.289231248,0.142569608,0.155524001,3.732906318
26,44,211318720,67,3.341109767,0.142569608,0.155524001,1.862366356
24,44,211318720,67,3.411740796,0.142569608,0.155524001,1.842300015
23,45,211318720,67,0.340840754,0.142569608,0.038585048,0.373864091
8,45,211318720,67,0.387058100,0.142569608,0.038585048,0.581700605
16,45,211318720,67,0.401123492,0.142569608,0.038585048,0.643809862
10,45,211318720,67,0.402068091,0.142569608,0.038585048,0.647350230
29,45,211318720,67,0.406841767,0.142569608,0.038585048,0.662055654
9,45,211318720,67,0.407748930,0.142569608,0.038585048,0.664952986
15,45,211318720,67,0.420513033,0.142569608,0.038585048,0.695065319
5,45,211318720,67,0.497832446,0.142569608,0.038585048,0.826683153
17,45,211318720,67,0.507433692,0.142569608,0.038585048,0.836125298
4,45,211318720,67,0.549024150,0.142569608,0.038585048,0.854821934
2,45,211318720,67,0.687056158,0.142569608,0.038585048,1.047636789
25,45,211318720,67,0.737146514,0.142569608,0.038585048,1.239664690
18,45,211318720,67,0.746840162,0.142569608,0.038585048,1.275949364
13,45,211318720,67,0.809045384,0.142569608,0.038585048,1.465723058
7,45,211318720,67,0.822082714,0.142569608,0.038585048,1.496999416
6,45,211318720,67,0.823874673,0.142569608,0.038585048,1.500131997
22,45,211318720,67,0.832073278,0.142569608,0.038585048,1.508810255
11,45,211318720,67,0.867005483,0.142569608,0.038585048,1.539145636
27,45,211318720,67,0.984046731,0.142569608,0.038585048,1.631317229
20,45,211318720,67,1.055621497,0.142569608,0.038585048,1.665288706
24,45,211318720,67,1.188858293,0.142569608,0.038585048,1.739172967
12,45,211318720,67,1.294309936,0.142569608,0.038585048,1.795554335
1,45,211318720,67,1.414402113,0.142569608,0.038585048,1.914568079
30,45,211318720,67,1.450159241,0.142569608,0.038585048,1.928174434
26,45,211318720,67,2.303361475,0.142569608,0.038585048,1.980319167
28,45,211318720,67,2.452082856,0.142569608,0.038585048,2.035309605
19,45,211318720,67,3.042432322,0.142569608,0.038585048,1.962262132
14,45,211318720,67,3.411740796,0.142569608,0.038585048,1.858149270
21,45,211318720,67,1.934453384,0.142569608,0.038585048,3.358699305
3,45,211318720,67,2.141684867,0.142569608,0.038585048,3.162430256
15,46,211318720,67,0.218636321,0.142569608,0.027356701,0.136353586
9,46,211318720,67,0.294632521,0.142569608,0.027356701,0.442464602
30,46,211318720,67,0.331927073,0.142569608,0.027356701,0.630832679
12,46,211318720,67,0.344720398,0.142569608,0.027356701,0.686545555
21,46,211318720,67,0.349695505,0.142569608,0.027356701,0.705189559
28,46,211318720,67,0.372439086,0.142569608,0.027356701,0.774429404
22,46,211318720,67,0.393703093,0.142569608,0.027356701,0.825082935
29,46,211318720,67,0.401427962,0.142569608,0.027356701,0.838460505
24,46,211318720,67,0.407748930,0.142569608,0.027356701,0.844759845
6,46,211318720,67,0.420773321,0.142569608,0.027356701,0.849783651
5,46,211318720,67,0.635595755,0.142569608,0.027356701,0.889213011
13,46,211318720,67,0.769230066,0.142569608,0.027356701,1.232163778
25,46,211318720,67,0.781082769,0.142569608,0.027356701,1.268777229
10,46,211318720,67,0.815600578,0.142569608,0.027356701,1.350736630
1,46,211318720,67,0.821650137,0.142569608,0.027356701,1.361093307
27,46,211318720,67,0.839853738,0.142569608,0.027356701,1.380717046
7,46,211318720,67,0.867005483,0.142569608,0.027356701,1.398626644
2,46,211318720,67,0.998676963,0.142569608,0.027356701,1.450212096
16,46,211318720,67,1.205812777,0.142569608,0.027356701,1.738337474
17,46,211318720,67,1.205968091,0.142569608,0.027356701,1.738805858
3,46,211318720,67,1.278350893,0.142569608,0.027356701,1.909734293
11,46,211318720,67,1.284436966,0.142569608,0.027356701,1.920357062
8,46,211318720,67,1.294309936,0.142569608,0.027356701,1.930345114
23,46,211318720,67,1.304662576,0.142569608,0.027356701,1.934468146
14,46,211318720,67,1.854731332,0.142569608,0.027356701,1.918762608
4,46,211318720,67,1.934453384,0.142569608,0.027356701,1.948472835
18,46,211318720,67,2.122991969,0.142569608,0.027356701,2.072628103
19,46,211318720,67,2.141684867,0.142569608,0.027356701,2.079732458
20,46,211318720,67,2.610934393,0.142569608,0.027356701,2.043930971
26,46,211318720,67,2.759003758,0.142569608,0.027356701,2.002336940
21,47,211318720,67,0.274486776,0.142569608,0.032510240,0.279592859
20,47,211318720,67,0.299654210,0.142569608,0.032510240,0.357078864
22,47,211318720,67,0.340840754,0.142569608,0.032510240,0.463805906
14,47,211318720,67,0.345303952,0.142569608,0.032510240,0.474581520
7,47,211318720,67,0.357859759,0.142569608,0.032510240,0.496354242
23,47,211318720,67,0.406314018,0.142569608,0.032510240,0.566634686
8,47,211318720,67,0.469100688,0.142569608,0.032510240,0.632456396
26,47,211318720,67,0.519929897,0.142569608,0.032510240,0.652901283
4,47,211318720,67,0.698254705,0.142569608,0.032510240,0.892134904
28,47,211318720,67,0.714799086,0.142569608,0.032510240,0.942975397
6,47,211318720,67,0.737725058,0.142569608,0.032510240,0.996858390
3,47,211318720,67,0.815600578,0.142569608,0.032510240,1.173047880
9,47,211318720,67,0.822148367,0.142569608,0.032510240,1.193175899
12,47,211318720,67,0.823874673,0.142569608,0.032510240,1.197319399
17,47,211318720,67,0.917862357,0.142569608,0.032510240,1.469660119
24,47,211318720,67,0.940637450,0.142569608,0.032510240,1.550941263
2,47,211318720,67,0.952025692,0.142569608,0.032510240,1.585839456
11,47,211318720,67,0.984046731,0.142569608,0.032510240,1.709915796
5,47,211318720,67,1.009629524,0.142569608,0.032510240,1.804633098
30,47,211318720,67,1.021439625,0.142569608,0.032510240,1.840647221
18,47,211318720,67,1.065657761,0.142569608,0.032510240,1.946403844
15,47,211318720,67,1.101347065,0.142569608,0.032510240,2.006735781
19,47,211318720,67,1.102987746,0.142569608,0.032510240,2.008570694
16,47,211318720,67,1.104358980,0.142569608,0.032510240,2.009106379
13,47,211318720,67,1.450159241,0.142569608,0.032510240,2.052312163
25,47,211318720,67,1.522868244,0.142569608,0.032510240,2.085354356
29,47,211318720,67,1.657194393,0.142569608,0.032510240,2.136902895
1,47,211318720,67,2.452082856,0.142569608,0.032510240,2.024687152
27,47,211318720,67,2.575342822,0.142569608,0.032510240,2.072580328
10,47,211318720,67,2.656838111,0.142569608,0.032510240,2.049361525
11,48,211318720,67,0.217175369,0.142569608,0.070714213,0.261056645
18,48,211318720,67,0.218636321,0.142569608,0.070714213,0.265393257
12,48,211318720,67,0.272776191,0.142569608,0.070714213,0.418931272
25,48,211318720,67,0.325376681,0.142569608,0.070714213,0.620350347
10,48,211318720,67,0.332457627,0.142569608,0.070714213,0.646778023
26,48,211318720,67,0.340022068,0.142569608,0.070714213,0.669934937
6,48,211318720,67,0.393703093,0.142569608,0.070714213,0.824033272
21,48,211318720,67,0.406841767,0.142569608,0.070714213,0.854823976
3,48,211318720,67,0.407748930,0.142569608,0.070714213,0.856397283
1,48,211318720,67,0.459292393,0.142569608,0.070714213,0.911489450
4,48,211318720,67,0.496683722,0.142569608,0.070714213,0.924997870
30,48,211318720,67,0.756670836,0.142569608,0.070714213,1.272004268
2,48,211318720,67,0.769230066,0.142569608,0.070714213,1.319231423
17,48,211318720,67,0.809045384,0.142569608,0.070714213,1.448104936
9,48,211318720,67,0.819719265,0.142569608,0.070714213,1.480522805
23,48,211318720,67,0.821650137,0.142569608,0.070714213,1.484972271
14,48,211318720,67,0.822082714,0.142569608,0.070714213,1.485655516
15,48,211318720,67,0.867005483,0.142569608,0.070714213,1.533259468
22,48,211318720,67,0.941278721,0.142569608,0.070714213,1.587530333
27,48,211318720,67,1.044856486,0.142569608,0.070714213,1.628557135
5,48,211318720,67,1.235957661,0.142569608,0.070714213,1.733307671
20,48,211318720,67,1.284436966,0.142569608,0.070714213,1.752758901
19,48,211318720,67,1.436765414,0.142569608,0.070714213,1.806002691
24,48,211318720,67,1.591305991,0.142569608,0.070714213,1.858902568
16,48,211318720,67,2.036967590,0.142569608,0.070714213,1.854482253
29,48,211318720,67,2.141684867,0.142569608,0.070714213,1.894691515
28,48,211318720,67,2.502933016,0.142569608,0.070714213,1.931999788
7,48,211318720,67,2.575342822,0.142569608,0.070714213,1.959371037
8,48,211318720,67,2.759003758,0.142569608,0.070714213,2.002329024
13,48,211318720,67,3.411740796,0.142569608,0.070714213,1.818919294
26,49,211318720,67,0.291309717,0.142569608,0.062207919,0.285623946
14,49,211318720,67,0.299654210,0.142569608,0.062207919,0.310935769
18,49,211318720,67,0.401123492,0.142569608,0.062207919,0.511926353
19,49,211318720,67,0.406314018,0.142569608,0.062207919,0.517353537
27,49,211318720,67,0.522957550,0.142569608,0.062207919,0.561816126
25,49,211318720,67,0.689012139,0.142569608,0.062207919,0.825277615
20,49,211318720,67,0.714799086,0.142569608,0.062207919,0.881527480
29,49,211318720,67,0.781082769,0.142569608,0.062207919,0.999265732
28,49,211318720,67,0.821650137,0.142569608,0.062207919,1.069200571
1,49,211318720,67,0.345303952,0.142569608,0.062207919,1.549084914
15,49,211318720,67,0.839853738,0.142569608,0.062207919,1.097282657
17,49,211318720,67,0.372439086,0.142569608,0.062207919,1.720581576
12,49,211318720,67,0.917862357,0.142569608,0.062207919,1.333555534
3,49,211318720,67,0.969201848,0.142569608,0.062207919,1.514282736
21,49,211318720,67,0.990430268,0.142569608,0.062207919,1.579069163
13,49,211318720,67,0.998676963,0.142569608,0.062207919,1.598876014
16,49,211318720,67,0.999831002,0.142569608,0.062207919,1.600930679
9,49,211318720,67,1.021439625,0.142569608,0.062207919,1.623734423
2,49,211318720,67,1.076130101,0.142569608,0.062207919,1.681400362
4,49,211318720,67,1.163510533,0.142569608,0.062207919,1.756454048
8,49,211318720,67,1.241069629,0.142569608,0.062207919,1.816539328
23,49,211318720,67,1.349170437,0.142569608,0.062207919,1.957312473
5,49,211318720,67,1.374381413,0.142569608,0.062207919,1.983964779
11,49,211318720,67,1.450159241,0.142569608,0.062207919,2.060088199
7,49,211318720,67,0.668942036,0.142569608,0.062207919,2.922745612
6,49,211318720,67,1.522868244,0.142569608,0.062207919,2.087450541
22,49,211318720,67,1.854731332,0.142569608,0.062207919,2.087570702
24,49,211318720,67,2.575342822,0.142569608,0.062207919,2.051626938
30,49,211318720,67,2.610934393,0.142569608,0.062207919,2.064985061
10,49,211318720,67,3.042432322,0.142569608,0.062207919,1.943621453
8,50,211318720,67,0.205499149,0.142569608,0.012679450,0.091200381
26,50,211318720,67,0.301447636,0.142569608,0.012679450,0.396847275
16,50,211318720,67,0.344720398,0.142569608,0.012679450,0.587976056
17,50,211318720,67,0.345303952,0.142569608,0.012679450,0.590180637
6,50,211318720,67,0.357859759,0.142569608,0.012679450,0.628462138
5,50,211318720,67,0.401427962,0.142569608,0.012679450,0.746441036
28,50,211318720,67,0.406314018,0.142569608,0.012679450,0.758313113
18,50,211318720,67,0.406369678,0.142569608,0.012679450,0.758409012
27,50,211318720,67,0.434572014,0.142569608,0.012679450,0.787830416
11,50,211318720,67,0.522957550,0.142569608,0.012679450,0.880524491
1,50,211318720,67,0.578321737,0.142569608,0.012679450,0.923700126
4,50,211318720,67,0.695802929,0.142569608,0.012679450,1.200920261
2,50,211318720,67,0.714799086,0.142569608,0.012679450,1.258864904
19,50,211318720,67,0.737725058,0.142569608,0.012679450,1.313857106
14,50,211318720,67,0.802276566,0.142569608,0.012679450,1.398476321
3,50,211318720,67,0.828887397,0.142569608,0.012679450,1.444315894
20,50,211318720,67,0.940637450,0.142569608,0.012679450,1.618933231
9,50,211318720,67,1.007648939,0.142569608,0.012679450,1.689945815
30,50,211318720,67,1.076130101,0.142569608,0.012679450,1.739540419
10,50,211318720,67,1.185253134,0.142569608,0.012679450,1.845690619
21,50,211318720,67,1.275961791,0.142569608,0.012679450,1.941586683
15,50,211318720,67,1.284436966,0.142569608,0.012679450,1.944791094
23,50,211318720,67,1.772163784,0.142569608,0.012679450,1.900626958
7,50,211318720,67,1.973971545,0.142569608,0.012679450,1.971792149
12,50,211318720,67,2.070019088,0.142569608,0.012679450,2.007411147
22,50,211318720,67,0.752566429,0.142569608,0.012679450,3.374814944
24,50,211318720,67,2.303361475,0.142569608,0.012679450,2.036571846
13,50,211318720,67,2.575342822,0.142569608,0.012679450,2.056296261
29,50,211318720,67,0.941278721,0.142569608,0.012679450,3.725059038
25,50,211318720,67,3.341109767,0.142569608,0.012679450,1.838655143
26,51,211318720,67,0.205499149,0.142569608,0.007426156,0.248699098
5,51,211318720,67,0.218636321,0.142569608,0.007426156,0.306239579
25,51,211318720,67,0.274486776,0.142569608,0.007426156,0.566460926
15,51,211318720,67,0.281178980,0.142569608,0.007426156,0.602014795
1,51,211318720,67,0.332457627,0.142569608,0.007426156,0.872489793
16,51,211318720,67,0.344720398,0.142569608,0.007426156,0.934409472
21,51,211318720,67,0.346780912,0.142569608,0.007426156,0.943244076
28,51,211318720,67,0.347471629,0.142569608,0.007426156,0.945756324
18,51,211318720,67,0.366496772,0.142569608,0.007426156,1.005397687
11,51,211318720,67,0.393703093,0.142569608,0.007426156,1.088587126
3,51,211318720,67,0.411648825,0.142569608,0.007426156,1.131689510
22,51,211318720,67,0.420773321,0.142569608,0.007426156,1.146983232
30,51,211318720,67,0.459292393,0.142569608,0.007426156,1.187707920
9,51,211318720,67,0.507433692,0.142569608,0.007426156,1.206497632
27,51,211318720,67,0.670439746,0.142569608,0.007426156,1.433959243
24,51,211318720,67,0.689012139,0.142569608,0.007426156,1.484176392
13,51,211318720,67,0.698254705,0.142569608,0.007426156,1.506270266
2,51,211318720,67,0.790535894,0.142569608,0.007426156,1.674500332
20,51,211318720,67,0.806589981,0.142569608,0.007426156,1.707668725
17,51,211318720,67,0.822148367,0.142569608,0.007426156,1.734220880
4,51,211318720,67,0.919655903,0.142569608,0.007426156,1.915923730
6,51,211318720,67,0.940637450,0.142569608,0.007426156,1.952358711
14,51,211318720,67,0.984046731,0.142569608,0.007426156,1.998029328
10,51,211318720,67,1.024237500,0.142569608,0.007426156,2.012927477
23,51,211318720,67,1.436765414,0.142569608,0.007426156,2.175036291
12,51,211318720,67,1.450159241,0.142569608,0.007426156,2.181100780
19,51,211318720,67,1.591305991,0.142569608,0.007426156,2.235750982
29,51,211318720,67,2.070019088,0.142569608,0.007426156,2.195245653
8,51,211318720,67,2.241835908,0.142569608,0.007426156,2.145865588
7,51,211318720,67,1.275961791,0.142569608,0.007426156,3.166771730
23,52,211318720,67,0.262618358,0.142569608,0.049801115,0.131225867
11,52,211318720,67,0.344720398,0.142569608,0.049801115,0.216332673
19,52,211318720,67,0.352250991,0.142569608,0.049801115,0.219249695
18,52,211318720,67,0.497832446,0.142569608,0.049801115,0.477326525
20,52,211318720,67,0.515830983,0.142569608,0.049801115,0.508583464
24,52,211318720,67,0.519929897,0.142569608,0.049801115,0.512968947
13,52,211318720,67,0.578321737,0.142569608,0.049801115,0.602047991
8,52,211318720,67,0.668942036,0.142569608,0.049801115,0.827944212
5,52,211318720,67,0.695802929,0.142569608,0.049801115,0.926540146
26,52,211318720,67,0.698254705,0.142569608,0.049801115,0.935791240
4,52,211318720,67,0.746840162,0.142569608,0.049801115,1.084375337
22,52,211318720,67,0.781082769,0.142569608,0.049801115,1.165284027
29,52,211318720,67,0.799520819,0.142569608,0.049801115,1.196838281
3,52,211318720,67,0.821650137,0.142569608,0.049801115,1.220947353
1,52,211318720,67,0.828887397,0.142569608,0.049801115,1.223475212
9,52,211318720,67,1.009629524,0.142569608,0.049801115,1.523985986
15,52,211318720,67,1.021439625,0.142569608,0.049801115,1.552489531
16,52,211318720,67,1.024237500,0.142569608,0.049801115,1.556988181
14,52,211318720,67,1.077776804,0.142569608,0.049801115,1.623648956
28,52,211318720,67,1.104358980,0.142569608,0.049801115,1.651577248
12,52,211318720,67,1.205812777,0.142569608,0.049801115,1.730223784
30,52,211318720,67,1.289231248,0.142569608,0.049801115,1.800855556
27,52,211318720,67,1.374381413,0.142569608,0.049801115,1.887629273
21,52,211318720,67,1.436765414,0.142569608,0.049801115,1.911433720
6,52,211318720,67,2.036967590,0.142569608,0.049801115,1.951600231
2,52,211318720,67,2.070019088,0.142569608,0.049801115,1.986742716
7,52,211318720,67,2.122991969,0.142569608,0.049801115,2.006323085
17,52,211318720,67,2.851214341,0.142569608,0.049801115,1.900888534
25,52,211318720,67,3.411740796,0.142569608,0.049801115,1.839521814
10,52,211318720,67,3.042432322,0.142569608,0.049801115,2.289392059
14,53,211318720,67,0.217175369,0.142569608,0.122216456,0.206787363
15,53,211318720,67,0.272776191,0.142569608,0.122216456,0.385756309
26,53,211318720,67,0.299654210,0.142569608,0.122216456,0.501656523
24,53,211318720,67,0.325376681,0.142569608,0.122216456,0.597828017
12,53,211318720,67,0.331808595,0.142569608,0.122216456,0.617543371
9,53,211318720,67,0.340022068,0.142569608,0.122216456,0.636967806
4,53,211318720,67,0.406369678,0.142569608,0.122216456,0.767921495
8,53,211318720,67,0.411648825,0.142569608,0.122216456,0.777256392
23,53,211318720,67,0.420281467,0.142569608,0.122216456,0.786739283
1,53,211318720,67,0.522957550,0.142569608,0.122216456,0.825724581
17,53,211318720,67,0.689012139,0.142569608,0.122216456,1.094800111
22,53,211318720,67,0.698254705,0.142569608,0.122216456,1.116745661
3,53,211318720,67,0.737146514,0.142569608,0.122216456,1.182846015
30,53,211318720,67,0.737725058,0.142569608,0.122216456,1.183558501
27,53,211318720,67,0.823874673,0.142569608,0.122216456,1.218798255
11,53,211318720,67,1.065657761,0.142569608,0.122216456,1.347032478
10,53,211318720,67,1.102987746,0.142569608,0.122216456,1.417313838
13,53,211318720,67,1.165294969,0.142569608,0.122216456,1.526611764
20,53,211318720,67,1.205812777,0.142569608,0.122216456,1.595377486
28,53,211318720,67,1.235957661,0.142569608,0.122216456,1.627088812
18,53,211318720,67,1.304662576,0.142569608,0.122216456,1.654371306
25,53,211318720,67,1.657194393,0.142569608,0.122216456,1.702170191
7,53,211318720,67,1.720860573,0.142569608,0.122216456,1.732221939
19,53,211318720,67,1.854731332,0.142569608,0.122216456,1.784371571
21,53,211318720,67,2.070019088,0.142569608,0.122216456,1.864310095
16,53,211318720,67,2.141684867,0.142569608,0.122216456,1.921209912
5,53,211318720,67,2.242581386,0.142569608,0.122216456,2.082445449
2,53,211318720,67,2.280323170,0.142569608,0.122216456,2.122834330
29,53,211318720,67,2.303361475,0.142569608,0.122216456,2.131976907
6,53,211318720,67,2.575342822,0.142569608,0.122216456,2.056589281
12,54,211318720,67,0.272776191,0.142569608,0.027486876,0.405526012
24,54,211318720,67,0.274486776,0.142569608,0.027486876,0.415203900
13,54,211318720,67,0.338645076,0.142569608,0.027486876,0.724028457
22,54,211318720,67,0.372439086,0.142569608,0.027486876,0.862053373
18,54,211318720,67,0.384275535,0.142569608,0.027486876,0.908295519
9,54,211318720,67,0.391378383,0.142569608,0.027486876,0.934810896
2,54,211318720,67,0.406314018,0.142569608,0.027486876,0.980821632
8,54,211318720,67,0.406841767,0.142569608,0.027486876,0.982105321
4,54,211318720,67,0.459361129,0.142569608,0.027486876,1.072481858
25,54,211318720,67,0.497832446,0.142569608,0.027486876,1.112309587
7,54,211318720,67,0.522957550,0.142569608,0.027486876,1.120874754
14,54,211318720,67,0.694847525,0.142569608,0.027486876,1.342248879
29,54,211318720,67,0.737725058,0.142569608,0.027486876,1.417737447
30,54,211318720,67,0.822148367,0.142569608,0.027486876,1.535918149
1,54,211318720,67,0.832073278,0.142569608,0.027486876,1.552496135
10,54,211318720,67,0.294632521,0.142569608,0.027486876,2.175334124
15,54,211318720,67,0.941278721,0.142569608,0.027486876,1.745054446
5,54,211318720,67,0.945577756,0.142569608,0.027486876,1.752386731
19,54,211318720,67,1.007648939,0.142569608,0.027486876,1.818988159
6,54,211318720,67,1.044856486,0.142569608,0.027486876,1.832786544
26,54,211318720,67,0.340022068,0.142569608,0.027486876,2.568238679
21,54,211318720,67,1.241069629,0.142569608,0.027486876,2.021267106
23,54,211318720,67,1.275961791,0.142569608,0.027486876,2.081209618
27,54,211318720,67,1.349170437,0.142569608,0.027486876,2.165160721
20,54,211318720,67,1.436765414,0.142569608,0.027486876,2.199128823
17,54,211318720,67,0.698254705,0.142569608,0.027486876,3.412227355
11,54,211318720,67,2.280323170,0.142569608,0.027486876,2.060435140
3,54,211318720,67,2.500940347,0.142569608,0.027486876,2.096768080
16,54,211318720,67,3.042432322,0.142569608,0.027486876,1.945084094
28,54,211318720,67,1.304662576,0.142569608,0.027486876,3.705226863
2,55,211318720,67,0.328114621,0.142569608,0.037926964,0.520803685
12,55,211318720,67,0.333771051,0.142569608,0.037926964,0.549384720
14,55,211318720,67,0.344720398,0.142569608,0.037926964,0.597070623
28,55,211318720,67,0.345303952,0.142569608,0.037926964,0.599198311
18,55,211318720,67,0.384120181,0.142569608,0.037926964,0.741474167
3,55,211318720,67,0.405338182,0.142569608,0.037926964,0.806091464
30,55,211318720,67,0.430501742,0.142569608,0.037926964,0.841901075
15,55,211318720,67,0.491628020,0.142569608,0.037926964,0.866532056
25,55,211318720,67,0.635595755,0.142569608,0.037926964,1.168813994
24,55,211318720,67,0.656366503,0.142569608,0.037926964,1.231532976
27,55,211318720,67,0.668942036,0.142569608,0.037926964,1.261483337
4,55,211318720,67,0.689012139,0.142569608,0.037926964,1.306588184
23,55,211318720,67,0.737725058,0.142569608,0.037926964,1.421780598
17,55,211318720,67,0.769230066,0.142569608,0.037926964,1.476269190
20,55,211318720,67,0.815600578,0.142569608,0.037926964,1.556201329
5,55,211318720,67,0.832820764,0.142569608,0.037926964,1.586349679
26,55,211318720,67,0.917862357,0.142569608,0.037926964,1.795002362
6,55,211318720,67,0.952025692,0.142569608,0.037926964,1.889314612
11,55,211318720,67,0.984046731,0.142569608,0.037926964,1.965605233
19,55,211318720,67,1.007648939,0.142569608,0.037926964,2.006311805
9,55,211318720,67,1.009629524,0.142569608,0.037926964,2.008400258
22,55,211318720,67,1.076130101,0.142569608,0.037926964,2.106653590
21,55,211318720,67,1.163510533,0.142569608,0.037926964,2.206368322
7,55,211318720,67,1.165294969,0.142569608,0.037926964,2.208293937
1,55,211318720,67,0.406841767,0.142569608,0.037926964,3.103429022
8,55,211318720,67,1.294309936,0.142569608,0.037926964,2.316790600
16,55,211318720,67,0.416831058,0.142569608,0.037926964,3.208208762
13,55,211318720,67,1.349170437,0.142569608,0.037926964,2.374524708
29,55,211318720,67,1.436765414,0.142569608,0.037926964,2.410160668
10,55,211318720,67,2.487518451,0.142569608,0.037926964,2.116390964
3,56,211318720,67,0.262618358,0.142569608,0.035274517,0.315894466
25,56,211318720,67,0.309103827,0.142569608,0.035274517,0.542348635
6,56,211318720,67,0.310267843,0.142569608,0.035274517,0.547456626
17,56,211318720,67,0.331808595,0.142569608,0.035274517,0.637626779
28,56,211318720,67,0.345303952,0.142569608,0.035274517,0.688298810
10,56,211318720,67,0.357859759,0.142569608,0.035274517,0.731356855
19,56,211318720,67,0.387058100,0.142569608,0.035274517,0.840463129
18,56,211318720,67,0.405338182,0.142569608,0.035274517,0.896224617
2,56,211318720,67,0.416831058,0.142569608,0.035274517,0.923750699
27,56,211318720,67,0.459361129,0.142569608,0.035274517,0.996750227
8,56,211318720,67,0.496683722,0.142569608,0.035274517,1.037305844
9,56,211318720,67,0.497832446,0.142569608,0.035274517,1.037824775
24,56,211318720,67,0.670439746,0.142569608,0.035274517,1.086555118
20,56,211318720,67,0.815600578,0.142569608,0.035274517,1.314370191
23,56,211318720,67,0.832820764,0.142569608,0.035274517,1.355833741
15,56,211318720,67,0.846862281,0.142569608,0.035274517,1.380425236
22,56,211318720,67,0.941278721,0.142569608,0.035274517,1.480936762
14,56,211318720,67,0.952025692,0.142569608,0.035274517,1.484912783
21,56,211318720,67,1.104358980,0.142569608,0.035274517,1.577105339
30,56,211318720,67,1.188858293,0.142569608,0.035274517,1.628157334
13,56,211318720,67,1.304662576,0.142569608,0.035274517,1.762235301
11,56,211318720,67,1.349170437,0.142569608,0.035274517,1.866958758
1,56,211318720,67,1.423528796,0.142569608,0.035274517,2.025143016
7,56,211318720,67,1.436765414,0.142569608,0.035274517,2.048255925
26,56,211318720,67,1.450159241,0.142569608,0.035274517,2.061804667
16,56,211318720,67,1.522868244,0.142569608,0.035274517,2.094861164
29,56,211318720,67,1.657194393,0.142569608,0.035274517,2.198571084
5,56,211318720,67,2.502933016,0.142569608,0.035274517,2.100770810
4,56,211318720,67,2.580293565,0.142569608,0.035274517,2.078925875
12,56,211318720,67,1.720860573,0.142569608,0.035274517,3.008024846
10,57,211318720,67,0.217175369,0.142569608,0.028067019,0.145271640
3,57,211318720,67,0.294632521,0.142569608,0.028067019,0.348753779
28,57,211318720,67,0.301447636,0.142569608,0.028067019,0.369543908
25,57,211318720,67,0.346780912,0.142569608,0.028067019,0.490676503
1,57,211318720,67,0.391378383,0.142569608,0.028067019,0.598139103
5,57,211318720,67,0.393703093,0.142569608,0.028067019,0.602013361
30,57,211318720,67,0.420773321,0.142569608,0.028067019,0.631014426
11,57,211318720,67,0.469100688,0.142569608,0.028067019,0.671521317
8,57,211318720,67,0.578321737,0.142569608,0.028067019,0.736016873
22,57,211318720,67,0.689012139,0.142569608,0.028067019,0.974056403
4,57,211318720,67,0.747118578,0.142569608,0.028067019,1.223185865
23,57,211318720,67,0.752566429,0.142569608,0.028067019,1.243642412
26,57,211318720,67,0.790535894,0.142569608,0.028067019,1.345996759
27,57,211318720,67,0.815600578,0.142569608,0.028067019,1.389637690
21,57,211318720,67,0.822082714,0.142569608,0.028067019,1.396586775
19,57,211318720,67,0.839853738,0.142569608,0.028067019,1.403247901
12,57,211318720,67,0.984046731,0.142569608,0.028067019,1.577111316
16,57,211318720,67,1.009629524,0.142569608,0.028067019,1.604317565
13,57,211318720,67,1.065657761,0.142569608,0.028067019,1.673146601
24,57,211318720,67,1.163510533,0.142569608,0.028067019,1.795738908
18,57,211318720,67,1.183831296,0.142569608,0.028067019,1.816705926
6,57,211318720,67,1.275961791,0.142569608,0.028067019,1.852157307
20,57,211318720,67,1.854731332,0.142569608,0.028067019,1.783475772
9,57,211318720,67,0.769230066,0.142569608,0.028067019,3.031677028
15,57,211318720,67,2.280323170,0.142569608,0.028067019,1.780710377
29,57,211318720,67,2.387739789,0.142569608,0.028067019,1.902410604
2,57,211318720,67,2.452082856,0.142569608,0.028067019,1.969186167
7,57,211318720,67,2.487518451,0.142569608,0.028067019,1.982918694
14,57,211318720,67,2.656838111,0.142569608,0.028067019,2.031536763
17,57,211318720,67,2.851214341,0.142569608,0.028067019,1.977869401
7,58,211318720,67,0.205499149,0.142569608,0.189251348,0.157979506
6,58,211318720,67,0.262618358,0.142569608,0.189251348,0.289492658
12,58,211318720,67,0.294632521,0.142569608,0.189251348,0.378992250
21,58,211318720,67,0.331927073,0.142569608,0.189251348,0.493389536
27,58,211318720,67,0.357826991,0.142569608,0.189251348,0.554444866
20,58,211318720,67,0.401123492,0.142569608,0.189251348,0.629164388
11,58,211318720,67,0.420513033,0.142569608,0.189251348,0.650148516
29,58,211318720,67,0.434572014,0.142569608,0.189251348,0.655422905
4,58,211318720,67,0.668942036,0.142569608,0.189251348,0.779071126
10,58,211318720,67,0.747118578,0.142569608,0.189251348,1.088634750
3,58,211318720,67,0.757188691,0.142569608,0.189251348,1.125999275
17,58,211318720,67,0.790535894,0.142569608,0.189251348,1.237952163
18,58,211318720,67,0.809045384,0.142569608,0.189251348,1.301867825
16,58,211318720,67,0.821650137,0.142569608,0.189251348,1.340386421
25,58,211318720,67,0.828887397,0.142569608,0.189251348,1.357523649
9,58,211318720,67,0.832073278,0.142569608,0.189251348,1.363163471
26,58,211318720,67,0.917862357,0.142569608,0.189251348,1.493108213
8,58,211318720,67,0.940637450,0.142569608,0.189251348,1.516803105
19,58,211318720,67,0.999831002,0.142569608,0.189251348,1.539680761
15,58,211318720,67,1.163510533,0.142569608,0.189251348,1.688645800
2,58,211318720,67,1.185253134,0.142569608,0.189251348,1.711699925
5,58,211318720,67,1.278350893,0.142569608,0.189251348,1.795119315
1,58,211318720,67,1.349170437,0.142569608,0.189251348,1.822693605
14,58,211318720,67,1.522868244,0.142569608,0.189251348,1.918319053
22,58,211318720,67,1.720860573,0.142569608,0.189251348,2.003752987
23,58,211318720,67,2.141684867,0.142569608,0.189251348,1.981147804
13,58,211318720,67,2.452082856,0.142569608,0.189251348,1.989510383
24,58,211318720,67,2.610934393,0.142569608,0.189251348,2.038514784
28,58,211318720,67,3.411740796,0.142569608,0.189251348,1.816962194
30,58,211318720,67,1.591305991,0.142569608,0.189251348,3.646150879
15,59,211318720,67,0.205499149,0.142569608,0.064475849,0.052392811
28,59,211318720,67,0.393703093,0.142569608,0.064475849,0.299704256
12,59,211318720,67,0.406369678,0.142569608,0.064475849,0.329990737
4,59,211318720,67,0.469331802,0.142569608,0.064475849,0.437346145
9,59,211318720,67,0.471067229,0.142569608,0.064475849,0.439122402
5,59,211318720,67,0.491628020,0.142569608,0.064475849,0.447210678
1,59,211318720,67,0.694847525,0.142569608,0.064475849,0.783140996
23,59,211318720,67,0.695802929,0.142569608,0.064475849,0.787729133
2,59,211318720,67,0.747118578,0.142569608,0.064475849,1.013024372
30,59,211318720,67,0.781082769,0.142569608,0.064475849,1.139833659
14,59,211318720,67,0.790535894,0.142569608,0.064475849,1.169018756
18,59,211318720,67,0.799520819,0.142569608,0.064475849,1.190422527
17,59,211318720,67,0.802276566,0.142569608,0.064475849,1.195346292
3,59,211318720,67,0.815600578,0.142569608,0.064475849,1.213824832
26,59,211318720,67,0.822148367,0.142569608,0.064475849,1.220478784
29,59,211318720,67,0.990430268,0.142569608,0.064475849,1.724187754
27,59,211318720,67,0.999831002,0.142569608,0.064475849,1.759305348
19,59,211318720,67,1.021439625,0.142569608,0.064475849,1.825731437
8,59,211318720,67,1.024237500,0.142569608,0.064475849,1.832405782
20,59,211318720,67,1.055621497,0.142569608,0.064475849,1.886605294
25,59,211318720,67,1.065657761,0.142569608,0.064475849,1.898920937
21,59,211318720,67,1.076130101,0.142569608,0.064475849,1.909943497
11,59,211318720,67,1.205968091,0.142569608,0.064475849,2.003656684
13,59,211318720,67,1.284436966,0.142569608,0.064475849,2.074920577
6,59,211318720,67,1.374381413,0.142569608,0.064475849,2.175168122
10,59,211318720,67,1.414402113,0.142569608,0.064475849,2.216035040
16,59,211318720,67,1.509114459,0.142569608,0.064475849,2.253861562
24,59,211318720,67,1.720860573,0.142569608,0.064475849,2.289816127
22,59,211318720,67,0.952025692,0.142569608,0.064475849,3.663674332
7,59,211318720,67,2.656838111,0.142569608,0.064475849,2.026427601
5,60,211318720,67,0.217175369,0.142569608,0.218499199,0.127374694
9,60,211318720,67,0.328114621,0.142569608,0.218499199,0.718193466
29,60,211318720,67,0.331808595,0.142569608,0.218499199,0.741797914
16,60,211318720,67,0.332457627,0.142569608,0.218499199,0.745599513
20,60,211318720,67,0.346780912,0.142569608,0.218499199,0.817539727
7,60,211318720,67,0.367044128,0.142569608,0.218499199,0.903926239
13,60,211318720,67,0.384120181,0.142569608,0.218499199,0.967505819
8,60,211318720,67,0.391378383,0.142569608,0.218499199,0.989528815
21,60,211318720,67,0.420773321,0.142569608,0.218499199,1.059102536
2,60,211318720,67,0.430501742,0.142569608,0.218499199,1.075779960
3,60,211318720,67,0.452040546,0.142569608,0.218499199,1.098630138
26,60,211318720,67,0.497832446,0.142569608,0.218499199,1.116682383
25,60,211318720,67,0.668942036,0.142569608,0.218499199,1.293217912
18,60,211318720,67,0.689012139,0.142569608,0.218499199,1.322800934
24,60,211318720,67,0.737146514,0.142569608,0.218499199,1.381854190
12,60,211318720,67,0.819719265,0.142569608,0.218499199,1.479634307
27,60,211318720,67,0.945577756,0.142569608,0.218499199,1.647495211
1,60,211318720,67,0.998676963,0.142569608,0.218499199,1.703924555
30,60,211318720,67,1.044856486,0.142569608,0.218499199,1.754098306
15,60,211318720,67,1.163510533,0.142569608,0.218499199,2.144552130
4,60,211318720,67,1.165294969,0.142569608,0.218499199,2.150066016
17,60,211318720,67,1.185253134,0.142569608,0.218499199,2.197477200
23,60,211318720,67,1.188858293,0.142569608,0.218499199,2.203685840
14,60,211318720,67,1.205968091,0.142569608,0.218499199,2.221838977
28,60,211318720,67,1.241069629,0.142569608,0.218499199,2.258667009
19,60,211318720,67,0.352250991,0.142569608,0.218499199,3.162769151
11,60,211318720,67,1.349170437,0.142569608,0.218499199,2.300741469
10,60,211318720,67,2.194425436,0.142569608,0.218499199,2.159142289
22,60,211318720,67,2.241835908,0.142569608,0.218499199,2.145589123
6,60,211318720,67,0.867005483,0.142569608,0.218499199,3.530029575
25,61,211318720,67,0.272776191,0.142569608,0.034418676,0.282264031
15,61,211318720,67,0.310267843,0.142569608,0.034418676,0.493164203
8,61,211318720,67,0.333771051,0.142569608,0.034418676,0.612045497
27,61,211318720,67,0.347471629,0.142569608,0.034418676,0.672451187
22,61,211318720,67,0.384120181,0.142569608,0.034418676,0.808739701
9,61,211318720,67,0.391378383,0.142569608,0.034418676,0.830340066
10,61,211318720,67,0.401123492,0.142569608,0.034418676,0.853755180
13,61,211318720,67,0.405338182,0.142569608,0.034418676,0.860914559
12,61,211318720,67,0.411648825,0.142569608,0.034418676,0.867514955
21,61,211318720,67,0.420773321,0.142569608,0.034418676,0.871335411
17,61,211318720,67,0.635595755,0.142569608,0.034418676,1.001540009
19,61,211318720,67,0.687056158,0.142569608,0.034418676,1.109612348
16,61,211318720,67,0.737146514,0.142569608,0.034418676,1.204984864
1,61,211318720,67,0.769230066,0.142569608,0.034418676,1.260752459
29,61,211318720,67,0.799520819,0.142569608,0.034418676,1.292756013
3,61,211318720,67,0.867005483,0.142569608,0.034418676,1.406979470
11,61,211318720,67,0.945577756,0.142569608,0.034418676,1.613566577
26,61,211318720,67,0.952025692,0.142569608,0.034418676,1.628791323
7,61,211318720,67,0.998676963,0.142569608,0.034418676,1.733727458
30,61,211318720,67,1.024237500,0.142569608,0.034418676,1.776911171
4,61,211318720,67,1.044856486,0.142569608,0.034418676,1.798827567
24,61,211318720,67,1.104358980,0.142569608,0.034418676,1.849810544
18,61,211318720,67,1.205812777,0.142569608,0.034418676,1.933845799
14,61,211318720,67,1.284436966,0.142569608,0.034418676,1.965216271
5,61,211318720,67,1.657194393,0.142569608,0.034418676,1.954531808
28,61,211318720,67,2.141684867,0.142569608,0.034418676,1.941517291
20,61,211318720,67,2.242581386,0.142569608,0.034418676,1.980415469
2,61,211318720,67,2.500940347,0.142569608,0.034418676,2.096368190
6,61,211318720,67,2.502933016,0.142569608,0.034418676,2.097095378
23,61,211318720,67,3.411740796,0.142569608,0.034418676,1.846914962
23,62,211318720,67,0.272776191,0.142569608,0.020742068,0.371684785
26,62,211318720,67,0.309103827,0.142569608,0.020742068,0.593849436
2,62,211318720,67,0.328114621,0.142569608,0.020742068,0.715302714
19,62,211318720,67,0.333771051,0.142569608,0.020742068,0.747625549
27,62,211318720,67,0.338645076,0.142569608,0.020742068,0.772045643
29,62,211318720,67,0.345303952,0.142569608,0.020742068,0.801420516
28,62,211318720,67,0.387058100,0.142569608,0.020742068,0.966427445
25,62,211318720,67,0.402068091,0.142569608,0.020742068,1.022459121
5,62,211318720,67,0.407748930,0.142569608,0.020742068,1.039350680
22,62,211318720,67,0.411648825,0.142569608,0.020742068,1.048531304
6,62,211318720,67,0.430501742,0.142569608,0.020742068,1.080652604
1,62,211318720,67,0.452040546,0.142569608,0.020742068,1.103192951
10,62,211318720,67,0.515830983,0.142569608,0.020742068,1.129048953
11,62,211318720,67,0.832820764,0.142569608,0.020742068,1.503435254
14,62,211318720,67,0.846862281,0.142569608,0.020742068,1.529860661
15,62,211318720,67,0.867005483,0.142569608,0.020742068,1.563709429
17,62,211318720,67,0.941278721,0.142569608,0.020742068,1.699974548
21,62,211318720,67,0.986327720,0.142569608,0.020742068,1.778117935
7,62,211318720,67,1.024237500,0.142569608,0.020742068,1.819345548
4,62,211318720,67,1.055621497,0.142569608,0.020742068,1.852693984
18,62,211318720,67,1.163510533,0.142569608,0.020742068,1.938484595
9,62,211318720,67,1.284436966,0.142569608,0.020742068,2.141069332
20,62,211318720,67,1.289231248,0.142569608,0.020742068,2.142973918
24,62,211318720,67,0.687056158,0.142569608,0.020742068,3.343305166
30,62,211318720,67,1.904038728,0.142569608,0.020742068,2.138334923
8,62,211318720,67,1.934453384,0.142569608,0.020742068,2.155352500
12,62,211318720,67,2.070019088,0.142569608,0.020742068,2.208881576
16,62,211318720,67,0.828887397,0.142569608,0.020742068,3.648454642
3,62,211318720,67,3.042432322,0.142569608,0.020742068,1.938805214
13,62,211318720,67,1.275961791,0.142569608,0.020742068,3.724878852
11,63,211318720,67,0.328114621,0.142569608,0.020167708,0.429927414
6,63,211318720,67,0.344720398,0.142569608,0.020167708,0.502526569
22,63,211318720,67,0.366496772,0.142569608,0.020167708,0.593545572
28,63,211318720,67,0.391378383,0.142569608,0.020167708,0.703138333
2,63,211318720,67,0.402068091,0.142569608,0.020167708,0.742115618
14,63,211318720,67,0.416831058,0.142569608,0.020167708,0.770700362
9,63,211318720,67,0.496683722,0.142569608,0.020167708,0.855530774
30,63,211318720,67,0.507433692,0.142569608,0.020167708,0.859611654
7,63,211318720,67,0.689012139,0.142569608,0.020167708,1.057525916
1,63,211318720,67,0.747118578,0.142569608,0.020167708,1.273069075
8,63,211318720,67,0.756670836,0.142569608,0.020167708,1.302410651
24,63,211318720,67,0.799520819,0.142569608,0.020167708,1.405572747
16,63,211318720,67,0.809045384,0.142569608,0.020167708,1.421663726
18,63,211318720,67,0.815600578,0.142569608,0.020167708,1.428537761
27,63,211318720,67,0.832073278,0.142569608,0.020167708,1.434878488
13,63,211318720,67,1.009629524,0.142569608,0.020167708,1.530746649
15,63,211318720,67,1.076130101,0.142569608,0.020167708,1.613380826
21,63,211318720,67,1.163510533,0.142569608,0.020167708,1.748465128
5,63,211318720,67,1.188858293,0.142569608,0.020167708,1.774711690
10,63,211318720,67,0.401427962,0.142569608,0.020167708,2.571248519
25,63,211318720,67,0.406841767,0.142569608,0.020167708,2.569591428
26,63,211318720,67,1.241069629,0.142569608,0.020167708,1.795512381
4,63,211318720,67,1.591305991,0.142569608,0.020167708,1.938248396
23,63,211318720,67,1.657194393,0.142569608,0.020167708,1.981336329
29,63,211318720,67,1.772163784,0.142569608,0.020167708,2.066758989
19,63,211318720,67,1.854731332,0.142569608,0.020167708,2.098799684
12,63,211318720,67,2.280323170,0.142569608,0.020167708,2.167929371
3,63,211318720,67,1.423528796,0.142569608,0.020167708,3.214834715
20,63,211318720,67,2.036967590,0.142569608,0.020167708,2.647859976
17,63,211318720,67,2.487518451,0.142569608,0.020167708,2.217124050
3,64,211318720,67,0.205499149,0.142569608,0.040666908,0.130920348
6,64,211318720,67,0.294632521,0.142569608,0.040666908,0.452329875
25,64,211318720,67,0.301447636,0.142569608,0.040666908,0.482138017
7,64,211318720,67,0.333771051,0.142569608,0.040666908,0.605855397
23,64,211318720,67,0.347471629,0.142569608,0.040666908,0.656604814
21,64,211318720,67,0.384120181,0.142569608,0.040666908,0.808542708
12,64,211318720,67,0.387058100,0.142569608,0.040666908,0.821548870
24,64,211318720,67,0.406314018,0.142569608,0.040666908,0.893646061
9,64,211318720,67,0.406841767,0.142569608,0.040666908,0.895243169
22,64,211318720,67,0.471067229,0.142569608,0.040666908,1.048354726
15,64,211318720,67,0.496683722,0.142569608,0.040666908,1.092651148
13,64,211318720,67,0.515830983,0.142569608,0.040666908,1.107368218
2,64,211318720,67,0.687056158,0.142569608,0.040666908,1.298810584
18,64,211318720,67,0.714799086,0.142569608,0.040666908,1.347180645
8,64,211318720,67,0.737725058,0.142569608,0.040666908,1.371862716
11,64,211318720,67,0.821650137,0.142569608,0.040666908,1.435109384
5,64,211318720,67,0.917862357,0.142569608,0.040666908,1.634947686
10,64,211318720,67,0.969201848,0.142569608,0.040666908,1.758535999
26,64,211318720,67,0.984046731,0.142569608,0.040666908,1.784331876
14,64,211318720,67,0.998676963,0.142569608,0.040666908,1.799303128
29,64,211318720,67,1.044856486,0.142569608,0.040666908,1.832441486
4,64,211318720,67,1.163510533,0.142569608,0.040666908,1.955988117
16,64,211318720,67,1.289231248,0.142569608,0.040666908,2.087654927
17,64,211318720,67,1.349170437,0.142569608,0.040666908,2.174754277
28,64,211318720,67,1.436765414,0.142569608,0.040666908,2.266609190
19,64,211318720,67,1.450159241,0.142569608,0.040666908,2.271041061
30,64,211318720,67,0.507433692,0.142569608,0.040666908,3.345450345
27,64,211318720,67,1.973971545,0.142569608,0.040666908,2.221504278
20,64,211318720,67,3.042432322,0.142569608,0.040666908,1.926321279
1,64,211318720,67,1.205812777,0.142569608,0.040666908,3.771970886
18,65,211318720,67,0.217175369,0.142569608,0.167510897,0.204162082
20,65,211318720,67,0.274486776,0.142569608,0.167510897,0.391910569
11,65,211318720,67,0.294632521,0.142569608,0.167510897,0.481856416
12,65,211318720,67,0.301447636,0.142569608,0.167510897,0.511936568
23,65,211318720,67,0.344720398,0.142569608,0.167510897,0.707315209
22,65,211318720,67,0.406841767,0.142569608,0.167510897,0.990802090
15,65,211318720,67,0.407748930,0.142569608,0.167510897,0.994255488
6,65,211318720,67,0.411648825,0.142569608,0.167510897,1.006110523
3,65,211318720,67,0.434572014,0.142569608,0.167510897,1.061288968
21,65,211318720,67,0.452040546,0.142569608,0.167510897,1.091762482
1,65,211318720,67,0.471067229,0.142569608,0.167510897,1.111507633
2,65,211318720,67,0.491628020,0.142569608,0.167510897,1.119528719
14,65,211318720,67,0.689012139,0.142569608,0.167510897,1.371268434
28,65,211318720,67,0.714799086,0.142569608,0.167510897,1.433192465
5,65,211318720,67,0.746840162,0.142569608,0.167510897,1.488623382
17,65,211318720,67,0.764463287,0.142569608,0.167510897,1.506750171
27,65,211318720,67,0.781082769,0.142569608,0.167510897,1.512842156
8,65,211318720,67,0.986327720,0.142569608,0.167510897,1.775411516
13,65,211318720,67,0.998676963,0.142569608,0.167510897,1.813508438
7,65,211318720,67,1.021439625,0.142569608,0.167510897,1.868047253
10,65,211318720,67,1.077776804,0.142569608,0.167510897,1.974414218
16,65,211318720,67,1.102987746,0.142569608,0.167510897,2.017627327
30,65,211318720,67,1.104358980,0.142569608,0.167510897,2.018998073
29,65,211318720,67,1.205968091,0.142569608,0.167510897,2.058863709
4,65,211318720,67,0.367044128,0.142569608,0.167510897,2.906772893
24,65,211318720,67,1.436765414,0.142569608,0.167510897,2.090274358
19,65,211318720,67,1.904038728,0.142569608,0.167510897,2.054377845
9,65,211318720,67,2.122991969,0.142569608,0.167510897,2.087362483
26,65,211318720,67,2.656838111,0.142569608,0.167510897,2.029563940
25,65,211318720,67,2.759003758,0.142569608,0.167510897,2.000425389
29,66,211318720,67,0.272776191,0.142569608,0.132800579,0.272643010
15,66,211318720,67,0.291309717,0.142569608,0.132800579,0.306848056
18,66,211318720,67,0.294632521,0.142569608,0.132800579,0.312685074
12,66,211318720,67,0.332457627,0.142569608,0.132800579,0.360949396
26,66,211318720,67,0.430501742,0.142569608,0.132800579,0.530692496
16,66,211318720,67,0.469100688,0.142569608,0.132800579,0.592934346
1,66,211318720,67,0.469331802,0.142569608,0.132800579,0.593186407
7,66,211318720,67,0.578321737,0.142569608,0.132800579,0.724793941
2,66,211318720,67,0.668942036,0.142569608,0.132800579,1.024226982
10,66,211318720,67,0.670439746,0.142569608,0.132800579,1.029940095
20,66,211318720,67,0.695802929,0.142569608,0.132800579,1.127167322
24,66,211318720,67,0.714799086,0.142569608,0.132800579,1.198501689
28,66,211318720,67,0.737725058,0.142569608,0.132800579,1.267757483
22,66,211318720,67,0.764463287,0.142569608,0.132800579,1.331914455
17,66,211318720,67,0.806589981,0.142569608,0.132800579,1.406137055
30,66,211318720,67,0.815600578,0.142569608,0.132800579,1.421750180
25,66,211318720,67,0.832073278,0.142569608,0.132800579,1.439320002
8,66,211318720,67,0.945577756,0.142569608,0.132800579,1.685912182
9,66,211318720,67,0.984046731,0.142569608,0.132800579,1.751877806
19,66,211318720,67,0.986327720,0.142569608,0.132800579,1.754332685
5,66,211318720,67,0.990430268,0.142569608,0.132800579,1.756203473
21,66,211318720,67,1.235957661,0.142569608,0.132800579,1.782601823
13,66,211318720,67,1.414402113,0.142569608,0.132800579,1.830033292
14,66,211318720,67,1.591305991,0.142569608,0.132800579,1.876447298
4,66,211318720,67,2.280323170,0.142569608,0.132800579,1.780145788
11,66,211318720,67,2.500940347,0.142569608,0.132800579,1.877656402
3,66,211318720,67,2.580293565,0.142569608,0.132800579,1.962092468
27,66,211318720,67,2.610934393,0.142569608,0.132800579,1.974371276
6,66,211318720,67,3.042432322,0.142569608,0.132800579,1.946595739
23,66,211318720,67,3.411740796,0.142569608,0.132800579,1.842069234
23,67,211318720,67,0.205499149,0.142569608,0.093489341,0.192425517
19,67,211318720,67,0.217175369,0.142569608,0.093489341,0.221425445
11,67,211318720,67,0.299654210,0.142569608,0.093489341,0.445374094
27,67,211318720,67,0.325376681,0.142569608,0.093489341,0.524144532
5,67,211318720,67,0.344720398,0.142569608,0.093489341,0.581327374
8,67,211318720,67,0.357826991,0.142569608,0.093489341,0.612465981
28,67,211318720,67,0.411648825,0.142569608,0.093489341,0.725782383
3,67,211318720,67,0.471067229,0.142569608,0.093489341,0.824343467
24,67,211318720,67,0.522957550,0.142569608,0.093489341,0.886555451
13,67,211318720,67,0.578321737,0.142569608,0.093489341,0.984939809
25,67,211318720,67,0.656366503,0.142569608,0.093489341,1.173082813
16,67,211318720,67,0.687056158,0.142569608,0.093489341,1.247399094
29,67,211318720,67,0.695802929,0.142569608,0.093489341,1.272000752
21,67,211318720,67,0.747118578,0.142569608,0.093489341,1.424379348
2,67,211318720,67,0.769230066,0.142569608,0.093489341,1.477455353
14,67,211318720,67,0.828887397,0.142569608,0.093489341,1.599063620
22,67,211318720,67,0.832820764,0.142569608,0.093489341,1.605823853
18,67,211318720,67,0.846862281,0.142569608,0.093489341,1.620706281
10,67,211318720,67,0.940637450,0.142569608,0.093489341,1.731559651
17,67,211318720,67,0.999831002,0.142569608,0.093489341,1.794868043
26,67,211318720,67,1.055621497,0.142569608,0.093489341,1.816295630
20,67,211318720,67,1.205968091,0.142569608,0.093489341,1.910246457
1,67,211318720,67,0.430501742,0.142569608,0.093489341,2.687693246
4,67,211318720,67,1.284436966,0.142569608,0.093489341,1.977923676
15,67,211318720,67,1.374381413,0.142569608,0.093489341,2.073896454
6,67,211318720,67,1.423528796,0.142569608,0.093489341,2.093698894
12,67,211318720,67,1.591305991,0.142569608,0.093489341,2.141433803
30,67,211318720,67,2.194425436,0.142569608,0.093489341,2.067535999
7,67,211318720,67,2.387739789,0.142569608,0.093489341,2.110576703
9,67,211318720,67,2.610934393,0.142569608,0.093489341,2.046587371
2,68,211318720,67,0.217175369,0.142569608,0.104926854,0.250993241
23,68,211318720,67,0.218636321,0.142569608,0.104926854,0.254471539
18,68,211318720,67,0.291309717,0.142569608,0.104926854,0.456877697
21,68,211318720,67,0.301447636,0.142569608,0.104926854,0.501575910
30,68,211318720,67,0.333771051,0.142569608,0.104926854,0.642237946
17,68,211318720,67,0.401427962,0.142569608,0.104926854,0.940146962
9,68,211318720,67,0.406314018,0.142569608,0.104926854,0.958534186
1,68,211318720,67,0.406369678,0.142569608,0.104926854,0.958708609
13,68,211318720,67,0.420281467,0.142569608,0.104926854,0.992008748
15,68,211318720,67,0.420513033,0.142569608,0.104926854,0.992441012
25,68,211318720,67,0.452040546,0.142569608,0.104926854,1.025646181
22,68,211318720,67,0.469100688,0.142569608,0.104926854,1.032240582
20,68,211318720,67,0.752566429,0.142569608,0.104926854,1.480784495
12,68,211318720,67,0.764463287,0.142569608,0.104926854,1.533002165
19,68,211318720,67,0.781082769,0.142569608,0.104926854,1.595061086
11,68,211318720,67,0.802276566,0.142569608,0.104926854,1.659417546
28,68,211318720,67,0.806589981,0.142569608,0.104926854,1.672181713
3,68,211318720,67,0.809045384,0.142569608,0.104926854,1.678024325
4,68,211318720,67,0.821650137,0.142569608,0.104926854,1.699279514
29,68,211318720,67,0.832820764,0.142569608,0.104926854,1.710950834
16,68,211318720,67,0.945577756,0.142569608,0.104926854,1.754931310
14,68,211318720,67,1.101347065,0.142569608,0.104926854,1.905095943
24,68,211318720,67,1.163510533,0.142569608,0.104926854,2.023282432
6,68,211318720,67,1.185253134,0.142569608,0.104926854,2.061562182
26,68,211318720,67,1.235957661,0.142569608,0.104926854,2.118763540
5,68,211318720,67,1.289231248,0.142569608,0.104926854,2.173444286
27,68,211318720,67,1.374381413,0.142569608,0.104926854,2.257876428
10,68,211318720,67,1.436765414,0.142569608,0.104926854,2.281065949
8,68,211318720,67,1.657194393,0.142569608,0.104926854,2.314003495
7,68,211318720,67,2.452082856,0.142569608,0.104926854,2.093713094
25,69,211318720,67,0.274486776,0.142569608,0.010677717,0.360127995
26,69,211318720,67,0.281178980,0.142569608,0.010677717,0.400202611
11,69,211318720,67,0.325376681,0.142569608,0.010677717,0.658735814
18,69,211318720,67,0.340022068,0.142569608,0.010677717,0.749848476
13,69,211318720,67,0.352250991,0.142569608,0.010677717,0.819228517
27,69,211318720,67,0.384275535,0.142569608,0.010677717,0.985208280
9,69,211318720,67,0.401427962,0.142569608,0.010677717,1.069448792
5,69,211318720,67,0.402068091,0.142569608,0.010677717,1.071896617
10,69,211318720,67,0.411648825,0.142569608,0.010677717,1.101328395
22,69,211318720,67,0.420513033,0.142569608,0.010677717,1.122396001
23,69,211318720,67,0.459361129,0.142569608,0.010677717,1.189987076
29,69,211318720,67,0.519929897,0.142569608,0.010677717,1.220393140
12,69,211318720,67,0.668942036,0.142569608,0.010677717,1.293754389
7,69,211318720,67,0.781082769,0.142569608,0.010677717,1.467679159
1,69,211318720,67,0.819719265,0.142569608,0.010677717,1.555079246
16,69,211318720,67,0.832820764,0.142569608,0.010677717,1.595144737
28,69,211318720,67,0.940637450,0.142569608,0.010677717,1.852309628
19,69,211318720,67,0.941278721,0.142569608,0.010677717,1.853375955
2,69,211318720,67,0.945577756,0.142569608,0.010677717,1.857728870
20,69,211318720,67,0.952025692,0.142569608,0.010677717,1.860123159
17,69,211318720,67,1.165294969,0.142569608,0.010677717,1.999767130
6,69,211318720,67,1.185253134,0.142569608,0.010677717,2.021413973
24,69,211318720,67,1.275961791,0.142569608,0.010677717,2.104311109
4,69,211318720,67,1.349170437,0.142569608,0.010677717,2.168176793
3,69,211318720,67,1.436765414,0.142569608,0.010677717,2.199893148
15,69,211318720,67,0.397487178,0.142569608,0.010677717,3.281690281
30,69,211318720,67,1.854731332,0.142569608,0.010677717,2.240437393
8,69,211318720,67,1.904038728,0.142569608,0.010677717,2.259372246
21,69,211318720,67,1.934453384,0.142569608,0.010677717,2.250674668
14,69,211318720,67,0.471067229,0.142569608,0.010677717,3.816392954
10,70,211318720,67,0.262618358,0.142569608,0.002616507,0.349068585
6,70,211318720,67,0.299654210,0.142569608,0.002616507,0.524885789
9,70,211318720,67,0.301447636,0.142569608,0.002616507,0.532663435
3,70,211318720,67,0.344720398,0.142569608,0.002616507,0.712318118
30,70,211318720,67,0.345303952,0.142569608,0.002616507,0.714441402
20,70,211318720,67,0.346780912,0.142569608,0.002616507,0.718901796
14,70,211318720,67,0.349695505,0.142569608,0.002616507,0.725644807
25,70,211318720,67,0.405338182,0.142569608,0.002616507,0.869355313
17,70,211318720,67,0.420281467,0.142569608,0.002616507,0.905170424
27,70,211318720,67,0.459292393,0.142569608,0.002616507,0.973108955
28,70,211318720,67,0.507433692,0.142569608,0.002616507,1.023827749
24,70,211318720,67,0.515830983,0.142569608,0.002616507,1.026475978
5,70,211318720,67,0.668942036,0.142569608,0.002616507,1.262351998
2,70,211318720,67,0.698254705,0.142569608,0.002616507,1.363332910
16,70,211318720,67,0.737725058,0.142569608,0.002616507,1.484108063
13,70,211318720,67,0.757188691,0.142569608,0.002616507,1.530812624
4,70,211318720,67,0.781082769,0.142569608,0.002616507,1.571192080
22,70,211318720,67,0.809045384,0.142569608,0.002616507,1.599996156
19,70,211318720,67,0.823874673,0.142569608,0.002616507,1.606418772
26,70,211318720,67,0.986327720,0.142569608,0.002616507,1.656746897
7,70,211318720,67,1.165294969,0.142569608,0.002616507,1.903859748
23,70,211318720,67,1.183831296,0.142569608,0.002616507,1.948270207
21,70,211318720,67,1.205968091,0.142569608,0.002616507,1.986655909
1,70,211318720,67,1.235957661,0.142569608,0.002616507,2.017767949
8,70,211318720,67,1.304662576,0.142569608,0.002616507,2.044528488
15,70,211318720,67,1.591305991,0.142569608,0.002616507,2.060009855
18,70,211318720,67,2.070019088,0.142569608,0.002616507,2.111737036
29,70,211318720,67,2.502933016,0.142569608,0.002616507,2.086174938
11,70,211318720,67,3.042432322,0.142569608,0.002616507,1.934211720
12,70,211318720,67,2.036967590,0.142569608,0.002616507,3.108660827
20,71,211318720,67,0.325376681,0.142569608,0.061602894,0.409056876
22,71,211318720,67,0.332457627,0.142569608,0.061602894,0.445957861
24,71,211318720,67,0.357826991,0.142569608,0.061602894,0.576660626
30,71,211318720,67,0.387058100,0.142569608,0.061602894,0.723559836
29,71,211318720,67,0.401123492,0.142569608,0.061602894,0.785309068
1,71,211318720,67,0.405338182,0.142569608,0.061602894,0.800514517
11,71,211318720,67,0.420513033,0.142569608,0.061602894,0.847096533
9,71,211318720,67,0.469331802,0.142569608,0.061602894,0.939836521
6,71,211318720,67,0.471067229,0.142569608,0.061602894,0.941384884
4,71,211318720,67,0.496683722,0.142569608,0.061602894,0.953219662
23,71,211318720,67,0.635595755,0.142569608,0.061602894,1.191269734
3,71,211318720,67,0.694847525,0.142569608,0.061602894,1.359308243
8,71,211318720,67,0.695802929,0.142569608,0.061602894,1.362959072
21,71,211318720,67,0.698254705,0.142569608,0.061602894,1.370136409
7,71,211318720,67,0.747118578,0.142569608,0.061602894,1.487006576
2,71,211318720,67,0.815600578,0.142569608,0.061602894,1.624334213
15,71,211318720,67,0.823874673,0.142569608,0.061602894,1.644378748
14,71,211318720,67,0.832820764,0.142569608,0.061602894,1.664122555
28,71,211318720,67,0.940637450,0.142569608,0.061602894,1.906101057
16,71,211318720,67,0.945577756,0.142569608,0.061602894,1.914629283
26,71,211318720,67,0.969201848,0.142569608,0.061602894,1.950194199
18,71,211318720,67,0.998676963,0.142569608,0.061602894,2.001139592
19,71,211318720,67,1.102987746,0.142569608,0.061602894,2.138021803
17,71,211318720,67,1.104358980,0.142569608,0.061602894,2.139579959
12,71,211318720,67,1.205812777,0.142569608,0.061602894,2.215997387
10,71,211318720,67,1.294309936,0.142569608,0.061602894,2.251147734
25,71,211318720,67,0.434572014,0.142569608,0.061602894,3.160586699
27,71,211318720,67,2.387739789,0.142569608,0.061602894,2.090257981
5,71,211318720,67,2.452082856,0.142569608,0.061602894,2.114624987
13,71,211318720,67,2.851214341,0.142569608,0.061602894,2.104369080
11,72,211318720,67,0.205499149,0.142569608,0.115636528,0.071415034
17,72,211318720,67,0.332457627,0.142569608,0.115636528,0.501278265
16,72,211318720,67,0.338645076,0.142569608,0.115636528,0.524447132
30,72,211318720,67,0.357859759,0.142569608,0.115636528,0.585860750
22,72,211318720,67,0.372439086,0.142569608,0.115636528,0.635317956
18,72,211318720,67,0.387058100,0.142569608,0.115636528,0.689365096
5,72,211318720,67,0.405338182,0.142569608,0.115636528,0.744988484
9,72,211318720,67,0.406314018,0.142569608,0.115636528,0.747280402
29,72,211318720,67,0.496683722,0.142569608,0.115636528,0.903047446
21,72,211318720,67,0.507433692,0.142569608,0.115636528,0.914144884
6,72,211318720,67,0.515830983,0.142569608,0.115636528,0.917646088
24,72,211318720,67,0.668942036,0.142569608,0.115636528,1.083083538
19,72,211318720,67,0.670439746,0.142569608,0.115636528,1.086656505
13,72,211318720,67,0.799520819,0.142569608,0.115636528,1.467569928
20,72,211318720,67,0.802276566,0.142569608,0.115636528,1.474119823
14,72,211318720,67,0.806589981,0.142569608,0.115636528,1.481508513
3,72,211318720,67,0.815600578,0.142569608,0.115636528,1.491082071
7,72,211318720,67,0.832073278,0.142569608,0.115636528,1.497691480
2,72,211318720,67,1.021439625,0.142569608,0.115636528,1.639573469
10,72,211318720,67,1.076130101,0.142569608,0.115636528,1.742346660
1,72,211318720,67,1.102987746,0.142569608,0.115636528,1.789135640
28,72,211318720,67,1.183831296,0.142569608,0.115636528,1.930002073
26,72,211318720,67,1.275961791,0.142569608,0.115636528,2.058986120
25,72,211318720,67,1.294309936,0.142569608,0.115636528,2.078021421
8,72,211318720,67,1.374381413,0.142569608,0.115636528,2.161747740
12,72,211318720,67,1.436765414,0.142569608,0.115636528,2.185325738
4,72,211318720,67,1.720860573,0.142569608,0.115636528,2.201279155
23,72,211318720,67,1.973971545,0.142569608,0.115636528,2.224201775
15,72,211318720,67,2.122991969,0.142569608,0.115636528,2.181930406
27,72,211318720,67,1.185253134,0.142569608,0.115636528,3.173525704
30,73,211318720,67,0.217175369,0.142569608,0.049507875,0.220838631
8,73,211318720,67,0.274486776,0.142569608,0.049507875,0.359378402
23,73,211318720,67,0.346780912,0.142569608,0.049507875,0.601924064
15,73,211318720,67,0.347471629,0.142569608,0.049507875,0.603979146
3,73,211318720,67,0.372439086,0.142569608,0.049507875,0.663224917
6,73,211318720,67,0.402068091,0.142569608,0.049507875,0.713421171
12,73,211318720,67,0.420513033,0.142569608,0.049507875,0.733251402
26,73,211318720,67,0.452040546,0.142569608,0.049507875,0.745062607
17,73,211318720,67,0.218636321,0.142569608,0.049507875,1.001792110
28,73,211318720,67,0.635595755,0.142569608,0.049507875,0.838320999
24,73,211318720,67,0.714799086,0.142569608,0.049507875,0.950479461
21,73,211318720,67,0.764463287,0.142569608,0.049507875,1.036660474
29,73,211318720,67,0.823874673,0.142569608,0.049507875,1.147762914
10,73,211318720,67,0.846862281,0.142569608,0.049507875,1.189345842
2,73,211318720,67,0.919655903,0.142569608,0.049507875,1.425244900
4,73,211318720,67,0.941278721,0.142569608,0.049507875,1.503699596
18,73,211318720,67,0.986327720,0.142569608,0.049507875,1.641956937
16,73,211318720,67,0.990430268,0.142569608,0.049507875,1.651430503
14,73,211318720,67,1.009629524,0.142569608,0.049507875,1.684415718
22,73,211318720,67,1.021439625,0.142569608,0.049507875,1.697246412
9,73,211318720,67,1.163510533,0.142569608,0.049507875,1.858684211
5,73,211318720,67,1.188858293,0.142569608,0.049507875,1.868751504
19,73,211318720,67,1.720860573,0.142569608,0.049507875,1.815111261
13,73,211318720,67,2.036967590,0.142569608,0.049507875,1.922337106
11,73,211318720,67,2.070019088,0.142569608,0.049507875,1.957558987
27,73,211318720,67,2.141684867,0.142569608,0.049507875,1.986351984
20,73,211318720,67,2.387739789,0.142569608,0.049507875,2.031735190
25,73,211318720,67,2.500940347,0.142569608,0.049507875,2.076696448
7,73,211318720,67,2.580293565,0.142569608,0.049507875,2.054165387
1,73,211318720,67,1.065657761,0.142569608,0.049507875,3.581538186
23,74,211318720,67,0.291309717,0.142569608,0.014687710,0.329753908
30,74,211318720,67,0.325376681,0.142569608,0.014687710,0.410757388
21,74,211318720,67,0.344720398,0.142569608,0.014687710,0.443735596
19,74,211318720,67,0.357859759,0.142569608,0.014687710,0.466721727
7,74,211318720,67,0.407748930,0.142569608,0.014687710,0.584707212
9,74,211318720,67,0.491628020,0.142569608,0.014687710,0.727650858
16,74,211318720,67,0.496683722,0.142569608,0.014687710,0.735282839
17,74,211318720,67,0.497832446,0.142569608,0.014687710,0.736554975
26,74,211318720,67,0.635595755,0.142569608,0.014687710,0.960008419
27,74,211318720,67,0.687056158,0.142569608,0.014687710,1.108806655
14,74,211318720,67,0.695802929,0.142569608,0.014687710,1.129362966
20,74,211318720,67,0.737146514,0.142569608,0.014687710,1.222686865
13,74,211318720,67,0.737725058,0.142569608,0.014687710,1.223648335
4,74,211318720,67,0.790535894,0.142569608,0.014687710,1.279171302
12,74,211318720,67,0.846862281,0.142569608,0.014687710,1.314461209
10,74,211318720,67,0.969201848,0.142569608,0.014687710,1.563387860
22,74,211318720,67,1.009629524,0.142569608,0.014687710,1.687505263
8,74,211318720,67,1.021439625,0.142569608,0.014687710,1.715612046
1,74,211318720,67,1.044856486,0.142569608,0.014687710,1.756865312
5,74,211318720,67,1.077776804,0.142569608,0.014687710,1.822041734
29,74,211318720,67,1.101347065,0.142569608,0.014687710,1.862822323
28,74,211318720,67,0.218636321,0.142569608,0.014687710,2.786355222
25,74,211318720,67,1.188858293,0.142569608,0.014687710,2.009764262
15,74,211318720,67,1.205812777,0.142569608,0.014687710,2.039246114
6,74,211318720,67,1.275961791,0.142569608,0.014687710,2.113863128
11,74,211318720,67,1.304662576,0.142569608,0.014687710,2.124281496
18,74,211318720,67,2.280323170,0.142569608,0.014687710,2.025342393
2,74,211318720,67,2.500940347,0.142569608,0.014687710,2.071459811
3,74,211318720,67,2.759003758,0.142569608,0.014687710,1.998662917
24,74,211318720,67,2.303361475,0.142569608,0.014687710,2.533858217
15,75,211318720,67,0.262618358,0.142569608,0.036280129,0.353295622
1,75,211318720,67,0.274486776,0.142569608,0.036280129,0.397548658
3,75,211318720,67,0.294632521,0.142569608,0.036280129,0.481376705
30,75,211318720,67,0.310267843,0.142569608,0.036280129,0.539347718
5,75,211318720,67,0.340840754,0.142569608,0.036280129,0.650864406
26,75,211318720,67,0.366496772,0.142569608,0.036280129,0.754368576
25,75,211318720,67,0.397487178,0.142569608,0.036280129,0.890510181
7,75,211318720,67,0.420281467,0.142569608,0.036280129,0.975304951
29,75,211318720,67,0.420773321,0.142569608,0.036280129,0.976869744
14,75,211318720,67,0.469331802,0.142569608,0.036280129,1.093457169
11,75,211318720,67,0.471067229,0.142569608,0.036280129,1.096504899
21,75,211318720,67,0.497832446,0.142569608,0.036280129,1.125887846
4,75,211318720,67,0.507433692,0.142569608,0.036280129,1.129864995
22,75,211318720,67,0.714799086,0.142569608,0.036280129,1.300653975
28,75,211318720,67,0.747118578,0.142569608,0.036280129,1.378318434
8,75,211318720,67,0.815600578,0.142569608,0.036280129,1.504983122
17,75,211318720,67,0.819719265,0.142569608,0.036280129,1.511874369
10,75,211318720,67,0.846862281,0.142569608,0.036280129,1.540344455
20,75,211318720,67,0.945577756,0.142569608,0.036280129,1.801605087
12,75,211318720,67,0.990430268,0.142569608,0.036280129,1.907867491
27,75,211318720,67,0.999831002,0.142569608,0.036280129,1.924189433
19,75,211318720,67,1.021439625,0.142569608,0.036280129,1.937657956
6,75,211318720,67,1.185253134,0.142569608,0.036280129,1.986673053
2,75,211318720,67,1.436765414,0.142569608,0.036280129,2.047568412
16,75,211318720,67,1.522868244,0.142569608,0.036280129,2.130789865
18,75,211318720,67,1.591305991,0.142569608,0.036280129,2.156591261
9,75,211318720,67,2.452082856,0.142569608,0.036280129,2.069717354
23,75,211318720,67,2.502933016,0.142569608,0.036280129,2.089114280
24,75,211318720,67,2.580293565,0.142569608,0.036280129,2.067090192
13,75,211318720,67,1.007648939,0.142569608,0.036280129,3.658477800
10,76,211318720,67,0.281178980,0.142569608,0.027627770,0.503018683
13,76,211318720,67,0.301447636,0.142569608,0.027627770,0.618283756
20,76,211318720,67,0.310267843,0.142569608,0.027627770,0.662645113
11,76,211318720,67,0.340022068,0.142569608,0.027627770,0.793583312
28,76,211318720,67,0.345303952,0.142569608,0.027627770,0.813142114
9,76,211318720,67,0.384120181,0.142569608,0.027627770,0.938063177
2,76,211318720,67,0.384275535,0.142569608,0.027627770,0.938649025
3,76,211318720,67,0.391378383,0.142569608,0.027627770,0.960255396
4,76,211318720,67,0.397487178,0.142569608,0.027627770,0.974750754
1,76,211318720,67,0.420773321,0.142569608,0.027627770,1.014957910
19,76,211318720,67,0.522957550,0.142569608,0.027627770,1.120115285
16,76,211318720,67,0.694847525,0.142569608,0.027627770,1.201824007
8,76,211318720,67,0.799520819,0.142569608,0.027627770,1.326965431
27,76,211318720,67,0.822082714,0.142569608,0.027627770,1.351159977
25,76,211318720,67,0.917862357,0.142569608,0.027627770,1.391413531
26,76,211318720,67,1.055621497,0.142569608,0.027627770,1.645458474
18,76,211318720,67,1.065657761,0.142569608,0.027627770,1.669403087
5,76,211318720,67,1.076130101,0.142569608,0.027627770,1.687425267
21,76,211318720,67,1.165294969,0.142569608,0.027627770,1.827319447
7,76,211318720,67,1.188858293,0.142569608,0.027627770,1.852445407
14,76,211318720,67,1.241069629,0.142569608,0.027627770,1.871395755
29,76,211318720,67,1.414402113,0.142569608,0.027627770,1.916953924
30,76,211318720,67,0.519929897,0.142569608,0.027627770,3.018963690
22,76,211318720,67,1.772163784,0.142569608,0.027627770,1.913316238
17,76,211318720,67,1.934453384,0.142569608,0.027627770,1.962776478
15,76,211318720,67,0.262618358,0.142569608,0.027627770,3.659926008
6,76,211318720,67,2.122991969,0.142569608,0.027627770,2.005640386
23,76,211318720,67,2.303361475,0.142569608,0.027627770,2.050562775
12,76,211318720,67,2.580293565,0.142569608,0.027627770,2.069456777
24,76,211318720,67,3.341109767,0.142569608,0.027627770,1.849516053
19,77,211318720,67,0.272776191,0.142569608,0.056681529,0.337052456
5,77,211318720,67,0.294632521,0.142569608,0.056681529,0.462810460
3,77,211318720,67,0.309103827,0.142569608,0.056681529,0.545368303
9,77,211318720,67,0.333771051,0.142569608,0.056681529,0.673452863
28,77,211318720,67,0.357826991,0.142569608,0.056681529,0.795087494
29,77,211318720,67,0.384120181,0.142569608,0.056681529,0.915032858
22,77,211318720,67,0.406369678,0.142569608,0.056681529,1.011858280
2,77,211318720,67,0.406841767,0.142569608,0.056681529,1.013649053
10,77,211318720,67,0.407748930,0.142569608,0.056681529,1.016449129
7,77,211318720,67,0.416831058,0.142569608,0.056681529,1.038116767
18,77,211318720,67,0.434572014,0.142569608,0.056681529,1.068622864
20,77,211318720,67,0.471067229,0.142569608,0.056681529,1.107431779
13,77,211318720,67,0.519929897,0.142569608,0.056681529,1.126222572
1,77,211318720,67,0.687056158,0.142569608,0.056681529,1.524463061
4,77,211318720,67,0.695802929,0.142569608,0.056681529,1.562818171
23,77,211318720,67,0.714799086,0.142569608,0.056681529,1.633588541
6,77,211318720,67,0.747118578,0.142569608,0.056681529,1.732569339
26,77,211318720,67,0.756670836,0.142569608,0.056681529,1.755137262
17,77,211318720,67,0.757188691,0.142569608,0.056681529,1.755998237
24,77,211318720,67,0.781082769,0.142569608,0.056681529,1.781794406
8,77,211318720,67,0.828887397,0.142569608,0.056681529,1.799805074
12,77,211318720,67,1.021439625,0.142569608,0.056681529,2.005450282
25,77,211318720,67,1.024237500,0.142569608,0.056681529,2.008143347
11,77,211318720,67,1.055621497,0.142569608,0.056681529,2.019930410
27,77,211318720,67,1.423528796,0.142569608,0.056681529,2.049737054
16,77,211318720,67,1.509114459,0.142569608,0.056681529,2.123818177
14,77,211318720,67,1.591305991,0.142569608,0.056681529,2.205339260
21,77,211318720,67,1.657194393,0.142569608,0.056681529,2.230786602
30,77,211318720,67,2.241835908,0.142569608,0.056681529,2.160073479
15,77,211318720,67,2.487518451,0.142569608,0.056681529,2.089546626
24,78,211318720,67,0.205499149,0.142569608,0.039530132,0.088461689
29,78,211318720,67,0.331927073,0.142569608,0.039530132,0.881777038
11,78,211318720,67,0.332457627,0.142569608,0.039530132,0.885850175
25,78,211318720,67,0.340840754,0.142569608,0.039530132,0.943407379
8,78,211318720,67,0.345303952,0.142569608,0.039530132,0.969171659
27,78,211318720,67,0.347471629,0.142569608,0.039530132,0.980086624
28,78,211318720,67,0.372439086,0.142569608,0.039530132,1.101206101
5,78,211318720,67,0.393703093,0.142569608,0.039530132,1.194880380
2,78,211318720,67,0.397487178,0.142569608,0.039530132,1.208611243
4,78,211318720,67,0.402068091,0.142569608,0.039530132,1.222583190
12,78,211318720,67,0.406314018,0.142569608,0.039530132,1.232394375
21,78,211318720,67,0.406841767,0.142569608,0.039530132,1.233351035
13,78,211318720,67,0.459361129,0.142569608,0.039530132,1.288302891
15,78,211318720,67,0.497832446,0.142569608,0.039530132,1.303316464
7,78,211318720,67,0.656366503,0.142569608,0.039530132,1.435399309
14,78,211318720,67,0.698254705,0.142569608,0.039530132,1.510419384
10,78,211318720,67,0.781082769,0.142569608,0.039530132,1.708589120
6,78,211318720,67,0.819719265,0.142569608,0.039530132,1.774196702
26,78,211318720,67,0.823874673,0.142569608,0.039530132,1.778736081
22,78,211318720,67,0.832073278,0.142569608,0.039530132,1.781745766
9,78,211318720,67,1.188858293,0.142569608,0.039530132,1.970956245
18,78,211318720,67,1.205968091,0.142569608,0.039530132,2.011856885
3,78,211318720,67,1.241069629,0.142569608,0.039530132,2.071946028
1,78,211318720,67,0.338645076,0.142569608,0.039530132,3.063718625
16,78,211318720,67,1.304662576,0.142569608,0.039530132,2.125331220
20,78,211318720,67,1.522868244,0.142569608,0.039530132,2.159488434
30,78,211318720,67,2.580293565,0.142569608,0.039530132,2.057220202
17,78,211318720,67,2.656838111,0.142569608,0.039530132,2.035288209
23,78,211318720,67,1.284436966,0.142569608,0.039530132,3.447710386
19,78,211318720,67,2.502933016,0.142569608,0.039530132,2.284722061
5,79,211318720,67,0.262618358,0.142569608,0.030680057,0.356277232
21,79,211318720,67,0.294632521,0.142569608,0.030680057,0.512975351
8,79,211318720,67,0.310267843,0.142569608,0.030680057,0.592307898
6,79,211318720,67,0.333771051,0.142569608,0.030680057,0.722217757
24,79,211318720,67,0.340840754,0.142569608,0.030680057,0.757934156
18,79,211318720,67,0.367044128,0.142569608,0.030680057,0.858134945
26,79,211318720,67,0.391378383,0.142569608,0.030680057,0.932604390
19,79,211318720,67,0.416831058,0.142569608,0.030680057,0.992950014
30,79,211318720,67,0.430501742,0.142569608,0.030680057,1.016419783
7,79,211318720,67,0.452040546,0.142569608,0.030680057,1.039034719
25,79,211318720,67,0.459292393,0.142569608,0.030680057,1.041793242
15,79,211318720,67,0.635595755,0.142569608,0.030680057,1.329233047
29,79,211318720,67,0.656366503,0.142569608,0.030680057,1.392790053
1,79,211318720,67,0.689012139,0.142569608,0.030680057,1.471202658
3,79,211318720,67,0.694847525,0.142569608,0.030680057,1.480539083
12,79,211318720,67,0.737725058,0.142569608,0.030680057,1.526100641
17,79,211318720,67,0.919655903,0.142569608,0.030680057,1.685534098
27,79,211318720,67,0.952025692,0.142569608,0.030680057,1.731699281
2,79,211318720,67,1.009629524,0.142569608,0.030680057,1.792282425
22,79,211318720,67,1.163510533,0.142569608,0.030680057,1.989389368
20,79,211318720,67,0.347471629,0.142569608,0.030680057,2.807501641
16,79,211318720,67,1.275961791,0.142569608,0.030680057,2.047330666
10,79,211318720,67,1.522868244,0.142569608,0.030680057,2.079695499
28,79,211318720,67,1.657194393,0.142569608,0.030680057,2.132456954
11,79,211318720,67,2.194425436,0.142569608,0.030680057,2.073561392
14,79,211318720,67,0.747118578,0.142569608,0.030680057,3.596595836
23,79,211318720,67,2.452082856,0.142569608,0.030680057,2.096782814
13,79,211318720,67,2.759003758,0.142569608,0.030680057,2.007835901
4,79,211318720,67,1.076130101,0.142569608,0.030680057,3.703403178
9,79,211318720,67,1.183831296,0.142569608,0.030680057,3.715116657
15,80,211318720,67,0.281178980,0.142569608,0.075123072,0.342646767
16,80,211318720,67,0.333771051,0.142569608,0.075123072,0.646635457
17,80,211318720,67,0.345303952,0.142569608,0.075123072,0.712823545
7,80,211318720,67,0.357826991,0.142569608,0.075123072,0.776334031
13,80,211318720,67,0.357859759,0.142569608,0.075123072,0.776485907
10,80,211318720,67,0.384275535,0.142569608,0.075123072,0.875620399
5,80,211318720,67,0.391378383,0.142569608,0.075123072,0.897773924
8,80,211318720,67,0.401123492,0.142569608,0.075123072,0.921838624
24,80,211318720,67,0.405338182,0.142569608,0.075123072,0.926941661
9,80,211318720,67,0.471067229,0.142569608,0.075123072,0.951258648
29,80,211318720,67,0.668942036,0.142569608,0.075123072,1.069856192
14,80,211318720,67,0.746840162,0.142569608,0.075123072,1.272432760
28,80,211318720,67,0.769230066,0.142569608,0.075123072,1.325987604
1,80,211318720,67,0.799520819,0.142569608,0.075123072,1.393089357
4,80,211318720,67,0.828887397,0.142569608,0.075123072,1.444085073
6,80,211318720,67,0.846862281,0.142569608,0.075123072,1.463325607
30,80,211318720,67,0.919655903,0.142569608,0.075123072,1.518476867
2,80,211318720,67,1.021439625,0.142569608,0.075123072,1.557251173
20,80,211318720,67,1.185253134,0.142569608,0.075123072,1.847172400
3,80,211318720,67,1.235957661,0.142569608,0.075123072,1.987177018
21,80,211318720,67,1.275961791,0.142569608,0.075123072,2.083025614
11,80,211318720,67,1.278350893,0.142569608,0.075123072,2.087170250
22,80,211318720,67,1.304662576,0.142569608,0.075123072,2.114553159
19,80,211318720,67,1.349170437,0.142569608,0.075123072,2.131295784
26,80,211318720,67,0.402068091,0.142569608,0.075123072,3.104334514
23,80,211318720,67,2.487518451,0.142569608,0.075123072,1.948338377
12,80,211318720,67,2.575342822,0.142569608,0.075123072,1.982976882
25,80,211318720,67,2.851214341,0.142569608,0.075123072,1.999135964
18,80,211318720,67,1.183831296,0.142569608,0.075123072,3.817916455
27,80,211318720,67,3.341109767,0.142569608,0.075123072,1.861539534
15,81,211318720,67,0.309103827,0.142569608,0.002226737,0.307476442
24,81,211318720,67,0.325376681,0.142569608,0.002226737,0.362740441
29,81,211318720,67,0.328114621,0.142569608,0.002226737,0.372132730
21,81,211318720,67,0.352250991,0.142569608,0.002226737,0.445763068
4,81,211318720,67,0.420281467,0.142569608,0.002226737,0.608452359
19,81,211318720,67,0.452040546,0.142569608,0.002226737,0.661094902
13,81,211318720,67,0.459361129,0.142569608,0.002226737,0.668819555
30,81,211318720,67,0.469331802,0.142569608,0.002226737,0.672769905
3,81,211318720,67,0.668942036,0.142569608,0.002226737,0.994048811
8,81,211318720,67,0.687056158,0.142569608,0.002226737,1.068047887
12,81,211318720,67,0.695802929,0.142569608,0.002226737,1.100560202
28,81,211318720,67,0.746840162,0.142569608,0.002226737,1.290523391
14,81,211318720,67,0.752566429,0.142569608,0.002226737,1.307967041
1,81,211318720,67,0.756670836,0.142569608,0.002226737,1.317558640
17,81,211318720,67,0.819719265,0.142569608,0.002226737,1.432085124
5,81,211318720,67,0.839853738,0.142569608,0.002226737,1.453704273
18,81,211318720,67,0.940637450,0.142569608,0.002226737,1.612650338
16,81,211318720,67,0.990430268,0.142569608,0.002226737,1.664566979
10,81,211318720,67,0.999831002,0.142569608,0.002226737,1.668511072
23,81,211318720,67,1.183831296,0.142569608,0.002226737,1.712008567
2,81,211318720,67,1.423528796,0.142569608,0.002226737,1.736651129
6,81,211318720,67,1.591305991,0.142569608,0.002226737,1.784702369
9,81,211318720,67,1.934453384,0.142569608,0.002226737,1.818197424
25,81,211318720,67,2.036967590,0.142569608,0.002226737,1.927576552
27,81,211318720,67,2.070019088,0.142569608,0.002226737,1.939791890
22,81,211318720,67,0.806589981,0.142569608,0.002226737,3.420123910
20,81,211318720,67,2.303361475,0.142569608,0.002226737,1.971174284
7,81,211318720,67,2.759003758,0.142569608,0.002226737,1.937246333
26,81,211318720,67,3.341109767,0.142569608,0.002226737,1.865470554
11,81,211318720,67,3.411740796,0.142569608,0.002226737,1.845483515
20,82,211318720,67,0.291309717,0.142569608,0.043193568,0.537037236
12,82,211318720,67,0.299654210,0.142569608,0.043193568,0.590165352
4,82,211318720,67,0.301447636,0.142569608,0.043193568,0.600499492
6,82,211318720,67,0.338645076,0.142569608,0.043193568,0.788102451
8,82,211318720,67,0.340022068,0.142569608,0.043193568,0.793920610
2,82,211318720,67,0.344720398,0.142569608,0.043193568,0.811248630
25,82,211318720,67,0.366496772,0.142569608,0.043193568,0.876818114
21,82,211318720,67,0.384275535,0.142569608,0.043193568,0.919336363
30,82,211318720,67,0.401427962,0.142569608,0.043193568,0.949168738
9,82,211318720,67,0.405338182,0.142569608,0.043193568,0.953546386
11,82,211318720,67,0.434572014,0.142569608,0.043193568,0.965021072
17,82,211318720,67,0.687056158,0.142569608,0.043193568,1.286364381
24,82,211318720,67,0.695802929,0.142569608,0.043193568,1.318772046
15,82,211318720,67,0.737146514,0.142569608,0.043193568,1.445884651
29,82,211318720,67,0.756670836,0.142569608,0.043193568,1.492148295
23,82,211318720,67,0.757188691,0.142569608,0.043193568,1.493083916
22,82,211318720,67,0.781082769,0.142569608,0.043193568,1.518079858
26,82,211318720,67,0.809045384,0.142569608,0.043193568,1.534792325
28,82,211318720,67,0.941278721,0.142569608,0.043193568,1.705826250
3,82,211318720,67,0.999831002,0.142569608,0.043193568,1.845175440
10,82,211318720,67,1.024237500,0.142569608,0.043193568,1.885538788
27,82,211318720,67,1.055621497,0.142569608,0.043193568,1.918442712
16,82,211318720,67,1.077776804,0.142569608,0.043193568,1.936343576
13,82,211318720,67,1.205968091,0.142569608,0.043193568,2.070743945
1,82,211318720,67,1.278350893,0.142569608,0.043193568,2.147947065
19,82,211318720,67,1.294309936,0.142569608,0.043193568,2.154312339
5,82,211318720,67,1.436765414,0.142569608,0.043193568,2.208562175
18,82,211318720,67,2.122991969,0.142569608,0.043193568,2.110015851
14,82,211318720,67,2.487518451,0.142569608,0.043193568,2.102346261
7,82,211318720,67,2.610934393,0.142569608,0.043193568,2.067328516
11,83,211318720,67,0.262618358,0.142569608,0.037708987,0.253106182
3,83,211318720,67,0.272776191,0.142569608,0.037708987,0.291812675
21,83,211318720,67,0.299654210,0.142569608,0.037708987,0.422891816
25,83,211318720,67,0.367044128,0.142569608,0.037708987,0.769132962
15,83,211318720,67,0.384275535,0.142569608,0.037708987,0.856384883
30,83,211318720,67,0.401427962,0.142569608,0.037708987,0.931355052
23,83,211318720,67,0.407748930,0.142569608,0.037708987,0.955164636
4,83,211318720,67,0.411648825,0.142569608,0.037708987,0.967045307
19,83,211318720,67,0.416831058,0.142569608,0.037708987,0.979780513
5,83,211318720,67,0.420513033,0.142569608,0.037708987,0.986367192
17,83,211318720,67,0.452040546,0.142569608,0.037708987,1.020197303
26,83,211318720,67,0.491628020,0.142569608,0.037708987,1.034993002
18,83,211318720,67,0.689012139,0.142569608,0.037708987,1.356100730
12,83,211318720,67,0.737146514,0.142569608,0.037708987,1.594122136
9,83,211318720,67,0.747118578,0.142569608,0.037708987,1.637988898
13,83,211318720,67,0.764463287,0.142569608,0.037708987,1.703304936
20,83,211318720,67,0.769230066,0.142569608,0.037708987,1.717643685
24,83,211318720,67,0.790535894,0.142569608,0.037708987,1.761599473
6,83,211318720,67,0.809045384,0.142569608,0.037708987,1.787888129
27,83,211318720,67,0.839853738,0.142569608,0.037708987,1.821085971
16,83,211318720,67,0.941278721,0.142569608,0.037708987,1.917169796
10,83,211318720,67,0.999831002,0.142569608,0.037708987,1.967605589
28,83,211318720,67,1.101347065,0.142569608,0.037708987,2.012074897
7,83,211318720,67,1.235957661,0.142569608,0.037708987,2.062874964
1,83,211318720,67,1.509114459,0.142569608,0.037708987,2.081710393
2,83,211318720,67,1.854731332,0.142569608,0.037708987,2.081531797
8,83,211318720,67,2.122991969,0.142569608,0.037708987,2.099997764
14,83,211318720,67,2.387739789,0.142569608,0.037708987,2.119558290
29,83,211318720,67,0.781082769,0.142569608,0.037708987,3.865343123
22,83,211318720,67,2.610934393,0.142569608,0.037708987,2.056646842
29,84,211318720,67,0.274486776,0.142569608,0.031000473,0.540683270
2,84,211318720,67,0.281178980,0.142569608,0.031000473,0.581322188
11,84,211318720,67,0.291309717,0.142569608,0.031000473,0.639605514
9,84,211318720,67,0.309103827,0.142569608,0.031000473,0.729233203
15,84,211318720,67,0.325376681,0.142569608,0.031000473,0.810876346
3,84,211318720,67,0.331808595,0.142569608,0.031000473,0.839301627
24,84,211318720,67,0.331927073,0.142569608,0.031000473,0.839727576
30,84,211318720,67,0.347471629,0.142569608,0.031000473,0.887796683
7,84,211318720,67,0.401123492,0.142569608,0.031000473,1.050369656
28,84,211318720,67,0.406841767,0.142569608,0.031000473,1.064104085
17,84,211318720,67,0.420773321,0.142569608,0.031000473,1.088249877
23,84,211318720,67,0.452040546,0.142569608,0.031000473,1.121047437
10,84,211318720,67,0.815600578,0.142569608,0.031000473,1.305123069
27,84,211318720,67,0.846862281,0.142569608,0.031000473,1.359949722
25,84,211318720,67,0.941278721,0.142569608,0.031000473,1.521269514
6,84,211318720,67,0.984046731,0.142569608,0.031000473,1.566891045
14,84,211318720,67,0.986327720,0.142569608,0.031000473,1.567610393
18,84,211318720,67,1.163510533,0.142569608,0.031000473,1.684323394
1,84,211318720,67,1.241069629,0.142569608,0.031000473,1.819502601
8,84,211318720,67,1.275961791,0.142569608,0.031000473,1.855862488
5,84,211318720,67,1.294309936,0.142569608,0.031000473,1.871417036
4,84,211318720,67,1.423528796,0.142569608,0.031000473,2.009348854
21,84,211318720,67,1.436765414,0.142569608,0.031000473,2.013783977
13,84,211318720,67,0.491628020,0.142569608,0.031000473,3.207897409
19,84,211318720,67,1.657194393,0.142569608,0.031000473,2.045433279
16,84,211318720,67,2.122991969,0.142569608,0.031000473,2.030531352
20,84,211318720,67,0.839853738,0.142569608,0.031000473,3.447623317
12,84,211318720,67,2.242581386,0.142569608,0.031000473,2.075920135
22,84,211318720,67,2.487518451,0.142569608,0.031000473,2.102645289
26,84,211318720,67,2.851214341,0.142569608,0.031000473,1.998278228
24,85,211318720,67,0.274486776,0.142569608,0.240746453,0.379418814
23,85,211318720,67,0.291309717,0.142569608,0.240746453,0.487040970
13,85,211318720,67,0.325376681,0.142569608,0.240746453,0.681521058
18,85,211318720,67,0.328114621,0.142569608,0.240746453,0.696152726
12,85,211318720,67,0.357826991,0.142569608,0.240746453,0.846835919
25,85,211318720,67,0.384120181,0.142569608,0.240746453,0.969602207
17,85,211318720,67,0.384275535,0.142569608,0.240746453,0.970276250
3,85,211318720,67,0.401123492,0.142569608,0.240746453,1.030575002
10,85,211318720,67,0.406841767,0.142569608,0.240746453,1.044349232
2,85,211318720,67,0.407748930,0.142569608,0.240746453,1.045970584
28,85,211318720,67,0.469331802,0.142569608,0.240746453,1.108719462
30,85,211318720,67,0.515830983,0.142569608,0.240746453,1.126108818
5,85,211318720,67,0.694847525,0.142569608,0.240746453,1.248508893
9,85,211318720,67,0.746840162,0.142569608,0.240746453,1.318278437
7,85,211318720,67,0.809045384,0.142569608,0.240746453,1.383683134
29,85,211318720,67,0.867005483,0.142569608,0.240746453,1.435573395
11,85,211318720,67,0.984046731,0.142569608,0.240746453,1.662615723
6,85,211318720,67,0.990430268,0.142569608,0.240746453,1.673592314
8,85,211318720,67,1.021439625,0.142569608,0.240746453,1.706275500
19,85,211318720,67,1.076130101,0.142569608,0.240746453,1.735919483
26,85,211318720,67,1.205812777,0.142569608,0.240746453,1.827910161
14,85,211318720,67,1.284436966,0.142569608,0.240746453,1.866574970
16,85,211318720,67,1.414402113,0.142569608,0.240746453,1.914346552
21,85,211318720,67,0.397487178,0.142569608,0.240746453,2.946710213
15,85,211318720,67,1.854731332,0.142569608,0.240746453,1.944785082
4,85,211318720,67,1.934453384,0.142569608,0.240746453,2.028133338
20,85,211318720,67,1.973971545,0.142569608,0.240746453,2.043896198
27,85,211318720,67,2.122991969,0.142569608,0.240746453,2.098211085
22,85,211318720,67,2.387739789,0.142569608,0.240746453,2.119445754
1,85,211318720,67,3.341109767,0.142569608,0.240746453,1.854660906
29,86,211318720,67,0.217175369,0.142569608,0.040083360,0.134066567
14,86,211318720,67,0.294632521,0.142569608,0.040083360,0.373046663
25,86,211318720,67,0.331927073,0.142569608,0.040083360,0.562097481
23,86,211318720,67,0.332457627,0.142569608,0.040083360,0.564463983
10,86,211318720,67,0.405338182,0.142569608,0.040083360,0.869797102
20,86,211318720,67,0.406314018,0.142569608,0.040083360,0.873449092
8,86,211318720,67,0.406841767,0.142569608,0.040083360,0.875057677
19,86,211318720,67,0.407748930,0.142569608,0.040083360,0.877191005
15,86,211318720,67,0.416831058,0.142569608,0.040083360,0.893129480
5,86,211318720,67,0.420513033,0.142569608,0.040083360,0.897074751
17,86,211318720,67,0.496683722,0.142569608,0.040083360,0.927386681
7,86,211318720,67,0.656366503,0.142569608,0.040083360,0.989560333
1,86,211318720,67,0.781082769,0.142569608,0.040083360,1.231133158
13,86,211318720,67,0.815600578,0.142569608,0.040083360,1.302201500
26,86,211318720,67,0.823874673,0.142569608,0.040083360,1.316533552
4,86,211318720,67,0.839853738,0.142569608,0.040083360,1.333789575
16,86,211318720,67,0.940637450,0.142569608,0.040083360,1.399737126
2,86,211318720,67,1.044856486,0.142569608,0.040083360,1.457652726
21,86,211318720,67,1.163510533,0.142569608,0.040083360,1.585178287
12,86,211318720,67,1.185253134,0.142569608,0.040083360,1.593537780
27,86,211318720,67,1.349170437,0.142569608,0.040083360,1.728667718
24,86,211318720,67,1.414402113,0.142569608,0.040083360,1.797010096
28,86,211318720,67,1.436765414,0.142569608,0.040083360,1.805754901
6,86,211318720,67,1.657194393,0.142569608,0.040083360,1.839459687
9,86,211318720,67,1.854731332,0.142569608,0.040083360,1.918387267
3,86,211318720,67,1.934453384,0.142569608,0.040083360,1.953651766
22,86,211318720,67,2.070019088,0.142569608,0.040083360,2.006179769
11,86,211318720,67,2.280323170,0.142569608,0.040083360,2.040295804
30,86,211318720,67,2.851214341,0.142569608,0.040083360,1.971388738
18,86,211318720,67,3.042432322,0.142569608,0.040083360,1.917381301
14,87,211318720,67,0.217175369,0.142569608,0.028716588,0.231697575
23,87,211318720,67,0.291309717,0.142569608,0.028716588,0.661274227
7,87,211318720,67,0.299654210,0.142569608,0.028716588,0.714660573
22,87,211318720,67,0.310267843,0.142569608,0.028716588,0.776431659
15,87,211318720,67,0.328114621,0.142569608,0.028716588,0.878790887
5,87,211318720,67,0.333771051,0.142569608,0.028716588,0.907457787
30,87,211318720,67,0.340840754,0.142569608,0.028716588,0.938586112
1,87,211318720,67,0.349695505,0.142569608,0.028716588,0.972190022
17,87,211318720,67,0.357859759,0.142569608,0.028716588,1.004073118
24,87,211318720,67,0.393703093,0.142569608,0.028716588,1.150927489
21,87,211318720,67,0.405338182,0.142569608,0.028716588,1.193917796
19,87,211318720,67,0.420513033,0.142569608,0.028716588,1.240420326
25,87,211318720,67,0.452040546,0.142569608,0.028716588,1.315375790
8,87,211318720,67,0.491628020,0.142569608,0.028716588,1.383416977
3,87,211318720,67,0.497832446,0.142569608,0.028716588,1.389409438
28,87,211318720,67,0.515830983,0.142569608,0.028716588,1.396205516
20,87,211318720,67,0.668942036,0.142569608,0.028716588,1.690114619
10,87,211318720,67,0.687056158,0.142569608,0.028716588,1.721228812
27,87,211318720,67,0.689012139,0.142569608,0.028716588,1.723173079
18,87,211318720,67,0.698254705,0.142569608,0.028716588,1.726295986
4,87,211318720,67,0.917862357,0.142569608,0.028716588,2.026935513
11,87,211318720,67,0.919655903,0.142569608,0.028716588,2.032448683
16,87,211318720,67,0.969201848,0.142569608,0.028716588,2.156400691
2,87,211318720,67,0.984046731,0.142569608,0.028716588,2.191836401
13,87,211318720,67,0.986327720,0.142569608,0.028716588,2.195718398
29,87,211318720,67,1.044856486,0.142569608,0.028716588,2.258497490
9,87,211318720,67,1.102987746,0.142569608,0.028716588,2.283136364
6,87,211318720,67,1.241069629,0.142569608,0.028716588,2.335967175
26,87,211318720,67,1.414402113,0.142569608,0.028716588,2.381767710
12,87,211318720,67,1.436765414,0.142569608,0.028716588,2.375569737
19,88,211318720,67,0.217175369,0.142569608,0.030115960,0.224283025
2,88,211318720,67,0.291309717,0.142569608,0.030115960,0.630166759
27,88,211318720,67,0.294632521,0.142569608,0.030115960,0.651406928
10,88,211318720,67,0.309103827,0.142569608,0.030115960,0.734469403
15,88,211318720,67,0.331927073,0.142569608,0.030115960,0.852143417
11,88,211318720,67,0.340022068,0.142569608,0.030115960,0.893190644
30,88,211318720,67,0.347471629,0.142569608,0.030115960,0.925778318
29,88,211318720,67,0.349695505,0.142569608,0.030115960,0.933778729
16,88,211318720,67,0.393703093,0.142569608,0.030115960,1.069203917
25,88,211318720,67,0.401427962,0.142569608,0.030115960,1.084964669
4,88,211318720,67,0.420773321,0.142569608,0.030115960,1.105215701
9,88,211318720,67,0.471067229,0.142569608,0.030115960,1.124429776
14,88,211318720,67,0.656366503,0.142569608,0.030115960,1.249246760
21,88,211318720,67,0.694847525,0.142569608,0.030115960,1.361894277
13,88,211318720,67,0.781082769,0.142569608,0.030115960,1.733914574
23,88,211318720,67,0.802276566,0.142569608,0.030115960,1.812708126
12,88,211318720,67,0.806589981,0.142569608,0.030115960,1.825956202
5,88,211318720,67,0.809045384,0.142569608,0.030115960,1.831643567
1,88,211318720,67,0.828887397,0.142569608,0.030115960,1.865034537
20,88,211318720,67,0.832820764,0.142569608,0.030115960,1.869319818
18,88,211318720,67,0.846862281,0.142569608,0.030115960,1.874416715
28,88,211318720,67,1.024237500,0.142569608,0.030115960,1.922555145
6,88,211318720,67,1.163510533,0.142569608,0.030115960,1.991086651
17,88,211318720,67,1.284436966,0.142569608,0.030115960,2.038636341
7,88,211318720,67,0.397487178,0.142569608,0.030115960,3.166803623
26,88,211318720,67,1.509114459,0.142569608,0.030115960,2.070138149
24,88,211318720,67,1.934453384,0.142569608,0.030115960,2.046501380
22,88,211318720,67,2.141684867,0.142569608,0.030115960,2.082305805
8,88,211318720,67,2.580293565,0.142569608,0.030115960,2.055413953
3,88,211318720,67,3.341109767,0.142569608,0.030115960,1.839274673
29,89,211318720,67,0.205499149,0.142569608,0.019384045,0.098675554
9,89,211318720,67,0.345303952,0.142569608,0.019384045,0.801236488
2,89,211318720,67,0.367044128,0.142569608,0.019384045,0.954064505
15,89,211318720,67,0.372439086,0.142569608,0.019384045,0.988541669
19,89,211318720,67,0.384120181,0.142569608,0.019384045,1.058049960
18,89,211318720,67,0.402068091,0.142569608,0.019384045,1.160031558
14,89,211318720,67,0.406369678,0.142569608,0.019384045,1.179104432
5,89,211318720,67,0.411648825,0.142569608,0.019384045,1.198942035
23,89,211318720,67,0.416831058,0.142569608,0.019384045,1.214872684
12,89,211318720,67,0.420773321,0.142569608,0.019384045,1.223777455
28,89,211318720,67,0.434572014,0.142569608,0.019384045,1.247253992
24,89,211318720,67,0.452040546,0.142569608,0.019384045,1.265745716
27,89,211318720,67,0.522957550,0.142569608,0.019384045,1.313770290
10,89,211318720,67,0.635595755,0.142569608,0.019384045,1.366642339
8,89,211318720,67,0.281178980,0.142569608,0.019384045,1.762440774
3,89,211318720,67,0.764463287,0.142569608,0.019384045,1.601693620
4,89,211318720,67,0.781082769,0.142569608,0.019384045,1.630154326
26,89,211318720,67,0.822148367,0.142569608,0.019384045,1.689386727
21,89,211318720,67,0.839853738,0.142569608,0.019384045,1.708077801
7,89,211318720,67,0.941278721,0.142569608,0.019384045,1.804088829
6,89,211318720,67,1.024237500,0.142569608,0.019384045,1.947283571
22,89,211318720,67,1.065657761,0.142569608,0.019384045,2.005872949
17,89,211318720,67,1.077776804,0.142569608,0.019384045,2.017962357
30,89,211318720,67,1.183831296,0.142569608,0.019384045,2.120981086
16,89,211318720,67,1.235957661,0.142569608,0.019384045,2.160800909
20,89,211318720,67,1.349170437,0.142569608,0.019384045,2.204665815
25,89,211318720,67,0.401427962,0.142569608,0.019384045,3.337560099
11,89,211318720,67,2.303361475,0.142569608,0.019384045,2.034896483
1,89,211318720,67,2.580293565,0.142569608,0.019384045,2.052108480
13,89,211318720,67,3.411740796,0.142569608,0.019384045,1.822571822
9,90,211318720,67,0.281178980,0.142569608,0.018797461,0.142828337
5,90,211318720,67,0.333771051,0.142569608,0.018797461,0.268985998
15,90,211318720,67,0.401427962,0.142569608,0.018797461,0.384880011
26,90,211318720,67,0.407748930,0.142569608,0.018797461,0.391431521
22,90,211318720,67,0.416831058,0.142569608,0.018797461,0.394990727
20,90,211318720,67,0.670439746,0.142569608,0.018797461,0.716780279
13,90,211318720,67,0.698254705,0.142569608,0.018797461,0.852285858
23,90,211318720,67,0.714799086,0.142569608,0.018797461,0.936134156
18,90,211318720,67,0.746840162,0.142569608,0.018797461,1.091665746
19,90,211318720,67,0.752566429,0.142569608,0.018797461,1.117196356
6,90,211318720,67,0.756670836,0.142569608,0.018797461,1.132179303
12,90,211318720,67,0.764463287,0.142569608,0.018797461,1.155959484
8,90,211318720,67,0.809045384,0.142569608,0.018797461,1.262645491
24,90,211318720,67,0.828887397,0.142569608,0.018797461,1.296765705
25,90,211318720,67,0.832820764,0.142569608,0.018797461,1.300980980
16,90,211318720,67,0.867005483,0.142569608,0.018797461,1.315261393
29,90,211318720,67,1.007648939,0.142569608,0.018797461,1.466329017
17,90,211318720,67,1.076130101,0.142569608,0.018797461,1.595668367
11,90,211318720,67,1.077776804,0.142569608,0.018797461,1.598573596
30,90,211318720,67,1.163510533,0.142569608,0.018797461,1.739748210
1,90,211318720,67,1.188858293,0.142569608,0.018797461,1.783709732
28,90,211318720,67,1.241069629,0.142569608,0.018797461,1.839939640
7,90,211318720,67,1.294309936,0.142569608,0.018797461,1.860241398
4,90,211318720,67,1.522868244,0.142569608,0.018797461,1.890828929
27,90,211318720,67,2.452082856,0.142569608,0.018797461,1.888615885
3,90,211318720,67,2.487518451,0.142569608,0.018797461,1.914221462
10,90,211318720,67,2.610934393,0.142569608,0.018797461,1.962997063
14,90,211318720,67,2.759003758,0.142569608,0.018797461,2.017486715
2,90,211318720,67,3.411740796,0.142569608,0.018797461,1.830211014
21,90,211318720,67,2.387739789,0.142569608,0.018797461,2.895040132
3,91,211318720,67,0.274486776,0.142569608,0.016476858,0.311441474
8,91,211318720,67,0.309103827,0.142569608,0.016476858,0.485597687
16,91,211318720,67,0.331927073,0.142569608,0.016476858,0.585278153
23,91,211318720,67,0.346780912,0.142569608,0.016476858,0.640187852
12,91,211318720,67,0.372439086,0.142569608,0.016476858,0.718872122
30,91,211318720,67,0.391378383,0.142569608,0.016476858,0.764120644
4,91,211318720,67,0.393703093,0.142569608,0.016476858,0.767988296
17,91,211318720,67,0.401427962,0.142569608,0.016476858,0.776579638
29,91,211318720,67,0.406314018,0.142569608,0.016476858,0.778187173
25,91,211318720,67,0.695802929,0.142569608,0.016476858,1.009528662
27,91,211318720,67,0.746840162,0.142569608,0.016476858,1.214489574
15,91,211318720,67,0.747118578,0.142569608,0.016476858,1.215550283
2,91,211318720,67,0.752566429,0.142569608,0.016476858,1.231970561
20,91,211318720,67,0.802276566,0.142569608,0.016476858,1.369401550
18,91,211318720,67,0.819719265,0.142569608,0.016476858,1.429872351
22,91,211318720,67,0.832073278,0.142569608,0.016476858,1.467776762
7,91,211318720,67,0.867005483,0.142569608,0.016476858,1.551664489
11,91,211318720,67,0.919655903,0.142569608,0.016476858,1.642596349
10,91,211318720,67,0.941278721,0.142569608,0.016476858,1.665081160
14,91,211318720,67,0.952025692,0.142569608,0.016476858,1.669643185
24,91,211318720,67,1.163510533,0.142569608,0.016476858,1.794540015
13,91,211318720,67,1.188858293,0.142569608,0.016476858,1.821802447
28,91,211318720,67,1.289231248,0.142569608,0.016476858,1.859896454
19,91,211318720,67,1.450159241,0.142569608,0.016476858,1.909695244
5,91,211318720,67,1.934453384,0.142569608,0.016476858,1.869089660
9,91,211318720,67,2.122991969,0.142569608,0.016476858,1.908992737
6,91,211318720,67,2.280323170,0.142569608,0.016476858,1.959248089
1,91,211318720,67,2.502933016,0.142569608,0.016476858,1.991232435
26,91,211318720,67,2.656838111,0.142569608,0.016476858,2.043082512
21,91,211318720,67,3.341109767,0.142569608,0.016476858,1.849209695
14,92,211318720,67,0.205499149,0.142569608,0.009818846,0.178914396
7,92,211318720,67,0.281178980,0.142569608,0.009818846,0.577231556
23,92,211318720,67,0.309103827,0.142569608,0.009818846,0.755782936
19,92,211318720,67,0.331927073,0.142569608,0.009818846,0.907313525
26,92,211318720,67,0.332457627,0.142569608,0.009818846,0.910629570
4,92,211318720,67,0.340022068,0.142569608,0.009818846,0.953485193
12,92,211318720,67,0.357826991,0.142569608,0.009818846,1.043492588
6,92,211318720,67,0.387058100,0.142569608,0.009818846,1.177468122
8,92,211318720,67,0.391378383,0.142569608,0.009818846,1.196539469
3,92,211318720,67,0.402068091,0.142569608,0.009818846,1.235642760
10,92,211318720,67,0.405338182,0.142569608,0.009818846,1.245776596
28,92,211318720,67,0.452040546,0.142569608,0.009818846,1.357696330
25,92,211318720,67,0.459292393,0.142569608,0.009818846,1.369911324
16,92,211318720,67,0.519929897,0.142569608,0.009818846,1.393156893
22,92,211318720,67,0.747118578,0.142569608,0.009818846,1.461639994
27,92,211318720,67,0.832820764,0.142569608,0.009818846,1.493930752
13,92,211318720,67,1.009629524,0.142569608,0.009818846,1.720442499
11,92,211318720,67,1.024237500,0.142569608,0.009818846,1.726681665
20,92,211318720,67,0.310267843,0.142569608,0.009818846,2.512067147
18,92,211318720,67,1.294309936,0.142569608,0.009818846,1.754146540
9,92,211318720,67,1.423528796,0.142569608,0.009818846,1.805438172
15,92,211318720,67,1.657194393,0.142569608,0.009818846,1.889026367
21,92,211318720,67,1.720860573,0.142569608,0.009818846,1.913755170
24,92,211318720,67,0.459361129,0.142569608,0.009818846,3.315026150
2,92,211318720,67,1.973971545,0.142569608,0.009818846,1.967012456
1,92,211318720,67,2.070019088,0.142569608,0.009818846,2.052146868
29,92,211318720,67,2.141684867,0.142569608,0.009818846,2.080434743
5,92,211318720,67,2.500940347,0.142569608,0.009818846,2.076543640
17,92,211318720,67,0.998676963,0.142569608,0.009818846,3.761510822
30,92,211318720,67,3.042432322,0.142569608,0.009818846,1.927126926
13,93,211318720,67,0.294632521,0.142569608,0.100196764,0.235219880
16,93,211318720,67,0.328114621,0.142569608,0.100196764,0.352020687
28,93,211318720,67,0.357826991,0.142569608,0.100196764,0.462695535
12,93,211318720,67,0.384275535,0.142569608,0.100196764,0.543724027
26,93,211318720,67,0.416831058,0.142569608,0.100196764,0.622193891
9,93,211318720,67,0.430501742,0.142569608,0.100196764,0.645973239
11,93,211318720,67,0.459292393,0.142569608,0.100196764,0.692305245
27,93,211318720,67,0.459361129,0.142569608,0.100196764,0.692373725
18,93,211318720,67,0.578321737,0.142569608,0.100196764,0.826036874
5,93,211318720,67,0.668942036,0.142569608,0.100196764,1.021935512
22,93,211318720,67,0.670439746,0.142569608,0.100196764,1.024490655
15,93,211318720,67,0.689012139,0.142569608,0.100196764,1.052232611
24,93,211318720,67,0.822148367,0.142569608,0.100196764,1.241595045
21,93,211318720,67,0.828887397,0.142569608,0.100196764,1.248816148
20,93,211318720,67,0.998676963,0.142569608,0.100196764,1.471811631
14,93,211318720,67,1.076130101,0.142569608,0.100196764,1.640432537
7,93,211318720,67,1.102987746,0.142569608,0.100196764,1.686309013
25,93,211318720,67,1.165294969,0.142569608,0.100196764,1.723024708
1,93,211318720,67,1.289231248,0.142569608,0.100196764,1.771641532
4,93,211318720,67,0.752566429,0.142569608,0.100196764,2.834795389
23,93,211318720,67,2.036967590,0.142569608,0.100196764,1.692923848
30,93,211318720,67,2.122991969,0.142569608,0.100196764,1.742416730
19,93,211318720,67,2.241835908,0.142569608,0.100196764,1.786737049
6,93,211318720,67,0.952025692,0.142569608,0.100196764,3.186860177
17,93,211318720,67,2.487518451,0.142569608,0.100196764,1.883036831
2,93,211318720,67,2.575342822,0.142569608,0.100196764,1.974924197
3,93,211318720,67,2.580293565,0.142569608,0.100196764,1.976784539
8,93,211318720,67,2.759003758,0.142569608,0.100196764,2.024004859
29,93,211318720,67,1.101347065,0.142569608,0.100196764,3.726094422
10,93,211318720,67,3.042432322,0.142569608,0.100196764,1.943967916
21,94,211318720,67,0.272776191,0.142569608,0.007403076,0.334272571
18,94,211318720,67,0.291309717,0.142569608,0.007403076,0.424919730
26,94,211318720,67,0.332457627,0.142569608,0.007403076,0.605236175
29,94,211318720,67,0.340840754,0.142569608,0.007403076,0.636407549
3,94,211318720,67,0.357859759,0.142569608,0.007403076,0.690806008
27,94,211318720,67,0.366496772,0.142569608,0.007403076,0.717291042
12,94,211318720,67,0.384120181,0.142569608,0.007403076,0.759578987
16,94,211318720,67,0.411648825,0.142569608,0.007403076,0.810889434
7,94,211318720,67,0.420773321,0.142569608,0.007403076,0.826194534
9,94,211318720,67,0.497832446,0.142569608,0.007403076,0.947892826
14,94,211318720,67,0.549024150,0.142569608,0.007403076,1.002109018
1,94,211318720,67,0.578321737,0.142569608,0.007403076,1.030864463
28,94,211318720,67,0.694847525,0.142569608,0.007403076,1.117575860
22,94,211318720,67,0.790535894,0.142569608,0.007403076,1.282118627
17,94,211318720,67,0.828887397,0.142569608,0.007403076,1.340687826
25,94,211318720,67,0.832073278,0.142569608,0.007403076,1.343926453
2,94,211318720,67,0.945577756,0.142569608,0.007403076,1.484475897
30,94,211318720,67,1.009629524,0.142569608,0.007403076,1.551249322
8,94,211318720,67,1.021439625,0.142569608,0.007403076,1.556019818
15,94,211318720,67,1.275961791,0.142569608,0.007403076,1.581938988
5,94,211318720,67,1.436765414,0.142569608,0.007403076,1.634188136
6,94,211318720,67,1.720860573,0.142569608,0.007403076,1.647942421
24,94,211318720,67,2.122991969,0.142569608,0.007403076,1.757697514
4,94,211318720,67,2.241835908,0.142569608,0.007403076,1.949691397
20,94,211318720,67,2.242581386,0.142569608,0.007403076,1.950454473
23,94,211318720,67,2.280323170,0.142569608,0.007403076,1.965800419
10,94,211318720,67,2.487518451,0.142569608,0.007403076,2.097664025
11,94,211318720,67,3.042432322,0.142569608,0.007403076,1.944070909
13,94,211318720,67,1.934453384,0.142569608,0.007403076,3.084027998
19,94,211318720,67,2.452082856,0.142569608,0.007403076,2.610827208
1,95,211318720,67,0.262618358,0.142569608,0.032640707,0.325803435
28,95,211318720,67,0.274486776,0.142569608,0.032640707,0.377486240
22,95,211318720,67,0.301447636,0.142569608,0.032640707,0.503527616
4,95,211318720,67,0.328114621,0.142569608,0.032640707,0.628380260
20,95,211318720,67,0.340022068,0.142569608,0.032640707,0.680623264
7,95,211318720,67,0.387058100,0.142569608,0.032640707,0.878062944
3,95,211318720,67,0.397487178,0.142569608,0.032640707,0.916689962
24,95,211318720,67,0.401427962,0.142569608,0.032640707,0.928824990
18,95,211318720,67,0.420513033,0.142569608,0.032640707,0.984068829
17,95,211318720,67,0.430501742,0.142569608,0.032640707,1.008123169
9,95,211318720,67,0.459292393,0.142569608,0.032640707,1.058398375
15,95,211318720,67,0.496683722,0.142569608,0.032640707,1.098322862
27,95,211318720,67,0.549024150,0.142569608,0.032640707,1.143182139
23,95,211318720,67,0.656366503,0.142569608,0.032640707,1.251938300
12,95,211318720,67,0.698254705,0.142569608,0.032640707,1.279276439
11,95,211318720,67,0.839853738,0.142569608,0.032640707,1.418403873
14,95,211318720,67,0.986327720,0.142569608,0.032640707,1.537874802
16,95,211318720,67,1.055621497,0.142569608,0.032640707,1.643937412
10,95,211318720,67,1.104358980,0.142569608,0.032640707,1.754023374
8,95,211318720,67,1.163510533,0.142569608,0.032640707,1.875081012
25,95,211318720,67,1.183831296,0.142569608,0.032640707,1.910561171
19,95,211318720,67,1.205812777,0.142569608,0.032640707,1.933996240
6,95,211318720,67,1.278350893,0.142569608,0.032640707,1.963230829
13,95,211318720,67,1.720860573,0.142569608,0.032640707,1.933792234
21,95,211318720,67,1.934453384,0.142569608,0.032640707,1.968482331
30,95,211318720,67,2.242581386,0.142569608,0.032640707,2.046109022
5,95,211318720,67,0.823874673,0.142569608,0.032640707,3.510278108
2,95,211318720,67,2.280323170,0.142569608,0.032640707,2.060466925
26,95,211318720,67,2.500940347,0.142569608,0.032640707,2.091643175
29,95,211318720,67,3.042432322,0.142569608,0.032640707,1.936360486
24,96,211318720,67,0.309103827,0.142569608,0.000493447,0.337726992
8,96,211318720,67,0.205499149,0.142569608,0.000493447,0.539526936
7,96,211318720,67,0.345303952,0.142569608,0.000493447,0.459793367
3,96,211318720,67,0.366496772,0.142569608,0.000493447,0.531963242
11,96,211318720,67,0.406369678,0.142569608,0.000493447,0.671250416
20,96,211318720,67,0.407748930,0.142569608,0.000493447,0.674771071
26,96,211318720,67,0.469331802,0.142569608,0.000493447,0.780718912
16,96,211318720,67,0.497832446,0.142569608,0.000493447,0.811228783
14,96,211318720,67,0.522957550,0.142569608,0.000493447,0.821892834
30,96,211318720,67,0.689012139,0.142569608,0.000493447,1.229139467
5,96,211318720,67,0.695802929,0.142569608,0.000493447,1.263408884
6,96,211318720,67,0.737725058,0.142569608,0.000493447,1.478581748
21,96,211318720,67,0.746840162,0.142569608,0.000493447,1.524597853
19,96,211318720,67,0.752566429,0.142569608,0.000493447,1.549641402
28,96,211318720,67,0.764463287,0.142569608,0.000493447,1.594033176
2,96,211318720,67,0.790535894,0.142569608,0.000493447,1.674158057
9,96,211318720,67,0.802276566,0.142569608,0.000493447,1.702152223
18,96,211318720,67,0.822148367,0.142569608,0.000493447,1.748622378
10,96,211318720,67,0.846862281,0.142569608,0.000493447,1.793360175
12,96,211318720,67,0.867005483,0.142569608,0.000493447,1.834523022
27,96,211318720,67,0.986327720,0.142569608,0.000493447,2.013461012
13,96,211318720,67,0.999831002,0.142569608,0.000493447,2.018861488
23,96,211318720,67,0.406841767,0.142569608,0.000493447,2.735213682
22,96,211318720,67,1.205968091,0.142569608,0.000493447,2.058179003
25,96,211318720,67,1.854731332,0.142569608,0.000493447,2.031460527
17,96,211318720,67,1.904038728,0.142569608,0.000493447,2.050126297
1,96,211318720,67,2.500940347,0.142569608,0.000493447,2.068841111
29,96,211318720,67,2.502933016,0.142569608,0.000493447,2.069599898
15,96,211318720,67,2.575342822,0.142569608,0.000493447,2.049347774
4,96,211318720,67,0.945577756,0.142569608,0.000493447,3.698522871
12,97,211318720,67,0.262618358,0.142569608,0.140571117,0.251609243
2,97,211318720,67,0.299654210,0.142569608,0.140571117,0.478006726
7,97,211318720,67,0.340840754,0.142569608,0.140571117,0.768650535
29,97,211318720,67,0.357826991,0.142569608,0.140571117,0.877356060
8,97,211318720,67,0.367044128,0.142569608,0.140571117,0.930247049
3,97,211318720,67,0.372439086,0.142569608,0.140571117,0.956752709
16,97,211318720,67,0.397487178,0.142569608,0.140571117,1.090683780
24,97,211318720,67,0.406841767,0.142569608,0.140571117,1.138117791
13,97,211318720,67,0.416831058,0.142569608,0.140571117,1.178516755
6,97,211318720,67,0.420513033,0.142569608,0.140571117,1.189435383
20,97,211318720,67,0.430501742,0.142569608,0.140571117,1.212871141
21,97,211318720,67,0.519929897,0.142569608,0.140571117,1.326429155
17,97,211318720,67,0.522957550,0.142569608,0.140571117,1.329724036
22,97,211318720,67,0.635595755,0.142569608,0.140571117,1.471022900
9,97,211318720,67,0.668942036,0.142569608,0.140571117,1.528228128
10,97,211318720,67,0.737725058,0.142569608,0.140571117,1.679124612
14,97,211318720,67,0.790535894,0.142569608,0.140571117,1.768937272
26,97,211318720,67,0.799520819,0.142569608,0.140571117,1.779847217
5,97,211318720,67,0.832073278,0.142569608,0.140571117,1.814639784
15,97,211318720,67,0.940637450,0.142569608,0.140571117,1.873992060
25,97,211318720,67,1.065657761,0.142569608,0.140571117,2.005215181
19,97,211318720,67,1.076130101,0.142569608,0.140571117,2.009203382
28,97,211318720,67,1.278350893,0.142569608,0.140571117,2.080812328
23,97,211318720,67,1.374381413,0.142569608,0.140571117,2.182367675
1,97,211318720,67,1.423528796,0.142569608,0.140571117,2.202266646
4,97,211318720,67,0.411648825,0.142569608,0.140571117,3.383089460
30,97,211318720,67,0.434572014,0.142569608,0.140571117,3.497005024
18,97,211318720,67,1.720860573,0.142569608,0.140571117,2.215620521
27,97,211318720,67,2.241835908,0.142569608,0.140571117,2.166084490
11,97,211318720,67,2.502933016,0.142569608,0.140571117,2.091126531
10,98,211318720,67,0.262618358,0.142569608,0.100891933,0.429974370
3,98,211318720,67,0.274486776,0.142569608,0.100891933,0.506253513
19,98,211318720,67,0.332457627,0.142569608,0.100891933,0.882645107
15,98,211318720,67,0.338645076,0.142569608,0.100891933,0.922318800
12,98,211318720,67,0.345303952,0.142569608,0.100891933,0.960436583
6,98,211318720,67,0.352250991,0.142569608,0.100891933,0.993964983
2,98,211318720,67,0.357859759,0.142569608,0.100891933,1.014732762
16,98,211318720,67,0.366496772,0.142569608,0.100891933,1.041173134
30,98,211318720,67,0.372439086,0.142569608,0.100891933,1.055572627
9,98,211318720,67,0.397487178,0.142569608,0.100891933,1.097921711
5,98,211318720,67,0.430501742,0.142569608,0.100891933,1.148286009
13,98,211318720,67,0.452040546,0.142569608,0.100891933,1.171086156
21,98,211318720,67,0.656366503,0.142569608,0.100891933,1.391493536
26,98,211318720,67,0.714799086,0.142569608,0.100891933,1.568251410
17,98,211318720,67,0.746840162,0.142569608,0.100891933,1.643779504
28,98,211318720,67,0.769230066,0.142569608,0.100891933,1.682095908
7,98,211318720,67,0.790535894,0.142569608,0.100891933,1.704128192
24,98,211318720,67,0.802276566,0.142569608,0.100891933,1.708777340
22,98,211318720,67,0.984046731,0.142569608,0.100891933,1.834102016
11,98,211318720,67,1.055621497,0.142569608,0.100891933,1.910037905
1,98,211318720,67,1.076130101,0.142569608,0.100891933,1.926364896
29,98,211318720,67,1.205968091,0.142569608,0.100891933,2.018587497
14,98,211318720,67,1.284436966,0.142569608,0.100891933,2.048176190
23,98,211318720,67,0.349695505,0.142569608,0.100891933,3.050683851
4,98,211318720,67,2.242581386,0.142569608,0.100891933,1.929748792
18,98,211318720,67,2.303361475,0.142569608,0.100891933,1.953130308
8,98,211318720,67,2.487518451,0.142569608,0.100891933,2.030567843
20,98,211318720,67,2.580293565,0.142569608,0.100891933,2.067503092
27,98,211318720,67,0.549024150,0.142569608,0.100891933,4.276449923
25,98,211318720,67,2.759003758,0.142569608,0.100891933,2.119275371
24,99,211318720,67,0.205499149,0.142569608,0.028581372,0.060947066
16,99,211318720,67,0.338645076,0.142569608,0.028581372,0.532308334
13,99,211318720,67,0.352250991,0.142569608,0.028581372,0.594079503
3,99,211318720,67,0.357859759,0.142569608,0.028581372,0.618493717
6,99,211318720,67,0.384120181,0.142569608,0.028581372,0.716363886
12,99,211318720,67,0.397487178,0.142569608,0.028581372,0.757144035
25,99,211318720,67,0.401427962,0.142569608,0.028581372,0.766548799
10,99,211318720,67,0.416831058,0.142569608,0.028581372,0.792387371
23,99,211318720,67,0.430501742,0.142569608,0.028581372,0.806615395
1,99,211318720,67,0.491628020,0.142569608,0.028581372,0.830649964
26,99,211318720,67,0.747118578,0.142569608,0.028581372,0.986242207
15,99,211318720,67,0.832073278,0.142569608,0.028581372,1.041238062
21,99,211318720,67,0.941278721,0.142569608,0.028581372,1.256410622
30,99,211318720,67,0.986327720,0.142569608,0.028581372,1.363970676
8,99,211318720,67,0.990430268,0.142569608,0.028581372,1.370502715
14,99,211318720,67,1.021439625,0.142569608,0.028581372,1.402574349
11,99,211318720,67,1.077776804,0.142569608,0.028581372,1.434663784
17,99,211318720,67,1.205968091,0.142569608,0.028581372,1.550997566
4,99,211318720,67,1.294309936,0.142569608,0.028581372,1.644540215
7,99,211318720,67,1.304662576,0.142569608,0.028581372,1.648628255
18,99,211318720,67,1.522868244,0.142569608,0.028581372,1.732881971
28,99,211318720,67,1.591305991,0.142569608,0.028581372,1.769556239
29,99,211318720,67,1.720860573,0.142569608,0.028581372,1.881584721
27,99,211318720,67,0.737725058,0.142569608,0.028581372,2.917148407
2,99,211318720,67,1.772163784,0.142569608,0.028581372,1.902989723
20,99,211318720,67,1.934453384,0.142569608,0.028581372,1.951794949
9,99,211318720,67,2.487518451,0.142569608,0.028581372,2.075648365
22,99,211318720,67,2.500940347,0.142569608,0.028581372,2.080782438
19,99,211318720,67,2.580293565,0.142569608,0.028581372,2.058253251
5,99,211318720,67,2.241835908,0.142569608,0.028581372,2.479201555
5,100,211318720,67,0.217175369,0.142569608,0.388455093,0.152230627
22,100,211318720,67,0.291309717,0.142569608,0.388455093,0.398319292
12,100,211318720,67,0.310267843,0.142569608,0.388455093,0.469485992
4,100,211318720,67,0.344720398,0.142569608,0.388455093,0.586505535
24,100,211318720,67,0.345303952,0.142569608,0.388455093,0.588228035
13,100,211318720,67,0.391378383,0.142569608,0.388455093,0.706256313
6,100,211318720,67,0.401427962,0.142569608,0.388455093,0.729551536
17,100,211318720,67,0.405338182,0.142569608,0.388455093,0.736545196
3,100,211318720,67,0.469331802,0.142569608,0.388455093,0.805066063
27,100,211318720,67,0.519929897,0.142569608,0.388455093,0.828511250
7,100,211318720,67,0.737725058,0.142569608,0.388455093,1.367798110
14,100,211318720,67,0.746840162,0.142569608,0.388455093,1.414242298
2,100,211318720,67,0.815600578,0.142569608,0.388455093,1.716167111
21,100,211318720,67,0.819719265,0.142569608,0.388455093,1.731521001
9,100,211318720,67,0.822082714,0.142569608,0.388455093,1.738753436
15,100,211318720,67,0.822148367,0.142569608,0.388455093,1.738910543
18,100,211318720,67,0.823874673,0.142569608,0.388455093,1.741904581
1,100,211318720,67,0.846862281,0.142569608,0.388455093,1.766322639
29,100,211318720,67,0.867005483,0.142569608,0.388455093,1.774681412
25,100,211318720,67,1.007648939,0.142569608,0.388455093,1.970615250
28,100,211318720,67,1.009629524,0.142569608,0.388455093,1.972517629
16,100,211318720,67,1.077776804,0.142569608,0.388455093,2.036612822
30,100,211318720,67,1.163510533,0.142569608,0.388455093,2.077931629
10,100,211318720,67,1.294309936,0.142569608,0.388455093,2.129824489
23,100,211318720,67,1.450159241,0.142569608,0.388455093,2.183531525
8,100,211318720,67,1.591305991,0.142569608,0.388455093,2.237141856
20,100,211318720,67,0.656366503,0.142569608,0.388455093,3.263243005
19,100,211318720,67,0.694847525,0.142569608,0.388455093,3.345890174
11,100,211318720,67,2.241835908,0.142569608,0.388455093,2.148681846
26,100,211318720,67,2.036967590,0.142569608,0.388455093,2.455323734
10,101,211318720,67,0.333771051,0.142569608,0.014337366,0.616626029
15,101,211318720,67,0.338645076,0.142569608,0.014337366,0.644435206
21,101,211318720,67,0.340840754,0.142569608,0.014337366,0.655582769
18,101,211318720,67,0.352250991,0.142569608,0.014337366,0.705599144
30,101,211318720,67,0.366496772,0.142569608,0.014337366,0.759794480
8,101,211318720,67,0.372439086,0.142569608,0.014337366,0.782350622
17,101,211318720,67,0.387058100,0.142569608,0.014337366,0.835925560
24,101,211318720,67,0.391378383,0.142569608,0.014337366,0.849335379
12,101,211318720,67,0.420513033,0.142569608,0.014337366,0.918814737
25,101,211318720,67,0.471067229,0.142569608,0.014337366,1.004886741
13,101,211318720,67,0.507433692,0.142569608,0.014337366,1.043018181
6,101,211318720,67,0.515830983,0.142569608,0.014337366,1.046314875
26,101,211318720,67,0.747118578,0.142569608,0.014337366,1.335827013
29,101,211318720,67,0.757188691,0.142569608,0.014337366,1.366858842
9,101,211318720,67,0.809045384,0.142569608,0.014337366,1.489872990
19,101,211318720,67,0.828887397,0.142569608,0.014337366,1.524633753
2,101,211318720,67,0.832073278,0.142569608,0.014337366,1.527891252
1,101,211318720,67,0.832820764,0.142569608,0.014337366,1.528198670
11,101,211318720,67,0.986327720,0.142569608,0.014337366,1.635399971
27,101,211318720,67,1.044856486,0.142569608,0.014337366,1.658655978
23,101,211318720,67,1.278350893,0.142569608,0.014337366,1.808103721
7,101,211318720,67,1.284436966,0.142569608,0.014337366,1.814565546
16,101,211318720,67,1.374381413,0.142569608,0.014337366,1.848771243
5,101,211318720,67,1.772163784,0.142569608,0.014337366,1.935557452
28,101,211318720,67,1.904038728,0.142569608,0.014337366,1.986772082
20,101,211318720,67,2.656838111,0.142569608,0.014337366,1.990445908
22,101,211318720,67,2.759003758,0.142569608,0.014337366,2.031179991
4,101,211318720,67,3.042432322,0.142569608,0.014337366,1.950959226
14,101,211318720,67,1.522868244,0.142569608,0.014337366,3.492073788
3,101,211318720,67,2.502933016,0.142569608,0.014337366,2.560662293
13,102,211318720,67,0.218636321,0.142569608,0.066318966,0.192990141
21,102,211318720,67,0.274486776,0.142569608,0.066318966,0.343620721
19,102,211318720,67,0.301447636,0.142569608,0.066318966,0.432826329
25,102,211318720,67,0.328114621,0.142569608,0.066318966,0.522776122
20,102,211318720,67,0.401427962,0.142569608,0.066318966,0.798704290
2,102,211318720,67,0.406314018,0.142569608,0.066318966,0.816735482
14,102,211318720,67,0.434572014,0.142569608,0.066318966,0.903353522
7,102,211318720,67,0.459361129,0.142569608,0.066318966,0.962101496
30,102,211318720,67,0.469331802,0.142569608,0.066318966,0.979637272
23,102,211318720,67,0.491628020,0.142569608,0.066318966,1.002925288
24,102,211318720,67,0.522957550,0.142569608,0.066318966,1.013597178
8,102,211318720,67,0.668942036,0.142569608,0.066318966,1.160938404
4,102,211318720,67,0.687056158,0.142569608,0.066318966,1.198597307
3,102,211318720,67,0.799520819,0.142569608,0.066318966,1.458158497
5,102,211318720,67,0.809045384,0.142569608,0.066318966,1.487619284
29,102,211318720,67,0.819719265,0.142569608,0.066318966,1.513258709
26,102,211318720,67,0.867005483,0.142569608,0.066318966,1.618973868
22,102,211318720,67,0.331808595,0.142569608,0.066318966,2.229948327
6,102,211318720,67,0.919655903,0.142569608,0.066318966,1.772577184
15,102,211318720,67,0.940637450,0.142569608,0.066318966,1.834486817
18,102,211318720,67,0.984046731,0.142569608,0.066318966,1.937529413
17,102,211318720,67,0.998676963,0.142569608,0.066318966,1.961695423
10,102,211318720,67,1.021439625,0.142569608,0.066318966,1.986151775
28,102,211318720,67,1.065657761,0.142569608,0.066318966,2.002839824
16,102,211318720,67,1.275961791,0.142569608,0.066318966,2.040692848
11,102,211318720,67,1.450159241,0.142569608,0.066318966,2.087696130
27,102,211318720,67,1.591305991,0.142569608,0.066318966,2.141302020
9,102,211318720,67,2.580293565,0.142569608,0.066318966,2.003780719
1,102,211318720,67,2.656838111,0.142569608,0.066318966,2.032771817
12,102,211318720,67,2.851214341,0.142569608,0.066318966,1.977685811
24,103,211318720,67,0.205499149,0.142569608,0.012847955,0.089348426
18,103,211318720,67,0.310267843,0.142569608,0.012847955,0.479296380
13,103,211318720,67,0.333771051,0.142569608,0.012847955,0.617297785
9,103,211318720,67,0.349695505,0.142569608,0.012847955,0.708654898
17,103,211318720,67,0.384275535,0.142569608,0.012847955,0.889861237
11,103,211318720,67,0.401427962,0.142569608,0.012847955,0.977264958
2,103,211318720,67,0.405338182,0.142569608,0.012847955,0.994421018
28,103,211318720,67,0.406314018,0.142569608,0.012847955,0.998121459
10,103,211318720,67,0.416831058,0.142569608,0.012847955,1.030352537
27,103,211318720,67,0.420281467,0.142569608,0.012847955,1.038569073
5,103,211318720,67,0.420513033,0.142569608,0.012847955,1.038970634
26,103,211318720,67,0.469100688,0.142569608,0.012847955,1.089681610
22,103,211318720,67,0.515830983,0.142569608,0.012847955,1.123511404
29,103,211318720,67,0.670439746,0.142569608,0.012847955,1.500074994
6,103,211318720,67,0.698254705,0.142569608,0.012847955,1.583511872
14,103,211318720,67,0.746840162,0.142569608,0.012847955,1.682080682
7,103,211318720,67,0.756670836,0.142569608,0.012847955,1.699267550
4,103,211318720,67,0.799520819,0.142569608,0.012847955,1.744375980
15,103,211318720,67,0.867005483,0.142569608,0.012847955,1.770713839
12,103,211318720,67,1.024237500,0.142569608,0.012847955,1.865089362
3,103,211318720,67,1.104358980,0.142569608,0.012847955,2.031924052
19,103,211318720,67,1.165294969,0.142569608,0.012847955,2.137515918
20,103,211318720,67,1.183831296,0.142569608,0.012847955,2.156887801
25,103,211318720,67,1.185253134,0.142569608,0.012847955,2.157277543
8,103,211318720,67,1.349170437,0.142569608,0.012847955,2.205204936
21,103,211318720,67,1.904038728,0.142569608,0.012847955,2.148269122
1,103,211318720,67,2.036967590,0.142569608,0.012847955,2.200978442
23,103,211318720,67,0.635595755,0.142569608,0.012847955,3.620320303
30,103,211318720,67,0.695802929,0.142569608,0.012847955,3.731770388
16,103,211318720,67,3.341109767,0.142569608,0.012847955,1.830717382
30,104,211318720,67,0.217175369,0.142569608,0.040416684,0.122656709
14,104,211318720,67,0.291309717,0.142569608,0.040416684,0.370389398
28,104,211318720,67,0.332457627,0.142569608,0.040416684,0.528022230
12,104,211318720,67,0.352250991,0.142569608,0.040416684,0.602183967
7,104,211318720,67,0.366496772,0.142569608,0.040416684,0.652855851
1,104,211318720,67,0.372439086,0.142569608,0.040416684,0.670895165
29,104,211318720,67,0.405338182,0.142569608,0.040416684,0.789637419
10,104,211318720,67,0.411648825,0.142569608,0.040416684,0.808779266
17,104,211318720,67,0.469331802,0.142569608,0.040416684,0.946124113
3,104,211318720,67,0.497832446,0.142569608,0.040416684,0.995740153
9,104,211318720,67,0.515830983,0.142569608,0.040416684,1.014142811
15,104,211318720,67,0.519929897,0.142569608,0.040416684,1.015541791
24,104,211318720,67,0.668942036,0.142569608,0.040416684,1.118813299
25,104,211318720,67,0.746840162,0.142569608,0.040416684,1.342676759
18,104,211318720,67,0.802276566,0.142569608,0.040416684,1.475312606
13,104,211318720,67,0.815600578,0.142569608,0.040416684,1.498616094
11,104,211318720,67,0.819719265,0.142569608,0.040416684,1.502879262
2,104,211318720,67,0.822082714,0.142569608,0.040416684,1.503847108
5,104,211318720,67,0.986327720,0.142569608,0.040416684,1.727315561
6,104,211318720,67,0.999831002,0.142569608,0.040416684,1.750969073
20,104,211318720,67,1.024237500,0.142569608,0.040416684,1.779204738
21,104,211318720,67,1.163510533,0.142569608,0.040416684,1.933865190
27,104,211318720,67,1.235957661,0.142569608,0.040416684,1.965089131
22,104,211318720,67,1.591305991,0.142569608,0.040416684,2.052549683
16,104,211318720,67,1.904038728,0.142569608,0.040416684,2.156777693
26,104,211318720,67,2.500940347,0.142569608,0.040416684,2.086892454
4,104,211318720,67,2.851214341,0.142569608,0.040416684,1.985517589
19,104,211318720,67,1.102987746,0.142569608,0.040416684,3.741985086
8,104,211318720,67,1.374381413,0.142569608,0.040416684,3.491427824
23,104,211318720,67,1.772163784,0.142569608,0.040416684,3.117465718
11,105,211318720,67,0.281178980,0.142569608,0.015999926,0.317354446
25,105,211318720,67,0.332457627,0.142569608,0.015999926,0.541856416
13,105,211318720,67,0.333771051,0.142569608,0.015999926,0.546818504
3,105,211318720,67,0.338645076,0.142569608,0.015999926,0.561704679
5,105,211318720,67,0.357859759,0.142569608,0.015999926,0.607466327
19,105,211318720,67,0.366496772,0.142569608,0.015999926,0.622834153
4,105,211318720,67,0.420281467,0.142569608,0.015999926,0.679146999
27,105,211318720,67,0.420773321,0.142569608,0.015999926,0.679342576
10,105,211318720,67,0.656366503,0.142569608,0.015999926,0.895478187
22,105,211318720,67,0.670439746,0.142569608,0.015999926,0.920032504
16,105,211318720,67,0.756670836,0.142569608,0.015999926,1.115132459
23,105,211318720,67,0.821650137,0.142569608,0.015999926,1.226731589
21,105,211318720,67,0.822082714,0.142569608,0.015999926,1.227218969
29,105,211318720,67,0.828887397,0.142569608,0.015999926,1.229836116
2,105,211318720,67,0.990430268,0.142569608,0.015999926,1.391756089
8,105,211318720,67,1.044856486,0.142569608,0.015999926,1.465198155
20,105,211318720,67,1.055621497,0.142569608,0.015999926,1.476212663
17,105,211318720,67,1.163510533,0.142569608,0.015999926,1.607943465
24,105,211318720,67,1.205968091,0.142569608,0.015999926,1.681010840
30,105,211318720,67,1.284436966,0.142569608,0.015999926,1.799456531
14,105,211318720,67,1.294309936,0.142569608,0.015999926,1.809813951
7,105,211318720,67,1.374381413,0.142569608,0.015999926,1.895212446
18,105,211318720,67,1.436765414,0.142569608,0.015999926,1.918671030
26,105,211318720,67,1.591305991,0.142569608,0.015999926,1.970322518
15,105,211318720,67,0.689012139,0.142569608,0.015999926,2.959170285
12,105,211318720,67,1.772163784,0.142569608,0.015999926,2.013106569
9,105,211318720,67,2.242581386,0.142569608,0.015999926,1.977919957
6,105,211318720,67,2.387739789,0.142569608,0.015999926,2.030844899
1,105,211318720,67,3.042432322,0.142569608,0.015999926,1.940034207
28,105,211318720,67,3.411740796,0.142569608,0.015999926,1.834991169
5,106,211318720,67,0.274486776,0.142569608,0.013794584,0.453015390
7,106,211318720,67,0.291309717,0.142569608,0.013794584,0.569024224
27,106,211318720,67,0.309103827,0.142569608,0.013794584,0.683143440
13,106,211318720,67,0.328114621,0.142569608,0.013794584,0.799177007
24,106,211318720,67,0.340840754,0.142569608,0.013794584,0.872124398
26,106,211318720,67,0.347471629,0.142569608,0.013794584,0.905574957
3,106,211318720,67,0.352250991,0.142569608,0.013794584,0.926632277
19,106,211318720,67,0.391378383,0.142569608,0.013794584,1.114401592
8,106,211318720,67,0.397487178,0.142569608,0.013794584,1.141135121
4,106,211318720,67,0.405338182,0.142569608,0.013794584,1.170395166
18,106,211318720,67,0.407748930,0.142569608,0.013794584,1.177823165
11,106,211318720,67,0.420773321,0.142569608,0.013794584,1.209239488
16,106,211318720,67,0.459361129,0.142569608,0.013794584,1.275863972
28,106,211318720,67,0.496683722,0.142569608,0.013794584,1.314675392
15,106,211318720,67,0.507433692,0.142569608,0.013794584,1.318823044
23,106,211318720,67,0.737146514,0.142569608,0.013794584,1.608427783
21,106,211318720,67,0.757188691,0.142569608,0.013794584,1.669698553
17,106,211318720,67,0.781082769,0.142569608,0.013794584,1.726089341
1,106,211318720,67,0.815600578,0.142569608,0.013794584,1.797216368
2,106,211318720,67,0.823874673,0.142569608,0.013794584,1.811599916
9,106,211318720,67,0.832073278,0.142569608,0.013794584,1.820223388
29,106,211318720,67,0.940637450,0.142569608,0.013794584,1.877821690
12,106,211318720,67,1.065657761,0.142569608,0.013794584,2.009595567
6,106,211318720,67,1.076130101,0.142569608,0.013794584,2.013839466
22,106,211318720,67,1.278350893,0.142569608,0.013794584,2.052328205
30,106,211318720,67,1.423528796,0.142569608,0.013794584,2.105052765
20,106,211318720,67,1.720860573,0.142569608,0.013794584,2.117144367
10,106,211318720,67,2.242581386,0.142569608,0.013794584,2.066419856
14,106,211318720,67,2.387739789,0.142569608,0.013794584,2.122313601
25,106,211318720,67,2.759003758,0.142569608,0.013794584,2.119249272
2,107,211318720,67,0.262618358,0.142569608,0.051151417,0.398021620
14,107,211318720,67,0.272776191,0.142569608,0.051151417,0.454313357
27,107,211318720,67,0.310267843,0.142569608,0.051151417,0.636635564
29,107,211318720,67,0.328114621,0.142569608,0.051151417,0.715270916
17,107,211318720,67,0.344720398,0.142569608,0.051151417,0.776475677
19,107,211318720,67,0.387058100,0.142569608,0.051151417,0.905723965
28,107,211318720,67,0.401123492,0.142569608,0.051151417,0.938679931
3,107,211318720,67,0.401427962,0.142569608,0.051151417,0.939161512
26,107,211318720,67,0.407748930,0.142569608,0.051151417,0.945068666
8,107,211318720,67,0.434572014,0.142569608,0.051151417,0.956142688
12,107,211318720,67,0.578321737,0.142569608,0.051151417,1.010361810
20,107,211318720,67,0.790535894,0.142569608,0.051151417,1.542040756
7,107,211318720,67,0.799520819,0.142569608,0.051151417,1.581624318
22,107,211318720,67,0.281178980,0.142569608,0.051151417,2.101363586
18,107,211318720,67,0.809045384,0.142569608,0.051151417,1.616837962
6,107,211318720,67,0.819719265,0.142569608,0.051151417,1.649581479
23,107,211318720,67,0.822148367,0.142569608,0.051151417,1.655442910
25,107,211318720,67,0.832820764,0.142569608,0.051151417,1.674108247
4,107,211318720,67,0.839853738,0.142569608,0.051151417,1.681219331
13,107,211318720,67,0.867005483,0.142569608,0.051151417,1.707538780
30,107,211318720,67,0.986327720,0.142569608,0.051151417,1.786966024
21,107,211318720,67,1.275961791,0.142569608,0.051151417,1.890260588
11,107,211318720,67,1.374381413,0.142569608,0.051151417,1.927481571
16,107,211318720,67,1.522868244,0.142569608,0.051151417,1.980622660
1,107,211318720,67,1.772163784,0.142569608,0.051151417,2.005094597
15,107,211318720,67,1.934453384,0.142569608,0.051151417,2.081228655
24,107,211318720,67,2.036967590,0.142569608,0.051151417,2.145015651
5,107,211318720,67,2.141684867,0.142569608,0.051151417,2.185315663
10,107,211318720,67,2.194425436,0.142569608,0.051151417,2.170339604
9,107,211318720,67,1.077776804,0.142569608,0.051151417,3.323935128
25,108,211318720,67,0.217175369,0.142569608,0.148205727,0.088061596
4,108,211318720,67,0.331927073,0.142569608,0.148205727,0.310932387
13,108,211318720,67,0.340022068,0.142569608,0.148205727,0.325274789
12,108,211318720,67,0.367044128,0.142569608,0.148205727,0.353341772
30,108,211318720,67,0.430501742,0.142569608,0.148205727,0.395380010
6,108,211318720,67,0.549024150,0.142569608,0.148205727,0.457612159
17,108,211318720,67,0.747118578,0.142569608,0.148205727,0.837349800
20,108,211318720,67,0.799520819,0.142569608,0.148205727,1.048061721
8,108,211318720,67,0.815600578,0.142569608,0.148205727,1.107763995
7,108,211318720,67,0.821650137,0.142569608,0.148205727,1.126062994
26,108,211318720,67,0.822148367,0.142569608,0.148205727,1.127303249
9,108,211318720,67,0.839853738,0.142569608,0.148205727,1.158088455
14,108,211318720,67,0.846862281,0.142569608,0.148205727,1.171311408
22,108,211318720,67,0.919655903,0.142569608,0.148205727,1.323255388
11,108,211318720,67,0.984046731,0.142569608,0.148205727,1.449760206
23,108,211318720,67,0.986327720,0.142569608,0.148205727,1.453750085
19,108,211318720,67,1.021439625,0.142569608,0.148205727,1.491001296
16,108,211318720,67,1.104358980,0.142569608,0.148205727,1.584234049
5,108,211318720,67,1.165294969,0.142569608,0.148205727,1.660825936
24,108,211318720,67,1.235957661,0.142569608,0.148205727,1.755890473
10,108,211318720,67,0.670439746,0.142569608,0.148205727,2.388757201
15,108,211318720,67,1.289231248,0.142569608,0.148205727,1.811795540
2,108,211318720,67,1.349170437,0.142569608,0.148205727,1.863847528
21,108,211318720,67,1.450159241,0.142569608,0.148205727,1.902838262
28,108,211318720,67,1.720860573,0.142569608,0.148205727,1.983836207
29,108,211318720,67,1.772163784,0.142569608,0.148205727,2.002794610
27,108,211318720,67,1.973971545,0.142569608,0.148205727,2.040638531
18,108,211318720,67,2.194425436,0.142569608,0.148205727,2.097736988
3,108,211318720,67,2.303361475,0.142569608,0.148205727,2.138136192
1,108,211318720,67,2.387739789,0.142569608,0.148205727,2.114122290
22,109,211318720,67,0.205499149,0.142569608,0.016464079,0.057556555
19,109,211318720,67,0.344720398,0.142569608,0.016464079,0.793808250
18,109,211318720,67,0.352250991,0.142569608,0.016464079,0.847146551
23,109,211318720,67,0.366496772,0.142569608,0.016464079,0.946479997
2,109,211318720,67,0.372439086,0.142569608,0.016464079,0.984678171
26,109,211318720,67,0.384120181,0.142569608,0.016464079,1.051358202
7,109,211318720,67,0.387058100,0.142569608,0.016464079,1.066034155
3,109,211318720,67,0.405338182,0.142569608,0.016464079,1.146507043
5,109,211318720,67,0.406314018,0.142569608,0.016464079,1.149928220
9,109,211318720,67,0.406841767,0.142569608,0.016464079,1.151447173
13,109,211318720,67,0.434572014,0.142569608,0.016464079,1.217259492
17,109,211318720,67,0.452040546,0.142569608,0.016464079,1.247578590
4,109,211318720,67,0.497832446,0.142569608,0.016464079,1.295249091
10,109,211318720,67,0.507433692,0.142569608,0.016464079,1.299236023
8,109,211318720,67,0.656366503,0.142569608,0.016464079,1.513008243
28,109,211318720,67,0.668942036,0.142569608,0.016464079,1.534278894
25,109,211318720,67,0.695802929,0.142569608,0.016464079,1.589918333
1,109,211318720,67,0.790535894,0.142569608,0.016464079,1.826930571
14,109,211318720,67,0.822148367,0.142569608,0.016464079,1.902375439
12,109,211318720,67,0.828887397,0.142569608,0.016464079,1.910035166
15,109,211318720,67,0.917862357,0.142569608,0.016464079,1.946682702
21,109,211318720,67,1.294309936,0.142569608,0.016464079,1.934498480
24,109,211318720,67,0.367044128,0.142569608,0.016464079,2.920551800
30,109,211318720,67,1.522868244,0.142569608,0.016464079,1.965896753
16,109,211318720,67,2.194425436,0.142569608,0.016464079,1.873649331
6,109,211318720,67,2.502933016,0.142569608,0.016464079,1.925653173
27,109,211318720,67,0.822082714,0.142569608,0.016464079,3.925911626
20,109,211318720,67,2.759003758,0.142569608,0.016464079,2.000666185
29,109,211318720,67,3.042432322,0.142569608,0.016464079,1.921076018
11,109,211318720,67,2.580293565,0.142569608,0.016464079,2.459194968
14,110,211318720,67,0.205499149,0.142569608,0.007117366,0.069341582
26,110,211318720,67,0.325376681,0.142569608,0.007117366,0.279065656
1,110,211318720,67,0.405338182,0.142569608,0.007117366,0.461875202
2,110,211318720,67,0.406314018,0.142569608,0.007117366,0.463481588
11,110,211318720,67,0.469331802,0.142569608,0.007117366,0.552009229
16,110,211318720,67,0.497832446,0.142569608,0.007117366,0.581548077
17,110,211318720,67,0.578321737,0.142569608,0.007117366,0.662014608
23,110,211318720,67,0.694847525,0.142569608,0.007117366,0.876229327
22,110,211318720,67,0.695802929,0.142569608,0.007117366,0.877904237
24,110,211318720,67,0.698254705,0.142569608,0.007117366,0.880464020
30,110,211318720,67,0.347471629,0.142569608,0.007117366,1.242963570
6,110,211318720,67,0.815600578,0.142569608,0.007117366,0.925266637
15,110,211318720,67,1.044856486,0.142569608,0.007117366,1.098816922
3,110,211318720,67,1.076130101,0.142569608,0.007117366,1.152758916
25,110,211318720,67,1.104358980,0.142569608,0.007117366,1.182924178
27,110,211318720,67,1.165294969,0.142569608,0.007117366,1.225206402
19,110,211318720,67,1.278350893,0.142569608,0.007117366,1.269818073
4,110,211318720,67,1.450159241,0.142569608,0.007117366,1.318236819
21,110,211318720,67,1.657194393,0.142569608,0.007117366,1.357423464
29,110,211318720,67,1.934453384,0.142569608,0.007117366,1.472680689
28,110,211318720,67,1.973971545,0.142569608,0.007117366,1.540119954
8,110,211318720,67,2.036967590,0.142569608,0.007117366,1.644701559
12,110,211318720,67,2.070019088,0.142569608,0.007117366,1.691352355
13,110,211318720,67,2.122991969,0.142569608,0.007117366,1.778177925
18,110,211318720,67,2.194425436,0.142569608,0.007117366,1.900520529
9,110,211318720,67,2.241835908,0.142569608,0.007117366,1.950426360
10,110,211318720,67,2.242581386,0.142569608,0.007117366,1.950675499
5,110,211318720,67,2.575342822,0.142569608,0.007117366,1.951903109
7,110,211318720,67,2.759003758,0.142569608,0.007117366,1.997122484
20,110,211318720,67,3.042432322,0.142569608,0.007117366,1.916335739
16,111,211318720,67,0.262618358,0.142569608,0.009584862,0.267431210
25,111,211318720,67,0.272776191,0.142569608,0.009584862,0.322215341
27,111,211318720,67,0.331927073,0.142569608,0.009584862,0.641066129
19,111,211318720,67,0.332457627,0.142569608,0.009584862,0.644127433
7,111,211318720,67,0.384275535,0.142569608,0.009584862,0.958470230
23,111,211318720,67,0.391378383,0.142569608,0.009584862,1.008120800
2,111,211318720,67,0.397487178,0.142569608,0.009584862,1.046682224
3,111,211318720,67,0.406369678,0.142569608,0.009584862,1.097637017
10,111,211318720,67,0.406841767,0.142569608,0.009584862,1.100068771
11,111,211318720,67,0.407748930,0.142569608,0.009584862,1.104060889
13,111,211318720,67,0.452040546,0.142569608,0.009584862,1.268148929
18,111,211318720,67,0.469100688,0.142569608,0.009584862,1.319999880
26,111,211318720,67,0.491628020,0.142569608,0.009584862,1.374195530
22,111,211318720,67,0.496683722,0.142569608,0.009584862,1.382937031
20,111,211318720,67,0.515830983,0.142569608,0.009584862,1.404620241
29,111,211318720,67,0.522957550,0.142569608,0.009584862,1.412393280
8,111,211318720,67,0.656366503,0.142569608,0.009584862,1.533043066
28,111,211318720,67,0.737146514,0.142569608,0.009584862,1.707975057
6,111,211318720,67,0.757188691,0.142569608,0.009584862,1.742820095
12,111,211318720,67,0.802276566,0.142569608,0.009584862,1.807425535
21,111,211318720,67,0.821650137,0.142569608,0.009584862,1.836367352
24,111,211318720,67,0.952025692,0.142569608,0.009584862,1.950097501
17,111,211318720,67,1.241069629,0.142569608,0.009584862,2.037302330
1,111,211318720,67,1.278350893,0.142569608,0.009584862,2.057062709
30,111,211318720,67,1.414402113,0.142569608,0.009584862,2.190487654
5,111,211318720,67,1.436765414,0.142569608,0.009584862,2.199523731
4,111,211318720,67,1.934453384,0.142569608,0.009584862,2.157030974
14,111,211318720,67,2.280323170,0.142569608,0.009584862,2.156472181
15,111,211318720,67,2.656838111,0.142569608,0.009584862,2.053199560
9,111,211318720,67,0.917862357,0.142569608,0.009584862,3.803900955
29,112,211318720,67,0.218636321,0.142569608,0.004376165,0.239747306
27,112,211318720,67,0.272776191,0.142569608,0.004376165,0.449023105
7,112,211318720,67,0.291309717,0.142569608,0.004376165,0.539336802
26,112,211318720,67,0.301447636,0.142569608,0.004376165,0.590081189
19,112,211318720,67,0.331808595,0.142569608,0.004376165,0.723344352
4,112,211318720,67,0.331927073,0.142569608,0.004376165,0.723767456
16,112,211318720,67,0.367044128,0.142569608,0.004376165,0.842004842
17,112,211318720,67,0.406369678,0.142569608,0.004376165,0.961403477
23,112,211318720,67,0.407748930,0.142569608,0.004376165,0.964794184
30,112,211318720,67,0.420513033,0.142569608,0.004376165,0.986499077
5,112,211318720,67,0.434572014,0.142569608,0.004376165,1.001421446
9,112,211318720,67,0.491628020,0.142569608,0.004376165,1.022764393
22,112,211318720,67,0.737725058,0.142569608,0.004376165,1.209473170
24,112,211318720,67,0.746840162,0.142569608,0.004376165,1.225086606
10,112,211318720,67,0.822082714,0.142569608,0.004376165,1.349463438
3,112,211318720,67,0.832820764,0.142569608,0.004376165,1.372522012
18,112,211318720,67,0.919655903,0.142569608,0.004376165,1.545928801
25,112,211318720,67,0.941278721,0.142569608,0.004376165,1.583333155
21,112,211318720,67,0.969201848,0.142569608,0.004376165,1.618193655
11,112,211318720,67,1.024237500,0.142569608,0.004376165,1.676625186
6,112,211318720,67,1.104358980,0.142569608,0.004376165,1.823103989
20,112,211318720,67,1.183831296,0.142569608,0.004376165,2.011400726
1,112,211318720,67,1.185253134,0.142569608,0.004376165,2.013870518
13,112,211318720,67,1.205968091,0.142569608,0.004376165,2.035905338
12,112,211318720,67,1.241069629,0.142569608,0.004376165,2.056888771
15,112,211318720,67,1.374381413,0.142569608,0.004376165,2.152468592
2,112,211318720,67,1.450159241,0.142569608,0.004376165,2.182302967
8,112,211318720,67,2.070019088,0.142569608,0.004376165,2.163867399
14,112,211318720,67,2.122991969,0.142569608,0.004376165,2.185010322
28,112,211318720,67,2.303361475,0.142569608,0.004376165,2.134128468
15,113,211318720,67,0.205499149,0.142569608,0.018652396,0.227025183
6,113,211318720,67,0.217175369,0.142569608,0.018652396,0.256346859
25,113,211318720,67,0.274486776,0.142569608,0.018652396,0.459873319
11,113,211318720,67,0.310267843,0.142569608,0.018652396,0.569765808
12,113,211318720,67,0.331927073,0.142569608,0.018652396,0.628759643
3,113,211318720,67,0.357826991,0.142569608,0.018652396,0.708126055
21,113,211318720,67,0.366496772,0.142569608,0.018652396,0.729048181
19,113,211318720,67,0.367044128,0.142569608,0.018652396,0.729942652
16,113,211318720,67,0.469100688,0.142569608,0.018652396,0.834530137
29,113,211318720,67,0.469331802,0.142569608,0.018652396,0.834618685
10,113,211318720,67,0.694847525,0.142569608,0.018652396,0.932684910
13,113,211318720,67,0.769230066,0.142569608,0.018652396,1.083748665
1,113,211318720,67,0.806589981,0.142569608,0.018652396,1.147531966
8,113,211318720,67,0.867005483,0.142569608,0.018652396,1.219708423
17,113,211318720,67,0.986327720,0.142569608,0.018652396,1.516104581
28,113,211318720,67,0.999831002,0.142569608,0.018652396,1.548444613
22,113,211318720,67,1.009629524,0.142569608,0.018652396,1.565305076
14,113,211318720,67,1.044856486,0.142569608,0.018652396,1.601085810
4,113,211318720,67,1.205812777,0.142569608,0.018652396,1.671868598
23,113,211318720,67,1.509114459,0.142569608,0.018652396,1.683475688
27,113,211318720,67,1.772163784,0.142569608,0.018652396,1.705668781
24,113,211318720,67,1.973971545,0.142569608,0.018652396,1.774128503
5,113,211318720,67,0.846862281,0.142569608,0.018652396,3.018376062
30,113,211318720,67,2.070019088,0.142569608,0.018652396,1.823555783
2,113,211318720,67,2.194425436,0.142569608,0.018652396,1.909520592
7,113,211318720,67,2.280323170,0.142569608,0.018652396,1.943878902
9,113,211318720,67,2.502933016,0.142569608,0.018652396,2.024178840
18,113,211318720,67,2.656838111,0.142569608,0.018652396,2.029381101
26,113,211318720,67,1.076130101,0.142569608,0.018652396,3.613182952
20,113,211318720,67,2.575342822,0.142569608,0.018652396,2.210031833
25,114,211318720,67,0.205499149,0.142569608,0.014868915,0.231594941
17,114,211318720,67,0.217175369,0.142569608,0.014868915,0.267488964
7,114,211318720,67,0.291309717,0.142569608,0.014868915,0.589591137
28,114,211318720,67,0.299654210,0.142569608,0.014868915,0.637407860
6,114,211318720,67,0.328114621,0.142569608,0.014868915,0.794191941
26,114,211318720,67,0.340840754,0.142569608,0.014868915,0.858693644
9,114,211318720,67,0.366496772,0.142569608,0.014868915,0.980448165
3,114,211318720,67,0.397487178,0.142569608,0.014868915,1.137475709
16,114,211318720,67,0.401123492,0.142569608,0.014868915,1.153551669
20,114,211318720,67,0.401427962,0.142569608,0.014868915,1.154713261
4,114,211318720,67,0.406841767,0.142569608,0.014868915,1.171453120
2,114,211318720,67,0.411648825,0.142569608,0.014868915,1.182572065
1,114,211318720,67,0.452040546,0.142569608,0.014868915,1.251748212
27,114,211318720,67,0.496683722,0.142569608,0.014868915,1.298859406
21,114,211318720,67,0.507433692,0.142569608,0.014868915,1.302979747
30,114,211318720,67,0.670439746,0.142569608,0.014868915,1.515349551
24,114,211318720,67,0.694847525,0.142569608,0.014868915,1.579507941
13,114,211318720,67,0.747118578,0.142569608,0.014868915,1.705054090
14,114,211318720,67,0.752566429,0.142569608,0.014868915,1.714508768
12,114,211318720,67,0.819719265,0.142569608,0.014868915,1.784676235
10,114,211318720,67,0.822148367,0.142569608,0.014868915,1.785743477
23,114,211318720,67,1.102987746,0.142569608,0.014868915,1.876844460
11,114,211318720,67,1.183831296,0.142569608,0.014868915,2.017700379
5,114,211318720,67,1.205812777,0.142569608,0.014868915,2.041166869
18,114,211318720,67,1.235957661,0.142569608,0.014868915,2.053278197
29,114,211318720,67,1.934453384,0.142569608,0.014868915,1.953136471
19,114,211318720,67,2.194425436,0.142569608,0.014868915,1.976058269
22,114,211318720,67,2.452082856,0.142569608,0.014868915,2.071570817
8,114,211318720,67,2.487518451,0.142569608,0.014868915,2.085092232
15,114,211318720,67,2.580293565,0.142569608,0.014868915,2.058938056
25,115,211318720,67,0.272776191,0.142569608,0.013233417,0.242278825
26,115,211318720,67,0.310267843,0.142569608,0.013233417,0.439143630
2,115,211318720,67,0.338645076,0.142569608,0.013233417,0.601742441
27,115,211318720,67,0.357826991,0.142569608,0.013233417,0.703714901
5,115,211318720,67,0.391378383,0.142569608,0.013233417,0.872152927
1,115,211318720,67,0.401427962,0.142569608,0.013233417,0.915948687
20,115,211318720,67,0.411648825,0.142569608,0.013233417,0.954359063
10,115,211318720,67,0.416831058,0.142569608,0.013233417,0.970058733
11,115,211318720,67,0.420513033,0.142569608,0.013233417,0.978798982
16,115,211318720,67,0.434572014,0.142569608,0.013233417,1.002792720
22,115,211318720,67,0.452040546,0.142569608,0.013233417,1.021192850
12,115,211318720,67,0.491628020,0.142569608,0.013233417,1.036418136
8,115,211318720,67,0.687056158,0.142569608,0.013233417,1.197364038
28,115,211318720,67,0.746840162,0.142569608,0.013233417,1.339460557
13,115,211318720,67,0.752566429,0.142569608,0.013233417,1.349349697
30,115,211318720,67,0.809045384,0.142569608,0.013233417,1.416502607
24,115,211318720,67,0.828887397,0.142569608,0.013233417,1.450986395
29,115,211318720,67,0.941278721,0.142569608,0.013233417,1.580606207
14,115,211318720,67,0.952025692,0.142569608,0.013233417,1.592059453
3,115,211318720,67,1.065657761,0.142569608,0.013233417,1.635735743
15,115,211318720,67,1.278350893,0.142569608,0.013233417,1.721201549
7,115,211318720,67,1.436765414,0.142569608,0.013233417,1.857187686
4,115,211318720,67,1.720860573,0.142569608,0.013233417,1.934231470
6,115,211318720,67,1.973971545,0.142569608,0.013233417,2.099387501
23,115,211318720,67,2.036967590,0.142569608,0.013233417,2.124755325
18,115,211318720,67,2.303361475,0.142569608,0.013233417,2.145526343
19,115,211318720,67,2.580293565,0.142569608,0.013233417,2.069638740
9,115,211318720,67,1.349170437,0.142569608,0.013233417,3.331855473
17,115,211318720,67,1.522868244,0.142569608,0.013233417,3.172225560
21,115,211318720,67,1.854731332,0.142569608,0.013233417,2.861161781
11,116,211318720,67,0.205499149,0.142569608,0.080311209,0.131925318
24,116,211318720,67,0.274486776,0.142569608,0.080311209,0.392391113
7,116,211318720,67,0.310267843,0.142569608,0.080311209,0.631181805
8,116,211318720,67,0.345303952,0.142569608,0.080311209,0.878129294
30,116,211318720,67,0.357859759,0.142569608,0.080311209,0.958260613
16,116,211318720,67,0.366496772,0.142569608,0.080311209,1.007381035
1,116,211318720,67,0.372439086,0.142569608,0.080311209,1.037369013
23,116,211318720,67,0.384120181,0.142569608,0.080311209,1.088819102
22,116,211318720,67,0.406369678,0.142569608,0.080311209,1.172017308
15,116,211318720,67,0.406841767,0.142569608,0.080311209,1.173501542
13,116,211318720,67,0.411648825,0.142569608,0.080311209,1.185122620
17,116,211318720,67,0.420281467,0.142569608,0.080311209,1.200428552
25,116,211318720,67,0.434572014,0.142569608,0.080311209,1.215799053
21,116,211318720,67,0.452040546,0.142569608,0.080311209,1.222622199
3,116,211318720,67,0.635595755,0.142569608,0.080311209,1.397951168
6,116,211318720,67,0.695802929,0.142569608,0.080311209,1.569771393
19,116,211318720,67,0.698254705,0.142569608,0.080311209,1.578653890
12,116,211318720,67,0.752566429,0.142569608,0.080311209,1.744814510
20,116,211318720,67,0.769230066,0.142569608,0.080311209,1.784944219
18,116,211318720,67,0.806589981,0.142569608,0.080311209,1.869961066
5,116,211318720,67,0.832073278,0.142569608,0.080311209,1.914656627
26,116,211318720,67,0.832820764,0.142569608,0.080311209,1.915419993
2,116,211318720,67,0.917862357,0.142569608,0.080311209,1.975621306
9,116,211318720,67,1.021439625,0.142569608,0.080311209,2.073150775
14,116,211318720,67,1.077776804,0.142569608,0.080311209,2.104936701
10,116,211318720,67,1.205968091,0.142569608,0.080311209,2.254381565
27,116,211318720,67,1.241069629,0.142569608,0.080311209,2.291247825
4,116,211318720,67,1.304662576,0.142569608,0.080311209,2.315564208
29,116,211318720,67,2.194425436,0.142569608,0.080311209,2.164692755
28,116,211318720,67,2.851214341,0.142569608,0.080311209,1.981062422
15,117,211318720,67,0.262618358,0.142569608,0.029040879,0.172938561
30,117,211318720,67,0.338645076,0.142569608,0.029040879,0.587081984
6,117,211318720,67,0.347471629,0.142569608,0.029040879,0.637464660
3,117,211318720,67,0.367044128,0.142569608,0.029040879,0.736120862
29,117,211318720,67,0.397487178,0.142569608,0.029040879,0.870906332
25,117,211318720,67,0.401123492,0.142569608,0.029040879,0.884411655
21,117,211318720,67,0.405338182,0.142569608,0.029040879,0.894975544
26,117,211318720,67,0.420773321,0.142569608,0.029040879,0.921763779
11,117,211318720,67,0.430501742,0.142569608,0.029040879,0.931816599
8,117,211318720,67,0.670439746,0.142569608,0.029040879,1.028880028
4,117,211318720,67,0.756670836,0.142569608,0.029040879,1.215688831
12,117,211318720,67,0.809045384,0.142569608,0.029040879,1.334529267
13,117,211318720,67,0.823874673,0.142569608,0.029040879,1.369616230
2,117,211318720,67,0.832073278,0.142569608,0.029040879,1.384049813
28,117,211318720,67,0.919655903,0.142569608,0.029040879,1.479909538
9,117,211318720,67,0.941278721,0.142569608,0.029040879,1.508303252
16,117,211318720,67,1.055621497,0.142569608,0.029040879,1.651079707
17,117,211318720,67,1.076130101,0.142569608,0.029040879,1.672913214
24,117,211318720,67,1.163510533,0.142569608,0.029040879,1.717409318
22,117,211318720,67,1.289231248,0.142569608,0.029040879,1.804789754
7,117,211318720,67,0.401427962,0.142569608,0.029040879,2.775661145
27,117,211318720,67,1.374381413,0.142569608,0.029040879,1.838633991
14,117,211318720,67,0.469331802,0.142569608,0.029040879,2.796632369
1,117,211318720,67,1.657194393,0.142569608,0.029040879,1.853520587
23,117,211318720,67,2.387739789,0.142569608,0.029040879,1.780934731
20,117,211318720,67,2.500940347,0.142569608,0.029040879,1.922767359
5,117,211318720,67,2.502933016,0.142569608,0.029040879,1.924880272
19,117,211318720,67,2.610934393,0.142569608,0.029040879,1.966268720
10,117,211318720,67,2.851214341,0.142569608,0.029040879,1.996577346
18,117,211318720,67,3.341109767,0.142569608,0.029040879,1.859232946
13,118,211318720,67,0.205499149,0.142569608,0.112731978,0.221047790
16,118,211318720,67,0.218636321,0.142569608,0.112731978,0.275496176
24,118,211318720,67,0.291309717,0.142569608,0.112731978,0.589369987
7,118,211318720,67,0.294632521,0.142569608,0.112731978,0.601806903
10,118,211318720,67,0.340022068,0.142569608,0.112731978,0.741244137
11,118,211318720,67,0.345303952,0.142569608,0.112731978,0.753659733
19,118,211318720,67,0.346780912,0.142569608,0.112731978,0.756338008
27,118,211318720,67,0.352250991,0.142569608,0.112731978,0.762204296
5,118,211318720,67,0.367044128,0.142569608,0.112731978,0.767374924
25,118,211318720,67,0.522957550,0.142569608,0.112731978,0.820352749
26,118,211318720,67,0.714799086,0.142569608,0.112731978,1.028887967
28,118,211318720,67,0.747118578,0.142569608,0.112731978,1.085901058
17,118,211318720,67,0.752566429,0.142569608,0.112731978,1.091684981
8,118,211318720,67,0.823874673,0.142569608,0.112731978,1.133879713
9,118,211318720,67,0.945577756,0.142569608,0.112731978,1.288824565
12,118,211318720,67,0.969201848,0.142569608,0.112731978,1.314082473
14,118,211318720,67,1.044856486,0.142569608,0.112731978,1.344201300
4,118,211318720,67,1.241069629,0.142569608,0.112731978,1.385085732
20,118,211318720,67,1.904038728,0.142569608,0.112731978,1.350623080
22,118,211318720,67,1.973971545,0.142569608,0.112731978,1.424068929
6,118,211318720,67,2.036967590,0.142569608,0.112731978,1.449209173
3,118,211318720,67,2.242581386,0.142569608,0.112731978,1.487242948
1,118,211318720,67,2.452082856,0.142569608,0.112731978,1.594883915
2,118,211318720,67,2.487518451,0.142569608,0.112731978,1.621278989
15,118,211318720,67,2.610934393,0.142569608,0.112731978,1.734233379
29,118,211318720,67,2.656838111,0.142569608,0.112731978,1.752159992
21,118,211318720,67,2.851214341,0.142569608,0.112731978,1.795038996
23,118,211318720,67,3.042432322,0.142569608,0.112731978,1.835311383
18,118,211318720,67,3.341109767,0.142569608,0.112731978,1.848066707
30,118,211318720,67,3.411740796,0.142569608,0.112731978,1.828203241
4,119,211318720,67,0.272776191,0.142569608,0.218017355,0.391583667
14,119,211318720,67,0.325376681,0.142569608,0.218017355,0.718326782
13,119,211318720,67,0.328114621,0.142569608,0.218017355,0.734944932
29,119,211318720,67,0.331927073,0.142569608,0.218017355,0.756815257
8,119,211318720,67,0.338645076,0.142569608,0.218017355,0.790912988
30,119,211318720,67,0.344720398,0.142569608,0.218017355,0.817870970
5,119,211318720,67,0.366496772,0.142569608,0.218017355,0.899544372
10,119,211318720,67,0.384120181,0.142569608,0.218017355,0.965179106
15,119,211318720,67,0.406369678,0.142569608,0.218017355,1.032565584
21,119,211318720,67,0.411648825,0.142569608,0.218017355,1.048203277
2,119,211318720,67,0.430501742,0.142569608,0.218017355,1.092319576
20,119,211318720,67,0.469100688,0.142569608,0.218017355,1.180434235
26,119,211318720,67,0.507433692,0.142569608,0.218017355,1.245812048
18,119,211318720,67,0.549024150,0.142569608,0.218017355,1.344497831
7,119,211318720,67,0.578321737,0.142569608,0.218017355,1.433585854
1,119,211318720,67,0.656366503,0.142569608,0.218017355,1.660832828
9,119,211318720,67,0.668942036,0.142569608,0.218017355,1.691119517
23,119,211318720,67,0.670439746,0.142569608,0.218017355,1.693809910
16,119,211318720,67,0.689012139,0.142569608,0.218017355,1.720884229
22,119,211318720,67,0.737725058,0.142569608,0.218017355,1.804727999
12,119,211318720,67,0.819719265,0.142569608,0.218017355,1.891316728
25,119,211318720,67,0.832073278,0.142569608,0.218017355,1.896140155
27,119,211318720,67,1.021439625,0.142569608,0.218017355,1.937379082
24,119,211318720,67,1.165294969,0.142569608,0.218017355,1.991631489
3,119,211318720,67,1.423528796,0.142569608,0.218017355,2.015742865
11,119,211318720,67,1.591305991,0.142569608,0.218017355,2.062674810
28,119,211318720,67,1.854731332,0.142569608,0.218017355,2.083659866
6,119,211318720,67,2.036967590,0.142569608,0.218017355,2.128045633
17,119,211318720,67,2.487518451,0.142569608,0.218017355,2.096561114
19,119,211318720,67,2.610934393,0.142569608,0.218017355,2.061389936
6,120,211318720,67,0.301447636,0.142569608,0.038966574,0.461128309
20,120,211318720,67,0.331927073,0.142569608,0.038966574,0.648361712
22,120,211318720,67,0.347471629,0.142569608,0.038966574,0.747808464
3,120,211318720,67,0.352250991,0.142569608,0.038966574,0.775104852
26,120,211318720,67,0.357826991,0.142569608,0.038966574,0.803349886
27,120,211318720,67,0.367044128,0.142569608,0.038966574,0.843874896
4,120,211318720,67,0.387058100,0.142569608,0.038966574,0.918474144
25,120,211318720,67,0.406841767,0.142569608,0.038966574,0.978222891
16,120,211318720,67,0.416831058,0.142569608,0.038966574,1.002139124
18,120,211318720,67,0.420513033,0.142569608,0.038966574,1.008746043
5,120,211318720,67,0.459361129,0.142569608,0.038966574,1.049300344
30,120,211318720,67,0.670439746,0.142569608,0.038966574,1.251152590
7,120,211318720,67,0.695802929,0.142569608,0.038966574,1.301314450
11,120,211318720,67,0.698254705,0.142569608,0.038966574,1.306131882
13,120,211318720,67,0.828887397,0.142569608,0.038966574,1.622049861
17,120,211318720,67,0.839853738,0.142569608,0.038966574,1.648426480
15,120,211318720,67,0.846862281,0.142569608,0.038966574,1.660005382
24,120,211318720,67,0.940637450,0.142569608,0.038966574,1.839631410
23,120,211318720,67,0.969201848,0.142569608,0.038966574,1.894630934
28,120,211318720,67,0.999831002,0.142569608,0.038966574,1.946974645
1,120,211318720,67,1.044856486,0.142569608,0.038966574,1.997505852
9,120,211318720,67,1.102987746,0.142569608,0.038966574,2.118384362
2,120,211318720,67,1.183831296,0.142569608,0.038966574,2.344424321
29,120,211318720,67,1.205812777,0.142569608,0.038966574,2.396759002
19,120,211318720,67,1.205968091,0.142569608,0.038966574,2.397034959
21,120,211318720,67,1.235957661,0.142569608,0.038966574,2.428472424
12,120,211318720,67,1.275961791,0.142569608,0.038966574,2.443822271
10,120,211318720,67,1.278350893,0.142569608,0.038966574,2.443147637
14,120,211318720,67,0.471067229,0.142569608,0.038966574,3.264742733
8,120,211318720,67,0.809045384,0.142569608,0.038966574,2.970422530
3,121,211318720,67,0.272776191,0.142569608,0.016525112,0.428795403
30,121,211318720,67,0.291309717,0.142569608,0.016525112,0.522117537
28,121,211318720,67,0.325376681,0.142569608,0.016525112,0.700836132
14,121,211318720,67,0.340840754,0.142569608,0.016525112,0.779277706
23,121,211318720,67,0.352250991,0.142569608,0.016525112,0.829536046
13,121,211318720,67,0.366496772,0.142569608,0.016525112,0.882621384
29,121,211318720,67,0.384120181,0.142569608,0.016525112,0.935308026
22,121,211318720,67,0.406841767,0.142569608,0.016525112,0.989651420
9,121,211318720,67,0.420281467,0.142569608,0.016525112,1.013260884
24,121,211318720,67,0.430501742,0.142569608,0.016525112,1.023940314
1,121,211318720,67,0.217175369,0.142569608,0.016525112,1.283440117
19,121,211318720,67,0.747118578,0.142569608,0.016525112,1.460380583
17,121,211318720,67,0.764463287,0.142569608,0.016525112,1.535783804
21,121,211318720,67,0.781082769,0.142569608,0.016525112,1.597458148
18,121,211318720,67,0.799520819,0.142569608,0.016525112,1.654558519
6,121,211318720,67,0.802276566,0.142569608,0.016525112,1.662696110
7,121,211318720,67,0.809045384,0.142569608,0.016525112,1.679073042
25,121,211318720,67,0.832073278,0.142569608,0.016525112,1.726657129
5,121,211318720,67,0.940637450,0.142569608,0.016525112,1.840648836
8,121,211318720,67,0.952025692,0.142569608,0.016525112,1.844878201
16,121,211318720,67,1.104358980,0.142569608,0.016525112,1.896296413
15,121,211318720,67,1.450159241,0.142569608,0.016525112,1.896942605
11,121,211318720,67,0.459292393,0.142569608,0.016525112,2.958241167
20,121,211318720,67,1.973971545,0.142569608,0.016525112,1.846876939
26,121,211318720,67,2.122991969,0.142569608,0.016525112,1.917845649
4,121,211318720,67,2.241835908,0.142569608,0.016525112,2.015868472
27,121,211318720,67,2.452082856,0.142569608,0.016525112,2.094097964
10,121,211318720,67,0.822082714,0.142569608,0.016525112,3.798977450
2,121,211318720,67,2.656838111,0.142569608,0.016525112,2.036610150
12,121,211318720,67,2.303361475,0.142569608,0.016525112,2.475105890
1,122,211318720,67,0.274486776,0.142569608,0.042078696,0.511593472
2,122,211318720,67,0.294632521,0.142569608,0.042078696,0.613284438
25,122,211318720,67,0.301447636,0.142569608,0.042078696,0.643069755
26,122,211318720,67,0.309103827,0.142569608,0.042078696,0.671646166
28,122,211318720,67,0.325376681,0.142569608,0.042078696,0.720828065
14,122,211318720,67,0.338645076,0.142569608,0.042078696,0.752332136
27,122,211318720,67,0.340840754,0.142569608,0.042078696,0.756163618
4,122,211318720,67,0.345303952,0.142569608,0.042078696,0.761029019
3,122,211318720,67,0.522957550,0.142569608,0.042078696,0.856894060
30,122,211318720,67,0.635595755,0.142569608,0.042078696,1.047025984
23,122,211318720,67,0.687056158,0.142569608,0.042078696,1.188070877
29,122,211318720,67,0.714799086,0.142569608,0.042078696,1.273190652
24,122,211318720,67,0.737146514,0.142569608,0.042078696,1.335586102
5,122,211318720,67,0.752566429,0.142569608,0.042078696,1.373087786
9,122,211318720,67,0.809045384,0.142569608,0.042078696,1.479187706
13,122,211318720,67,0.822148367,0.142569608,0.042078696,1.502104031
17,122,211318720,67,0.867005483,0.142569608,0.042078696,1.570824570
15,122,211318720,67,0.940637450,0.142569608,0.042078696,1.716885773
20,122,211318720,67,0.986327720,0.142569608,0.042078696,1.794845207
11,122,211318720,67,0.999831002,0.142569608,0.042078696,1.809271161
18,122,211318720,67,1.055621497,0.142569608,0.042078696,1.830303470
19,122,211318720,67,0.391378383,0.142569608,0.042078696,2.649153945
22,122,211318720,67,1.284436966,0.142569608,0.042078696,1.861591973
6,122,211318720,67,1.450159241,0.142569608,0.042078696,1.956010114
16,122,211318720,67,1.522868244,0.142569608,0.042078696,1.987719717
21,122,211318720,67,1.657194393,0.142569608,0.042078696,2.091374374
12,122,211318720,67,1.720860573,0.142569608,0.042078696,2.115396688
10,122,211318720,67,2.487518451,0.142569608,0.042078696,1.997242550
7,122,211318720,67,2.759003758,0.142569608,0.042078696,2.014385146
8,122,211318720,67,3.042432322,0.142569608,0.042078696,1.932242654
19,123,211318720,67,0.281178980,0.142569608,0.006503677,0.342455318
3,123,211318720,67,0.294632521,0.142569608,0.006503677,0.401178751
21,123,211318720,67,0.331808595,0.142569608,0.006503677,0.539316368
9,123,211318720,67,0.352250991,0.142569608,0.006503677,0.602051279
28,123,211318720,67,0.366496772,0.142569608,0.006503677,0.637339730
27,123,211318720,67,0.384275535,0.142569608,0.006503677,0.679799880
30,123,211318720,67,0.387058100,0.142569608,0.006503677,0.684647494
5,123,211318720,67,0.416831058,0.142569608,0.006503677,0.715883264
8,123,211318720,67,0.689012139,0.142569608,0.006503677,0.888930732
25,123,211318720,67,0.757188691,0.142569608,0.006503677,1.006917993
15,123,211318720,67,0.769230066,0.142569608,0.006503677,1.020087437
10,123,211318720,67,0.828887397,0.142569608,0.006503677,1.063458687
14,123,211318720,67,0.941278721,0.142569608,0.006503677,1.264652278
18,123,211318720,67,0.986327720,0.142569608,0.006503677,1.341681457
23,123,211318720,67,0.998676963,0.142569608,0.006503677,1.355067089
17,123,211318720,67,1.024237500,0.142569608,0.006503677,1.364669315
12,123,211318720,67,1.241069629,0.142569608,0.006503677,1.605799459
26,123,211318720,67,1.278350893,0.142569608,0.006503677,1.695499434
4,123,211318720,67,1.284436966,0.142569608,0.006503677,1.706138354
22,123,211318720,67,1.289231248,0.142569608,0.006503677,1.710886818
24,123,211318720,67,0.507433692,0.142569608,0.006503677,2.497879267
7,123,211318720,67,1.374381413,0.142569608,0.006503677,1.741602951
29,123,211318720,67,1.522868244,0.142569608,0.006503677,1.795499172
20,123,211318720,67,2.036967590,0.142569608,0.006503677,1.854581208
13,123,211318720,67,2.070019088,0.142569608,0.006503677,1.889578004
6,123,211318720,67,2.280323170,0.142569608,0.006503677,2.062412959
1,123,211318720,67,2.303361475,0.142569608,0.006503677,2.086002105
16,123,211318720,67,2.387739789,0.142569608,0.006503677,2.119329200
2,123,211318720,67,2.580293565,0.142569608,0.006503677,2.064352883
11,123,211318720,67,2.122991969,0.142569608,0.006503677,2.644396776
15,124,211318720,67,0.262618358,0.142569608,0.017860120,0.352034232
19,124,211318720,67,0.299654210,0.142569608,0.017860120,0.558914103
22,124,211318720,67,0.301447636,0.142569608,0.017860120,0.567868942
2,124,211318720,67,0.328114621,0.142569608,0.017860120,0.684173150
1,124,211318720,67,0.333771051,0.142569608,0.017860120,0.705448581
13,124,211318720,67,0.340840754,0.142569608,0.017860120,0.726708438
12,124,211318720,67,0.384120181,0.142569608,0.017860120,0.829761746
16,124,211318720,67,0.402068091,0.142569608,0.017860120,0.860788697
29,124,211318720,67,0.406369678,0.142569608,0.017860120,0.865263112
23,124,211318720,67,0.411648825,0.142569608,0.017860120,0.867286438
27,124,211318720,67,0.635595755,0.142569608,0.017860120,1.007162177
11,124,211318720,67,0.687056158,0.142569608,0.017860120,1.095746298
7,124,211318720,67,0.737146514,0.142569608,0.017860120,1.174489375
24,124,211318720,67,0.839853738,0.142569608,0.017860120,1.229779123
9,124,211318720,67,0.969201848,0.142569608,0.017860120,1.348933198
4,124,211318720,67,1.009629524,0.142569608,0.017860120,1.365313486
17,124,211318720,67,1.163510533,0.142569608,0.017860120,1.513084834
21,124,211318720,67,1.278350893,0.142569608,0.017860120,1.650517206
20,124,211318720,67,1.349170437,0.142569608,0.017860120,1.761455199
30,124,211318720,67,1.374381413,0.142569608,0.017860120,1.793337891
6,124,211318720,67,1.436765414,0.142569608,0.017860120,1.859895802
28,124,211318720,67,1.509114459,0.142569608,0.017860120,1.887806527
5,124,211318720,67,1.720860573,0.142569608,0.017860120,1.923168064
10,124,211318720,67,0.747118578,0.142569608,0.017860120,3.081358571
8,124,211318720,67,2.194425436,0.142569608,0.017860120,1.883883161
26,124,211318720,67,2.500940347,0.142569608,0.017860120,1.912601359
3,124,211318720,67,2.656838111,0.142569608,0.017860120,2.036623952
25,124,211318720,67,1.185253134,0.142569608,0.017860120,3.591345859
14,124,211318720,67,2.851214341,0.142569608,0.017860120,1.981933743
18,124,211318720,67,2.610934393,0.142569608,0.017860120,2.313673307
2,125,211318720,67,0.217175369,0.142569608,0.000026852,0.245030829
11,125,211318720,67,0.272776191,0.142569608,0.000026852,0.467159903
1,125,211318720,67,0.281178980,0.142569608,0.000026852,0.499851362
21,125,211318720,67,0.291309717,0.142569608,0.000026852,0.537649088
9,125,211318720,67,0.333771051,0.142569608,0.000026852,0.670338024
10,125,211318720,67,0.338645076,0.142569608,0.000026852,0.685473838
12,125,211318720,67,0.357826991,0.142569608,0.000026852,0.733947126
14,125,211318720,67,0.391378383,0.142569608,0.000026852,0.814583979
28,125,211318720,67,0.420773321,0.142569608,0.000026852,0.866359965
3,125,211318720,67,0.471067229,0.142569608,0.000026852,0.918727465
24,125,211318720,67,0.496683722,0.142569608,0.000026852,0.928684415
19,125,211318720,67,0.670439746,0.142569608,0.000026852,1.271366192
4,125,211318720,67,0.687056158,0.142569608,0.000026852,1.337868036
30,125,211318720,67,0.698254705,0.142569608,0.000026852,1.390822127
5,125,211318720,67,0.756670836,0.142569608,0.000026852,1.619367710
26,125,211318720,67,0.764463287,0.142569608,0.000026852,1.643138138
20,125,211318720,67,0.815600578,0.142569608,0.000026852,1.764215404
25,125,211318720,67,0.819719265,0.142569608,0.000026852,1.771339777
29,125,211318720,67,0.832073278,0.142569608,0.000026852,1.787722512
22,125,211318720,67,0.832820764,0.142569608,0.000026852,1.788586767
15,125,211318720,67,0.969201848,0.142569608,0.000026852,1.922885015
8,125,211318720,67,0.990430268,0.142569608,0.000026852,1.930337379
13,125,211318720,67,1.278350893,0.142569608,0.000026852,2.078430361
16,125,211318720,67,1.289231248,0.142569608,0.000026852,2.089604114
17,125,211318720,67,1.349170437,0.142569608,0.000026852,2.149696971
18,125,211318720,67,1.436765414,0.142569608,0.000026852,2.221308276
27,125,211318720,67,1.522868244,0.142569608,0.000026852,2.259829122
7,125,211318720,67,1.657194393,0.142569608,0.000026852,2.312683889
6,125,211318720,67,0.714799086,0.142569608,0.000026852,3.658727010
23,125,211318720,67,2.759003758,0.142569608,0.000026852,2.104822040
16,126,211318720,67,0.262618358,0.142569608,0.070158727,0.310121315
14,126,211318720,67,0.291309717,0.142569608,0.070158727,0.431121827
5,126,211318720,67,0.331927073,0.142569608,0.070158727,0.581096091
9,126,211318720,67,0.340840754,0.142569608,0.070158727,0.607961359
2,126,211318720,67,0.346780912,0.142569608,0.070158727,0.622398463
1,126,211318720,67,0.347471629,0.142569608,0.070158727,0.623590765
24,126,211318720,67,0.393703093,0.142569608,0.070158727,0.736473288
13,126,211318720,67,0.491628020,0.142569608,0.070158727,0.954743098
3,126,211318720,67,0.497832446,0.142569608,0.070158727,0.964957287
19,126,211318720,67,0.522957550,0.142569608,0.070158727,0.996947124
29,126,211318720,67,0.578321737,0.142569608,0.070158727,1.075875981
4,126,211318720,67,0.656366503,0.142569608,0.070158727,1.199628916
6,126,211318720,67,0.756670836,0.142569608,0.070158727,1.493652829
30,126,211318720,67,0.781082769,0.142569608,0.070158727,1.557815417
22,126,211318720,67,0.806589981,0.142569608,0.070158727,1.635427414
27,126,211318720,67,0.809045384,0.142569608,0.070158727,1.641367192
23,126,211318720,67,0.832073278,0.142569608,0.070158727,1.681167145
21,126,211318720,67,0.917862357,0.142569608,0.070158727,1.773063475
11,126,211318720,67,0.919655903,0.142569608,0.070158727,1.773787966
17,126,211318720,67,1.183831296,0.142569608,0.070158727,1.890812690
25,126,211318720,67,1.185253134,0.142569608,0.070158727,1.891280405
10,126,211318720,67,0.411648825,0.142569608,0.070158727,2.741826163
7,126,211318720,67,1.349170437,0.142569608,0.070158727,1.991983493
15,126,211318720,67,1.414402113,0.142569608,0.070158727,2.016857978
8,126,211318720,67,1.973971545,0.142569608,0.070158727,2.008858250
12,126,211318720,67,0.689012139,0.142569608,0.070158727,3.371777958
18,126,211318720,67,2.036967590,0.142569608,0.070158727,2.059236229
26,126,211318720,67,2.141684867,0.142569608,0.070158727,2.099757450
20,126,211318720,67,3.341109767,0.142569608,0.070158727,1.855462851
28,126,211318720,67,3.411740796,0.142569608,0.070158727,1.835415656
14,127,211318720,67,0.217175369,0.142569608,0.032565948,0.149213711
13,127,211318720,67,0.274486776,0.142569608,0.032565948,0.366942423
5,127,211318720,67,0.338645076,0.142569608,0.032565948,0.694640237
11,127,211318720,67,0.345303952,0.142569608,0.032565948,0.728271733
15,127,211318720,67,0.347471629,0.142569608,0.032565948,0.738023258
24,127,211318720,67,0.349695505,0.142569608,0.032565948,0.746230986
18,127,211318720,67,0.384120181,0.142569608,0.032565948,0.855964891
6,127,211318720,67,0.393703093,0.142569608,0.032565948,0.885570876
2,127,211318720,67,0.407748930,0.142569608,0.032565948,0.918687815
25,127,211318720,67,0.420773321,0.142569608,0.032565948,0.940720425
20,127,211318720,67,0.471067229,0.142569608,0.032565948,1.017204551
8,127,211318720,67,0.519929897,0.142569608,0.032565948,1.069032578
10,127,211318720,67,0.578321737,0.142569608,0.032565948,1.106543763
17,127,211318720,67,0.698254705,0.142569608,0.032565948,1.292915476
9,127,211318720,67,0.737146514,0.142569608,0.032565948,1.384972436
19,127,211318720,67,0.769230066,0.142569608,0.032565948,1.438832805
26,127,211318720,67,0.815600578,0.142569608,0.032565948,1.490381501
30,127,211318720,67,0.828887397,0.142569608,0.032565948,1.503810457
16,127,211318720,67,0.952025692,0.142569608,0.032565948,1.549766261
23,127,211318720,67,1.102987746,0.142569608,0.032565948,1.602243124
3,127,211318720,67,1.275961791,0.142569608,0.032565948,1.830660843
28,127,211318720,67,1.278350893,0.142569608,0.032565948,1.833147157
7,127,211318720,67,1.284436966,0.142569608,0.032565948,1.835501189
1,127,211318720,67,1.450159241,0.142569608,0.032565948,1.937624789
27,127,211318720,67,1.509114459,0.142569608,0.032565948,1.960145864
21,127,211318720,67,1.973971545,0.142569608,0.032565948,1.976682696
22,127,211318720,67,2.036967590,0.142569608,0.032565948,2.000913854
12,127,211318720,67,2.575342822,0.142569608,0.032565948,2.018006706
29,127,211318720,67,2.610934393,0.142569608,0.032565948,2.031696992
4,127,211318720,67,2.759003758,0.142569608,0.032565948,1.990224693
3,128,211318720,67,0.299654210,0.142569608,0.034325268,0.438027127
1,128,211318720,67,0.331808595,0.142569608,0.034325268,0.643089032
5,128,211318720,67,0.340840754,0.142569608,0.034325268,0.694155819
19,128,211318720,67,0.384275535,0.142569608,0.034325268,0.884195393
24,128,211318720,67,0.401427962,0.142569608,0.034325268,0.948067377
8,128,211318720,67,0.406369678,0.142569608,0.034325268,0.962788037
25,128,211318720,67,0.406841767,0.142569608,0.034325268,0.963814870
23,128,211318720,67,0.407748930,0.142569608,0.034325268,0.965386765
27,128,211318720,67,0.411648825,0.142569608,0.034325268,0.969317855
15,128,211318720,67,0.416831058,0.142569608,0.034325268,0.971356065
14,128,211318720,67,0.635595755,0.142569608,0.034325268,1.133191585
12,128,211318720,67,0.695802929,0.142569608,0.034325268,1.355651771
26,128,211318720,67,0.698254705,0.142569608,0.034325268,1.366301423
29,128,211318720,67,0.752566429,0.142569608,0.034325268,1.568236522
2,128,211318720,67,0.769230066,0.142569608,0.034325268,1.618345241
28,128,211318720,67,0.790535894,0.142569608,0.034325268,1.669192188
6,128,211318720,67,0.806589981,0.142569608,0.034325268,1.696981237
17,128,211318720,67,0.815600578,0.142569608,0.034325268,1.706597513
7,128,211318720,67,0.821650137,0.142569608,0.034325268,1.708867010
20,128,211318720,67,0.990430268,0.142569608,0.034325268,1.860768826
22,128,211318720,67,1.044856486,0.142569608,0.034325268,1.936073787
10,128,211318720,67,0.340022068,0.142569608,0.034325268,2.669258251
21,128,211318720,67,1.065657761,0.142569608,0.034325268,1.973367656
9,128,211318720,67,1.185253134,0.142569608,0.034325268,2.165740149
30,128,211318720,67,1.205968091,0.142569608,0.034325268,2.173930292
11,128,211318720,67,1.522868244,0.142569608,0.034325268,2.179229625
13,128,211318720,67,2.303361475,0.142569608,0.034325268,2.059717084
16,128,211318720,67,2.500940347,0.142569608,0.034325268,2.098793301
18,128,211318720,67,2.580293565,0.142569608,0.034325268,2.076145974
4,128,211318720,67,1.163510533,0.142569608,0.034325268,3.531559179
6,129,211318720,67,0.218636321,0.142569608,0.000426900,0.067509984
22,129,211318720,67,0.340022068,0.142569608,0.000426900,0.417754390
5,129,211318720,67,0.384120181,0.142569608,0.000426900,0.647672056
25,129,211318720,67,0.391378383,0.142569608,0.000426900,0.684509837
12,129,211318720,67,0.405338182,0.142569608,0.000426900,0.745596605
9,129,211318720,67,0.406369678,0.142569608,0.000426900,0.749438253
8,129,211318720,67,0.420281467,0.142569608,0.000426900,0.792347924
15,129,211318720,67,0.459361129,0.142569608,0.000426900,0.884200458
13,129,211318720,67,0.469100688,0.142569608,0.000426900,0.899961314
10,129,211318720,67,0.471067229,0.142569608,0.000426900,0.901891540
28,129,211318720,67,0.515830983,0.142569608,0.000426900,0.920193427
29,129,211318720,67,0.687056158,0.142569608,0.000426900,1.204509549
3,129,211318720,67,0.695802929,0.142569608,0.000426900,1.225367765
11,129,211318720,67,0.698254705,0.142569608,0.000426900,1.229501791
18,129,211318720,67,0.752566429,0.142569608,0.000426900,1.319633446
1,129,211318720,67,0.815600578,0.142569608,0.000426900,1.385493411
27,129,211318720,67,0.846862281,0.142569608,0.000426900,1.414776294
16,129,211318720,67,0.969201848,0.142569608,0.000426900,1.579807640
24,129,211318720,67,0.984046731,0.142569608,0.000426900,1.595482673
4,129,211318720,67,1.055621497,0.142569608,0.000426900,1.622941558
23,129,211318720,67,1.349170437,0.142569608,0.000426900,1.880077890
30,129,211318720,67,1.374381413,0.142569608,0.000426900,1.923184197
17,129,211318720,67,1.423528796,0.142569608,0.000426900,1.975000356
19,129,211318720,67,1.450159241,0.142569608,0.000426900,1.986046045
2,129,211318720,67,1.934453384,0.142569608,0.000426900,1.945742651
14,129,211318720,67,2.241835908,0.142569608,0.000426900,2.025461824
20,129,211318720,67,2.280323170,0.142569608,0.000426900,2.040694050
26,129,211318720,67,2.487518451,0.142569608,0.000426900,2.077110211
21,129,211318720,67,2.500940347,0.142569608,0.000426900,2.073282603
7,129,211318720,67,1.241069629,0.142569608,0.000426900,3.357840524
11,130,211318720,67,0.262618358,0.142569608,0.045618825,0.282470963
23,130,211318720,67,0.301447636,0.142569608,0.045618825,0.471074729
30,130,211318720,67,0.338645076,0.142569608,0.045618825,0.677806644
2,130,211318720,67,0.349695505,0.142569608,0.045618825,0.733837976
5,130,211318720,67,0.352250991,0.142569608,0.045618825,0.745032838
4,130,211318720,67,0.357859759,0.142569608,0.045618825,0.765762057
12,130,211318720,67,0.391378383,0.142569608,0.045618825,0.868230414
10,130,211318720,67,0.407748930,0.142569608,0.045618825,0.907038912
15,130,211318720,67,0.420773321,0.142569608,0.045618825,0.929740627
9,130,211318720,67,0.434572014,0.142569608,0.045618825,0.944461837
24,130,211318720,67,0.452040546,0.142569608,0.045618825,0.951539447
20,130,211318720,67,0.752566429,0.142569608,0.045618825,1.180815618
1,130,211318720,67,0.799520819,0.142569608,0.045618825,1.292681196
19,130,211318720,67,0.809045384,0.142569608,0.045618825,1.313365340
7,130,211318720,67,0.821650137,0.142569608,0.045618825,1.335357723
3,130,211318720,67,0.823874673,0.142569608,0.045618825,1.337836749
29,130,211318720,67,0.945577756,0.142569608,0.045618825,1.682755045
25,130,211318720,67,0.990430268,0.142569608,0.045618825,1.849117424
6,130,211318720,67,0.998676963,0.142569608,0.045618825,1.874501807
17,130,211318720,67,0.999831002,0.142569608,0.045618825,1.877306739
13,130,211318720,67,1.007648939,0.142569608,0.045618825,1.890646211
16,130,211318720,67,1.009629524,0.142569608,0.045618825,1.892797792
21,130,211318720,67,1.077776804,0.142569608,0.045618825,1.943464559
27,130,211318720,67,1.183831296,0.142569608,0.045618825,1.985022987
14,130,211318720,67,1.414402113,0.142569608,0.045618825,2.208866613
26,130,211318720,67,1.423528796,0.142569608,0.045618825,2.225146859
22,130,211318720,67,1.450159241,0.142569608,0.045618825,2.252917933
28,130,211318720,67,1.509114459,0.142569608,0.045618825,2.276600437
18,130,211318720,67,1.904038728,0.142569608,0.045618825,2.259945921
8,130,211318720,67,2.580293565,0.142569608,0.045618825,2.073540753
19,131,211318720,67,0.218636321,0.142569608,0.138529226,0.154832650
10,131,211318720,67,0.281178980,0.142569608,0.138529226,0.359445648
5,131,211318720,67,0.328114621,0.142569608,0.138529226,0.577819195
14,131,211318720,67,0.338645076,0.142569608,0.138529226,0.623931821
1,131,211318720,67,0.346780912,0.142569608,0.138529226,0.654132520
2,131,211318720,67,0.397487178,0.142569608,0.138529226,0.809795382
17,131,211318720,67,0.402068091,0.142569608,0.138529226,0.820588799
21,131,211318720,67,0.406314018,0.142569608,0.138529226,0.827906749
23,131,211318720,67,0.406841767,0.142569608,0.138529226,0.828409727
26,131,211318720,67,0.452040546,0.142569608,0.138529226,0.845536539
8,131,211318720,67,0.746840162,0.142569608,0.138529226,1.071797897
24,131,211318720,67,0.757188691,0.142569608,0.138529226,1.103521610
12,131,211318720,67,0.828887397,0.142569608,0.138529226,1.310472376
22,131,211318720,67,0.832073278,0.142569608,0.138529226,1.318085039
20,131,211318720,67,0.839853738,0.142569608,0.138529226,1.331199008
18,131,211318720,67,0.867005483,0.142569608,0.138529226,1.361263537
27,131,211318720,67,0.917862357,0.142569608,0.138529226,1.476324073
30,131,211318720,67,1.007648939,0.142569608,0.138529226,1.753551796
13,131,211318720,67,1.009629524,0.142569608,0.138529226,1.759414698
9,131,211318720,67,1.024237500,0.142569608,0.138529226,1.794172371
11,131,211318720,67,1.055621497,0.142569608,0.138529226,1.847890447
16,131,211318720,67,1.101347065,0.142569608,0.138529226,1.901747941
15,131,211318720,67,1.102987746,0.142569608,0.138529226,1.903606359
29,131,211318720,67,1.235957661,0.142569608,0.138529226,2.084399645
4,131,211318720,67,1.278350893,0.142569608,0.138529226,2.129603915
7,131,211318720,67,1.289231248,0.142569608,0.138529226,2.139365558
28,131,211318720,67,1.423528796,0.142569608,0.138529226,2.191660943
6,131,211318720,67,2.387739789,0.142569608,0.138529226,2.020309257
25,131,211318720,67,2.851214341,0.142569608,0.138529226,1.988843275
3,131,211318720,67,3.042432322,0.142569608,0.138529226,1.935565954
25,132,211318720,67,0.262618358,0.142569608,0.002014421,0.347928917
19,132,211318720,67,0.291309717,0.142569608,0.002014421,0.542996434
5,132,211318720,67,0.299654210,0.142569608,0.002014421,0.596297099
12,132,211318720,67,0.328114621,0.142569608,0.002014421,0.771475806
13,132,211318720,67,0.345303952,0.142569608,0.002014421,0.870188350
6,132,211318720,67,0.357826991,0.142569608,0.002014421,0.941057572
3,132,211318720,67,0.384120181,0.142569608,0.002014421,1.091572627
2,132,211318720,67,0.391378383,0.142569608,0.002014421,1.128552584
23,132,211318720,67,0.402068091,0.142569608,0.002014421,1.175687227
28,132,211318720,67,0.406314018,0.142569608,0.002014421,1.191289713
29,132,211318720,67,0.406841767,0.142569608,0.002014421,1.192930586
11,132,211318720,67,0.411648825,0.142569608,0.002014421,1.204595913
7,132,211318720,67,0.452040546,0.142569608,0.002014421,1.274045507
9,132,211318720,67,0.491628020,0.142569608,0.002014421,1.315244429
10,132,211318720,67,0.497832446,0.142569608,0.002014421,1.317326597
1,132,211318720,67,0.670439746,0.142569608,0.002014421,1.552383608
18,132,211318720,67,0.737146514,0.142569608,0.002014421,1.880962732
17,132,211318720,67,0.737725058,0.142569608,0.002014421,1.883521919
24,132,211318720,67,0.752566429,0.142569608,0.002014421,1.938742866
26,132,211318720,67,0.756670836,0.142569608,0.002014421,1.951236718
14,132,211318720,67,0.802276566,0.142569608,0.002014421,2.059925378
27,132,211318720,67,0.809045384,0.142569608,0.002014421,2.071435639
20,132,211318720,67,0.819719265,0.142569608,0.002014421,2.089165932
21,132,211318720,67,0.822082714,0.142569608,0.002014421,2.091611399
8,132,211318720,67,1.007648939,0.142569608,0.002014421,2.222187988
30,132,211318720,67,1.275961791,0.142569608,0.002014421,2.239480829
4,132,211318720,67,1.436765414,0.142569608,0.002014421,2.290937251
15,132,211318720,67,2.070019088,0.142569608,0.002014421,2.210327524
22,132,211318720,67,2.580293565,0.142569608,0.002014421,2.068907761
16,132,211318720,67,0.952025692,0.142569608,0.002014421,3.726829087
17,133,211318720,67,0.328114621,0.142569608,0.051989511,0.446547639
27,133,211318720,67,0.331808595,0.142569608,0.051989511,0.465075905
15,133,211318720,67,0.367044128,0.142569608,0.051989511,0.614972224
2,133,211318720,67,0.384120181,0.142569608,0.051989511,0.677644838
12,133,211318720,67,0.384275535,0.142569608,0.051989511,0.678090341
11,133,211318720,67,0.434572014,0.142569608,0.051989511,0.797655524
25,133,211318720,67,0.459292393,0.142569608,0.051989511,0.856273059
5,133,211318720,67,0.459361129,0.142569608,0.051989511,0.856402040
20,133,211318720,67,0.507433692,0.142569608,0.051989511,0.906638231
10,133,211318720,67,0.578321737,0.142569608,0.051989511,0.933718529
23,133,211318720,67,0.737146514,0.142569608,0.051989511,1.228202229
3,133,211318720,67,0.737725058,0.142569608,0.051989511,1.229994995
19,133,211318720,67,0.809045384,0.142569608,0.051989511,1.423197415
18,133,211318720,67,0.815600578,0.142569608,0.051989511,1.439110741
28,133,211318720,67,0.822082714,0.142569608,0.051989511,1.450441441
8,133,211318720,67,0.846862281,0.142569608,0.051989511,1.478822604
6,133,211318720,67,0.917862357,0.142569608,0.051989511,1.553400501
24,133,211318720,67,0.986327720,0.142569608,0.051989511,1.648384280
29,133,211318720,67,0.357826991,0.142569608,0.051989511,2.277421670
30,133,211318720,67,1.076130101,0.142569608,0.051989511,1.803505097
1,133,211318720,67,1.102987746,0.142569608,0.051989511,1.832008051
16,133,211318720,67,1.104358980,0.142569608,0.051989511,1.832664251
21,133,211318720,67,1.275961791,0.142569608,0.051989511,1.970192903
7,133,211318720,67,1.414402113,0.142569608,0.051989511,2.133577890
26,133,211318720,67,1.450159241,0.142569608,0.051989511,2.170812913
14,133,211318720,67,1.509114459,0.142569608,0.051989511,2.193281362
4,133,211318720,67,1.657194393,0.142569608,0.051989511,2.246380409
9,133,211318720,67,2.070019088,0.142569608,0.051989511,2.225183238
13,133,211318720,67,2.242581386,0.142569608,0.051989511,2.177125835
22,133,211318720,67,1.284436966,0.142569608,0.051989511,3.296407435
12,134,211318720,67,0.205499149,0.142569608,0.100174956,0.052595910
24,134,211318720,67,0.347471629,0.142569608,0.100174956,0.355257168
23,134,211318720,67,0.387058100,0.142569608,0.100174956,0.476162160
25,134,211318720,67,0.405338182,0.142569608,0.100174956,0.519320821
15,134,211318720,67,0.406314018,0.142569608,0.100174956,0.521061457
22,134,211318720,67,0.420281467,0.142569608,0.100174956,0.535680830
18,134,211318720,67,0.459292393,0.142569608,0.100174956,0.551593623
9,134,211318720,67,0.687056158,0.142569608,0.100174956,0.942169510
30,134,211318720,67,0.689012139,0.142569608,0.100174956,0.950886833
21,134,211318720,67,0.714799086,0.142569608,0.100174956,1.047127395
5,134,211318720,67,0.737725058,0.142569608,0.100174956,1.116847965
3,134,211318720,67,0.757188691,0.142569608,0.100174956,1.163086462
20,134,211318720,67,0.769230066,0.142569608,0.100174956,1.183369498
16,134,211318720,67,0.781082769,0.142569608,0.100174956,1.195300876
27,134,211318720,67,0.822082714,0.142569608,0.100174956,1.224582841
11,134,211318720,67,0.945577756,0.142569608,0.100174956,1.346393658
14,134,211318720,67,0.999831002,0.142569608,0.100174956,1.403686436
7,134,211318720,67,1.065657761,0.142569608,0.100174956,1.458524430
17,134,211318720,67,1.188858293,0.142569608,0.100174956,1.674823711
13,134,211318720,67,1.241069629,0.142569608,0.100174956,1.729365049
1,134,211318720,67,1.289231248,0.142569608,0.100174956,1.748223111
2,134,211318720,67,1.591305991,0.142569608,0.100174956,1.810492572
28,134,211318720,67,1.657194393,0.142569608,0.100174956,1.836543273
19,134,211318720,67,1.973971545,0.142569608,0.100174956,1.928100686
26,134,211318720,67,2.036967590,0.142569608,0.100174956,2.018754492
8,134,211318720,67,2.070019088,0.142569608,0.100174956,2.054030861
10,134,211318720,67,2.141684867,0.142569608,0.100174956,2.080979409
29,134,211318720,67,2.502933016,0.142569608,0.100174956,2.075317115
4,134,211318720,67,2.851214341,0.142569608,0.100174956,1.976348828
6,134,211318720,67,1.183831296,0.142569608,0.100174956,3.645024908
23,135,211318720,67,0.218636321,0.142569608,0.028403198,0.140764997
24,135,211318720,67,0.309103827,0.142569608,0.028403198,0.514057891
6,135,211318720,67,0.333771051,0.142569608,0.028403198,0.627627931
7,135,211318720,67,0.346780912,0.142569608,0.028403198,0.675685460
1,135,211318720,67,0.357826991,0.142569608,0.028403198,0.711869116
28,135,211318720,67,0.366496772,0.142569608,0.028403198,0.739579870
14,135,211318720,67,0.391378383,0.142569608,0.028403198,0.816294368
22,135,211318720,67,0.452040546,0.142569608,0.028403198,0.972355424
8,135,211318720,67,0.459361129,0.142569608,0.028403198,0.990160196
11,135,211318720,67,0.496683722,0.142569608,0.028403198,1.053987801
20,135,211318720,67,0.507433692,0.142569608,0.028403198,1.065155004
17,135,211318720,67,0.578321737,0.142569608,0.028403198,1.125538942
27,135,211318720,67,0.694847525,0.142569608,0.028403198,1.439470189
2,135,211318720,67,0.698254705,0.142569608,0.028403198,1.452203103
5,135,211318720,67,0.737725058,0.142569608,0.028403198,1.573703577
3,135,211318720,67,0.764463287,0.142569608,0.028403198,1.637005693
9,135,211318720,67,0.781082769,0.142569608,0.028403198,1.669110569
10,135,211318720,67,0.806589981,0.142569608,0.028403198,1.713804832
30,135,211318720,67,0.809045384,0.142569608,0.028403198,1.716455142
19,135,211318720,67,0.917862357,0.142569608,0.028403198,1.811031540
25,135,211318720,67,0.325376681,0.142569608,0.028403198,2.508414737
15,135,211318720,67,0.984046731,0.142569608,0.028403198,1.881835778
26,135,211318720,67,1.055621497,0.142569608,0.028403198,1.924296830
21,135,211318720,67,1.185253134,0.142569608,0.028403198,2.106651067
16,135,211318720,67,1.188858293,0.142569608,0.028403198,2.113050159
13,135,211318720,67,1.772163784,0.142569608,0.028403198,2.183543476
12,135,211318720,67,2.487518451,0.142569608,0.028403198,2.076264339
18,135,211318720,67,3.042432322,0.142569608,0.028403198,1.924373759
29,135,211318720,67,1.278350893,0.142569608,0.028403198,3.712420475
4,135,211318720,67,1.304662576,0.142569608,0.028403198,3.689131494
29,136,211318720,67,0.262618358,0.142569608,0.070962362,0.408995187
1,136,211318720,67,0.299654210,0.142569608,0.070962362,0.609562447
7,136,211318720,67,0.301447636,0.142569608,0.070962362,0.618720180
2,136,211318720,67,0.325376681,0.142569608,0.070962362,0.733939478
28,136,211318720,67,0.331927073,0.142569608,0.070962362,0.766317567
22,136,211318720,67,0.332457627,0.142569608,0.070962362,0.768695326
10,136,211318720,67,0.347471629,0.142569608,0.070962362,0.823998145
26,136,211318720,67,0.366496772,0.142569608,0.070962362,0.898211989
3,136,211318720,67,0.405338182,0.142569608,0.070962362,1.042053841
5,136,211318720,67,0.420281467,0.142569608,0.070962362,1.087189796
27,136,211318720,67,0.452040546,0.142569608,0.070962362,1.163142213
4,136,211318720,67,0.469331802,0.142569608,0.070962362,1.192875945
6,136,211318720,67,0.496683722,0.142569608,0.070962362,1.221535624
23,136,211318720,67,0.497832446,0.142569608,0.070962362,1.221996837
20,136,211318720,67,0.687056158,0.142569608,0.070962362,1.288446798
8,136,211318720,67,0.790535894,0.142569608,0.070962362,1.336303562
13,136,211318720,67,0.919655903,0.142569608,0.070962362,1.457558036
19,136,211318720,67,1.007648939,0.142569608,0.070962362,1.671484088
21,136,211318720,67,1.009629524,0.142569608,0.070962362,1.676220352
25,136,211318720,67,1.101347065,0.142569608,0.070962362,1.887976082
11,136,211318720,67,1.102987746,0.142569608,0.070962362,1.890691447
12,136,211318720,67,1.165294969,0.142569608,0.070962362,1.974694574
9,136,211318720,67,1.205968091,0.142569608,0.070962362,2.044343908
18,136,211318720,67,1.284436966,0.142569608,0.070962362,2.136307978
24,136,211318720,67,1.414402113,0.142569608,0.070962362,2.289151521
14,136,211318720,67,1.423528796,0.142569608,0.070962362,2.292627172
30,136,211318720,67,2.141684867,0.142569608,0.070962362,2.191106768
15,136,211318720,67,2.280323170,0.142569608,0.070962362,2.151666325
17,136,211318720,67,1.065657761,0.142569608,0.070962362,3.397772049
16,136,211318720,67,1.304662576,0.142569608,0.070962362,3.188046725
6,137,211318720,67,0.262618358,0.142569608,0.008566669,0.427938030
17,137,211318720,67,0.272776191,0.142569608,0.008566669,0.479316302
16,137,211318720,67,0.274486776,0.142569608,0.008566669,0.486412169
15,137,211318720,67,0.291309717,0.142569608,0.008566669,0.557866104
2,137,211318720,67,0.325376681,0.142569608,0.008566669,0.707269055
12,137,211318720,67,0.366496772,0.142569608,0.008566669,0.905581594
27,137,211318720,67,0.367044128,0.142569608,0.008566669,0.908367030
21,137,211318720,67,0.384275535,0.142569608,0.008566669,0.993630997
1,137,211318720,67,0.401123492,0.142569608,0.008566669,1.078760262
22,137,211318720,67,0.420773321,0.142569608,0.008566669,1.164228906
20,137,211318720,67,0.434572014,0.142569608,0.008566669,1.215420142
25,137,211318720,67,0.469100688,0.142569608,0.008566669,1.320930227
30,137,211318720,67,0.491628020,0.142569608,0.008566669,1.375131988
8,137,211318720,67,0.497832446,0.142569608,0.008566669,1.385604637
7,137,211318720,67,0.515830983,0.142569608,0.008566669,1.405709969
14,137,211318720,67,0.522957550,0.142569608,0.008566669,1.412997440
26,137,211318720,67,0.656366503,0.142569608,0.008566669,1.525414341
18,137,211318720,67,0.737725058,0.142569608,0.008566669,1.660977144
9,137,211318720,67,0.769230066,0.142569608,0.008566669,1.693833756
23,137,211318720,67,0.806589981,0.142569608,0.008566669,1.729535233
28,137,211318720,67,0.917862357,0.142569608,0.008566669,1.885934566
19,137,211318720,67,0.984046731,0.142569608,0.008566669,2.013942008
24,137,211318720,67,1.007648939,0.142569608,0.008566669,2.054589165
10,137,211318720,67,1.021439625,0.142569608,0.008566669,2.069513827
3,137,211318720,67,1.104358980,0.142569608,0.008566669,2.100652131
4,137,211318720,67,1.284436966,0.142569608,0.008566669,2.154111096
13,137,211318720,67,1.414402113,0.142569608,0.008566669,2.205168729
11,137,211318720,67,2.141684867,0.142569608,0.008566669,2.098681992
5,137,211318720,67,2.487518451,0.142569608,0.008566669,2.099389634
29,137,211318720,67,2.851214341,0.142569608,0.008566669,1.995815544
15,138,211318720,67,0.274486776,0.142569608,0.026507065,0.244174423
12,138,211318720,67,0.301447636,0.142569608,0.026507065,0.341428862
5,138,211318720,67,0.331808595,0.142569608,0.026507065,0.434026113
13,138,211318720,67,0.344720398,0.142569608,0.026507065,0.465376195
16,138,211318720,67,0.406314018,0.142569608,0.026507065,0.588872593
4,138,211318720,67,0.416831058,0.142569608,0.026507065,0.606926407
10,138,211318720,67,0.420513033,0.142569608,0.026507065,0.610753295
3,138,211318720,67,0.522957550,0.142569608,0.026507065,0.649590339
19,138,211318720,67,0.746840162,0.142569608,0.026507065,0.961753715
17,138,211318720,67,0.747118578,0.142569608,0.026507065,0.962373862
26,138,211318720,67,0.757188691,0.142569608,0.026507065,0.979727304
25,138,211318720,67,0.809045384,0.142569608,0.026507065,1.057062380
29,138,211318720,67,0.819719265,0.142569608,0.026507065,1.068109174
8,138,211318720,67,0.917862357,0.142569608,0.026507065,1.191872685
6,138,211318720,67,0.998676963,0.142569608,0.026507065,1.381360276
27,138,211318720,67,1.007648939,0.142569608,0.026507065,1.396971361
22,138,211318720,67,1.044856486,0.142569608,0.026507065,1.439837649
2,138,211318720,67,1.065657761,0.142569608,0.026507065,1.474309496
21,138,211318720,67,1.183831296,0.142569608,0.026507065,1.679678723
1,138,211318720,67,1.188858293,0.142569608,0.026507065,1.687935037
14,138,211318720,67,1.235957661,0.142569608,0.026507065,1.757592827
7,138,211318720,67,1.294309936,0.142569608,0.026507065,1.843669807
24,138,211318720,67,1.349170437,0.142569608,0.026507065,1.974715350
20,138,211318720,67,1.414402113,0.142569608,0.026507065,2.086536537
28,138,211318720,67,1.423528796,0.142569608,0.026507065,2.096588169
18,138,211318720,67,1.436765414,0.142569608,0.026507065,2.101559650
9,138,211318720,67,1.591305991,0.142569608,0.026507065,2.152316300
30,138,211318720,67,2.280323170,0.142569608,0.026507065,2.056319228
11,138,211318720,67,2.487518451,0.142569608,0.026507065,2.093594448
23,138,211318720,67,2.851214341,0.142569608,0.026507065,1.992394950
11,139,211318720,67,0.205499149,0.142569608,0.026895652,0.141765726
13,139,211318720,67,0.272776191,0.142569608,0.026895652,0.429969744
8,139,211318720,67,0.325376681,0.142569608,0.026895652,0.684916139
24,139,211318720,67,0.331808595,0.142569608,0.026895652,0.712786218
3,139,211318720,67,0.338645076,0.142569608,0.026895652,0.737999009
26,139,211318720,67,0.340840754,0.142569608,0.026895652,0.744767490
20,139,211318720,67,0.347471629,0.142569608,0.026895652,0.760860888
4,139,211318720,67,0.366496772,0.142569608,0.026895652,0.793828565
27,139,211318720,67,0.406369678,0.142569608,0.026895652,0.834834198
15,139,211318720,67,0.430501742,0.142569608,0.026895652,0.844078159
30,139,211318720,67,0.695802929,0.142569608,0.026895652,1.098930383
28,139,211318720,67,0.698254705,0.142569608,0.026895652,1.104754506
5,139,211318720,67,0.737146514,0.142569608,0.026895652,1.179732456
19,139,211318720,67,0.747118578,0.142569608,0.026895652,1.197453387
10,139,211318720,67,0.819719265,0.142569608,0.026895652,1.274744108
16,139,211318720,67,0.867005483,0.142569608,0.026895652,1.301294640
25,139,211318720,67,0.999831002,0.142569608,0.026895652,1.511340936
12,139,211318720,67,1.007648939,0.142569608,0.026895652,1.524746939
29,139,211318720,67,1.077776804,0.142569608,0.026895652,1.674564329
1,139,211318720,67,1.102987746,0.142569608,0.026895652,1.717135289
7,139,211318720,67,1.163510533,0.142569608,0.026895652,1.781765490
21,139,211318720,67,1.165294969,0.142569608,0.026895652,1.782598468
9,139,211318720,67,1.414402113,0.142569608,0.026895652,1.901271333
22,139,211318720,67,1.450159241,0.142569608,0.026895652,1.939041964
23,139,211318720,67,1.522868244,0.142569608,0.026895652,1.967266509
14,139,211318720,67,1.904038728,0.142569608,0.026895652,1.953900931
6,139,211318720,67,2.303361475,0.142569608,0.026895652,1.937845775
17,139,211318720,67,2.759003758,0.142569608,0.026895652,1.939662733
18,139,211318720,67,3.411740796,0.142569608,0.026895652,1.814254637
2,139,211318720,67,2.851214341,0.142569608,0.026895652,2.448086125
22,140,211318720,67,0.309103827,0.142569608,0.042653862,0.630728321
15,140,211318720,67,0.310267843,0.142569608,0.042653862,0.638894967
6,140,211318720,67,0.328114621,0.142569608,0.042653862,0.760729392
5,140,211318720,67,0.332457627,0.142569608,0.042653862,0.791441830
30,140,211318720,67,0.344720398,0.142569608,0.042653862,0.869290556
1,140,211318720,67,0.367044128,0.142569608,0.042653862,0.985286490
21,140,211318720,67,0.405338182,0.142569608,0.042653862,1.173830301
8,140,211318720,67,0.406841767,0.142569608,0.042653862,1.180684514
3,140,211318720,67,0.416831058,0.142569608,0.042653862,1.224477928
2,140,211318720,67,0.420281467,0.142569608,0.042653862,1.237115662
14,140,211318720,67,0.420513033,0.142569608,0.042653862,1.237844046
16,140,211318720,67,0.459292393,0.142569608,0.042653862,1.329496634
10,140,211318720,67,0.469100688,0.142569608,0.042653862,1.345651837
7,140,211318720,67,0.515830983,0.142569608,0.042653862,1.394236070
11,140,211318720,67,0.549024150,0.142569608,0.042653862,1.407328345
28,140,211318720,67,0.747118578,0.142569608,0.042653862,1.514010950
4,140,211318720,67,0.790535894,0.142569608,0.042653862,1.531331371
17,140,211318720,67,0.940637450,0.142569608,0.042653862,1.677355348
26,140,211318720,67,0.952025692,0.142569608,0.042653862,1.688698885
29,140,211318720,67,1.077776804,0.142569608,0.042653862,1.737090966
19,140,211318720,67,0.349695505,0.142569608,0.042653862,2.660956577
27,140,211318720,67,1.349170437,0.142569608,0.042653862,1.833137732
24,140,211318720,67,1.374381413,0.142569608,0.042653862,1.842548278
20,140,211318720,67,2.070019088,0.142569608,0.042653862,1.743193617
13,140,211318720,67,2.241835908,0.142569608,0.042653862,1.790034337
9,140,211318720,67,2.575342822,0.142569608,0.042653862,1.926322067
23,140,211318720,67,2.580293565,0.142569608,0.042653862,1.931402693
18,140,211318720,67,2.656838111,0.142569608,0.042653862,1.986531523
12,140,211318720,67,2.759003758,0.142569608,0.042653862,2.026118427
25,140,211318720,67,3.411740796,0.142569608,0.042653862,1.842761559
6,141,211318720,67,0.301447636,0.142569608,0.036019675,0.289193180
19,141,211318720,67,0.352250991,0.142569608,0.036019675,0.501173957
14,141,211318720,67,0.366496772,0.142569608,0.036019675,0.561493683
24,141,211318720,67,0.384120181,0.142569608,0.036019675,0.631677447
22,141,211318720,67,0.401427962,0.142569608,0.036019675,0.696424929
30,141,211318720,67,0.402068091,0.142569608,0.036019675,0.698319871
26,141,211318720,67,0.407748930,0.142569608,0.036019675,0.711534048
29,141,211318720,67,0.459292393,0.142569608,0.036019675,0.800833907
7,141,211318720,67,0.497832446,0.142569608,0.036019675,0.841142271
12,141,211318720,67,0.519929897,0.142569608,0.036019675,0.848735637
15,141,211318720,67,0.695802929,0.142569608,0.036019675,1.162807922
20,141,211318720,67,0.698254705,0.142569608,0.036019675,1.173504599
17,141,211318720,67,0.737146514,0.142569608,0.036019675,1.318850039
1,141,211318720,67,0.747118578,0.142569608,0.036019675,1.349498271
3,141,211318720,67,0.809045384,0.142569608,0.036019675,1.501582244
11,141,211318720,67,0.819719265,0.142569608,0.036019675,1.527044997
27,141,211318720,67,0.822148367,0.142569608,0.036019675,1.531144644
28,141,211318720,67,0.832820764,0.142569608,0.036019675,1.542374377
4,141,211318720,67,0.945577756,0.142569608,0.036019675,1.614145538
13,141,211318720,67,1.055621497,0.142569608,0.036019675,1.730455930
21,141,211318720,67,1.077776804,0.142569608,0.036019675,1.749163346
9,141,211318720,67,1.205968091,0.142569608,0.036019675,1.796659038
8,141,211318720,67,1.450159241,0.142569608,0.036019675,1.824185230
16,141,211318720,67,1.772163784,0.142569608,0.036019675,1.828623439
5,141,211318720,67,2.070019088,0.142569608,0.036019675,1.844405327
18,141,211318720,67,2.241835908,0.142569608,0.036019675,1.943649582
25,141,211318720,67,2.303361475,0.142569608,0.036019675,1.968813456
2,141,211318720,67,2.575342822,0.142569608,0.036019675,1.988503013
23,141,211318720,67,3.042432322,0.142569608,0.036019675,1.950962583
10,141,211318720,67,3.411740796,0.142569608,0.036019675,1.846773019
12,142,211318720,67,0.309103827,0.142569608,0.046650782,0.485573980
23,142,211318720,67,0.332457627,0.142569608,0.046650782,0.629769724
20,142,211318720,67,0.338645076,0.142569608,0.046650782,0.665057416
19,142,211318720,67,0.347471629,0.142569608,0.046650782,0.710050479
13,142,211318720,67,0.366496772,0.142569608,0.046650782,0.804527047
1,142,211318720,67,0.393703093,0.142569608,0.046650782,0.948700737
9,142,211318720,67,0.401123492,0.142569608,0.046650782,0.985909089
3,142,211318720,67,0.406369678,0.142569608,0.046650782,1.009125604
22,142,211318720,67,0.411648825,0.142569608,0.046650782,1.029171997
2,142,211318720,67,0.420773321,0.142569608,0.046650782,1.057079982
30,142,211318720,67,0.459361129,0.142569608,0.046650782,1.149613298
21,142,211318720,67,0.491628020,0.142569608,0.046650782,1.205259438
24,142,211318720,67,0.515830983,0.142569608,0.046650782,1.230784601
15,142,211318720,67,0.519929897,0.142569608,0.046650782,1.232474316
25,142,211318720,67,0.695802929,0.142569608,0.046650782,1.378506014
6,142,211318720,67,0.737146514,0.142569608,0.046650782,1.498783798
18,142,211318720,67,0.815600578,0.142569608,0.046650782,1.687613187
26,142,211318720,67,0.821650137,0.142569608,0.046650782,1.698260756
14,142,211318720,67,0.828887397,0.142569608,0.046650782,1.705958555
7,142,211318720,67,0.846862281,0.142569608,0.046650782,1.714762076
29,142,211318720,67,0.986327720,0.142569608,0.046650782,1.925501137
17,142,211318720,67,0.998676963,0.142569608,0.046650782,1.938201991
27,142,211318720,67,1.024237500,0.142569608,0.046650782,1.950770086
16,142,211318720,67,1.163510533,0.142569608,0.046650782,2.083943003
8,142,211318720,67,1.188858293,0.142569608,0.046650782,2.092926574
10,142,211318720,67,2.036967590,0.142569608,0.046650782,2.045556463
28,142,211318720,67,2.500940347,0.142569608,0.046650782,2.058831243
11,142,211318720,67,2.575342822,0.142569608,0.046650782,2.087167066
5,142,211318720,67,3.341109767,0.142569608,0.046650782,1.871796431
4,142,211318720,67,1.349170437,0.142569608,0.046650782,3.872499919
23,143,211318720,67,0.205499149,0.142569608,0.001110766,0.242585664
8,143,211318720,67,0.274486776,0.142569608,0.001110766,0.480294048
16,143,211318720,67,0.301447636,0.142569608,0.001110766,0.580238911
29,143,211318720,67,0.331808595,0.142569608,0.001110766,0.675943401
30,143,211318720,67,0.331927073,0.142569608,0.001110766,0.676311323
15,143,211318720,67,0.345303952,0.142569608,0.001110766,0.707766035
19,143,211318720,67,0.401427962,0.142569608,0.001110766,0.804772225
6,143,211318720,67,0.406369678,0.142569608,0.001110766,0.810342934
20,143,211318720,67,0.469100688,0.142569608,0.001110766,0.856329255
12,143,211318720,67,0.218636321,0.142569608,0.001110766,1.240556799
7,143,211318720,67,0.578321737,0.142569608,0.001110766,0.899295930
25,143,211318720,67,0.746840162,0.142569608,0.001110766,1.065789869
4,143,211318720,67,0.821650137,0.142569608,0.001110766,1.219196291
27,143,211318720,67,0.828887397,0.142569608,0.001110766,1.236093278
21,143,211318720,67,0.839853738,0.142569608,0.001110766,1.254998071
18,143,211318720,67,0.940637450,0.142569608,0.001110766,1.478781373
24,143,211318720,67,0.952025692,0.142569608,0.001110766,1.506144666
9,143,211318720,67,1.007648939,0.142569608,0.001110766,1.602992608
5,143,211318720,67,1.021439625,0.142569608,0.001110766,1.617896129
14,143,211318720,67,1.044856486,0.142569608,0.001110766,1.627197227
10,143,211318720,67,1.188858293,0.142569608,0.001110766,1.880533165
13,143,211318720,67,1.205812777,0.142569608,0.001110766,1.909410854
2,143,211318720,67,1.205968091,0.142569608,0.001110766,1.909536707
1,143,211318720,67,1.284436966,0.142569608,0.001110766,1.939962651
3,143,211318720,67,1.657194393,0.142569608,0.001110766,1.946051756
22,143,211318720,67,1.772163784,0.142569608,0.001110766,1.990592609
26,143,211318720,67,2.141684867,0.142569608,0.001110766,2.009395780
28,143,211318720,67,2.241835908,0.142569608,0.001110766,2.048794934
11,143,211318720,67,2.452082856,0.142569608,0.001110766,2.089006479
17,143,211318720,67,2.851214341,0.142569608,0.001110766,1.975614646
26,144,211318720,67,0.262618358,0.142569608,0.137718782,0.297578474
7,144,211318720,67,0.274486776,0.142569608,0.137718782,0.349721459
9,144,211318720,67,0.338645076,0.142569608,0.137718782,0.594894722
30,144,211318720,67,0.340022068,0.142569608,0.137718782,0.599931208
25,144,211318720,67,0.349695505,0.142569608,0.137718782,0.629281204
27,144,211318720,67,0.367044128,0.142569608,0.137718782,0.670509140
24,144,211318720,67,0.401123492,0.142569608,0.137718782,0.744819569
16,144,211318720,67,0.401427962,0.142569608,0.137718782,0.745349001
22,144,211318720,67,0.471067229,0.142569608,0.137718782,0.842457720
14,144,211318720,67,0.519929897,0.142569608,0.137718782,0.894474543
21,144,211318720,67,0.578321737,0.142569608,0.137718782,0.936499797
1,144,211318720,67,0.698254705,0.142569608,0.137718782,1.181143482
10,144,211318720,67,0.714799086,0.142569608,0.137718782,1.228012968
29,144,211318720,67,0.737146514,0.142569608,0.137718782,1.280406094
8,144,211318720,67,0.799520819,0.142569608,0.137718782,1.404260996
12,144,211318720,67,0.809045384,0.142569608,0.137718782,1.426465688
13,144,211318720,67,0.846862281,0.142569608,0.137718782,1.491360892
23,144,211318720,67,0.919655903,0.142569608,0.137718782,1.583902224
6,144,211318720,67,0.941278721,0.142569608,0.137718782,1.625221110
2,144,211318720,67,1.044856486,0.142569608,0.137718782,1.803134548
4,144,211318720,67,1.055621497,0.142569608,0.137718782,1.814889220
11,144,211318720,67,1.077776804,0.142569608,0.137718782,1.833234816
15,144,211318720,67,1.205968091,0.142569608,0.137718782,1.913216037
5,144,211318720,67,1.304662576,0.142569608,0.137718782,1.951748319
18,144,211318720,67,2.194425436,0.142569608,0.137718782,1.825315337
20,144,211318720,67,2.303361475,0.142569608,0.137718782,1.867698667
3,144,211318720,67,2.502933016,0.142569608,0.137718782,1.998991657
19,144,211318720,67,2.575342822,0.142569608,0.137718782,2.074963709
28,144,211318720,67,2.580293565,0.142569608,0.137718782,2.076849743
17,144,211318720,67,2.656838111,0.142569608,0.137718782,2.159801436
2,145,211318720,67,0.291309717,0.142569608,0.013135009,0.612657622
3,145,211318720,67,0.294632521,0.142569608,0.013135009,0.634032973
24,145,211318720,67,0.325376681,0.142569608,0.013135009,0.809365737
27,145,211318720,67,0.328114621,0.142569608,0.013135009,0.824336971
6,145,211318720,67,0.331808595,0.142569608,0.013135009,0.843023061
16,145,211318720,67,0.332457627,0.142569608,0.013135009,0.845881840
29,145,211318720,67,0.346780912,0.142569608,0.013135009,0.899854392
19,145,211318720,67,0.357859759,0.142569608,0.013135009,0.933955698
25,145,211318720,67,0.405338182,0.142569608,0.013135009,1.016447135
30,145,211318720,67,0.420773321,0.142569608,0.013135009,1.032470625
26,145,211318720,67,0.689012139,0.142569608,0.013135009,1.477866249
4,145,211318720,67,0.694847525,0.142569608,0.013135009,1.503646901
8,145,211318720,67,0.698254705,0.142569608,0.013135009,1.516374733
15,145,211318720,67,0.714799086,0.142569608,0.013135009,1.567150730
28,145,211318720,67,0.737146514,0.142569608,0.013135009,1.620616499
9,145,211318720,67,0.747118578,0.142569608,0.013135009,1.637544430
7,145,211318720,67,0.815600578,0.142569608,0.013135009,1.709047109
17,145,211318720,67,0.822148367,0.142569608,0.013135009,1.711784563
10,145,211318720,67,0.969201848,0.142569608,0.013135009,1.908488111
13,145,211318720,67,1.009629524,0.142569608,0.013135009,2.005591927
14,145,211318720,67,1.044856486,0.142569608,0.013135009,2.065915057
11,145,211318720,67,1.076130101,0.142569608,0.013135009,2.106616441
12,145,211318720,67,1.102987746,0.142569608,0.013135009,2.134196266
22,145,211318720,67,1.205812777,0.142569608,0.013135009,2.174203708
21,145,211318720,67,0.357826991,0.142569608,0.013135009,3.116984156
20,145,211318720,67,1.423528796,0.142569608,0.013135009,2.208064545
1,145,211318720,67,0.469100688,0.142569608,0.013135009,3.266540454
23,145,211318720,67,1.720860573,0.142569608,0.013135009,2.218613060
5,145,211318720,67,2.070019088,0.142569608,0.013135009,2.216213644
18,145,211318720,67,2.610934393,0.142569608,0.013135009,2.069931074
3,146,211318720,67,0.262618358,0.142569608,0.051292337,0.393194744
12,146,211318720,67,0.272776191,0.142569608,0.051292337,0.457608466
27,146,211318720,67,0.299654210,0.142569608,0.051292337,0.615896611
18,146,211318720,67,0.333771051,0.142569608,0.051292337,0.822002403
24,146,211318720,67,0.346780912,0.142569608,0.051292337,0.896472650
26,146,211318720,67,0.357826991,0.142569608,0.051292337,0.959950987
20,146,211318720,67,0.372439086,0.142569608,0.051292337,1.043888617
25,146,211318720,67,0.384120181,0.142569608,0.051292337,1.107570323
14,146,211318720,67,0.384275535,0.142569608,0.051292337,1.108382493
2,146,211318720,67,0.387058100,0.142569608,0.051292337,1.120757995
5,146,211318720,67,0.406314018,0.142569608,0.051292337,1.192760186
23,146,211318720,67,0.434572014,0.142569608,0.051292337,1.278512487
9,146,211318720,67,0.491628020,0.142569608,0.051292337,1.430579841
17,146,211318720,67,0.497832446,0.142569608,0.051292337,1.441455696
15,146,211318720,67,0.519929897,0.142569608,0.051292337,1.464550124
11,146,211318720,67,0.578321737,0.142569608,0.051292337,1.485079476
6,146,211318720,67,0.764463287,0.142569608,0.051292337,1.576312339
29,146,211318720,67,0.832073278,0.142569608,0.051292337,1.639287014
10,146,211318720,67,0.919655903,0.142569608,0.051292337,1.671600511
16,146,211318720,67,1.102987746,0.142569608,0.051292337,1.850849773
7,146,211318720,67,1.104358980,0.142569608,0.051292337,1.852284871
1,146,211318720,67,1.185253134,0.142569608,0.051292337,1.882830168
4,146,211318720,67,1.349170437,0.142569608,0.051292337,1.931590664
13,146,211318720,67,1.522868244,0.142569608,0.051292337,1.979427403
19,146,211318720,67,1.720860573,0.142569608,0.051292337,2.018565029
21,146,211318720,67,0.459361129,0.142569608,0.051292337,3.371894412
22,146,211318720,67,2.241835908,0.142569608,0.051292337,2.023490250
8,146,211318720,67,2.303361475,0.142569608,0.051292337,2.087372838
28,146,211318720,67,2.387739789,0.142569608,0.051292337,2.120609438
30,146,211318720,67,3.411740796,0.142569608,0.051292337,1.839561792
12,147,211318720,67,0.309103827,0.142569608,0.012303355,0.337897474
8,147,211318720,67,0.328114621,0.142569608,0.012303355,0.403239485
22,147,211318720,67,0.340022068,0.142569608,0.012303355,0.439842142
25,147,211318720,67,0.340840754,0.142569608,0.012303355,0.441789692
29,147,211318720,67,0.406841767,0.142569608,0.012303355,0.574659563
19,147,211318720,67,0.416831058,0.142569608,0.012303355,0.591393517
26,147,211318720,67,0.459361129,0.142569608,0.012303355,0.634760202
11,147,211318720,67,0.519929897,0.142569608,0.012303355,0.656842589
30,147,211318720,67,0.668942036,0.142569608,0.012303355,0.799373896
18,147,211318720,67,0.746840162,0.142569608,0.012303355,1.064426456
14,147,211318720,67,0.764463287,0.142569608,0.012303355,1.117707260
7,147,211318720,67,0.790535894,0.142569608,0.012303355,1.188023057
21,147,211318720,67,0.821650137,0.142569608,0.012303355,1.271452327
1,147,211318720,67,0.822148367,0.142569608,0.012303355,1.272623562
24,147,211318720,67,0.828887397,0.142569608,0.012303355,1.284265663
4,147,211318720,67,0.919655903,0.142569608,0.012303355,1.550008310
2,147,211318720,67,0.952025692,0.142569608,0.012303355,1.648737740
17,147,211318720,67,0.986327720,0.142569608,0.012303355,1.730512621
27,147,211318720,67,0.998676963,0.142569608,0.012303355,1.751858512
23,147,211318720,67,0.999831002,0.142569608,0.012303355,1.752992050
13,147,211318720,67,1.009629524,0.142569608,0.012303355,1.756668174
5,147,211318720,67,1.183831296,0.142569608,0.012303355,1.917890078
15,147,211318720,67,1.205968091,0.142569608,0.012303355,1.940630548
20,147,211318720,67,1.275961791,0.142569608,0.012303355,1.968113891
16,147,211318720,67,1.522868244,0.142569608,0.012303355,1.994418024
10,147,211318720,67,1.772163784,0.142569608,0.012303355,2.064202652
6,147,211318720,67,1.854731332,0.142569608,0.012303355,2.168154631
9,147,211318720,67,1.904038728,0.142569608,0.012303355,2.219565048
3,147,211318720,67,1.973971545,0.142569608,0.012303355,2.246036496
28,147,211318720,67,2.656838111,0.142569608,0.012303355,2.055323260
25,148,211318720,67,0.217175369,0.142569608,0.002100315,0.199183639
17,148,211318720,67,0.281178980,0.142569608,0.002100315,0.602463269
4,148,211318720,67,0.294632521,0.142569608,0.002100315,0.706444310
9,148,211318720,67,0.338645076,0.142569608,0.002100315,1.016420915
1,148,211318720,67,0.340840754,0.142569608,0.002100315,1.030499378
27,148,211318720,67,0.345303952,0.142569608,0.002100315,1.055895205
28,148,211318720,67,0.349695505,0.142569608,0.002100315,1.078023869
30,148,211318720,67,0.352250991,0.142569608,0.002100315,1.089261608
23,148,211318720,67,0.357826991,0.142569608,0.002100315,1.109812661
5,148,211318720,67,0.393703093,0.142569608,0.002100315,1.220808039
26,148,211318720,67,0.401123492,0.142569608,0.002100315,1.238615466
15,148,211318720,67,0.416831058,0.142569608,0.002100315,1.265700845
2,148,211318720,67,0.420281467,0.142569608,0.002100315,1.269289269
10,148,211318720,67,0.507433692,0.142569608,0.002100315,1.303874641
3,148,211318720,67,0.668942036,0.142569608,0.002100315,1.503075607
29,148,211318720,67,0.670439746,0.142569608,0.002100315,1.505453587
21,148,211318720,67,0.737146514,0.142569608,0.002100315,1.644506260
20,148,211318720,67,0.802276566,0.142569608,0.002100315,1.800392411
19,148,211318720,67,0.822148367,0.142569608,0.002100315,1.834423286
18,148,211318720,67,0.846862281,0.142569608,0.002100315,1.860970895
16,148,211318720,67,1.185253134,0.142569608,0.002100315,2.055837523
12,148,211318720,67,1.205812777,0.142569608,0.002100315,2.118430752
6,148,211318720,67,1.278350893,0.142569608,0.002100315,2.294513632
11,148,211318720,67,1.284436966,0.142569608,0.002100315,2.308669212
7,148,211318720,67,1.294309936,0.142569608,0.002100315,2.325394144
8,148,211318720,67,1.304662576,0.142569608,0.002100315,2.336469905
22,148,211318720,67,0.367044128,0.142569608,0.002100315,3.514650859
14,148,211318720,67,2.122991969,0.142569608,0.002100315,2.179625304
24,148,211318720,67,0.867005483,0.142569608,0.002100315,3.468797186
13,148,211318720,67,1.414402113,0.142569608,0.002100315,2.974044603
23,149,211318720,67,0.205499149,0.142569608,0.013712381,0.277448850
4,149,211318720,67,0.218636321,0.142569608,0.013712381,0.341088350
22,149,211318720,67,0.274486776,0.142569608,0.013712381,0.627602020
9,149,211318720,67,0.294632521,0.142569608,0.013712381,0.734084246
8,149,211318720,67,0.309103827,0.142569608,0.013712381,0.807006758
18,149,211318720,67,0.331808595,0.142569608,0.013712381,0.907051782
26,149,211318720,67,0.333771051,0.142569608,0.013712381,0.914433033
5,149,211318720,67,0.340022068,0.142569608,0.013712381,0.933602407
19,149,211318720,67,0.352250991,0.142569608,0.013712381,0.965351707
27,149,211318720,67,0.367044128,0.142569608,0.013712381,1.000277310
29,149,211318720,67,0.406369678,0.142569608,0.013712381,1.066653325
20,149,211318720,67,0.430501742,0.142569608,0.013712381,1.091670130
3,149,211318720,67,0.491628020,0.142569608,0.013712381,1.114484525
6,149,211318720,67,0.687056158,0.142569608,0.013712381,1.372531001
24,149,211318720,67,0.689012139,0.142569608,0.013712381,1.376895737
10,149,211318720,67,0.737146514,0.142569608,0.013712381,1.491557578
25,149,211318720,67,0.757188691,0.142569608,0.013712381,1.525596662
13,149,211318720,67,0.809045384,0.142569608,0.013712381,1.579273404
12,149,211318720,67,0.832820764,0.142569608,0.013712381,1.591974159
17,149,211318720,67,0.969201848,0.142569608,0.013712381,1.736769036
11,149,211318720,67,1.021439625,0.142569608,0.013712381,1.792394849
2,149,211318720,67,1.235957661,0.142569608,0.013712381,1.875354862
14,149,211318720,67,1.374381413,0.142569608,0.013712381,2.004222660
7,149,211318720,67,2.070019088,0.142569608,0.013712381,1.904524599
21,149,211318720,67,2.242581386,0.142569608,0.013712381,2.005714736
15,149,211318720,67,2.303361475,0.142569608,0.013712381,2.028779647
30,149,211318720,67,2.500940347,0.142569608,0.013712381,2.068398679
28,149,211318720,67,2.580293565,0.142569608,0.013712381,2.045896405
1,149,211318720,67,1.065657761,0.142569608,0.013712381,3.577148835
16,149,211318720,67,1.349170437,0.142569608,0.013712381,3.316272631
21,150,211318720,67,0.281178980,0.142569608,0.160055786,0.245654430
25,150,211318720,67,0.338645076,0.142569608,0.160055786,0.442645124
18,150,211318720,67,0.344720398,0.142569608,0.160055786,0.464979170
23,150,211318720,67,0.366496772,0.142569608,0.160055786,0.540452488
24,150,211318720,67,0.372439086,0.142569608,0.160055786,0.562446323
26,150,211318720,67,0.406841767,0.142569608,0.160055786,0.690044937
4,150,211318720,67,0.459361129,0.142569608,0.160055786,0.849833212
14,150,211318720,67,0.469100688,0.142569608,0.160055786,0.873228172
1,150,211318720,67,0.507433692,0.142569608,0.160055786,0.932996986
12,150,211318720,67,0.515830983,0.142569608,0.160055786,0.936475501
8,150,211318720,67,0.689012139,0.142569608,0.160055786,1.223849888
27,150,211318720,67,0.737725058,0.142569608,0.160055786,1.405580370
19,150,211318720,67,0.746840162,0.142569608,0.160055786,1.433918476
13,150,211318720,67,0.756670836,0.142569608,0.160055786,1.456917813
3,150,211318720,67,0.781082769,0.142569608,0.160055786,1.498421257
10,150,211318720,67,0.790535894,0.142569608,0.160055786,1.508589690
6,150,211318720,67,0.815600578,0.142569608,0.160055786,1.518056330
16,150,211318720,67,1.235957661,0.142569608,0.160055786,1.681705360
2,150,211318720,67,1.241069629,0.142569608,0.160055786,1.683229017
17,150,211318720,67,1.423528796,0.142569608,0.160055786,1.758368288
9,150,211318720,67,0.497832446,0.142569608,0.160055786,2.753931870
11,150,211318720,67,1.522868244,0.142569608,0.160055786,1.796565651
7,150,211318720,67,1.720860573,0.142569608,0.160055786,1.836154004
28,150,211318720,67,2.122991969,0.142569608,0.160055786,1.818436879
20,150,211318720,67,2.387739789,0.142569608,0.160055786,1.858809519
30,150,211318720,67,2.500940347,0.142569608,0.160055786,1.965613967
29,150,211318720,67,0.969201848,0.142569608,0.160055786,3.654834154
22,150,211318720,67,2.580293565,0.142569608,0.160055786,2.049502380
5,150,211318720,67,2.610934393,0.142569608,0.160055786,2.061212604
15,150,211318720,67,2.656838111,0.142569608,0.160055786,2.048276849
22,151,211318720,67,0.274486776,0.142569608,0.133704886,0.378879471
8,151,211318720,67,0.294632521,0.142569608,0.133704886,0.492162386
26,151,211318720,67,0.340840754,0.142569608,0.133704886,0.709386940
27,151,211318720,67,0.366496772,0.142569608,0.133704886,0.821187844
24,151,211318720,67,0.367044128,0.142569608,0.133704886,0.823121127
21,151,211318720,67,0.372439086,0.142569608,0.133704886,0.839694212
19,151,211318720,67,0.402068091,0.142569608,0.133704886,0.910424050
11,151,211318720,67,0.406369678,0.142569608,0.133704886,0.918146856
12,151,211318720,67,0.420513033,0.142569608,0.133704886,0.933014674
3,151,211318720,67,0.469331802,0.142569608,0.133704886,0.952130029
1,151,211318720,67,0.698254705,0.142569608,0.133704886,1.081415694
16,151,211318720,67,0.790535894,0.142569608,0.133704886,1.233759851
15,151,211318720,67,0.806589981,0.142569608,0.133704886,1.245337677
5,151,211318720,67,0.301447636,0.142569608,0.133704886,1.828596837
6,151,211318720,67,0.941278721,0.142569608,0.133704886,1.485972723
7,151,211318720,67,0.952025692,0.142569608,0.133704886,1.511183275
4,151,211318720,67,1.021439625,0.142569608,0.133704886,1.629710914
28,151,211318720,67,1.024237500,0.142569608,0.133704886,1.634505312
17,151,211318720,67,1.055621497,0.142569608,0.133704886,1.668078000
9,151,211318720,67,1.163510533,0.142569608,0.133704886,1.757540566
23,151,211318720,67,1.235957661,0.142569608,0.133704886,1.784941421
20,151,211318720,67,1.450159241,0.142569608,0.133704886,1.822216907
13,151,211318720,67,0.781082769,0.142569608,0.133704886,3.098640816
2,151,211318720,67,2.036967590,0.142569608,0.133704886,1.851173089
14,151,211318720,67,2.280323170,0.142569608,0.133704886,1.901672860
18,151,211318720,67,2.387739789,0.142569608,0.133704886,1.942877921
30,151,211318720,67,2.575342822,0.142569608,0.133704886,2.055753717
25,151,211318720,67,2.610934393,0.142569608,0.133704886,2.069443661
10,151,211318720,67,1.591305991,0.142569608,0.133704886,3.164369348
29,151,211318720,67,2.656838111,0.142569608,0.133704886,2.161786485
15,152,211318720,67,0.217175369,0.142569608,0.118253388,0.074628524
16,152,211318720,67,0.331927073,0.142569608,0.118253388,0.224770069
29,152,211318720,67,0.384120181,0.142569608,0.118253388,0.341248507
14,152,211318720,67,0.411648825,0.142569608,0.118253388,0.426162908
6,152,211318720,67,0.469331802,0.142569608,0.118253388,0.587152110
11,152,211318720,67,0.496683722,0.142569608,0.118253388,0.652037790
7,152,211318720,67,0.519929897,0.142569608,0.118253388,0.692432390
8,152,211318720,67,0.522957550,0.142569608,0.118253388,0.695595979
20,152,211318720,67,0.578321737,0.142569608,0.118253388,0.732780699
28,152,211318720,67,0.698254705,0.142569608,0.118253388,0.947997478
4,152,211318720,67,0.737146514,0.142569608,0.118253388,1.101234416
27,152,211318720,67,0.764463287,0.142569608,0.118253388,1.202535664
30,152,211318720,67,0.802276566,0.142569608,0.118253388,1.321121043
17,152,211318720,67,0.822148367,0.142569608,0.118253388,1.381552188
10,152,211318720,67,0.828887397,0.142569608,0.118253388,1.397414388
19,152,211318720,67,0.832820764,0.142569608,0.118253388,1.404232898
24,152,211318720,67,0.867005483,0.142569608,0.118253388,1.441647576
18,152,211318720,67,0.941278721,0.142569608,0.118253388,1.562116073
26,152,211318720,67,1.007648939,0.142569608,0.118253388,1.662625525
12,152,211318720,67,1.021439625,0.142569608,0.118253388,1.677316121
21,152,211318720,67,1.104358980,0.142569608,0.118253388,1.710579584
22,152,211318720,67,1.509114459,0.142569608,0.118253388,1.736028062
13,152,211318720,67,1.591305991,0.142569608,0.118253388,1.768488952
3,152,211318720,67,1.854731332,0.142569608,0.118253388,1.893426045
1,152,211318720,67,1.934453384,0.142569608,0.118253388,1.955653403
25,152,211318720,67,2.452082856,0.142569608,0.118253388,1.910973844
9,152,211318720,67,2.580293565,0.142569608,0.118253388,2.002817404
23,152,211318720,67,2.656838111,0.142569608,0.118253388,2.031964197
2,152,211318720,67,3.411740796,0.142569608,0.118253388,1.819146676
5,152,211318720,67,1.904038728,0.142569608,0.118253388,3.350412398
6,153,211318720,67,0.272776191,0.142569608,0.030846162,0.441786427
11,153,211318720,67,0.291309717,0.142569608,0.030846162,0.571364361
7,153,211318720,67,0.301447636,0.142569608,0.030846162,0.635705966
15,153,211318720,67,0.338645076,0.142569608,0.030846162,0.848129454
30,153,211318720,67,0.344720398,0.142569608,0.030846162,0.878950105
25,153,211318720,67,0.346780912,0.142569608,0.030846162,0.887940377
19,153,211318720,67,0.352250991,0.142569608,0.030846162,0.908307525
21,153,211318720,67,0.387058100,0.142569608,0.030846162,1.014494598
27,153,211318720,67,0.397487178,0.142569608,0.030846162,1.039543179
16,153,211318720,67,0.401427962,0.142569608,0.030846162,1.046421145
22,153,211318720,67,0.407748930,0.142569608,0.030846162,1.052905241
29,153,211318720,67,0.416831058,0.142569608,0.030846162,1.056506837
14,153,211318720,67,0.689012139,0.142569608,0.030846162,1.262677632
5,153,211318720,67,0.695802929,0.142569608,0.030846162,1.287861397
10,153,211318720,67,0.769230066,0.142569608,0.030846162,1.511051068
8,153,211318720,67,0.790535894,0.142569608,0.030846162,1.562217421
24,153,211318720,67,0.802276566,0.142569608,0.030846162,1.582465906
13,153,211318720,67,0.821650137,0.142569608,0.030846162,1.602777900
20,153,211318720,67,0.828887397,0.142569608,0.030846162,1.605378764
23,153,211318720,67,1.007648939,0.142569608,0.030846162,1.783167000
9,153,211318720,67,1.021439625,0.142569608,0.030846162,1.797699932
17,153,211318720,67,1.077776804,0.142569608,0.030846162,1.829848788
2,153,211318720,67,1.205812777,0.142569608,0.030846162,1.906225839
18,153,211318720,67,1.436765414,0.142569608,0.030846162,2.002018616
26,153,211318720,67,2.036967590,0.142569608,0.030846162,1.956533126
4,153,211318720,67,2.141684867,0.142569608,0.030846162,1.996977199
28,153,211318720,67,2.303361475,0.142569608,0.030846162,2.047330952
1,153,211318720,67,2.610934393,0.142569608,0.030846162,2.056860184
12,153,211318720,67,1.304662576,0.142569608,0.030846162,3.863028019
3,153,211318720,67,3.411740796,0.142569608,0.030846162,1.834509067
14,154,211318720,67,0.291309717,0.142569608,0.024587929,0.380682411
28,154,211318720,67,0.325376681,0.142569608,0.024587929,0.530015314
10,154,211318720,67,0.332457627,0.142569608,0.024587929,0.563894980
19,154,211318720,67,0.340840754,0.142569608,0.024587929,0.600663125
8,154,211318720,67,0.352250991,0.142569608,0.024587929,0.643209758
2,154,211318720,67,0.357859759,0.142569608,0.024587929,0.659960603
16,154,211318720,67,0.407748930,0.142569608,0.024587929,0.778152457
6,154,211318720,67,0.430501742,0.142569608,0.024587929,0.816447593
15,154,211318720,67,0.469100688,0.142569608,0.024587929,0.878614205
26,154,211318720,67,0.469331802,0.142569608,0.024587929,0.878867514
5,154,211318720,67,0.578321737,0.142569608,0.024587929,1.011842156
12,154,211318720,67,0.635595755,0.142569608,0.024587929,1.086860282
13,154,211318720,67,0.668942036,0.142569608,0.024587929,1.122289534
17,154,211318720,67,0.756670836,0.142569608,0.024587929,1.212206956
22,154,211318720,67,0.815600578,0.142569608,0.024587929,1.276216400
18,154,211318720,67,0.919655903,0.142569608,0.024587929,1.501613317
21,154,211318720,67,0.940637450,0.142569608,0.024587929,1.563325326
25,154,211318720,67,0.952025692,0.142569608,0.024587929,1.590789031
3,154,211318720,67,1.009629524,0.142569608,0.024587929,1.688289234
7,154,211318720,67,1.044856486,0.142569608,0.024587929,1.728091347
30,154,211318720,67,1.065657761,0.142569608,0.024587929,1.750478231
11,154,211318720,67,1.183831296,0.142569608,0.024587929,1.824255810
4,154,211318720,67,1.284436966,0.142569608,0.024587929,1.863010375
29,154,211318720,67,2.036967590,0.142569608,0.024587929,1.747116485
20,154,211318720,67,2.194425436,0.142569608,0.024587929,1.837288060
24,154,211318720,67,2.280323170,0.142569608,0.024587929,1.870741367
1,154,211318720,67,2.656838111,0.142569608,0.024587929,1.888660997
23,154,211318720,67,2.759003758,0.142569608,0.024587929,1.927419347
27,154,211318720,67,3.341109767,0.142569608,0.024587929,1.854781247
9,154,211318720,67,3.411740796,0.142569608,0.024587929,1.834825429
4,155,211318720,67,0.291309717,0.142569608,0.025811339,0.590812989
21,155,211318720,67,0.294632521,0.142569608,0.025811339,0.616224033
5,155,211318720,67,0.310267843,0.142569608,0.025811339,0.726480921
19,155,211318720,67,0.332457627,0.142569608,0.025811339,0.868202844
1,155,211318720,67,0.338645076,0.142569608,0.025811339,0.903891318
16,155,211318720,67,0.340840754,0.142569608,0.025811339,0.915006838
6,155,211318720,67,0.349695505,0.142569608,0.025811339,0.953129701
24,155,211318720,67,0.366496772,0.142569608,0.025811339,1.016272259
14,155,211318720,67,0.401427962,0.142569608,0.025811339,1.147070715
25,155,211318720,67,0.406369678,0.142569608,0.025811339,1.162328961
18,155,211318720,67,0.407748930,0.142569608,0.025811339,1.165647973
23,155,211318720,67,0.420773321,0.142569608,0.025811339,1.187962474
7,155,211318720,67,0.434572014,0.142569608,0.025811339,1.202150713
11,155,211318720,67,0.507433692,0.142569608,0.025811339,1.230710134
29,155,211318720,67,0.689012139,0.142569608,0.025811339,1.339059401
13,155,211318720,67,0.781082769,0.142569608,0.025811339,1.609601398
20,155,211318720,67,0.806589981,0.142569608,0.025811339,1.670865408
9,155,211318720,67,0.822082714,0.142569608,0.025811339,1.697168878
27,155,211318720,67,0.823874673,0.142569608,0.025811339,1.699069583
2,155,211318720,67,0.846862281,0.142569608,0.025811339,1.711694957
17,155,211318720,67,0.984046731,0.142569608,0.025811339,1.884089401
30,155,211318720,67,0.999831002,0.142569608,0.025811339,1.901110610
10,155,211318720,67,1.076130101,0.142569608,0.025811339,1.940217839
22,155,211318720,67,1.205968091,0.142569608,0.025811339,2.189775695
26,155,211318720,67,1.241069629,0.142569608,0.025811339,2.272240535
28,155,211318720,67,1.275961791,0.142569608,0.025811339,2.335916275
15,155,211318720,67,1.284436966,0.142569608,0.025811339,2.350819564
3,155,211318720,67,1.294309936,0.142569608,0.025811339,2.361007444
12,155,211318720,67,1.414402113,0.142569608,0.025811339,2.405597740
8,155,211318720,67,3.411740796,0.142569608,0.025811339,1.854950094
13,156,211318720,67,0.274486776,0.142569608,0.073765621,0.338406529
4,156,211318720,67,0.294632521,0.142569608,0.073765621,0.426678442
7,156,211318720,67,0.331927073,0.142569608,0.073765621,0.576079255
27,156,211318720,67,0.340840754,0.142569608,0.073765621,0.608989201
5,156,211318720,67,0.357859759,0.142569608,0.073765621,0.665050935
12,156,211318720,67,0.393703093,0.142569608,0.073765621,0.779955006
24,156,211318720,67,0.405338182,0.142569608,0.073765621,0.807349532
10,156,211318720,67,0.459361129,0.142569608,0.073765621,0.900629935
25,156,211318720,67,0.496683722,0.142569608,0.073765621,0.939863144
11,156,211318720,67,0.497832446,0.142569608,0.073765621,0.940351923
18,156,211318720,67,0.714799086,0.142569608,0.073765621,1.162154706
30,156,211318720,67,0.756670836,0.142569608,0.073765621,1.290021479
23,156,211318720,67,0.781082769,0.142569608,0.073765621,1.349052424
1,156,211318720,67,0.806589981,0.142569608,0.073765621,1.392740934
14,156,211318720,67,0.828887397,0.142569608,0.073765621,1.418061554
6,156,211318720,67,0.969201848,0.142569608,0.073765621,1.745991815
29,156,211318720,67,0.984046731,0.142569608,0.073765621,1.781411176
8,156,211318720,67,0.990430268,0.142569608,0.073765621,1.792197546
3,156,211318720,67,0.999831002,0.142569608,0.073765621,1.802079023
15,156,211318720,67,1.065657761,0.142569608,0.073765621,1.830065700
16,156,211318720,67,0.367044128,0.142569608,0.073765621,2.602356116
17,156,211318720,67,1.205812777,0.142569608,0.073765621,1.957562345
9,156,211318720,67,1.241069629,0.142569608,0.073765621,1.971419573
26,156,211318720,67,1.720860573,0.142569608,0.073765621,1.927285779
20,156,211318720,67,1.904038728,0.142569608,0.073765621,1.971045059
21,156,211318720,67,2.122991969,0.142569608,0.073765621,2.022799818
2,156,211318720,67,2.241835908,0.142569608,0.073765621,2.122878125
28,156,211318720,67,0.832820764,0.142569608,0.073765621,3.589010072
22,156,211318720,67,2.303361475,0.142569608,0.073765621,2.146119293
19,156,211318720,67,2.580293565,0.142569608,0.073765621,2.067498118
18,157,211318720,67,0.331927073,0.142569608,0.057106871,0.616678303
25,157,211318720,67,0.340022068,0.142569608,0.057106871,0.674158005
19,157,211318720,67,0.344720398,0.142569608,0.057106871,0.704324953
21,157,211318720,67,0.357826991,0.142569608,0.057106871,0.778859706
10,157,211318720,67,0.401427962,0.142569608,0.057106871,1.015114289
17,157,211318720,67,0.402068091,0.142569608,0.057106871,1.017967162
2,157,211318720,67,0.405338182,0.142569608,0.057106871,1.030059963
15,157,211318720,67,0.406314018,0.142569608,0.057106871,1.033135714
1,157,211318720,67,0.411648825,0.142569608,0.057106871,1.045882156
26,157,211318720,67,0.459361129,0.142569608,0.057106871,1.138021093
14,157,211318720,67,0.515830983,0.142569608,0.057106871,1.198243439
6,157,211318720,67,0.578321737,0.142569608,0.057106871,1.282587227
4,157,211318720,67,0.656366503,0.142569608,0.057106871,1.418790248
9,157,211318720,67,0.694847525,0.142569608,0.057106871,1.501192595
27,157,211318720,67,0.747118578,0.142569608,0.057106871,1.626844266
16,157,211318720,67,0.769230066,0.142569608,0.057106871,1.663488455
5,157,211318720,67,0.822082714,0.142569608,0.057106871,1.719503689
29,157,211318720,67,0.828887397,0.142569608,0.057106871,1.722146605
20,157,211318720,67,0.990430268,0.142569608,0.057106871,1.808693510
24,157,211318720,67,1.076130101,0.142569608,0.057106871,1.851163722
3,157,211318720,67,1.205812777,0.142569608,0.057106871,1.992179192
22,157,211318720,67,1.278350893,0.142569608,0.057106871,2.069205853
11,157,211318720,67,1.284436966,0.142569608,0.057106871,2.071570178
8,157,211318720,67,0.397487178,0.142569608,0.057106871,3.081230554
30,157,211318720,67,0.452040546,0.142569608,0.057106871,3.135959073
7,157,211318720,67,1.973971545,0.142569608,0.057106871,1.976650522
12,157,211318720,67,2.194425436,0.142569608,0.057106871,2.009435037
13,157,211318720,67,2.387739789,0.142569608,0.057106871,2.068894196
23,157,211318720,67,3.341109767,0.142569608,0.057106871,1.878276436
28,157,211318720,67,2.502933016,0.142569608,0.057106871,2.781548347
29,158,211318720,67,0.217175369,0.142569608,0.083604090,0.165093717
16,158,211318720,67,0.299654210,0.142569608,0.083604090,0.415985346
3,158,211318720,67,0.301447636,0.142569608,0.083604090,0.421505743
27,158,211318720,67,0.309103827,0.142569608,0.083604090,0.439832321
14,158,211318720,67,0.367044128,0.142569608,0.083604090,0.579227861
18,158,211318720,67,0.391378383,0.142569608,0.083604090,0.644814431
17,158,211318720,67,0.406314018,0.142569608,0.083604090,0.680312680
19,158,211318720,67,0.469100688,0.142569608,0.083604090,0.788591429
6,158,211318720,67,0.491628020,0.142569608,0.083604090,0.812307118
9,158,211318720,67,0.522957550,0.142569608,0.083604090,0.844405445
30,158,211318720,67,0.635595755,0.142569608,0.083604090,0.941835237
12,158,211318720,67,0.737725058,0.142569608,0.083604090,1.188803479
23,158,211318720,67,0.756670836,0.142569608,0.083604090,1.233778413
20,158,211318720,67,0.757188691,0.142569608,0.083604090,1.234595889
11,158,211318720,67,0.846862281,0.142569608,0.083604090,1.352395348
13,158,211318720,67,0.919655903,0.142569608,0.083604090,1.454212644
15,158,211318720,67,0.984046731,0.142569608,0.083604090,1.522295631
10,158,211318720,67,1.024237500,0.142569608,0.083604090,1.538369565
7,158,211318720,67,1.165294969,0.142569608,0.083604090,1.621316828
22,158,211318720,67,1.278350893,0.142569608,0.083604090,1.740390559
26,158,211318720,67,1.294309936,0.142569608,0.083604090,1.756016456
8,158,211318720,67,1.423528796,0.142569608,0.083604090,1.805856195
5,158,211318720,67,1.720860573,0.142569608,0.083604090,1.824183881
2,158,211318720,67,1.854731332,0.142569608,0.083604090,1.877609010
21,158,211318720,67,0.806589981,0.142569608,0.083604090,3.208132667
4,158,211318720,67,2.241835908,0.142569608,0.083604090,2.028645279
28,158,211318720,67,2.242581386,0.142569608,0.083604090,2.029379513
25,158,211318720,67,2.280323170,0.142569608,0.083604090,2.043907823
24,158,211318720,67,2.610934393,0.142569608,0.083604090,2.045443837
1,158,211318720,67,2.500940347,0.142569608,0.083604090,2.254527691
10,159,211318720,67,0.272776191,0.142569608,0.014845125,0.489270282
11,159,211318720,67,0.291309717,0.142569608,0.014845125,0.607501931
24,159,211318720,67,0.309103827,0.142569608,0.014845125,0.709108387
15,159,211318720,67,0.325376681,0.142569608,0.014845125,0.791277535
4,159,211318720,67,0.331927073,0.142569608,0.014845125,0.819944588
25,159,211318720,67,0.338645076,0.142569608,0.014845125,0.844482385
6,159,211318720,67,0.387058100,0.142569608,0.014845125,0.947298151
17,159,211318720,67,0.406314018,0.142569608,0.014845125,0.967184608
27,159,211318720,67,0.714799086,0.142569608,0.014845125,1.103748057
3,159,211318720,67,0.746840162,0.142569608,0.014845125,1.159218170
20,159,211318720,67,0.802276566,0.142569608,0.014845125,1.217616021
8,159,211318720,67,0.945577756,0.142569608,0.014845125,1.439978749
18,159,211318720,67,0.952025692,0.142569608,0.014845125,1.446861506
28,159,211318720,67,0.999831002,0.142569608,0.014845125,1.493756321
9,159,211318720,67,1.101347065,0.142569608,0.014845125,1.627819574
13,159,211318720,67,1.188858293,0.142569608,0.014845125,1.794771768
14,159,211318720,67,1.235957661,0.142569608,0.014845125,1.844363185
2,159,211318720,67,0.340022068,0.142569608,0.014845125,2.756643745
22,159,211318720,67,1.284436966,0.142569608,0.014845125,1.862926074
21,159,211318720,67,0.366496772,0.142569608,0.014845125,2.840620414
30,159,211318720,67,0.405338182,0.142569608,0.014845125,2.884545444
12,159,211318720,67,1.436765414,0.142569608,0.014845125,1.916556255
16,159,211318720,67,1.591305991,0.142569608,0.014845125,1.968357488
19,159,211318720,67,2.070019088,0.142569608,0.014845125,1.977311785
29,159,211318720,67,0.828887397,0.142569608,0.014845125,3.281581063
7,159,211318720,67,2.141684867,0.142569608,0.014845125,2.005634807
1,159,211318720,67,2.452082856,0.142569608,0.014845125,2.072835930
26,159,211318720,67,2.575342822,0.142569608,0.014845125,2.071557157
23,159,211318720,67,1.165294969,0.142569608,0.014845125,3.499336182
5,159,211318720,67,2.502933016,0.142569608,0.014845125,2.317429907
21,160,211318720,67,0.205499149,0.142569608,0.034461711,0.140313223
22,160,211318720,67,0.281178980,0.142569608,0.034461711,0.389382993
2,160,211318720,67,0.299654210,0.142569608,0.034461711,0.446096214
10,160,211318720,67,0.332457627,0.142569608,0.034461711,0.526315165
13,160,211318720,67,0.349695505,0.142569608,0.034461711,0.567525700
28,160,211318720,67,0.352250991,0.142569608,0.034461711,0.571888204
7,160,211318720,67,0.391378383,0.142569608,0.034461711,0.613788172
26,160,211318720,67,0.471067229,0.142569608,0.034461711,0.644402174
1,160,211318720,67,0.635595755,0.142569608,0.034461711,0.844598523
20,160,211318720,67,0.656366503,0.142569608,0.034461711,0.894542619
18,160,211318720,67,0.737146514,0.142569608,0.034461711,1.208149966
8,160,211318720,67,0.737725058,0.142569608,0.034461711,1.210154970
29,160,211318720,67,0.752566429,0.142569608,0.034461711,1.255338561
15,160,211318720,67,0.799520819,0.142569608,0.034461711,1.367281998
25,160,211318720,67,0.802276566,0.142569608,0.034461711,1.371896693
3,160,211318720,67,0.815600578,0.142569608,0.034461711,1.390482272
17,160,211318720,67,0.839853738,0.142569608,0.034461711,1.425312910
6,160,211318720,67,0.952025692,0.142569608,0.034461711,1.705455148
30,160,211318720,67,0.969201848,0.142569608,0.034461711,1.763371642
19,160,211318720,67,0.990430268,0.142569608,0.034461711,1.828627088
4,160,211318720,67,1.009629524,0.142569608,0.034461711,1.874406809
23,160,211318720,67,1.055621497,0.142569608,0.034461711,1.962836403
11,160,211318720,67,1.077776804,0.142569608,0.034461711,2.011054635
12,160,211318720,67,1.104358980,0.142569608,0.034461711,2.056702442
16,160,211318720,67,1.183831296,0.142569608,0.034461711,2.154922426
9,160,211318720,67,1.205812777,0.142569608,0.034461711,2.178588421
27,160,211318720,67,1.304662576,0.142569608,0.034461711,2.266510727
24,160,211318720,67,1.374381413,0.142569608,0.034461711,2.293769623
14,160,211318720,67,2.303361475,0.142569608,0.034461711,2.130394739
5,160,211318720,67,2.580293565,0.142569608,0.034461711,2.052434329
13,161,211318720,67,0.217175369,0.142569608,0.187809825,0.186221851
15,161,211318720,67,0.272776191,0.142569608,0.187809825,0.388958672
18,161,211318720,67,0.274486776,0.142569608,0.187809825,0.396492673
7,161,211318720,67,0.344720398,0.142569608,0.187809825,0.721651011
8,161,211318720,67,0.349695505,0.142569608,0.187809825,0.743300074
1,161,211318720,67,0.357826991,0.142569608,0.187809825,0.775208255
20,161,211318720,67,0.387058100,0.142569608,0.187809825,0.894905206
3,161,211318720,67,0.397487178,0.142569608,0.187809825,0.940494392
5,161,211318720,67,0.411648825,0.142569608,0.187809825,0.993286164
10,161,211318720,67,0.420513033,0.142569608,0.187809825,1.020614303
14,161,211318720,67,0.459292393,0.142569608,0.187809825,1.113328376
23,161,211318720,67,0.497832446,0.142569608,0.187809825,1.178811420
12,161,211318720,67,0.519929897,0.142569608,0.187809825,1.202026840
26,161,211318720,67,0.522957550,0.142569608,0.187809825,1.203261682
25,161,211318720,67,0.695802929,0.142569608,0.187809825,1.456467897
11,161,211318720,67,0.714799086,0.142569608,0.187809825,1.551508719
2,161,211318720,67,0.769230066,0.142569608,0.187809825,1.790853042
4,161,211318720,67,0.802276566,0.142569608,0.187809825,1.913386102
30,161,211318720,67,0.806589981,0.142569608,0.187809825,1.926541250
19,161,211318720,67,0.819719265,0.142569608,0.187809825,1.958082579
16,161,211318720,67,0.822082714,0.142569608,0.187809825,1.962156171
28,161,211318720,67,0.823874673,0.142569608,0.187809825,1.963916279
6,161,211318720,67,0.839853738,0.142569608,0.187809825,1.970777224
22,161,211318720,67,0.998676963,0.142569608,0.187809825,2.022145949
9,161,211318720,67,1.188858293,0.142569608,0.187809825,2.164779103
29,161,211318720,67,1.591305991,0.142569608,0.187809825,2.286395461
17,161,211318720,67,1.657194393,0.142569608,0.187809825,2.311816758
27,161,211318720,67,3.042432322,0.142569608,0.187809825,1.922213049
24,161,211318720,67,1.205968091,0.142569608,0.187809825,3.777208160
21,161,211318720,67,1.304662576,0.142569608,0.187809825,3.687320881
30,162,211318720,67,0.218636321,0.142569608,0.042169433,0.291010904
5,162,211318720,67,0.281178980,0.142569608,0.042169433,0.670938693
22,162,211318720,67,0.291309717,0.142569608,0.042169433,0.741570152
28,162,211318720,67,0.294632521,0.142569608,0.042169433,0.762679896
27,162,211318720,67,0.299654210,0.142569608,0.042169433,0.791791141
3,162,211318720,67,0.331927073,0.142569608,0.042169433,0.958468976
25,162,211318720,67,0.340022068,0.142569608,0.042169433,0.999438173
7,162,211318720,67,0.344720398,0.142569608,0.042169433,1.020071562
23,162,211318720,67,0.352250991,0.142569608,0.042169433,1.047803726
6,162,211318720,67,0.366496772,0.142569608,0.042169433,1.090702498
10,162,211318720,67,0.391378383,0.142569608,0.042169433,1.150185052
20,162,211318720,67,0.420281467,0.142569608,0.042169433,1.200058453
24,162,211318720,67,0.420773321,0.142569608,0.042169433,1.200558833
4,162,211318720,67,0.469100688,0.142569608,0.042169433,1.219501017
12,162,211318720,67,0.737146514,0.142569608,0.042169433,1.456646819
9,162,211318720,67,0.747118578,0.142569608,0.042169433,1.480288439
11,162,211318720,67,0.799520819,0.142569608,0.042169433,1.584630890
29,162,211318720,67,0.822082714,0.142569608,0.042169433,1.624024392
16,162,211318720,67,0.828887397,0.142569608,0.042169433,1.632673452
1,162,211318720,67,0.919655903,0.142569608,0.042169433,1.728313489
21,162,211318720,67,0.969201848,0.142569608,0.042169433,1.752946968
13,162,211318720,67,1.163510533,0.142569608,0.042169433,2.041265355
26,162,211318720,67,1.188858293,0.142569608,0.042169433,2.085094121
8,162,211318720,67,1.205968091,0.142569608,0.042169433,2.103814041
19,162,211318720,67,1.284436966,0.142569608,0.042169433,2.133120572
2,162,211318720,67,1.436765414,0.142569608,0.042169433,2.185055318
17,162,211318720,67,2.242581386,0.142569608,0.042169433,2.145797846
18,162,211318720,67,1.104358980,0.142569608,0.042169433,3.871922497
14,162,211318720,67,3.411740796,0.142569608,0.042169433,1.819563059
15,162,211318720,67,1.854731332,0.142569608,0.042169433,3.409388249
20,163,211318720,67,0.218636321,0.142569608,0.048250411,0.161240944
15,163,211318720,67,0.309103827,0.142569608,0.048250411,0.699376097
17,163,211318720,67,0.310267843,0.142569608,0.048250411,0.706837577
19,163,211318720,67,0.331927073,0.142569608,0.048250411,0.831178294
29,163,211318720,67,0.344720398,0.142569608,0.048250411,0.895529174
28,163,211318720,67,0.352250991,0.142569608,0.048250411,0.928896567
22,163,211318720,67,0.367044128,0.142569608,0.048250411,0.984069140
11,163,211318720,67,0.372439086,0.142569608,0.048250411,1.000689087
21,163,211318720,67,0.384120181,0.142569608,0.048250411,1.040396802
23,163,211318720,67,0.387058100,0.142569608,0.048250411,1.049453193
6,163,211318720,67,0.401123492,0.142569608,0.048250411,1.083204348
8,163,211318720,67,0.405338182,0.142569608,0.048250411,1.090517002
2,163,211318720,67,0.515830983,0.142569608,0.048250411,1.206865860
14,163,211318720,67,0.519929897,0.142569608,0.048250411,1.208413775
26,163,211318720,67,0.746840162,0.142569608,0.048250411,1.407602032
27,163,211318720,67,0.756670836,0.142569608,0.048250411,1.424254205
10,163,211318720,67,0.821650137,0.142569608,0.048250411,1.493323286
3,163,211318720,67,0.839853738,0.142569608,0.048250411,1.499554137
18,163,211318720,67,0.999831002,0.142569608,0.048250411,1.805757672
13,163,211318720,67,1.009629524,0.142569608,0.048250411,1.829153779
7,163,211318720,67,1.044856486,0.142569608,0.048250411,1.893106147
1,163,211318720,67,1.055621497,0.142569608,0.048250411,1.911853419
4,163,211318720,67,1.076130101,0.142569608,0.048250411,1.933308221
5,163,211318720,67,1.183831296,0.142569608,0.048250411,2.005474925
25,163,211318720,67,1.278350893,0.142569608,0.048250411,2.043755892
30,163,211318720,67,2.070019088,0.142569608,0.048250411,1.917970411
12,163,211318720,67,2.280323170,0.142569608,0.048250411,1.975592680
16,163,211318720,67,2.387739789,0.142569608,0.048250411,2.016580778
9,163,211318720,67,2.759003758,0.142569608,0.048250411,2.007500284
24,163,211318720,67,2.656838111,0.142569608,0.048250411,2.209220036
23,164,211318720,67,0.218636321,0.142569608,0.058078833,0.102217055
13,164,211318720,67,0.332457627,0.142569608,0.058078833,0.673595856
25,164,211318720,67,0.340840754,0.142569608,0.058078833,0.721569240
20,164,211318720,67,0.346780912,0.142569608,0.058078833,0.750790613
9,164,211318720,67,0.357826991,0.142569608,0.058078833,0.807151887
19,164,211318720,67,0.357859759,0.142569608,0.058078833,0.807318931
17,164,211318720,67,0.372439086,0.142569608,0.058078833,0.871193619
28,164,211318720,67,0.384275535,0.142569608,0.058078833,0.925330092
24,164,211318720,67,0.391378383,0.142569608,0.058078833,0.956438072
30,164,211318720,67,0.430501742,0.142569608,0.058078833,1.102304264
14,164,211318720,67,0.459361129,0.142569608,0.058078833,1.191371121
15,164,211318720,67,0.491628020,0.142569608,0.058078833,1.268703491
8,164,211318720,67,0.496683722,0.142569608,0.058078833,1.277336000
21,164,211318720,67,0.515830983,0.142569608,0.058078833,1.298521212
12,164,211318720,67,0.522957550,0.142569608,0.058078833,1.305801710
18,164,211318720,67,0.656366503,0.142569608,0.058078833,1.630128795
3,164,211318720,67,0.668942036,0.142569608,0.058078833,1.676959462
26,164,211318720,67,0.687056158,0.142569608,0.058078833,1.732739042
11,164,211318720,67,0.737725058,0.142569608,0.058078833,1.853296355
16,164,211318720,67,0.747118578,0.142569608,0.058078833,1.869332954
22,164,211318720,67,0.752566429,0.142569608,0.058078833,1.874929613
29,164,211318720,67,0.790535894,0.142569608,0.058078833,1.889015294
6,164,211318720,67,0.986327720,0.142569608,0.058078833,1.961960289
7,164,211318720,67,1.077776804,0.142569608,0.058078833,2.006697422
2,164,211318720,67,1.205968091,0.142569608,0.058078833,2.056669083
10,164,211318720,67,1.374381413,0.142569608,0.058078833,2.104806571
5,164,211318720,67,2.036967590,0.142569608,0.058078833,2.013333722
1,164,211318720,67,2.500940347,0.142569608,0.058078833,2.020503290
27,164,211318720,67,2.580293565,0.142569608,0.058078833,2.051907763
4,164,211318720,67,3.411740796,0.142569608,0.058078833,1.909784366
18,165,211318720,67,0.205499149,0.142569608,0.036235884,0.171593276
21,165,211318720,67,0.272776191,0.142569608,0.036235884,0.429584050
9,165,211318720,67,0.281178980,0.142569608,0.036235884,0.466519655
7,165,211318720,67,0.331808595,0.142569608,0.036235884,0.675244195
8,165,211318720,67,0.333771051,0.142569608,0.036235884,0.683808973
14,165,211318720,67,0.347471629,0.142569608,0.036235884,0.734593353
30,165,211318720,67,0.357826991,0.142569608,0.036235884,0.773995662
28,165,211318720,67,0.402068091,0.142569608,0.036235884,0.938387878
22,165,211318720,67,0.405338182,0.142569608,0.036235884,0.948018468
2,165,211318720,67,0.459292393,0.142569608,0.036235884,1.094065499
17,165,211318720,67,0.459361129,0.142569608,0.036235884,1.094230800
23,165,211318720,67,0.497832446,0.142569608,0.036235884,1.155936561
10,165,211318720,67,0.578321737,0.142569608,0.036235884,1.222074486
24,165,211318720,67,0.670439746,0.142569608,0.036235884,1.331337804
12,165,211318720,67,0.747118578,0.142569608,0.036235884,1.460576606
27,165,211318720,67,0.769230066,0.142569608,0.036235884,1.484344761
4,165,211318720,67,0.815600578,0.142569608,0.036235884,1.501991968
15,165,211318720,67,0.984046731,0.142569608,0.036235884,1.595555251
16,165,211318720,67,1.055621497,0.142569608,0.036235884,1.623309876
13,165,211318720,67,1.450159241,0.142569608,0.036235884,1.606636638
20,165,211318720,67,0.491628020,0.142569608,0.036235884,2.743113162
3,165,211318720,67,1.854731332,0.142569608,0.036235884,1.628954453
11,165,211318720,67,1.934453384,0.142569608,0.036235884,1.686722825
6,165,211318720,67,2.036967590,0.142569608,0.036235884,1.752511250
29,165,211318720,67,2.141684867,0.142569608,0.036235884,1.796207174
5,165,211318720,67,2.280323170,0.142569608,0.036235884,1.848954567
1,165,211318720,67,2.487518451,0.142569608,0.036235884,1.924072196
25,165,211318720,67,2.575342822,0.142569608,0.036235884,1.958549905
19,165,211318720,67,2.759003758,0.142569608,0.036235884,2.003503710
26,165,211318720,67,2.851214341,0.142569608,0.036235884,1.977265068
25,166,211318720,67,0.217175369,0.142569608,0.079825178,0.250066343
8,166,211318720,67,0.272776191,0.142569608,0.079825178,0.458047484
4,166,211318720,67,0.299654210,0.142569608,0.079825178,0.540749267
2,166,211318720,67,0.309103827,0.142569608,0.079825178,0.563775918
19,166,211318720,67,0.310267843,0.142569608,0.079825178,0.565866658
23,166,211318720,67,0.338645076,0.142569608,0.079825178,0.605047678
24,166,211318720,67,0.459361129,0.142569608,0.079825178,0.771897990
14,166,211318720,67,0.497832446,0.142569608,0.079825178,0.811917290
9,166,211318720,67,0.522957550,0.142569608,0.079825178,0.822069196
3,166,211318720,67,0.668942036,0.142569608,0.079825178,0.928518917
11,166,211318720,67,0.757188691,0.142569608,0.079825178,1.167715827
7,166,211318720,67,0.790535894,0.142569608,0.079825178,1.247198662
15,166,211318720,67,0.809045384,0.142569608,0.079825178,1.282701753
1,166,211318720,67,0.822082714,0.142569608,0.079825178,1.305426206
16,166,211318720,67,0.846862281,0.142569608,0.079825178,1.335684475
17,166,211318720,67,0.945577756,0.142569608,0.079825178,1.475273418
27,166,211318720,67,0.331927073,0.142569608,0.079825178,2.093888850
5,166,211318720,67,0.984046731,0.142569608,0.079825178,1.541862822
28,166,211318720,67,1.044856486,0.142569608,0.079825178,1.606416700
12,166,211318720,67,1.077776804,0.142569608,0.079825178,1.638372043
18,166,211318720,67,1.205812777,0.142569608,0.079825178,1.812641281
21,166,211318720,67,1.205968091,0.142569608,0.079825178,1.812846091
26,166,211318720,67,1.289231248,0.142569608,0.079825178,1.900070957
30,166,211318720,67,1.349170437,0.142569608,0.079825178,1.923284160
6,166,211318720,67,2.036967590,0.142569608,0.079825178,1.826162673
20,166,211318720,67,2.280323170,0.142569608,0.079825178,1.850756943
13,166,211318720,67,2.500940347,0.142569608,0.079825178,1.976892873
22,166,211318720,67,2.502933016,0.142569608,0.079825178,1.977791339
29,166,211318720,67,2.851214341,0.142569608,0.079825178,1.977000754
10,166,211318720,67,3.042432322,0.142569608,0.079825178,1.923584418
18,167,211318720,67,0.272776191,0.142569608,0.144606858,0.349434098
2,167,211318720,67,0.274486776,0.142569608,0.144606858,0.354802548
16,167,211318720,67,0.325376681,0.142569608,0.144606858,0.488138279
19,167,211318720,67,0.340840754,0.142569608,0.144606858,0.513957175
27,167,211318720,67,0.401123492,0.142569608,0.144606858,0.594983682
7,167,211318720,67,0.416831058,0.142569608,0.144606858,0.611310044
17,167,211318720,67,0.515830983,0.142569608,0.144606858,0.650360744
12,167,211318720,67,0.687056158,0.142569608,0.144606858,0.852286765
4,167,211318720,67,0.698254705,0.142569608,0.144606858,0.878929798
9,167,211318720,67,0.291309717,0.142569608,0.144606858,1.382873959
30,167,211318720,67,0.747118578,0.142569608,0.144606858,0.978578125
5,167,211318720,67,0.819719265,0.142569608,0.144606858,1.118898939
13,167,211318720,67,0.821650137,0.142569608,0.144606858,1.122268639
10,167,211318720,67,0.867005483,0.142569608,0.144606858,1.176205322
22,167,211318720,67,0.940637450,0.142569608,0.144606858,1.276063370
3,167,211318720,67,0.999831002,0.142569608,0.144606858,1.378384806
21,167,211318720,67,1.055621497,0.142569608,0.144606858,1.472971587
26,167,211318720,67,1.077776804,0.142569608,0.144606858,1.525857694
8,167,211318720,67,1.165294969,0.142569608,0.144606858,1.725351992
11,167,211318720,67,1.185253134,0.142569608,0.144606858,1.772937969
23,167,211318720,67,1.188858293,0.142569608,0.144606858,1.779200492
1,167,211318720,67,1.304662576,0.142569608,0.144606858,1.854719778
15,167,211318720,67,1.904038728,0.142569608,0.144606858,1.831968056
20,167,211318720,67,1.973971545,0.142569608,0.144606858,1.859356607
14,167,211318720,67,2.141684867,0.142569608,0.144606858,1.967566351
24,167,211318720,67,2.194425436,0.142569608,0.144606858,1.988085059
25,167,211318720,67,2.387739789,0.142569608,0.144606858,2.029004040
29,167,211318720,67,3.042432322,0.142569608,0.144606858,1.938852751
28,167,211318720,67,1.235957661,0.142569608,0.144606858,3.790601971
6,167,211318720,67,3.341109767,0.142569608,0.144606858,1.855509526
6,168,211318720,67,0.332457627,0.142569608,0.018406203,0.463851024
1,168,211318720,67,0.338645076,0.142569608,0.018406203,0.490872160
2,168,211318720,67,0.346780912,0.142569608,0.018406203,0.521337559
3,168,211318720,67,0.347471629,0.142569608,0.018406203,0.523518767
17,168,211318720,67,0.384120181,0.142569608,0.018406203,0.624483296
7,168,211318720,67,0.411648825,0.142569608,0.018406203,0.693544212
13,168,211318720,67,0.420773321,0.142569608,0.018406203,0.715329692
16,168,211318720,67,0.459361129,0.142569608,0.018406203,0.798151020
21,168,211318720,67,0.507433692,0.142569608,0.018406203,0.889744856
10,168,211318720,67,0.549024150,0.142569608,0.018406203,0.984672591
4,168,211318720,67,0.578321737,0.142569608,0.018406203,1.035389234
15,168,211318720,67,0.635595755,0.142569608,0.018406203,1.149791527
5,168,211318720,67,0.656366503,0.142569608,0.018406203,1.199627214
14,168,211318720,67,0.737146514,0.142569608,0.018406203,1.376931784
19,168,211318720,67,0.747118578,0.142569608,0.018406203,1.394264583
9,168,211318720,67,0.769230066,0.142569608,0.018406203,1.417401581
22,168,211318720,67,0.822082714,0.142569608,0.018406203,1.450928671
30,168,211318720,67,0.945577756,0.142569608,0.018406203,1.593977153
25,168,211318720,67,1.009629524,0.142569608,0.018406203,1.661213571
29,168,211318720,67,1.024237500,0.142569608,0.018406203,1.666839468
27,168,211318720,67,1.205812777,0.142569608,0.018406203,1.783226745
28,168,211318720,67,1.284436966,0.142569608,0.018406203,1.865993375
18,168,211318720,67,1.304662576,0.142569608,0.018406203,1.874286625
8,168,211318720,67,1.657194393,0.142569608,0.018406203,1.923558653
12,168,211318720,67,1.720860573,0.142569608,0.018406203,1.947740100
26,168,211318720,67,1.973971545,0.142569608,0.018406203,1.969537394
24,168,211318720,67,2.452082856,0.142569608,0.018406203,1.993839798
23,168,211318720,67,2.502933016,0.142569608,0.018406203,2.014440237
20,168,211318720,67,2.656838111,0.142569608,0.018406203,2.066213604
11,168,211318720,67,2.759003758,0.142569608,0.018406203,2.037024815
29,169,211318720,67,0.218636321,0.142569608,0.004268522,0.166220801
24,169,211318720,67,0.262618358,0.142569608,0.004268522,0.288232993
23,169,211318720,67,0.328114621,0.142569608,0.004268522,0.501711628
15,169,211318720,67,0.340840754,0.142569608,0.004268522,0.540520061
8,169,211318720,67,0.345303952,0.142569608,0.004268522,0.551377444
18,169,211318720,67,0.384275535,0.142569608,0.004268522,0.638379395
1,169,211318720,67,0.401123492,0.142569608,0.004268522,0.667788330
13,169,211318720,67,0.452040546,0.142569608,0.004268522,0.721043140
25,169,211318720,67,0.496683722,0.142569608,0.004268522,0.739221616
4,169,211318720,67,0.689012139,0.142569608,0.004268522,0.890271112
19,169,211318720,67,0.815600578,0.142569608,0.004268522,1.259346224
17,169,211318720,67,0.822148367,0.142569608,0.004268522,1.275035882
22,169,211318720,67,0.832820764,0.142569608,0.004268522,1.297887497
11,169,211318720,67,0.839853738,0.142569608,0.004268522,1.310019334
9,169,211318720,67,0.846862281,0.142569608,0.004268522,1.319402504
21,169,211318720,67,0.969201848,0.142569608,0.004268522,1.483336925
16,169,211318720,67,0.986327720,0.142569608,0.004268522,1.523886760
10,169,211318720,67,1.076130101,0.142569608,0.004268522,1.715162584
30,169,211318720,67,1.101347065,0.142569608,0.004268522,1.759400838
12,169,211318720,67,1.102987746,0.142569608,0.004268522,1.760924796
14,169,211318720,67,1.165294969,0.142569608,0.004268522,1.835543828
6,169,211318720,67,1.278350893,0.142569608,0.004268522,2.111060220
27,169,211318720,67,1.284436966,0.142569608,0.004268522,2.125126393
5,169,211318720,67,1.289231248,0.142569608,0.004268522,2.133443870
26,169,211318720,67,1.304662576,0.142569608,0.004268522,2.150083139
20,169,211318720,67,1.414402113,0.142569608,0.004268522,2.191096855
28,169,211318720,67,0.656366503,0.142569608,0.004268522,3.068086292
2,169,211318720,67,1.657194393,0.142569608,0.004268522,2.217825408
3,169,211318720,67,2.487518451,0.142569608,0.004268522,2.079537905
7,169,211318720,67,2.500940347,0.142569608,0.004268522,2.075780648
25,170,211318720,67,0.217175369,0.142569608,0.003355316,0.175618612
7,170,211318720,67,0.281178980,0.142569608,0.003355316,0.342315623
26,170,211318720,67,0.301447636,0.142569608,0.003355316,0.403838183
22,170,211318720,67,0.328114621,0.142569608,0.003355316,0.482663370
18,170,211318720,67,0.349695505,0.142569608,0.003355316,0.548191368
1,170,211318720,67,0.406369678,0.142569608,0.003355316,0.755889721
19,170,211318720,67,0.420773321,0.142569608,0.003355316,0.809641290
5,170,211318720,67,0.459361129,0.142569608,0.003355316,0.942879187
2,170,211318720,67,0.496683722,0.142569608,0.003355316,1.031383323
17,170,211318720,67,0.519929897,0.142569608,0.003355316,1.071236220
29,170,211318720,67,0.522957550,0.142569608,0.003355316,1.074421512
24,170,211318720,67,0.578321737,0.142569608,0.003355316,1.138697837
23,170,211318720,67,0.687056158,0.142569608,0.003355316,1.438377692
4,170,211318720,67,0.698254705,0.142569608,0.003355316,1.480725395
9,170,211318720,67,0.714799086,0.142569608,0.003355316,1.542539232
20,170,211318720,67,0.746840162,0.142569608,0.003355316,1.641201421
21,170,211318720,67,0.752566429,0.142569608,0.003355316,1.655078085
11,170,211318720,67,0.819719265,0.142569608,0.003355316,1.782101850
14,170,211318720,67,0.828887397,0.142569608,0.003355316,1.797886645
28,170,211318720,67,0.839853738,0.142569608,0.003355316,1.809556948
13,170,211318720,67,0.945577756,0.142569608,0.003355316,1.904534941
15,170,211318720,67,1.007648939,0.142569608,0.003355316,1.929772189
12,170,211318720,67,0.459292393,0.142569608,0.003355316,2.825523062
16,170,211318720,67,1.522868244,0.142569608,0.003355316,1.881570074
30,170,211318720,67,1.772163784,0.142569608,0.003355316,1.908480273
6,170,211318720,67,1.973971545,0.142569608,0.003355316,1.948794320
3,170,211318720,67,2.387739789,0.142569608,0.003355316,1.946137260
10,170,211318720,67,2.502933016,0.142569608,0.003355316,2.039016642
27,170,211318720,67,2.575342822,0.142569608,0.003355316,2.067210819
8,170,211318720,67,2.656838111,0.142569608,0.003355316,2.044061758
21,171,211318720,67,0.272776191,0.142569608,0.060090773,0.454876995
10,171,211318720,67,0.281178980,0.142569608,0.060090773,0.505248299
15,171,211318720,67,0.294632521,0.142569608,0.060090773,0.586513266
26,171,211318720,67,0.301447636,0.142569608,0.060090773,0.625361010
6,171,211318720,67,0.340022068,0.142569608,0.060090773,0.820099476
3,171,211318720,67,0.349695505,0.142569608,0.060090773,0.862941413
1,171,211318720,67,0.384120181,0.142569608,0.060090773,1.020663027
16,171,211318720,67,0.391378383,0.142569608,0.060090773,1.057493672
14,171,211318720,67,0.393703093,0.142569608,0.060090773,1.067898098
30,171,211318720,67,0.401427962,0.142569608,0.060090773,1.096569511
20,171,211318720,67,0.420513033,0.142569608,0.060090773,1.155247173
2,171,211318720,67,0.430501742,0.142569608,0.060090773,1.178630608
19,171,211318720,67,0.496683722,0.142569608,0.060090773,1.292333765
28,171,211318720,67,0.515830983,0.142569608,0.060090773,1.312799109
11,171,211318720,67,0.522957550,0.142569608,0.060090773,1.314683562
27,171,211318720,67,0.687056158,0.142569608,0.060090773,1.521899176
23,171,211318720,67,0.689012139,0.142569608,0.060090773,1.526502597
29,171,211318720,67,0.756670836,0.142569608,0.060090773,1.642409409
22,171,211318720,67,0.809045384,0.142569608,0.060090773,1.698336780
5,171,211318720,67,0.828887397,0.142569608,0.060090773,1.718894930
9,171,211318720,67,0.952025692,0.142569608,0.060090773,1.842680243
18,171,211318720,67,1.009629524,0.142569608,0.060090773,2.000843197
24,171,211318720,67,1.065657761,0.142569608,0.060090773,2.164244185
25,171,211318720,67,1.101347065,0.142569608,0.060090773,2.249475875
17,171,211318720,67,1.102987746,0.142569608,0.060090773,2.252371218
4,171,211318720,67,1.104358980,0.142569608,0.060090773,2.253833427
8,171,211318720,67,1.163510533,0.142569608,0.060090773,2.290989810
13,171,211318720,67,2.122991969,0.142569608,0.060090773,2.204671757
12,171,211318720,67,2.280323170,0.142569608,0.060090773,2.161164629
7,171,211318720,67,1.284436966,0.142569608,0.060090773,3.226297413
29,172,211318720,67,0.218636321,0.142569640,0.000991760,0.136378519
12,172,211318720,67,0.291309717,0.142569640,0.000991760,0.411483085
10,172,211318720,67,0.331808595,0.142569640,0.000991760,0.615629610
2,172,211318720,67,0.347471629,0.142569640,0.000991760,0.705314329
18,172,211318720,67,0.352250991,0.142569640,0.000991760,0.729259704
22,172,211318720,67,0.357826991,0.142569640,0.000991760,0.757801772
30,172,211318720,67,0.402068091,0.142569640,0.000991760,0.996910822
23,172,211318720,67,0.407748930,0.142569640,0.000991760,1.025807979
16,172,211318720,67,0.411648825,0.142569640,0.000991760,1.042748301
15,172,211318720,67,0.452040546,0.142569640,0.000991760,1.194139817
21,172,211318720,67,0.459361129,0.142569640,0.000991760,1.216645709
28,172,211318720,67,0.471067229,0.142569640,0.000991760,1.244574031
11,172,211318720,67,0.496683722,0.142569640,0.000991760,1.288483016
14,172,211318720,67,0.497832446,0.142569640,0.000991760,1.289705908
25,172,211318720,67,0.519929897,0.142569640,0.000991760,1.298348730
6,172,211318720,67,0.689012139,0.142569640,0.000991760,1.401147364
13,172,211318720,67,0.746840162,0.142569640,0.000991760,1.423567090
4,172,211318720,67,0.945577756,0.142569640,0.000991760,1.616258921
20,172,211318720,67,0.986327720,0.142569640,0.000991760,1.722567424
17,172,211318720,67,1.021439625,0.142569640,0.000991760,1.806016610
1,172,211318720,67,1.024237500,0.142569640,0.000991760,1.810758213
7,172,211318720,67,1.101347065,0.142569640,0.000991760,1.930479523
19,172,211318720,67,1.102987746,0.142569640,0.000991760,1.932206547
8,172,211318720,67,1.183831296,0.142569640,0.000991760,1.988391240
24,172,211318720,67,1.289231248,0.142569640,0.000991760,2.029677780
27,172,211318720,67,1.509114459,0.142569640,0.000991760,2.064359823
9,172,211318720,67,1.772163784,0.142569640,0.000991760,2.093395837
5,172,211318720,67,1.904038728,0.142569640,0.000991760,2.144257897
26,172,211318720,67,2.280323170,0.142569640,0.000991760,2.136358435
3,172,211318720,67,3.411740796,0.142569640,0.000991760,1.819099070
19,173,211318720,67,0.340022068,0.142569640,0.017866265,0.277770388
10,173,211318720,67,0.406314018,0.142569640,0.017866265,0.632092992
11,173,211318720,67,0.416831058,0.142569640,0.017866265,0.685191027
14,173,211318720,67,0.420513033,0.142569640,0.017866265,0.701249745
3,173,211318720,67,0.420773321,0.142569640,0.017866265,0.702195999
8,173,211318720,67,0.459292393,0.142569640,0.017866265,0.820635038
12,173,211318720,67,0.459361129,0.142569640,0.017866265,0.820784361
16,173,211318720,67,0.469100688,0.142569640,0.017866265,0.837489241
5,173,211318720,67,0.471067229,0.142569640,0.017866265,0.839596748
20,173,211318720,67,0.519929897,0.142569640,0.017866265,0.862337567
4,173,211318720,67,0.656366503,0.142569640,0.017866265,1.108799340
24,173,211318720,67,0.668942036,0.142569640,0.017866265,1.132231128
15,173,211318720,67,0.689012139,0.142569640,0.017866265,1.178125323
6,173,211318720,67,0.747118578,0.142569640,0.017866265,1.317269851
13,173,211318720,67,0.809045384,0.142569640,0.017866265,1.431108576
18,173,211318720,67,0.822148367,0.142569640,0.017866265,1.454174346
1,173,211318720,67,0.823874673,0.142569640,0.017866265,1.456078255
30,173,211318720,67,0.940637450,0.142569640,0.017866265,1.583003558
22,173,211318720,67,0.990430268,0.142569640,0.017866265,1.677640791
21,173,211318720,67,1.055621497,0.142569640,0.017866265,1.794427154
9,173,211318720,67,1.101347065,0.142569640,0.017866265,1.872921864
17,173,211318720,67,1.102987746,0.142569640,0.017866265,1.874768647
29,173,211318720,67,1.188858293,0.142569640,0.017866265,1.960504767
2,173,211318720,67,1.289231248,0.142569640,0.017866265,2.104739403
25,173,211318720,67,1.294309936,0.142569640,0.017866265,2.110262998
23,173,211318720,67,1.374381413,0.142569640,0.017866265,2.140304122
27,173,211318720,67,1.772163784,0.142569640,0.017866265,2.129489519
28,173,211318720,67,1.904038728,0.142569640,0.017866265,2.228436016
26,173,211318720,67,1.973971545,0.142569640,0.017866265,2.255981291
7,173,211318720,67,2.487518451,0.142569640,0.017866265,2.109965829
18,174,211318720,67,0.294632521,0.142569640,0.017278614,0.398818434
24,174,211318720,67,0.301447636,0.142569640,0.017278614,0.433384342
3,174,211318720,67,0.338645076,0.142569640,0.017278614,0.596605698
28,174,211318720,67,0.367044128,0.142569640,0.017278614,0.714373125
26,174,211318720,67,0.384120181,0.142569640,0.017278614,0.798918708
15,174,211318720,67,0.384275535,0.142569640,0.017278614,0.799713588
22,174,211318720,67,0.393703093,0.142569640,0.017278614,0.841456885
27,174,211318720,67,0.401427962,0.142569640,0.017278614,0.870125955
30,174,211318720,67,0.411648825,0.142569640,0.017278614,0.901373059
20,174,211318720,67,0.491628020,0.142569640,0.017278614,1.093301777
14,174,211318720,67,0.507433692,0.142569640,0.017278614,1.120104308
12,174,211318720,67,0.515830983,0.142569640,0.017278614,1.128965090
9,174,211318720,67,0.522957550,0.142569640,0.017278614,1.131990740
19,174,211318720,67,0.694847525,0.142569640,0.017278614,1.380900182
8,174,211318720,67,0.698254705,0.142569640,0.017278614,1.393656666
29,174,211318720,67,0.752566429,0.142569640,0.017278614,1.593460654
10,174,211318720,67,0.790535894,0.142569640,0.017278614,1.709468499
7,174,211318720,67,0.822082714,0.142569640,0.017278614,1.793556356
4,174,211318720,67,0.823874673,0.142569640,0.017278614,1.797893091
23,174,211318720,67,0.832820764,0.142569640,0.017278614,1.813471400
17,174,211318720,67,0.846862281,0.142569640,0.017278614,1.828166653
6,174,211318720,67,0.952025692,0.142569640,0.017278614,1.901558274
25,174,211318720,67,1.044856486,0.142569640,0.017278614,1.993906191
13,174,211318720,67,1.102987746,0.142569640,0.017278614,2.016492838
5,174,211318720,67,1.275961791,0.142569640,0.017278614,2.230534867
2,174,211318720,67,1.289231248,0.142569640,0.017278614,2.244893877
21,174,211318720,67,1.294309936,0.142569640,0.017278614,2.247010659
16,174,211318720,67,1.772163784,0.142569640,0.017278614,2.209898529
1,174,211318720,67,2.280323170,0.142569640,0.017278614,2.163469215
11,174,211318720,67,2.610934393,0.142569640,0.017278614,2.068927619
23,175,211318720,67,0.205499149,0.142569640,0.102562442,0.188530463
17,175,211318720,67,0.218636321,0.142569640,0.102562442,0.217248534
4,175,211318720,67,0.291309717,0.142569640,0.102562442,0.468968540
24,175,211318720,67,0.331808595,0.142569640,0.102562442,0.634442723
3,175,211318720,67,0.352250991,0.142569640,0.102562442,0.712152945
28,175,211318720,67,0.366496772,0.142569640,0.102562442,0.764942584
1,175,211318720,67,0.387058100,0.142569640,0.102562442,0.837204088
21,175,211318720,67,0.393703093,0.142569640,0.102562442,0.857741839
16,175,211318720,67,0.397487178,0.142569640,0.102562442,0.866820856
5,175,211318720,67,0.452040546,0.142569640,0.102562442,0.960222602
12,175,211318720,67,0.491628020,0.142569640,0.102562442,1.002268849
11,175,211318720,67,0.515830983,0.142569640,0.102562442,1.012298945
25,175,211318720,67,0.668942036,0.142569640,0.102562442,1.194884406
15,175,211318720,67,0.689012139,0.142569640,0.102562442,1.216446511
18,175,211318720,67,0.737146514,0.142569640,0.102562442,1.274551207
14,175,211318720,67,0.832820764,0.142569640,0.102562442,1.413130621
30,175,211318720,67,0.867005483,0.142569640,0.102562442,1.464079736
20,175,211318720,67,0.917862357,0.142569640,0.102562442,1.587984030
26,175,211318720,67,0.998676963,0.142569640,0.102562442,1.822789482
13,175,211318720,67,0.999831002,0.142569640,0.102562442,1.825388126
27,175,211318720,67,1.007648939,0.142569640,0.102562442,1.838823577
10,175,211318720,67,1.055621497,0.142569640,0.102562442,1.889927053
7,175,211318720,67,1.077776804,0.142569640,0.102562442,1.898786333
9,175,211318720,67,1.235957661,0.142569640,0.102562442,1.950075175
6,175,211318720,67,1.374381413,0.142569640,0.102562442,2.004253942
22,175,211318720,67,1.904038728,0.142569640,0.102562442,1.952176632
19,175,211318720,67,2.122991969,0.142569640,0.102562442,1.985803360
8,175,211318720,67,2.387739789,0.142569640,0.102562442,2.035606892
2,175,211318720,67,2.851214341,0.142569640,0.102562442,1.971398678
29,175,211318720,67,2.487518451,0.142569640,0.102562442,2.423062743
10,176,211318720,67,0.301447636,0.142569640,0.109653734,0.411544040
8,176,211318720,67,0.346780912,0.142569640,0.109653734,0.670121305
17,176,211318720,67,0.384120181,0.142569640,0.109653734,0.842446985
28,176,211318720,67,0.406369678,0.142569640,0.109653734,0.940805505
16,176,211318720,67,0.406841767,0.142569640,0.109653734,0.942600869
24,176,211318720,67,0.416831058,0.142569640,0.109653734,0.973366972
1,176,211318720,67,0.420513033,0.142569640,0.109653734,0.982146214
23,176,211318720,67,0.420773321,0.142569640,0.109653734,0.982611896
2,176,211318720,67,0.452040546,0.142569640,0.109653734,1.014754900
21,176,211318720,67,0.515830983,0.142569640,0.109653734,1.041859155
11,176,211318720,67,0.656366503,0.142569640,0.109653734,1.203426565
9,176,211318720,67,0.694847525,0.142569640,0.109653734,1.278112271
3,176,211318720,67,0.737725058,0.142569640,0.109653734,1.352941738
18,176,211318720,67,0.802276566,0.142569640,0.109653734,1.423339365
20,176,211318720,67,0.821650137,0.142569640,0.109653734,1.443217963
4,176,211318720,67,0.309103827,0.142569640,0.109653734,1.963446971
27,176,211318720,67,0.940637450,0.142569640,0.109653734,1.518452891
13,176,211318720,67,1.055621497,0.142569640,0.109653734,1.649791973
15,176,211318720,67,0.349695505,0.142569640,0.109653734,2.370218008
6,176,211318720,67,1.065657761,0.142569640,0.109653734,1.662034082
25,176,211318720,67,1.183831296,0.142569640,0.109653734,1.840514749
14,176,211318720,67,1.205968091,0.142569640,0.109653734,1.878610440
12,176,211318720,67,1.278350893,0.142569640,0.109653734,1.953655542
30,176,211318720,67,1.294309936,0.142569640,0.109653734,1.959667730
7,176,211318720,67,1.450159241,0.142569640,0.109653734,2.058053631
19,176,211318720,67,1.522868244,0.142569640,0.109653734,2.085309233
29,176,211318720,67,2.242581386,0.142569640,0.109653734,2.033281662
22,176,211318720,67,2.303361475,0.142569640,0.109653734,2.055961033
5,176,211318720,67,2.452082856,0.142569640,0.109653734,2.108154827
26,176,211318720,67,3.042432322,0.142569640,0.109653734,2.040234813
11,177,211318720,67,0.217175369,0.142569640,0.134609193,0.164854325
14,177,211318720,67,0.272776191,0.142569640,0.134609193,0.337381234
21,177,211318720,67,0.301447636,0.142569640,0.134609193,0.458679293
20,177,211318720,67,0.345303952,0.142569640,0.134609193,0.621575859
9,177,211318720,67,0.352250991,0.142569640,0.134609193,0.642433720
28,177,211318720,67,0.406369678,0.142569640,0.134609193,0.749448186
23,177,211318720,67,0.406841767,0.142569640,0.134609193,0.749918156
26,177,211318720,67,0.420773321,0.142569640,0.134609193,0.755176582
12,177,211318720,67,0.635595755,0.142569640,0.134609193,0.859934869
13,177,211318720,67,0.737146514,0.142569640,0.134609193,1.147556155
29,177,211318720,67,0.737725058,0.142569640,0.134609193,1.148903635
8,177,211318720,67,0.764463287,0.142569640,0.134609193,1.194473323
19,177,211318720,67,0.769230066,0.142569640,0.134609193,1.199467679
10,177,211318720,67,0.809045384,0.142569640,0.134609193,1.258201272
18,177,211318720,67,0.917862357,0.142569640,0.134609193,1.505494979
16,177,211318720,67,0.919655903,0.142569640,0.134609193,1.508462091
30,177,211318720,67,0.952025692,0.142569640,0.134609193,1.543198958
7,177,211318720,67,0.969201848,0.142569640,0.134609193,1.557153345
27,177,211318720,67,1.101347065,0.142569640,0.134609193,1.632768274
1,177,211318720,67,0.372439086,0.142569640,0.134609193,2.382204199
6,177,211318720,67,1.205812777,0.142569640,0.134609193,1.671629249
24,177,211318720,67,1.374381413,0.142569640,0.134609193,1.720254799
15,177,211318720,67,1.720860573,0.142569640,0.134609193,1.716440552
17,177,211318720,67,1.904038728,0.142569640,0.134609193,1.833863854
22,177,211318720,67,1.934453384,0.142569640,0.134609193,1.850156093
2,177,211318720,67,2.070019088,0.142569640,0.134609193,1.963574907
25,177,211318720,67,2.122991969,0.142569640,0.134609193,1.983086227
3,177,211318720,67,2.452082856,0.142569640,0.134609193,2.060114185
4,177,211318720,67,2.487518451,0.142569640,0.134609193,2.074072586
5,177,211318720,67,3.341109767,0.142569640,0.134609193,1.833309468
10,178,211318720,67,0.274486776,0.142569640,0.001961001,0.397026726
3,178,211318720,67,0.294632521,0.142569640,0.001961001,0.521191120
14,178,211318720,67,0.338645076,0.142569640,0.001961001,0.780560527
19,178,211318720,67,0.340022068,0.142569640,0.001961001,0.788352987
13,178,211318720,67,0.340840754,0.142569640,0.001961001,0.792493434
28,178,211318720,67,0.347471629,0.142569640,0.001961001,0.821636186
5,178,211318720,67,0.372439086,0.142569640,0.001961001,0.941940460
7,178,211318720,67,0.384120181,0.142569640,0.001961001,0.995919257
25,178,211318720,67,0.406314018,0.142569640,0.001961001,1.092723635
24,178,211318720,67,0.420281467,0.142569640,0.001961001,1.144640782
29,178,211318720,67,0.420773321,0.142569640,0.001961001,1.146179872
17,178,211318720,67,0.469331802,0.142569640,0.001961001,1.283756550
15,178,211318720,67,0.491628020,0.142569640,0.001961001,1.337364266
6,178,211318720,67,0.496683722,0.142569640,0.001961001,1.346020245
9,178,211318720,67,0.578321737,0.142569640,0.001961001,1.468604785
12,178,211318720,67,0.668942036,0.142569640,0.001961001,1.721891231
26,178,211318720,67,0.687056158,0.142569640,0.001961001,1.792832616
30,178,211318720,67,0.694847525,0.142569640,0.001961001,1.822180305
8,178,211318720,67,0.752566429,0.142569640,0.001961001,1.998911846
2,178,211318720,67,0.756670836,0.142569640,0.001961001,2.008785044
27,178,211318720,67,0.781082769,0.142569640,0.001961001,2.051220868
18,178,211318720,67,0.809045384,0.142569640,0.001961001,2.081429210
22,178,211318720,67,0.823874673,0.142569640,0.001961001,2.087379149
4,178,211318720,67,0.999831002,0.142569640,0.001961001,2.259871919
20,178,211318720,67,1.055621497,0.142569640,0.001961001,2.355697822
11,178,211318720,67,1.077776804,0.142569640,0.001961001,2.379124107
21,178,211318720,67,1.102987746,0.142569640,0.001961001,2.389067518
23,178,211318720,67,0.522957550,0.142569640,0.001961001,3.572020529
1,178,211318720,67,2.141684867,0.142569640,0.001961001,2.194925359
16,178,211318720,67,2.242581386,0.142569640,0.001961001,2.166157829
11,179,211318720,67,0.217175369,0.142569640,0.011362099,0.204314078
28,179,211318720,67,0.262618358,0.142569640,0.011362099,0.401144397
18,179,211318720,67,0.294632521,0.142569640,0.011362099,0.611786865
12,179,211318720,67,0.309103827,0.142569640,0.011362099,0.704364952
4,179,211318720,67,0.347471629,0.142569640,0.011362099,0.957053970
20,179,211318720,67,0.357826991,0.142569640,0.011362099,1.023052534
1,179,211318720,67,0.357859759,0.142569640,0.011362099,1.023243303
30,179,211318720,67,0.367044128,0.142569640,0.011362099,1.069751828
25,179,211318720,67,0.402068091,0.142569640,0.011362099,1.223179840
3,179,211318720,67,0.406841767,0.142569640,0.011362099,1.241090035
13,179,211318720,67,0.407748930,0.142569640,0.011362099,1.243868039
2,179,211318720,67,0.411648825,0.142569640,0.011362099,1.253327079
27,179,211318720,67,0.416831058,0.142569640,0.011362099,1.262467173
19,179,211318720,67,0.747118578,0.142569640,0.011362099,1.504236463
23,179,211318720,67,0.764463287,0.142569640,0.011362099,1.534034212
8,179,211318720,67,0.802276566,0.142569640,0.011362099,1.574215742
9,179,211318720,67,0.839853738,0.142569640,0.011362099,1.596903275
21,179,211318720,67,0.969201848,0.142569640,0.011362099,1.812867614
15,179,211318720,67,0.986327720,0.142569640,0.011362099,1.854273859
5,179,211318720,67,1.044856486,0.142569640,0.011362099,1.955493128
6,179,211318720,67,1.065657761,0.142569640,0.011362099,1.979601256
10,179,211318720,67,1.101347065,0.142569640,0.011362099,2.022283466
17,179,211318720,67,1.205812777,0.142569640,0.011362099,2.132122586
24,179,211318720,67,1.235957661,0.142569640,0.011362099,2.144772897
26,179,211318720,67,1.450159241,0.142569640,0.011362099,2.179971804
14,179,211318720,67,0.459292393,0.142569640,0.011362099,3.428529294
16,179,211318720,67,0.471067229,0.142569640,0.011362099,3.443966063
22,179,211318720,67,2.500940347,0.142569640,0.011362099,2.016010855
7,179,211318720,67,2.580293565,0.142569640,0.011362099,2.045248592
29,179,211318720,67,3.411740796,0.142569640,0.011362099,1.811572599
17,180,211318720,67,0.272776191,0.142569640,0.044735327,0.623027883
28,180,211318720,67,0.274486776,0.142569640,0.044735327,0.636225354
3,180,211318720,67,0.294632521,0.142569640,0.044735327,0.789026466
6,180,211318720,67,0.325376681,0.142569640,0.044735327,1.006356914
14,180,211318720,67,0.328114621,0.142569640,0.044735327,1.023910857
30,180,211318720,67,0.331808595,0.142569640,0.044735327,1.045231564
12,180,211318720,67,0.333771051,0.142569640,0.044735327,1.054932541
15,180,211318720,67,0.338645076,0.142569640,0.044735327,1.076578075
10,180,211318720,67,0.340840754,0.142569640,0.044735327,1.084757389
13,180,211318720,67,0.345303952,0.142569640,0.044735327,1.098417344
22,180,211318720,67,0.401427962,0.142569640,0.044735327,1.232473711
7,180,211318720,67,0.405338182,0.142569640,0.044735327,1.239450556
26,180,211318720,67,0.411648825,0.142569640,0.044735327,1.245928895
23,180,211318720,67,0.420773321,0.142569640,0.044735327,1.249891940
19,180,211318720,67,0.670439746,0.142569640,0.044735327,1.405473625
20,180,211318720,67,0.694847525,0.142569640,0.044735327,1.453114827
18,180,211318720,67,0.757188691,0.142569640,0.044735327,1.560189488
16,180,211318720,67,0.790535894,0.142569640,0.044735327,1.595197492
9,180,211318720,67,0.941278721,0.142569640,0.044735327,1.812137456
21,180,211318720,67,0.969201848,0.142569640,0.044735327,1.847920434
1,180,211318720,67,0.990430268,0.142569640,0.044735327,1.870290484
8,180,211318720,67,1.102987746,0.142569640,0.044735327,2.007518741
2,180,211318720,67,1.165294969,0.142569640,0.044735327,2.071923379
27,180,211318720,67,1.188858293,0.142569640,0.044735327,2.080859009
11,180,211318720,67,1.349170437,0.142569640,0.044735327,2.130287859
29,180,211318720,67,2.241835908,0.142569640,0.044735327,2.100003277
4,180,211318720,67,2.280323170,0.142569640,0.044735327,2.140546141
5,180,211318720,67,2.303361475,0.142569640,0.044735327,2.149220415
25,180,211318720,67,0.828887397,0.142569640,0.044735327,3.752519175
24,180,211318720,67,2.656838111,0.142569640,0.044735327,2.048605852
30,181,211318720,67,0.291309717,0.142569640,0.002913254,0.426569959
28,181,211318720,67,0.299654210,0.142569640,0.002913254,0.485019820
26,181,211318720,67,0.325376681,0.142569640,0.002913254,0.649726113
22,181,211318720,67,0.332457627,0.142569640,0.002913254,0.690129413
9,181,211318720,67,0.384275535,0.142569640,0.002913254,0.972108635
1,181,211318720,67,0.393703093,0.142569640,0.002913254,1.018134703
3,181,211318720,67,0.397487178,0.142569640,0.002913254,1.032098884
23,181,211318720,67,0.406841767,0.142569640,0.002913254,1.061201007
12,181,211318720,67,0.420281467,0.142569640,0.002913254,1.102374356
5,181,211318720,67,0.430501742,0.142569640,0.002913254,1.126482959
25,181,211318720,67,0.434572014,0.142569640,0.002913254,1.133539693
18,181,211318720,67,0.496683722,0.142569640,0.002913254,1.200944646
11,181,211318720,67,0.635595755,0.142569640,0.002913254,1.423332909
20,181,211318720,67,0.668942036,0.142569640,0.002913254,1.460444136
10,181,211318720,67,0.689012139,0.142569640,0.002913254,1.481494796
6,181,211318720,67,0.809045384,0.142569640,0.002913254,1.535695514
4,181,211318720,67,0.940637450,0.142569640,0.002913254,1.635249895
27,181,211318720,67,1.009629524,0.142569640,0.002913254,1.661865780
19,181,211318720,67,1.188858293,0.142569640,0.002913254,1.739672046
2,181,211318720,67,1.278350893,0.142569640,0.002913254,1.775385761
29,181,211318720,67,1.423528796,0.142569640,0.002913254,1.829917363
16,181,211318720,67,0.391378383,0.142569640,0.002913254,2.882358939
24,181,211318720,67,1.772163784,0.142569640,0.002913254,1.825343405
13,181,211318720,67,2.280323170,0.142569640,0.002913254,1.779620707
14,181,211318720,67,2.452082856,0.142569640,0.002913254,1.885323262
15,181,211318720,67,2.502933016,0.142569640,0.002913254,1.927480784
17,181,211318720,67,2.610934393,0.142569640,0.002913254,2.033391928
21,181,211318720,67,2.656838111,0.142569640,0.002913254,2.050867340
7,181,211318720,67,2.851214341,0.142569640,0.002913254,1.996149509
8,181,211318720,67,0.549024150,0.142569640,0.002913254,4.344986736
5,182,211318720,67,0.217175369,0.142569640,0.003469764,0.152973269
24,182,211318720,67,0.281178980,0.142569640,0.003469764,0.315776219
1,182,211318720,67,0.291309717,0.142569640,0.003469764,0.353673688
23,182,211318720,67,0.357826991,0.142569640,0.003469764,0.648998764
29,182,211318720,67,0.384275535,0.142569640,0.003469764,0.764496197
11,182,211318720,67,0.406314018,0.142569640,0.003469764,0.846936573
28,182,211318720,67,0.407748930,0.142569640,0.003469764,0.852201402
15,182,211318720,67,0.416831058,0.142569640,0.003469764,0.879718059
2,182,211318720,67,0.434572014,0.142569640,0.003469764,0.922430593
19,182,211318720,67,0.459361129,0.142569640,0.003469764,0.965050916
8,182,211318720,67,0.549024150,0.142569640,0.003469764,1.011353181
14,182,211318720,67,0.687056158,0.142569640,0.003469764,1.251964673
6,182,211318720,67,0.714799086,0.142569640,0.003469764,1.325432680
17,182,211318720,67,0.737725058,0.142569640,0.003469764,1.379855748
3,182,211318720,67,0.764463287,0.142569640,0.003469764,1.426265589
22,182,211318720,67,0.822148367,0.142569640,0.003469764,1.488421983
26,182,211318720,67,0.846862281,0.142569640,0.003469764,1.498711578
21,182,211318720,67,0.990430268,0.142569640,0.003469764,1.727066601
12,182,211318720,67,1.009629524,0.142569640,0.003469764,1.759898027
27,182,211318720,67,1.024237500,0.142569640,0.003469764,1.775748143
4,182,211318720,67,1.102987746,0.142569640,0.003469764,1.846724833
10,182,211318720,67,1.185253134,0.142569640,0.003469764,1.905192304
20,182,211318720,67,1.289231248,0.142569640,0.003469764,1.945021812
13,182,211318720,67,0.469331802,0.142569640,0.003469764,2.909781147
9,182,211318720,67,1.720860573,0.142569640,0.003469764,1.982057760
25,182,211318720,67,1.772163784,0.142569640,0.003469764,2.008415338
30,182,211318720,67,1.904038728,0.142569640,0.003469764,2.059444086
7,182,211318720,67,2.303361475,0.142569640,0.003469764,2.041578763
18,182,211318720,67,2.502933016,0.142569640,0.003469764,2.081683251
16,182,211318720,67,3.042432322,0.142569640,0.003469764,1.929493451
5,183,211318720,67,0.205499149,0.142569640,0.000256645,0.144607888
8,183,211318720,67,0.281178980,0.142569640,0.000256645,0.420475326
21,183,211318720,67,0.310267843,0.142569640,0.000256645,0.578913220
28,183,211318720,67,0.331808595,0.142569640,0.000256645,0.690108688
1,183,211318720,67,0.372439086,0.142569640,0.000256645,0.893225708
20,183,211318720,67,0.384120181,0.142569640,0.000256645,0.951932652
27,183,211318720,67,0.393703093,0.142569640,0.000256645,0.994208009
22,183,211318720,67,0.406314018,0.142569640,0.000256645,1.041470333
30,183,211318720,67,0.420281467,0.142569640,0.000256645,1.083923062
16,183,211318720,67,0.434572014,0.142569640,0.000256645,1.118123113
25,183,211318720,67,0.471067229,0.142569640,0.000256645,1.180969009
19,183,211318720,67,0.496683722,0.142569640,0.000256645,1.206842708
4,183,211318720,67,0.497832446,0.142569640,0.000256645,1.207437167
29,183,211318720,67,0.656366503,0.142569640,0.000256645,1.309869506
26,183,211318720,67,0.737146514,0.142569640,0.000256645,1.474060076
15,183,211318720,67,0.781082769,0.142569640,0.000256645,1.549264851
11,183,211318720,67,0.809045384,0.142569640,0.000256645,1.578314606
2,183,211318720,67,0.832820764,0.142569640,0.000256645,1.587854770
24,183,211318720,67,0.986327720,0.142569640,0.000256645,1.858544840
13,183,211318720,67,0.999831002,0.142569640,0.000256645,1.891366246
3,183,211318720,67,1.007648939,0.142569640,0.000256645,1.904995785
7,183,211318720,67,0.332457627,0.142569640,0.000256645,2.690846629
18,183,211318720,67,1.076130101,0.142569640,0.000256645,1.977221218
9,183,211318720,67,1.104358980,0.142569640,0.000256645,1.992534173
6,183,211318720,67,1.854731332,0.142569640,0.000256645,1.964088864
17,183,211318720,67,2.487518451,0.142569640,0.000256645,2.007020897
23,183,211318720,67,2.502933016,0.142569640,0.000256645,2.023627389
12,183,211318720,67,2.575342822,0.142569640,0.000256645,2.051719645
14,183,211318720,67,2.656838111,0.142569640,0.000256645,2.028667962
10,183,211318720,67,1.241069629,0.142569640,0.000256645,3.477605502
24,184,211318720,67,0.205499149,0.142569640,0.036559895,0.142432838
7,184,211318720,67,0.272776191,0.142569640,0.036559895,0.358794158
14,184,211318720,67,0.340022068,0.142569640,0.036559895,0.696336863
19,184,211318720,67,0.347471629,0.142569640,0.036559895,0.733995689
28,184,211318720,67,0.357859759,0.142569640,0.036559895,0.779733889
26,184,211318720,67,0.401123492,0.142569640,0.036559895,0.941234636
15,184,211318720,67,0.405338182,0.142569640,0.036559895,0.954209566
4,184,211318720,67,0.416831058,0.142569640,0.036559895,0.981082060
11,184,211318720,67,0.420281467,0.142569640,0.036559895,0.987076729
2,184,211318720,67,0.452040546,0.142569640,0.036559895,1.020745316
21,184,211318720,67,0.471067229,0.142569640,0.036559895,1.027325508
30,184,211318720,67,0.670439746,0.142569640,0.036559895,1.225480820
20,184,211318720,67,0.698254705,0.142569640,0.036559895,1.299121500
10,184,211318720,67,0.747118578,0.142569640,0.036559895,1.448111558
9,184,211318720,67,0.756670836,0.142569640,0.036559895,1.470715367
18,184,211318720,67,0.819719265,0.142569640,0.036559895,1.597405642
22,184,211318720,67,0.823874673,0.142569640,0.036559895,1.607029827
6,184,211318720,67,0.839853738,0.142569640,0.036559895,1.634736664
5,184,211318720,67,0.301447636,0.142569640,0.036559895,2.214732084
8,184,211318720,67,0.945577756,0.142569640,0.036559895,1.866260106
16,184,211318720,67,0.952025692,0.142569640,0.036559895,1.881599760
17,184,211318720,67,1.007648939,0.142569640,0.036559895,1.977768804
29,184,211318720,67,1.021439625,0.142569640,0.036559895,1.992124533
12,184,211318720,67,1.055621497,0.142569640,0.036559895,2.033599423
1,184,211318720,67,1.165294969,0.142569640,0.036559895,2.196975889
27,184,211318720,67,1.188858293,0.142569640,0.036559895,2.221631209
25,184,211318720,67,1.235957661,0.142569640,0.036559895,2.239399882
13,184,211318720,67,2.036967590,0.142569640,0.036559895,2.206350825
23,184,211318720,67,2.500940347,0.142569640,0.036559895,2.075056832
3,184,211318720,67,1.509114459,0.142569640,0.036559895,3.130979135
3,185,211318720,67,0.217175369,0.142569640,0.035298165,0.162673350
20,185,211318720,67,0.291309717,0.142569640,0.035298165,0.523654983
29,185,211318720,67,0.333771051,0.142569640,0.035298165,0.765190203
10,185,211318720,67,0.345303952,0.142569640,0.035298165,0.815960693
8,185,211318720,67,0.347471629,0.142569640,0.035298165,0.824238734
7,185,211318720,67,0.349695505,0.142569640,0.035298165,0.831147990
14,185,211318720,67,0.367044128,0.142569640,0.035298165,0.880356467
26,185,211318720,67,0.401123492,0.142569640,0.035298165,0.960960231
30,185,211318720,67,0.406841767,0.142569640,0.035298165,0.970984012
6,185,211318720,67,0.434572014,0.142569640,0.035298165,1.000201135
12,185,211318720,67,0.497832446,0.142569640,0.035298165,1.027012200
18,185,211318720,67,0.635595755,0.142569640,0.035298165,1.080826522
5,185,211318720,67,0.790535894,0.142569640,0.035298165,1.314148987
25,185,211318720,67,0.802276566,0.142569640,0.035298165,1.336824955
13,185,211318720,67,0.806589981,0.142569640,0.035298165,1.344241934
1,185,211318720,67,0.919655903,0.142569640,0.035298165,1.556331549
17,185,211318720,67,0.941278721,0.142569640,0.035298165,1.597253971
9,185,211318720,67,0.984046731,0.142569640,0.035298165,1.703045547
15,185,211318720,67,0.998676963,0.142569640,0.035298165,1.737689831
16,185,211318720,67,1.077776804,0.142569640,0.035298165,1.921424686
27,185,211318720,67,1.101347065,0.142569640,0.035298165,1.977993993
22,185,211318720,67,1.102987746,0.142569640,0.035298165,1.980887762
11,185,211318720,67,0.331927073,0.142569640,0.035298165,2.837676873
23,185,211318720,67,1.165294969,0.142569640,0.035298165,2.059134023
4,185,211318720,67,1.205968091,0.142569640,0.035298165,2.101487014
2,185,211318720,67,1.289231248,0.142569640,0.035298165,2.132909685
24,185,211318720,67,1.591305991,0.142569640,0.035298165,2.142960652
28,185,211318720,67,2.036967590,0.142569640,0.035298165,2.115424048
21,185,211318720,67,2.575342822,0.142569640,0.035298165,2.058933278
19,185,211318720,67,3.341109767,0.142569640,0.035298165,1.846105541
16,186,211318720,67,0.217175369,0.142569640,0.020834822,0.118572445
29,186,211318720,67,0.294632521,0.142569640,0.020834822,0.354042312
9,186,211318720,67,0.331808595,0.142569640,0.020834822,0.517956675
28,186,211318720,67,0.357859759,0.142569640,0.020834822,0.615514225
11,186,211318720,67,0.384120181,0.142569640,0.020834822,0.696793411
30,186,211318720,67,0.397487178,0.142569640,0.020834822,0.728021530
8,186,211318720,67,0.416831058,0.142569640,0.020834822,0.750383349
5,186,211318720,67,0.430501742,0.142569640,0.020834822,0.755704703
22,186,211318720,67,0.635595755,0.142569640,0.020834822,0.919091226
6,186,211318720,67,0.670439746,0.142569640,0.020834822,0.956065532
4,186,211318720,67,0.694847525,0.142569640,0.020834822,1.002898094
23,186,211318720,67,0.819719265,0.142569640,0.020834822,1.336505744
24,186,211318720,67,0.822082714,0.142569640,0.020834822,1.343611757
18,186,211318720,67,0.822148367,0.142569640,0.020834822,1.343757539
19,186,211318720,67,0.828887397,0.142569640,0.020834822,1.355386945
2,186,211318720,67,0.919655903,0.142569640,0.020834822,1.545475922
15,186,211318720,67,0.952025692,0.142569640,0.020834822,1.601190019
21,186,211318720,67,0.984046731,0.142569640,0.020834822,1.652526669
12,186,211318720,67,0.998676963,0.142569640,0.020834822,1.667863283
27,186,211318720,67,1.101347065,0.142569640,0.020834822,1.744391247
26,186,211318720,67,0.401123492,0.142569640,0.020834822,2.533158049
14,186,211318720,67,1.188858293,0.142569640,0.020834822,1.814239873
1,186,211318720,67,1.278350893,0.142569640,0.020834822,1.849254291
25,186,211318720,67,1.436765414,0.142569640,0.020834822,1.899169709
20,186,211318720,67,1.854731332,0.142569640,0.020834822,1.893427038
17,186,211318720,67,1.973971545,0.142569640,0.020834822,1.990730287
13,186,211318720,67,2.036967590,0.142569640,0.020834822,2.015393415
10,186,211318720,67,2.502933016,0.142569640,0.020834822,2.075940958
7,186,211318720,67,2.656838111,0.142569640,0.020834822,2.032697186
3,186,211318720,67,2.387739789,0.142569640,0.020834822,2.390359994
18,187,211318720,67,0.299654210,0.142569640,0.023020919,0.374750637
7,187,211318720,67,0.301447636,0.142569640,0.023020919,0.382720534
1,187,211318720,67,0.309103827,0.142569640,0.023020919,0.410951935
9,187,211318720,67,0.338645076,0.142569640,0.023020919,0.501563658
13,187,211318720,67,0.393703093,0.142569640,0.023020919,0.633752734
25,187,211318720,67,0.406314018,0.142569640,0.023020919,0.655962480
29,187,211318720,67,0.430501742,0.142569640,0.023020919,0.697847594
20,187,211318720,67,0.434572014,0.142569640,0.023020919,0.702230744
2,187,211318720,67,0.549024150,0.142569640,0.023020919,0.751218982
5,187,211318720,67,0.689012139,0.142569640,0.023020919,0.995289999
8,187,211318720,67,0.694847525,0.142569640,0.023020919,1.001717455
16,187,211318720,67,0.822082714,0.142569640,0.023020919,1.073414870
15,187,211318720,67,0.941278721,0.142569640,0.023020919,1.408014147
3,187,211318720,67,0.952025692,0.142569640,0.023020919,1.441265571
12,187,211318720,67,0.969201848,0.142569640,0.023020919,1.482698374
26,187,211318720,67,0.986327720,0.142569640,0.023020919,1.512063991
6,187,211318720,67,1.044856486,0.142569640,0.023020919,1.574578722
21,187,211318720,67,1.294309936,0.142569640,0.023020919,1.739136461
27,187,211318720,67,1.349170437,0.142569640,0.023020919,1.797807435
28,187,211318720,67,1.436765414,0.142569640,0.023020919,1.917384174
11,187,211318720,67,1.509114459,0.142569640,0.023020919,2.034658678
17,187,211318720,67,1.522868244,0.142569640,0.023020919,2.053565664
23,187,211318720,67,1.591305991,0.142569640,0.023020919,2.125600752
14,187,211318720,67,0.687056158,0.142569640,0.023020919,3.159492614
24,187,211318720,67,2.194425436,0.142569640,0.023020919,2.093799267
10,187,211318720,67,2.656838111,0.142569640,0.023020919,2.057362713
30,187,211318720,67,1.165294969,0.142569640,0.023020919,3.671173482
19,187,211318720,67,3.341109767,0.142569640,0.023020919,1.865460287
4,187,211318720,67,1.657194393,0.142569640,0.023020919,3.574049671
22,187,211318720,67,1.024237500,0.142569640,0.023020919,4.252206568
12,188,211318720,67,0.309103827,0.142569640,0.001573904,0.454852047
8,188,211318720,67,0.345303952,0.142569640,0.001573904,0.618628165
16,188,211318720,67,0.357826991,0.142569640,0.001573904,0.661802961
14,188,211318720,67,0.384120181,0.142569640,0.001573904,0.728861732
6,188,211318720,67,0.384275535,0.142569640,0.001573904,0.729243637
9,188,211318720,67,0.406369678,0.142569640,0.001573904,0.767263391
10,188,211318720,67,0.469100688,0.142569640,0.001573904,0.855174045
21,188,211318720,67,0.519929897,0.142569640,0.001573904,0.909498740
22,188,211318720,67,0.578321737,0.142569640,0.001573904,0.966924238
11,188,211318720,67,0.668942036,0.142569640,0.001573904,1.105475431
3,188,211318720,67,0.746840162,0.142569640,0.001573904,1.326303951
5,188,211318720,67,0.764463287,0.142569640,0.001573904,1.368643990
18,188,211318720,67,0.769230066,0.142569640,0.001573904,1.376969028
13,188,211318720,67,0.815600578,0.142569640,0.001573904,1.429970261
28,188,211318720,67,0.832820764,0.142569640,0.001573904,1.447142045
30,188,211318720,67,0.952025692,0.142569640,0.001573904,1.566459627
7,188,211318720,67,0.333771051,0.142569640,0.001573904,2.217005521
1,188,211318720,67,1.024237500,0.142569640,0.001573904,1.685922716
27,188,211318720,67,0.352250991,0.142569640,0.001573904,2.408871841
15,188,211318720,67,1.055621497,0.142569640,0.001573904,1.718650246
29,188,211318720,67,1.101347065,0.142569640,0.001573904,1.761989015
2,188,211318720,67,1.205812777,0.142569640,0.001573904,1.839350617
26,188,211318720,67,1.294309936,0.142569640,0.001573904,1.871544245
20,188,211318720,67,1.591305991,0.142569640,0.001573904,1.892201999
23,188,211318720,67,1.720860573,0.142569640,0.001573904,2.003006173
17,188,211318720,67,1.772163784,0.142569640,0.001573904,2.022057968
4,188,211318720,67,2.241835908,0.142569640,0.001573904,1.985987952
25,188,211318720,67,2.500940347,0.142569640,0.001573904,2.009552146
24,188,211318720,67,2.656838111,0.142569640,0.001573904,2.058345786
19,188,211318720,67,2.759003758,0.142569640,0.001573904,2.029407706
25,189,211318720,67,0.205499149,0.142569640,0.018595440,0.167915305
22,189,211318720,67,0.217175369,0.142569640,0.018595440,0.188144979
27,189,211318720,67,0.309103827,0.142569640,0.018595440,0.345592315
10,189,211318720,67,0.346780912,0.142569640,0.018595440,0.409725806
14,189,211318720,67,0.405338182,0.142569640,0.018595440,0.505846415
11,189,211318720,67,0.407748930,0.142569640,0.018595440,0.508328859
20,189,211318720,67,0.496683722,0.142569640,0.018595440,0.542864335
12,189,211318720,67,0.656366503,0.142569640,0.018595440,0.746994686
3,189,211318720,67,0.689012139,0.142569640,0.018595440,0.861805074
15,189,211318720,67,0.737146514,0.142569640,0.018595440,1.063999474
1,189,211318720,67,0.747118578,0.142569640,0.018595440,1.100855968
5,189,211318720,67,0.790535894,0.142569640,0.018595440,1.233834756
30,189,211318720,67,0.799520819,0.142569640,0.018595440,1.256999015
21,189,211318720,67,0.819719265,0.142569640,0.018595440,1.319489934
16,189,211318720,67,0.821650137,0.142569640,0.018595440,1.323883597
29,189,211318720,67,0.846862281,0.142569640,0.018595440,1.366536824
17,189,211318720,67,0.940637450,0.142569640,0.018595440,1.525607017
7,189,211318720,67,0.941278721,0.142569640,0.018595440,1.526717995
8,189,211318720,67,1.009629524,0.142569640,0.018595440,1.664712948
2,189,211318720,67,1.065657761,0.142569640,0.018595440,1.759941332
4,189,211318720,67,1.101347065,0.142569640,0.018595440,1.797161563
28,189,211318720,67,1.102987746,0.142569640,0.018595440,1.797785782
26,189,211318720,67,1.349170437,0.142569640,0.018595440,1.985664216
19,189,211318720,67,1.414402113,0.142569640,0.018595440,2.141389297
9,189,211318720,67,1.423528796,0.142569640,0.018595440,2.157154624
23,189,211318720,67,1.450159241,0.142569640,0.018595440,2.176906743
6,189,211318720,67,2.141684867,0.142569640,0.018595440,2.082092732
13,189,211318720,67,2.610934393,0.142569640,0.018595440,2.044051625
24,189,211318720,67,3.042432322,0.142569640,0.018595440,1.920014253
18,189,211318720,67,1.436765414,0.142569640,0.018595440,3.556090600
17,190,211318720,67,0.310267843,0.142569640,0.012423276,0.538746159
16,190,211318720,67,0.331808595,0.142569640,0.012423276,0.662026760
9,190,211318720,67,0.333771051,0.142569640,0.012423276,0.671661796
12,190,211318720,67,0.338645076,0.142569640,0.012423276,0.693067398
1,190,211318720,67,0.357826991,0.142569640,0.012423276,0.764529403
11,190,211318720,67,0.367044128,0.142569640,0.012423276,0.794371311
8,190,211318720,67,0.391378383,0.142569640,0.012423276,0.868840734
7,190,211318720,67,0.402068091,0.142569640,0.012423276,0.894633974
6,190,211318720,67,0.407748930,0.142569640,0.012423276,0.904542993
4,190,211318720,67,0.420281467,0.142569640,0.012423276,0.918028338
27,190,211318720,67,0.507433692,0.142569640,0.012423276,1.000257691
20,190,211318720,67,0.578321737,0.142569640,0.012423276,1.051249829
14,190,211318720,67,0.687056158,0.142569640,0.012423276,1.234523953
19,190,211318720,67,0.752566429,0.142569640,0.012423276,1.434180329
10,190,211318720,67,0.756670836,0.142569640,0.012423276,1.444029901
26,190,211318720,67,0.781082769,0.142569640,0.012423276,1.485895101
25,190,211318720,67,0.822082714,0.142569640,0.012423276,1.538493992
24,190,211318720,67,0.823874673,0.142569640,0.012423276,1.540467320
18,190,211318720,67,0.952025692,0.142569640,0.012423276,1.649063946
30,190,211318720,67,1.007648939,0.142569640,0.012423276,1.702878826
29,190,211318720,67,1.101347065,0.142569640,0.012423276,1.798868802
22,190,211318720,67,1.163510533,0.142569640,0.012423276,1.871641605
5,190,211318720,67,1.235957661,0.142569640,0.012423276,1.947608208
2,190,211318720,67,1.294309936,0.142569640,0.012423276,1.970155714
21,190,211318720,67,1.657194393,0.142569640,0.012423276,1.961147076
23,190,211318720,67,1.973971545,0.142569640,0.012423276,2.018720034
13,190,211318720,67,2.036967590,0.142569640,0.012423276,2.043051385
15,190,211318720,67,2.241835908,0.142569640,0.012423276,2.134100609
3,190,211318720,67,2.303361475,0.142569640,0.012423276,2.158395491
28,190,211318720,67,3.341109767,0.142569640,0.012423276,1.868743435
26,191,211318720,67,0.205499149,0.142569640,0.018218260,0.176208133
29,191,211318720,67,0.218636321,0.142569640,0.018218260,0.198742409
28,191,211318720,67,0.401123492,0.142569640,0.018218260,0.631988850
30,191,211318720,67,0.420513033,0.142569640,0.018218260,0.678689969
8,191,211318720,67,0.434572014,0.142569640,0.018218260,0.703114323
14,191,211318720,67,0.469100688,0.142569640,0.018218260,0.739816802
7,191,211318720,67,0.469331802,0.142569640,0.018218260,0.739929386
21,191,211318720,67,0.301447636,0.142569640,0.018218260,1.146148984
17,191,211318720,67,0.698254705,0.142569640,0.018218260,0.871171442
6,191,211318720,67,0.752566429,0.142569640,0.018218260,1.072896551
19,191,211318720,67,0.340840754,0.142569640,0.018218260,1.708379367
11,191,211318720,67,0.821650137,0.142569640,0.018218260,1.284255599
24,191,211318720,67,0.822082714,0.142569640,0.018218260,1.285277472
3,191,211318720,67,0.822148367,0.142569640,0.018218260,1.285406987
27,191,211318720,67,0.832820764,0.142569640,0.018218260,1.296680173
25,191,211318720,67,0.839853738,0.142569640,0.018218260,1.299324987
18,191,211318720,67,1.024237500,0.142569640,0.018218260,1.526213346
5,191,211318720,67,1.044856486,0.142569640,0.018218260,1.561823464
10,191,211318720,67,1.077776804,0.142569640,0.018218260,1.595621698
13,191,211318720,67,1.102987746,0.142569640,0.018218260,1.605137102
12,191,211318720,67,1.591305991,0.142569640,0.018218260,1.565387626
16,191,211318720,67,1.772163784,0.142569640,0.018218260,1.617699607
23,191,211318720,67,1.904038728,0.142569640,0.018218260,1.669451015
22,191,211318720,67,2.070019088,0.142569640,0.018218260,1.732401129
15,191,211318720,67,2.194425436,0.142569640,0.018218260,1.907069761
4,191,211318720,67,2.241835908,0.142569640,0.018218260,1.957059346
9,191,211318720,67,2.242581386,0.142569640,0.018218260,1.957387234
2,191,211318720,67,2.387739789,0.142569640,0.018218260,2.063718087
1,191,211318720,67,2.452082856,0.142569640,0.018218260,2.089371401
20,191,211318720,67,3.411740796,0.142569640,0.018218260,1.816865191
27,192,211318720,67,0.291309717,0.142569640,0.050878003,0.476162064
17,192,211318720,67,0.294632521,0.142569640,0.050878003,0.497543062
12,192,211318720,67,0.340022068,0.142569640,0.050878003,0.757088753
1,192,211318720,67,0.340840754,0.142569640,0.050878003,0.761162458
5,192,211318720,67,0.347471629,0.142569640,0.050878003,0.790018199
15,192,211318720,67,0.357859759,0.142569640,0.050878003,0.828900653
10,192,211318720,67,0.391378383,0.142569640,0.050878003,0.930137954
14,192,211318720,67,0.393703093,0.142569640,0.050878003,0.935655250
2,192,211318720,67,0.402068091,0.142569640,0.050878003,0.950132594
9,192,211318720,67,0.416831058,0.142569640,0.050878003,0.965866979
6,192,211318720,67,0.420513033,0.142569640,0.050878003,0.967290953
3,192,211318720,67,0.689012139,0.142569640,0.050878003,1.147215675
24,192,211318720,67,0.747118578,0.142569640,0.050878003,1.353440124
13,192,211318720,67,0.764463287,0.142569640,0.050878003,1.406658840
21,192,211318720,67,0.781082769,0.142569640,0.050878003,1.446705249
7,192,211318720,67,0.799520819,0.142569640,0.050878003,1.478710364
30,192,211318720,67,0.828887397,0.142569640,0.050878003,1.509456635
8,192,211318720,67,0.846862281,0.142569640,0.050878003,1.516593957
29,192,211318720,67,0.990430268,0.142569640,0.050878003,1.729893560
19,192,211318720,67,1.007648939,0.142569640,0.050878003,1.748203140
11,192,211318720,67,1.021439625,0.142569640,0.050878003,1.753807742
20,192,211318720,67,1.163510533,0.142569640,0.050878003,2.046707684
28,192,211318720,67,1.165294969,0.142569640,0.050878003,2.049884482
22,192,211318720,67,1.188858293,0.142569640,0.050878003,2.075548709
23,192,211318720,67,1.205812777,0.142569640,0.050878003,2.082645126
26,192,211318720,67,1.657194393,0.142569640,0.050878003,2.050743941
16,192,211318720,67,1.934453384,0.142569640,0.050878003,2.071776700
25,192,211318720,67,2.070019088,0.142569640,0.050878003,2.123475532
4,192,211318720,67,2.303361475,0.142569640,0.050878003,2.156008184
18,192,211318720,67,3.411740796,0.142569640,0.050878003,1.847963935
4,193,211318720,67,0.272776191,0.142569640,0.041388631,0.198757243
30,193,211318720,67,0.274486776,0.142569640,0.041388631,0.204057094
23,193,211318720,67,0.387058100,0.142569640,0.041388631,0.637876247
18,193,211318720,67,0.391378383,0.142569640,0.041388631,0.654105321
13,193,211318720,67,0.401427962,0.142569640,0.041388631,0.684789063
5,193,211318720,67,0.406841767,0.142569640,0.041388631,0.697597657
26,193,211318720,67,0.420281467,0.142569640,0.041388631,0.720671474
24,193,211318720,67,0.452040546,0.142569640,0.041388631,0.754123855
12,193,211318720,67,0.469100688,0.142569640,0.041388631,0.760529931
3,193,211318720,67,0.656366503,0.142569640,0.041388631,1.092155209
2,193,211318720,67,0.687056158,0.142569640,0.041388631,1.236227892
10,193,211318720,67,0.689012139,0.142569640,0.041388631,1.246202377
1,193,211318720,67,0.698254705,0.142569640,0.041388631,1.286559221
16,193,211318720,67,0.756670836,0.142569640,0.041388631,1.525690891
11,193,211318720,67,0.757188691,0.142569640,0.041388631,1.527682746
6,193,211318720,67,0.781082769,0.142569640,0.041388631,1.604853983
21,193,211318720,67,0.790535894,0.142569640,0.041388631,1.633549229
22,193,211318720,67,0.823874673,0.142569640,0.041388631,1.710633431
25,193,211318720,67,0.867005483,0.142569640,0.041388631,1.756539738
29,193,211318720,67,0.917862357,0.142569640,0.041388631,1.776071054
19,193,211318720,67,1.104358980,0.142569640,0.041388631,1.820129148
8,193,211318720,67,1.278350893,0.142569640,0.041388631,1.866829327
9,193,211318720,67,1.973971545,0.142569640,0.041388631,1.796866321
27,193,211318720,67,2.070019088,0.142569640,0.041388631,1.835432840
28,193,211318720,67,2.241835908,0.142569640,0.041388631,1.884302964
15,193,211318720,67,2.502933016,0.142569640,0.041388631,1.928966645
14,193,211318720,67,0.819719265,0.142569640,0.041388631,3.689087629
17,193,211318720,67,2.610934393,0.142569640,0.041388631,1.970762170
20,193,211318720,67,2.851214341,0.142569640,0.041388631,1.997212270
7,193,211318720,67,3.341109767,0.142569640,0.041388631,1.857604782
21,194,211318720,67,0.274486776,0.142569640,0.188678682,0.266649840
3,194,211318720,67,0.332457627,0.142569640,0.188678682,0.545487705
20,194,211318720,67,0.338645076,0.142569640,0.188678682,0.572859671
4,194,211318720,67,0.340022068,0.142569640,0.188678682,0.578083515
13,194,211318720,67,0.366496772,0.142569640,0.188678682,0.674881988
11,194,211318720,67,0.401123492,0.142569640,0.188678682,0.803748777
8,194,211318720,67,0.405338182,0.142569640,0.188678682,0.816706647
22,194,211318720,67,0.434572014,0.142569640,0.188678682,0.877039029
25,194,211318720,67,0.496683722,0.142569640,0.188678682,0.941416991
1,194,211318720,67,0.497832446,0.142569640,0.188678682,0.941896470
26,194,211318720,67,0.698254705,0.142569640,0.188678682,1.124577883
2,194,211318720,67,0.757188691,0.142569640,0.188678682,1.226412456
6,194,211318720,67,0.769230066,0.142569640,0.188678682,1.238594727
16,194,211318720,67,0.781082769,0.142569640,0.188678682,1.245705430
27,194,211318720,67,0.919655903,0.142569640,0.188678682,1.494817248
29,194,211318720,67,0.941278721,0.142569640,0.188678682,1.531376452
19,194,211318720,67,0.945577756,0.142569640,0.188678682,1.536060372
28,194,211318720,67,1.009629524,0.142569640,0.188678682,1.591208480
30,194,211318720,67,1.104358980,0.142569640,0.188678682,1.640147200
15,194,211318720,67,1.235957661,0.142569640,0.188678682,1.838237665
18,194,211318720,67,1.241069629,0.142569640,0.188678682,1.843132769
5,194,211318720,67,1.289231248,0.142569640,0.188678682,1.861893499
14,194,211318720,67,0.420773321,0.142569640,0.188678682,2.738094535
24,194,211318720,67,1.509114459,0.142569640,0.188678682,1.897868568
7,194,211318720,67,1.973971545,0.142569640,0.188678682,1.913259808
17,194,211318720,67,2.036967590,0.142569640,0.188678682,1.937684095
9,194,211318720,67,2.194425436,0.142569640,0.188678682,1.987628587
10,194,211318720,67,2.387739789,0.142569640,0.188678682,2.056850879
23,194,211318720,67,2.487518451,0.142569640,0.188678682,2.094227950
12,194,211318720,67,3.042432322,0.142569640,0.188678682,1.939230102
5,195,211318720,67,0.272776191,0.142569640,0.031897351,0.319595920
6,195,211318720,67,0.294632521,0.142569640,0.031897351,0.387713486
13,195,211318720,67,0.309103827,0.142569640,0.031897351,0.431701846
29,195,211318720,67,0.332457627,0.142569640,0.031897351,0.498319523
26,195,211318720,67,0.357859759,0.142569640,0.031897351,0.564936065
19,195,211318720,67,0.384120181,0.142569640,0.031897351,0.627384905
17,195,211318720,67,0.434572014,0.142569640,0.031897351,0.714529365
9,195,211318720,67,0.459292393,0.142569640,0.031897351,0.740302108
10,195,211318720,67,0.491628020,0.142569640,0.031897351,0.752985524
7,195,211318720,67,0.689012139,0.142569640,0.031897351,1.024748254
16,195,211318720,67,0.698254705,0.142569640,0.031897351,1.053313685
20,195,211318720,67,0.714799086,0.142569640,0.031897351,1.092760180
4,195,211318720,67,0.752566429,0.142569640,0.031897351,1.157152018
22,195,211318720,67,0.822082714,0.142569640,0.031897351,1.269556164
3,195,211318720,67,0.822148367,0.142569640,0.031897351,1.269688989
28,195,211318720,67,0.917862357,0.142569640,0.031897351,1.416595836
11,195,211318720,67,0.952025692,0.142569640,0.031897351,1.471831232
21,195,211318720,67,0.990430268,0.142569640,0.031897351,1.511782855
15,195,211318720,67,1.065657761,0.142569640,0.031897351,1.569509915
18,195,211318720,67,1.165294969,0.142569640,0.031897351,1.657331994
14,195,211318720,67,1.235957661,0.142569640,0.031897351,1.705588113
25,195,211318720,67,1.349170437,0.142569640,0.031897351,1.852154844
30,195,211318720,67,1.374381413,0.142569640,0.031897351,1.879186075
1,195,211318720,67,1.450159241,0.142569640,0.031897351,1.908308660
2,195,211318720,67,1.772163784,0.142569640,0.031897351,1.913727493
24,195,211318720,67,2.303361475,0.142569640,0.031897351,1.953943530
23,195,211318720,67,2.452082856,0.142569640,0.031897351,2.069301085
27,195,211318720,67,2.502933016,0.142569640,0.031897351,2.089235154
8,195,211318720,67,2.656838111,0.142569640,0.031897351,2.045205739
12,195,211318720,67,2.122991969,0.142569640,0.031897351,2.648852060
25,196,211318720,67,0.281178980,0.142569640,0.093512490,0.411780806
11,196,211318720,67,0.328114621,0.142569640,0.093512490,0.647405521
20,196,211318720,67,0.344720398,0.142569640,0.093512490,0.741671570
13,196,211318720,67,0.347471629,0.142569640,0.093512490,0.755592797
6,196,211318720,67,0.357826991,0.142569640,0.093512490,0.800931032
17,196,211318720,67,0.366496772,0.142569640,0.093512490,0.833296841
16,196,211318720,67,0.406314018,0.142569640,0.093512490,0.974824189
22,196,211318720,67,0.420513033,0.142569640,0.093512490,1.018326788
2,196,211318720,67,0.430501742,0.142569640,0.093512490,1.042448835
23,196,211318720,67,0.469100688,0.142569640,0.093512490,1.108404753
30,196,211318720,67,0.519929897,0.142569640,0.093512490,1.127338692
9,196,211318720,67,0.670439746,0.142569640,0.093512490,1.281342216
5,196,211318720,67,0.272776191,0.142569640,0.093512490,1.745325393
21,196,211318720,67,0.714799086,0.142569640,0.093512490,1.355389329
19,196,211318720,67,0.764463287,0.142569640,0.093512490,1.407330541
26,196,211318720,67,0.809045384,0.142569640,0.093512490,1.447022036
7,196,211318720,67,0.917862357,0.142569640,0.093512490,1.640528991
10,196,211318720,67,0.969201848,0.142569640,0.093512490,1.729127073
18,196,211318720,67,0.986327720,0.142569640,0.093512490,1.747854206
24,196,211318720,67,0.999831002,0.142569640,0.093512490,1.753055364
12,196,211318720,67,1.205968091,0.142569640,0.093512490,1.863592632
29,196,211318720,67,1.349170437,0.142569640,0.093512490,1.966919122
3,196,211318720,67,1.450159241,0.142569640,0.093512490,2.002022356
4,196,211318720,67,0.469331802,0.142569640,0.093512490,3.095674450
8,196,211318720,67,2.036967590,0.142569640,0.093512490,1.931811027
27,196,211318720,67,2.194425436,0.142569640,0.093512490,2.044095592
15,196,211318720,67,2.242581386,0.142569640,0.093512490,2.062612557
14,196,211318720,67,2.502933016,0.142569640,0.093512490,2.084047258
28,196,211318720,67,2.575342822,0.142569640,0.093512490,2.063457832
1,196,211318720,67,1.235957661,0.142569640,0.093512490,3.509452491
22,197,211318720,67,0.205499149,0.142569640,0.024594544,0.076033173
27,197,211318720,67,0.331808595,0.142569640,0.024594544,0.542597313
1,197,211318720,67,0.332457627,0.142569640,0.024594544,0.544941231
10,197,211318720,67,0.347471629,0.142569640,0.024594544,0.590885235
17,197,211318720,67,0.352250991,0.142569640,0.024594544,0.601655012
26,197,211318720,67,0.372439086,0.142569640,0.024594544,0.636408771
23,197,211318720,67,0.393703093,0.142569640,0.024594544,0.658479934
25,197,211318720,67,0.401427962,0.142569640,0.024594544,0.661574094
11,197,211318720,67,0.656366503,0.142569640,0.024594544,0.898615277
29,197,211318720,67,0.670439746,0.142569640,0.024594544,0.959420491
18,197,211318720,67,0.737146514,0.142569640,0.024594544,1.206911616
19,197,211318720,67,0.737725058,0.142569640,0.024594544,1.208770263
13,197,211318720,67,0.756670836,0.142569640,0.024594544,1.253515725
28,197,211318720,67,0.781082769,0.142569640,0.024594544,1.296158485
7,197,211318720,67,0.790535894,0.142569640,0.024594544,1.305898897
12,197,211318720,67,0.799520819,0.142569640,0.024594544,1.310037798
24,197,211318720,67,0.941278721,0.142569640,0.024594544,1.495817536
8,197,211318720,67,0.945577756,0.142569640,0.024594544,1.500294804
6,197,211318720,67,1.024237500,0.142569640,0.024594544,1.572291115
21,197,211318720,67,1.102987746,0.142569640,0.024594544,1.631690440
3,197,211318720,67,1.241069629,0.142569640,0.024594544,1.753486758
15,197,211318720,67,1.414402113,0.142569640,0.024594544,1.831942159
5,197,211318720,67,1.509114459,0.142569640,0.024594544,1.909671343
9,197,211318720,67,1.591305991,0.142569640,0.024594544,1.941423278
14,197,211318720,67,2.036967590,0.142569640,0.024594544,2.014308260
16,197,211318720,67,2.070019088,0.142569640,0.024594544,2.048451677
30,197,211318720,67,2.141684867,0.142569640,0.024594544,2.076854749
2,197,211318720,67,2.500940347,0.142569640,0.024594544,2.073636240
4,197,211318720,67,1.205968091,0.142569640,0.024594544,3.725489838
20,197,211318720,67,3.042432322,0.142569640,0.024594544,1.920580987
13,198,211318720,67,0.205499149,0.142569640,0.057270676,0.130791406
23,198,211318720,67,0.262618358,0.142569640,0.057270676,0.322093826
15,198,211318720,67,0.333771051,0.142569640,0.057270676,0.674641557
22,198,211318720,67,0.340840754,0.142569640,0.057270676,0.705584475
27,198,211318720,67,0.345303952,0.142569640,0.057270676,0.722237308
10,198,211318720,67,0.346780912,0.142569640,0.057270676,0.726602315
21,198,211318720,67,0.384120181,0.142569640,0.057270676,0.861326024
29,198,211318720,67,0.401427962,0.142569640,0.057270676,0.925573508
20,198,211318720,67,0.406841767,0.142569640,0.057270676,0.942240705
30,198,211318720,67,0.416831058,0.142569640,0.057270676,0.972695633
17,198,211318720,67,0.491628020,0.142569640,0.057270676,1.150590041
19,198,211318720,67,0.496683722,0.142569640,0.057270676,1.159716388
25,198,211318720,67,0.522957550,0.142569640,0.057270676,1.187168174
2,198,211318720,67,0.549024150,0.142569640,0.057270676,1.227109565
26,198,211318720,67,0.668942036,0.142569640,0.057270676,1.401974375
5,198,211318720,67,0.670439746,0.142569640,0.057270676,1.404474699
24,198,211318720,67,0.747118578,0.142569640,0.057270676,1.575991061
3,198,211318720,67,0.802276566,0.142569640,0.057270676,1.707450090
12,198,211318720,67,0.832073278,0.142569640,0.057270676,1.774252762
1,198,211318720,67,0.832820764,0.142569640,0.057270676,1.775407943
11,198,211318720,67,0.867005483,0.142569640,0.057270676,1.839019077
16,198,211318720,67,0.952025692,0.142569640,0.057270676,2.031374457
9,198,211318720,67,0.990430268,0.142569640,0.057270676,2.119718809
7,198,211318720,67,1.055621497,0.142569640,0.057270676,2.188946029
18,198,211318720,67,1.065657761,0.142569640,0.057270676,2.192746889
8,198,211318720,67,1.934453384,0.142569640,0.057270676,2.041326817
28,198,211318720,67,2.387739789,0.142569640,0.057270676,2.040015589
14,198,211318720,67,0.986327720,0.142569640,0.057270676,4.037069300
4,198,211318720,67,3.341109767,0.142569640,0.057270676,1.838743834
6,198,211318720,67,2.487518451,0.142569640,0.057270676,2.794574207
21,199,211318720,67,0.331808595,0.142569640,0.007850615,0.924093646
26,199,211318720,67,0.331927073,0.142569640,0.007850615,0.925168018
16,199,211318720,67,0.340022068,0.142569640,0.007850615,0.993289744
15,199,211318720,67,0.349695505,0.142569640,0.007850615,1.068153036
10,199,211318720,67,0.366496772,0.142569640,0.007850615,1.194866919
20,199,211318720,67,0.372439086,0.142569640,0.007850615,1.236894597
30,199,211318720,67,0.384275535,0.142569640,0.007850615,1.312766621
23,199,211318720,67,0.387058100,0.142569640,0.007850615,1.328770036
14,199,211318720,67,0.402068091,0.142569640,0.007850615,1.401443216
25,199,211318720,67,0.407748930,0.142569640,0.007850615,1.422670313
7,199,211318720,67,0.420281467,0.142569640,0.007850615,1.460927884
12,199,211318720,67,0.420513033,0.142569640,0.007850615,1.461500193
4,199,211318720,67,0.420773321,0.142569640,0.007850615,1.461896563
24,199,211318720,67,0.469100688,0.142569640,0.007850615,1.513110829
17,199,211318720,67,0.496683722,0.142569640,0.007850615,1.523531460
22,199,211318720,67,0.714799086,0.142569640,0.007850615,1.697448870
18,199,211318720,67,0.737146514,0.142569640,0.007850615,1.751051940
9,199,211318720,67,0.823874673,0.142569640,0.007850615,1.899753054
28,199,211318720,67,0.828887397,0.142569640,0.007850615,1.904917333
27,199,211318720,67,0.832820764,0.142569640,0.007850615,1.906570703
29,199,211318720,67,0.310267843,0.142569640,0.007850615,2.662681471
8,199,211318720,67,1.101347065,0.142569640,0.007850615,1.962052718
6,199,211318720,67,1.185253134,0.142569640,0.007850615,2.058821372
1,199,211318720,67,1.275961791,0.142569640,0.007850615,2.154208813
5,199,211318720,67,1.284436966,0.142569640,0.007850615,2.157765353
3,199,211318720,67,1.720860573,0.142569640,0.007850615,2.131749116
19,199,211318720,67,0.397487178,0.142569640,0.007850615,3.511784897
13,199,211318720,67,1.973971545,0.142569640,0.007850615,2.159036899
11,199,211318720,67,2.610934393,0.142569640,0.007850615,2.079578512
2,199,211318720,67,2.851214341,0.142569640,0.007850615,2.012214832
3,200,211318720,67,0.274486776,0.142569640,0.045471009,0.365963313
14,200,211318720,67,0.291309717,0.142569640,0.045471009,0.439799322
2,200,211318720,67,0.301447636,0.142569640,0.045471009,0.477621662
10,200,211318720,67,0.310267843,0.142569640,0.045471009,0.505105680
26,200,211318720,67,0.331927073,0.142569640,0.045471009,0.570905167
28,200,211318720,67,0.397487178,0.142569640,0.045471009,0.779493347
29,200,211318720,67,0.402068091,0.142569640,0.045471009,0.796689841
27,200,211318720,67,0.416831058,0.142569640,0.045471009,0.842243234
23,200,211318720,67,0.452040546,0.142569640,0.045471009,0.926633834
1,200,211318720,67,0.507433692,0.142569640,0.045471009,1.021398827
19,200,211318720,67,0.515830983,0.142569640,0.045471009,1.031855265
9,200,211318720,67,0.519929897,0.142569640,0.045471009,1.035998880
17,200,211318720,67,0.656366503,0.142569640,0.045471009,1.412910009
20,200,211318720,67,0.668942036,0.142569640,0.045471009,1.462676601
22,200,211318720,67,0.670439746,0.142569640,0.045471009,1.468298405
15,200,211318720,67,0.695802929,0.142569640,0.045471009,1.561224205
25,200,211318720,67,0.737146514,0.142569640,0.045471009,1.715110126
16,200,211318720,67,0.752566429,0.142569640,0.045471009,1.762134781
11,200,211318720,67,0.781082769,0.142569640,0.045471009,1.831059888
30,200,211318720,67,0.806589981,0.142569640,0.045471009,1.877262030
5,200,211318720,67,0.822148367,0.142569640,0.045471009,1.904254052
21,200,211318720,67,0.832073278,0.142569640,0.045471009,1.914856889
13,200,211318720,67,0.945577756,0.142569640,0.045471009,1.959591664
6,200,211318720,67,1.102987746,0.142569640,0.045471009,2.011791457
8,200,211318720,67,1.349170437,0.142569640,0.045471009,2.037702815
18,200,211318720,67,1.509114459,0.142569640,0.045471009,2.127968755
7,200,211318720,67,1.591305991,0.142569640,0.045471009,2.159701462
4,200,211318720,67,1.904038728,0.142569640,0.045471009,2.166498438
24,200,211318720,67,2.194425436,0.142569640,0.045471009,2.182899819
12,200,211318720,67,3.411740796,0.142569640,0.045471009,1.841226496
18,201,211318720,67,0.205499149,0.142569640,0.028116699,0.198530216
1,201,211318720,67,0.272776191,0.142569640,0.028116699,0.468290325
9,201,211318720,67,0.281178980,0.142569640,0.028116699,0.510219536
12,201,211318720,67,0.301447636,0.142569640,0.028116699,0.599091024
28,201,211318720,67,0.328114621,0.142569640,0.028116699,0.699425661
24,201,211318720,67,0.340022068,0.142569640,0.028116699,0.743891590
3,201,211318720,67,0.366496772,0.142569640,0.028116699,0.833251942
15,201,211318720,67,0.384120181,0.142569640,0.028116699,0.899043382
10,201,211318720,67,0.401123492,0.142569640,0.028116699,0.951209975
17,201,211318720,67,0.411648825,0.142569640,0.028116699,0.976331174
27,201,211318720,67,0.469331802,0.142569640,0.028116699,1.075027019
6,201,211318720,67,0.497832446,0.142569640,0.028116699,1.105419121
8,201,211318720,67,0.507433692,0.142569640,0.028116699,1.109412631
2,201,211318720,67,0.756670836,0.142569640,0.028116699,1.332160658
4,201,211318720,67,0.757188691,0.142569640,0.028116699,1.333052261
30,201,211318720,67,0.815600578,0.142569640,0.028116699,1.394882620
22,201,211318720,67,0.832820764,0.142569640,0.028116699,1.401504268
19,201,211318720,67,0.990430268,0.142569640,0.028116699,1.600680831
25,201,211318720,67,1.021439625,0.142569640,0.028116699,1.654233473
7,201,211318720,67,1.101347065,0.142569640,0.028116699,1.746526679
5,201,211318720,67,1.183831296,0.142569640,0.028116699,1.799356334
29,201,211318720,67,1.294309936,0.142569640,0.028116699,1.842773554
21,201,211318720,67,1.450159241,0.142569640,0.028116699,1.894718748
14,201,211318720,67,1.720860573,0.142569640,0.028116699,1.915063551
16,201,211318720,67,1.973971545,0.142569640,0.028116699,1.992531667
26,201,211318720,67,2.036967590,0.142569640,0.028116699,2.016088825
13,201,211318720,67,2.194425436,0.142569640,0.028116699,2.066649061
11,201,211318720,67,2.387739789,0.142569640,0.028116699,2.107799795
23,201,211318720,67,2.580293565,0.142569640,0.028116699,2.054064032
20,201,211318720,67,1.055621497,0.142569640,0.028116699,3.590212531
22,202,211318720,67,0.294632521,0.142569640,0.062625796,0.491925731
13,202,211318720,67,0.310267843,0.142569640,0.062625796,0.570247664
2,202,211318720,67,0.331927073,0.142569640,0.062625796,0.650543474
14,202,211318720,67,0.333771051,0.142569640,0.062625796,0.656094903
20,202,211318720,67,0.366496772,0.142569640,0.062625796,0.733827588
8,202,211318720,67,0.384275535,0.142569640,0.062625796,0.764448537
15,202,211318720,67,0.401427962,0.142569640,0.062625796,0.782527451
19,202,211318720,67,0.402068091,0.142569640,0.062625796,0.782656545
5,202,211318720,67,0.578321737,0.142569640,0.062625796,0.830601060
29,202,211318720,67,0.714799086,0.142569640,0.062625796,1.042339160
1,202,211318720,67,0.747118578,0.142569640,0.062625796,1.098001268
7,202,211318720,67,0.309103827,0.142569640,0.062625796,1.840476113
26,202,211318720,67,0.969201848,0.142569640,0.062625796,1.360237045
10,202,211318720,67,0.984046731,0.142569640,0.062625796,1.376299687
11,202,211318720,67,0.990430268,0.142569640,0.062625796,1.378667194
25,202,211318720,67,1.183831296,0.142569640,0.062625796,1.594457811
24,202,211318720,67,1.185253134,0.142569640,0.062625796,1.595875098
21,202,211318720,67,1.205812777,0.142569640,0.062625796,1.604130782
3,202,211318720,67,1.374381413,0.142569640,0.062625796,1.654197377
9,202,211318720,67,1.772163784,0.142569640,0.062625796,1.677057390
28,202,211318720,67,1.854731332,0.142569640,0.062625796,1.749810918
23,202,211318720,67,0.756670836,0.142569640,0.062625796,2.924799575
27,202,211318720,67,1.934453384,0.142569640,0.062625796,1.781387490
4,202,211318720,67,0.832073278,0.142569640,0.062625796,2.941563969
18,202,211318720,67,2.387739789,0.142569640,0.062625796,1.821657617
6,202,211318720,67,2.452082856,0.142569640,0.062625796,1.890282182
12,202,211318720,67,2.500940347,0.142569640,0.062625796,1.909328416
30,202,211318720,67,2.851214341,0.142569640,0.062625796,1.907608479
17,202,211318720,67,3.042432322,0.142569640,0.062625796,1.951328426
16,202,211318720,67,3.411740796,0.142569640,0.062625796,1.848507818
21,203,211318720,67,0.301447636,0.142569640,0.017634349,0.464026772
7,203,211318720,67,0.331927073,0.142569640,0.017634349,0.638271123
3,203,211318720,67,0.333771051,0.142569640,0.017634349,0.647578973
1,203,211318720,67,0.338645076,0.142569640,0.017634349,0.668721239
27,203,211318720,67,0.352250991,0.142569640,0.017634349,0.719611387
10,203,211318720,67,0.391378383,0.142569640,0.017634349,0.882125521
16,203,211318720,67,0.393703093,0.142569640,0.017634349,0.890897328
15,203,211318720,67,0.405338182,0.142569640,0.017634349,0.926658028
6,203,211318720,67,0.406314018,0.142569640,0.017634349,0.929023156
14,203,211318720,67,0.430501742,0.142569640,0.017634349,0.971311761
23,203,211318720,67,0.496683722,0.142569640,0.017634349,1.043748242
2,203,211318720,67,0.507433692,0.142569640,0.017634349,1.055676474
24,203,211318720,67,0.635595755,0.142569640,0.017634349,1.103617713
12,203,211318720,67,0.781082769,0.142569640,0.017634349,1.221639406
8,203,211318720,67,0.832820764,0.142569640,0.017634349,1.281110882
28,203,211318720,67,0.919655903,0.142569640,0.017634349,1.421943933
5,203,211318720,67,0.969201848,0.142569640,0.017634349,1.500645999
13,203,211318720,67,0.986327720,0.142569640,0.017634349,1.530927317
18,203,211318720,67,1.077776804,0.142569640,0.017634349,1.726928901
30,203,211318720,67,1.102987746,0.142569640,0.017634349,1.787290811
4,203,211318720,67,1.163510533,0.142569640,0.017634349,1.890516835
20,203,211318720,67,1.165294969,0.142569640,0.017634349,1.892416225
11,203,211318720,67,1.183831296,0.142569640,0.017634349,1.899726649
26,203,211318720,67,2.241835908,0.142569640,0.017634349,1.752550967
25,203,211318720,67,2.303361475,0.142569640,0.017634349,1.814759510
22,203,211318720,67,2.387739789,0.142569640,0.017634349,1.866554114
17,203,211318720,67,2.502933016,0.142569640,0.017634349,1.955360613
29,203,211318720,67,2.580293565,0.142569640,0.017634349,1.985246689
19,203,211318720,67,3.411740796,0.142569640,0.017634349,1.850288695
9,203,211318720,67,2.759003758,0.142569640,0.017634349,2.572551203
9,204,211318720,67,0.218636321,0.142569640,0.006363216,0.142276895
23,204,211318720,67,0.281178980,0.142569640,0.006363216,0.413527661
14,204,211318720,67,0.333771051,0.142569640,0.006363216,0.718997507
17,204,211318720,67,0.345303952,0.142569640,0.006363216,0.784898094
19,204,211318720,67,0.352250991,0.142569640,0.006363216,0.820318272
24,204,211318720,67,0.366496772,0.142569640,0.006363216,0.883209935
26,204,211318720,67,0.367044128,0.142569640,0.006363216,0.885303532
13,204,211318720,67,0.384275535,0.142569640,0.006363216,0.937183043
7,204,211318720,67,0.397487178,0.142569640,0.006363216,0.969158114
25,204,211318720,67,0.420513033,0.142569640,0.006363216,1.008392275
21,204,211318720,67,0.434572014,0.142569640,0.006363216,1.023519390
8,204,211318720,67,0.459292393,0.142569640,0.006363216,1.034004930
27,204,211318720,67,0.757188691,0.142569640,0.006363216,1.209858834
6,204,211318720,67,0.769230066,0.142569640,0.006363216,1.222627220
28,204,211318720,67,0.781082769,0.142569640,0.006363216,1.227158179
15,204,211318720,67,0.998676963,0.142569640,0.006363216,1.437467584
10,204,211318720,67,1.055621497,0.142569640,0.006363216,1.572794445
30,204,211318720,67,1.065657761,0.142569640,0.006363216,1.591398277
22,204,211318720,67,1.077776804,0.142569640,0.006363216,1.612371322
3,204,211318720,67,1.205968091,0.142569640,0.006363216,1.679138821
20,204,211318720,67,1.349170437,0.142569640,0.006363216,1.734751567
4,204,211318720,67,1.509114459,0.142569640,0.006363216,1.871393253
12,204,211318720,67,1.522868244,0.142569640,0.006363216,1.877032857
16,204,211318720,67,1.720860573,0.142569640,0.006363216,1.917212073
5,204,211318720,67,2.070019088,0.142569640,0.006363216,1.962420337
11,204,211318720,67,1.102987746,0.142569640,0.006363216,3.536755769
2,204,211318720,67,2.851214341,0.142569640,0.006363216,1.891083965
1,204,211318720,67,3.341109767,0.142569640,0.006363216,1.846782099
18,204,211318720,67,3.411740796,0.142569640,0.006363216,1.826744972
29,204,211318720,67,2.141684867,0.142569640,0.006363216,3.133472357
8,205,211318720,67,0.272776191,0.142569640,0.011355338,0.335306388
23,205,211318720,67,0.281178980,0.142569640,0.011355338,0.363355913
25,205,211318720,67,0.294632521,0.142569640,0.011355338,0.406802489
9,205,211318720,67,0.325376681,0.142569640,0.011355338,0.511777146
2,205,211318720,67,0.347471629,0.142569640,0.011355338,0.593450834
30,205,211318720,67,0.434572014,0.142569640,0.011355338,0.831461742
14,205,211318720,67,0.452040546,0.142569640,0.011355338,0.849199053
4,205,211318720,67,0.469100688,0.142569640,0.011355338,0.855533656
18,205,211318720,67,0.689012139,0.142569640,0.011355338,1.221928915
29,205,211318720,67,0.694847525,0.142569640,0.011355338,1.246812090
11,205,211318720,67,0.747118578,0.142569640,0.011355338,1.448895903
1,205,211318720,67,0.752566429,0.142569640,0.011355338,1.465801359
17,205,211318720,67,0.756670836,0.142569640,0.011355338,1.475606838
6,205,211318720,67,0.822082714,0.142569640,0.011355338,1.587994645
21,205,211318720,67,0.846862281,0.142569640,0.011355338,1.605281891
7,205,211318720,67,0.990430268,0.142569640,0.011355338,1.748123947
19,205,211318720,67,1.055621497,0.142569640,0.011355338,1.841645796
20,205,211318720,67,1.077776804,0.142569640,0.011355338,1.874688758
15,205,211318720,67,1.163510533,0.142569640,0.011355338,1.965084158
12,205,211318720,67,1.205968091,0.142569640,0.011355338,1.981226847
24,205,211318720,67,0.406369678,0.142569640,0.011355338,2.813922478
22,205,211318720,67,0.420281467,0.142569640,0.011355338,2.837958969
26,205,211318720,67,1.374381413,0.142569640,0.011355338,2.030011420
27,205,211318720,67,2.070019088,0.142569640,0.011355338,1.944411181
13,205,211318720,67,0.714799086,0.142569640,0.011355338,3.323137956
28,205,211318720,67,2.194425436,0.142569640,0.011355338,2.056633588
10,205,211318720,67,2.241835908,0.142569640,0.011355338,2.075290574
16,205,211318720,67,0.832820764,0.142569640,0.011355338,3.742176943
5,205,211318720,67,2.487518451,0.142569640,0.011355338,2.101571593
3,205,211318720,67,2.502933016,0.142569640,0.011355338,2.097168571
20,206,211318720,67,0.274486776,0.142569640,0.009129461,0.340032375
29,206,211318720,67,0.340840754,0.142569640,0.009129461,0.777265620
24,206,211318720,67,0.347471629,0.142569640,0.009129461,0.819571973
6,206,211318720,67,0.352250991,0.142569640,0.009129461,0.846929135
25,206,211318720,67,0.357826991,0.142569640,0.009129461,0.877142339
11,206,211318720,67,0.366496772,0.142569640,0.009129461,0.921426891
28,206,211318720,67,0.367044128,0.142569640,0.009129461,0.923945100
26,206,211318720,67,0.384120181,0.142569640,0.009129461,0.990368405
2,206,211318720,67,0.402068091,0.142569640,0.009129461,1.056811966
16,206,211318720,67,0.407748930,0.142569640,0.009129461,1.074186110
27,206,211318720,67,0.420773321,0.142569640,0.009129461,1.105577635
23,206,211318720,67,0.459292393,0.142569640,0.009129461,1.187426291
12,206,211318720,67,0.497832446,0.142569640,0.009129461,1.252269131
18,206,211318720,67,0.522957550,0.142569640,0.009129461,1.278048058
7,206,211318720,67,0.578321737,0.142569640,0.009129461,1.298719815
4,206,211318720,67,0.737146514,0.142569640,0.009129461,1.390219166
14,206,211318720,67,0.822082714,0.142569640,0.009129461,1.453449920
22,206,211318720,67,0.919655903,0.142569640,0.009129461,1.490537375
30,206,211318720,67,1.278350893,0.142569640,0.009129461,1.563614426
1,206,211318720,67,1.349170437,0.142569640,0.009129461,1.730040018
21,206,211318720,67,1.374381413,0.142569640,0.009129461,1.773462929
15,206,211318720,67,1.414402113,0.142569640,0.009129461,1.814302937
3,206,211318720,67,1.423528796,0.142569640,0.009129461,1.818143958
5,206,211318720,67,1.657194393,0.142569640,0.009129461,1.867623069
10,206,211318720,67,1.772163784,0.142569640,0.009129461,1.952640689
17,206,211318720,67,1.854731332,0.142569640,0.009129461,2.001284373
8,206,211318720,67,1.973971545,0.142569640,0.009129461,2.046411753
19,206,211318720,67,2.280323170,0.142569640,0.009129461,2.057194434
9,206,211318720,67,2.759003758,0.142569640,0.009129461,2.019572673
13,206,211318720,67,3.411740796,0.142569640,0.009129461,1.836730303
13,207,211318720,67,0.272776191,0.142569640,0.022384349,0.273835806
5,207,211318720,67,0.299654210,0.142569640,0.022384349,0.370579937
18,207,211318720,67,0.325376681,0.142569640,0.022384349,0.460476191
8,207,211318720,67,0.331927073,0.142569640,0.022384349,0.480491783
1,207,211318720,67,0.384120181,0.142569640,0.022384349,0.606472043
7,207,211318720,67,0.407748930,0.142569640,0.022384349,0.663325287
14,207,211318720,67,0.420773321,0.142569640,0.022384349,0.685411431
10,207,211318720,67,0.452040546,0.142569640,0.022384349,0.717764362
29,207,211318720,67,0.522957550,0.142569640,0.022384349,0.745745709
19,207,211318720,67,0.823874673,0.142569640,0.022384349,0.963578671
15,207,211318720,67,0.846862281,0.142569640,0.022384349,0.987955962
17,207,211318720,67,0.990430268,0.142569640,0.022384349,1.308745699
11,207,211318720,67,1.024237500,0.142569640,0.022384349,1.389084706
20,207,211318720,67,1.044856486,0.142569640,0.022384349,1.425078169
24,207,211318720,67,1.055621497,0.142569640,0.022384349,1.436460985
28,207,211318720,67,1.077776804,0.142569640,0.022384349,1.455401672
25,207,211318720,67,1.205812777,0.142569640,0.022384349,1.533607261
26,207,211318720,67,1.304662576,0.142569640,0.022384349,1.585946303
6,207,211318720,67,1.423528796,0.142569640,0.022384349,1.669897037
30,207,211318720,67,1.509114459,0.142569640,0.022384349,1.741651230
9,207,211318720,67,1.591305991,0.142569640,0.022384349,1.774283801
4,207,211318720,67,1.772163784,0.142569640,0.022384349,1.856303042
3,207,211318720,67,0.821650137,0.142569640,0.022384349,2.855217949
16,207,211318720,67,1.854731332,0.142569640,0.022384349,1.886853474
21,207,211318720,67,0.917862357,0.142569640,0.022384349,2.989777001
23,207,211318720,67,2.194425436,0.142569640,0.022384349,1.972894653
27,207,211318720,67,2.241835908,0.142569640,0.022384349,2.023364577
12,207,211318720,67,2.303361475,0.142569640,0.022384349,2.046477087
2,207,211318720,67,2.580293565,0.142569640,0.022384349,2.063917003
22,207,211318720,67,2.656838111,0.142569640,0.022384349,2.042269200
21,208,211318720,67,0.218636321,0.142569640,0.034492668,0.292121741
30,208,211318720,67,0.274486776,0.142569640,0.034492668,0.566027809
13,208,211318720,67,0.281178980,0.142569640,0.034492668,0.608926810
18,208,211318720,67,0.291309717,0.142569640,0.034492668,0.666635142
20,208,211318720,67,0.294632521,0.142569640,0.034492668,0.683198531
27,208,211318720,67,0.333771051,0.142569640,0.034492668,0.853797287
9,208,211318720,67,0.344720398,0.142569640,0.034492668,0.894604527
16,208,211318720,67,0.349695505,0.142569640,0.034492668,0.909819449
23,208,211318720,67,0.402068091,0.142569640,0.034492668,1.034509952
15,208,211318720,67,0.405338182,0.142569640,0.034492668,1.040037632
25,208,211318720,67,0.411648825,0.142569640,0.034492668,1.043036859
22,208,211318720,67,0.698254705,0.142569640,0.034492668,1.141691759
12,208,211318720,67,0.781082769,0.142569640,0.034492668,1.394461245
5,208,211318720,67,0.819719265,0.142569640,0.034492668,1.511554714
29,208,211318720,67,0.822082714,0.142569640,0.034492668,1.518852433
28,208,211318720,67,0.823874673,0.142569640,0.034492668,1.523101658
6,208,211318720,67,0.828887397,0.142569640,0.034492668,1.531503311
10,208,211318720,67,0.941278721,0.142569640,0.034492668,1.778990016
26,208,211318720,67,0.945577756,0.142569640,0.034492668,1.789290670
11,208,211318720,67,1.007648939,0.142569640,0.034492668,1.880336882
19,208,211318720,67,1.065657761,0.142569640,0.034492668,1.901771468
14,208,211318720,67,1.241069629,0.142569640,0.034492668,1.948672278
24,208,211318720,67,1.436765414,0.142569640,0.034492668,1.988990013
4,208,211318720,67,0.406369678,0.142569640,0.034492668,3.069567567
17,208,211318720,67,1.591305991,0.142569640,0.034492668,2.041442668
3,208,211318720,67,1.904038728,0.142569640,0.034492668,2.049044386
7,208,211318720,67,2.580293565,0.142569640,0.034492668,1.998535733
8,208,211318720,67,2.656838111,0.142569640,0.034492668,2.028756830
2,208,211318720,67,0.984046731,0.142569640,0.034492668,3.863716976
1,208,211318720,67,3.042432322,0.142569640,0.034492668,1.919338684
15,209,211318720,67,0.272776191,0.142569640,0.032681193,0.316240306
30,209,211318720,67,0.281178980,0.142569640,0.032681193,0.353113147
9,209,211318720,67,0.328114621,0.142569640,0.032681193,0.527424541
19,209,211318720,67,0.331808595,0.142569640,0.032681193,0.538697115
1,209,211318720,67,0.387058100,0.142569640,0.032681193,0.713259042
8,209,211318720,67,0.391378383,0.142569640,0.032681193,0.729341802
24,209,211318720,67,0.393703093,0.142569640,0.032681193,0.736428496
29,209,211318720,67,0.401123492,0.142569640,0.032681193,0.754065504
10,209,211318720,67,0.497832446,0.142569640,0.032681193,0.924356119
21,209,211318720,67,0.507433692,0.142569640,0.032681193,0.941024749
18,209,211318720,67,0.519929897,0.142569640,0.032681193,0.958165030
27,209,211318720,67,0.635595755,0.142569640,0.032681193,1.322109954
6,209,211318720,67,0.656366503,0.142569640,0.032681193,1.427032754
16,209,211318720,67,0.689012139,0.142569640,0.032681193,1.596758055
17,209,211318720,67,0.694847525,0.142569640,0.032681193,1.625998248
3,209,211318720,67,0.695802929,0.142569640,0.032681193,1.630224996
2,209,211318720,67,0.737725058,0.142569640,0.032681193,1.786315321
22,209,211318720,67,0.747118578,0.142569640,0.032681193,1.814591274
11,209,211318720,67,0.756670836,0.142569640,0.032681193,1.837343898
5,209,211318720,67,0.764463287,0.142569640,0.032681193,1.851162503
23,209,211318720,67,0.799520819,0.142569640,0.032681193,1.889099641
13,209,211318720,67,0.823874673,0.142569640,0.032681193,1.898697043
14,209,211318720,67,1.024237500,0.142569640,0.032681193,1.985397641
20,209,211318720,67,1.101347065,0.142569640,0.032681193,2.066958825
12,209,211318720,67,1.163510533,0.142569640,0.032681193,2.090194992
26,209,211318720,67,1.436765414,0.142569640,0.032681193,2.108581028
28,209,211318720,67,1.934453384,0.142569640,0.032681193,2.064178791
25,209,211318720,67,2.122991969,0.142569640,0.032681193,2.106520548
7,209,211318720,67,2.387739789,0.142569640,0.032681193,2.126434828
4,209,211318720,67,2.452082856,0.142569640,0.032681193,2.108369246
29,210,211318720,67,0.205499149,0.142569640,0.098505095,0.293304697
24,210,211318720,67,0.217175369,0.142569640,0.098505095,0.333991566
12,210,211318720,67,0.218636321,0.142569640,0.098505095,0.338461609
4,210,211318720,67,0.272776191,0.142569640,0.098505095,0.527178689
23,210,211318720,67,0.325376681,0.142569640,0.098505095,0.851664707
27,210,211318720,67,0.345303952,0.142569640,0.098505095,0.965833443
15,210,211318720,67,0.352250991,0.142569640,0.098505095,1.001073816
19,210,211318720,67,0.372439086,0.142569640,0.098505095,1.094279015
16,210,211318720,67,0.397487178,0.142569640,0.098505095,1.220349414
25,210,211318720,67,0.401123492,0.142569640,0.098505095,1.236381064
28,210,211318720,67,0.406314018,0.142569640,0.098505095,1.255382427
21,210,211318720,67,0.411648825,0.142569640,0.098505095,1.271588462
8,210,211318720,67,0.416831058,0.142569640,0.098505095,1.284076112
9,210,211318720,67,0.430501742,0.142569640,0.098505095,1.307899668
3,210,211318720,67,0.507433692,0.142569640,0.098505095,1.398900858
20,210,211318720,67,0.515830983,0.142569640,0.098505095,1.407718818
10,210,211318720,67,0.687056158,0.142569640,0.098505095,1.700467051
14,210,211318720,67,0.695802929,0.142569640,0.098505095,1.715751291
18,210,211318720,67,0.746840162,0.142569640,0.098505095,1.769867616
17,210,211318720,67,0.799520819,0.142569640,0.098505095,1.808532614
1,210,211318720,67,0.917862357,0.142569640,0.098505095,1.931148763
26,210,211318720,67,0.940637450,0.142569640,0.098505095,1.940295230
13,210,211318720,67,1.235957661,0.142569640,0.098505095,2.031799174
22,210,211318720,67,1.289231248,0.142569640,0.098505095,2.088369379
7,210,211318720,67,1.904038728,0.142569640,0.098505095,2.051869067
5,210,211318720,67,0.635595755,0.142569640,0.098505095,3.676047985
2,210,211318720,67,2.280323170,0.142569640,0.098505095,2.039550074
6,210,211318720,67,2.452082856,0.142569640,0.098505095,2.086824332
11,210,211318720,67,3.042432322,0.142569640,0.098505095,1.920494646
30,210,211318720,67,1.349170437,0.142569640,0.098505095,3.635706601
29,211,211318720,67,0.274486776,0.142569640,0.039449845,0.498723351
19,211,211318720,67,0.281178980,0.142569640,0.039449845,0.536926689
22,211,211318720,67,0.325376681,0.142569640,0.039449845,0.738800381
9,211,211318720,67,0.331808595,0.142569640,0.039449845,0.762620247
6,211,211318720,67,0.332457627,0.142569640,0.039449845,0.764636759
25,211,211318720,67,0.338645076,0.142569640,0.039449845,0.779463513
18,211,211318720,67,0.367044128,0.142569640,0.039449845,0.827748905
30,211,211318720,67,0.402068091,0.142569640,0.039449845,0.879104916
3,211,211318720,67,0.416831058,0.142569640,0.039449845,0.901902283
24,211,211318720,67,0.522957550,0.142569640,0.039449845,1.032826196
1,211,211318720,67,0.549024150,0.142569640,0.039449845,1.060494834
13,211,211318720,67,0.635595755,0.142569640,0.039449845,1.176065092
10,211,211318720,67,0.694847525,0.142569640,0.039449845,1.248515755
2,211,211318720,67,0.737725058,0.142569640,0.039449845,1.320934136
17,211,211318720,67,0.822082714,0.142569640,0.039449845,1.409664962
14,211,211318720,67,0.839853738,0.142569640,0.039449845,1.416177393
7,211,211318720,67,0.291309717,0.142569640,0.039449845,2.029753376
28,211,211318720,67,1.055621497,0.142569640,0.039449845,1.574331203
4,211,211318720,67,1.165294969,0.142569640,0.039449845,1.747231187
11,211,211318720,67,1.185253134,0.142569640,0.039449845,1.781518310
15,211,211318720,67,1.235957661,0.142569640,0.039449845,1.837825984
21,211,211318720,67,1.294309936,0.142569640,0.039449845,1.898870049
16,211,211318720,67,1.374381413,0.142569640,0.039449845,1.929209875
20,211,211318720,67,1.591305991,0.142569640,0.039449845,1.961168307
27,211,211318720,67,1.904038728,0.142569640,0.039449845,1.968615312
8,211,211318720,67,2.242581386,0.142569640,0.039449845,2.025603394
12,211,211318720,67,2.303361475,0.142569640,0.039449845,2.048458495
23,211,211318720,67,1.007648939,0.142569640,0.039449845,3.535152216
26,211,211318720,67,3.042432322,0.142569640,0.039449845,1.941687718
5,211,211318720,67,3.341109767,0.142569640,0.039449845,1.860449919
15,212,211318720,67,0.217175369,0.142569640,0.101590276,0.131324661
19,212,211318720,67,0.301447636,0.142569640,0.101590276,0.338338876
25,212,211318720,67,0.325376681,0.142569640,0.101590276,0.411199316
3,212,211318720,67,0.338645076,0.142569640,0.101590276,0.459244540
20,212,211318720,67,0.402068091,0.142569640,0.101590276,0.652956427
5,212,211318720,67,0.406369678,0.142569640,0.101590276,0.663522461
14,212,211318720,67,0.430501742,0.142569640,0.101590276,0.704626126
27,212,211318720,67,0.469100688,0.142569640,0.101590276,0.767520390
26,212,211318720,67,0.469331802,0.142569640,0.101590276,0.767781130
8,212,211318720,67,0.578321737,0.142569640,0.101590276,0.867143032
29,212,211318720,67,0.635595755,0.142569640,0.101590276,0.918006393
12,212,211318720,67,0.737146514,0.142569640,0.101590276,1.137686601
9,212,211318720,67,0.802276566,0.142569640,0.101590276,1.293568069
18,212,211318720,67,0.809045384,0.142569640,0.101590276,1.305361589
10,212,211318720,67,0.815600578,0.142569640,0.101590276,1.311848134
13,212,211318720,67,0.822148367,0.142569640,0.101590276,1.314493525
23,212,211318720,67,1.021439625,0.142569640,0.101590276,1.550121333
28,212,211318720,67,1.076130101,0.142569640,0.101590276,1.675386421
7,212,211318720,67,1.101347065,0.142569640,0.101590276,1.735072624
30,212,211318720,67,1.163510533,0.142569640,0.101590276,1.841797395
24,212,211318720,67,1.183831296,0.142569640,0.101590276,1.862885278
6,212,211318720,67,1.205968091,0.142569640,0.101590276,1.871228002
2,212,211318720,67,1.450159241,0.142569640,0.101590276,1.943161914
4,212,211318720,67,1.522868244,0.142569640,0.101590276,1.972665800
22,212,211318720,67,2.036967590,0.142569640,0.101590276,2.090045367
11,212,211318720,67,2.070019088,0.142569640,0.101590276,2.101842447
16,212,211318720,67,2.242581386,0.142569640,0.101590276,2.146220652
17,212,211318720,67,1.007648939,0.142569640,0.101590276,3.608577181
1,212,211318720,67,2.656838111,0.142569640,0.101590276,2.030424841
21,212,211318720,67,1.973971545,0.142569640,0.101590276,2.782891790
21,213,211318720,67,0.205499149,0.142569640,0.031048631,0.288007059
1,213,211318720,67,0.218636321,0.142569640,0.031048631,0.339143129
6,213,211318720,67,0.262618358,0.142569640,0.031048631,0.502854341
9,213,211318720,67,0.274486776,0.142569640,0.031048631,0.545715818
23,213,211318720,67,0.299654210,0.142569640,0.031048631,0.651700851
20,213,211318720,67,0.338645076,0.142569640,0.031048631,0.804229565
10,213,211318720,67,0.344720398,0.142569640,0.031048631,0.826873866
2,213,211318720,67,0.357826991,0.142569640,0.031048631,0.867240684
13,213,211318720,67,0.407748930,0.142569640,0.031048631,0.986012229
15,213,211318720,67,0.420281467,0.142569640,0.031048631,1.007553996
19,213,211318720,67,0.420773321,0.142569640,0.031048631,1.008079336
14,213,211318720,67,0.469331802,0.142569640,0.031048631,1.027621102
12,213,211318720,67,0.746840162,0.142569640,0.031048631,1.196643208
22,213,211318720,67,0.752566429,0.142569640,0.031048631,1.206767289
28,213,211318720,67,0.819719265,0.142569640,0.031048631,1.277299402
30,213,211318720,67,0.867005483,0.142569640,0.031048631,1.347705435
26,213,211318720,67,0.969201848,0.142569640,0.031048631,1.659509261
5,213,211318720,67,0.984046731,0.142569640,0.031048631,1.694975850
27,213,211318720,67,0.999831002,0.142569640,0.031048631,1.721963519
11,213,211318720,67,1.007648939,0.142569640,0.031048631,1.730271908
3,213,211318720,67,1.009629524,0.142569640,0.031048631,1.730950420
8,213,211318720,67,1.163510533,0.142569640,0.031048631,1.956628757
29,213,211318720,67,1.185253134,0.142569640,0.031048631,1.994746943
4,213,211318720,67,1.188858293,0.142569640,0.031048631,1.998620775
17,213,211318720,67,1.284436966,0.142569640,0.031048631,2.070433597
16,213,211318720,67,1.374381413,0.142569640,0.031048631,2.105660933
24,213,211318720,67,1.591305991,0.142569640,0.031048631,2.138453025
7,213,211318720,67,1.854731332,0.142569640,0.031048631,2.160631427
25,213,211318720,67,2.242581386,0.142569640,0.031048631,2.143088388
18,213,211318720,67,2.500940347,0.142569640,0.031048631,2.069348854
29,214,211318720,67,0.274486776,0.142569640,0.115925923,0.172459501
5,214,211318720,67,0.338645076,0.142569640,0.115925923,0.388815049
20,214,211318720,67,0.340840754,0.142569640,0.115925923,0.396833950
26,214,211318720,67,0.397487178,0.142569640,0.115925923,0.580412933
7,214,211318720,67,0.420281467,0.142569640,0.115925923,0.647693344
28,214,211318720,67,0.459361129,0.142569640,0.115925923,0.714743611
18,214,211318720,67,0.469100688,0.142569640,0.115925923,0.724200184
22,214,211318720,67,0.522957550,0.142569640,0.115925923,0.745736799
6,214,211318720,67,0.689012139,0.142569640,0.115925923,0.881988167
25,214,211318720,67,0.757188691,0.142569640,0.115925923,1.060919239
2,214,211318720,67,0.790535894,0.142569640,0.115925923,1.149411539
21,214,211318720,67,0.815600578,0.142569640,0.115925923,1.209775870
11,214,211318720,67,0.839853738,0.142569640,0.115925923,1.250947214
15,214,211318720,67,0.867005483,0.142569640,0.115925923,1.296922170
30,214,211318720,67,0.919655903,0.142569640,0.115925923,1.412240593
1,214,211318720,67,0.986327720,0.142569640,0.115925923,1.576640828
23,214,211318720,67,1.007648939,0.142569640,0.115925923,1.627478237
17,214,211318720,67,1.024237500,0.142569640,0.115925923,1.658572336
10,214,211318720,67,1.077776804,0.142569640,0.115925923,1.750648135
19,214,211318720,67,0.416831058,0.142569640,0.115925923,2.446647092
14,214,211318720,67,1.104358980,0.142569640,0.115925923,1.786028719
3,214,211318720,67,1.163510533,0.142569640,0.115925923,1.867872429
9,214,211318720,67,1.235957661,0.142569640,0.115925923,1.947364736
16,214,211318720,67,1.720860573,0.142569640,0.115925923,2.027691679
12,214,211318720,67,2.070019088,0.142569640,0.115925923,2.021096396
4,214,211318720,67,2.280323170,0.142569640,0.115925923,2.058157458
27,214,211318720,67,2.851214341,0.142569640,0.115925923,1.995030293
13,214,211318720,67,3.042432322,0.142569640,0.115925923,1.941770599
24,214,211318720,67,1.275961791,0.142569640,0.115925923,3.722165849
8,214,211318720,67,1.374381413,0.142569640,0.115925923,3.629375749
20,215,211318720,67,0.299654210,0.142569640,0.112568773,0.502102359
21,215,211318720,67,0.310267843,0.142569640,0.112568773,0.576815787
24,215,211318720,67,0.331808595,0.142569640,0.112568773,0.714930666
28,215,211318720,67,0.347471629,0.142569640,0.112568773,0.805140695
11,215,211318720,67,0.384120181,0.142569640,0.112568773,1.001809267
16,215,211318720,67,0.384275535,0.142569640,0.112568773,1.002677711
23,215,211318720,67,0.387058100,0.142569640,0.112568773,1.016984951
6,215,211318720,67,0.397487178,0.142569640,0.112568773,1.062808347
1,215,211318720,67,0.402068091,0.142569640,0.112568773,1.080173887
17,215,211318720,67,0.411648825,0.142569640,0.112568773,1.109568468
9,215,211318720,67,0.416831058,0.142569640,0.112568773,1.121871143
10,215,211318720,67,0.420513033,0.142569640,0.112568773,1.128047008
8,215,211318720,67,0.515830983,0.142569640,0.112568773,1.229545444
2,215,211318720,67,0.519929897,0.142569640,0.112568773,1.231272339
30,215,211318720,67,0.668942036,0.142569640,0.112568773,1.312125131
4,215,211318720,67,0.769230066,0.142569640,0.112568773,1.397242999
14,215,211318720,67,0.839853738,0.142569640,0.112568773,1.452542836
25,215,211318720,67,0.940637450,0.142569640,0.112568773,1.673031866
15,215,211318720,67,0.984046731,0.142569640,0.112568773,1.775840674
5,215,211318720,67,0.999831002,0.142569640,0.112568773,1.802170295
7,215,211318720,67,1.021439625,0.142569640,0.112568773,1.824792714
18,215,211318720,67,1.055621497,0.142569640,0.112568773,1.838774816
12,215,211318720,67,1.294309936,0.142569640,0.112568773,1.869308292
13,215,211318720,67,1.657194393,0.142569640,0.112568773,1.861326290
26,215,211318720,67,1.934453384,0.142569640,0.112568773,1.904654089
19,215,211318720,67,2.036967590,0.142569640,0.112568773,1.971005558
27,215,211318720,67,2.141684867,0.142569640,0.112568773,2.038617253
29,215,211318720,67,2.241835908,0.142569640,0.112568773,2.077504618
3,215,211318720,67,2.500940347,0.142569640,0.112568773,2.101037258
22,215,211318720,67,2.851214341,0.142569640,0.112568773,2.002290444
3,216,211318720,67,0.205499149,0.142569640,0.021978809,0.308032717
2,216,211318720,67,0.217175369,0.142569640,0.021978809,0.343064191
7,216,211318720,67,0.262618358,0.142569640,0.021978809,0.446164990
1,216,211318720,67,0.331927073,0.142569640,0.021978809,0.739418006
30,216,211318720,67,0.332457627,0.142569640,0.021978809,0.741791847
24,216,211318720,67,0.372439086,0.142569640,0.021978809,0.906517664
5,216,211318720,67,0.401427962,0.142569640,0.021978809,1.015159207
28,216,211318720,67,0.405338182,0.142569640,0.021978809,1.026623645
12,216,211318720,67,0.411648825,0.142569640,0.021978809,1.041090060
27,216,211318720,67,0.420513033,0.142569640,0.021978809,1.056135774
16,216,211318720,67,0.469331802,0.142569640,0.021978809,1.107888071
20,216,211318720,67,0.491628020,0.142569640,0.021978809,1.117114523
17,216,211318720,67,0.218636321,0.142569640,0.021978809,1.603109220
25,216,211318720,67,0.635595755,0.142569640,0.021978809,1.245769037
21,216,211318720,67,0.689012139,0.142569640,0.021978809,1.379978225
19,216,211318720,67,0.764463287,0.142569640,0.021978809,1.654976857
18,216,211318720,67,0.769230066,0.142569640,0.021978809,1.669176356
9,216,211318720,67,0.802276566,0.142569640,0.021978809,1.751084629
11,216,211318720,67,0.806589981,0.142569640,0.021978809,1.761222252
15,216,211318720,67,0.822082714,0.142569640,0.021978809,1.787857277
6,216,211318720,67,0.839853738,0.142569640,0.021978809,1.806369604
4,216,211318720,67,0.940637450,0.142569640,0.021978809,1.992123394
26,216,211318720,67,0.984046731,0.142569640,0.021978809,2.067028445
8,216,211318720,67,1.021439625,0.142569640,0.021978809,2.106924917
14,216,211318720,67,1.024237500,0.142569640,0.021978809,2.108089004
22,216,211318720,67,1.904038728,0.142569640,0.021978809,2.054315916
10,216,211318720,67,2.141684867,0.142569640,0.021978809,2.080929847
23,216,211318720,67,2.303361475,0.142569640,0.021978809,2.132130048
29,216,211318720,67,2.851214341,0.142569640,0.021978809,1.975041037
13,216,211318720,67,1.278350893,0.142569640,0.021978809,3.578040143
10,217,211318720,67,0.299654210,0.142569640,0.001408482,0.427562011
16,217,211318720,67,0.328114621,0.142569640,0.001408482,0.551905636
26,217,211318720,67,0.338645076,0.142569640,0.001408482,0.590838744
30,217,211318720,67,0.344720398,0.142569640,0.001408482,0.609476204
12,217,211318720,67,0.346780912,0.142569640,0.001408482,0.614476896
4,217,211318720,67,0.367044128,0.142569640,0.001408482,0.651219377
8,217,211318720,67,0.401123492,0.142569640,0.001408482,0.710070127
21,217,211318720,67,0.407748930,0.142569640,0.001408482,0.717214190
19,217,211318720,67,0.698254705,0.142569640,0.001408482,0.981240485
2,217,211318720,67,0.737146514,0.142569640,0.001408482,1.099812131
25,217,211318720,67,0.756670836,0.142569640,0.001408482,1.145977239
13,217,211318720,67,0.802276566,0.142569640,0.001408482,1.227955627
5,217,211318720,67,0.809045384,0.142569640,0.001408482,1.239830597
14,217,211318720,67,0.821650137,0.142569640,0.001408482,1.252862084
23,217,211318720,67,0.940637450,0.142569640,0.001408482,1.349261621
11,217,211318720,67,1.007648939,0.142569640,0.001408482,1.375178585
18,217,211318720,67,1.188858293,0.142569640,0.001408482,1.563626524
7,217,211318720,67,1.205812777,0.142569640,0.001408482,1.592196431
9,217,211318720,67,1.284436966,0.142569640,0.001408482,1.725795347
22,217,211318720,67,1.289231248,0.142569640,0.001408482,1.730608667
28,217,211318720,67,0.507433692,0.142569640,0.001408482,2.513632658
1,217,211318720,67,1.349170437,0.142569640,0.001408482,1.754588781
17,217,211318720,67,1.854731332,0.142569640,0.001408482,1.786444735
27,217,211318720,67,1.973971545,0.142569640,0.001408482,1.865085917
24,217,211318720,67,2.194425436,0.142569640,0.001408482,1.961994156
20,217,211318720,67,2.242581386,0.142569640,0.001408482,1.981308316
3,217,211318720,67,2.575342822,0.142569640,0.001408482,2.021084119
29,217,211318720,67,2.656838111,0.142569640,0.001408482,2.053440866
15,217,211318720,67,3.042432322,0.142569640,0.001408482,1.945437231
6,217,211318720,67,1.904038728,0.142569640,0.001408482,3.120691086
1,218,211318720,67,0.218636321,0.142569640,0.095842876,0.218494760
13,218,211318720,67,0.262618358,0.142569640,0.095842876,0.324053956
25,218,211318720,67,0.294632521,0.142569640,0.095842876,0.401298582
30,218,211318720,67,0.310267843,0.142569640,0.095842876,0.438574587
29,218,211318720,67,0.331927073,0.142569640,0.095842876,0.476596400
15,218,211318720,67,0.405338182,0.142569640,0.095842876,0.553925693
10,218,211318720,67,0.434572014,0.142569640,0.095842876,0.584399171
16,218,211318720,67,0.549024150,0.142569640,0.095842876,0.630311276
8,218,211318720,67,0.757188691,0.142569640,0.095842876,0.959537755
9,218,211318720,67,0.819719265,0.142569640,0.095842876,1.115252362
7,218,211318720,67,0.821650137,0.142569640,0.095842876,1.119721935
23,218,211318720,67,0.822148367,0.142569640,0.095842876,1.120546592
26,218,211318720,67,0.832073278,0.142569640,0.095842876,1.131334546
24,218,211318720,67,0.952025692,0.142569640,0.095842876,1.272840141
28,218,211318720,67,0.999831002,0.142569640,0.095842876,1.324296891
6,218,211318720,67,1.044856486,0.142569640,0.095842876,1.341169172
22,218,211318720,67,1.205968091,0.142569640,0.095842876,1.473463573
14,218,211318720,67,1.275961791,0.142569640,0.095842876,1.546863586
11,218,211318720,67,1.436765414,0.142569640,0.095842876,1.693881809
12,218,211318720,67,1.450159241,0.142569640,0.095842876,1.699914197
4,218,211318720,67,0.689012139,0.142569640,0.095842876,2.483499318
18,218,211318720,67,1.591305991,0.142569640,0.095842876,1.755102147
19,218,211318720,67,1.973971545,0.142569640,0.095842876,1.888099513
2,218,211318720,67,2.036967590,0.142569640,0.095842876,1.912091329
21,218,211318720,67,2.242581386,0.142569640,0.095842876,1.950261242
20,218,211318720,67,2.580293565,0.142569640,0.095842876,1.947191485
5,218,211318720,67,1.294309936,0.142569640,0.095842876,3.463635636
27,218,211318720,67,3.042432322,0.142569640,0.095842876,1.913951103
3,218,211318720,67,3.341109767,0.142569640,0.095842876,1.828653439
17,218,211318720,67,1.854731332,0.142569640,0.095842876,3.332079005
23,219,211318720,67,0.325376681,0.142569640,0.037447825,0.530714463
22,219,211318720,67,0.338645076,0.142569640,0.037447825,0.589224383
20,219,211318720,67,0.344720398,0.142569640,0.037447825,0.611791063
14,219,211318720,67,0.352250991,0.142569640,0.037447825,0.634523052
8,219,211318720,67,0.217175369,0.142569640,0.037447825,0.835202689
27,219,211318720,67,0.384275535,0.142569640,0.037447825,0.735191325
9,219,211318720,67,0.402068091,0.142569640,0.037447825,0.789828115
17,219,211318720,67,0.406369678,0.142569640,0.037447825,0.800295838
28,219,211318720,67,0.430501742,0.142569640,0.037447825,0.856453543
5,219,211318720,67,0.496683722,0.142569640,0.037447825,1.010940860
2,219,211318720,67,0.519929897,0.142569640,0.037447825,1.055567719
4,219,211318720,67,0.549024150,0.142569640,0.037447825,1.108532802
30,219,211318720,67,0.578321737,0.142569640,0.037447825,1.175449078
21,219,211318720,67,0.656366503,0.142569640,0.037447825,1.310111235
6,219,211318720,67,0.687056158,0.142569640,0.037447825,1.348080003
16,219,211318720,67,0.694847525,0.142569640,0.037447825,1.356577700
12,219,211318720,67,0.819719265,0.142569640,0.037447825,1.497603887
10,219,211318720,67,0.867005483,0.142569640,0.037447825,1.574421787
24,219,211318720,67,0.917862357,0.142569640,0.037447825,1.662558383
19,219,211318720,67,0.986327720,0.142569640,0.037447825,1.804987164
3,219,211318720,67,1.077776804,0.142569640,0.037447825,1.963781565
11,219,211318720,67,1.101347065,0.142569640,0.037447825,1.988994051
26,219,211318720,67,1.102987746,0.142569640,0.037447825,1.989640204
29,219,211318720,67,1.522868244,0.142569640,0.037447825,1.969063206
15,219,211318720,67,1.904038728,0.142569640,0.037447825,2.005858674
25,219,211318720,67,1.973971545,0.142569640,0.037447825,2.032364219
18,219,211318720,67,2.487518451,0.142569640,0.037447825,2.068856242
7,219,211318720,67,2.500940347,0.142569640,0.037447825,2.073940288
1,219,211318720,67,2.502933016,0.142569640,0.037447825,2.073373443
13,219,211318720,67,0.990430268,0.142569640,0.037447825,3.602872083
4,220,211318720,67,0.218636321,0.142569640,0.056494594,0.271994212
2,220,211318720,67,0.272776191,0.142569640,0.056494594,0.511872960
27,220,211318720,67,0.274486776,0.142569640,0.056494594,0.520448969
13,220,211318720,67,0.299654210,0.142569640,0.056494594,0.630376517
3,220,211318720,67,0.325376681,0.142569640,0.056494594,0.726738674
19,220,211318720,67,0.328114621,0.142569640,0.056494594,0.736105525
16,220,211318720,67,0.340022068,0.142569640,0.056494594,0.773108413
28,220,211318720,67,0.367044128,0.142569640,0.056494594,0.837838921
29,220,211318720,67,0.406841767,0.142569640,0.056494594,0.924789847
10,220,211318720,67,0.411648825,0.142569640,0.056494594,0.933019885
12,220,211318720,67,0.469331802,0.142569640,0.056494594,0.994380335
23,220,211318720,67,0.519929897,0.142569640,0.056494594,1.014166185
1,220,211318720,67,0.698254705,0.142569640,0.056494594,1.184015165
9,220,211318720,67,0.747118578,0.142569640,0.056494594,1.333693390
17,220,211318720,67,0.802276566,0.142569640,0.056494594,1.463385247
6,220,211318720,67,0.806589981,0.142569640,0.056494594,1.470881049
26,220,211318720,67,0.822082714,0.142569640,0.056494594,1.495610403
22,220,211318720,67,0.839853738,0.142569640,0.056494594,1.514492654
11,220,211318720,67,0.952025692,0.142569640,0.056494594,1.585336538
5,220,211318720,67,1.055621497,0.142569640,0.056494594,1.624147616
30,220,211318720,67,1.205968091,0.142569640,0.056494594,1.748379273
8,220,211318720,67,1.241069629,0.142569640,0.056494594,1.761879810
21,220,211318720,67,1.591305991,0.142569640,0.056494594,1.760564340
7,220,211318720,67,1.854731332,0.142569640,0.056494594,1.782277430
14,220,211318720,67,2.242581386,0.142569640,0.056494594,1.769520905
15,220,211318720,67,2.452082856,0.142569640,0.056494594,1.869718150
20,220,211318720,67,2.502933016,0.142569640,0.056494594,1.889515024
24,220,211318720,67,2.656838111,0.142569640,0.056494594,1.939676007
25,220,211318720,67,3.411740796,0.142569640,0.056494594,1.828606911
18,220,211318720,67,2.851214341,0.142569640,0.056494594,2.463206836
15,221,211318720,67,0.262618358,0.142569640,0.066146322,0.278563481
30,221,211318720,67,0.272776191,0.142569640,0.066146322,0.316022177
2,221,211318720,67,0.310267843,0.142569640,0.066146322,0.430260877
29,221,211318720,67,0.357859759,0.142569640,0.066146322,0.562821335
6,221,211318720,67,0.367044128,0.142569640,0.066146322,0.584282161
8,221,211318720,67,0.384120181,0.142569640,0.066146322,0.613619822
24,221,211318720,67,0.401427962,0.142569640,0.066146322,0.631919936
11,221,211318720,67,0.469331802,0.142569640,0.066146322,0.659683599
19,221,211318720,67,0.668942036,0.142569640,0.066146322,0.899874504
5,221,211318720,67,0.687056158,0.142569640,0.066146322,0.968144964
26,221,211318720,67,0.695802929,0.142569640,0.066146322,1.006339099
16,221,211318720,67,0.781082769,0.142569640,0.066146322,1.364380095
18,221,211318720,67,0.790535894,0.142569640,0.066146322,1.406225989
23,221,211318720,67,0.799520819,0.142569640,0.066146322,1.439732796
1,221,211318720,67,0.815600578,0.142569640,0.066146322,1.488124779
20,221,211318720,67,0.823874673,0.142569640,0.066146322,1.507942694
21,221,211318720,67,0.828887397,0.142569640,0.066146322,1.516653520
14,221,211318720,67,0.867005483,0.142569640,0.066146322,1.563889768
27,221,211318720,67,0.919655903,0.142569640,0.066146322,1.620540768
9,221,211318720,67,0.998676963,0.142569640,0.066146322,1.675686889
22,221,211318720,67,1.101347065,0.142569640,0.066146322,1.780787470
3,221,211318720,67,1.185253134,0.142569640,0.066146322,1.867842376
25,221,211318720,67,1.205812777,0.142569640,0.066146322,1.876799390
13,221,211318720,67,1.349170437,0.142569640,0.066146322,2.041502738
17,221,211318720,67,1.423528796,0.142569640,0.066146322,2.170802054
10,221,211318720,67,1.436765414,0.142569640,0.066146322,2.184768765
28,221,211318720,67,1.450159241,0.142569640,0.066146322,2.189320452
12,221,211318720,67,2.575342822,0.142569640,0.066146322,2.005854414
4,221,211318720,67,2.656838111,0.142569640,0.066146322,2.036100187
7,221,211318720,67,2.759003758,0.142569640,0.066146322,2.007121907
26,222,211318720,67,0.309103827,0.142569640,0.078803919,0.312047165
19,222,211318720,67,0.349695505,0.142569640,0.078803919,0.506943274
30,222,211318720,67,0.357826991,0.142569640,0.078803919,0.542812420
22,222,211318720,67,0.372439086,0.142569640,0.078803919,0.597502024
20,222,211318720,67,0.416831058,0.142569640,0.078803919,0.725858909
2,222,211318720,67,0.420773321,0.142569640,0.078803919,0.732628928
16,222,211318720,67,0.459292393,0.142569640,0.078803919,0.773700125
12,222,211318720,67,0.459361129,0.142569640,0.078803919,0.773723424
10,222,211318720,67,0.668942036,0.142569640,0.078803919,0.927515893
29,222,211318720,67,0.695802929,0.142569640,0.078803919,0.955252272
8,222,211318720,67,0.752566429,0.142569640,0.078803919,1.009194650
9,222,211318720,67,0.846862281,0.142569640,0.078803919,1.148568221
1,222,211318720,67,0.919655903,0.142569640,0.078803919,1.314521608
18,222,211318720,67,0.941278721,0.142569640,0.078803919,1.350921437
28,222,211318720,67,0.952025692,0.142569640,0.078803919,1.362995932
6,222,211318720,67,0.999831002,0.142569640,0.078803919,1.380475708
23,222,211318720,67,0.406841767,0.142569640,0.078803919,2.188886457
27,222,211318720,67,1.205968091,0.142569640,0.078803919,1.491834706
21,222,211318720,67,1.284436966,0.142569640,0.078803919,1.574422219
7,222,211318720,67,1.304662576,0.142569640,0.078803919,1.596093983
13,222,211318720,67,1.423528796,0.142569640,0.078803919,1.644038513
4,222,211318720,67,1.772163784,0.142569640,0.078803919,1.679424009
3,222,211318720,67,1.854731332,0.142569640,0.078803919,1.727116589
24,222,211318720,67,1.973971545,0.142569640,0.078803919,1.773033914
15,222,211318720,67,2.303361475,0.142569640,0.078803919,1.776078878
5,222,211318720,67,2.452082856,0.142569640,0.078803919,1.912584632
11,222,211318720,67,2.575342822,0.142569640,0.078803919,1.985958433
17,222,211318720,67,2.851214341,0.142569640,0.078803919,2.001439815
14,222,211318720,67,3.341109767,0.142569640,0.078803919,1.863743382
25,222,211318720,67,2.487518451,0.142569640,0.078803919,2.775566849
6,223,211318720,67,0.205499149,0.142569640,0.004998068,0.094341716
17,223,211318720,67,0.291309717,0.142569640,0.004998068,0.339346669
19,223,211318720,67,0.344720398,0.142569640,0.004998068,0.520957129
12,223,211318720,67,0.347471629,0.142569640,0.004998068,0.529501284
24,223,211318720,67,0.367044128,0.142569640,0.004998068,0.576715502
10,223,211318720,67,0.372439086,0.142569640,0.004998068,0.585604453
15,223,211318720,67,0.416831058,0.142569640,0.004998068,0.632270725
13,223,211318720,67,0.459361129,0.142569640,0.004998068,0.648210028
20,223,211318720,67,0.635595755,0.142569640,0.004998068,0.800394645
25,223,211318720,67,0.668942036,0.142569640,0.004998068,0.882884769
11,223,211318720,67,0.756670836,0.142569640,0.004998068,1.093400329
8,223,211318720,67,0.757188691,0.142569640,0.004998068,1.094367630
3,223,211318720,67,0.769230066,0.142569640,0.004998068,1.107127003
4,223,211318720,67,0.806589981,0.142569640,0.004998068,1.125986230
28,223,211318720,67,0.941278721,0.142569640,0.004998068,1.268481511
30,223,211318720,67,0.986327720,0.142569640,0.004998068,1.332259173
5,223,211318720,67,1.044856486,0.142569640,0.004998068,1.394021747
29,223,211318720,67,1.104358980,0.142569640,0.004998068,1.461739598
21,223,211318720,67,1.188858293,0.142569640,0.004998068,1.585340553
18,223,211318720,67,1.235957661,0.142569640,0.004998068,1.634311312
2,223,211318720,67,1.278350893,0.142569640,0.004998068,1.650100801
1,223,211318720,67,2.141684867,0.142569640,0.004998068,1.588711964
26,223,211318720,67,2.194425436,0.142569640,0.004998068,1.665722928
7,223,211318720,67,2.242581386,0.142569640,0.004998068,1.714581981
23,223,211318720,67,2.303361475,0.142569640,0.004998068,1.777565449
22,223,211318720,67,2.387739789,0.142569640,0.004998068,1.809795323
14,223,211318720,67,2.656838111,0.142569640,0.004998068,1.831518128
27,223,211318720,67,2.851214341,0.142569640,0.004998068,1.873333459
9,223,211318720,67,3.042432322,0.142569640,0.004998068,1.913081307
16,223,211318720,67,3.341109767,0.142569640,0.004998068,1.826086214
18,224,211318720,67,0.217175369,0.142569640,0.079006366,0.143415576
4,224,211318720,67,0.294632521,0.142569640,0.079006366,0.432579347
9,224,211318720,67,0.301447636,0.142569640,0.079006366,0.462629499
13,224,211318720,67,0.349695505,0.142569640,0.079006366,0.641854832
27,224,211318720,67,0.357859759,0.142569640,0.079006366,0.666530792
24,224,211318720,67,0.387058100,0.142569640,0.079006366,0.752547469
23,224,211318720,67,0.391378383,0.142569640,0.079006366,0.765735164
12,224,211318720,67,0.406369678,0.142569640,0.079006366,0.801789475
11,224,211318720,67,0.406841767,0.142569640,0.079006366,0.802633937
15,224,211318720,67,0.515830983,0.142569640,0.079006366,0.971118923
3,224,211318720,67,0.519929897,0.142569640,0.079006366,0.975534096
20,224,211318720,67,0.578321737,0.142569640,0.079006366,1.020604516
10,224,211318720,67,0.689012139,0.142569640,0.079006366,1.153545076
17,224,211318720,67,0.747118578,0.142569640,0.079006366,1.330724289
25,224,211318720,67,0.806589981,0.142569640,0.079006366,1.472696364
1,224,211318720,67,0.809045384,0.142569640,0.079006366,1.477073414
7,224,211318720,67,0.828887397,0.142569640,0.079006366,1.497671299
21,224,211318720,67,0.832073278,0.142569640,0.079006366,1.499047552
14,224,211318720,67,0.999831002,0.142569640,0.079006366,1.665686368
29,224,211318720,67,1.007648939,0.142569640,0.079006366,1.674071120
26,224,211318720,67,1.101347065,0.142569640,0.079006366,1.763135167
19,224,211318720,67,1.165294969,0.142569640,0.079006366,1.809442735
2,224,211318720,67,1.275961791,0.142569640,0.079006366,1.851557921
28,224,211318720,67,1.854731332,0.142569640,0.079006366,1.786515007
8,224,211318720,67,2.194425436,0.142569640,0.079006366,1.786953004
6,224,211318720,67,2.502933016,0.142569640,0.079006366,1.818652958
30,224,211318720,67,2.610934393,0.142569640,0.079006366,1.923266420
5,224,211318720,67,2.656838111,0.142569640,0.079006366,1.967858440
16,224,211318720,67,2.759003758,0.142569640,0.079006366,2.005880529
22,224,211318720,67,3.341109767,0.142569640,0.079006366,1.844157798
22,225,211318720,67,0.294632521,0.142569640,0.063709743,0.584280674
2,225,211318720,67,0.309103827,0.142569640,0.063709743,0.667065731
23,225,211318720,67,0.331808595,0.142569640,0.063709743,0.785031094
17,225,211318720,67,0.332457627,0.142569640,0.063709743,0.788355190
3,225,211318720,67,0.357826991,0.142569640,0.063709743,0.887717570
21,225,211318720,67,0.372439086,0.142569640,0.063709743,0.932282574
6,225,211318720,67,0.397487178,0.142569640,0.063709743,0.991570960
15,225,211318720,67,0.420281467,0.142569640,0.063709743,1.030868129
5,225,211318720,67,0.420513033,0.142569640,0.063709743,1.031103874
16,225,211318720,67,0.469331802,0.142569640,0.063709743,1.050816548
19,225,211318720,67,0.635595755,0.142569640,0.063709743,1.246144399
13,225,211318720,67,0.670439746,0.142569640,0.063709743,1.353052356
11,225,211318720,67,0.694847525,0.142569640,0.063709743,1.439186743
10,225,211318720,67,0.756670836,0.142569640,0.063709743,1.691098798
8,225,211318720,67,0.769230066,0.142569640,0.063709743,1.737543619
4,225,211318720,67,0.781082769,0.142569640,0.063709743,1.773487114
14,225,211318720,67,0.809045384,0.142569640,0.063709743,1.840442529
1,225,211318720,67,0.823874673,0.142569640,0.063709743,1.866149283
27,225,211318720,67,0.832820764,0.142569640,0.063709743,1.875860139
30,225,211318720,67,0.867005483,0.142569640,0.063709743,1.896483349
9,225,211318720,67,0.291309717,0.142569640,0.063709743,2.499009443
26,225,211318720,67,0.998676963,0.142569640,0.063709743,1.992283983
7,225,211318720,67,1.076130101,0.142569640,0.063709743,2.022010697
28,225,211318720,67,0.340840754,0.142569640,0.063709743,2.863361678
25,225,211318720,67,1.436765414,0.142569640,0.063709743,2.055328446
29,225,211318720,67,1.522868244,0.142569640,0.063709743,2.089282985
12,225,211318720,67,1.934453384,0.142569640,0.063709743,2.068865594
24,225,211318720,67,2.241835908,0.142569640,0.063709743,2.074921128
18,225,211318720,67,2.387739789,0.142569640,0.063709743,2.128927033
20,225,211318720,67,2.580293565,0.142569640,0.063709743,2.075478944
25,226,211318720,67,0.205499149,0.142569640,0.017108807,0.121443863
12,226,211318720,67,0.294632521,0.142569640,0.017108807,0.434455833
26,226,211318720,67,0.301447636,0.142569640,0.017108807,0.463882711
24,226,211318720,67,0.346780912,0.142569640,0.017108807,0.646618449
7,226,211318720,67,0.357859759,0.142569640,0.017108807,0.688167915
18,226,211318720,67,0.384275535,0.142569640,0.017108807,0.771557806
27,226,211318720,67,0.393703093,0.142569640,0.017108807,0.800561876
10,226,211318720,67,0.405338182,0.142569640,0.017108807,0.827973437
19,226,211318720,67,0.406314018,0.142569640,0.017108807,0.829627319
23,226,211318720,67,0.469100688,0.142569640,0.017108807,0.938081510
14,226,211318720,67,0.522957550,0.142569640,0.017108807,1.020993149
15,226,211318720,67,0.549024150,0.142569640,0.017108807,1.094778668
28,226,211318720,67,0.635595755,0.142569640,0.017108807,1.313219277
5,226,211318720,67,0.656366503,0.142569640,0.017108807,1.362757923
9,226,211318720,67,0.668942036,0.142569640,0.017108807,1.384251271
2,226,211318720,67,0.670439746,0.142569640,0.017108807,1.385938504
30,226,211318720,67,0.757188691,0.142569640,0.017108807,1.470256610
1,226,211318720,67,0.823874673,0.142569640,0.017108807,1.529158073
17,226,211318720,67,0.917862357,0.142569640,0.017108807,1.635367723
22,226,211318720,67,1.007648939,0.142569640,0.017108807,1.729975404
16,226,211318720,67,1.009629524,0.142569640,0.017108807,1.730464408
29,226,211318720,67,1.163510533,0.142569640,0.017108807,1.910282867
3,226,211318720,67,1.205968091,0.142569640,0.017108807,1.982950806
20,226,211318720,67,1.241069629,0.142569640,0.017108807,2.021252133
13,226,211318720,67,1.278350893,0.142569640,0.017108807,2.036139426
6,226,211318720,67,2.036967590,0.142569640,0.017108807,1.917660852
4,226,211318720,67,2.241835908,0.142569640,0.017108807,2.050672192
8,226,211318720,67,2.242581386,0.142569640,0.017108807,2.050990877
11,226,211318720,67,2.580293565,0.142569640,0.017108807,2.051371901
21,226,211318720,67,2.851214341,0.142569640,0.017108807,1.973787580
28,227,211318720,67,0.333771051,0.142569640,0.018269027,0.616747598
11,227,211318720,67,0.340022068,0.142569640,0.018269027,0.643848465
20,227,211318720,67,0.344720398,0.142569640,0.018269027,0.661223926
24,227,211318720,67,0.346780912,0.142569640,0.018269027,0.667442119
19,227,211318720,67,0.347471629,0.142569640,0.018269027,0.669169870
16,227,211318720,67,0.357859759,0.142569640,0.018269027,0.681189798
2,227,211318720,67,0.406841767,0.142569640,0.018269027,0.738273432
3,227,211318720,67,0.519929897,0.142569640,0.018269027,0.913510619
8,227,211318720,67,0.578321737,0.142569640,0.018269027,0.942555123
21,227,211318720,67,0.714799086,0.142569640,0.018269027,1.144643997
22,227,211318720,67,0.737146514,0.142569640,0.018269027,1.183207600
27,227,211318720,67,0.764463287,0.142569640,0.018269027,1.212001486
10,227,211318720,67,0.846862281,0.142569640,0.018269027,1.275773191
6,227,211318720,67,0.940637450,0.142569640,0.018269027,1.316196995
15,227,211318720,67,0.349695505,0.142569640,0.018269027,2.134631418
23,227,211318720,67,1.077776804,0.142569640,0.018269027,1.447202036
25,227,211318720,67,1.102987746,0.142569640,0.018269027,1.460723854
18,227,211318720,67,1.241069629,0.142569640,0.018269027,1.631183846
26,227,211318720,67,1.284436966,0.142569640,0.018269027,1.677881310
14,227,211318720,67,1.304662576,0.142569640,0.018269027,1.686398604
12,227,211318720,67,0.522957550,0.142569640,0.018269027,2.653173990
5,227,211318720,67,1.509114459,0.142569640,0.018269027,1.724158096
9,227,211318720,67,1.657194393,0.142569640,0.018269027,1.778556568
13,227,211318720,67,1.973971545,0.142569640,0.018269027,1.837571375
1,227,211318720,67,2.036967590,0.142569640,0.018269027,1.924958939
29,227,211318720,67,2.122991969,0.142569640,0.018269027,2.079053020
30,227,211318720,67,2.141684867,0.142569640,0.018269027,2.111534064
4,227,211318720,67,2.241835908,0.142569640,0.018269027,2.185078699
7,227,211318720,67,2.500940347,0.142569640,0.018269027,2.111669853
17,227,211318720,67,2.194425436,0.142569640,0.018269027,2.514680481
28,228,211318720,67,0.205499149,0.142569640,0.029804887,0.235280924
26,228,211318720,67,0.217175369,0.142569640,0.029804887,0.272127129
17,228,211318720,67,0.262618358,0.142569640,0.029804887,0.411368487
4,228,211318720,67,0.310267843,0.142569640,0.029804887,0.583875342
1,228,211318720,67,0.333771051,0.142569640,0.029804887,0.655858197
2,228,211318720,67,0.347471629,0.142569640,0.029804887,0.688832352
27,228,211318720,67,0.357859759,0.142569640,0.029804887,0.712586942
11,228,211318720,67,0.402068091,0.142569640,0.029804887,0.788531865
8,228,211318720,67,0.411648825,0.142569640,0.029804887,0.799028710
7,228,211318720,67,0.491628020,0.142569640,0.029804887,0.829528001
20,228,211318720,67,0.656366503,0.142569640,0.029804887,1.093402542
19,228,211318720,67,0.668942036,0.142569640,0.029804887,1.123863632
18,228,211318720,67,0.689012139,0.142569640,0.029804887,1.169309532
10,228,211318720,67,0.752566429,0.142569640,0.029804887,1.279942611
5,228,211318720,67,0.764463287,0.142569640,0.029804887,1.292577996
15,228,211318720,67,0.815600578,0.142569640,0.029804887,1.313963010
29,228,211318720,67,0.984046731,0.142569640,0.029804887,1.653812290
24,228,211318720,67,0.990430268,0.142569640,0.029804887,1.668765754
13,228,211318720,67,0.999831002,0.142569640,0.029804887,1.684675131
22,228,211318720,67,1.021439625,0.142569640,0.029804887,1.708297450
16,228,211318720,67,1.055621497,0.142569640,0.029804887,1.727951842
9,228,211318720,67,1.188858293,0.142569640,0.029804887,1.780174482
23,228,211318720,67,1.349170437,0.142569640,0.029804887,1.947925325
6,228,211318720,67,1.414402113,0.142569640,0.029804887,2.060224483
12,228,211318720,67,1.436765414,0.142569640,0.029804887,2.084239744
30,228,211318720,67,1.450159241,0.142569640,0.029804887,2.090567019
14,228,211318720,67,1.591305991,0.142569640,0.029804887,2.142733266
3,228,211318720,67,2.070019088,0.142569640,0.029804887,2.152663906
25,228,211318720,67,2.141684867,0.142569640,0.029804887,2.180787109
21,228,211318720,67,2.452082856,0.142569640,0.029804887,2.093662350
26,229,211318720,67,0.217175369,0.142569640,0.012521754,0.066114938
17,229,211318720,67,0.345303952,0.142569640,0.012521754,0.404255312
23,229,211318720,67,0.357826991,0.142569640,0.012521754,0.442757154
4,229,211318720,67,0.391378383,0.142569640,0.012521754,0.523061782
8,229,211318720,67,0.401123492,0.142569640,0.012521754,0.540103342
5,229,211318720,67,0.420513033,0.142569640,0.012521754,0.560711698
29,229,211318720,67,0.434572014,0.142569640,0.012521754,0.565738650
28,229,211318720,67,0.695802929,0.142569640,0.012521754,0.871503829
12,229,211318720,67,0.698254705,0.142569640,0.012521754,0.882010764
30,229,211318720,67,0.752566429,0.142569640,0.012521754,1.083834141
25,229,211318720,67,0.757188691,0.142569640,0.012521754,1.097830697
13,229,211318720,67,0.781082769,0.142569640,0.012521754,1.154957712
2,229,211318720,67,0.799520819,0.142569640,0.012521754,1.188054138
19,229,211318720,67,0.822082714,0.142569640,0.012521754,1.239245101
21,229,211318720,67,0.940637450,0.142569640,0.012521754,1.600384457
1,229,211318720,67,0.945577756,0.142569640,0.012521754,1.615542411
20,229,211318720,67,0.969201848,0.142569640,0.012521754,1.672519181
16,229,211318720,67,0.984046731,0.142569640,0.012521754,1.697659692
22,229,211318720,67,1.009629524,0.142569640,0.012521754,1.724906132
9,229,211318720,67,1.021439625,0.142569640,0.012521754,1.729423205
3,229,211318720,67,1.183831296,0.142569640,0.012521754,1.892569591
6,229,211318720,67,1.205968091,0.142569640,0.012521754,1.916141463
10,229,211318720,67,1.278350893,0.142569640,0.012521754,1.996598847
7,229,211318720,67,1.349170437,0.142569640,0.012521754,2.115877211
24,229,211318720,67,1.423528796,0.142569640,0.012521754,2.188457048
11,229,211318720,67,1.657194393,0.142569640,0.012521754,2.215238085
14,229,211318720,67,0.828887397,0.142569640,0.012521754,3.380854032
15,229,211318720,67,2.502933016,0.142569640,0.012521754,2.073375423
18,229,211318720,67,2.610934393,0.142569640,0.012521754,2.042858275
27,229,211318720,67,1.414402113,0.142569640,0.012521754,3.290202306
22,230,211318720,67,0.299654210,0.142569640,0.053355306,0.421993922
21,230,211318720,67,0.301447636,0.142569640,0.053355306,0.431105365
27,230,211318720,67,0.349695505,0.142569640,0.053355306,0.642795468
23,230,211318720,67,0.366496772,0.142569640,0.053355306,0.695712603
7,230,211318720,67,0.387058100,0.142569640,0.053355306,0.754038585
25,230,211318720,67,0.405338182,0.142569640,0.053355306,0.798274375
12,230,211318720,67,0.406314018,0.142569640,0.053355306,0.799962468
5,230,211318720,67,0.420281467,0.142569640,0.053355306,0.814382497
13,230,211318720,67,0.515830983,0.142569640,0.053355306,0.850341013
10,230,211318720,67,0.670439746,0.142569640,0.053355306,1.003356289
28,230,211318720,67,0.687056158,0.142569640,0.053355306,1.047022088
24,230,211318720,67,0.799520819,0.142569640,0.053355306,1.315861616
3,230,211318720,67,0.806589981,0.142569640,0.053355306,1.330711400
11,230,211318720,67,0.809045384,0.142569640,0.053355306,1.334981175
16,230,211318720,67,0.823874673,0.142569640,0.053355306,1.350906682
6,230,211318720,67,0.945577756,0.142569640,0.053355306,1.552323556
29,230,211318720,67,0.969201848,0.142569640,0.053355306,1.593873997
18,230,211318720,67,0.984046731,0.142569640,0.053355306,1.609578435
30,230,211318720,67,0.352250991,0.142569640,0.053355306,2.293807667
19,230,211318720,67,1.077776804,0.142569640,0.053355306,1.666395438
4,230,211318720,67,1.188858293,0.142569640,0.053355306,1.806941944
14,230,211318720,67,1.235957661,0.142569640,0.053355306,1.875872089
15,230,211318720,67,1.278350893,0.142569640,0.053355306,1.920764820
9,230,211318720,67,1.349170437,0.142569640,0.053355306,1.994322136
1,230,211318720,67,1.423528796,0.142569640,0.053355306,2.023812751
8,230,211318720,67,1.591305991,0.142569640,0.053355306,2.071164292
26,230,211318720,67,1.934453384,0.142569640,0.053355306,2.074746081
20,230,211318720,67,2.070019088,0.142569640,0.053355306,2.128434359
2,230,211318720,67,2.280323170,0.142569640,0.053355306,2.161501904
17,230,211318720,67,2.387739789,0.142569640,0.053355306,2.131083672
30,231,211318720,67,0.218636321,0.142569640,0.035898648,0.244301700
25,231,211318720,67,0.262618358,0.142569640,0.035898648,0.403768505
20,231,211318720,67,0.281178980,0.142569640,0.035898648,0.471796197
12,231,211318720,67,0.301447636,0.142569640,0.035898648,0.533879978
14,231,211318720,67,0.333771051,0.142569640,0.035898648,0.614808960
21,231,211318720,67,0.344720398,0.142569640,0.035898648,0.640815649
11,231,211318720,67,0.367044128,0.142569640,0.035898648,0.680721916
8,231,211318720,67,0.406841767,0.142569640,0.035898648,0.748691419
15,231,211318720,67,0.471067229,0.142569640,0.035898648,0.816297387
22,231,211318720,67,0.507433692,0.142569640,0.035898648,0.840517300
13,231,211318720,67,0.635595755,0.142569640,0.035898648,1.035848785
29,231,211318720,67,0.668942036,0.142569640,0.035898648,1.137314446
6,231,211318720,67,0.737725058,0.142569640,0.035898648,1.393047889
16,231,211318720,67,0.747118578,0.142569640,0.035898648,1.427427595
28,231,211318720,67,0.764463287,0.142569640,0.035898648,1.472460017
24,231,211318720,67,0.822148367,0.142569640,0.035898648,1.571780697
5,231,211318720,67,0.832073278,0.142569640,0.035898648,1.581930283
10,231,211318720,67,0.846862281,0.142569640,0.035898648,1.587000330
4,231,211318720,67,1.101347065,0.142569640,0.035898648,1.787937623
2,231,211318720,67,1.104358980,0.142569640,0.035898648,1.795284578
17,231,211318720,67,1.163510533,0.142569640,0.035898648,1.904133329
9,231,211318720,67,1.205968091,0.142569640,0.035898648,1.976295546
18,231,211318720,67,1.235957661,0.142569640,0.035898648,2.008011998
19,231,211318720,67,1.294309936,0.142569640,0.035898648,2.030309122
3,231,211318720,67,1.591305991,0.142569640,0.035898648,2.043928488
27,231,211318720,67,1.772163784,0.142569640,0.035898648,2.088951578
23,231,211318720,67,2.036967590,0.142569640,0.035898648,2.146708037
1,231,211318720,67,2.122991969,0.142569640,0.035898648,2.179457710
26,231,211318720,67,0.752566429,0.142569640,0.035898648,3.643377286
7,231,211318720,67,2.610934393,0.142569640,0.035898648,2.041983819
28,232,211318720,67,0.328114621,0.142569640,0.009642050,0.401568785
20,232,211318720,67,0.340022068,0.142569640,0.009642050,0.446070540
7,232,211318720,67,0.402068091,0.142569640,0.009642050,0.679625980
25,232,211318720,67,0.405338182,0.142569640,0.009642050,0.691835504
24,232,211318720,67,0.406314018,0.142569640,0.009642050,0.694758396
30,232,211318720,67,0.406841767,0.142569640,0.009642050,0.695995450
13,232,211318720,67,0.469100688,0.142569640,0.009642050,0.803328406
6,232,211318720,67,0.507433692,0.142569640,0.009642050,0.843781222
17,232,211318720,67,0.515830983,0.142569640,0.009642050,0.846620496
11,232,211318720,67,0.294632521,0.142569640,0.009642050,1.221914677
5,232,211318720,67,0.668942036,0.142569640,0.009642050,1.147758256
19,232,211318720,67,0.695802929,0.142569640,0.009642050,1.252215668
14,232,211318720,67,0.698254705,0.142569640,0.009642050,1.261489856
16,232,211318720,67,0.737725058,0.142569640,0.009642050,1.382748729
27,232,211318720,67,0.769230066,0.142569640,0.009642050,1.457647861
4,232,211318720,67,0.790535894,0.142569640,0.009642050,1.493706365
23,232,211318720,67,0.802276566,0.142569640,0.009642050,1.508511138
1,232,211318720,67,0.832073278,0.142569640,0.009642050,1.539249867
8,232,211318720,67,0.940637450,0.142569640,0.009642050,1.623213764
15,232,211318720,67,1.021439625,0.142569640,0.009642050,1.696304362
9,232,211318720,67,1.101347065,0.142569640,0.009642050,1.785193052
2,232,211318720,67,1.165294969,0.142569640,0.009642050,1.872236885
29,232,211318720,67,1.235957661,0.142569640,0.009642050,1.944799711
18,232,211318720,67,1.278350893,0.142569640,0.009642050,1.961192742
21,232,211318720,67,1.973971545,0.142569640,0.009642050,1.861086200
22,232,211318720,67,2.241835908,0.142569640,0.009642050,1.977990401
12,232,211318720,67,2.242581386,0.142569640,0.009642050,1.978371543
3,232,211318720,67,2.500940347,0.142569640,0.009642050,2.094866029
10,232,211318720,67,2.851214341,0.142569640,0.009642050,1.997899081
26,232,211318720,67,2.452082856,0.142569640,0.009642050,2.481866248
21,233,211318720,67,0.217175369,0.142569640,0.023682725,0.169817236
6,233,211318720,67,0.218636321,0.142569640,0.023682725,0.172296942
27,233,211318720,67,0.346780912,0.142569640,0.023682725,0.419656415
19,233,211318720,67,0.402068091,0.142569640,0.023682725,0.591826556
26,233,211318720,67,0.469100688,0.142569640,0.023682725,0.764502190
12,233,211318720,67,0.491628020,0.142569640,0.023682725,0.803749106
22,233,211318720,67,0.507433692,0.142569640,0.023682725,0.820192208
4,233,211318720,67,0.519929897,0.142569640,0.023682725,0.828960259
18,233,211318720,67,0.656366503,0.142569640,0.023682725,1.020032665
30,233,211318720,67,0.695802929,0.142569640,0.023682725,1.180685110
1,233,211318720,67,0.746840162,0.142569640,0.023682725,1.454030712
28,233,211318720,67,0.764463287,0.142569640,0.023682725,1.542778679
23,233,211318720,67,0.340840754,0.142569640,0.023682725,1.989350649
20,233,211318720,67,0.781082769,0.142569640,0.023682725,1.616271150
9,233,211318720,67,0.802276566,0.142569640,0.023682725,1.695431163
17,233,211318720,67,0.806589981,0.142569640,0.023682725,1.711034789
14,233,211318720,67,0.822082714,0.142569640,0.023682725,1.766614290
13,233,211318720,67,0.828887397,0.142569640,0.023682725,1.787389023
2,233,211318720,67,0.832073278,0.142569640,0.023682725,1.794844562
3,233,211318720,67,0.867005483,0.142569640,0.023682725,1.854934232
15,233,211318720,67,0.945577756,0.142569640,0.023682725,1.979822161
25,233,211318720,67,0.952025692,0.142569640,0.023682725,1.986688419
8,233,211318720,67,1.024237500,0.142569640,0.023682725,2.016586063
16,233,211318720,67,0.420281467,0.142569640,0.023682725,2.765783005
24,233,211318720,67,1.165294969,0.142569640,0.023682725,2.084968306
29,233,211318720,67,1.289231248,0.142569640,0.023682725,2.188240023
5,233,211318720,67,1.349170437,0.142569640,0.023682725,2.248179332
11,233,211318720,67,1.436765414,0.142569640,0.023682725,2.283100486
10,233,211318720,67,2.500940347,0.142569640,0.023682725,2.081359941
7,233,211318720,67,2.580293565,0.142569640,0.023682725,2.059064968
10,234,211318720,67,0.309103827,0.142569640,0.020700339,0.376277393
13,234,211318720,67,0.349695505,0.142569640,0.020700339,0.595708909
15,234,211318720,67,0.357826991,0.142569640,0.020700339,0.638679309
19,234,211318720,67,0.367044128,0.142569640,0.020700339,0.685389846
5,234,211318720,67,0.401123492,0.142569640,0.020700339,0.835605258
24,234,211318720,67,0.402068091,0.142569640,0.020700339,0.839123717
9,234,211318720,67,0.406314018,0.142569640,0.020700339,0.852291858
27,234,211318720,67,0.411648825,0.142569640,0.020700339,0.865500520
26,234,211318720,67,0.434572014,0.142569640,0.020700339,0.905452256
28,234,211318720,67,0.471067229,0.142569640,0.020700339,0.943826417
25,234,211318720,67,0.497832446,0.142569640,0.020700339,0.954431023
14,234,211318720,67,0.656366503,0.142569640,0.020700339,1.164112610
11,234,211318720,67,0.670439746,0.142569640,0.020700339,1.198996568
16,234,211318720,67,0.689012139,0.142569640,0.020700339,1.255657169
4,234,211318720,67,0.802276566,0.142569640,0.020700339,1.600340797
1,234,211318720,67,0.806589981,0.142569640,0.020700339,1.607546644
6,234,211318720,67,0.819719265,0.142569640,0.020700339,1.621237002
29,234,211318720,67,0.823874673,0.142569640,0.020700339,1.622474269
21,234,211318720,67,1.024237500,0.142569640,0.020700339,1.728691960
23,234,211318720,67,1.065657761,0.142569640,0.020700339,1.776544198
18,234,211318720,67,1.183831296,0.142569640,0.020700339,1.958615007
3,234,211318720,67,1.185253134,0.142569640,0.020700339,1.960060774
7,234,211318720,67,1.241069629,0.142569640,0.020700339,1.982940974
12,234,211318720,67,2.070019088,0.142569640,0.020700339,1.892693848
2,234,211318720,67,2.141684867,0.142569640,0.020700339,1.977246567
20,234,211318720,67,2.241835908,0.142569640,0.020700339,2.138222505
17,234,211318720,67,2.242581386,0.142569640,0.020700339,2.139068188
8,234,211318720,67,2.303361475,0.142569640,0.020700339,2.163259204
22,234,211318720,67,0.799520819,0.142569640,0.020700339,3.747782062
30,234,211318720,67,2.580293565,0.142569640,0.020700339,2.083663522
2,235,211318720,67,0.272776191,0.142569640,0.017740140,0.251245800
21,235,211318720,67,0.281178980,0.142569640,0.017740140,0.278671403
28,235,211318720,67,0.331927073,0.142569640,0.017740140,0.459787787
6,235,211318720,67,0.357826991,0.142569640,0.017740140,0.543773352
9,235,211318720,67,0.402068091,0.142569640,0.017740140,0.678835286
26,235,211318720,67,0.406841767,0.142569640,0.017740140,0.690297267
10,235,211318720,67,0.420513033,0.142569640,0.017740140,0.713635003
22,235,211318720,67,0.434572014,0.142569640,0.017740140,0.728444120
4,235,211318720,67,0.491628020,0.142569640,0.017740140,0.751432250
20,235,211318720,67,0.635595755,0.142569640,0.017740140,0.933278470
12,235,211318720,67,0.656366503,0.142569640,0.017740140,0.969378173
19,235,211318720,67,0.737146514,0.142569640,0.017740140,1.125227761
29,235,211318720,67,0.747118578,0.142569640,0.017740140,1.142276897
14,235,211318720,67,0.822082714,0.142569640,0.017740140,1.236779638
16,235,211318720,67,0.828887397,0.142569640,0.017740140,1.244294155
5,235,211318720,67,0.941278721,0.142569640,0.017740140,1.465111615
23,235,211318720,67,0.990430268,0.142569640,0.017740140,1.602887963
7,235,211318720,67,0.998676963,0.142569640,0.017740140,1.623006992
18,235,211318720,67,0.999831002,0.142569640,0.017740140,1.624982059
1,235,211318720,67,1.077776804,0.142569640,0.017740140,1.716534147
3,235,211318720,67,1.102987746,0.142569640,0.017740140,1.743950575
25,235,211318720,67,1.205812777,0.142569640,0.017740140,1.783696523
24,235,211318720,67,1.509114459,0.142569640,0.017740140,1.794194204
17,235,211318720,67,1.772163784,0.142569640,0.017740140,1.813612456
27,235,211318720,67,2.241835908,0.142569640,0.017740140,1.845602884
8,235,211318720,67,2.280323170,0.142569640,0.017740140,1.882816643
15,235,211318720,67,2.387739789,0.142569640,0.017740140,1.944599544
13,235,211318720,67,2.500940347,0.142569640,0.017740140,2.034654699
30,235,211318720,67,2.575342822,0.142569640,0.017740140,2.063134594
11,235,211318720,67,2.656838111,0.142569640,0.017740140,2.040267861
18,236,211318720,67,0.340022068,0.142569640,0.082975410,0.540527510
4,236,211318720,67,0.344720398,0.142569640,0.082975410,0.564204224
3,236,211318720,67,0.347471629,0.142569640,0.082975410,0.576172580
16,236,211318720,67,0.384120181,0.142569640,0.082975410,0.734588202
2,236,211318720,67,0.384275535,0.142569640,0.082975410,0.735281165
20,236,211318720,67,0.393703093,0.142569640,0.082975410,0.770498872
5,236,211318720,67,0.402068091,0.142569640,0.082975410,0.796296065
19,236,211318720,67,0.406314018,0.142569640,0.082975410,0.806640394
7,236,211318720,67,0.469100688,0.142569640,0.082975410,0.915662933
21,236,211318720,67,0.496683722,0.142569640,0.082975410,0.947980212
1,236,211318720,67,0.522957550,0.142569640,0.082975410,0.974790593
25,236,211318720,67,0.635595755,0.142569640,0.082975410,1.189980625
17,236,211318720,67,0.689012139,0.142569640,0.082975410,1.431219258
9,236,211318720,67,0.695802929,0.142569640,0.082975410,1.469567771
8,236,211318720,67,0.737146514,0.142569640,0.082975410,1.678499959
22,236,211318720,67,0.756670836,0.142569640,0.082975410,1.764390372
23,236,211318720,67,0.764463287,0.142569640,0.082975410,1.793819071
6,236,211318720,67,0.769230066,0.142569640,0.082975410,1.808182702
28,236,211318720,67,0.790535894,0.142569640,0.082975410,1.858539701
14,236,211318720,67,0.815600578,0.142569640,0.082975410,1.905349478
15,236,211318720,67,0.823874673,0.142569640,0.082975410,1.919743740
10,236,211318720,67,0.832073278,0.142569640,0.082975410,1.928574558
26,236,211318720,67,0.952025692,0.142569640,0.082975410,1.973607267
11,236,211318720,67,1.183831296,0.142569640,0.082975410,2.176278374
29,236,211318720,67,1.188858293,0.142569640,0.082975410,2.181669042
13,236,211318720,67,1.205812777,0.142569640,0.082975410,2.188780559
27,236,211318720,67,1.450159241,0.142569640,0.082975410,2.216159141
24,236,211318720,67,2.036967590,0.142569640,0.082975410,2.146562407
12,236,211318720,67,2.851214341,0.142569640,0.082975410,2.012156974
30,236,211318720,67,3.411740796,0.142569640,0.082975410,1.855480201
11,237,211318720,67,0.205499149,0.142569640,0.030868310,0.199153857
14,237,211318720,67,0.291309717,0.142569640,0.030868310,0.633498026
18,237,211318720,67,0.294632521,0.142569640,0.030868310,0.654801459
3,237,211318720,67,0.299654210,0.142569640,0.030868310,0.683270371
2,237,211318720,67,0.332457627,0.142569640,0.030868310,0.835375981
30,237,211318720,67,0.344720398,0.142569640,0.030868310,0.888306517
25,237,211318720,67,0.349695505,0.142569640,0.030868310,0.906770766
10,237,211318720,67,0.401123492,0.142569640,0.030868310,1.098683457
13,237,211318720,67,0.406841767,0.142569640,0.030868310,1.119798089
17,237,211318720,67,0.416831058,0.142569640,0.030868310,1.150675295
27,237,211318720,67,0.420281467,0.142569640,0.030868310,1.158905343
4,237,211318720,67,0.471067229,0.142569640,0.030868310,1.246992087
9,237,211318720,67,0.515830983,0.142569640,0.030868310,1.294785031
24,237,211318720,67,0.519929897,0.142569640,0.030868310,1.296560645
6,237,211318720,67,0.714799086,0.142569640,0.030868310,1.353613372
15,237,211318720,67,0.832073278,0.142569640,0.030868310,1.489050625
7,237,211318720,67,0.867005483,0.142569640,0.030868310,1.526112579
1,237,211318720,67,0.945577756,0.142569640,0.030868310,1.645281377
22,237,211318720,67,1.021439625,0.142569640,0.030868310,1.868633754
28,237,211318720,67,1.055621497,0.142569640,0.030868310,1.950916058
8,237,211318720,67,1.065657761,0.142569640,0.030868310,1.967949162
23,237,211318720,67,1.077776804,0.142569640,0.030868310,1.980937395
5,237,211318720,67,1.101347065,0.142569640,0.030868310,1.989477323
29,237,211318720,67,1.284436966,0.142569640,0.030868310,2.034320441
20,237,211318720,67,1.772163784,0.142569640,0.030868310,2.033162175
21,237,211318720,67,1.854731332,0.142569640,0.030868310,2.080555817
19,237,211318720,67,1.973971545,0.142569640,0.030868310,2.126419150
12,237,211318720,67,2.387739789,0.142569640,0.030868310,2.106308038
16,237,211318720,67,2.575342822,0.142569640,0.030868310,2.053277704
26,237,211318720,67,0.309103827,0.142569640,0.030868310,4.347766739
16,238,211318720,67,0.262618358,0.142569640,0.166133478,0.437133283
30,238,211318720,67,0.272776191,0.142569640,0.166133478,0.481719906
23,238,211318720,67,0.274486776,0.142569640,0.166133478,0.488075356
29,238,211318720,67,0.331808595,0.142569640,0.166133478,0.699147355
6,238,211318720,67,0.331927073,0.142569640,0.166133478,0.699486300
24,238,211318720,67,0.384275535,0.142569640,0.166133478,0.859780176
5,238,211318720,67,0.387058100,0.142569640,0.166133478,0.868676261
18,238,211318720,67,0.420513033,0.142569640,0.166133478,0.935740261
1,238,211318720,67,0.491628020,0.142569640,0.166133478,1.010949157
19,238,211318720,67,0.507433692,0.142569640,0.166133478,1.016956878
14,238,211318720,67,0.218636321,0.142569640,0.166133478,1.313736999
8,238,211318720,67,0.737725058,0.142569640,0.166133478,1.251575717
25,238,211318720,67,0.781082769,0.142569640,0.166133478,1.384543632
20,238,211318720,67,0.806589981,0.142569640,0.166133478,1.448335687
9,238,211318720,67,0.819719265,0.142569640,0.166133478,1.479769195
27,238,211318720,67,0.839853738,0.142569640,0.166133478,1.514649316
7,238,211318720,67,0.846862281,0.142569640,0.166133478,1.521763241
12,238,211318720,67,0.945577756,0.142569640,0.166133478,1.565819084
4,238,211318720,67,1.077776804,0.142569640,0.166133478,1.717865713
11,238,211318720,67,1.104358980,0.142569640,0.166133478,1.750189155
21,238,211318720,67,1.185253134,0.142569640,0.166133478,1.886276648
13,238,211318720,67,1.241069629,0.142569640,0.166133478,1.983236646
10,238,211318720,67,1.284436966,0.142569640,0.166133478,2.029674373
15,238,211318720,67,1.294309936,0.142569640,0.166133478,2.033348691
3,238,211318720,67,0.402068091,0.142569640,0.166133478,2.971636196
28,238,211318720,67,1.720860573,0.142569640,0.166133478,2.076961849
22,238,211318720,67,1.772163784,0.142569640,0.166133478,2.138894982
26,238,211318720,67,1.854731332,0.142569640,0.166133478,2.226859631
2,238,211318720,67,2.122991969,0.142569640,0.166133478,2.184951380
17,238,211318720,67,1.904038728,0.142569640,0.166133478,2.506297555
13,239,211318720,67,0.299654210,0.142569640,0.135310203,0.494359313
3,239,211318720,67,0.309103827,0.142569640,0.135310203,0.542484589
30,239,211318720,67,0.325376681,0.142569640,0.135310203,0.613937451
10,239,211318720,67,0.331808595,0.142569640,0.135310203,0.640190203
1,239,211318720,67,0.333771051,0.142569640,0.135310203,0.647555499
11,239,211318720,67,0.397487178,0.142569640,0.135310203,0.892894811
20,239,211318720,67,0.406841767,0.142569640,0.135310203,0.926930095
4,239,211318720,67,0.416831058,0.142569640,0.135310203,0.957251469
6,239,211318720,67,0.491628020,0.142569640,0.135310203,1.121311748
19,239,211318720,67,0.496683722,0.142569640,0.135310203,1.126974532
24,239,211318720,67,0.515830983,0.142569640,0.135310203,1.134355235
5,239,211318720,67,0.764463287,0.142569640,0.135310203,1.301114517
26,239,211318720,67,0.781082769,0.142569640,0.135310203,1.317654240
15,239,211318720,67,0.819719265,0.142569640,0.135310203,1.331995759
25,239,211318720,67,0.969201848,0.142569640,0.135310203,1.603381723
17,239,211318720,67,0.986327720,0.142569640,0.135310203,1.632974973
14,239,211318720,67,0.999831002,0.142569640,0.135310203,1.647028898
12,239,211318720,67,1.024237500,0.142569640,0.135310203,1.656785986
22,239,211318720,67,1.205968091,0.142569640,0.135310203,1.700347543
8,239,211318720,67,1.436765414,0.142569640,0.135310203,1.770634840
2,239,211318720,67,1.522868244,0.142569640,0.135310203,1.804750221
21,239,211318720,67,0.471067229,0.142569640,0.135310203,2.894778655
27,239,211318720,67,1.854731332,0.142569640,0.135310203,1.868149145
18,239,211318720,67,1.904038728,0.142569640,0.135310203,1.888611415
9,239,211318720,67,2.141684867,0.142569640,0.135310203,1.918389275
16,239,211318720,67,2.280323170,0.142569640,0.135310203,1.972121731
23,239,211318720,67,2.610934393,0.142569640,0.135310203,1.971487710
7,239,211318720,67,2.759003758,0.142569640,0.135310203,2.022721317
29,239,211318720,67,0.357826991,0.142569640,0.135310203,4.488275173
28,239,211318720,67,3.411740796,0.142569640,0.135310203,1.842623260
27,240,211318720,67,0.291309717,0.142569640,0.002769094,0.371553919
30,240,211318720,67,0.325376681,0.142569640,0.002769094,0.521327060
28,240,211318720,67,0.345303952,0.142569640,0.002769094,0.595418778
16,240,211318720,67,0.346780912,0.142569640,0.002769094,0.599988020
4,240,211318720,67,0.352250991,0.142569640,0.002769094,0.612603685
3,240,211318720,67,0.357826991,0.142569640,0.002769094,0.621757176
17,240,211318720,67,0.411648825,0.142569640,0.002769094,0.681677297
19,240,211318720,67,0.420773321,0.142569640,0.002769094,0.691563948
6,240,211318720,67,0.549024150,0.142569640,0.002769094,0.817674247
25,240,211318720,67,0.578321737,0.142569640,0.002769094,0.845543834
29,240,211318720,67,0.695802929,0.142569640,0.002769094,1.021934113
20,240,211318720,67,0.764463287,0.142569640,0.002769094,1.232563992
5,240,211318720,67,0.790535894,0.142569640,0.002769094,1.305058106
1,240,211318720,67,0.802276566,0.142569640,0.002769094,1.332941019
11,240,211318720,67,0.806589981,0.142569640,0.002769094,1.340244672
2,240,211318720,67,0.917862357,0.142569640,0.002769094,1.461779003
23,240,211318720,67,0.969201848,0.142569640,0.002769094,1.506064421
12,240,211318720,67,1.076130101,0.142569640,0.002769094,1.620324133
15,240,211318720,67,1.163510533,0.142569640,0.002769094,1.731305068
10,240,211318720,67,1.165294969,0.142569640,0.002769094,1.733263441
14,240,211318720,67,1.374381413,0.142569640,0.002769094,1.843418332
26,240,211318720,67,1.772163784,0.142569640,0.002769094,1.865146711
22,240,211318720,67,1.854731332,0.142569640,0.002769094,1.938913234
9,240,211318720,67,1.934453384,0.142569640,0.002769094,1.975271215
7,240,211318720,67,2.070019088,0.142569640,0.002769094,2.027515223
13,240,211318720,67,0.832073278,0.142569640,0.002769094,3.389787719
21,240,211318720,67,2.502933016,0.142569640,0.002769094,2.043108510
24,240,211318720,67,2.580293565,0.142569640,0.002769094,2.073044085
8,240,211318720,67,1.278350893,0.142569640,0.002769094,3.768255749
18,240,211318720,67,3.411740796,0.142569640,0.002769094,1.839348476
23,241,211318720,67,0.272776191,0.142569640,0.005263465,0.283117470
26,241,211318720,67,0.274486776,0.142569640,0.005263465,0.290666392
25,241,211318720,67,0.331927073,0.142569640,0.005263465,0.550376628
6,241,211318720,67,0.393703093,0.142569640,0.005263465,0.785352554
2,241,211318720,67,0.405338182,0.142569640,0.005263465,0.820968802
4,241,211318720,67,0.407748930,0.142569640,0.005263465,0.826604978
13,241,211318720,67,0.411648825,0.142569640,0.005263465,0.832952301
16,241,211318720,67,0.420513033,0.142569640,0.005263465,0.841835031
10,241,211318720,67,0.459292393,0.142569640,0.005263465,0.857249554
15,241,211318720,67,0.689012139,0.142569640,0.005263465,0.942091572
11,241,211318720,67,0.756670836,0.142569640,0.005263465,1.072950089
5,241,211318720,67,0.828887397,0.142569640,0.005263465,1.231745307
20,241,211318720,67,0.839853738,0.142569640,0.005263465,1.250728338
28,241,211318720,67,0.867005483,0.142569640,0.005263465,1.287900480
3,241,211318720,67,0.919655903,0.142569640,0.005263465,1.412192910
27,241,211318720,67,0.338645076,0.142569640,0.005263465,2.092248109
30,241,211318720,67,0.998676963,0.142569640,0.005263465,1.546503453
19,241,211318720,67,1.007648939,0.142569640,0.005263465,1.555736794
29,241,211318720,67,1.009629524,0.142569640,0.005263465,1.556576379
24,241,211318720,67,1.235957661,0.142569640,0.005263465,1.589186718
8,241,211318720,67,1.436765414,0.142569640,0.005263465,1.676317890
17,241,211318720,67,1.509114459,0.142569640,0.005263465,1.705119931
14,241,211318720,67,1.720860573,0.142569640,0.005263465,1.738415107
22,241,211318720,67,1.934453384,0.142569640,0.005263465,1.838686789
9,241,211318720,67,1.973971545,0.142569640,0.005263465,1.853724285
7,241,211318720,67,2.280323170,0.142569640,0.005263465,1.865360091
12,241,211318720,67,2.452082856,0.142569640,0.005263465,1.912189422
21,241,211318720,67,2.759003758,0.142569640,0.005263465,1.922731732
18,241,211318720,67,3.042432322,0.142569640,0.005263465,1.939790715
1,241,211318720,67,3.411740796,0.142569640,0.005263465,1.834567882
14,242,211318720,67,0.310267843,0.142569640,0.025233321,0.415764095
9,242,211318720,67,0.340022068,0.142569640,0.025233321,0.546613040
20,242,211318720,67,0.345303952,0.142569640,0.025233321,0.566431380
24,242,211318720,67,0.349695505,0.142569640,0.025233321,0.579878141
25,242,211318720,67,0.372439086,0.142569640,0.025233321,0.634219585
30,242,211318720,67,0.406369678,0.142569640,0.025233321,0.707352375
13,242,211318720,67,0.411648825,0.142569640,0.025233321,0.712623877
2,242,211318720,67,0.522957550,0.142569640,0.025233321,0.762521379
27,242,211318720,67,0.656366503,0.142569640,0.025233321,1.005305047
17,242,211318720,67,0.695802929,0.142569640,0.025233321,1.099135256
29,242,211318720,67,0.698254705,0.142569640,0.025233321,1.103404860
8,242,211318720,67,0.752566429,0.142569640,0.025233321,1.179062682
18,242,211318720,67,0.764463287,0.142569640,0.025233321,1.191245380
26,242,211318720,67,0.952025692,0.142569640,0.025233321,1.398012148
4,242,211318720,67,0.990430268,0.142569640,0.025233321,1.437934314
22,242,211318720,67,1.055621497,0.142569640,0.025233321,1.487358049
3,242,211318720,67,0.402068091,0.142569640,0.025233321,2.295330594
12,242,211318720,67,1.163510533,0.142569640,0.025233321,1.570642471
23,242,211318720,67,1.289231248,0.142569640,0.025233321,1.862080812
16,242,211318720,67,1.294309936,0.142569640,0.025233321,1.867346096
1,242,211318720,67,1.304662576,0.142569640,0.025233321,1.870651874
11,242,211318720,67,1.591305991,0.142569640,0.025233321,1.893680200
6,242,211318720,67,1.720860573,0.142569640,0.025233321,1.942890964
21,242,211318720,67,1.904038728,0.142569640,0.025233321,1.987896792
10,242,211318720,67,2.141684867,0.142569640,0.025233321,2.043599631
7,242,211318720,67,0.867005483,0.142569640,0.025233321,3.448974002
15,242,211318720,67,2.242581386,0.142569640,0.025233321,2.137154785
28,242,211318720,67,2.303361475,0.142569640,0.025233321,2.160629808
5,242,211318720,67,1.275961791,0.142569640,0.025233321,3.810788292
19,242,211318720,67,3.411740796,0.142569640,0.025233321,1.845471955
22,243,211318720,67,0.262618358,0.142569640,0.000027939,0.291513559
4,243,211318720,67,0.274486776,0.142569640,0.000027939,0.341940208
21,243,211318720,67,0.331808595,0.142569640,0.000027939,0.608459359
29,243,211318720,67,0.345303952,0.142569640,0.000027939,0.685797083
24,243,211318720,67,0.347471629,0.142569640,0.000027939,0.696674706
17,243,211318720,67,0.372439086,0.142569640,0.000027939,0.817427093
15,243,211318720,67,0.406314018,0.142569640,0.000027939,0.965213845
5,243,211318720,67,0.406841767,0.142569640,0.000027939,0.967122590
2,243,211318720,67,0.434572014,0.142569640,0.000027939,1.052130797
19,243,211318720,67,0.452040546,0.142569640,0.000027939,1.094030136
16,243,211318720,67,0.459361129,0.142569640,0.000027939,1.106677687
11,243,211318720,67,0.471067229,0.142569640,0.000027939,1.119171776
26,243,211318720,67,0.497832446,0.142569640,0.000027939,1.127757787
28,243,211318720,67,0.656366503,0.142569640,0.000027939,1.375270696
25,243,211318720,67,0.668942036,0.142569640,0.000027939,1.396802760
10,243,211318720,67,0.687056158,0.142569640,0.000027939,1.427471444
27,243,211318720,67,0.746840162,0.142569640,0.000027939,1.563973737
9,243,211318720,67,0.819719265,0.142569640,0.000027939,1.704310064
20,243,211318720,67,0.822148367,0.142569640,0.000027939,1.708492380
23,243,211318720,67,0.839853738,0.142569640,0.000027939,1.727465172
13,243,211318720,67,0.940637450,0.142569640,0.000027939,1.815876311
14,243,211318720,67,1.183831296,0.142569640,0.000027939,1.917069597
6,243,211318720,67,1.284436966,0.142569640,0.000027939,1.992361705
8,243,211318720,67,1.374381413,0.142569640,0.000027939,2.139745296
30,243,211318720,67,1.423528796,0.142569640,0.000027939,2.191884648
7,243,211318720,67,1.436765414,0.142569640,0.000027939,2.196989135
18,243,211318720,67,1.591305991,0.142569640,0.000027939,2.247058474
1,243,211318720,67,1.904038728,0.142569640,0.000027939,2.257187865
3,243,211318720,67,2.280323170,0.142569640,0.000027939,2.153088653
12,243,211318720,67,1.009629524,0.142569640,0.000027939,3.455788455
27,244,211318720,67,0.274486776,0.142569640,0.037676997,0.235967596
7,244,211318720,67,0.344720398,0.142569640,0.037676997,0.591153815
11,244,211318720,67,0.352250991,0.142569640,0.037676997,0.624281802
13,244,211318720,67,0.384275535,0.142569640,0.037676997,0.749968079
24,244,211318720,67,0.387058100,0.142569640,0.037676997,0.760284577
16,244,211318720,67,0.391378383,0.142569640,0.037676997,0.773329715
29,244,211318720,67,0.393703093,0.142569640,0.037676997,0.779111723
12,244,211318720,67,0.405338182,0.142569640,0.037676997,0.799146482
20,244,211318720,67,0.406369678,0.142569640,0.037676997,0.800180632
10,244,211318720,67,0.515830983,0.142569640,0.037676997,0.858363674
17,244,211318720,67,0.635595755,0.142569640,0.037676997,0.990700565
15,244,211318720,67,0.670439746,0.142569640,0.037676997,1.030285001
8,244,211318720,67,0.756670836,0.142569640,0.037676997,1.228331912
5,244,211318720,67,0.809045384,0.142569640,0.037676997,1.318623866
25,244,211318720,67,0.815600578,0.142569640,0.037676997,1.329624652
6,244,211318720,67,0.821650137,0.142569640,0.037676997,1.336002734
28,244,211318720,67,1.101347065,0.142569640,0.037676997,1.534558109
2,244,211318720,67,1.165294969,0.142569640,0.037676997,1.616489386
26,244,211318720,67,1.183831296,0.142569640,0.037676997,1.648312573
18,244,211318720,67,1.289231248,0.142569640,0.037676997,1.763545322
21,244,211318720,67,1.304662576,0.142569640,0.037676997,1.780125722
30,244,211318720,67,1.423528796,0.142569640,0.037676997,1.903699438
19,244,211318720,67,1.854731332,0.142569640,0.037676997,2.001595688
23,244,211318720,67,1.904038728,0.142569640,0.037676997,2.054181744
9,244,211318720,67,1.934453384,0.142569640,0.037676997,2.066689409
22,244,211318720,67,0.952025692,0.142569640,0.037676997,3.376655293
4,244,211318720,67,2.575342822,0.142569640,0.037676997,2.073523999
14,244,211318720,67,2.580293565,0.142569640,0.037676997,2.075282080
3,244,211318720,67,3.042432322,0.142569640,0.037676997,1.944237284
1,244,211318720,67,1.450159241,0.142569640,0.037676997,3.554380840
16,245,211318720,67,0.262618358,0.142569640,0.015569091,0.281035513
14,245,211318720,67,0.272776191,0.142569640,0.015569091,0.324713322
23,245,211318720,67,0.328114621,0.142569640,0.015569091,0.564589623
27,245,211318720,67,0.346780912,0.142569640,0.015569091,0.646483062
29,245,211318720,67,0.372439086,0.142569640,0.015569091,0.765707250
22,245,211318720,67,0.384275535,0.142569640,0.015569091,0.818004446
30,245,211318720,67,0.387058100,0.142569640,0.015569091,0.828379764
20,245,211318720,67,0.406314018,0.142569640,0.015569091,0.887376179
9,245,211318720,67,0.420513033,0.142569640,0.015569091,0.921140796
19,245,211318720,67,0.469100688,0.142569640,0.015569091,1.004997145
13,245,211318720,67,0.496683722,0.142569640,0.015569091,1.034348002
17,245,211318720,67,0.497832446,0.142569640,0.015569091,1.034802691
6,245,211318720,67,0.656366503,0.142569640,0.015569091,1.153356033
7,245,211318720,67,0.746840162,0.142569640,0.015569091,1.470705010
11,245,211318720,67,0.757188691,0.142569640,0.015569091,1.508525740
1,245,211318720,67,0.790535894,0.142569640,0.015569091,1.610596541
24,245,211318720,67,0.821650137,0.142569640,0.015569091,1.685112170
21,245,211318720,67,0.822148367,0.142569640,0.015569091,1.685882943
4,245,211318720,67,0.832820764,0.142569640,0.015569091,1.697104033
2,245,211318720,67,0.839853738,0.142569640,0.015569091,1.699910831
5,245,211318720,67,0.986327720,0.142569640,0.015569091,1.961090767
10,245,211318720,67,0.990430268,0.142569640,0.015569091,1.970699805
26,245,211318720,67,1.044856486,0.142569640,0.015569091,2.065872672
18,245,211318720,67,1.065657761,0.142569640,0.015569091,2.102076721
12,245,211318720,67,1.102987746,0.142569640,0.015569091,2.141695675
15,245,211318720,67,1.185253134,0.142569640,0.015569091,2.174143176
28,245,211318720,67,2.194425436,0.142569640,0.015569091,2.067216930
8,245,211318720,67,2.241835908,0.142569640,0.015569091,2.117298296
25,245,211318720,67,2.303361475,0.142569640,0.015569091,2.142288360
3,245,211318720,67,3.341109767,0.142569640,0.015569091,1.851869203
22,246,211318720,67,0.338645076,0.142569640,0.057944041,0.467114147
2,246,211318720,67,0.346780912,0.142569640,0.057944041,0.513545271
11,246,211318720,67,0.387058100,0.142569640,0.057944041,0.717660228
3,246,211318720,67,0.405338182,0.142569640,0.057944041,0.797486834
13,246,211318720,67,0.406369678,0.142569640,0.057944041,0.801335876
24,246,211318720,67,0.407748930,0.142569640,0.057944041,0.805520841
26,246,211318720,67,0.411648825,0.142569640,0.057944041,0.814975547
28,246,211318720,67,0.416831058,0.142569640,0.057944041,0.824218734
5,246,211318720,67,0.459292393,0.142569640,0.057944041,0.868473709
14,246,211318720,67,0.471067229,0.142569640,0.057944041,0.872755142
30,246,211318720,67,0.656366503,0.142569640,0.057944041,1.139457158
21,246,211318720,67,0.670439746,0.142569640,0.057944041,1.191746868
12,246,211318720,67,0.695802929,0.142569640,0.057944041,1.284395644
27,246,211318720,67,0.752566429,0.142569640,0.057944041,1.495570326
18,246,211318720,67,0.756670836,0.142569640,0.057944041,1.508132495
8,246,211318720,67,0.781082769,0.142569640,0.057944041,1.566216710
7,246,211318720,67,0.799520819,0.142569640,0.057944041,1.598366423
10,246,211318720,67,0.822082714,0.142569640,0.057944041,1.637070706
19,246,211318720,67,0.832073278,0.142569640,0.057944041,1.647435823
23,246,211318720,67,0.940637450,0.142569640,0.057944041,1.751091607
29,246,211318720,67,0.990430268,0.142569640,0.057944041,1.770962950
6,246,211318720,67,1.188858293,0.142569640,0.057944041,1.869324185
1,246,211318720,67,1.241069629,0.142569640,0.057944041,1.889817000
4,246,211318720,67,1.414402113,0.142569640,0.057944041,2.008167153
20,246,211318720,67,1.450159241,0.142569640,0.057944041,2.022004733
9,246,211318720,67,2.070019088,0.142569640,0.057944041,1.946291842
15,246,211318720,67,2.452082856,0.142569640,0.057944041,1.958053249
16,246,211318720,67,2.575342822,0.142569640,0.057944041,2.087978115
17,246,211318720,67,2.580293565,0.142569640,0.057944041,2.089865930
25,246,211318720,67,2.610934393,0.142569640,0.057944041,2.081297199
23,247,211318720,67,0.328114621,0.142569640,0.000108646,0.627076995
8,247,211318720,67,0.331927073,0.142569640,0.000108646,0.650992366
9,247,211318720,67,0.346780912,0.142569640,0.000108646,0.736158188
25,247,211318720,67,0.367044128,0.142569640,0.000108646,0.846225190
5,247,211318720,67,0.372439086,0.142569640,0.000108646,0.873885536
19,247,211318720,67,0.384120181,0.142569640,0.000108646,0.924927700
13,247,211318720,67,0.397487178,0.142569640,0.000108646,0.975005306
26,247,211318720,67,0.406369678,0.142569640,0.000108646,1.001935646
28,247,211318720,67,0.430501742,0.142569640,0.000108646,1.058287182
30,247,211318720,67,0.469331802,0.142569640,0.000108646,1.124325124
6,247,211318720,67,0.471067229,0.142569640,0.000108646,1.126060723
2,247,211318720,67,0.497832446,0.142569640,0.000108646,1.136944554
24,247,211318720,67,0.291309717,0.142569640,0.000108646,1.605783678
7,247,211318720,67,0.752566429,0.142569640,0.000108646,1.161911705
21,247,211318720,67,0.919655903,0.142569640,0.000108646,1.242396163
16,247,211318720,67,1.009629524,0.142569640,0.000108646,1.361502008
17,247,211318720,67,1.076130101,0.142569640,0.000108646,1.466950071
12,247,211318720,67,1.104358980,0.142569640,0.000108646,1.496846582
20,247,211318720,67,1.163510533,0.142569640,0.000108646,1.526495622
4,247,211318720,67,1.294309936,0.142569640,0.000108646,1.637576514
11,247,211318720,67,1.349170437,0.142569640,0.000108646,1.696017263
1,247,211318720,67,1.436765414,0.142569640,0.000108646,1.776817567
10,247,211318720,67,1.509114459,0.142569640,0.000108646,1.803682382
18,247,211318720,67,2.487518451,0.142569640,0.000108646,1.791454852
27,247,211318720,67,2.500940347,0.142569640,0.000108646,1.806155720
14,247,211318720,67,2.502933016,0.142569640,0.000108646,1.806937952
29,247,211318720,67,2.656838111,0.142569640,0.000108646,1.858772714
22,247,211318720,67,3.042432322,0.142569640,0.000108646,1.846302772
3,247,211318720,67,3.341109767,0.142569640,0.000108646,1.857301372
15,247,211318720,67,3.411740796,0.142569640,0.000108646,1.837252034
17,248,211318720,67,0.205499149,0.142569640,0.017083649,0.092718014
28,248,211318720,67,0.310267843,0.142569640,0.017083649,0.533241562
7,248,211318720,67,0.331927073,0.142569640,0.017083649,0.660628618
21,248,211318720,67,0.344720398,0.142569640,0.017083649,0.733857788
6,248,211318720,67,0.372439086,0.142569640,0.017083649,0.894390967
19,248,211318720,67,0.384120181,0.142569640,0.017083649,0.961028768
22,248,211318720,67,0.387058100,0.142569640,0.017083649,0.975514333
16,248,211318720,67,0.401427962,0.142569640,0.017083649,1.038461414
29,248,211318720,67,0.406314018,0.142569640,0.017083649,1.056207535
4,248,211318720,67,0.406841767,0.142569640,0.017083649,1.057778496
24,248,211318720,67,0.420773321,0.142569640,0.017083649,1.090810844
15,248,211318720,67,0.469331802,0.142569640,0.017083649,1.173732908
13,248,211318720,67,0.491628020,0.142569640,0.017083649,1.197579298
30,248,211318720,67,0.507433692,0.142569640,0.017083649,1.204153846
18,248,211318720,67,0.737725058,0.142569640,0.017083649,1.387714907
26,248,211318720,67,0.757188691,0.142569640,0.017083649,1.420736292
20,248,211318720,67,0.821650137,0.142569640,0.017083649,1.499262912
10,248,211318720,67,0.832073278,0.142569640,0.017083649,1.510021187
3,248,211318720,67,0.945577756,0.142569640,0.017083649,1.691638969
23,248,211318720,67,0.986327720,0.142569640,0.017083649,1.788154535
11,248,211318720,67,1.021439625,0.142569640,0.017083649,1.849021697
12,248,211318720,67,1.065657761,0.142569640,0.017083649,1.895658619
25,248,211318720,67,1.076130101,0.142569640,0.017083649,1.899584348
8,248,211318720,67,1.235957661,0.142569640,0.017083649,1.950109331
14,248,211318720,67,1.414402113,0.142569640,0.017083649,1.996285650
27,248,211318720,67,1.973971545,0.142569640,0.017083649,2.017852124
2,248,211318720,67,2.036967590,0.142569640,0.017083649,2.122013228
1,248,211318720,67,2.070019088,0.142569640,0.017083649,2.157097527
9,248,211318720,67,2.122991969,0.142569640,0.017083649,2.176933814
5,248,211318720,67,2.241835908,0.142569640,0.017083649,2.143342756
27,249,211318720,67,0.272776191,0.142569640,0.021552740,0.555367261
11,249,211318720,67,0.274486776,0.142569640,0.021552740,0.568542364
28,249,211318720,67,0.301447636,0.142569640,0.021552740,0.759203187
3,249,211318720,67,0.309103827,0.142569640,0.021552740,0.808024097
30,249,211318720,67,0.338645076,0.142569640,0.021552740,1.010171164
16,249,211318720,67,0.340022068,0.142569640,0.021552740,1.019070735
6,249,211318720,67,0.340840754,0.142569640,0.021552740,1.023821000
17,249,211318720,67,0.384275535,0.142569640,0.021552740,1.218164121
23,249,211318720,67,0.387058100,0.142569640,0.021552740,1.228656167
18,249,211318720,67,0.397487178,0.142569640,0.021552740,1.260304993
4,249,211318720,67,0.405338182,0.142569640,0.021552740,1.279139471
5,249,211318720,67,0.406314018,0.142569640,0.021552740,1.280797620
20,249,211318720,67,0.452040546,0.142569640,0.021552740,1.327150709
13,249,211318720,67,0.459292393,0.142569640,0.021552740,1.329879277
22,249,211318720,67,0.737725058,0.142569640,0.021552740,1.556471740
29,249,211318720,67,0.747118578,0.142569640,0.021552740,1.579098710
15,249,211318720,67,0.802276566,0.142569640,0.021552740,1.676110258
14,249,211318720,67,0.809045384,0.142569640,0.021552740,1.687234426
21,249,211318720,67,0.846862281,0.142569640,0.021552740,1.728105771
24,249,211318720,67,0.941278721,0.142569640,0.021552740,1.867986878
7,249,211318720,67,1.009629524,0.142569640,0.021552740,1.986324760
1,249,211318720,67,1.021439625,0.142569640,0.021552740,1.999488068
12,249,211318720,67,1.065657761,0.142569640,0.021552740,2.016913756
2,249,211318720,67,1.241069629,0.142569640,0.021552740,2.063319833
26,249,211318720,67,0.346780912,0.142569640,0.021552740,3.093834131
8,249,211318720,67,2.036967590,0.142569640,0.021552740,1.933695149
9,249,211318720,67,2.241835908,0.142569640,0.021552740,1.969136008
10,249,211318720,67,2.487518451,0.142569640,0.021552740,1.996976385
19,249,211318720,67,3.042432322,0.142569640,0.021552740,1.934491197
25,249,211318720,67,3.411740796,0.142569640,0.021552740,1.831110003
19,250,211318720,67,0.301447636,0.142569640,0.107852727,0.374384408
23,250,211318720,67,0.331927073,0.142569640,0.107852727,0.507795787
10,250,211318720,67,0.340022068,0.142569640,0.107852727,0.537846532
11,250,211318720,67,0.352250991,0.142569640,0.107852727,0.575323859
30,250,211318720,67,0.357859759,0.142569640,0.107852727,0.588811634
17,250,211318720,67,0.405338182,0.142569640,0.107852727,0.670155494
9,250,211318720,67,0.416831058,0.142569640,0.107852727,0.681388785
5,250,211318720,67,0.420281467,0.142569640,0.107852727,0.682685501
21,250,211318720,67,0.635595755,0.142569640,0.107852727,0.834271663
15,250,211318720,67,0.695802929,0.142569640,0.107852727,0.968737776
13,250,211318720,67,0.714799086,0.142569640,0.107852727,1.021076860
28,250,211318720,67,0.747118578,0.142569640,0.107852727,1.114149653
29,250,211318720,67,0.799520819,0.142569640,0.107852727,1.251276413
4,250,211318720,67,0.832073278,0.142569640,0.107852727,1.329616290
12,250,211318720,67,0.846862281,0.142569640,0.107852727,1.357375348
18,250,211318720,67,0.867005483,0.142569640,0.107852727,1.412188162
7,250,211318720,67,0.986327720,0.142569640,0.107852727,1.687238061
3,250,211318720,67,0.990430268,0.142569640,0.107852727,1.694424698
6,250,211318720,67,0.998676963,0.142569640,0.107852727,1.703267895
8,250,211318720,67,1.077776804,0.142569640,0.107852727,1.734005988
2,250,211318720,67,1.278350893,0.142569640,0.107852727,1.808581645
16,250,211318720,67,1.374381413,0.142569640,0.107852727,1.908877048
20,250,211318720,67,1.414402113,0.142569640,0.107852727,1.924516765
27,250,211318720,67,2.141684867,0.142569640,0.107852727,1.815295732
24,250,211318720,67,2.280323170,0.142569640,0.107852727,1.890220992
1,250,211318720,67,0.919655903,0.142569640,0.107852727,3.472424947
26,250,211318720,67,2.610934393,0.142569640,0.107852727,1.965408528
25,250,211318720,67,2.851214341,0.142569640,0.107852727,1.993451339
22,250,211318720,67,3.411740796,0.142569640,0.107852727,1.837182509
14,250,211318720,67,2.387739789,0.142569640,0.107852727,2.908934756
20,251,211318720,67,0.281178980,0.142569640,0.136111319,0.295947982
4,251,211318720,67,0.299654210,0.142569640,0.136111319,0.364427065
26,251,211318720,67,0.349695505,0.142569640,0.136111319,0.519798788
2,251,211318720,67,0.397487178,0.142569640,0.136111319,0.722260965
30,251,211318720,67,0.401427962,0.142569640,0.136111319,0.739783253
3,251,211318720,67,0.402068091,0.142569640,0.136111319,0.742247383
14,251,211318720,67,0.471067229,0.142569640,0.136111319,0.953371595
7,251,211318720,67,0.491628020,0.142569640,0.136111319,1.002200415
21,251,211318720,67,0.496683722,0.142569640,0.136111319,1.010752259
15,251,211318720,67,0.515830983,0.142569640,0.136111319,1.030864947
24,251,211318720,67,0.522957550,0.142569640,0.136111319,1.033677007
9,251,211318720,67,0.687056158,0.142569640,0.136111319,1.143625240
19,251,211318720,67,0.737725058,0.142569640,0.136111319,1.164097252
25,251,211318720,67,0.332457627,0.142569640,0.136111319,1.663349997
22,251,211318720,67,0.941278721,0.142569640,0.136111319,1.480200924
10,251,211318720,67,0.945577756,0.142569640,0.136111319,1.493342140
11,251,211318720,67,0.952025692,0.142569640,0.136111319,1.508712280
12,251,211318720,67,0.986327720,0.142569640,0.136111319,1.584985762
13,251,211318720,67,1.055621497,0.142569640,0.136111319,1.704103760
16,251,211318720,67,1.065657761,0.142569640,0.136111319,1.714615536
23,251,211318720,67,1.102987746,0.142569640,0.136111319,1.729217855
5,251,211318720,67,1.275961791,0.142569640,0.136111319,1.947148586
27,251,211318720,67,1.284436966,0.142569640,0.136111319,1.956512736
6,251,211318720,67,1.294309936,0.142569640,0.136111319,1.960388221
8,251,211318720,67,1.436765414,0.142569640,0.136111319,2.016610629
1,251,211318720,67,1.904038728,0.142569640,0.136111319,1.985777601
18,251,211318720,67,2.242581386,0.142569640,0.136111319,2.056473035
17,251,211318720,67,2.280323170,0.142569640,0.136111319,2.070818577
29,251,211318720,67,2.502933016,0.142569640,0.136111319,2.102972057
28,251,211318720,67,3.411740796,0.142569640,0.136111319,1.845870969
6,252,211318720,67,0.205499149,0.142569640,0.018534856,0.123036817
9,252,211318720,67,0.301447636,0.142569640,0.018534856,0.420531138
16,252,211318720,67,0.309103827,0.142569640,0.018534856,0.453761855
23,252,211318720,67,0.331808595,0.142569640,0.018534856,0.538168334
20,252,211318720,67,0.405338182,0.142569640,0.018534856,0.798398024
2,252,211318720,67,0.411648825,0.142569640,0.018534856,0.817587939
15,252,211318720,67,0.420513033,0.142569640,0.018534856,0.838921629
7,252,211318720,67,0.434572014,0.142569640,0.018534856,0.862787292
5,252,211318720,67,0.491628020,0.142569640,0.018534856,0.923019124
17,252,211318720,67,0.497832446,0.142569640,0.018534856,0.925791615
3,252,211318720,67,0.694847525,0.142569640,0.018534856,1.138619067
4,252,211318720,67,0.698254705,0.142569640,0.018534856,1.144490516
1,252,211318720,67,0.747118578,0.142569640,0.018534856,1.196063672
29,252,211318720,67,0.806589981,0.142569640,0.018534856,1.218346759
19,252,211318720,67,0.352250991,0.142569640,0.018534856,1.972864010
11,252,211318720,67,0.990430268,0.142569640,0.018534856,1.372283424
22,252,211318720,67,1.024237500,0.142569640,0.018534856,1.408935055
30,252,211318720,67,1.076130101,0.142569640,0.018534856,1.483294850
27,252,211318720,67,1.165294969,0.142569640,0.018534856,1.644082599
8,252,211318720,67,1.188858293,0.142569640,0.018534856,1.684832589
13,252,211318720,67,1.241069629,0.142569640,0.018534856,1.746637594
26,252,211318720,67,1.374381413,0.142569640,0.018534856,1.821747381
28,252,211318720,67,1.772163784,0.142569640,0.018534856,1.803877756
18,252,211318720,67,1.934453384,0.142569640,0.018534856,1.851881466
12,252,211318720,67,2.141684867,0.142569640,0.018534856,1.916068086
14,252,211318720,67,2.241835908,0.142569640,0.018534856,2.009537997
21,252,211318720,67,2.303361475,0.142569640,0.018534856,2.034208424
10,252,211318720,67,2.656838111,0.142569640,0.018534856,2.028141593
25,252,211318720,67,3.042432322,0.142569640,0.018534856,1.917828084
24,252,211318720,67,1.275961791,0.142569640,0.018534856,3.687631404
25,253,211318720,67,0.299654210,0.142569640,0.098382734,0.287809434
17,253,211318720,67,0.310267843,0.142569640,0.098382734,0.313280384
1,253,211318720,67,0.331808595,0.142569640,0.098382734,0.360222936
20,253,211318720,67,0.372439086,0.142569640,0.098382734,0.442163753
27,253,211318720,67,0.406314018,0.142569640,0.098382734,0.519502049
10,253,211318720,67,0.459361129,0.142569640,0.098382734,0.611012874
8,253,211318720,67,0.496683722,0.142569640,0.098382734,0.650263433
19,253,211318720,67,0.519929897,0.142569640,0.098382734,0.664046748
7,253,211318720,67,0.656366503,0.142569640,0.098382734,0.935378520
9,253,211318720,67,0.670439746,0.142569640,0.098382734,0.969139604
5,253,211318720,67,0.689012139,0.142569640,0.098382734,1.000831358
28,253,211318720,67,0.752566429,0.142569640,0.098382734,1.067339296
23,253,211318720,67,0.919655903,0.142569640,0.098382734,1.319970032
30,253,211318720,67,0.969201848,0.142569640,0.098382734,1.470962708
26,253,211318720,67,0.986327720,0.142569640,0.098382734,1.512001654
24,253,211318720,67,1.007648939,0.142569640,0.098382734,1.548398278
11,253,211318720,67,1.021439625,0.142569640,0.098382734,1.562891643
12,253,211318720,67,1.024237500,0.142569640,0.098382734,1.565791322
13,253,211318720,67,1.163510533,0.142569640,0.098382734,1.782095803
18,253,211318720,67,1.183831296,0.142569640,0.098382734,1.831162177
16,253,211318720,67,1.205968091,0.142569640,0.098382734,1.869546717
14,253,211318720,67,1.284436966,0.142569640,0.098382734,1.951273782
15,253,211318720,67,1.304662576,0.142569640,0.098382734,1.965988684
21,253,211318720,67,1.436765414,0.142569640,0.098382734,2.016790346
6,253,211318720,67,0.756670836,0.142569640,0.098382734,3.008782466
22,253,211318720,67,2.303361475,0.142569640,0.098382734,1.966822189
2,253,211318720,67,2.500940347,0.142569640,0.098382734,2.052962746
4,253,211318720,67,2.575342822,0.142569640,0.098382734,2.081248171
3,253,211318720,67,2.610934393,0.142569640,0.098382734,2.071186646
29,253,211318720,67,1.973971545,0.142569640,0.098382734,2.830696865
16,254,211318720,67,0.299654210,0.142569640,0.046875652,0.477680371
1,254,211318720,67,0.310267843,0.142569640,0.046875652,0.538562909
6,254,211318720,67,0.331927073,0.142569640,0.046875652,0.651012415
15,254,211318720,67,0.352250991,0.142569640,0.046875652,0.753647264
30,254,211318720,67,0.366496772,0.142569640,0.046875652,0.816148997
9,254,211318720,67,0.367044128,0.142569640,0.046875652,0.818183255
14,254,211318720,67,0.372439086,0.142569640,0.046875652,0.834218739
24,254,211318720,67,0.406369678,0.142569640,0.046875652,0.956069563
12,254,211318720,67,0.420281467,0.142569640,0.046875652,0.998855278
25,254,211318720,67,0.420513033,0.142569640,0.046875652,0.999414539
10,254,211318720,67,0.469331802,0.142569640,0.046875652,1.083662341
19,254,211318720,67,0.515830983,0.142569640,0.046875652,1.131780289
22,254,211318720,67,0.519929897,0.142569640,0.046875652,1.133577950
18,254,211318720,67,0.695802929,0.142569640,0.046875652,1.239873528
5,254,211318720,67,0.799520819,0.142569640,0.046875652,1.539954590
13,254,211318720,67,0.809045384,0.142569640,0.046875652,1.575599030
23,254,211318720,67,0.822148367,0.142569640,0.046875652,1.614614447
2,254,211318720,67,0.832073278,0.142569640,0.046875652,1.638702482
26,254,211318720,67,0.867005483,0.142569640,0.046875652,1.727960937
20,254,211318720,67,0.941278721,0.142569640,0.046875652,1.909927262
7,254,211318720,67,0.984046731,0.142569640,0.046875652,2.000786953
27,254,211318720,67,0.990430268,0.142569640,0.046875652,2.011794273
29,254,211318720,67,1.076130101,0.142569640,0.046875652,2.121887754
21,254,211318720,67,1.188858293,0.142569640,0.046875652,2.182075369
3,254,211318720,67,1.591305991,0.142569640,0.046875652,2.165604902
4,254,211318720,67,2.242581386,0.142569640,0.046875652,2.177054740
11,254,211318720,67,0.940637450,0.142569640,0.046875652,3.927794116
28,254,211318720,67,1.973971545,0.142569640,0.046875652,3.073193191
8,254,211318720,67,3.042432322,0.142569640,0.046875652,2.048539423
17,254,211318720,67,1.101347065,0.142569640,0.046875652,3.989984445
6,255,211318720,67,0.205499149,0.142569640,0.019872505,0.209168913
14,255,211318720,67,0.218636321,0.142569640,0.019872505,0.240861983
3,255,211318720,67,0.262618358,0.142569640,0.019872505,0.326670372
11,255,211318720,67,0.331808595,0.142569640,0.019872505,0.446334047
24,255,211318720,67,0.347471629,0.142569640,0.019872505,0.463241976
23,255,211318720,67,0.391378383,0.142569640,0.019872505,0.540056673
20,255,211318720,67,0.491628020,0.142569640,0.019872505,0.712753126
17,255,211318720,67,0.496683722,0.142569640,0.019872505,0.717833279
30,255,211318720,67,0.522957550,0.142569640,0.019872505,0.728123201
7,255,211318720,67,0.668942036,0.142569640,0.019872505,0.966181275
9,255,211318720,67,0.698254705,0.142569640,0.019872505,1.035433033
16,255,211318720,67,0.714799086,0.142569640,0.019872505,1.064152748
19,255,211318720,67,0.769230066,0.142569640,0.019872505,1.121452191
12,255,211318720,67,0.790535894,0.142569640,0.019872505,1.129489537
13,255,211318720,67,0.940637450,0.142569640,0.019872505,1.373727961
28,255,211318720,67,0.969201848,0.142569640,0.019872505,1.422022809
4,255,211318720,67,0.984046731,0.142569640,0.019872505,1.437627954
25,255,211318720,67,1.009629524,0.142569640,0.019872505,1.446772242
10,255,211318720,67,1.165294969,0.142569640,0.019872505,1.521148095
1,255,211318720,67,1.289231248,0.142569640,0.019872505,1.652410686
22,255,211318720,67,1.294309936,0.142569640,0.019872505,1.654469039
15,255,211318720,67,1.934453384,0.142569640,0.019872505,1.696033053
26,255,211318720,67,2.036967590,0.142569640,0.019872505,1.804449701
5,255,211318720,67,2.070019088,0.142569640,0.019872505,1.817951168
18,255,211318720,67,2.303361475,0.142569640,0.019872505,1.943934532
2,255,211318720,67,2.452082856,0.142569640,0.019872505,1.997158040
27,255,211318720,67,2.759003758,0.142569640,0.019872505,2.004474889
8,255,211318720,67,1.450159241,0.142569640,0.019872505,3.629541402
29,255,211318720,67,3.411740796,0.142569640,0.019872505,1.825585753
21,255,211318720,67,2.241835908,0.142569640,0.019872505,3.034327462
25,256,211318720,67,0.262618358,0.142569640,0.042537790,0.268997431
8,256,211318720,67,0.294632521,0.142569640,0.042537790,0.418283608
26,256,211318720,67,0.325376681,0.142569640,0.042537790,0.553323121
16,256,211318720,67,0.331927073,0.142569640,0.042537790,0.579918504
11,256,211318720,67,0.366496772,0.142569640,0.042537790,0.708378855
30,256,211318720,67,0.405338182,0.142569640,0.042537790,0.814853395
21,256,211318720,67,0.407748930,0.142569640,0.042537790,0.819061449
9,256,211318720,67,0.420773321,0.142569640,0.042537790,0.832856537
4,256,211318720,67,0.471067229,0.142569640,0.042537790,0.852808760
10,256,211318720,67,0.670439746,0.142569640,0.042537790,1.029347251
22,256,211318720,67,0.687056158,0.142569640,0.042537790,1.089863205
3,256,211318720,67,0.769230066,0.142569640,0.042537790,1.340429823
17,256,211318720,67,0.790535894,0.142569640,0.042537790,1.400486814
5,256,211318720,67,0.802276566,0.142569640,0.042537790,1.428867722
20,256,211318720,67,0.806589981,0.142569640,0.042537790,1.436409408
15,256,211318720,67,0.815600578,0.142569640,0.042537790,1.445999246
29,256,211318720,67,0.919655903,0.142569640,0.042537790,1.564063990
23,256,211318720,67,1.021439625,0.142569640,0.042537790,1.692261288
14,256,211318720,67,1.101347065,0.142569640,0.042537790,1.758193263
12,256,211318720,67,0.387058100,0.142569640,0.042537790,2.617125850
28,256,211318720,67,1.188858293,0.142569640,0.042537790,1.823135186
19,256,211318720,67,1.284436966,0.142569640,0.042537790,1.860359634
7,256,211318720,67,1.436765414,0.142569640,0.042537790,1.950349859
1,256,211318720,67,1.522868244,0.142569640,0.042537790,1.984814346
6,256,211318720,67,1.973971545,0.142569640,0.042537790,1.953756947
2,256,211318720,67,2.194425436,0.142569640,0.042537790,2.051307981
13,256,211318720,67,2.241835908,0.142569640,0.042537790,2.069838841
18,256,211318720,67,0.986327720,0.142569640,0.042537790,3.643045440
24,256,211318720,67,2.851214341,0.142569640,0.042537790,1.994021119
27,256,211318720,67,3.411740796,0.142569640,0.042537790,1.834021092
14,257,211318720,67,0.274486776,0.142569640,0.068131678,0.338273846
11,257,211318720,67,0.299654210,0.142569640,0.068131678,0.463697919
1,257,211318720,67,0.325376681,0.142569640,0.068131678,0.583078460
6,257,211318720,67,0.331927073,0.142569640,0.068131678,0.611521200
9,257,211318720,67,0.332457627,0.142569640,0.068131678,0.613542508
3,257,211318720,67,0.384275535,0.142569640,0.068131678,0.779090157
26,257,211318720,67,0.406841767,0.142569640,0.068131678,0.848366028
23,257,211318720,67,0.411648825,0.142569640,0.068131678,0.859675740
4,257,211318720,67,0.420281467,0.142569640,0.068131678,0.874105219
13,257,211318720,67,0.459361129,0.142569640,0.068131678,0.915784857
17,257,211318720,67,0.515830983,0.142569640,0.068131678,0.938297791
18,257,211318720,67,0.670439746,0.142569640,0.068131678,1.276251107
29,257,211318720,67,0.687056158,0.142569640,0.068131678,1.333595036
12,257,211318720,67,0.694847525,0.142569640,0.068131678,1.357454745
21,257,211318720,67,0.695802929,0.142569640,0.068131678,1.359811661
10,257,211318720,67,0.756670836,0.142569640,0.068131678,1.464531812
28,257,211318720,67,0.802276566,0.142569640,0.068131678,1.528718239
2,257,211318720,67,0.819719265,0.142569640,0.068131678,1.546803325
8,257,211318720,67,0.919655903,0.142569640,0.068131678,1.651104066
16,257,211318720,67,0.969201848,0.142569640,0.068131678,1.703591890
27,257,211318720,67,1.055621497,0.142569640,0.068131678,1.737749115
15,257,211318720,67,1.205812777,0.142569640,0.068131678,1.954198275
22,257,211318720,67,1.235957661,0.142569640,0.068131678,2.009817580
5,257,211318720,67,1.275961791,0.142569640,0.068131678,2.078855280
19,257,211318720,67,1.289231248,0.142569640,0.068131678,2.093124729
25,257,211318720,67,1.374381413,0.142569640,0.068131678,2.126557085
24,257,211318720,67,2.070019088,0.142569640,0.068131678,2.041254283
20,257,211318720,67,2.194425436,0.142569640,0.068131678,2.151721504
30,257,211318720,67,2.241835908,0.142569640,0.068131678,2.169976734
7,257,211318720,67,2.303361475,0.142569640,0.068131678,2.152681338
26,258,211318720,67,0.217175369,0.142569640,0.004790357,0.079655746
2,258,211318720,67,0.331927073,0.142569640,0.004790357,0.294943556
6,258,211318720,67,0.349695505,0.142569640,0.004790357,0.326034655
29,258,211318720,67,0.402068091,0.142569640,0.004790357,0.381201267
13,258,211318720,67,0.407748930,0.142569640,0.004790357,0.383677410
8,258,211318720,67,0.668942036,0.142569640,0.004790357,0.436585211
5,258,211318720,67,0.769230066,0.142569640,0.004790357,0.602940770
4,258,211318720,67,0.806589981,0.142569640,0.004790357,0.648664849
1,258,211318720,67,0.819719265,0.142569640,0.004790357,0.662991584
16,258,211318720,67,0.940637450,0.142569640,0.004790357,0.815198634
3,258,211318720,67,0.998676963,0.142569640,0.004790357,0.953561806
20,258,211318720,67,1.044856486,0.142569640,0.004790357,1.050034809
24,258,211318720,67,1.055621497,0.142569640,0.004790357,1.082249003
23,258,211318720,67,1.076130101,0.142569640,0.004790357,1.131641712
21,258,211318720,67,1.165294969,0.142569640,0.004790357,1.319323823
30,258,211318720,67,1.183831296,0.142569640,0.004790357,1.364183791
14,258,211318720,67,1.188858293,0.142569640,0.004790357,1.372601311
28,258,211318720,67,1.278350893,0.142569640,0.004790357,1.466371785
27,258,211318720,67,1.284436966,0.142569640,0.004790357,1.468645932
18,258,211318720,67,1.436765414,0.142569640,0.004790357,1.607666880
10,258,211318720,67,1.450159241,0.142569640,0.004790357,1.612533778
12,258,211318720,67,1.904038728,0.142569640,0.004790357,1.700972103
15,258,211318720,67,1.934453384,0.142569640,0.004790357,1.733323854
11,258,211318720,67,1.973971545,0.142569640,0.004790357,1.748924571
19,258,211318720,67,2.194425436,0.142569640,0.004790357,1.909122739
9,258,211318720,67,2.241835908,0.142569640,0.004790357,1.959104382
25,258,211318720,67,2.242581386,0.142569640,0.004790357,1.959417560
17,258,211318720,67,2.387739789,0.142569640,0.004790357,2.012687041
7,258,211318720,67,2.759003758,0.142569640,0.004790357,2.001247725
22,258,211318720,67,3.341109767,0.142569640,0.004790357,1.839564556
10,259,211318720,67,0.272776191,0.142569640,0.185901448,0.456178182
16,259,211318720,67,0.274486776,0.142569640,0.185901448,0.468305765
29,259,211318720,67,0.281178980,0.142569640,0.185901448,0.513184438
21,259,211318720,67,0.332457627,0.142569640,0.185901448,0.869535207
13,259,211318720,67,0.338645076,0.142569640,0.185901448,0.913262373
5,259,211318720,67,0.357859759,0.142569640,0.185901448,1.035700915
6,259,211318720,67,0.367044128,0.142569640,0.185901448,1.089815497
30,259,211318720,67,0.397487178,0.142569640,0.185901448,1.263631118
26,259,211318720,67,0.402068091,0.142569640,0.185901448,1.286216737
2,259,211318720,67,0.406841767,0.142569640,0.185901448,1.303611779
22,259,211318720,67,0.420513033,0.142569640,0.185901448,1.336127750
14,259,211318720,67,0.434572014,0.142569640,0.185901448,1.360775265
8,259,211318720,67,0.471067229,0.142569640,0.185901448,1.398920138
28,259,211318720,67,0.507433692,0.142569640,0.185901448,1.412528099
15,259,211318720,67,0.656366503,0.142569640,0.185901448,1.537897831
17,259,211318720,67,0.694847525,0.142569640,0.185901448,1.586292932
19,259,211318720,67,0.802276566,0.142569640,0.185901448,1.698544023
25,259,211318720,67,0.821650137,0.142569640,0.185901448,1.706400638
24,259,211318720,67,1.065657761,0.142569640,0.185901448,1.817467455
23,259,211318720,67,1.102987746,0.142569640,0.185901448,1.880705465
3,259,211318720,67,1.185253134,0.142569640,0.185901448,1.967213340
12,259,211318720,67,1.205968091,0.142569640,0.185901448,1.974878077
1,259,211318720,67,1.509114459,0.142569640,0.185901448,2.027734909
4,259,211318720,67,1.591305991,0.142569640,0.185901448,2.059010972
18,259,211318720,67,0.401123492,0.142569640,0.185901448,3.337969414
7,259,211318720,67,0.406369678,0.142569640,0.185901448,3.361569559
11,259,211318720,67,1.854731332,0.142569640,0.185901448,2.080382678
9,259,211318720,67,2.387739789,0.142569640,0.185901448,2.079691483
27,259,211318720,67,2.452082856,0.142569640,0.185901448,2.105298838
20,259,211318720,67,2.759003758,0.142569640,0.185901448,2.122763872
15,260,211318720,67,0.262618358,0.142569640,0.133153319,0.414861992
21,260,211318720,67,0.310267843,0.142569640,0.133153319,0.709585064
10,260,211318720,67,0.331808595,0.142569640,0.133153319,0.846776274
13,260,211318720,67,0.332457627,0.142569640,0.133153319,0.850912110
26,260,211318720,67,0.338645076,0.142569640,0.133153319,0.885897432
7,260,211318720,67,0.345303952,0.142569640,0.133153319,0.919383028
16,260,211318720,67,0.349695505,0.142569640,0.133153319,0.938906579
20,260,211318720,67,0.357859759,0.142569640,0.133153319,0.969411383
24,260,211318720,67,0.367044128,0.142569640,0.133153319,0.997214190
4,260,211318720,67,0.372439086,0.142569640,0.133153319,1.010329848
2,260,211318720,67,0.420513033,0.142569640,0.133153319,1.122046695
18,260,211318720,67,0.459292393,0.142569640,0.133153319,1.188393744
23,260,211318720,67,0.469331802,0.142569640,0.133153319,1.199581277
27,260,211318720,67,0.519929897,0.142569640,0.133153319,1.219451674
11,260,211318720,67,0.668942036,0.142569640,0.133153319,1.422036000
28,260,211318720,67,0.687056158,0.142569640,0.133153319,1.460291363
19,260,211318720,67,0.714799086,0.142569640,0.133153319,1.507973704
6,260,211318720,67,0.809045384,0.142569640,0.133153319,1.614031659
29,260,211318720,67,0.819719265,0.142569640,0.133153319,1.632070115
14,260,211318720,67,0.940637450,0.142569640,0.133153319,1.808349748
30,260,211318720,67,0.952025692,0.142569640,0.133153319,1.820249877
9,260,211318720,67,1.009629524,0.142569640,0.133153319,1.841454221
17,260,211318720,67,1.185253134,0.142569640,0.133153319,1.968358976
25,260,211318720,67,1.205812777,0.142569640,0.133153319,1.976256253
8,260,211318720,67,1.349170437,0.142569640,0.133153319,2.032038964
12,260,211318720,67,1.720860573,0.142569640,0.133153319,2.025139124
22,260,211318720,67,2.036967590,0.142569640,0.133153319,2.030829139
5,260,211318720,67,2.194425436,0.142569640,0.133153319,2.119562361
1,260,211318720,67,2.280323170,0.142569640,0.133153319,2.152761722
3,260,211318720,67,2.500940347,0.142569640,0.133153319,2.091812726
25,261,211318720,67,0.338645076,0.142569640,0.141413793,0.196289252
14,261,211318720,67,0.405338182,0.142569640,0.141413793,0.426357224
20,261,211318720,67,0.420513033,0.142569640,0.141413793,0.483435698
23,261,211318720,67,0.434572014,0.142569640,0.141413793,0.526653798
2,261,211318720,67,0.452040546,0.142569640,0.141413793,0.569020235
1,261,211318720,67,0.496683722,0.142569640,0.141413793,0.644845222
30,261,211318720,67,0.519929897,0.142569640,0.141413793,0.669548813
15,261,211318720,67,0.522957550,0.142569640,0.141413793,0.670720556
5,261,211318720,67,0.746840162,0.142569640,0.141413793,1.094474752
12,261,211318720,67,0.747118578,0.142569640,0.141413793,1.095699053
16,261,211318720,67,0.752566429,0.142569640,0.141413793,1.115924859
28,261,211318720,67,0.802276566,0.142569640,0.141413793,1.268337581
27,261,211318720,67,0.806589981,0.142569640,0.141413793,1.278780381
7,261,211318720,67,0.828887397,0.142569640,0.141413793,1.316713918
22,261,211318720,67,0.832073278,0.142569640,0.141413793,1.320273364
8,261,211318720,67,1.009629524,0.142569640,0.141413793,1.472790643
21,261,211318720,67,1.076130101,0.142569640,0.141413793,1.616105494
10,261,211318720,67,1.101347065,0.142569640,0.141413793,1.659352643
18,261,211318720,67,1.163510533,0.142569640,0.141413793,1.744001885
4,261,211318720,67,1.165294969,0.142569640,0.141413793,1.747216415
26,261,211318720,67,1.289231248,0.142569640,0.141413793,1.894478064
6,261,211318720,67,1.294309936,0.142569640,0.141413793,1.903318652
19,261,211318720,67,1.414402113,0.142569640,0.141413793,2.030817310
11,261,211318720,67,1.904038728,0.142569640,0.141413793,1.996163373
13,261,211318720,67,2.122991969,0.142569640,0.141413793,2.030376751
29,261,211318720,67,0.867005483,0.142569640,0.141413793,3.380030025
9,261,211318720,67,2.580293565,0.142569640,0.141413793,1.999038722
3,261,211318720,67,2.851214341,0.142569640,0.141413793,2.019368917
17,261,211318720,67,3.042432322,0.142569640,0.141413793,1.965202077
24,261,211318720,67,1.423528796,0.142569640,0.141413793,3.605759030
7,262,211318720,67,0.205499149,0.142569640,0.062433086,0.135378696
28,262,211318720,67,0.301447636,0.142569640,0.062433086,0.675460870
2,262,211318720,67,0.310267843,0.142569640,0.062433086,0.732015703
26,262,211318720,67,0.331927073,0.142569640,0.062433086,0.856493236
25,262,211318720,67,0.333771051,0.142569640,0.062433086,0.865725608
6,262,211318720,67,0.338645076,0.142569640,0.062433086,0.886403956
14,262,211318720,67,0.352250991,0.142569640,0.062433086,0.936925531
13,262,211318720,67,0.357859759,0.142569640,0.062433086,0.954117051
23,262,211318720,67,0.372439086,0.142569640,0.062433086,0.988919119
18,262,211318720,67,0.391378383,0.142569640,0.062433086,1.020663151
8,262,211318720,67,0.401123492,0.142569640,0.062433086,1.030875462
27,262,211318720,67,0.416831058,0.142569640,0.062433086,1.037221915
21,262,211318720,67,0.578321737,0.142569640,0.062433086,1.088008948
3,262,211318720,67,0.746840162,0.142569640,0.062433086,1.172576502
20,262,211318720,67,0.832820764,0.142569640,0.062433086,1.228145565
19,262,211318720,67,0.941278721,0.142569640,0.062433086,1.312637242
17,262,211318720,67,1.021439625,0.142569640,0.062433086,1.382038604
10,262,211318720,67,1.104358980,0.142569640,0.062433086,1.521937025
1,262,211318720,67,1.165294969,0.142569640,0.062433086,1.688982550
16,262,211318720,67,1.183831296,0.142569640,0.062433086,1.732951051
15,262,211318720,67,1.235957661,0.142569640,0.062433086,1.822916365
22,262,211318720,67,1.241069629,0.142569640,0.062433086,1.828222264
5,262,211318720,67,1.275961791,0.142569640,0.062433086,1.841628607
11,262,211318720,67,1.436765414,0.142569640,0.062433086,1.927328187
29,262,211318720,67,1.522868244,0.142569640,0.062433086,1.960806046
12,262,211318720,67,1.854731332,0.142569640,0.062433086,1.975764313
9,262,211318720,67,1.973971545,0.142569640,0.062433086,2.022051583
24,262,211318720,67,2.141684867,0.142569640,0.062433086,2.071125521
30,262,211318720,67,2.487518451,0.142569640,0.062433086,2.067489987
4,262,211318720,67,2.500940347,0.142569640,0.062433086,2.063528882
14,263,211318720,67,0.281178980,0.142569640,0.019735606,0.516864809
17,263,211318720,67,0.301447636,0.142569640,0.019735606,0.652739166
10,263,211318720,67,0.309103827,0.142569640,0.019735606,0.701863884
23,263,211318720,67,0.325376681,0.142569640,0.019735606,0.795867819
21,263,211318720,67,0.333771051,0.142569640,0.019735606,0.838402271
29,263,211318720,67,0.340022068,0.142569640,0.019735606,0.866031184
11,263,211318720,67,0.357859759,0.142569640,0.019735606,0.932260566
28,263,211318720,67,0.366496772,0.142569640,0.019735606,0.958708027
26,263,211318720,67,0.384120181,0.142569640,0.019735606,1.001257837
7,263,211318720,67,0.406841767,0.142569640,0.019735606,1.039790493
4,263,211318720,67,0.420513033,0.142569640,0.019735606,1.054422862
12,263,211318720,67,0.434572014,0.142569640,0.019735606,1.059544841
30,263,211318720,67,0.635595755,0.142569640,0.019735606,1.097887210
3,263,211318720,67,0.806589981,0.142569640,0.019735606,1.329732233
9,263,211318720,67,0.819719265,0.142569640,0.019735606,1.351576634
20,263,211318720,67,0.832820764,0.142569640,0.019735606,1.365484744
1,263,211318720,67,0.917862357,0.142569640,0.019735606,1.422308791
6,263,211318720,67,1.024237500,0.142569640,0.019735606,1.524728918
15,263,211318720,67,1.076130101,0.142569640,0.019735606,1.619995480
8,263,211318720,67,1.165294969,0.142569640,0.019735606,1.879446777
24,263,211318720,67,1.185253134,0.142569640,0.019735606,1.940567463
19,263,211318720,67,1.205812777,0.142569640,0.019735606,1.989227878
27,263,211318720,67,1.205968091,0.142569640,0.019735606,1.989500151
2,263,211318720,67,1.241069629,0.142569640,0.019735606,2.026872686
5,263,211318720,67,1.304662576,0.142569640,0.019735606,2.074235133
18,263,211318720,67,1.414402113,0.142569640,0.019735606,2.117007550
25,263,211318720,67,1.720860573,0.142569640,0.019735606,2.131590895
22,263,211318720,67,1.854731332,0.142569640,0.019735606,2.184920375
13,263,211318720,67,2.122991969,0.142569640,0.019735606,2.205371969
16,263,211318720,67,2.580293565,0.142569640,0.019735606,2.077171459
26,264,211318720,67,0.205499149,0.142569640,0.010822101,0.190135392
18,264,211318720,67,0.272776191,0.142569640,0.010822101,0.421964441
29,264,211318720,67,0.281178980,0.142569640,0.010822101,0.457785719
19,264,211318720,67,0.301447636,0.142569640,0.010822101,0.532956134
16,264,211318720,67,0.331927073,0.142569640,0.010822101,0.643131316
6,264,211318720,67,0.349695505,0.142569640,0.010822101,0.721351890
22,264,211318720,67,0.384120181,0.142569640,0.010822101,0.868504969
14,264,211318720,67,0.406841767,0.142569640,0.010822101,0.952594260
9,264,211318720,67,0.459361129,0.142569640,0.010822101,1.085567648
3,264,211318720,67,0.469100688,0.142569640,0.010822101,1.102348824
2,264,211318720,67,0.469331802,0.142569640,0.010822101,1.102624060
28,264,211318720,67,0.497832446,0.142569640,0.010822101,1.113999895
27,264,211318720,67,0.689012139,0.142569640,0.010822101,1.330820249
7,264,211318720,67,0.737146514,0.142569640,0.010822101,1.477867826
30,264,211318720,67,0.757188691,0.142569640,0.010822101,1.526063403
1,264,211318720,67,0.790535894,0.142569640,0.010822101,1.583122523
5,264,211318720,67,0.802276566,0.142569640,0.010822101,1.597858297
21,264,211318720,67,0.806589981,0.142569640,0.010822101,1.602335272
8,264,211318720,67,0.941278721,0.142569640,0.010822101,1.777916401
12,264,211318720,67,0.984046731,0.142569640,0.010822101,1.839316114
13,264,211318720,67,0.999831002,0.142569640,0.010822101,1.855723528
11,264,211318720,67,1.102987746,0.142569640,0.010822101,1.993668692
20,264,211318720,67,1.163510533,0.142569640,0.010822101,2.117802457
25,264,211318720,67,1.185253134,0.142569640,0.010822101,2.154116889
10,264,211318720,67,1.241069629,0.142569640,0.010822101,2.213361616
24,264,211318720,67,1.275961791,0.142569640,0.010822101,2.225602501
4,264,211318720,67,0.416831058,0.142569640,0.010822101,3.287107093
17,264,211318720,67,1.450159241,0.142569640,0.010822101,2.273346771
23,264,211318720,67,1.854731332,0.142569640,0.010822101,2.254490615
15,264,211318720,67,2.759003758,0.142569640,0.010822101,1.998799548
26,265,211318720,67,0.205499149,0.142569640,0.046418834,0.152245800
22,265,211318720,67,0.291309717,0.142569640,0.046418834,0.632136495
17,265,211318720,67,0.301447636,0.142569640,0.046418834,0.696838866
24,265,211318720,67,0.325376681,0.142569640,0.046418834,0.833823735
12,265,211318720,67,0.340022068,0.142569640,0.046418834,0.916593194
23,265,211318720,67,0.340840754,0.142569640,0.046418834,0.920753047
6,265,211318720,67,0.346780912,0.142569640,0.046418834,0.946992741
14,265,211318720,67,0.357859759,0.142569640,0.046418834,0.990368586
29,265,211318720,67,0.372439086,0.142569640,0.046418834,1.044864856
3,265,211318720,67,0.384275535,0.142569640,0.046418834,1.080867347
1,265,211318720,67,0.391378383,0.142569640,0.046418834,1.097876829
20,265,211318720,67,0.420773321,0.142569640,0.046418834,1.148315356
5,265,211318720,67,0.469331802,0.142569640,0.046418834,1.198931411
9,265,211318720,67,0.496683722,0.142569640,0.046418834,1.208949509
30,265,211318720,67,0.656366503,0.142569640,0.046418834,1.471786487
27,265,211318720,67,0.670439746,0.142569640,0.046418834,1.515177604
16,265,211318720,67,0.737725058,0.142569640,0.046418834,1.781287447
19,265,211318720,67,0.752566429,0.142569640,0.046418834,1.836176240
13,265,211318720,67,0.756670836,0.142569640,0.046418834,1.848827309
25,265,211318720,67,0.757188691,0.142569640,0.046418834,1.850024882
18,265,211318720,67,0.821650137,0.142569640,0.046418834,1.975320752
8,265,211318720,67,0.828887397,0.142569640,0.046418834,1.989527530
4,265,211318720,67,0.832820764,0.142569640,0.046418834,1.996529179
21,265,211318720,67,0.940637450,0.142569640,0.046418834,2.121967454
10,265,211318720,67,0.969201848,0.142569640,0.046418834,2.150409341
11,265,211318720,67,1.065657761,0.142569640,0.046418834,2.188612803
2,265,211318720,67,1.973971545,0.142569640,0.046418834,2.062913029
28,265,211318720,67,2.070019088,0.142569640,0.046418834,2.147494327
7,265,211318720,67,2.141684867,0.142569640,0.046418834,2.173827895
15,265,211318720,67,2.656838111,0.142569640,0.046418834,2.028790634
22,266,211318720,67,0.218636321,0.142569640,0.049131375,0.069708812
16,266,211318720,67,0.340022068,0.142569640,0.049131375,0.274015321
27,266,211318720,67,0.405338182,0.142569640,0.049131375,0.500040074
29,266,211318720,67,0.420513033,0.142569640,0.049131375,0.546607756
21,266,211318720,67,0.420773321,0.142569640,0.049131375,0.547195873
23,266,211318720,67,0.459292393,0.142569640,0.049131375,0.612952949
5,266,211318720,67,0.469331802,0.142569640,0.049131375,0.623502963
14,266,211318720,67,0.507433692,0.142569640,0.049131375,0.638897363
17,266,211318720,67,0.695802929,0.142569640,0.049131375,0.780797068
15,266,211318720,67,0.737725058,0.142569640,0.049131375,0.881516438
3,266,211318720,67,0.815600578,0.142569640,0.049131375,1.036501602
10,266,211318720,67,0.823874673,0.142569640,0.049131375,1.056568864
28,266,211318720,67,0.828887397,0.142569640,0.049131375,1.066221735
11,266,211318720,67,0.941278721,0.142569640,0.049131375,1.342006032
18,266,211318720,67,0.945577756,0.142569640,0.049131375,1.352309278
1,266,211318720,67,0.969201848,0.142569640,0.049131375,1.393788463
30,266,211318720,67,0.986327720,0.142569640,0.049131375,1.411770333
2,266,211318720,67,1.055621497,0.142569640,0.049131375,1.437772265
19,266,211318720,67,1.205812777,0.142569640,0.049131375,1.538218950
24,266,211318720,67,1.275961791,0.142569640,0.049131375,1.593048332
6,266,211318720,67,1.374381413,0.142569640,0.049131375,1.676510550
7,266,211318720,67,1.450159241,0.142569640,0.049131375,1.707485109
4,266,211318720,67,2.242581386,0.142569640,0.049131375,1.774137100
25,266,211318720,67,2.487518451,0.142569640,0.049131375,2.003217581
20,266,211318720,67,2.500940347,0.142569640,0.049131375,2.026282696
26,266,211318720,67,2.502933016,0.142569640,0.049131375,2.028346618
8,266,211318720,67,2.580293565,0.142569640,0.049131375,2.057429774
12,266,211318720,67,3.341109767,0.142569640,0.049131375,1.844082421
9,266,211318720,67,1.904038728,0.142569640,0.049131375,3.295821288
13,266,211318720,67,2.241835908,0.142569640,0.049131375,2.978919471
2,267,211318720,67,0.217175369,0.142569640,0.179001480,0.168060094
21,267,211318720,67,0.218636321,0.142569640,0.179001480,0.169722637
5,267,211318720,67,0.331927073,0.142569640,0.179001480,0.497392523
13,267,211318720,67,0.367044128,0.142569640,0.179001480,0.636856108
20,267,211318720,67,0.384275535,0.142569640,0.179001480,0.712372355
29,267,211318720,67,0.401123492,0.142569640,0.179001480,0.785989759
17,267,211318720,67,0.402068091,0.142569640,0.179001480,0.789513396
9,267,211318720,67,0.407748930,0.142569640,0.179001480,0.806866863
28,267,211318720,67,0.459361129,0.142569640,0.179001480,0.930917891
10,267,211318720,67,0.496683722,0.142569640,0.179001480,0.994660861
1,267,211318720,67,0.515830983,0.142569640,0.179001480,1.014239237
19,267,211318720,67,0.519929897,0.142569640,0.179001480,1.015867125
22,267,211318720,67,0.670439746,0.142569640,0.179001480,1.114093854
18,267,211318720,67,0.747118578,0.142569640,0.179001480,1.144193693
15,267,211318720,67,0.940637450,0.142569640,0.179001480,1.213345866
8,267,211318720,67,1.044856486,0.142569640,0.179001480,1.384668198
3,267,211318720,67,1.101347065,0.142569640,0.179001480,1.540237364
25,267,211318720,67,1.183831296,0.142569640,0.179001480,1.683204463
11,267,211318720,67,1.185253134,0.142569640,0.179001480,1.684710063
4,267,211318720,67,1.188858293,0.142569640,0.179001480,1.686293853
16,267,211318720,67,1.436765414,0.142569640,0.179001480,1.712239458
30,267,211318720,67,1.591305991,0.142569640,0.179001480,1.765403812
27,267,211318720,67,1.772163784,0.142569640,0.179001480,1.808399438
24,267,211318720,67,2.122991969,0.142569640,0.179001480,1.935569314
12,267,211318720,67,2.141684867,0.142569640,0.179001480,1.955614822
26,267,211318720,67,2.194425436,0.142569640,0.179001480,1.976690485
14,267,211318720,67,1.077776804,0.142569640,0.179001480,3.481459493
7,267,211318720,67,2.656838111,0.142569640,0.179001480,1.970352973
23,267,211318720,67,2.759003758,0.142569640,0.179001480,2.009213008
6,267,211318720,67,3.411740796,0.142569640,0.179001480,1.823368658
2,268,211318720,67,0.291309717,0.142569640,0.062165413,0.319859008
3,268,211318720,67,0.299654210,0.142569640,0.062165413,0.349888228
20,268,211318720,67,0.331927073,0.142569640,0.062165413,0.462516625
17,268,211318720,67,0.357859759,0.142569640,0.062165413,0.559429261
19,268,211318720,67,0.393703093,0.142569640,0.062165413,0.702279371
27,268,211318720,67,0.406841767,0.142569640,0.062165413,0.751341875
14,268,211318720,67,0.411648825,0.142569640,0.062165413,0.766072427
29,268,211318720,67,0.459292393,0.142569640,0.062165413,0.879613844
10,268,211318720,67,0.469100688,0.142569640,0.062165413,0.896528790
18,268,211318720,67,0.507433692,0.142569640,0.062165413,0.937409554
24,268,211318720,67,0.515830983,0.142569640,0.062165413,0.942528519
8,268,211318720,67,0.656366503,0.142569640,0.062165413,1.127190681
16,268,211318720,67,0.689012139,0.142569640,0.062165413,1.192318573
12,268,211318720,67,0.746840162,0.142569640,0.062165413,1.382705424
28,268,211318720,67,0.764463287,0.142569640,0.062165413,1.436487485
7,268,211318720,67,0.819719265,0.142569640,0.062165413,1.568635211
30,268,211318720,67,0.828887397,0.142569640,0.062165413,1.586132774
25,268,211318720,67,0.832073278,0.142569640,0.062165413,1.591657852
6,268,211318720,67,0.867005483,0.142569640,0.062165413,1.641216522
23,268,211318720,67,0.969201848,0.142569640,0.062165413,1.754659266
22,268,211318720,67,0.990430268,0.142569640,0.062165413,1.776080124
9,268,211318720,67,1.102987746,0.142569640,0.062165413,1.818340242
15,268,211318720,67,1.275961791,0.142569640,0.062165413,1.865773482
26,268,211318720,67,1.450159241,0.142569640,0.062165413,1.969389856
4,268,211318720,67,1.509114459,0.142569640,0.062165413,1.992704193
21,268,211318720,67,1.973971545,0.142569640,0.062165413,1.955574349
5,268,211318720,67,2.280323170,0.142569640,0.062165413,1.986310978
13,268,211318720,67,2.387739789,0.142569640,0.062165413,2.028423376
11,268,211318720,67,2.656838111,0.142569640,0.062165413,2.048786321
1,268,211318720,67,2.759003758,0.142569640,0.062165413,2.019986229
24,269,211318720,67,0.205499149,0.142569640,0.178855419,0.155743353
12,269,211318720,67,0.281178980,0.142569640,0.178855419,0.475831622
28,269,211318720,67,0.301447636,0.142569640,0.178855419,0.565360703
17,269,211318720,67,0.328114621,0.142569640,0.178855419,0.665582617
10,269,211318720,67,0.340022068,0.142569640,0.178855419,0.701594337
8,269,211318720,67,0.340840754,0.142569640,0.178855419,0.703557490
22,269,211318720,67,0.345303952,0.142569640,0.178855419,0.711252249
3,269,211318720,67,0.367044128,0.142569640,0.178855419,0.734388007
7,269,211318720,67,0.420773321,0.142569640,0.178855419,0.782981951
30,269,211318720,67,0.519929897,0.142569640,0.178855419,0.823576852
13,269,211318720,67,0.668942036,0.142569640,0.178855419,1.122982101
4,269,211318720,67,0.670439746,0.142569640,0.178855419,1.127530977
25,269,211318720,67,0.698254705,0.142569640,0.178855419,1.250750807
23,269,211318720,67,0.737725058,0.142569640,0.178855419,1.458420813
26,269,211318720,67,0.781082769,0.142569640,0.178855419,1.680433675
15,269,211318720,67,0.799520819,0.142569640,0.178855419,1.774202359
6,269,211318720,67,0.815600578,0.142569640,0.178855419,1.855454768
1,269,211318720,67,0.822082714,0.142569640,0.178855419,1.882184917
11,269,211318720,67,0.828887397,0.142569640,0.178855419,1.904214965
2,269,211318720,67,0.832073278,0.142569640,0.178855419,1.913994274
21,269,211318720,67,0.867005483,0.142569640,0.178855419,2.010291468
14,269,211318720,67,0.917862357,0.142569640,0.178855419,2.129767559
27,269,211318720,67,0.940637450,0.142569640,0.178855419,2.168356770
5,269,211318720,67,0.969201848,0.142569640,0.178855419,2.197439585
20,269,211318720,67,0.990430268,0.142569640,0.178855419,2.205595673
18,269,211318720,67,1.183831296,0.142569640,0.178855419,2.301959540
9,269,211318720,67,1.278350893,0.142569640,0.178855419,2.401115357
16,269,211318720,67,1.294309936,0.142569640,0.178855419,2.407206232
19,269,211318720,67,1.414402113,0.142569640,0.178855419,2.373412489
29,269,211318720,67,0.819719265,0.142569640,0.178855419,3.034425032
23,270,211318720,67,0.218636321,0.142569640,0.011776105,0.079199983
7,270,211318720,67,0.340840754,0.142569640,0.011776105,0.414129652
3,270,211318720,67,0.346780912,0.142569640,0.011776105,0.432642016
19,270,211318720,67,0.357826991,0.142569640,0.011776105,0.461359881
17,270,211318720,67,0.387058100,0.142569640,0.011776105,0.539989752
16,270,211318720,67,0.407748930,0.142569640,0.011776105,0.589671606
11,270,211318720,67,0.496683722,0.142569640,0.011776105,0.725689076
9,270,211318720,67,0.515830983,0.142569640,0.011776105,0.732852133
10,270,211318720,67,0.698254705,0.142569640,0.011776105,0.898922934
29,270,211318720,67,0.756670836,0.142569640,0.011776105,1.037779000
30,270,211318720,67,0.790535894,0.142569640,0.011776105,1.096613335
1,270,211318720,67,0.799520819,0.142569640,0.011776105,1.106179650
5,270,211318720,67,0.832820764,0.142569640,0.011776105,1.139079747
13,270,211318720,67,0.945577756,0.142569640,0.011776105,1.346193102
25,270,211318720,67,0.990430268,0.142569640,0.011776105,1.444770582
12,270,211318720,67,1.021439625,0.142569640,0.011776105,1.488817814
15,270,211318720,67,1.101347065,0.142569640,0.011776105,1.609574863
8,270,211318720,67,1.163510533,0.142569640,0.011776105,1.675323230
14,270,211318720,67,1.188858293,0.142569640,0.011776105,1.684701627
6,270,211318720,67,0.469331802,0.142569640,0.011776105,2.408344750
26,270,211318720,67,1.374381413,0.142569640,0.011776105,1.728038869
20,270,211318720,67,1.720860573,0.142569640,0.011776105,1.726065395
4,270,211318720,67,2.036967590,0.142569640,0.011776105,1.844630737
2,270,211318720,67,2.070019088,0.142569640,0.011776105,1.880335338
22,270,211318720,67,2.122991969,0.142569640,0.011776105,1.900998885
18,270,211318720,67,2.487518451,0.142569640,0.011776105,1.928844307
28,270,211318720,67,1.007648939,0.142569640,0.011776105,3.489744764
27,270,211318720,67,2.580293565,0.142569640,0.011776105,1.965298533
21,270,211318720,67,3.042432322,0.142569640,0.011776105,1.930030399
24,270,211318720,67,3.411740796,0.142569640,0.011776105,1.827601574
23,271,211318720,67,0.218636321,0.142569640,0.141222402,0.201800335
4,271,211318720,67,0.272776191,0.142569640,0.141222402,0.326564103
5,271,211318720,67,0.281178980,0.142569640,0.141222402,0.352416238
27,271,211318720,67,0.310267843,0.142569640,0.141222402,0.422245125
7,271,211318720,67,0.391378383,0.142569640,0.141222402,0.698729847
10,271,211318720,67,0.401427962,0.142569640,0.141222402,0.736008005
18,271,211318720,67,0.407748930,0.142569640,0.141222402,0.755376338
20,271,211318720,67,0.469331802,0.142569640,0.141222402,0.895586184
14,271,211318720,67,0.491628020,0.142569640,0.141222402,0.919454868
12,271,211318720,67,0.507433692,0.142569640,0.141222402,0.925635862
26,271,211318720,67,0.689012139,0.142569640,0.141222402,1.085100140
30,271,211318720,67,0.764463287,0.142569640,0.141222402,1.365464156
16,271,211318720,67,0.781082769,0.142569640,0.141222402,1.416912974
13,271,211318720,67,0.802276566,0.142569640,0.141222402,1.469953795
25,271,211318720,67,0.815600578,0.142569640,0.141222402,1.510554565
6,271,211318720,67,0.821650137,0.142569640,0.141222402,1.524697744
17,271,211318720,67,0.832073278,0.142569640,0.141222402,1.542300426
8,271,211318720,67,0.941278721,0.142569640,0.141222402,1.723795914
3,271,211318720,67,0.945577756,0.142569640,0.141222402,1.728440283
24,271,211318720,67,0.986327720,0.142569640,0.141222402,1.759601911
19,271,211318720,67,1.104358980,0.142569640,0.141222402,1.851187268
1,271,211318720,67,1.185253134,0.142569640,0.141222402,1.971039636
28,271,211318720,67,1.241069629,0.142569640,0.141222402,2.029944487
21,271,211318720,67,1.275961791,0.142569640,0.141222402,2.045925369
9,271,211318720,67,0.459292393,0.142569640,0.141222402,3.103129809
29,271,211318720,67,1.414402113,0.142569640,0.141222402,2.300571168
2,271,211318720,67,1.423528796,0.142569640,0.141222402,2.316016935
22,271,211318720,67,1.436765414,0.142569640,0.141222402,2.329789847
11,271,211318720,67,1.509114459,0.142569640,0.141222402,2.359256059
15,271,211318720,67,3.341109767,0.142569640,0.141222402,1.847171981
3,272,211318720,67,0.272776191,0.142569640,0.013266405,0.195451685
12,272,211318720,67,0.340840754,0.142569640,0.013266405,0.509089327
24,272,211318720,67,0.346780912,0.142569640,0.013266405,0.535067791
21,272,211318720,67,0.387058100,0.142569640,0.013266405,0.721074384
11,272,211318720,67,0.391378383,0.142569640,0.013266405,0.740110162
5,272,211318720,67,0.406314018,0.142569640,0.013266405,0.795395333
10,272,211318720,67,0.406369678,0.142569640,0.013266405,0.795582222
15,272,211318720,67,0.416831058,0.142569640,0.013266405,0.827595902
13,272,211318720,67,0.459361129,0.142569640,0.013266405,0.929610800
25,272,211318720,67,0.497832446,0.142569640,0.013266405,0.994458173
16,272,211318720,67,0.507433692,0.142569640,0.013266405,1.004834446
17,272,211318720,67,0.549024150,0.142569640,0.013266405,1.021585153
18,272,211318720,67,0.737725058,0.142569640,0.013266405,1.245155092
19,272,211318720,67,0.815600578,0.142569640,0.013266405,1.397252174
20,272,211318720,67,0.823874673,0.142569640,0.013266405,1.405944217
27,272,211318720,67,0.846862281,0.142569640,0.013266405,1.414476057
9,272,211318720,67,0.998676963,0.142569640,0.013266405,1.672983935
26,272,211318720,67,1.007648939,0.142569640,0.013266405,1.694270658
23,272,211318720,67,1.044856486,0.142569640,0.013266405,1.760243536
1,272,211318720,67,1.101347065,0.142569640,0.013266405,1.856245038
29,272,211318720,67,1.102987746,0.142569640,0.013266405,1.857684041
28,272,211318720,67,1.185253134,0.142569640,0.013266405,1.921881505
7,272,211318720,67,1.278350893,0.142569640,0.013266405,1.956956549
14,272,211318720,67,1.509114459,0.142569640,0.013266405,1.987369694
2,272,211318720,67,0.764463287,0.142569640,0.013266405,3.165675031
8,272,211318720,67,2.280323170,0.142569640,0.013266405,1.865754632
6,272,211318720,67,2.487518451,0.142569640,0.013266405,2.019881758
30,272,211318720,67,2.500940347,0.142569640,0.013266405,2.034278928
22,272,211318720,67,2.580293565,0.142569640,0.013266405,2.064130543
4,272,211318720,67,3.042432322,0.142569640,0.013266405,2.030808522
17,273,211318720,67,0.291309717,0.142569640,0.027786810,0.521141215
8,273,211318720,67,0.294632521,0.142569640,0.027786810,0.535824113
25,273,211318720,67,0.299654210,0.142569640,0.027786810,0.554710502
14,273,211318720,67,0.310267843,0.142569640,0.027786810,0.587418215
19,273,211318720,67,0.331808595,0.142569640,0.027786810,0.639074996
11,273,211318720,67,0.333771051,0.142569640,0.027786810,0.642438994
15,273,211318720,67,0.344720398,0.142569640,0.027786810,0.654222555
21,273,211318720,67,0.420773321,0.142569640,0.027786810,0.684205686
20,273,211318720,67,0.687056158,0.142569640,0.027786810,1.021668257
1,273,211318720,67,0.689012139,0.142569640,0.027786810,1.027729365
27,273,211318720,67,0.695802929,0.142569640,0.027786810,1.043879697
9,273,211318720,67,0.698254705,0.142569640,0.027786810,1.047819925
24,273,211318720,67,0.756670836,0.142569640,0.027786810,1.132756445
18,273,211318720,67,0.828887397,0.142569640,0.027786810,1.262911799
16,273,211318720,67,0.867005483,0.142569640,0.027786810,1.366633186
28,273,211318720,67,0.940637450,0.142569640,0.027786810,1.572805061
10,273,211318720,67,0.941278721,0.142569640,0.027786810,1.574693426
22,273,211318720,67,0.952025692,0.142569640,0.027786810,1.599862793
4,273,211318720,67,0.990430268,0.142569640,0.027786810,1.666261089
29,273,211318720,67,1.044856486,0.142569640,0.027786810,1.724400540
6,273,211318720,67,1.077776804,0.142569640,0.027786810,1.756458895
12,273,211318720,67,1.205812777,0.142569640,0.027786810,1.892246108
5,273,211318720,67,1.205968091,0.142569640,0.027786810,1.892320945
13,273,211318720,67,1.423528796,0.142569640,0.027786810,1.925717923
3,273,211318720,67,2.242581386,0.142569640,0.027786810,1.941998368
2,273,211318720,67,2.303361475,0.142569640,0.027786810,1.965642188
7,273,211318720,67,2.452082856,0.142569640,0.027786810,2.088816519
26,273,211318720,67,2.487518451,0.142569640,0.027786810,2.102363647
23,273,211318720,67,2.575342822,0.142569640,0.027786810,2.077569674
30,273,211318720,67,1.720860573,0.142569640,0.027786810,2.986897181
21,274,211318720,67,0.274486776,0.142569640,0.068645731,0.423279070
24,274,211318720,67,0.281178980,0.142569640,0.068645731,0.459194638
11,274,211318720,67,0.294632521,0.142569640,0.068645731,0.527642397
23,274,211318720,67,0.309103827,0.142569640,0.068645731,0.591332592
25,274,211318720,67,0.347471629,0.142569640,0.068645731,0.734897669
4,274,211318720,67,0.367044128,0.142569640,0.068645731,0.794517777
26,274,211318720,67,0.384120181,0.142569640,0.068645731,0.845180211
22,274,211318720,67,0.391378383,0.142569640,0.068645731,0.866922215
29,274,211318720,67,0.407748930,0.142569640,0.068645731,0.905059017
19,274,211318720,67,0.420513033,0.142569640,0.068645731,0.927272709
8,274,211318720,67,0.515830983,0.142569640,0.068645731,1.029530627
20,274,211318720,67,0.522957550,0.142569640,0.068645731,1.037328583
13,274,211318720,67,0.656366503,0.142569640,0.068645731,1.306083219
3,274,211318720,67,0.689012139,0.142569640,0.068645731,1.401490669
2,274,211318720,67,0.695802929,0.142569640,0.068645731,1.426457626
6,274,211318720,67,0.737146514,0.142569640,0.068645731,1.552531819
18,274,211318720,67,0.821650137,0.142569640,0.068645731,1.716058691
17,274,211318720,67,0.832073278,0.142569640,0.068645731,1.727157546
15,274,211318720,67,0.941278721,0.142569640,0.068645731,1.939656003
30,274,211318720,67,0.990430268,0.142569640,0.068645731,2.090862806
14,274,211318720,67,1.007648939,0.142569640,0.068645731,2.132352537
5,274,211318720,67,1.021439625,0.142569640,0.068645731,2.155553175
1,274,211318720,67,1.065657761,0.142569640,0.068645731,2.219308067
12,274,211318720,67,1.077776804,0.142569640,0.068645731,2.239802048
7,274,211318720,67,1.185253134,0.142569640,0.068645731,2.415831544
16,274,211318720,67,1.205812777,0.142569640,0.068645731,2.437108208
10,274,211318720,67,1.235957661,0.142569640,0.068645731,2.448266687
9,274,211318720,67,2.122991969,0.142569640,0.068645731,2.198393439
27,274,211318720,67,0.746840162,0.142569640,0.068645731,3.586386702
28,274,211318720,67,0.815600578,0.142569640,0.068645731,3.527409771
9,275,211318720,67,0.205499149,0.142569640,0.134200960,0.065159955
13,275,211318720,67,0.333771051,0.142569640,0.134200960,0.282803140
23,275,211318720,67,0.344720398,0.142569640,0.134200960,0.301759004
22,275,211318720,67,0.357826991,0.142569640,0.134200960,0.315260974
20,275,211318720,67,0.469100688,0.142569640,0.134200960,0.399227007
1,275,211318720,67,0.549024150,0.142569640,0.134200960,0.428493135
15,275,211318720,67,0.695802929,0.142569640,0.134200960,0.631396400
28,275,211318720,67,0.714799086,0.142569640,0.134200960,0.690089846
16,275,211318720,67,0.790535894,0.142569640,0.134200960,0.871552046
5,275,211318720,67,0.799520819,0.142569640,0.134200960,0.887098732
12,275,211318720,67,0.828887397,0.142569640,0.134200960,0.919606831
8,275,211318720,67,0.832820764,0.142569640,0.134200960,0.923769660
7,275,211318720,67,0.969201848,0.142569640,0.134200960,1.222562345
10,275,211318720,67,0.986327720,0.142569640,0.134200960,1.263483658
3,275,211318720,67,0.990430268,0.142569640,0.134200960,1.270858245
11,275,211318720,67,0.998676963,0.142569640,0.134200960,1.279627384
29,275,211318720,67,1.102987746,0.142569640,0.134200960,1.425858997
14,275,211318720,67,1.165294969,0.142569640,0.134200960,1.542843737
30,275,211318720,67,1.205812777,0.142569640,0.134200960,1.613184456
27,275,211318720,67,1.205968091,0.142569640,0.134200960,1.613352676
25,275,211318720,67,1.294309936,0.142569640,0.134200960,1.670931401
2,275,211318720,67,1.414402113,0.142569640,0.134200960,1.818579333
6,275,211318720,67,1.423528796,0.142569640,0.134200960,1.828301362
19,275,211318720,67,1.591305991,0.142569640,0.134200960,1.943271488
26,275,211318720,67,1.934453384,0.142569640,0.134200960,1.940399669
17,275,211318720,67,2.122991969,0.142569640,0.134200960,1.981498723
24,275,211318720,67,2.502933016,0.142569640,0.134200960,1.992989856
4,275,211318720,67,2.610934393,0.142569640,0.134200960,2.033191878
21,275,211318720,67,3.341109767,0.142569640,0.134200960,1.831621967
18,275,211318720,67,1.522868244,0.142569640,0.134200960,3.656648145
28,276,211318720,67,0.218636321,0.142569640,0.043335613,0.159424334
16,276,211318720,67,0.309103827,0.142569640,0.043335613,0.693209095
20,276,211318720,67,0.328114621,0.142569640,0.043335613,0.821978049
1,276,211318720,67,0.333771051,0.142569640,0.043335613,0.858382877
27,276,211318720,67,0.344720398,0.142569640,0.043335613,0.921384347
17,276,211318720,67,0.347471629,0.142569640,0.043335613,0.935501154
3,276,211318720,67,0.349695505,0.142569640,0.043335613,0.945699033
23,276,211318720,67,0.357826991,0.142569640,0.043335613,0.983275028
5,276,211318720,67,0.366496772,0.142569640,0.043335613,1.021090722
10,276,211318720,67,0.384120181,0.142569640,0.043335613,1.085861205
7,276,211318720,67,0.420513033,0.142569640,0.043335613,1.206139923
15,276,211318720,67,0.430501742,0.142569640,0.043335613,1.236718014
13,276,211318720,67,0.459292393,0.142569640,0.043335613,1.306133752
9,276,211318720,67,0.497832446,0.142569640,0.043335613,1.368853633
22,276,211318720,67,0.549024150,0.142569640,0.043335613,1.390596014
18,276,211318720,67,0.689012139,0.142569640,0.043335613,1.511446053
14,276,211318720,67,0.752566429,0.142569640,0.043335613,1.619750096
30,276,211318720,67,0.815600578,0.142569640,0.043335613,1.711653474
29,276,211318720,67,0.828887397,0.142569640,0.043335613,1.725769821
19,276,211318720,67,0.917862357,0.142569640,0.043335613,1.836055314
11,276,211318720,67,0.998676963,0.142569640,0.043335613,1.946830041
21,276,211318720,67,1.009629524,0.142569640,0.043335613,1.958372535
2,276,211318720,67,1.102987746,0.142569640,0.043335613,2.048968895
24,276,211318720,67,1.165294969,0.142569640,0.043335613,2.087399632
12,276,211318720,67,1.289231248,0.142569640,0.043335613,2.217742555
26,276,211318720,67,1.304662576,0.142569640,0.043335613,2.223230803
4,276,211318720,67,0.491628020,0.142569640,0.043335613,3.457218912
6,276,211318720,67,2.241835908,0.142569640,0.043335613,2.059357278
25,276,211318720,67,2.452082856,0.142569640,0.043335613,2.098646350
8,276,211318720,67,2.575342822,0.142569640,0.043335613,2.063369033
4,277,211318720,67,0.217175369,0.142569640,0.042530641,0.089985539
10,277,211318720,67,0.325376681,0.142569640,0.042530641,0.427494797
23,277,211318720,67,0.338645076,0.142569640,0.042530641,0.485208297
11,277,211318720,67,0.384120181,0.142569640,0.042530641,0.654576895
22,277,211318720,67,0.387058100,0.142569640,0.042530641,0.663546967
21,277,211318720,67,0.406314018,0.142569640,0.042530641,0.709736595
14,277,211318720,67,0.407748930,0.142569640,0.042530641,0.712147703
3,277,211318720,67,0.420513033,0.142569640,0.042530641,0.725488796
28,277,211318720,67,0.469100688,0.142569640,0.042530641,0.744448659
16,277,211318720,67,0.689012139,0.142569640,0.042530641,0.991241671
24,277,211318720,67,0.737725058,0.142569640,0.042530641,1.269502546
26,277,211318720,67,0.764463287,0.142569640,0.042530641,1.405302536
20,277,211318720,67,0.769230066,0.142569640,0.042530641,1.426016511
18,277,211318720,67,0.799520819,0.142569640,0.042530641,1.555465878
7,277,211318720,67,0.802276566,0.142569640,0.042530641,1.565698644
19,277,211318720,67,0.815600578,0.142569640,0.042530641,1.606141772
2,277,211318720,67,0.822148367,0.142569640,0.042530641,1.621174543
5,277,211318720,67,0.823874673,0.142569640,0.042530641,1.624042951
12,277,211318720,67,0.832820764,0.142569640,0.042530641,1.633739751
8,277,211318720,67,0.917862357,0.142569640,0.042530641,1.742381812
17,277,211318720,67,0.999831002,0.142569640,0.042530641,1.854881927
6,277,211318720,67,1.007648939,0.142569640,0.042530641,1.863085021
9,277,211318720,67,1.104358980,0.142569640,0.042530641,1.901384680
27,277,211318720,67,1.294309936,0.142569640,0.042530641,2.002533190
29,277,211318720,67,1.349170437,0.142569640,0.042530641,2.023294809
25,277,211318720,67,1.591305991,0.142569640,0.042530641,2.100899387
15,277,211318720,67,1.657194393,0.142569640,0.042530641,2.127688750
13,277,211318720,67,2.036967590,0.142569640,0.042530641,2.120821298
1,277,211318720,67,2.759003758,0.142569640,0.042530641,2.012359822
30,277,211318720,67,2.580293565,0.142569640,0.042530641,2.286499284






















































































































































































































































































































































































































































































































































































































































































































































































































































































































































































































































































































































































































































































































































































































































































































































































































































