client-id,round_number,workload,bg-workload,computation-time,client-queue-delay,propagation-delay,station-queue-delay
6,1,211318720,67,0.495871333,0.142569611,0.107103437,0.127868622
24,1,211318720,67,0.556724838,0.142569611,0.107103437,0.274128358
14,1,211318720,67,0.601161874,0.142569611,0.107103437,0.407211080
10,1,211318720,67,0.640220915,0.142569611,0.107103437,0.522935901
29,1,211318720,67,0.653060652,0.142569611,0.107103437,0.563645319
8,1,211318720,67,0.689024046,0.142569611,0.107103437,0.671260268
1,1,211318720,67,0.689104765,0.142569611,0.107103437,0.671439705
19,1,211318720,67,0.746438923,0.142569611,0.107103437,0.766265477
16,1,211318720,67,0.782349097,0.142569611,0.107103437,0.802004433
28,1,211318720,67,0.792310803,0.142569611,0.107103437,0.805528490
18,1,211318720,67,1.006636835,0.142569611,0.107103437,0.829731540
5,1,211318720,67,1.346963987,0.142569611,0.107103437,0.859744345
13,1,211318720,67,1.443398076,0.142569611,0.107103437,1.000754063
7,1,211318720,67,1.462209294,0.142569611,0.107103437,1.042233718
23,1,211318720,67,1.526324604,0.142569611,0.107103437,1.181485993
17,1,211318720,67,1.578444740,0.142569611,0.107103437,1.266577775
4,1,211318720,67,1.590281133,0.142569611,0.107103437,1.278752899
25,1,211318720,67,1.619752800,0.142569611,0.107103437,1.288391575
30,1,211318720,67,2.047451433,0.142569611,0.107103437,1.242877340
21,1,211318720,67,2.846889867,0.142569611,0.107103437,1.077808346
12,1,211318720,67,3.229013130,0.142569611,0.107103437,1.065757328
2,1,211318720,67,3.344663835,0.142569611,0.107103437,1.112514648
22,1,211318720,67,3.473540127,0.142569611,0.107103437,1.215447654
15,1,211318720,67,3.526310667,0.142569611,0.107103437,1.233025555
27,1,211318720,67,4.154381450,0.142569611,0.107103437,1.119253371
11,1,211318720,67,4.338037233,0.142569611,0.107103437,1.153832525
26,1,211318720,67,5.176252569,0.142569611,0.107103437,0.974751813
9,1,211318720,67,5.446937904,0.142569611,0.107103437,0.978021624
3,1,211318720,67,6.120279328,0.142569611,0.107103437,0.853674203
20,1,211318720,67,6.181149560,0.142569611,0.107103437,0.833385887
29,2,211318720,67,0.489795489,0.142569611,0.068480827,0.122563745
14,2,211318720,67,0.521006957,0.142569611,0.068480827,0.144254499
19,2,211318720,67,0.646913733,0.142569611,0.068480827,0.326984940
16,2,211318720,67,0.684555460,0.142569611,0.068480827,0.390461496
18,2,211318720,67,0.732099516,0.142569611,0.068480827,0.437165277
28,2,211318720,67,0.742791378,0.142569611,0.068480827,0.443659243
6,2,211318720,67,0.881549036,0.142569611,0.068480827,0.489811673
7,2,211318720,67,1.058841213,0.142569611,0.068480827,0.629577509
13,2,211318720,67,1.117469479,0.142569611,0.068480827,0.746223481
8,2,211318720,67,1.148373410,0.142569611,0.068480827,0.797754640
10,2,211318720,67,1.181946304,0.142569611,0.068480827,0.831042279
23,2,211318720,67,1.232800641,0.142569611,0.068480827,0.848431142
24,2,211318720,67,1.456049576,0.142569611,0.068480827,0.923572132
1,2,211318720,67,1.516030483,0.142569611,0.068480827,0.961377953
26,2,211318720,67,1.634606075,0.142569611,0.068480827,1.149062760
5,2,211318720,67,1.661255584,0.142569611,0.068480827,1.176305899
17,2,211318720,67,1.671294430,0.142569611,0.068480827,1.180053776
4,2,211318720,67,1.855327988,0.142569611,0.068480827,1.213730629
27,2,211318720,67,2.077190725,0.142569611,0.068480827,1.232596140
3,2,211318720,67,2.448111731,0.142569611,0.068480827,1.289469223
21,2,211318720,67,2.467304551,0.142569611,0.068480827,1.295765015
2,2,211318720,67,2.926580856,0.142569611,0.068480827,1.238939888
12,2,211318720,67,3.229013130,0.142569611,0.068480827,1.238805475
30,2,211318720,67,3.363670211,0.142569611,0.068480827,1.284669085
15,2,211318720,67,3.526310667,0.142569611,0.068480827,1.324140068
22,2,211318720,67,3.705109469,0.142569611,0.068480827,1.359968798
25,2,211318720,67,3.987083815,0.142569611,0.068480827,1.360836992
20,2,211318720,67,6.368457122,0.142569611,0.068480827,0.672512612
9,2,211318720,67,7.960909245,0.142569611,0.068480827,0.241849125
11,2,211318720,67,9.543681913,0.142569611,0.068480827,0.000004764
8,3,211318720,67,0.597154173,0.142569610,0.061395854,0.331151714
5,3,211318720,67,0.628583194,0.142569610,0.061395854,0.467365264
14,3,211318720,67,0.641239332,0.142569610,0.061395854,0.513600727
29,3,211318720,67,0.653060652,0.142569610,0.061395854,0.551658184
17,3,211318720,67,0.696372679,0.142569610,0.061395854,0.681277342
19,3,211318720,67,0.696676328,0.142569610,0.061395854,0.681999560
7,3,211318720,67,0.705894142,0.142569610,0.061395854,0.697706176
18,3,211318720,67,0.732099516,0.142569610,0.061395854,0.724545580
28,3,211318720,67,0.792310803,0.142569610,0.061395854,0.781146556
23,3,211318720,67,0.880571887,0.142569610,0.061395854,0.810760608
24,3,211318720,67,1.327574613,0.142569610,0.061395854,0.804645088
13,3,211318720,67,1.396836848,0.142569610,0.061395854,0.871448296
6,3,211318720,67,1.487613998,0.142569610,0.061395854,0.968178510
10,3,211318720,67,1.526680643,0.142569610,0.061395854,1.021402012
25,3,211318720,67,1.619752800,0.142569610,0.061395854,1.176820463
1,3,211318720,67,1.653851436,0.142569610,0.061395854,1.210574385
16,3,211318720,67,1.662491831,0.142569610,0.061395854,1.213778306
12,3,211318720,67,1.816319885,0.142569610,0.061395854,1.296221237
30,3,211318720,67,1.901204902,0.142569610,0.061395854,1.325163246
26,3,211318720,67,2.043257593,0.142569610,0.061395854,1.373556228
2,3,211318720,67,2.508497876,0.142569610,0.061395854,1.350975618
27,3,211318720,67,2.596488406,0.142569610,0.061395854,1.379419317
21,3,211318720,67,2.846889867,0.142569610,0.061395854,1.391294559
20,3,211318720,67,2.996920999,0.142569610,0.061395854,1.437015038
9,3,211318720,67,3.142464176,0.142569610,0.061395854,1.485105716
22,3,211318720,67,3.473540127,0.142569610,0.061395854,1.471140119
3,3,211318720,67,3.672167597,0.142569610,0.061395854,1.502882326
4,3,211318720,67,5.035890254,0.142569610,0.061395854,1.151280762
11,3,211318720,67,6.940859573,0.142569610,0.061395854,0.616912147
15,3,211318720,67,7.713804584,0.142569610,0.061395854,0.361241009
1,4,211318720,67,0.413462859,0.142569610,0.009618045,0.108445262
13,4,211318720,67,0.465612283,0.142569610,0.009618045,0.131891480
24,4,211318720,67,0.599549825,0.142569610,0.009618045,0.469736791
29,4,211318720,67,0.612244361,0.142569610,0.009618045,0.516333572
14,4,211318720,67,0.641239332,0.142569610,0.009618045,0.604369208
8,4,211318720,67,0.643089109,0.142569610,0.009618045,0.608812049
19,4,211318720,67,0.696676328,0.142569610,0.009618045,0.696888014
23,4,211318720,67,0.704457509,0.142569610,0.009618045,0.704442914
6,4,211318720,67,0.716258591,0.142569610,0.009618045,0.707553591
18,4,211318720,67,0.960880615,0.142569610,0.009618045,0.721339412
17,4,211318720,67,1.114196287,0.142569610,0.009618045,0.765363781
10,4,211318720,67,1.280441829,0.142569610,0.009618045,0.871293748
4,4,211318720,67,1.325234277,0.142569610,0.009618045,0.885794154
7,4,211318720,67,1.563051315,0.142569610,0.009618045,1.111693494
16,4,211318720,67,1.613595013,0.142569610,0.009618045,1.264176900
25,4,211318720,67,1.619752800,0.142569610,0.009618045,1.278509076
28,4,211318720,67,1.634141031,0.142569610,0.009618045,1.302830004
5,4,211318720,67,1.661255584,0.142569610,0.009618045,1.329536611
20,4,211318720,67,1.685768062,0.142569610,0.009618045,1.337707486
30,4,211318720,67,2.193697963,0.142569610,0.009618045,1.264676168
27,4,211318720,67,2.423389179,0.142569610,0.009618045,1.285210375
9,4,211318720,67,3.142464176,0.142569610,0.009618045,1.180050698
12,4,211318720,67,3.229013130,0.142569610,0.009618045,1.209587100
22,4,211318720,67,3.473540127,0.142569610,0.009618045,1.224383027
26,4,211318720,67,3.677863668,0.142569610,0.009618045,1.291984446
11,4,211318720,67,3.759632269,0.142569610,0.009618045,1.319433869
3,4,211318720,67,5.420818833,0.142569610,0.009618045,0.861304363
21,4,211318720,67,6.452950364,0.142569610,0.009618045,0.615809573
2,4,211318720,67,7.316452139,0.142569610,0.009618045,0.428517602
15,4,211318720,67,8.374987834,0.142569610,0.009618045,0.079093771
14,5,211318720,67,0.521006957,0.142569610,0.055155925,0.172471011
29,5,211318720,67,0.571428070,0.142569610,0.055155925,0.371983882
28,5,211318720,67,0.594233102,0.142569610,0.055155925,0.472197873
17,5,211318720,67,0.649947834,0.142569610,0.055155925,0.779852830
7,5,211318720,67,0.655473132,0.142569610,0.055155925,0.807665296
6,5,211318720,67,0.661161777,0.142569610,0.055155925,0.832638628
24,5,211318720,67,0.685199800,0.142569610,0.055155925,0.920763851
18,5,211318720,67,0.686343296,0.142569610,0.055155925,0.924233304
13,5,211318720,67,0.698418424,0.142569610,0.055155925,0.952457260
1,5,211318720,67,0.735045083,0.142569610,0.055155925,1.013815473
10,5,211318720,67,0.738716440,0.142569610,0.055155925,1.017229050
19,5,211318720,67,0.746438923,0.142569610,0.055155925,1.020112957
5,5,211318720,67,1.122469989,0.142569610,0.055155925,1.039954872
8,5,211318720,67,1.194308346,0.142569610,0.055155925,1.064917984
30,5,211318720,67,1.462465309,0.142569610,0.055155925,1.083131722
4,5,211318720,67,1.590281133,0.142569610,0.055155925,1.126840120
16,5,211318720,67,1.760285468,0.142569610,0.055155925,1.187551688
25,5,211318720,67,1.868945538,0.142569610,0.055155925,1.253658486
15,5,211318720,67,1.983549750,0.142569610,0.055155925,1.425302489
23,5,211318720,67,1.995962943,0.142569610,0.055155925,1.437566306
26,5,211318720,67,2.043257593,0.142569610,0.055155925,1.454583998
27,5,211318720,67,2.423389179,0.142569610,0.055155925,1.422474581
12,5,211318720,67,3.027199809,0.142569610,0.055155925,1.322518149
2,5,211318720,67,3.344663835,0.142569610,0.055155925,1.313477058
22,5,211318720,67,3.705109469,0.142569610,0.055155925,1.348279427
11,5,211318720,67,3.759632269,0.142569610,0.055155925,1.367022570
21,5,211318720,67,3.985645813,0.142569610,0.055155925,1.386858462
20,5,211318720,67,5.806534435,0.142569610,0.055155925,0.878501052
9,5,211318720,67,6.075430739,0.142569610,0.055155925,0.884644049
3,5,211318720,67,6.295144452,0.142569610,0.055155925,0.813449538
1,6,211318720,67,0.413462859,0.142569610,0.060826074,0.082445583
18,6,211318720,67,0.503318417,0.142569610,0.060826074,0.147293884
29,6,211318720,67,0.612244361,0.142569610,0.060826074,0.264065680
5,6,211318720,67,0.628583194,0.142569610,0.060826074,0.280847619
17,6,211318720,67,0.742797525,0.142569610,0.060826074,0.384168405
28,6,211318720,67,0.792310803,0.142569610,0.060826074,0.433867999
6,6,211318720,67,0.881549036,0.142569610,0.060826074,0.508191375
7,6,211318720,67,0.957999193,0.142569610,0.060826074,0.583505663
16,6,211318720,67,1.026833190,0.142569610,0.060826074,0.605754995
8,6,211318720,67,1.332113155,0.142569610,0.060826074,0.717104201
19,6,211318720,67,1.393352656,0.142569610,0.060826074,0.850713946
23,6,211318720,67,1.408915019,0.142569610,0.060826074,0.883076618
14,6,211318720,67,1.442788497,0.142569610,0.060826074,0.938980701
13,6,211318720,67,1.489959305,0.142569610,0.060826074,0.985693130
24,6,211318720,67,1.541699551,0.142569610,0.060826074,1.003460828
10,6,211318720,67,1.723671693,0.142569610,0.060826074,1.182471572
25,6,211318720,67,1.744349169,0.142569610,0.060826074,1.203413581
26,6,211318720,67,1.770823247,0.142569610,0.060826074,1.211372335
4,6,211318720,67,1.987851416,0.142569610,0.060826074,1.229795420
30,6,211318720,67,2.339944494,0.142569610,0.060826074,1.209592524
27,6,211318720,67,2.769587633,0.142569610,0.060826074,1.237810808
3,6,211318720,67,2.797841978,0.142569610,0.060826074,1.247115436
9,6,211318720,67,3.142464176,0.142569610,0.060826074,1.263616132
12,6,211318720,67,3.229013130,0.142569610,0.060826074,1.292428257
15,6,211318720,67,3.526310667,0.142569610,0.060826074,1.289098110
11,6,211318720,67,4.627239715,0.142569610,0.060826074,1.022039837
21,6,211318720,67,6.263157706,0.142569610,0.060826074,0.601089901
20,6,211318720,67,6.368457122,0.142569610,0.060826074,0.656240659
2,6,211318720,67,6.480286180,0.142569610,0.060826074,0.692800780
22,6,211318720,67,7.641788279,0.142569610,0.060826074,0.312957750
28,7,211318720,67,0.445674827,0.142569610,0.083057150,0.085881408
6,7,211318720,67,0.550968147,0.142569610,0.083057150,0.373120856
29,7,211318720,67,0.571428070,0.142569610,0.083057150,0.448720923
5,7,211318720,67,0.583684394,0.142569610,0.083057150,0.485475671
10,7,211318720,67,0.640220915,0.142569610,0.083057150,0.678009761
14,7,211318720,67,0.641239332,0.142569610,0.083057150,0.681111259
24,7,211318720,67,0.642374813,0.142569610,0.083057150,0.683860062
18,7,211318720,67,0.686343296,0.142569610,0.083057150,0.757771971
16,7,211318720,67,0.733452279,0.142569610,0.083057150,0.805406897
17,7,211318720,67,0.742797525,0.142569610,0.083057150,0.808897804
1,7,211318720,67,0.964746671,0.142569610,0.083057150,0.831810464
19,7,211318720,67,1.293827466,0.142569610,0.083057150,0.817742503
4,7,211318720,67,1.457757705,0.142569610,0.083057150,1.001748075
13,7,211318720,67,1.489959305,0.142569610,0.083057150,1.034302991
26,7,211318720,67,1.498388902,0.142569610,0.083057150,1.037076925
7,7,211318720,67,1.714314345,0.142569610,0.083057150,1.134231489
8,7,211318720,67,1.745527583,0.142569610,0.083057150,1.145398252
15,7,211318720,67,1.983549750,0.142569610,0.083057150,1.265757664
23,7,211318720,67,1.995962943,0.142569610,0.083057150,1.277433356
3,7,211318720,67,2.098381484,0.142569610,0.083057150,1.313280311
30,7,211318720,67,2.339944494,0.142569610,0.083057150,1.329864142
20,7,211318720,67,2.622305874,0.142569610,0.083057150,1.425719955
12,7,211318720,67,2.623573168,0.142569610,0.083057150,1.426141731
2,7,211318720,67,3.344663835,0.142569610,0.083057150,1.369982095
9,7,211318720,67,3.351961787,0.142569610,0.083057150,1.372365889
22,7,211318720,67,3.705109469,0.142569610,0.083057150,1.354133368
25,7,211318720,67,3.862487445,0.142569610,0.083057150,1.411423213
21,7,211318720,67,3.985645813,0.142569610,0.083057150,1.453330074
27,7,211318720,67,5.885373720,0.142569610,0.083057150,0.918669121
11,7,211318720,67,8.965276948,0.142569610,0.083057150,0.000004764
14,8,211318720,67,0.521006957,0.142569610,0.096241586,0.288785944
5,8,211318720,67,0.538785595,0.142569610,0.096241586,0.330136679
1,8,211318720,67,0.551283812,0.142569610,0.096241586,0.356411265
24,8,211318720,67,0.556724838,0.142569610,0.096241586,0.365170496
28,8,211318720,67,0.643752528,0.142569610,0.096241586,0.528669701
18,8,211318720,67,0.686343296,0.142569610,0.096241586,0.649868722
6,8,211318720,67,0.716258591,0.142569610,0.096241586,0.719448183
17,8,211318720,67,0.742797525,0.142569610,0.096241586,0.763446295
10,8,211318720,67,0.787964203,0.142569610,0.096241586,0.808667607
19,8,211318720,67,0.796201518,0.142569610,0.096241586,0.811315249
23,8,211318720,67,0.939276679,0.142569610,0.096241586,0.859406301
16,8,211318720,67,1.173523646,0.142569610,0.096241586,0.873129607
25,8,211318720,67,1.495156430,0.142569610,0.096241586,1.114018464
29,8,211318720,67,1.510202758,0.142569610,0.096241586,1.148707468
8,8,211318720,67,1.515852901,0.142569610,0.096241586,1.158339967
13,8,211318720,67,1.536520533,0.142569610,0.096241586,1.178663784
7,8,211318720,67,1.613472325,0.142569610,0.096241586,1.205390585
26,8,211318720,67,1.907040420,0.142569610,0.096241586,1.205189034
30,8,211318720,67,2.193697963,0.142569610,0.096241586,1.201315030
27,8,211318720,67,2.769587633,0.142569610,0.096241586,1.304482594
3,8,211318720,67,2.797841978,0.142569610,0.096241586,1.356430126
20,8,211318720,67,2.809613436,0.142569610,0.096241586,1.376114651
12,8,211318720,67,2.825386488,0.142569610,0.096241586,1.391798505
9,8,211318720,67,2.932966564,0.142569610,0.096241586,1.452589333
21,8,211318720,67,3.036682524,0.142569610,0.096241586,1.515354199
2,8,211318720,67,3.135622345,0.142569610,0.096241586,1.549126032
22,8,211318720,67,3.473540127,0.142569610,0.096241586,1.591035349
15,8,211318720,67,3.526310667,0.142569610,0.096241586,1.610099246
11,8,211318720,67,3.759632269,0.142569610,0.096241586,1.628817503
4,8,211318720,67,4.373273115,0.142569610,0.096241586,1.424416458
24,9,211318720,67,0.471074863,0.142569610,0.084709339,0.225013869
29,9,211318720,67,0.489795489,0.142569610,0.084709339,0.293422207
23,9,211318720,67,0.528343132,0.142569610,0.084709339,0.442296822
16,9,211318720,67,0.586761823,0.142569610,0.084709339,0.699003817
14,9,211318720,67,0.601161874,0.142569610,0.084709339,0.761988762
13,9,211318720,67,0.605295968,0.142569610,0.084709339,0.777354579
6,9,211318720,67,0.606064962,0.142569610,0.084709339,0.779452251
8,9,211318720,67,0.643089109,0.142569610,0.084709339,0.865969530
17,9,211318720,67,0.649947834,0.142569610,0.084709339,0.877650696
1,9,211318720,67,0.689104765,0.142569610,0.084709339,0.940264521
7,9,211318720,67,0.705894142,0.142569610,0.084709339,0.956843329
19,9,211318720,67,0.796201518,0.142569610,0.084709339,0.988668915
10,9,211318720,67,1.280441829,0.142569610,0.084709339,0.927519609
18,9,211318720,67,1.601467692,0.142569610,0.084709339,1.093968106
30,9,211318720,67,1.608711840,0.142569610,0.084709339,1.101224004
5,9,211318720,67,1.616356784,0.142569610,0.084709339,1.103943779
28,9,211318720,67,1.881738157,0.142569610,0.084709339,1.112161731
27,9,211318720,67,2.077190725,0.142569610,0.084709339,1.206749793
4,9,211318720,67,2.120374844,0.142569610,0.084709339,1.221963584
3,9,211318720,67,2.273246608,0.142569610,0.084709339,1.267065661
20,9,211318720,67,2.809613436,0.142569610,0.084709339,1.186717836
25,9,211318720,67,2.990312861,0.142569610,0.084709339,1.374635953
22,9,211318720,67,3.010401443,0.142569610,0.084709339,1.402201370
12,9,211318720,67,3.027199809,0.142569610,0.084709339,1.418575847
9,9,211318720,67,3.142464176,0.142569610,0.084709339,1.458419998
15,9,211318720,67,3.305916250,0.142569610,0.084709339,1.498618842
26,9,211318720,67,3.677863668,0.142569610,0.084709339,1.471146759
11,9,211318720,67,4.627239715,0.142569610,0.084709339,1.254941730
2,9,211318720,67,5.644120222,0.142569610,0.084709339,1.018546728
21,9,211318720,67,6.263157706,0.142569610,0.084709339,0.816997896
24,10,211318720,67,0.385424888,0.142569610,0.019573215,0.070310968
28,10,211318720,67,0.495194252,0.142569610,0.019573215,0.161820340
17,10,211318720,67,0.557098143,0.142569610,0.019573215,0.313659162
10,10,211318720,67,0.640220915,0.142569610,0.019573215,0.526133146
8,10,211318720,67,0.643089109,0.142569610,0.019573215,0.534900404
23,10,211318720,67,0.645752717,0.142569610,0.019573215,0.541096889
5,10,211318720,67,0.673481993,0.142569610,0.019573215,0.586252128
7,10,211318720,67,0.756315152,0.142569610,0.019573215,0.680678526
16,10,211318720,67,0.782349097,0.142569610,0.019573215,0.712992813
6,10,211318720,67,0.881549036,0.142569610,0.019573215,0.814696609
18,10,211318720,67,0.915124395,0.142569610,0.019573215,0.849092180
29,10,211318720,67,1.020407269,0.142569610,0.019573215,0.884189099
1,10,211318720,67,1.194448259,0.142569610,0.019573215,0.922844150
14,10,211318720,67,1.482865955,0.142569610,0.019573215,1.017677485
19,10,211318720,67,1.542640440,0.142569610,0.019573215,1.117265607
13,10,211318720,67,1.583081761,0.142569610,0.019573215,1.158326729
30,10,211318720,67,1.608711840,0.142569610,0.019573215,1.166769750
27,10,211318720,67,2.077190725,0.142569610,0.019573215,1.171967293
4,10,211318720,67,2.120374844,0.142569610,0.019573215,1.187302222
21,10,211318720,67,2.467304551,0.142569610,0.019573215,1.167451877
20,10,211318720,67,2.622305874,0.142569610,0.019573215,1.211453490
2,10,211318720,67,2.926580856,0.142569610,0.019573215,1.242961202
22,10,211318720,67,3.010401443,0.142569610,0.019573215,1.269869192
15,10,211318720,67,3.305916250,0.142569610,0.019573215,1.323196321
25,10,211318720,67,3.364101969,0.142569610,0.019573215,1.342623752
3,10,211318720,67,4.196762968,0.142569610,0.019573215,1.166321477
26,10,211318720,67,4.358949532,0.142569610,0.019573215,1.275686802
9,10,211318720,67,4.399449846,0.142569610,0.019573215,1.288570208
11,10,211318720,67,4.627239715,0.142569610,0.019573215,1.308673946
12,10,211318720,67,7.265279542,0.142569610,0.019573215,0.436120964
29,11,211318720,67,0.489795489,0.142569610,0.004430194,0.265377908
17,11,211318720,67,0.510673298,0.142569610,0.004430194,0.300548928
14,11,211318720,67,0.521006957,0.142569610,0.004430194,0.316514903
5,11,211318720,67,0.538785595,0.142569610,0.004430194,0.334794072
7,11,211318720,67,0.655473132,0.142569610,0.004430194,0.513303969
8,11,211318720,67,0.689024046,0.142569610,0.004430194,0.548024945
19,11,211318720,67,0.696676328,0.142569610,0.004430194,0.550569769
23,11,211318720,67,0.939276679,0.142569610,0.004430194,0.630250457
10,11,211318720,67,0.984955253,0.142569610,0.004430194,0.665315738
18,11,211318720,67,1.098149274,0.142569610,0.004430194,0.703199059
1,11,211318720,67,1.332269212,0.142569610,0.004430194,0.721152893
28,11,211318720,67,1.535102181,0.142569610,0.004430194,1.010694818
13,11,211318720,67,1.536520533,0.142569610,0.004430194,1.013184302
24,11,211318720,67,1.541699551,0.142569610,0.004430194,1.018401700
16,11,211318720,67,1.564698194,0.142569610,0.004430194,1.026472444
6,11,211318720,67,1.763098071,0.142569610,0.004430194,1.114359386
4,11,211318720,67,1.855327988,0.142569610,0.004430194,1.216214843
25,11,211318720,67,1.868945538,0.142569610,0.004430194,1.229663107
15,11,211318720,67,1.983549750,0.142569610,0.004430194,1.268411935
30,11,211318720,67,2.193697963,0.142569610,0.004430194,1.334154652
21,11,211318720,67,2.277511893,0.142569610,0.004430194,1.363072414
20,11,211318720,67,2.622305874,0.142569610,0.004430194,1.438124509
3,11,211318720,67,2.622976855,0.142569610,0.004430194,1.438316049
2,11,211318720,67,2.926580856,0.142569610,0.004430194,1.431958230
12,11,211318720,67,3.229013130,0.142569610,0.004430194,1.426401915
26,11,211318720,67,4.086515186,0.142569610,0.004430194,1.286686003
27,11,211318720,67,4.154381450,0.142569610,0.004430194,1.309322927
11,11,211318720,67,4.627239715,0.142569610,0.004430194,1.249527724
9,11,211318720,67,6.494425963,0.142569610,0.004430194,0.728771186
22,11,211318720,67,8.336496304,0.142569610,0.004430194,0.124755723
10,12,211318720,67,0.443229864,0.142569612,0.019792549,0.128948257
24,12,211318720,67,0.513899850,0.142569612,0.019792549,0.290027943
8,12,211318720,67,0.551219237,0.142569612,0.019792549,0.405916380
29,12,211318720,67,0.571428070,0.142569612,0.019792549,0.466939361
14,12,211318720,67,0.601161874,0.142569612,0.019792549,0.536192527
19,12,211318720,67,0.646913733,0.142569612,0.019792549,0.612642158
7,12,211318720,67,0.655473132,0.142569612,0.019792549,0.624713696
1,12,211318720,67,0.689104765,0.142569612,0.019792549,0.658527682
28,12,211318720,67,0.792310803,0.142569612,0.019792549,0.693938097
5,12,211318720,67,0.942874791,0.142569612,0.019792549,0.740052725
18,12,211318720,67,1.098149274,0.142569612,0.019792549,0.783981260
25,12,211318720,67,1.370560061,0.142569612,0.019792549,0.802867487
13,12,211318720,67,1.489959305,0.142569612,0.019792549,0.994193149
23,12,211318720,67,1.526324604,0.142569612,0.019792549,1.065722176
17,12,211318720,67,1.532019894,0.142569612,0.019792549,1.075219269
16,12,211318720,67,1.613595013,0.142569612,0.019792549,1.157928892
6,12,211318720,67,1.652904442,0.142569612,0.019792549,1.170911851
30,12,211318720,67,1.901204902,0.142569612,0.019792549,1.184659047
9,12,211318720,67,2.513971340,0.142569612,0.019792549,1.116548421
27,12,211318720,67,2.596488406,0.142569612,0.019792549,1.156078876
26,12,211318720,67,2.724343458,0.142569612,0.019792549,1.200967699
20,12,211318720,67,2.996920999,0.142569612,0.019792549,1.204889459
2,12,211318720,67,3.344663835,0.142569612,0.019792549,1.195068542
22,12,211318720,67,3.473540127,0.142569612,0.019792549,1.240316110
3,12,211318720,67,3.672167597,0.142569612,0.019792549,1.306456107
11,12,211318720,67,3.759632269,0.142569612,0.019792549,1.335717502
4,12,211318720,67,4.505796543,0.142569612,0.019792549,1.183885071
21,12,211318720,67,6.452950364,0.142569612,0.019792549,0.638213931
12,12,211318720,67,7.063466221,0.142569612,0.019792549,0.535665051
15,12,211318720,67,7.493410167,0.142569612,0.019792549,0.395545729
5,13,211318720,67,0.404089196,0.142569612,0.002136018,0.054133986
16,13,211318720,67,0.537865004,0.142569612,0.002136018,0.121434714
19,13,211318720,67,0.646913733,0.142569612,0.002136018,0.315148732
18,13,211318720,67,0.686343296,0.142569612,0.002136018,0.382411144
23,13,211318720,67,0.704457509,0.142569612,0.002136018,0.413234798
17,13,211318720,67,0.742797525,0.142569612,0.002136018,0.450681404
6,13,211318720,67,0.826452221,0.142569612,0.002136018,0.481220248
1,13,211318720,67,0.964746671,0.142569612,0.002136018,0.546041694
14,13,211318720,67,1.082091373,0.142569612,0.002136018,0.583699209
10,13,211318720,67,1.428185117,0.142569612,0.002136018,0.804566946
24,13,211318720,67,1.456049576,0.142569612,0.002136018,0.888710321
7,13,211318720,67,1.462209294,0.142569612,0.002136018,0.903105095
28,13,211318720,67,1.485582756,0.142569612,0.002136018,0.955337430
13,13,211318720,67,1.536520533,0.142569612,0.002136018,1.041418334
29,13,211318720,67,1.551019048,0.142569612,0.002136018,1.056147360
8,13,211318720,67,1.607722774,0.142569612,0.002136018,1.076040354
4,13,211318720,67,1.987851416,0.142569612,0.002136018,1.101714353
26,13,211318720,67,2.043257593,0.142569612,0.002136018,1.120186609
30,13,211318720,67,2.193697963,0.142569612,0.002136018,1.206069882
3,13,211318720,67,2.273246608,0.142569612,0.002136018,1.232648084
25,13,211318720,67,2.616523753,0.142569612,0.002136018,1.304822127
12,13,211318720,67,2.623573168,0.142569612,0.002136018,1.307336883
9,13,211318720,67,3.142464176,0.142569612,0.002136018,1.260739040
22,13,211318720,67,3.241970785,0.142569612,0.002136018,1.291196618
27,13,211318720,67,3.808182995,0.142569612,0.002136018,1.198728702
11,13,211318720,67,4.048834751,0.142569612,0.002136018,1.213011177
21,13,211318720,67,5.883572391,0.142569612,0.002136018,0.705401532
15,13,211318720,67,6.171043667,0.142569612,0.002136018,0.705243086
20,13,211318720,67,6.743072247,0.142569612,0.002136018,0.612884518
2,13,211318720,67,6.898369160,0.142569612,0.002136018,0.561152547
8,14,211318720,67,0.413414428,0.142569612,0.035661638,0.072543263
14,14,211318720,67,0.521006957,0.142569612,0.035661638,0.192200658
29,14,211318720,67,0.612244361,0.142569612,0.035661638,0.609383213
16,14,211318720,67,0.635658641,0.142569612,0.035661638,0.727023877
24,14,211318720,67,0.642374813,0.142569612,0.035661638,0.755994984
19,14,211318720,67,0.646913733,0.142569612,0.035661638,0.772801394
7,14,211318720,67,0.655473132,0.142569612,0.035661638,0.798568597
5,14,211318720,67,0.673481993,0.142569612,0.035661638,0.840995726
10,14,211318720,67,0.689468677,0.142569612,0.035661638,0.874317618
17,14,211318720,67,0.696372679,0.142569612,0.035661638,0.885762149
28,14,211318720,67,0.742791378,0.142569612,0.035661638,0.931966282
23,14,211318720,67,0.821867094,0.142569612,0.035661638,0.957632686
1,14,211318720,67,0.964746671,0.142569612,0.035661638,1.092263942
13,14,211318720,67,0.977785794,0.142569612,0.035661638,1.096709025
18,14,211318720,67,1.235417934,0.142569612,0.035661638,1.105914238
6,14,211318720,67,1.873291701,0.142569612,0.035661638,1.102107885
30,14,211318720,67,1.901204902,0.142569612,0.035661638,1.149187783
4,14,211318720,67,1.987851416,0.142569612,0.035661638,1.315494770
25,14,211318720,67,1.993541907,0.142569612,0.035661638,1.324548798
26,14,211318720,67,2.043257593,0.142569612,0.035661638,1.375066194
3,14,211318720,67,2.098381484,0.142569612,0.035661638,1.392752672
27,14,211318720,67,2.250289952,0.142569612,0.035661638,1.439151397
12,14,211318720,67,2.825386488,0.142569612,0.035661638,1.344886739
2,14,211318720,67,3.135622345,0.142569612,0.035661638,1.336463151
11,14,211318720,67,4.627239715,0.142569612,0.035661638,0.940371963
21,14,211318720,67,4.934609102,0.142569612,0.035661638,0.935028502
22,14,211318720,67,5.557664203,0.142569612,0.035661638,0.822497807
20,14,211318720,67,6.368457122,0.142569612,0.035661638,0.651047107
15,14,211318720,67,7.273015750,0.142569612,0.035661638,0.442444416
9,14,211318720,67,7.332416410,0.142569612,0.035661638,0.422648756
24,15,211318720,67,0.513899850,0.142569612,0.008592499,0.181551266
14,15,211318720,67,0.521006957,0.142569612,0.008592499,0.193082126
18,15,211318720,67,0.594830857,0.142569612,0.008592499,0.342376421
29,15,211318720,67,0.653060652,0.142569612,0.008592499,0.560905297
16,15,211318720,67,0.684555460,0.142569612,0.008592499,0.700819061
13,15,211318720,67,0.698418424,0.142569612,0.008592499,0.761234284
5,15,211318720,67,0.718380793,0.142569612,0.008592499,0.834460189
8,15,211318720,67,0.734958982,0.142569612,0.008592499,0.884248286
17,15,211318720,67,0.742797525,0.142569612,0.008592499,0.902725303
10,15,211318720,67,0.787964203,0.142569612,0.008592499,0.978199309
28,15,211318720,67,0.792310803,0.142569612,0.008592499,0.982719190
23,15,211318720,67,0.821867094,0.142569612,0.008592499,0.992724926
7,15,211318720,67,1.210104244,0.142569612,0.008592499,1.001679119
19,15,211318720,67,1.293827466,0.142569612,0.008592499,1.038735770
1,15,211318720,67,1.424149847,0.142569612,0.008592499,1.082775058
6,15,211318720,67,1.818194886,0.142569612,0.008592499,1.046235357
26,15,211318720,67,2.043257593,0.142569612,0.008592499,1.068383743
30,15,211318720,67,2.339944494,0.142569612,0.008592499,1.065376656
20,15,211318720,67,2.622305874,0.142569612,0.008592499,1.067127619
12,15,211318720,67,2.825386488,0.142569612,0.008592499,1.243067328
21,15,211318720,67,2.846889867,0.142569612,0.008592499,1.265424519
15,15,211318720,67,2.865127417,0.142569612,0.008592499,1.271606077
22,15,211318720,67,3.010401443,0.142569612,0.008592499,1.318870353
4,15,211318720,67,3.313085693,0.142569612,0.008592499,1.374445657
25,15,211318720,67,3.364101969,0.142569612,0.008592499,1.391887054
27,15,211318720,67,4.673679131,0.142569612,0.008592499,1.055328334
3,15,211318720,67,5.770549081,0.142569612,0.008592499,0.788494564
11,15,211318720,67,6.073252126,0.142569612,0.008592499,0.781447442
2,15,211318720,67,6.480286180,0.142569612,0.008592499,0.741775081
9,15,211318720,67,7.122918798,0.142569612,0.008592499,0.533229416
6,16,211318720,67,0.495871333,0.142569612,0.075056113,0.139043124
13,16,211318720,67,0.512173511,0.142569612,0.075056113,0.163063570
5,16,211318720,67,0.628583194,0.142569612,0.075056113,0.495508690
8,16,211318720,67,0.643089109,0.142569612,0.075056113,0.558481815
18,16,211318720,67,0.686343296,0.142569612,0.075056113,0.739064219
17,16,211318720,67,0.696372679,0.142569612,0.075056113,0.775663014
23,16,211318720,67,0.704457509,0.142569612,0.075056113,0.800298724
1,16,211318720,67,0.735045083,0.142569612,0.075056113,0.871453686
10,16,211318720,67,0.738716440,0.142569612,0.075056113,0.877722066
28,16,211318720,67,0.742791378,0.142569612,0.075056113,0.881913784
19,16,211318720,67,0.796201518,0.142569612,0.075056113,0.900149381
29,16,211318720,67,1.265305013,0.142569612,0.075056113,0.899741765
14,16,211318720,67,1.322556122,0.142569612,0.075056113,0.919324591
24,16,211318720,67,1.584524539,0.142569612,0.075056113,0.972423472
7,16,211318720,67,1.663893335,0.142569612,0.075056113,0.999591004
16,16,211318720,67,1.809182287,0.142569612,0.075056113,1.119099210
25,16,211318720,67,1.868945538,0.142569612,0.075056113,1.179145543
3,16,211318720,67,1.923516360,0.142569612,0.075056113,1.197188129
27,16,211318720,67,2.423389179,0.142569612,0.075056113,1.190686104
21,16,211318720,67,2.467304551,0.142569612,0.075056113,1.205400578
12,16,211318720,67,2.623573168,0.142569612,0.075056113,1.323691761
4,16,211318720,67,2.650468555,0.142569612,0.075056113,1.331547251
20,16,211318720,67,2.809613436,0.142569612,0.075056113,1.373930561
22,16,211318720,67,3.241970785,0.142569612,0.075056113,1.400157316
26,16,211318720,67,3.269212149,0.142569612,0.075056113,1.409611547
11,16,211318720,67,4.048834751,0.142569612,0.075056113,1.246105927
30,16,211318720,67,4.826135520,0.142569612,0.075056113,1.086839274
2,16,211318720,67,6.062203201,0.142569612,0.075056113,0.795947302
15,16,211318720,67,6.171043667,0.142569612,0.075056113,0.832997913
9,16,211318720,67,7.960909245,0.142569612,0.075056113,0.238429092
13,17,211318720,67,0.419051054,0.142569612,0.039135545,0.080453985
14,17,211318720,67,0.521006957,0.142569612,0.039135545,0.256489096
1,17,211318720,67,0.551283812,0.142569612,0.039135545,0.326463029
5,17,211318720,67,0.583684394,0.142569612,0.039135545,0.381139123
24,17,211318720,67,0.642374813,0.142569612,0.039135545,0.441956677
7,17,211318720,67,0.655473132,0.142569612,0.039135545,0.454597988
16,17,211318720,67,0.782349097,0.142569612,0.039135545,0.523964991
6,17,211318720,67,0.881549036,0.142569612,0.039135545,0.670455688
29,17,211318720,67,0.938774687,0.142569612,0.039135545,0.727198713
23,17,211318720,67,0.939276679,0.142569612,0.039135545,0.727370819
10,17,211318720,67,1.280441829,0.142569612,0.039135545,0.854687584
28,17,211318720,67,1.287505055,0.142569612,0.039135545,0.861717799
17,17,211318720,67,1.346320513,0.142569612,0.039135545,0.881492759
19,17,211318720,67,1.592403035,0.142569612,0.039135545,1.037803411
18,17,211318720,67,1.601467692,0.142569612,0.039135545,1.046841987
8,17,211318720,67,1.653657710,0.142569612,0.039135545,1.064325829
4,17,211318720,67,1.987851416,0.142569612,0.039135545,1.138144293
25,17,211318720,67,1.993541907,0.142569612,0.039135545,1.139990000
26,17,211318720,67,2.179474766,0.142569612,0.039135545,1.171292797
30,17,211318720,67,2.339944494,0.142569612,0.039135545,1.213554527
27,17,211318720,67,2.596488406,0.142569612,0.039135545,1.220141692
3,17,211318720,67,2.797841978,0.142569612,0.039135545,1.335233076
20,17,211318720,67,2.809613436,0.142569612,0.039135545,1.339190575
22,17,211318720,67,3.010401443,0.142569612,0.039135545,1.379156812
2,17,211318720,67,3.135622345,0.142569612,0.039135545,1.487043972
11,17,211318720,67,3.181227304,0.142569612,0.039135545,1.514093759
15,17,211318720,67,3.305916250,0.142569612,0.039135545,1.557267539
21,17,211318720,67,6.263157706,0.142569612,0.039135545,0.684917807
12,17,211318720,67,6.861652901,0.142569612,0.039135545,0.581876439
9,17,211318720,67,6.913421186,0.142569612,0.039135545,0.564623467
5,18,211318720,67,0.404089196,0.142569612,0.134792611,0.047945793
1,18,211318720,67,0.551283812,0.142569612,0.134792611,0.354333977
7,18,211318720,67,0.605052122,0.142569612,0.134792611,0.591807951
29,18,211318720,67,0.612244361,0.142569612,0.134792611,0.627722712
10,18,211318720,67,0.640220915,0.142569612,0.134792611,0.749606205
18,18,211318720,67,0.640587077,0.142569612,0.134792611,0.750886010
14,18,211318720,67,0.641239332,0.142569612,0.134792611,0.752926480
8,18,211318720,67,0.643089109,0.142569612,0.134792611,0.757436727
16,18,211318720,67,0.684555460,0.142569612,0.134792611,0.827419206
28,18,211318720,67,0.742791378,0.142569612,0.134792611,0.886350371
19,18,211318720,67,0.746438923,0.142569612,0.134792611,0.887018080
23,18,211318720,67,0.939276679,0.142569612,0.134792611,0.917232558
24,18,211318720,67,1.113449676,0.142569612,0.134792611,0.955805758
6,18,211318720,67,1.322323553,0.142569612,0.134792611,0.983294441
17,18,211318720,67,1.578444740,0.142569612,0.134792611,1.162138678
13,18,211318720,67,1.583081761,0.142569612,0.134792611,1.166827565
30,18,211318720,67,1.608711840,0.142569612,0.134792611,1.175198355
25,18,211318720,67,1.868945538,0.142569612,0.134792611,1.255635335
26,18,211318720,67,1.907040420,0.142569612,0.134792611,1.268165186
4,18,211318720,67,2.120374844,0.142569612,0.134792611,1.290800189
27,18,211318720,67,2.596488406,0.142569612,0.134792611,1.362168125
12,18,211318720,67,2.623573168,0.142569612,0.134792611,1.390068661
21,18,211318720,67,2.657097209,0.142569612,0.134792611,1.402023828
2,18,211318720,67,2.926580856,0.142569612,0.134792611,1.410190116
15,18,211318720,67,3.305916250,0.142569612,0.134792611,1.441619134
9,18,211318720,67,3.351961787,0.142569612,0.134792611,1.458507294
22,18,211318720,67,3.705109469,0.142569612,0.134792611,1.437806012
11,18,211318720,67,4.627239715,0.142569612,0.134792611,1.229882171
20,18,211318720,67,5.057304185,0.142569612,0.134792611,1.184504298
3,18,211318720,67,5.770549081,0.142569612,0.134792611,0.949514297
24,19,211318720,67,0.385424888,0.142569612,0.049076770,0.132483738
5,19,211318720,67,0.404089196,0.142569612,0.049076770,0.145213726
16,19,211318720,67,0.537865004,0.142569612,0.049076770,0.342382546
14,19,211318720,67,0.561084416,0.142569612,0.049076770,0.365670008
29,19,211318720,67,0.571428070,0.142569612,0.049076770,0.369084416
1,19,211318720,67,0.735045083,0.142569612,0.049076770,0.467375076
10,19,211318720,67,0.787964203,0.142569612,0.049076770,0.484470019
19,19,211318720,67,0.995251897,0.142569612,0.049076770,0.511756774
18,19,211318720,67,1.509955252,0.142569612,0.049076770,0.509943011
8,19,211318720,67,1.561787837,0.142569612,0.049076770,0.585511795
28,19,211318720,67,1.634141031,0.142569612,0.049076770,0.766182211
17,19,211318720,67,1.671294430,0.142569612,0.049076770,0.878452098
23,19,211318720,67,1.702438981,0.142569612,0.049076770,0.950854385
21,19,211318720,67,1.708133920,0.142569612,0.049076770,0.959851997
6,19,211318720,67,1.763098071,0.142569612,0.049076770,1.016079818
13,19,211318720,67,1.769326674,0.142569612,0.049076770,1.018084318
7,19,211318720,67,1.915998386,0.142569612,0.049076770,1.071593409
30,19,211318720,67,2.047451433,0.142569612,0.049076770,1.115165332
27,19,211318720,67,2.769587633,0.142569612,0.049076770,0.968668099
15,19,211318720,67,3.085521834,0.142569612,0.049076770,1.018358797
2,19,211318720,67,3.135622345,0.142569612,0.049076770,1.035652138
22,19,211318720,67,3.705109469,0.142569612,0.049076770,1.072464716
25,19,211318720,67,3.737891076,0.142569612,0.049076770,1.104591806
11,19,211318720,67,3.759632269,0.142569612,0.049076770,1.111484100
26,19,211318720,67,3.950298013,0.142569612,0.049076770,1.143640790
4,19,211318720,67,4.373273115,0.142569612,0.049076770,1.099001704
3,19,211318720,67,4.546493215,0.142569612,0.049076770,1.137949937
20,19,211318720,67,6.368457122,0.142569612,0.049076770,0.629955106
9,19,211318720,67,7.122918798,0.142569612,0.049076770,0.474720448
12,19,211318720,67,7.265279542,0.142569612,0.049076770,0.427271178
29,20,211318720,67,0.530611780,0.142569612,0.013982655,0.271308047
5,20,211318720,67,0.583684394,0.142569612,0.013982655,0.456257100
8,20,211318720,67,0.597154173,0.142569612,0.013982655,0.497327044
14,20,211318720,67,0.601161874,0.142569612,0.013982655,0.509638135
7,20,211318720,67,0.605052122,0.142569612,0.013982655,0.522761448
1,20,211318720,67,0.643164447,0.142569612,0.013982655,0.646408333
18,20,211318720,67,0.686343296,0.142569612,0.013982655,0.781110274
10,20,211318720,67,0.738716440,0.142569612,0.013982655,0.937743339
17,20,211318720,67,0.742797525,0.142569612,0.013982655,0.947384516
13,20,211318720,67,0.744979652,0.142569612,0.013982655,0.951101247
6,20,211318720,67,0.771355406,0.142569612,0.013982655,0.977981536
23,20,211318720,67,0.821867094,0.142569612,0.013982655,0.994610578
16,20,211318720,67,1.173523646,0.142569612,0.013982655,1.043417364
24,20,211318720,67,1.241924638,0.142569612,0.013982655,1.111655865
28,20,211318720,67,1.287505055,0.142569612,0.013982655,1.126229102
20,20,211318720,67,1.685768062,0.142569612,0.013982655,1.156624342
26,20,211318720,67,1.770823247,0.142569612,0.013982655,1.253045770
19,20,211318720,67,1.791453414,0.142569612,0.013982655,1.274273239
21,20,211318720,67,1.897926578,0.142569612,0.013982655,1.308758651
4,20,211318720,67,2.120374844,0.142569612,0.013982655,1.330596594
3,20,211318720,67,2.448111731,0.142569612,0.013982655,1.316795855
12,20,211318720,67,2.825386488,0.142569612,0.013982655,1.381268969
15,20,211318720,67,2.865127417,0.142569612,0.013982655,1.420798615
2,20,211318720,67,2.926580856,0.142569612,0.013982655,1.441303755
25,20,211318720,67,3.862487445,0.142569612,0.013982655,1.226320337
27,20,211318720,67,4.327480677,0.142569612,0.013982655,1.304643825
11,20,211318720,67,4.338037233,0.142569612,0.013982655,1.315104524
22,20,211318720,67,4.399817494,0.142569612,0.013982655,1.336701185
30,20,211318720,67,5.118628581,0.142569612,0.013982655,1.193584713
9,20,211318720,67,6.913421186,0.142569612,0.013982655,0.608158059
7,21,211318720,67,0.453789091,0.142569612,0.004945084,0.046657550
14,21,211318720,67,0.641239332,0.142569612,0.004945084,0.530265513
24,21,211318720,67,0.642374813,0.142569612,0.004945084,0.535250825
28,21,211318720,67,0.643752528,0.142569612,0.004945084,0.540383954
1,21,211318720,67,0.689104765,0.142569612,0.004945084,0.676749261
10,21,211318720,67,0.689468677,0.142569612,0.004945084,0.677631880
17,21,211318720,67,0.696372679,0.142569612,0.004945084,0.689237101
5,21,211318720,67,0.718380793,0.142569612,0.004945084,0.711247295
16,21,211318720,67,0.733452279,0.142569612,0.004945084,0.718669026
8,21,211318720,67,0.872763791,0.142569612,0.004945084,0.969093067
23,21,211318720,67,0.880571887,0.142569612,0.004945084,0.982312048
6,21,211318720,67,0.881549036,0.142569612,0.004945084,0.983212780
13,21,211318720,67,0.977785794,0.142569612,0.004945084,1.015973694
18,21,211318720,67,1.143905494,0.142569612,0.004945084,1.151486989
19,21,211318720,67,1.144539681,0.142569612,0.004945084,1.151744197
29,21,211318720,67,1.306121304,0.142569612,0.004945084,1.194349351
25,21,211318720,67,1.495156430,0.142569612,0.004945084,1.225097026
4,21,211318720,67,2.120374844,0.142569612,0.004945084,1.109819257
20,21,211318720,67,2.434998311,0.142569612,0.004945084,1.148165338
2,21,211318720,67,2.508497876,0.142569612,0.004945084,1.208958507
27,21,211318720,67,2.596488406,0.142569612,0.004945084,1.239554606
3,21,211318720,67,2.797841978,0.142569612,0.004945084,1.392446367
21,21,211318720,67,2.846889867,0.142569612,0.004945084,1.474449065
26,21,211318720,67,2.860560630,0.142569612,0.004945084,1.487870223
30,21,211318720,67,2.924930618,0.142569612,0.004945084,1.509409285
22,21,211318720,67,3.241970785,0.142569612,0.004945084,1.497636477
12,21,211318720,67,6.256212939,0.142569612,0.004945084,0.602270187
15,21,211318720,67,6.832226917,0.142569612,0.004945084,0.509090025
9,21,211318720,67,7.751411633,0.142569612,0.004945084,0.299713760
11,21,211318720,67,9.254479431,0.142569612,0.004945084,0.000004764
5,22,211318720,67,0.628583194,0.142569608,0.055284034,0.472268326
16,22,211318720,67,0.635658641,0.142569608,0.055284034,0.502568424
24,22,211318720,67,0.642374813,0.142569608,0.055284034,0.527020885
7,22,211318720,67,0.655473132,0.142569608,0.055284034,0.566317089
8,22,211318720,67,0.689024046,0.142569608,0.055284034,0.651027354
17,22,211318720,67,0.696372679,0.142569608,0.055284034,0.667614336
19,22,211318720,67,0.696676328,0.142569608,0.055284034,0.668100614
13,22,211318720,67,0.744979652,0.142569608,0.055284034,0.715767868
23,22,211318720,67,0.821867094,0.142569608,0.055284034,0.742227493
29,22,211318720,67,0.979590978,0.142569608,0.055284034,0.783586966
14,22,211318720,67,1.122168831,0.142569608,0.055284034,0.832188240
1,22,211318720,67,1.424149847,0.142569608,0.055284034,0.885869709
10,22,211318720,67,1.526680643,0.142569608,0.055284034,1.056233470
28,22,211318720,67,1.535102181,0.142569608,0.055284034,1.064849776
18,22,211318720,67,1.555711472,0.142569608,0.055284034,1.071331117
12,22,211318720,67,1.816319885,0.142569608,0.055284034,1.232253022
6,22,211318720,67,1.818194886,0.142569608,0.055284034,1.234004279
25,22,211318720,67,1.868945538,0.142569608,0.055284034,1.266663529
4,22,211318720,67,1.987851416,0.142569608,0.055284034,1.364421532
30,22,211318720,67,2.047451433,0.142569608,0.055284034,1.384005264
15,22,211318720,67,2.203944167,0.142569608,0.055284034,1.490671995
27,22,211318720,67,2.250289952,0.142569608,0.055284034,1.506565520
21,22,211318720,67,2.657097209,0.142569608,0.055284034,1.469924830
3,22,211318720,67,2.797841978,0.142569608,0.055284034,1.517574452
22,22,211318720,67,3.473540127,0.142569608,0.055284034,1.389645967
11,22,211318720,67,4.627239715,0.142569608,0.055284034,1.187478624
26,22,211318720,67,4.631383878,0.142569608,0.055284034,1.188930251
9,22,211318720,67,5.446937904,0.142569608,0.055284034,1.012654844
20,22,211318720,67,6.181149560,0.142569608,0.055284034,0.862022999
2,22,211318720,67,6.689327670,0.142569608,0.055284034,0.694700416
29,23,211318720,67,0.367346617,0.142569608,0.034313414,0.047859599
17,23,211318720,67,0.603522989,0.142569608,0.034313414,0.264659220
8,23,211318720,67,0.643089109,0.142569608,0.034313414,0.455250650
1,23,211318720,67,0.643164447,0.142569608,0.034313414,0.455606619
5,23,211318720,67,0.673481993,0.142569608,0.034313414,0.566963049
16,23,211318720,67,0.733452279,0.142569608,0.034313414,0.780360855
10,23,211318720,67,0.738716440,0.142569608,0.034313414,0.796270677
28,23,211318720,67,0.742791378,0.142569608,0.034313414,0.808398726
19,23,211318720,67,0.746438923,0.142569608,0.034313414,0.817023447
7,23,211318720,67,0.756315152,0.142569608,0.034313414,0.833678146
6,23,211318720,67,0.826452221,0.142569608,0.034313414,0.903751046
14,23,211318720,67,0.881704082,0.142569608,0.034313414,0.922165903
24,23,211318720,67,1.327574613,0.142569608,0.034313414,0.905650643
18,23,211318720,67,1.418442813,0.142569608,0.034313414,0.950695550
13,23,211318720,67,1.536520533,0.142569608,0.034313414,1.027928313
25,23,211318720,67,1.619752800,0.142569608,0.034313414,1.057062088
23,23,211318720,67,1.937258151,0.142569608,0.034313414,1.047992266
30,23,211318720,67,2.193697963,0.142569608,0.034313414,1.058291858
2,23,211318720,67,2.508497876,0.142569608,0.034313414,1.085344508
27,23,211318720,67,2.596488406,0.142569608,0.034313414,1.115825360
12,23,211318720,67,2.825386488,0.142569608,0.034313414,1.136848209
20,23,211318720,67,2.996920999,0.142569608,0.034313414,1.261049426
22,23,211318720,67,3.010401443,0.142569608,0.034313414,1.266089555
15,23,211318720,67,3.305916250,0.142569608,0.034313414,1.263834861
3,23,211318720,67,3.672167597,0.142569608,0.034313414,1.237098515
11,23,211318720,67,4.338037233,0.142569608,0.034313414,1.113552528
4,23,211318720,67,4.505796543,0.142569608,0.034313414,1.153546158
26,23,211318720,67,5.176252569,0.142569608,0.034313414,1.081148161
9,23,211318720,67,5.237440293,0.142569608,0.034313414,1.100697754
21,23,211318720,67,6.452950364,0.142569608,0.034313414,0.696478553
17,24,211318720,67,0.417823608,0.142569608,0.014778267,0.131303827
14,24,211318720,67,0.480929499,0.142569608,0.014778267,0.194575712
24,24,211318720,67,0.513899850,0.142569608,0.014778267,0.248417809
5,24,211318720,67,0.628583194,0.142569608,0.014778267,0.640795827
16,24,211318720,67,0.635658641,0.142569608,0.014778267,0.671381304
28,24,211318720,67,0.643752528,0.142569608,0.014778267,0.701053177
29,24,211318720,67,0.653060652,0.142569608,0.014778267,0.728818123
18,24,211318720,67,0.686343296,0.142569608,0.014778267,0.806387088
1,24,211318720,67,0.689104765,0.142569608,0.014778267,0.810914675
7,24,211318720,67,0.756315152,0.142569608,0.014778267,0.877646099
23,24,211318720,67,0.763162302,0.142569608,0.014778267,0.879725004
8,24,211318720,67,0.964633664,0.142569608,0.014778267,0.989649626
13,24,211318720,67,0.977785794,0.142569608,0.014778267,0.993853597
19,24,211318720,67,1.293827466,0.142569608,0.014778267,0.984704948
10,24,211318720,67,1.625176168,0.142569608,0.014778267,0.968212313
26,24,211318720,67,1.770823247,0.142569608,0.014778267,1.015911599
4,24,211318720,67,1.987851416,0.142569608,0.014778267,1.100314572
6,24,211318720,67,2.038582145,0.142569608,0.014778267,1.117309428
30,24,211318720,67,2.193697963,0.142569608,0.014778267,1.200933024
3,24,211318720,67,2.273246608,0.142569608,0.014778267,1.226977545
20,24,211318720,67,2.809613436,0.142569608,0.014778267,1.357985601
12,24,211318720,67,2.825386488,0.142569608,0.014778267,1.384677323
21,24,211318720,67,2.846889867,0.142569608,0.014778267,1.406540609
15,24,211318720,67,2.865127417,0.142569608,0.014778267,1.413139873
25,24,211318720,67,3.987083815,0.142569608,0.014778267,1.193266584
11,24,211318720,67,4.048834751,0.142569608,0.014778267,1.213627947
2,24,211318720,67,5.016995753,0.142569608,0.014778267,0.989063040
27,24,211318720,67,5.885373720,0.142569608,0.014778267,0.796096105
22,24,211318720,67,6.252372228,0.142569608,0.014778267,0.771545863
9,24,211318720,67,6.494425963,0.142569608,0.014778267,0.692224743
17,25,211318720,67,0.417823608,0.142569608,0.022795293,0.234931282
13,25,211318720,67,0.419051054,0.142569608,0.022795293,0.237815891
18,25,211318720,67,0.457562198,0.142569608,0.022795293,0.303618515
29,25,211318720,67,0.530611780,0.142569608,0.022795293,0.470272732
24,25,211318720,67,0.556724838,0.142569608,0.022795293,0.536293851
8,25,211318720,67,0.597154173,0.142569608,0.022795293,0.653998530
16,25,211318720,67,0.635658641,0.142569608,0.022795293,0.754164903
1,25,211318720,67,0.643164447,0.142569608,0.022795293,0.771467794
28,25,211318720,67,0.693271953,0.142569608,0.022795293,0.887950727
7,25,211318720,67,0.705894142,0.142569608,0.022795293,0.917268405
23,25,211318720,67,0.763162302,0.142569608,0.022795293,1.012542963
19,25,211318720,67,0.796201518,0.142569608,0.022795293,1.045572333
6,25,211318720,67,0.826452221,0.142569608,0.022795293,1.056564594
14,25,211318720,67,1.242401206,0.142569608,0.022795293,1.018341242
5,25,211318720,67,1.526559185,0.142569608,0.022795293,1.018734791
10,25,211318720,67,1.674423931,0.142569608,0.022795293,1.066568479
3,25,211318720,67,1.923516360,0.142569608,0.022795293,1.133239096
4,25,211318720,67,1.987851416,0.142569608,0.022795293,1.154182085
30,25,211318720,67,2.193697963,0.142569608,0.022795293,1.181652520
20,25,211318720,67,2.434998311,0.142569608,0.022795293,1.196599317
27,25,211318720,67,2.596488406,0.142569608,0.022795293,1.239162522
12,25,211318720,67,2.825386488,0.142569608,0.022795293,1.331703188
26,25,211318720,67,2.860560630,0.142569608,0.022795293,1.343112571
22,25,211318720,67,3.010401443,0.142569608,0.022795293,1.399845833
2,25,211318720,67,3.135622345,0.142569608,0.022795293,1.440026518
25,25,211318720,67,4.111680184,0.142569608,0.022795293,1.210095052
21,25,211318720,67,4.555023786,0.142569608,0.022795293,1.202347149
11,25,211318720,67,4.627239715,0.142569608,0.022795293,1.226871308
9,25,211318720,67,6.075430739,0.142569608,0.022795293,0.845907956
15,25,211318720,67,7.934199001,0.142569608,0.022795293,0.237458083
19,26,211318720,67,0.447863354,0.142569608,0.096427716,0.164902782
5,26,211318720,67,0.448987996,0.142569608,0.096427716,0.166054617
24,26,211318720,67,0.556724838,0.142569608,0.096427716,0.266737738
29,26,211318720,67,0.612244361,0.142569608,0.096427716,0.408155936
8,26,211318720,67,0.689024046,0.142569608,0.096427716,0.614184815
13,26,211318720,67,0.698418424,0.142569608,0.096427716,0.636517814
23,26,211318720,67,0.704457509,0.142569608,0.096427716,0.646597309
18,26,211318720,67,0.732099516,0.142569608,0.096427716,0.674368312
28,26,211318720,67,0.792310803,0.142569608,0.096427716,0.730954688
6,26,211318720,67,0.881549036,0.142569608,0.096427716,0.760779048
17,26,211318720,67,1.160621132,0.142569608,0.096427716,0.874978094
7,26,211318720,67,1.210104244,0.142569608,0.096427716,0.924389355
26,26,211318720,67,1.225954556,0.142569608,0.096427716,0.933557298
14,26,211318720,67,1.362633581,0.142569608,0.096427716,1.121507192
10,26,211318720,67,1.378937355,0.142569608,0.096427716,1.141284024
16,26,211318720,67,1.418007738,0.142569608,0.096427716,1.180444551
1,26,211318720,67,1.516030483,0.142569608,0.096427716,1.315539826
3,26,211318720,67,1.573786113,0.142569608,0.096427716,1.373100430
4,26,211318720,67,1.590281133,0.142569608,0.096427716,1.379010979
30,26,211318720,67,2.193697963,0.142569608,0.096427716,1.359515949
27,26,211318720,67,2.250289952,0.142569608,0.096427716,1.415606773
9,26,211318720,67,2.304473729,0.142569608,0.096427716,1.450257356
12,26,211318720,67,2.421759847,0.142569608,0.096427716,1.490168744
22,26,211318720,67,3.473540127,0.142569608,0.096427716,1.237359040
25,26,211318720,67,3.862487445,0.142569608,0.096427716,1.204136065
11,26,211318720,67,4.338037233,0.142569608,0.096427716,1.142934883
21,26,211318720,67,4.555023786,0.142569608,0.096427716,1.166696606
20,26,211318720,67,5.057304185,0.142569608,0.096427716,1.096627781
2,26,211318720,67,6.689327670,0.142569608,0.096427716,0.653082500
15,26,211318720,67,7.493410167,0.142569608,0.096427716,0.388956407
28,27,211318720,67,0.544713677,0.142569608,0.034309883,0.277129436
17,27,211318720,67,0.557098143,0.142569608,0.034309883,0.315122960
18,27,211318720,67,0.594830857,0.142569608,0.034309883,0.443241360
14,27,211318720,67,0.601161874,0.142569608,0.034309883,0.466279702
29,27,211318720,67,0.653060652,0.142569608,0.034309883,0.622741966
16,27,211318720,67,0.684555460,0.142569608,0.034309883,0.710652600
13,27,211318720,67,0.698418424,0.142569608,0.034309883,0.742857080
5,27,211318720,67,0.718380793,0.142569608,0.034309883,0.777352949
1,27,211318720,67,0.735045083,0.142569608,0.034309883,0.794021425
7,27,211318720,67,0.806736162,0.142569608,0.034309883,0.864292938
6,27,211318720,67,0.881549036,0.142569608,0.034309883,0.888949838
10,27,211318720,67,1.083450779,0.142569608,0.034309883,0.918189438
8,27,211318720,67,1.240243283,0.142569608,0.034309883,0.968954601
25,27,211318720,67,1.370560061,0.142569608,0.034309883,1.013163679
24,27,211318720,67,1.541699551,0.142569608,0.034309883,1.179397810
19,27,211318720,67,1.542640440,0.142569608,0.034309883,1.180350278
26,27,211318720,67,1.634606075,0.142569608,0.034309883,1.268486243
21,27,211318720,67,1.708133920,0.142569608,0.034309883,1.364506157
23,27,211318720,67,1.761143773,0.142569608,0.034309883,1.451505230
12,27,211318720,67,1.816319885,0.142569608,0.034309883,1.544441190
4,27,211318720,67,1.855327988,0.142569608,0.034309883,1.584072805
30,27,211318720,67,1.901204902,0.142569608,0.034309883,1.599607454
27,27,211318720,67,2.596488406,0.142569608,0.034309883,1.538809208
3,27,211318720,67,2.622976855,0.142569608,0.034309883,1.547847798
20,27,211318720,67,2.996920999,0.142569608,0.034309883,1.557332657
15,27,211318720,67,3.085521834,0.142569608,0.034309883,1.585350489
22,27,211318720,67,3.241970785,0.142569608,0.034309883,1.678897255
2,27,211318720,67,3.344663835,0.142569608,0.034309883,1.780353560
9,27,211318720,67,3.351961787,0.142569608,0.034309883,1.782548311
11,27,211318720,67,8.097669502,0.142569608,0.034309883,0.212771587
14,28,211318720,67,0.480929499,0.142569608,0.023947669,0.082900739
18,28,211318720,67,0.594830857,0.142569608,0.023947669,0.299394428
24,28,211318720,67,0.599549825,0.142569608,0.023947669,0.316640316
1,28,211318720,67,0.689104765,0.142569608,0.023947669,0.702301167
28,28,211318720,67,0.693271953,0.142569608,0.023947669,0.725922911
13,28,211318720,67,0.698418424,0.142569608,0.023947669,0.751810498
5,28,211318720,67,0.718380793,0.142569608,0.023947669,0.838378267
8,28,211318720,67,0.734958982,0.142569608,0.023947669,0.898564834
19,28,211318720,67,0.746438923,0.142569608,0.023947669,0.933047602
16,28,211318720,67,0.782349097,0.142569608,0.023947669,1.016986798
7,28,211318720,67,0.806736162,0.142569608,0.023947669,1.065561625
23,28,211318720,67,0.821867094,0.142569608,0.023947669,1.091283734
6,28,211318720,67,0.826452221,0.142569608,0.023947669,1.096119321
29,28,211318720,67,0.938774687,0.142569608,0.023947669,1.134142953
17,28,211318720,67,1.114196287,0.142569608,0.023947669,1.169202928
26,28,211318720,67,1.362171729,0.142569608,0.023947669,1.181688055
4,28,211318720,67,1.722804560,0.142569608,0.023947669,1.159043673
10,28,211318720,67,1.871414981,0.142569608,0.023947669,1.281412492
21,28,211318720,67,1.897926578,0.142569608,0.023947669,1.290785364
3,28,211318720,67,2.098381484,0.142569608,0.023947669,1.319416202
11,28,211318720,67,2.602822340,0.142569608,0.023947669,1.417538119
25,28,211318720,67,2.616523753,0.142569608,0.023947669,1.431486318
12,28,211318720,67,2.623573168,0.142569608,0.023947669,1.433942947
27,28,211318720,67,2.769587633,0.142569608,0.023947669,1.549548034
20,28,211318720,67,2.809613436,0.142569608,0.023947669,1.563906804
22,28,211318720,67,3.241970785,0.142569608,0.023947669,1.540575840
9,28,211318720,67,3.351961787,0.142569608,0.023947669,1.577307168
30,28,211318720,67,3.509916741,0.142569608,0.023947669,1.620418830
2,28,211318720,67,6.898369160,0.142569608,0.023947669,0.593113702
15,28,211318720,67,7.273015750,0.142569608,0.023947669,0.467841159
5,29,211318720,67,0.583684394,0.142569608,0.014469937,0.273266346
24,29,211318720,67,0.599549825,0.142569608,0.014469937,0.321169622
10,29,211318720,67,0.640220915,0.142569608,0.014469937,0.468561241
17,29,211318720,67,0.649947834,0.142569608,0.014469937,0.497524149
19,29,211318720,67,0.696676328,0.142569608,0.014469937,0.606720145
7,29,211318720,67,0.705894142,0.142569608,0.014469937,0.622295276
28,29,211318720,67,0.742791378,0.142569608,0.014469937,0.659645136
13,29,211318720,67,0.744979652,0.142569608,0.014469937,0.660343044
14,29,211318720,67,1.042013915,0.142569608,0.014469937,0.660643795
23,29,211318720,67,1.232800641,0.142569608,0.014469937,0.815092491
8,29,211318720,67,1.286178219,0.142569608,0.014469937,0.931761337
18,29,211318720,67,1.326930373,0.142569608,0.014469937,0.999394871
1,29,211318720,67,1.332269212,0.142569608,0.014469937,1.004809109
29,29,211318720,67,1.387753885,0.142569608,0.014469937,1.024789999
16,29,211318720,67,1.613595013,0.142569608,0.014469937,1.135528389
25,29,211318720,67,1.619752800,0.142569608,0.014469937,1.137545950
6,29,211318720,67,2.038582145,0.142569608,0.014469937,1.132171559
4,29,211318720,67,2.120374844,0.142569608,0.014469937,1.204644477
30,29,211318720,67,2.193697963,0.142569608,0.014469937,1.267833614
21,29,211318720,67,2.277511893,0.142569608,0.014469937,1.296918366
12,29,211318720,67,2.421759847,0.142569608,0.014469937,1.343994525
20,29,211318720,67,2.622305874,0.142569608,0.014469937,1.468858701
3,29,211318720,67,2.622976855,0.142569608,0.014469937,1.469068869
2,29,211318720,67,2.926580856,0.142569608,0.014469937,1.503915043
22,29,211318720,67,3.010401443,0.142569608,0.014469937,1.531108014
9,29,211318720,67,3.351961787,0.142569608,0.014469937,1.514958092
27,29,211318720,67,3.635083768,0.142569608,0.014469937,1.594239209
26,29,211318720,67,3.677863668,0.142569608,0.014469937,1.636418052
11,29,211318720,67,3.759632269,0.142569608,0.014469937,1.663551084
15,29,211318720,67,6.391438084,0.142569608,0.014469937,0.799402327
6,30,211318720,67,0.495871333,0.142569608,0.081462562,0.252328424
23,30,211318720,67,0.528343132,0.142569608,0.081462562,0.383666516
29,30,211318720,67,0.530611780,0.142569608,0.081462562,0.391961921
14,30,211318720,67,0.561084416,0.142569608,0.081462562,0.492822820
5,30,211318720,67,0.628583194,0.142569608,0.081462562,0.696033404
18,30,211318720,67,0.640587077,0.142569608,0.081462562,0.723874331
1,30,211318720,67,0.643164447,0.142569608,0.081462562,0.728376786
19,30,211318720,67,0.646913733,0.142569608,0.081462562,0.732516435
8,30,211318720,67,0.689024046,0.142569608,0.081462562,0.745808565
17,30,211318720,67,1.207045977,0.142569608,0.081462562,0.749464105
13,30,211318720,67,1.257153163,0.142569608,0.081462562,0.799545371
24,30,211318720,67,1.327574613,0.142569608,0.081462562,0.829022552
7,30,211318720,67,1.462209294,0.142569608,0.081462562,1.013409853
28,30,211318720,67,1.485582756,0.142569608,0.081462562,1.039248915
16,30,211318720,67,1.515801376,0.142569608,0.081462562,1.069893698
10,30,211318720,67,1.625176168,0.142569608,0.081462562,1.106819101
26,30,211318720,67,2.179474766,0.142569608,0.081462562,1.020381773
20,30,211318720,67,2.434998311,0.142569608,0.081462562,1.103838984
21,30,211318720,67,2.467304551,0.142569608,0.081462562,1.114585251
3,30,211318720,67,2.622976855,0.142569608,0.081462562,1.159476962
12,30,211318720,67,3.027199809,0.142569608,0.081462562,1.115942352
4,30,211318720,67,3.180562266,0.142569608,0.081462562,1.160145877
2,30,211318720,67,3.344663835,0.142569608,0.081462562,1.201530250
9,30,211318720,67,4.399449846,0.142569608,0.081462562,0.944173314
25,30,211318720,67,4.610065661,0.142569608,0.081462562,1.102827624
11,30,211318720,67,4.627239715,0.142569608,0.081462562,1.120265354
30,30,211318720,67,4.679888989,0.142569608,0.081462562,1.137916221
27,30,211318720,67,5.712274493,0.142569608,0.081462562,0.895138480
22,30,211318720,67,6.020802887,0.142569608,0.081462562,0.889980397
15,30,211318720,67,7.934199001,0.142569608,0.081462562,0.257844005
29,31,211318720,67,0.367346617,0.142569608,0.076453723,0.089001748
19,31,211318720,67,0.447863354,0.142569608,0.076453723,0.137043037
13,31,211318720,67,0.558734739,0.142569608,0.076453723,0.367605078
8,31,211318720,67,0.597154173,0.142569608,0.076453723,0.575227445
24,31,211318720,67,0.642374813,0.142569608,0.076453723,0.802595041
23,31,211318720,67,0.645752717,0.142569608,0.076453723,0.817181237
5,31,211318720,67,0.673481993,0.142569608,0.076453723,0.918737079
16,31,211318720,67,0.684555460,0.142569608,0.076453723,0.951382837
1,31,211318720,67,0.689104765,0.142569608,0.076453723,0.962100142
28,31,211318720,67,0.693271953,0.142569608,0.076453723,0.969138287
17,31,211318720,67,0.696372679,0.142569608,0.076453723,0.972365606
6,31,211318720,67,0.716258591,0.142569608,0.076453723,0.979228565
14,31,211318720,67,1.162246289,0.142569608,0.076453723,1.011456415
10,31,211318720,67,1.181946304,0.142569608,0.076453723,1.018191875
18,31,211318720,67,1.464199032,0.142569608,0.076453723,1.022633117
7,31,211318720,67,1.663893335,0.142569608,0.076453723,1.091028643
25,31,211318720,67,1.744349169,0.142569608,0.076453723,1.138868641
4,31,211318720,67,1.855327988,0.142569608,0.076453723,1.284682427
26,31,211318720,67,1.907040420,0.142569608,0.076453723,1.336688399
3,31,211318720,67,1.923516360,0.142569608,0.076453723,1.342881004
27,31,211318720,67,2.250289952,0.142569608,0.076453723,1.327630783
22,31,211318720,67,2.778832101,0.142569608,0.076453723,1.322212969
20,31,211318720,67,2.809613436,0.142569608,0.076453723,1.333067992
2,31,211318720,67,3.344663835,0.142569608,0.076453723,1.251415162
15,31,211318720,67,3.526310667,0.142569608,0.076453723,1.286411451
21,31,211318720,67,4.934609102,0.142569608,0.076453723,0.920686433
30,31,211318720,67,5.264875112,0.142569608,0.076453723,0.907275605
9,31,211318720,67,5.865933128,0.142569608,0.076453723,0.805953624
11,31,211318720,67,6.073252126,0.142569608,0.076453723,0.831121752
12,31,211318720,67,6.659839580,0.142569608,0.076453723,0.639936908
29,32,211318720,67,0.530611780,0.142569608,0.057003036,0.099214336
1,32,211318720,67,0.597224130,0.142569608,0.057003036,0.167334546
7,32,211318720,67,0.705894142,0.142569608,0.057003036,0.631910557
5,32,211318720,67,0.718380793,0.142569608,0.057003036,0.685440841
18,32,211318720,67,0.732099516,0.142569608,0.057003036,0.735469534
8,32,211318720,67,0.734958982,0.142569608,0.057003036,0.744037122
10,32,211318720,67,0.738716440,0.142569608,0.057003036,0.753044173
17,32,211318720,67,0.742797525,0.142569608,0.057003036,0.762807138
28,32,211318720,67,0.792310803,0.142569608,0.057003036,0.868437279
14,32,211318720,67,0.801549165,0.142569608,0.057003036,0.883334944
23,32,211318720,67,0.880571887,0.142569608,0.057003036,0.959816248
24,32,211318720,67,0.899324738,0.142569608,0.057003036,0.966085641
16,32,211318720,67,1.613595013,0.142569608,0.057003036,0.937231992
25,32,211318720,67,1.619752800,0.142569608,0.057003036,0.943482279
13,32,211318720,67,1.722765446,0.142569608,0.057003036,0.986229994
4,32,211318720,67,1.855327988,0.142569608,0.057003036,1.186279145
6,32,211318720,67,1.873291701,0.142569608,0.057003036,1.204287580
19,32,211318720,67,1.890978604,0.142569608,0.057003036,1.210068955
27,32,211318720,67,2.423389179,0.142569608,0.057003036,1.272319443
3,32,211318720,67,2.448111731,0.142569608,0.057003036,1.297422836
21,32,211318720,67,2.467304551,0.142569608,0.057003036,1.303919208
12,32,211318720,67,3.027199809,0.142569608,0.057003036,1.212643419
22,32,211318720,67,3.241970785,0.142569608,0.057003036,1.236298953
15,32,211318720,67,3.526310667,0.142569608,0.057003036,1.237862532
11,32,211318720,67,4.338037233,0.142569608,0.057003036,1.063989846
26,32,211318720,67,5.040035397,0.142569608,0.057003036,0.924001153
30,32,211318720,67,5.264875112,0.142569608,0.057003036,0.944177790
9,32,211318720,67,5.656435516,0.142569608,0.057003036,0.913153688
20,32,211318720,67,6.368457122,0.142569608,0.057003036,0.771055196
2,32,211318720,67,6.898369160,0.142569608,0.057003036,0.594614913
29,33,211318720,67,0.408162907,0.142569608,0.101626247,0.047862508
5,33,211318720,67,0.583684394,0.142569608,0.101626247,0.520134308
10,33,211318720,67,0.590973152,0.142569608,0.101626247,0.556441024
14,33,211318720,67,0.601161874,0.142569608,0.101626247,0.607365732
8,33,211318720,67,0.643089109,0.142569608,0.101626247,0.789589070
28,33,211318720,67,0.643752528,0.142569608,0.101626247,0.792072337
23,33,211318720,67,0.645752717,0.142569608,0.101626247,0.798170579
17,33,211318720,67,0.649947834,0.142569608,0.101626247,0.807734505
18,33,211318720,67,0.686343296,0.142569608,0.101626247,0.869489244
19,33,211318720,67,0.696676328,0.142569608,0.101626247,0.885801637
16,33,211318720,67,0.733452279,0.142569608,0.101626247,0.922525852
6,33,211318720,67,0.826452221,0.142569608,0.101626247,0.954704789
1,33,211318720,67,1.286328894,0.142569608,0.101626247,0.963583795
24,33,211318720,67,1.327574613,0.142569608,0.101626247,0.977466194
13,33,211318720,67,1.583081761,0.142569608,0.101626247,0.992707956
4,33,211318720,67,1.722804560,0.142569608,0.101626247,1.137649615
26,33,211318720,67,1.770823247,0.142569608,0.101626247,1.185836980
7,33,211318720,67,1.815156366,0.142569608,0.101626247,1.201114945
30,33,211318720,67,2.047451433,0.142569608,0.101626247,1.221935892
9,33,211318720,67,2.513971340,0.142569608,0.101626247,1.165353068
27,33,211318720,67,2.769587633,0.142569608,0.101626247,1.312458252
3,33,211318720,67,2.797841978,0.142569608,0.101626247,1.341093823
12,33,211318720,67,2.825386488,0.142569608,0.101626247,1.350310190
22,33,211318720,67,3.010401443,0.142569608,0.101626247,1.407980724
25,33,211318720,67,3.114909230,0.142569608,0.101626247,1.442479659
21,33,211318720,67,4.934609102,0.142569608,0.101626247,0.934165007
15,33,211318720,67,5.950649250,0.142569608,0.101626247,0.758884425
20,33,211318720,67,5.993841997,0.142569608,0.101626247,0.772654377
2,33,211318720,67,6.271244691,0.142569608,0.101626247,0.773577374
11,33,211318720,67,6.940859573,0.142569608,0.101626247,0.549730228
14,34,211318720,67,0.480929499,0.142569608,0.033111639,0.184638627
24,34,211318720,67,0.513899850,0.142569608,0.033111639,0.260930616
7,34,211318720,67,0.554631112,0.142569608,0.033111639,0.384340889
18,34,211318720,67,0.594830857,0.142569608,0.033111639,0.504892402
8,34,211318720,67,0.643089109,0.142569608,0.033111639,0.675009604
1,34,211318720,67,0.643164447,0.142569608,0.033111639,0.675254857
13,34,211318720,67,0.651857196,0.142569608,0.033111639,0.695637275
19,34,211318720,67,0.696676328,0.142569608,0.033111639,0.770952421
28,34,211318720,67,0.742791378,0.142569608,0.033111639,0.816396899
17,34,211318720,67,0.742797525,0.142569608,0.033111639,0.816396762
23,34,211318720,67,0.939276679,0.142569608,0.033111639,0.945582713
29,34,211318720,67,0.979590978,0.142569608,0.033111639,0.986701397
10,34,211318720,67,1.034203016,0.142569608,0.033111639,1.004897642
5,34,211318720,67,1.302065187,0.142569608,0.033111639,1.010756410
3,34,211318720,67,1.573786113,0.142569608,0.033111639,1.052673473
16,34,211318720,67,1.662491831,0.142569608,0.033111639,1.082160032
25,34,211318720,67,1.868945538,0.142569608,0.033111639,1.277546500
6,34,211318720,67,1.873291701,0.142569608,0.033111639,1.282103686
30,34,211318720,67,1.901204902,0.142569608,0.033111639,1.291508412
26,34,211318720,67,2.043257593,0.142569608,0.033111639,1.380617712
4,34,211318720,67,2.120374844,0.142569608,0.033111639,1.406935372
20,34,211318720,67,2.809613436,0.142569608,0.033111639,1.381922758
21,34,211318720,67,2.846889867,0.142569608,0.033111639,1.419831691
11,34,211318720,67,2.892024822,0.142569608,0.033111639,1.435708270
9,34,211318720,67,3.142464176,0.142569608,0.033111639,1.448248213
15,34,211318720,67,3.305916250,0.142569608,0.033111639,1.489923763
22,34,211318720,67,3.473540127,0.142569608,0.033111639,1.530052681
27,34,211318720,67,4.154381450,0.142569608,0.033111639,1.403976683
12,34,211318720,67,5.045333015,0.142569608,0.033111639,1.206833518
2,34,211318720,67,6.271244691,0.142569608,0.033111639,0.803676923
18,35,211318720,67,0.411805978,0.142569608,0.002253271,0.072727881
14,35,211318720,67,0.521006957,0.142569608,0.002253271,0.284885277
1,35,211318720,67,0.551283812,0.142569608,0.002253271,0.349088257
29,35,211318720,67,0.571428070,0.142569608,0.002253271,0.400786262
24,35,211318720,67,0.599549825,0.142569608,0.002253271,0.487000676
5,35,211318720,67,0.673481993,0.142569608,0.002253271,0.792647669
28,35,211318720,67,0.693271953,0.142569608,0.002253271,0.878513823
7,35,211318720,67,0.705894142,0.142569608,0.002253271,0.924618691
6,35,211318720,67,0.716258591,0.142569608,0.002253271,0.955765868
10,35,211318720,67,0.738716440,0.142569608,0.002253271,1.008959975
17,35,211318720,67,0.742797525,0.142569608,0.002253271,1.018754108
16,35,211318720,67,0.782349097,0.142569608,0.002253271,1.085076039
19,35,211318720,67,0.796201518,0.142569608,0.002253271,1.099123524
23,35,211318720,67,0.880571887,0.142569608,0.002253271,1.165738149
8,35,211318720,67,0.964633664,0.142569608,0.002253271,1.194105660
13,35,211318720,67,1.536520533,0.142569608,0.002253271,1.148300629
30,35,211318720,67,1.608711840,0.142569608,0.002253271,1.173777019
26,35,211318720,67,2.043257593,0.142569608,0.002253271,1.193737609
22,35,211318720,67,2.084124076,0.142569608,0.002253271,1.206312688
20,35,211318720,67,2.809613436,0.142569608,0.002253271,1.060737153
9,35,211318720,67,3.142464176,0.142569608,0.002253271,1.044426150
2,35,211318720,67,3.344663835,0.142569608,0.002253271,1.074866830
27,35,211318720,67,3.635083768,0.142569608,0.002253271,1.075770452
25,35,211318720,67,3.862487445,0.142569608,0.002253271,1.097388795
4,35,211318720,67,4.903366826,0.142569608,0.002253271,0.851246338
3,35,211318720,67,5.071088586,0.142569608,0.002253271,0.892582614
15,35,211318720,67,5.730254834,0.142569608,0.002253271,0.768942829
21,35,211318720,67,6.642743022,0.142569608,0.002253271,0.646335844
12,35,211318720,67,6.659839580,0.142569608,0.002253271,0.652307863
11,35,211318720,67,9.543681913,0.142569608,0.002253271,0.000004764
17,36,211318720,67,0.557098143,0.142569608,0.005436398,0.357302531
29,36,211318720,67,0.571428070,0.142569608,0.005436398,0.409835270
8,36,211318720,67,0.597154173,0.142569608,0.005436398,0.504896801
24,36,211318720,67,0.599549825,0.142569608,0.005436398,0.513765390
16,36,211318720,67,0.635658641,0.142569608,0.005436398,0.666634850
18,36,211318720,67,0.640587077,0.142569608,0.005436398,0.684589796
10,36,211318720,67,0.689468677,0.142569608,0.005436398,0.835781494
5,36,211318720,67,0.718380793,0.142569608,0.005436398,0.922140353
1,36,211318720,67,0.735045083,0.142569608,0.005436398,0.961152108
28,36,211318720,67,0.742791378,0.142569608,0.005436398,0.977556614
19,36,211318720,67,0.746438923,0.142569608,0.005436398,0.983802466
6,36,211318720,67,0.826452221,0.142569608,0.005436398,1.064507547
23,36,211318720,67,0.880571887,0.142569608,0.005436398,1.081358742
7,36,211318720,67,1.058841213,0.142569608,0.005436398,1.116833166
14,36,211318720,67,1.322556122,0.142569608,0.005436398,1.123819506
13,36,211318720,67,1.583081761,0.142569608,0.005436398,1.132821805
26,36,211318720,67,1.770823247,0.142569608,0.005436398,1.194012865
20,36,211318720,67,1.873075624,0.142569608,0.005436398,1.226700102
4,36,211318720,67,2.120374844,0.142569608,0.005436398,1.286837891
30,36,211318720,67,2.193697963,0.142569608,0.005436398,1.312061953
3,36,211318720,67,2.448111731,0.142569608,0.005436398,1.323922684
21,36,211318720,67,2.657097209,0.142569608,0.005436398,1.352249865
12,36,211318720,67,2.825386488,0.142569608,0.005436398,1.392440088
25,36,211318720,67,2.990312861,0.142569608,0.005436398,1.465368418
15,36,211318720,67,3.085521834,0.142569608,0.005436398,1.559686405
2,36,211318720,67,3.135622345,0.142569608,0.005436398,1.578137661
22,36,211318720,67,4.862956178,0.142569608,0.005436398,1.103546229
27,36,211318720,67,5.885373720,0.142569608,0.005436398,0.864723609
9,36,211318720,67,7.332416410,0.142569608,0.005436398,0.482325131
11,36,211318720,67,8.386871984,0.142569608,0.005436398,0.131356581
29,37,211318720,67,0.489795489,0.142569608,0.046882730,0.155818352
18,37,211318720,67,0.549074637,0.142569608,0.046882730,0.274183138
7,37,211318720,67,0.554631112,0.142569608,0.046882730,0.286037863
8,37,211318720,67,0.643089109,0.142569608,0.046882730,0.466120703
13,37,211318720,67,0.651857196,0.142569608,0.046882730,0.480197601
28,37,211318720,67,0.693271953,0.142569608,0.046882730,0.528302466
10,37,211318720,67,0.738716440,0.142569608,0.046882730,0.575086168
6,37,211318720,67,0.826452221,0.142569608,0.046882730,0.624066520
5,37,211318720,67,0.942874791,0.142569608,0.046882730,0.741061385
1,37,211318720,67,0.964746671,0.142569608,0.046882730,0.748348851
24,37,211318720,67,1.241924638,0.142569608,0.046882730,0.845333016
14,37,211318720,67,1.282478664,0.142569608,0.046882730,0.886658690
17,37,211318720,67,1.346320513,0.142569608,0.046882730,0.908147984
23,37,211318720,67,1.526324604,0.142569608,0.046882730,1.031264807
16,37,211318720,67,1.613595013,0.142569608,0.046882730,1.176577478
25,37,211318720,67,1.619752800,0.142569608,0.046882730,1.182040931
19,37,211318720,67,1.642165630,0.142569608,0.046882730,1.190327294
30,37,211318720,67,2.047451433,0.142569608,0.046882730,1.233752986
27,37,211318720,67,2.077190725,0.142569608,0.046882730,1.263411013
26,37,211318720,67,2.179474766,0.142569608,0.046882730,1.298051535
21,37,211318720,67,2.467304551,0.142569608,0.046882730,1.366620907
2,37,211318720,67,2.508497876,0.142569608,0.046882730,1.380332339
12,37,211318720,67,2.825386488,0.142569608,0.046882730,1.370088117
20,37,211318720,67,2.996920999,0.142569608,0.046882730,1.495414556
22,37,211318720,67,3.010401443,0.142569608,0.046882730,1.506784581
9,37,211318720,67,3.142464176,0.142569608,0.046882730,1.551422201
4,37,211318720,67,3.445609121,0.142569608,0.046882730,1.545477961
3,37,211318720,67,3.672167597,0.142569608,0.046882730,1.602597482
11,37,211318720,67,3.759632269,0.142569608,0.046882730,1.632261906
15,37,211318720,67,7.934199001,0.142569608,0.046882730,0.244840528
28,38,211318720,67,0.495194252,0.142569608,0.004729049,0.086864793
17,38,211318720,67,0.603522989,0.142569608,0.004729049,0.326328755
29,38,211318720,67,0.612244361,0.142569608,0.004729049,0.352555275
1,38,211318720,67,0.643164447,0.142569608,0.004729049,0.424991766
5,38,211318720,67,0.673481993,0.142569608,0.004729049,0.482022978
16,38,211318720,67,0.733452279,0.142569608,0.004729049,0.618626491
10,38,211318720,67,0.738716440,0.142569608,0.004729049,0.627172270
7,38,211318720,67,0.806736162,0.142569608,0.004729049,0.696101719
23,38,211318720,67,0.821867094,0.142569608,0.004729049,0.703109953
14,38,211318720,67,0.961858998,0.142569608,0.004729049,0.790385190
19,38,211318720,67,1.045014492,0.142569608,0.004729049,0.839081911
24,38,211318720,67,1.156274663,0.142569608,0.004729049,0.876939098
18,38,211318720,67,1.418442813,0.142569608,0.004729049,0.885665077
8,38,211318720,67,1.607722774,0.142569608,0.004729049,0.966218117
13,38,211318720,67,1.676204218,0.142569608,0.004729049,0.990986554
25,38,211318720,67,1.868945538,0.142569608,0.004729049,1.023524423
26,38,211318720,67,2.043257593,0.142569608,0.004729049,1.123485313
6,38,211318720,67,2.093678960,0.142569608,0.004729049,1.140740731
30,38,211318720,67,2.339944494,0.142569608,0.004729049,1.154416556
2,38,211318720,67,2.717539366,0.142569608,0.004729049,1.184986399
27,38,211318720,67,2.769587633,0.142569608,0.004729049,1.202543397
20,38,211318720,67,2.996920999,0.142569608,0.004729049,1.222149708
12,38,211318720,67,3.229013130,0.142569608,0.004729049,1.237332408
11,38,211318720,67,3.470429786,0.142569608,0.004729049,1.251069409
22,38,211318720,67,3.705109469,0.142569608,0.004729049,1.267154473
4,38,211318720,67,4.373273115,0.142569608,0.004729049,1.140577068
3,38,211318720,67,5.420818833,0.142569608,0.004729049,0.886914303
9,38,211318720,67,5.656435516,0.142569608,0.004729049,0.904411390
21,38,211318720,67,5.883572391,0.142569608,0.004729049,0.923961943
15,38,211318720,67,7.052621334,0.142569608,0.004729049,0.541962101
13,39,211318720,67,0.512173511,0.142569608,0.037293248,0.137488707
8,39,211318720,67,0.551219237,0.142569608,0.037293248,0.229759871
24,39,211318720,67,0.642374813,0.142569608,0.037293248,0.469473188
28,39,211318720,67,0.643752528,0.142569608,0.037293248,0.472527249
19,39,211318720,67,0.646913733,0.142569608,0.037293248,0.478995622
7,39,211318720,67,0.705894142,0.142569608,0.037293248,0.578564515
16,39,211318720,67,0.733452279,0.142569608,0.037293248,0.605556808
10,39,211318720,67,0.787964203,0.142569608,0.037293248,0.690134581
23,39,211318720,67,0.880571887,0.142569608,0.037293248,0.783985999
6,39,211318720,67,0.881549036,0.142569608,0.037293248,0.785019257
29,39,211318720,67,1.020407269,0.142569608,0.037293248,0.888140144
5,39,211318720,67,1.077571189,0.142569608,0.037293248,0.907901281
14,39,211318720,67,1.362633581,0.142569608,0.037293248,0.953351038
17,39,211318720,67,1.439170204,0.142569608,0.037293248,0.993378243
1,39,211318720,67,1.561970800,0.142569608,0.037293248,1.103708983
18,39,211318720,67,1.601467692,0.142569608,0.037293248,1.116535965
26,39,211318720,67,1.770823247,0.142569608,0.037293248,1.156364954
4,39,211318720,67,1.987851416,0.142569608,0.037293248,1.177204294
20,39,211318720,67,2.247690749,0.142569608,0.037293248,1.218443634
30,39,211318720,67,2.339944494,0.142569608,0.037293248,1.248938027
2,39,211318720,67,2.717539366,0.142569608,0.037293248,1.218632312
25,39,211318720,67,2.990312861,0.142569608,0.037293248,1.373178165
22,39,211318720,67,3.010401443,0.142569608,0.037293248,1.393865502
12,39,211318720,67,3.027199809,0.142569608,0.037293248,1.399939041
11,39,211318720,67,3.470429786,0.142569608,0.037293248,1.408372185
15,39,211318720,67,3.526310667,0.142569608,0.037293248,1.426441610
27,39,211318720,67,5.712274493,0.142569608,0.037293248,0.845552898
3,39,211318720,67,5.770549081,0.142569608,0.037293248,0.864572370
21,39,211318720,67,6.263157706,0.142569608,0.037293248,0.795409574
9,39,211318720,67,7.541914021,0.142569608,0.037293248,0.373035676
23,40,211318720,67,0.587047924,0.142569608,0.027774479,0.416522990
18,40,211318720,67,0.594830857,0.142569608,0.027774479,0.450520711
1,40,211318720,67,0.597224130,0.142569608,0.027774479,0.459406351
14,40,211318720,67,0.641239332,0.142569608,0.027774479,0.592199295
13,40,211318720,67,0.651857196,0.142569608,0.027774479,0.616327056
16,40,211318720,67,0.684555460,0.142569608,0.027774479,0.691176615
8,40,211318720,67,0.689024046,0.142569608,0.027774479,0.698913532
17,40,211318720,67,0.696372679,0.142569608,0.027774479,0.706340301
19,40,211318720,67,0.796201518,0.142569608,0.027774479,0.739146440
7,40,211318720,67,1.008420203,0.142569608,0.027774479,0.784525078
5,40,211318720,67,1.122469989,0.142569608,0.027774479,0.941379603
10,40,211318720,67,1.181946304,0.142569608,0.027774479,1.054006222
4,40,211318720,67,1.192710850,0.142569608,0.027774479,1.072082060
24,40,211318720,67,1.241924638,0.142569608,0.027774479,1.120175422
29,40,211318720,67,1.306121304,0.142569608,0.027774479,1.150056048
28,40,211318720,67,1.436063331,0.142569608,0.027774479,1.219093259
6,40,211318720,67,1.542710812,0.142569608,0.027774479,1.326514389
3,40,211318720,67,1.573786113,0.142569608,0.027774479,1.337980577
30,40,211318720,67,2.339944494,0.142569608,0.027774479,1.221263612
27,40,211318720,67,2.423389179,0.142569608,0.027774479,1.322021854
2,40,211318720,67,2.508497876,0.142569608,0.027774479,1.407132193
9,40,211318720,67,2.513971340,0.142569608,0.027774479,1.408967702
20,40,211318720,67,2.809613436,0.142569608,0.027774479,1.406704940
12,40,211318720,67,3.027199809,0.142569608,0.027774479,1.431075502
22,40,211318720,67,3.473540127,0.142569608,0.027774479,1.435820295
15,40,211318720,67,3.526310667,0.142569608,0.027774479,1.453109494
25,40,211318720,67,3.862487445,0.142569608,0.027774479,1.436077184
11,40,211318720,67,4.338037233,0.142569608,0.027774479,1.374220279
26,40,211318720,67,4.631383878,0.142569608,0.027774479,1.372675955
21,40,211318720,67,5.883572391,0.142569608,0.027774479,0.956788463
28,41,211318720,67,0.495194252,0.142569608,0.051548172,0.093391518
17,41,211318720,67,0.603522989,0.142569608,0.051548172,0.466713938
29,41,211318720,67,0.612244361,0.142569608,0.051548172,0.510306241
5,41,211318720,67,0.628583194,0.142569608,0.051548172,0.581169008
24,41,211318720,67,0.642374813,0.142569608,0.051548172,0.640989880
8,41,211318720,67,0.689024046,0.142569608,0.051548172,0.829193091
1,41,211318720,67,0.689104765,0.142569608,0.051548172,0.829506758
10,41,211318720,67,0.689468677,0.142569608,0.051548172,0.830653231
16,41,211318720,67,0.733452279,0.142569608,0.051548172,0.934230686
13,41,211318720,67,0.744979652,0.142569608,0.051548172,0.954067798
6,41,211318720,67,0.771355406,0.142569608,0.051548172,0.981136517
7,41,211318720,67,0.806736162,0.142569608,0.051548172,1.017740834
14,41,211318720,67,0.921781540,0.142569608,0.051548172,1.132056390
23,41,211318720,67,0.939276679,0.142569608,0.051548172,1.138142767
18,41,211318720,67,1.235417934,0.142569608,0.051548172,1.137009774
19,41,211318720,67,1.592403035,0.142569608,0.051548172,1.114061542
26,41,211318720,67,1.770823247,0.142569608,0.051548172,1.150590637
15,41,211318720,67,1.983549750,0.142569608,0.051548172,1.268485365
4,41,211318720,67,1.987851416,0.142569608,0.051548172,1.270150781
12,41,211318720,67,2.219946527,0.142569608,0.051548172,1.416558349
27,41,211318720,67,2.250289952,0.142569608,0.051548172,1.447815247
21,41,211318720,67,2.277511893,0.142569608,0.051548172,1.456595894
3,41,211318720,67,2.622976855,0.142569608,0.051548172,1.438535089
22,41,211318720,67,3.010401443,0.142569608,0.051548172,1.404445711
11,41,211318720,67,3.470429786,0.142569608,0.051548172,1.351424952
25,41,211318720,67,4.236276553,0.142569608,0.051548172,1.193577972
30,41,211318720,67,4.972382050,0.142569608,0.051548172,1.139856016
9,41,211318720,67,5.027942681,0.142569608,0.051548172,1.194538422
20,41,211318720,67,5.057304185,0.142569608,0.051548172,1.204361350
2,41,211318720,67,6.480286180,0.142569608,0.051548172,0.732270744
5,42,211318720,67,0.404089196,0.142569608,0.065588489,0.100007562
13,42,211318720,67,0.465612283,0.142569608,0.065588489,0.120985042
29,42,211318720,67,0.653060652,0.142569608,0.065588489,0.551722421
24,42,211318720,67,0.685199800,0.142569608,0.065588489,0.726308658
18,42,211318720,67,0.686343296,0.142569608,0.065588489,0.732215096
8,42,211318720,67,0.689024046,0.142569608,0.065588489,0.743902549
1,42,211318720,67,0.689104765,0.142569608,0.065588489,0.744201859
19,42,211318720,67,0.696676328,0.142569608,0.065588489,0.766839867
17,42,211318720,67,0.742797525,0.142569608,0.065588489,0.878381305
10,42,211318720,67,0.787964203,0.142569608,0.065588489,0.983938957
28,42,211318720,67,0.792310803,0.142569608,0.065588489,0.991028453
7,42,211318720,67,0.806736162,0.142569608,0.065588489,1.004871187
23,42,211318720,67,0.880571887,0.142569608,0.065588489,1.027643676
14,42,211318720,67,1.042013915,0.142569608,0.065588489,1.141689614
16,42,211318720,67,1.075730008,0.142569608,0.065588489,1.152958766
6,42,211318720,67,1.652904442,0.142569608,0.065588489,1.058875654
25,42,211318720,67,1.993541907,0.142569608,0.065588489,1.041332348
20,42,211318720,67,2.247690749,0.142569608,0.065588489,1.145124650
27,42,211318720,67,2.250289952,0.142569608,0.065588489,1.145952189
3,42,211318720,67,2.448111731,0.142569608,0.065588489,1.258748584
2,42,211318720,67,2.508497876,0.142569608,0.065588489,1.320263754
22,42,211318720,67,2.547262760,0.142569608,0.065588489,1.333272784
21,42,211318720,67,2.846889867,0.142569608,0.065588489,1.368847473
9,42,211318720,67,2.932966564,0.142569608,0.065588489,1.430474059
12,42,211318720,67,3.027199809,0.142569608,0.065588489,1.460318737
26,42,211318720,67,3.269212149,0.142569608,0.065588489,1.474854775
4,42,211318720,67,3.843179404,0.142569608,0.065588489,1.378936228
30,42,211318720,67,4.826135520,0.142569608,0.065588489,1.154384660
15,42,211318720,67,7.493410167,0.142569608,0.065588489,0.374046130
11,42,211318720,67,9.832884395,0.142569608,0.065588489,0.000004764
14,43,211318720,67,0.521006957,0.142569608,0.016586734,0.080107736
24,43,211318720,67,0.642374813,0.142569608,0.016586734,0.326012402
19,43,211318720,67,0.646913733,0.142569608,0.016586734,0.334790086
29,43,211318720,67,0.653060652,0.142569608,0.016586734,0.345457784
5,43,211318720,67,0.718380793,0.142569608,0.016586734,0.411063878
10,43,211318720,67,0.787964203,0.142569608,0.016586734,0.434132724
23,43,211318720,67,0.939276679,0.142569608,0.016586734,0.628521452
8,43,211318720,67,0.964633664,0.142569608,0.016586734,0.660827593
17,43,211318720,67,0.974921751,0.142569608,0.016586734,0.671386282
18,43,211318720,67,1.098149274,0.142569608,0.016586734,0.712440204
13,43,211318720,67,1.257153163,0.142569608,0.016586734,0.756082390
1,43,211318720,67,1.470090165,0.142569608,0.016586734,0.780881389
16,43,211318720,67,1.613595013,0.142569608,0.016586734,0.962836623
7,43,211318720,67,1.663893335,0.142569608,0.016586734,1.070531928
28,43,211318720,67,1.683660457,0.142569608,0.016586734,1.103191859
4,43,211318720,67,1.722804560,0.142569608,0.016586734,1.142076422
26,43,211318720,67,1.770823247,0.142569608,0.016586734,1.184798223
6,43,211318720,67,1.873291701,0.142569608,0.016586734,1.219004352
30,43,211318720,67,2.193697963,0.142569608,0.016586734,1.250457659
3,43,211318720,67,2.273246608,0.142569608,0.016586734,1.275859982
11,43,211318720,67,2.602822340,0.142569608,0.016586734,1.261141938
22,43,211318720,67,3.010401443,0.142569608,0.016586734,1.389998571
12,43,211318720,67,3.027199809,0.142569608,0.016586734,1.417818649
21,43,211318720,67,3.036682524,0.142569608,0.016586734,1.427491990
9,43,211318720,67,3.142464176,0.142569608,0.016586734,1.464690493
25,43,211318720,67,4.111680184,0.142569608,0.016586734,1.241020666
20,43,211318720,67,4.869996623,0.142569608,0.016586734,1.085689566
27,43,211318720,67,5.192976812,0.142569608,0.016586734,1.075234291
2,43,211318720,67,7.107410650,0.142569608,0.016586734,0.539500419
15,43,211318720,67,7.273015750,0.142569608,0.016586734,0.484270884
19,44,211318720,67,0.497625948,0.142569608,0.002569465,0.197278276
17,44,211318720,67,0.510673298,0.142569608,0.002569465,0.228028593
1,44,211318720,67,0.597224130,0.142569608,0.002569465,0.555229742
14,44,211318720,67,0.601161874,0.142569608,0.002569465,0.572357986
5,44,211318720,67,0.628583194,0.142569608,0.002569465,0.672198528
6,44,211318720,67,0.661161777,0.142569608,0.002569465,0.780576332
16,44,211318720,67,0.684555460,0.142569608,0.002569465,0.865120717
18,44,211318720,67,0.686343296,0.142569608,0.002569465,0.870574616
28,44,211318720,67,0.693271953,0.142569608,0.002569465,0.886988554
13,44,211318720,67,0.698418424,0.142569608,0.002569465,0.895661844
10,44,211318720,67,0.787964203,0.142569608,0.002569465,0.985560122
7,44,211318720,67,0.806736162,0.142569608,0.002569465,0.991770473
24,44,211318720,67,1.413224588,0.142569608,0.002569465,1.031056050
8,44,211318720,67,1.423983028,0.142569608,0.002569465,1.041178160
29,44,211318720,67,1.469386467,0.142569608,0.002569465,1.056463482
4,44,211318720,67,1.722804560,0.142569608,0.002569465,1.068300367
25,44,211318720,67,1.993541907,0.142569608,0.002569465,1.118638044
2,44,211318720,67,2.090414897,0.142569608,0.002569465,1.214822642
23,44,211318720,67,2.113372528,0.142569608,0.002569465,1.226717665
27,44,211318720,67,2.250289952,0.142569608,0.002569465,1.308579784
30,44,211318720,67,2.339944494,0.142569608,0.002569465,1.339595154
9,44,211318720,67,2.513971340,0.142569608,0.002569465,1.376854993
20,44,211318720,67,2.809613436,0.142569608,0.002569465,1.375963719
26,44,211318720,67,4.086515186,0.142569608,0.002569465,1.049757441
11,44,211318720,67,5.494847162,0.142569608,0.002569465,0.680133244
3,44,211318720,67,5.945414204,0.142569608,0.002569465,0.626532927
22,44,211318720,67,6.252372228,0.142569608,0.002569465,0.620257844
21,44,211318720,67,6.452950364,0.142569608,0.002569465,0.739675319
12,44,211318720,67,6.458026259,0.142569608,0.002569465,0.741532291
15,44,211318720,67,7.493410167,0.142569608,0.002569465,0.404049107
18,45,211318720,67,0.549074637,0.142569608,0.007818125,0.201295411
29,45,211318720,67,0.612244361,0.142569608,0.007818125,0.439777921
8,45,211318720,67,0.643089109,0.142569608,0.007818125,0.573453091
1,45,211318720,67,0.643164447,0.142569608,0.007818125,0.573719527
23,45,211318720,67,0.645752717,0.142569608,0.007818125,0.581559318
24,45,211318720,67,0.685199800,0.142569608,0.007818125,0.672923004
5,45,211318720,67,0.718380793,0.142569608,0.007818125,0.728627061
16,45,211318720,67,0.733452279,0.142569608,0.007818125,0.744196956
10,45,211318720,67,0.738716440,0.142569608,0.007818125,0.746022753
17,45,211318720,67,0.974921751,0.142569608,0.007818125,0.763025921
19,45,211318720,67,1.293827466,0.142569608,0.007818125,0.829543674
14,45,211318720,67,1.322556122,0.142569608,0.007818125,0.839883170
13,45,211318720,67,1.489959305,0.142569608,0.007818125,0.972339726
25,45,211318720,67,1.495156430,0.142569608,0.007818125,0.974212807
7,45,211318720,67,1.663893335,0.142569608,0.007818125,1.093267573
28,45,211318720,67,1.683660457,0.142569608,0.007818125,1.099815122
6,45,211318720,67,1.873291701,0.142569608,0.007818125,1.132711747
30,45,211318720,67,2.193697963,0.142569608,0.007818125,1.122608967
12,45,211318720,67,2.623573168,0.142569608,0.007818125,1.077363997
9,45,211318720,67,3.142464176,0.142569608,0.007818125,1.073155983
4,45,211318720,67,3.180562266,0.142569608,0.007818125,1.097367462
15,45,211318720,67,3.305916250,0.142569608,0.007818125,1.138855193
22,45,211318720,67,3.473540127,0.142569608,0.007818125,1.177806308
26,45,211318720,67,4.222732359,0.142569608,0.007818125,1.041957443
11,45,211318720,67,4.338037233,0.142569608,0.007818125,1.081477504
2,45,211318720,67,5.644120222,0.142569608,0.007818125,0.746038348
21,45,211318720,67,6.073365049,0.142569608,0.007818125,0.763388016
3,45,211318720,67,6.120279328,0.142569608,0.007818125,0.780017846
27,45,211318720,67,6.577770628,0.142569608,0.007818125,0.725378675
20,45,211318720,67,6.930379810,0.142569608,0.007818125,0.608253327
8,46,211318720,67,0.597154173,0.142569608,0.046356134,0.266870427
1,46,211318720,67,0.597224130,0.142569608,0.046356134,0.267047798
24,46,211318720,67,0.642374813,0.142569608,0.046356134,0.363678775
29,46,211318720,67,0.653060652,0.142569608,0.046356134,0.390998717
10,46,211318720,67,0.738716440,0.142569608,0.046356134,0.591813681
7,46,211318720,67,0.756315152,0.142569608,0.046356134,0.632504130
16,46,211318720,67,0.782349097,0.142569608,0.046356134,0.676949571
28,46,211318720,67,0.792310803,0.142569608,0.046356134,0.687327046
6,46,211318720,67,0.881549036,0.142569608,0.046356134,0.774067056
23,46,211318720,67,0.939276679,0.142569608,0.046356134,0.793844381
18,46,211318720,67,1.098149274,0.142569608,0.046356134,0.970483364
17,46,211318720,67,1.114196287,0.142569608,0.046356134,0.986205765
5,46,211318720,67,1.167368788,0.142569608,0.046356134,1.003767263
14,46,211318720,67,1.322556122,0.142569608,0.046356134,1.048305647
13,46,211318720,67,1.583081761,0.142569608,0.046356134,1.054576472
19,46,211318720,67,1.741690820,0.142569608,0.046356134,1.098288810
15,46,211318720,67,1.983549750,0.142569608,0.046356134,1.165107611
30,46,211318720,67,2.047451433,0.142569608,0.046356134,1.186891654
27,46,211318720,67,2.423389179,0.142569608,0.046356134,1.192246896
9,46,211318720,67,2.513971340,0.142569608,0.046356134,1.266695072
3,46,211318720,67,2.622976855,0.142569608,0.046356134,1.375762208
12,46,211318720,67,2.623573168,0.142569608,0.046356134,1.375930016
21,46,211318720,67,2.846889867,0.142569608,0.046356134,1.439831340
2,46,211318720,67,2.926580856,0.142569608,0.046356134,1.466787009
22,46,211318720,67,3.241970785,0.142569608,0.046356134,1.459958585
11,46,211318720,67,3.759632269,0.142569608,0.046356134,1.412682867
25,46,211318720,67,3.862487445,0.142569608,0.046356134,1.446648979
4,46,211318720,67,4.240749687,0.142569608,0.046356134,1.416694941
26,46,211318720,67,4.495166705,0.142569608,0.046356134,1.428998865
20,46,211318720,67,5.806534435,0.142569608,0.046356134,0.992179942
14,47,211318720,67,0.521006957,0.142569608,0.007529349,0.132786751
19,47,211318720,67,0.597151138,0.142569608,0.007529349,0.346850847
17,47,211318720,67,0.603522989,0.142569608,0.007529349,0.370115828
16,47,211318720,67,0.684555460,0.142569608,0.007529349,0.637196125
18,47,211318720,67,0.686343296,0.142569608,0.007529349,0.642673028
13,47,211318720,67,0.698418424,0.142569608,0.007529349,0.670438579
7,47,211318720,67,0.705894142,0.142569608,0.007529349,0.683331557
6,47,211318720,67,0.716258591,0.142569608,0.007529349,0.692548802
28,47,211318720,67,0.792310803,0.142569608,0.007529349,0.797116720
8,47,211318720,67,0.872763791,0.142569608,0.007529349,0.901106005
23,47,211318720,67,0.880571887,0.142569608,0.007529349,0.909165834
29,47,211318720,67,0.979590978,0.142569608,0.007529349,0.941957767
24,47,211318720,67,1.541699551,0.142569608,0.007529349,0.941231184
1,47,211318720,67,1.561970800,0.142569608,0.007529349,0.962072295
10,47,211318720,67,1.674423931,0.142569608,0.007529349,1.074302936
5,47,211318720,67,1.706154383,0.142569608,0.007529349,1.085026552
30,47,211318720,67,1.901204902,0.142569608,0.007529349,1.148041183
25,47,211318720,67,1.993541907,0.142569608,0.007529349,1.228525551
20,47,211318720,67,2.060383187,0.142569608,0.007529349,1.251576610
21,47,211318720,67,2.277511893,0.142569608,0.007529349,1.275516848
2,47,211318720,67,2.508497876,0.142569608,0.007529349,1.383542769
22,47,211318720,67,2.547262760,0.142569608,0.007529349,1.422105863
3,47,211318720,67,2.622976855,0.142569608,0.007529349,1.446305157
26,47,211318720,67,2.860560630,0.142569608,0.007529349,1.465430898
15,47,211318720,67,3.526310667,0.142569608,0.007529349,1.342183146
4,47,211318720,67,3.843179404,0.142569608,0.007529349,1.332304622
27,47,211318720,67,4.154381450,0.142569608,0.007529349,1.324827426
12,47,211318720,67,6.861652901,0.142569608,0.007529349,0.589861613
9,47,211318720,67,6.913421186,0.142569608,0.007529349,0.606879719
11,47,211318720,67,10.989694324,0.142569608,0.007529349,0.000004764
18,48,211318720,67,0.411805978,0.142569608,0.027700851,0.046861779
24,48,211318720,67,0.642374813,0.142569608,0.027700851,0.319092602
5,48,211318720,67,0.673481993,0.142569608,0.027700851,0.432921026
10,48,211318720,67,0.689468677,0.142569608,0.027700851,0.480873702
19,48,211318720,67,0.696676328,0.142569608,0.027700851,0.497874602
1,48,211318720,67,0.735045083,0.142569608,0.027700851,0.561321800
23,48,211318720,67,0.763162302,0.142569608,0.027700851,0.589961178
6,48,211318720,67,0.771355406,0.142569608,0.027700851,0.592852350
7,48,211318720,67,1.210104244,0.142569608,0.027700851,0.561541875
14,48,211318720,67,1.322556122,0.142569608,0.027700851,0.623233940
29,48,211318720,67,1.428570176,0.142569608,0.027700851,0.775390082
17,48,211318720,67,1.485595049,0.142569608,0.027700851,0.876907664
8,48,211318720,67,1.515852901,0.142569608,0.027700851,0.927298488
13,48,211318720,67,1.536520533,0.142569608,0.027700851,0.948916670
25,48,211318720,67,1.619752800,0.142569608,0.027700851,1.030027319
28,48,211318720,67,1.683660457,0.142569608,0.027700851,1.069437882
16,48,211318720,67,1.809182287,0.142569608,0.027700851,1.225916186
12,48,211318720,67,1.816319885,0.142569608,0.027700851,1.233100346
26,48,211318720,67,1.907040420,0.142569608,0.027700851,1.262335939
4,48,211318720,67,2.120374844,0.142569608,0.027700851,1.287122440
20,48,211318720,67,2.434998311,0.142569608,0.027700851,1.280451917
11,48,211318720,67,2.602822340,0.142569608,0.027700851,1.400372554
3,48,211318720,67,2.622976855,0.142569608,0.027700851,1.407624568
21,48,211318720,67,2.846889867,0.142569608,0.027700851,1.429491700
22,48,211318720,67,3.241970785,0.142569608,0.027700851,1.447985910
15,48,211318720,67,3.305916250,0.142569608,0.027700851,1.470161477
30,48,211318720,67,4.533642458,0.142569608,0.027700851,1.166029037
27,48,211318720,67,6.231572174,0.142569608,0.027700851,0.702393939
9,48,211318720,67,6.913421186,0.142569608,0.027700851,0.570837456
2,48,211318720,67,7.107410650,0.142569608,0.027700851,0.505162959
14,49,211318720,67,0.440852041,0.142569608,0.024561673,0.047920550
8,49,211318720,67,0.597154173,0.142569608,0.024561673,0.426650549
1,49,211318720,67,0.597224130,0.142569608,0.024561673,0.426902078
16,49,211318720,67,0.635658641,0.142569608,0.024561673,0.586306763
28,49,211318720,67,0.643752528,0.142569608,0.024561673,0.616093005
13,49,211318720,67,0.651857196,0.142569608,0.024561673,0.640548755
18,49,211318720,67,0.686343296,0.142569608,0.024561673,0.721027786
5,49,211318720,67,0.718380793,0.142569608,0.024561673,0.774752320
17,49,211318720,67,0.742797525,0.142569608,0.024561673,0.802211650
19,49,211318720,67,0.746438923,0.142569608,0.024561673,0.805748509
6,49,211318720,67,0.881549036,0.142569608,0.024561673,0.906727230
23,49,211318720,67,0.939276679,0.142569608,0.024561673,0.963210128
24,49,211318720,67,1.027799701,0.142569608,0.024561673,0.994429066
7,49,211318720,67,1.260525254,0.142569608,0.024561673,1.188730218
29,49,211318720,67,1.265305013,0.142569608,0.024561673,1.193788812
10,49,211318720,67,1.280441829,0.142569608,0.024561673,1.199389782
3,49,211318720,67,1.748651237,0.142569608,0.024561673,1.220166972
26,49,211318720,67,1.770823247,0.142569608,0.024561673,1.227358439
4,49,211318720,67,2.120374844,0.142569608,0.024561673,1.207451902
21,49,211318720,67,2.277511893,0.142569608,0.024561673,1.250824587
12,49,211318720,67,2.623573168,0.142569608,0.024561673,1.256616818
9,49,211318720,67,2.723468952,0.142569608,0.024561673,1.289755233
20,49,211318720,67,2.996920999,0.142569608,0.024561673,1.333807912
15,49,211318720,67,3.085521834,0.142569608,0.024561673,1.423207973
2,49,211318720,67,3.135622345,0.142569608,0.024561673,1.439108185
25,49,211318720,67,3.613294707,0.142569608,0.024561673,1.455273595
27,49,211318720,67,3.635083768,0.142569608,0.024561673,1.462351563
11,49,211318720,67,4.338037233,0.142569608,0.024561673,1.329404528
30,49,211318720,67,4.533642458,0.142569608,0.024561673,1.359536441
22,49,211318720,67,7.641788279,0.142569608,0.024561673,0.337586664
14,50,211318720,67,0.400774583,0.142569608,0.124077886,0.136466861
8,50,211318720,67,0.413414428,0.142569608,0.124077886,0.140748120
29,50,211318720,67,0.571428070,0.142569608,0.124077886,0.400947289
17,50,211318720,67,0.603522989,0.142569608,0.124077886,0.501095611
16,50,211318720,67,0.635658641,0.142569608,0.124077886,0.623805871
18,50,211318720,67,0.640587077,0.142569608,0.124077886,0.641926261
19,50,211318720,67,0.646913733,0.142569608,0.124077886,0.660710335
5,50,211318720,67,0.718380793,0.142569608,0.124077886,0.828160308
10,50,211318720,67,0.738716440,0.142569608,0.124077886,0.862766226
28,50,211318720,67,0.742791378,0.142569608,0.124077886,0.866937595
6,50,211318720,67,0.771355406,0.142569608,0.124077886,0.877209019
1,50,211318720,67,0.964746671,0.142569608,0.124077886,0.907545569
13,50,211318720,67,1.117469479,0.142569608,0.124077886,0.951774886
24,50,211318720,67,1.327574613,0.142569608,0.124077886,1.047978733
7,50,211318720,67,1.361367274,0.142569608,0.124077886,1.059500594
26,50,211318720,67,1.634606075,0.142569608,0.124077886,1.066564652
23,50,211318720,67,1.937258151,0.142569608,0.124077886,1.063024246
30,50,211318720,67,2.193697963,0.142569608,0.124077886,1.075015622
27,50,211318720,67,2.596488406,0.142569608,0.124077886,1.089962910
21,50,211318720,67,2.657097209,0.142569608,0.124077886,1.109797059
15,50,211318720,67,2.865127417,0.142569608,0.124077886,1.186450250
9,50,211318720,67,2.932966564,0.142569608,0.124077886,1.209212212
2,50,211318720,67,3.344663835,0.142569608,0.124077886,1.169395387
4,50,211318720,67,3.710655976,0.142569608,0.124077886,1.216880124
25,50,211318720,67,3.737891076,0.142569608,0.124077886,1.226530325
12,50,211318720,67,5.448959656,0.142569608,0.124077886,0.750655838
11,50,211318720,67,6.073252126,0.142569608,0.124077886,0.700760877
3,50,211318720,67,6.120279328,0.142569608,0.124077886,0.716183723
20,50,211318720,67,6.743072247,0.142569608,0.124077886,0.603209416
22,50,211318720,67,7.178649595,0.142569608,0.124077886,0.458685372
5,51,211318720,67,0.404089196,0.142569608,0.117165111,0.047120908
16,51,211318720,67,0.635658641,0.142569608,0.117165111,0.397206960
1,51,211318720,67,0.643164447,0.142569608,0.117165111,0.430026879
8,51,211318720,67,0.689024046,0.142569608,0.117165111,0.605362387
10,51,211318720,67,0.689468677,0.142569608,0.117165111,0.606995939
7,51,211318720,67,0.705894142,0.142569608,0.117165111,0.656510036
18,51,211318720,67,0.732099516,0.142569608,0.117165111,0.718165719
28,51,211318720,67,0.742791378,0.142569608,0.117165111,0.736248288
19,51,211318720,67,0.746438923,0.142569608,0.117165111,0.739918187
23,51,211318720,67,0.821867094,0.142569608,0.117165111,0.763295322
29,51,211318720,67,1.102039850,0.142569608,0.117165111,0.782656865
26,51,211318720,67,1.225954556,0.142569608,0.117165111,0.919830144
24,51,211318720,67,1.241924638,0.142569608,0.117165111,0.935657169
13,51,211318720,67,1.350275620,0.142569608,0.117165111,0.970834721
25,51,211318720,67,1.495156430,0.142569608,0.117165111,1.164060379
14,51,211318720,67,1.522943414,0.142569608,0.117165111,1.192430587
17,51,211318720,67,1.532019894,0.142569608,0.117165111,1.195549024
6,51,211318720,67,1.983485330,0.142569608,0.117165111,1.142892500
30,51,211318720,67,2.339944494,0.142569608,0.117165111,1.153153424
20,51,211318720,67,2.434998311,0.142569608,0.117165111,1.185632076
15,51,211318720,67,2.644733000,0.142569608,0.117165111,1.298961206
21,51,211318720,67,2.657097209,0.142569608,0.117165111,1.304672437
3,51,211318720,67,2.797841978,0.142569608,0.117165111,1.352603229
12,51,211318720,67,3.027199809,0.142569608,0.117165111,1.370448542
22,51,211318720,67,3.705109469,0.142569608,0.117165111,1.239529918
11,51,211318720,67,4.048834751,0.142569608,0.117165111,1.223475950
27,51,211318720,67,4.327480677,0.142569608,0.117165111,1.274142519
9,51,211318720,67,4.399449846,0.142569608,0.117165111,1.297905516
4,51,211318720,67,4.770843398,0.142569608,0.117165111,1.271986697
2,51,211318720,67,6.689327670,0.142569608,0.117165111,0.629543985
29,52,211318720,67,0.612244361,0.142569608,0.064689472,0.263425023
23,52,211318720,67,0.645752717,0.142569608,0.064689472,0.364266372
16,52,211318720,67,0.684555460,0.142569608,0.064689472,0.455025066
28,52,211318720,67,0.693271953,0.142569608,0.064689472,0.469272267
19,52,211318720,67,0.696676328,0.142569608,0.064689472,0.472589569
18,52,211318720,67,0.732099516,0.142569608,0.064689472,0.506243208
14,52,211318720,67,0.841626623,0.142569608,0.064689472,0.604510718
24,52,211318720,67,0.899324738,0.142569608,0.064689472,0.662307457
13,52,211318720,67,0.977785794,0.142569608,0.064689472,0.687817436
8,52,211318720,67,1.148373410,0.142569608,0.064689472,0.809331464
7,52,211318720,67,1.210104244,0.142569608,0.064689472,0.911317107
5,52,211318720,67,1.257166388,0.142569608,0.064689472,0.958963355
10,52,211318720,67,1.280441829,0.142569608,0.064689472,0.966837300
17,52,211318720,67,1.578444740,0.142569608,0.064689472,1.128040634
4,52,211318720,67,1.590281133,0.142569608,0.064689472,1.140073097
1,52,211318720,67,1.607911118,0.142569608,0.064689472,1.145506476
6,52,211318720,67,2.038582145,0.142569608,0.064689472,1.097279000
30,52,211318720,67,2.193697963,0.142569608,0.064689472,1.182855979
3,52,211318720,67,2.273246608,0.142569608,0.064689472,1.209482516
21,52,211318720,67,2.657097209,0.142569608,0.064689472,1.196835190
27,52,211318720,67,2.769587633,0.142569608,0.064689472,1.266572380
15,52,211318720,67,2.865127417,0.142569608,0.064689472,1.301168438
12,52,211318720,67,3.229013130,0.142569608,0.064689472,1.276853755
11,52,211318720,67,3.759632269,0.142569608,0.064689472,1.192585171
26,52,211318720,67,3.950298013,0.142569608,0.064689472,1.225333734
25,52,211318720,67,4.111680184,0.142569608,0.064689472,1.267179303
20,52,211318720,67,4.308073936,0.142569608,0.064689472,1.298881071
2,52,211318720,67,5.644120222,0.142569608,0.064689472,0.953811142
22,52,211318720,67,7.178649595,0.142569608,0.064689472,0.543258223
9,52,211318720,67,7.960909245,0.142569608,0.064689472,0.279545058
14,53,211318720,67,0.360697124,0.142569608,0.013662647,0.049262874
24,53,211318720,67,0.556724838,0.142569608,0.013662647,0.151517485
10,53,211318720,67,0.590973152,0.142569608,0.013662647,0.163260298
18,53,211318720,67,0.732099516,0.142569608,0.013662647,0.521071364
8,53,211318720,67,0.734958982,0.142569608,0.013662647,0.527895144
28,53,211318720,67,0.742791378,0.142569608,0.013662647,0.541279512
13,53,211318720,67,0.744979652,0.142569608,0.013662647,0.543590640
7,53,211318720,67,0.806736162,0.142569608,0.013662647,0.569230618
23,53,211318720,67,0.939276679,0.142569608,0.013662647,0.692839428
1,53,211318720,67,0.964746671,0.142569608,0.013662647,0.701427810
5,53,211318720,67,1.167368788,0.142569608,0.013662647,0.759438706
29,53,211318720,67,1.265305013,0.142569608,0.013662647,0.890054932
6,53,211318720,67,1.322323553,0.142569608,0.013662647,0.947785781
17,53,211318720,67,1.346320513,0.142569608,0.013662647,0.955850179
26,53,211318720,67,1.498388902,0.142569608,0.013662647,0.999881198
19,53,211318720,67,1.642165630,0.142569608,0.013662647,1.094458330
16,53,211318720,67,1.711388650,0.142569608,0.013662647,1.117345400
4,53,211318720,67,1.855327988,0.142569608,0.013662647,1.238700730
30,53,211318720,67,1.901204902,0.142569608,0.013662647,1.284434939
15,53,211318720,67,1.983549750,0.142569608,0.013662647,1.331737819
3,53,211318720,67,2.098381484,0.142569608,0.013662647,1.368980755
12,53,211318720,67,2.825386488,0.142569608,0.013662647,1.252554945
9,53,211318720,67,2.932966564,0.142569608,0.013662647,1.397408962
25,53,211318720,67,2.990312861,0.142569608,0.013662647,1.455094092
20,53,211318720,67,2.996920999,0.142569608,0.013662647,1.457392485
11,53,211318720,67,4.338037233,0.142569608,0.013662647,1.113124973
21,53,211318720,67,5.124401760,0.142569608,0.013662647,0.948414224
27,53,211318720,67,5.885373720,0.142569608,0.013662647,0.792870880
2,53,211318720,67,6.271244691,0.142569608,0.013662647,0.764311753
22,53,211318720,67,6.715510912,0.142569608,0.013662647,0.616966710
5,54,211318720,67,0.448987996,0.142569608,0.054587662,0.141517276
24,54,211318720,67,0.513899850,0.142569608,0.054587662,0.250330666
29,54,211318720,67,0.530611780,0.142569608,0.054587662,0.267239196
10,54,211318720,67,0.590973152,0.142569608,0.054587662,0.425734346
18,54,211318720,67,0.686343296,0.142569608,0.054587662,0.740618502
8,54,211318720,67,0.689024046,0.142569608,0.054587662,0.750525419
1,54,211318720,67,0.689104765,0.142569608,0.054587662,0.750773716
19,54,211318720,67,0.696676328,0.142569608,0.054587662,0.768196229
13,54,211318720,67,0.698418424,0.142569608,0.054587662,0.770904081
28,54,211318720,67,0.792310803,0.142569608,0.054587662,0.863983324
23,54,211318720,67,0.821867094,0.142569608,0.054587662,0.874120724
7,54,211318720,67,1.058841213,0.142569608,0.054587662,0.917551828
14,54,211318720,67,1.162246289,0.142569608,0.054587662,0.975858790
16,54,211318720,67,1.271317283,0.142569608,0.054587662,1.058886988
17,54,211318720,67,1.346320513,0.142569608,0.054587662,1.084179924
12,54,211318720,67,1.816319885,0.142569608,0.054587662,1.057275353
26,54,211318720,67,1.907040420,0.142569608,0.054587662,1.169878658
6,54,211318720,67,1.983485330,0.142569608,0.054587662,1.249730040
25,54,211318720,67,1.993541907,0.142569608,0.054587662,1.260141693
4,54,211318720,67,2.120374844,0.142569608,0.054587662,1.304206468
21,54,211318720,67,2.467304551,0.142569608,0.054587662,1.286357280
20,54,211318720,67,2.622305874,0.142569608,0.054587662,1.356998458
9,54,211318720,67,2.723468952,0.142569608,0.054587662,1.454890676
27,54,211318720,67,2.769587633,0.142569608,0.054587662,1.471169322
15,54,211318720,67,3.085521834,0.142569608,0.054587662,1.526627208
2,54,211318720,67,3.135622345,0.142569608,0.054587662,1.543168458
22,54,211318720,67,3.705109469,0.142569608,0.054587662,1.451567669
3,54,211318720,67,4.546493215,0.142569608,0.054587662,1.270332382
30,54,211318720,67,4.826135520,0.142569608,0.054587662,1.273687758
11,54,211318720,67,8.676074466,0.142569608,0.054587662,0.001702101
14,55,211318720,67,0.521006957,0.142569608,0.062866241,0.167629453
29,55,211318720,67,0.571428070,0.142569608,0.062866241,0.332063286
8,55,211318720,67,0.597154173,0.142569608,0.062866241,0.425966601
28,55,211318720,67,0.643752528,0.142569608,0.062866241,0.610604517
6,55,211318720,67,0.661161777,0.142569608,0.062866241,0.696615918
18,55,211318720,67,0.686343296,0.142569608,0.062866241,0.820957333
1,55,211318720,67,0.689104765,0.142569608,0.062866241,0.832871548
19,55,211318720,67,0.696676328,0.142569608,0.062866241,0.860781798
13,55,211318720,67,0.744979652,0.142569608,0.062866241,1.006104960
23,55,211318720,67,0.763162302,0.142569608,0.062866241,1.049155152
16,55,211318720,67,0.782349097,0.142569608,0.062866241,1.080830748
10,55,211318720,67,0.787964203,0.142569608,0.062866241,1.086585821
7,55,211318720,67,0.806736162,0.142569608,0.062866241,1.093490637
24,55,211318720,67,1.241924638,0.142569608,0.062866241,1.043701675
5,55,211318720,67,1.526559185,0.142569608,0.062866241,1.104817482
17,55,211318720,67,1.578444740,0.142569608,0.062866241,1.122737014
26,55,211318720,67,1.770823247,0.142569608,0.062866241,1.153611733
30,55,211318720,67,2.339944494,0.142569608,0.062866241,1.062650524
3,55,211318720,67,2.622976855,0.142569608,0.062866241,1.188990834
12,55,211318720,67,2.623573168,0.142569608,0.062866241,1.189605469
2,55,211318720,67,2.717539366,0.142569608,0.062866241,1.255619502
20,55,211318720,67,2.809613436,0.142569608,0.062866241,1.285394758
21,55,211318720,67,3.036682524,0.142569608,0.062866241,1.307115594
25,55,211318720,67,3.239505599,0.142569608,0.062866241,1.334235764
22,55,211318720,67,3.473540127,0.142569608,0.062866241,1.351457751
4,55,211318720,67,3.843179404,0.142569608,0.062866241,1.324594306
27,55,211318720,67,4.327480677,0.142569608,0.062866241,1.301956239
15,55,211318720,67,4.407888334,0.142569608,0.062866241,1.329935264
9,55,211318720,67,7.960909245,0.142569608,0.062866241,0.250332493
11,55,211318720,67,10.989694324,0.142569608,0.062866241,0.000004764
14,56,211318720,67,0.480929499,0.142569608,0.033822637,0.066678384
1,56,211318720,67,0.597224130,0.142569608,0.033822637,0.405269237
28,56,211318720,67,0.643752528,0.142569608,0.033822637,0.667084589
17,56,211318720,67,0.649947834,0.142569608,0.033822637,0.702097255
6,56,211318720,67,0.661161777,0.142569608,0.033822637,0.758393481
18,56,211318720,67,0.686343296,0.142569608,0.033822637,0.867038518
10,56,211318720,67,0.689468677,0.142569608,0.033822637,0.878487388
19,56,211318720,67,0.696676328,0.142569608,0.033822637,0.900236697
7,56,211318720,67,0.705894142,0.142569608,0.033822637,0.921825076
8,56,211318720,67,0.734958982,0.142569608,0.033822637,0.970581342
13,56,211318720,67,0.744979652,0.142569608,0.033822637,0.980217958
16,56,211318720,67,0.782349097,0.142569608,0.033822637,0.992960525
29,56,211318720,67,0.979590978,0.142569608,0.033822637,1.056279114
24,56,211318720,67,1.070624688,0.142569608,0.033822637,1.085989855
5,56,211318720,67,1.526559185,0.142569608,0.033822637,1.063048719
25,56,211318720,67,1.619752800,0.142569608,0.033822637,1.093610983
3,56,211318720,67,1.923516360,0.142569608,0.033822637,1.147265246
23,56,211318720,67,1.995962943,0.142569608,0.033822637,1.220661907
26,56,211318720,67,2.043257593,0.142569608,0.033822637,1.236796472
30,56,211318720,67,2.339944494,0.142569608,0.033822637,1.235768535
15,56,211318720,67,2.644733000,0.142569608,0.033822637,1.327487035
21,56,211318720,67,2.657097209,0.142569608,0.033822637,1.339765502
27,56,211318720,67,2.769587633,0.142569608,0.033822637,1.446188368
20,56,211318720,67,2.809613436,0.142569608,0.033822637,1.459526398
4,56,211318720,67,3.180562266,0.142569608,0.033822637,1.550048648
12,56,211318720,67,3.229013130,0.142569608,0.033822637,1.629363411
22,56,211318720,67,3.241970785,0.142569608,0.033822637,1.650750771
2,56,211318720,67,3.344663835,0.142569608,0.033822637,1.752143859
9,56,211318720,67,3.351961787,0.142569608,0.033822637,1.754706769
11,56,211318720,67,4.627239715,0.142569608,0.033822637,1.341097677
10,57,211318720,67,0.443229864,0.142569608,0.089758590,0.046751985
28,57,211318720,67,0.594233102,0.142569608,0.089758590,0.377667838
1,57,211318720,67,0.597224130,0.142569608,0.089758590,0.388747979
5,57,211318720,67,0.628583194,0.142569608,0.089758590,0.483513084
24,57,211318720,67,0.685199800,0.142569608,0.089758590,0.667301016
18,57,211318720,67,0.686343296,0.142569608,0.089758590,0.670651966
19,57,211318720,67,0.696676328,0.142569608,0.089758590,0.694868964
13,57,211318720,67,0.698418424,0.142569608,0.089758590,0.697920375
6,57,211318720,67,0.771355406,0.142569608,0.089758590,0.771001623
7,57,211318720,67,0.806736162,0.142569608,0.089758590,0.782996001
8,57,211318720,67,0.964633664,0.142569608,0.089758590,0.825541147
14,57,211318720,67,1.362633581,0.142569608,0.089758590,0.868165076
29,57,211318720,67,1.387753885,0.142569608,0.089758590,0.876210363
17,57,211318720,67,1.578444740,0.142569608,0.089758590,0.908996039
4,57,211318720,67,1.722804560,0.142569608,0.089758590,1.069463027
25,57,211318720,67,1.744349169,0.142569608,0.089758590,1.105338061
23,57,211318720,67,1.819848566,0.142569608,0.089758590,1.180874302
16,57,211318720,67,1.858079106,0.142569608,0.089758590,1.194127208
3,57,211318720,67,2.098381484,0.142569608,0.089758590,1.211167492
30,57,211318720,67,2.339944494,0.142569608,0.089758590,1.224773144
27,57,211318720,67,2.596488406,0.142569608,0.089758590,1.234935461
26,57,211318720,67,4.358949532,0.142569608,0.089758590,0.745481791
11,57,211318720,67,5.494847162,0.142569608,0.089758590,0.458494209
20,57,211318720,67,6.181149560,0.142569608,0.089758590,0.365266221
21,57,211318720,67,6.263157706,0.142569608,0.089758590,0.391636782
15,57,211318720,67,6.611832500,0.142569608,0.089758590,0.397185498
22,57,211318720,67,6.715510912,0.142569608,0.089758590,0.432528478
2,57,211318720,67,7.107410650,0.142569608,0.089758590,0.484120678
9,57,211318720,67,7.122918798,0.142569608,0.089758590,0.489706892
12,57,211318720,67,7.668906183,0.142569608,0.089758590,0.306041662
7,58,211318720,67,0.453789091,0.142569608,0.055167314,0.045853191
6,58,211318720,67,0.606064962,0.142569608,0.055167314,0.526331515
29,58,211318720,67,0.612244361,0.142569608,0.055167314,0.553222231
16,58,211318720,67,0.635658641,0.142569608,0.055167314,0.639093885
10,58,211318720,67,0.640220915,0.142569608,0.055167314,0.652875281
14,58,211318720,67,0.641239332,0.142569608,0.055167314,0.655271892
19,58,211318720,67,0.646913733,0.142569608,0.055167314,0.664550294
5,58,211318720,67,0.673481993,0.142569608,0.055167314,0.691489159
1,58,211318720,67,0.735045083,0.142569608,0.055167314,0.712058324
24,58,211318720,67,1.327574613,0.142569608,0.055167314,0.609567773
18,58,211318720,67,1.464199032,0.142569608,0.055167314,0.752178625
17,58,211318720,67,1.485595049,0.142569608,0.055167314,0.773238161
13,58,211318720,67,1.583081761,0.142569608,0.055167314,0.914534908
28,58,211318720,67,1.634141031,0.142569608,0.055167314,0.969551575
8,58,211318720,67,1.653657710,0.142569608,0.055167314,0.989170296
26,58,211318720,67,1.770823247,0.142569608,0.055167314,1.029235005
23,58,211318720,67,2.054667736,0.142569608,0.055167314,1.033021157
30,58,211318720,67,2.193697963,0.142569608,0.055167314,1.080884539
12,58,211318720,67,2.421759847,0.142569608,0.055167314,1.100076017
27,58,211318720,67,2.596488406,0.142569608,0.055167314,1.192809754
21,58,211318720,67,2.657097209,0.142569608,0.055167314,1.213031036
3,58,211318720,67,2.797841978,0.142569608,0.055167314,1.347960758
20,58,211318720,67,2.809613436,0.142569608,0.055167314,1.351964967
2,58,211318720,67,3.135622345,0.142569608,0.055167314,1.429472738
9,58,211318720,67,3.142464176,0.142569608,0.055167314,1.432090067
4,58,211318720,67,3.313085693,0.142569608,0.055167314,1.470775925
15,58,211318720,67,3.526310667,0.142569608,0.055167314,1.495893074
22,58,211318720,67,3.705109469,0.142569608,0.055167314,1.532577958
11,58,211318720,67,4.338037233,0.142569608,0.055167314,1.416516883
25,58,211318720,67,4.360872922,0.142569608,0.055167314,1.408906438
17,59,211318720,67,0.464248453,0.142569608,0.049932700,0.127834980
29,59,211318720,67,0.489795489,0.142569608,0.049932700,0.153440175
13,59,211318720,67,0.605295968,0.142569608,0.049932700,0.487294706
8,59,211318720,67,0.643089109,0.142569608,0.049932700,0.628058210
19,59,211318720,67,0.646913733,0.142569608,0.049932700,0.642154977
24,59,211318720,67,0.685199800,0.142569608,0.049932700,0.757606497
18,59,211318720,67,0.686343296,0.142569608,0.049932700,0.760289169
10,59,211318720,67,0.689468677,0.142569608,0.049932700,0.765524940
28,59,211318720,67,0.693271953,0.142569608,0.049932700,0.768824175
16,59,211318720,67,0.782349097,0.142569608,0.049932700,0.843620373
6,59,211318720,67,0.881549036,0.142569608,0.049932700,0.942672940
5,59,211318720,67,0.897975991,0.142569608,0.049932700,0.948277591
14,59,211318720,67,1.282478664,0.142569608,0.049932700,0.977240009
1,59,211318720,67,1.332269212,0.142569608,0.049932700,0.994084080
23,59,211318720,67,1.643734188,0.142569608,0.049932700,1.036670963
7,59,211318720,67,1.714314345,0.142569608,0.049932700,1.059369359
25,59,211318720,67,1.868945538,0.142569608,0.049932700,1.206988506
9,59,211318720,67,1.885478505,0.142569608,0.049932700,1.222876262
15,59,211318720,67,1.983549750,0.142569608,0.049932700,1.255413642
27,59,211318720,67,2.250289952,0.142569608,0.049932700,1.260869405
3,59,211318720,67,2.622976855,0.142569608,0.049932700,1.263778620
2,59,211318720,67,2.717539366,0.142569608,0.049932700,1.380688545
22,59,211318720,67,2.778832101,0.142569608,0.049932700,1.486877307
12,59,211318720,67,2.825386488,0.142569608,0.049932700,1.564953081
21,59,211318720,67,2.846889867,0.142569608,0.049932700,1.586522767
4,59,211318720,67,2.915515410,0.142569608,0.049932700,1.610236046
26,59,211318720,67,4.495166705,0.142569608,0.049932700,1.255421425
30,59,211318720,67,4.533642458,0.142569608,0.049932700,1.269248311
20,59,211318720,67,6.930379810,0.142569608,0.049932700,0.576728315
11,59,211318720,67,6.940859573,0.142569608,0.049932700,0.573237465
5,60,211318720,67,0.404089196,0.142569608,0.005923740,0.069645813
24,60,211318720,67,0.513899850,0.142569608,0.005923740,0.220973034
29,60,211318720,67,0.571428070,0.142569608,0.005923740,0.447274175
8,60,211318720,67,0.597154173,0.142569608,0.005923740,0.575709420
1,60,211318720,67,0.643164447,0.142569608,0.005923740,0.775202126
28,60,211318720,67,0.643752528,0.142569608,0.005923740,0.777293601
7,60,211318720,67,0.655473132,0.142569608,0.005923740,0.812738244
16,60,211318720,67,0.684555460,0.142569608,0.005923740,0.879595096
17,60,211318720,67,0.696372679,0.142569608,0.005923740,0.907448379
19,60,211318720,67,0.696676328,0.142569608,0.005923740,0.907967287
13,60,211318720,67,0.698418424,0.142569608,0.005923740,0.909713301
6,60,211318720,67,0.826452221,0.142569608,0.005923740,0.978399172
23,60,211318720,67,0.939276679,0.142569608,0.005923740,1.091823783
14,60,211318720,67,0.961858998,0.142569608,0.005923740,1.099243064
18,60,211318720,67,1.326930373,0.142569608,0.005923740,1.072185435
10,60,211318720,67,1.575928405,0.142569608,0.005923740,1.084898496
27,60,211318720,67,1.730992271,0.142569608,0.005923740,1.126918425
4,60,211318720,67,2.120374844,0.142569608,0.005923740,1.146590513
26,60,211318720,67,2.179474766,0.142569608,0.005923740,1.164894396
20,60,211318720,67,2.622305874,0.142569608,0.005923740,1.234180972
3,60,211318720,67,2.622976855,0.142569608,0.005923740,1.234832440
9,60,211318720,67,2.723468952,0.142569608,0.005923740,1.267445508
21,60,211318720,67,3.036682524,0.142569608,0.005923740,1.303586749
25,60,211318720,67,3.114909230,0.142569608,0.005923740,1.329649158
2,60,211318720,67,3.344663835,0.142569608,0.005923740,1.360388840
22,60,211318720,67,3.473540127,0.142569608,0.005923740,1.465824182
15,60,211318720,67,3.526310667,0.142569608,0.005923740,1.483901302
11,60,211318720,67,4.627239715,0.142569608,0.005923740,1.213719090
30,60,211318720,67,5.264875112,0.142569608,0.005923740,1.095997268
12,60,211318720,67,6.659839580,0.142569608,0.005923740,0.635547473
14,61,211318720,67,0.521006957,0.142569608,0.059469119,0.217944015
16,61,211318720,67,0.586761823,0.142569608,0.059469119,0.407379571
8,61,211318720,67,0.597154173,0.142569608,0.059469119,0.442718754
24,61,211318720,67,0.599549825,0.142569608,0.059469119,0.451165993
29,61,211318720,67,0.612244361,0.142569608,0.059469119,0.489605611
13,61,211318720,67,0.698418424,0.142569608,0.059469119,0.691231516
7,61,211318720,67,0.705894142,0.142569608,0.059469119,0.703856999
18,61,211318720,67,0.732099516,0.142569608,0.059469119,0.729472265
10,61,211318720,67,0.738716440,0.142569608,0.059469119,0.732019127
5,61,211318720,67,1.077571189,0.142569608,0.059469119,0.789565165
25,61,211318720,67,1.121367323,0.142569608,0.059469119,0.833456225
17,61,211318720,67,1.207045977,0.142569608,0.059469119,0.867545380
19,61,211318720,67,1.343590061,0.142569608,0.059469119,0.912344962
1,61,211318720,67,1.561970800,0.142569608,0.059469119,0.980209919
26,61,211318720,67,1.634606075,0.142569608,0.059469119,1.034386681
28,61,211318720,67,1.733179882,0.142569608,0.059469119,1.069658693
6,61,211318720,67,1.873291701,0.142569608,0.059469119,1.170957890
23,61,211318720,67,1.937258151,0.142569608,0.059469119,1.213883644
30,61,211318720,67,2.047451433,0.142569608,0.059469119,1.252428340
27,61,211318720,67,2.596488406,0.142569608,0.059469119,1.319278609
3,61,211318720,67,2.622976855,0.142569608,0.059469119,1.363308167
15,61,211318720,67,2.644733000,0.142569608,0.059469119,1.385472100
9,61,211318720,67,2.723468952,0.142569608,0.059469119,1.411323393
11,61,211318720,67,2.892024822,0.142569608,0.059469119,1.450257753
21,61,211318720,67,3.036682524,0.142569608,0.059469119,1.497979459
12,61,211318720,67,3.229013130,0.142569608,0.059469119,1.528189985
22,61,211318720,67,3.473540127,0.142569608,0.059469119,1.541344162
4,61,211318720,67,4.770843398,0.142569608,0.059469119,1.236930700
20,61,211318720,67,4.869996623,0.142569608,0.059469119,1.271884791
2,61,211318720,67,5.435078732,0.142569608,0.059469119,1.085928680
14,62,211318720,67,0.480929499,0.142569608,0.048667442,0.172463544
23,62,211318720,67,0.528343132,0.142569608,0.048667442,0.262486628
29,62,211318720,67,0.530611780,0.142569608,0.048667442,0.267769835
19,62,211318720,67,0.646913733,0.142569608,0.048667442,0.763115202
17,62,211318720,67,0.649947834,0.142569608,0.048667442,0.776221692
13,62,211318720,67,0.651857196,0.142569608,0.048667442,0.783307825
5,62,211318720,67,0.673481993,0.142569608,0.048667442,0.848311680
1,62,211318720,67,0.689104765,0.142569608,0.048667442,0.884870589
28,62,211318720,67,0.693271953,0.142569608,0.048667442,0.891639967
7,62,211318720,67,0.705894142,0.142569608,0.048667442,0.904189683
18,62,211318720,67,0.732099516,0.142569608,0.048667442,0.913194975
6,62,211318720,67,0.881549036,0.142569608,0.048667442,0.961045496
10,62,211318720,67,1.132698541,0.142569608,0.048667442,1.052505728
24,62,211318720,67,1.156274663,0.142569608,0.048667442,1.060629041
8,62,211318720,67,1.469917965,0.142569608,0.048667442,1.049461209
16,62,211318720,67,1.711388650,0.142569608,0.048667442,1.120902776
26,62,211318720,67,1.770823247,0.142569608,0.048667442,1.171146489
25,62,211318720,67,1.868945538,0.142569608,0.048667442,1.205505484
30,62,211318720,67,2.193697963,0.142569608,0.048667442,1.192315022
27,62,211318720,67,2.596488406,0.142569608,0.048667442,1.181762472
2,62,211318720,67,2.717539366,0.142569608,0.048667442,1.344656789
9,62,211318720,67,2.723468952,0.142569608,0.048667442,1.354528998
20,62,211318720,67,2.809613436,0.142569608,0.048667442,1.441909320
21,62,211318720,67,2.846889867,0.142569608,0.048667442,1.454234167
15,62,211318720,67,3.305916250,0.142569608,0.048667442,1.399175094
22,62,211318720,67,3.705109469,0.142569608,0.048667442,1.363259768
3,62,211318720,67,4.546493215,0.142569608,0.048667442,1.178778227
4,62,211318720,67,4.903366826,0.142569608,0.048667442,1.151546332
12,62,211318720,67,5.448959656,0.142569608,0.048667442,1.070427900
11,62,211318720,67,9.832884395,0.142569608,0.048667442,0.000004764
1,63,211318720,67,0.597224130,0.142569608,0.043480795,0.309319091
14,63,211318720,67,0.641239332,0.142569608,0.043480795,0.497921076
24,63,211318720,67,0.642374813,0.142569608,0.043480795,0.502104319
28,63,211318720,67,0.643752528,0.142569608,0.043480795,0.506316147
18,63,211318720,67,0.686343296,0.142569608,0.043480795,0.633607613
6,63,211318720,67,0.716258591,0.142569608,0.043480795,0.704057016
5,63,211318720,67,0.718380793,0.142569608,0.043480795,0.707416734
17,63,211318720,67,0.742797525,0.142569608,0.043480795,0.731762520
10,63,211318720,67,0.787964203,0.142569608,0.043480795,0.747847116
29,63,211318720,67,1.346937595,0.142569608,0.043480795,0.772478867
23,63,211318720,67,1.408915019,0.142569608,0.043480795,0.875027314
8,63,211318720,67,1.423983028,0.142569608,0.043480795,0.891286762
7,63,211318720,67,1.462209294,0.142569608,0.043480795,0.929670108
16,63,211318720,67,1.564698194,0.142569608,0.043480795,1.008067900
19,63,211318720,67,1.642165630,0.142569608,0.043480795,1.054731176
13,63,211318720,67,1.769326674,0.142569608,0.043480795,1.211455706
26,63,211318720,67,1.770823247,0.142569608,0.043480795,1.213001415
25,63,211318720,67,1.868945538,0.142569608,0.043480795,1.262316365
4,63,211318720,67,1.987851416,0.142569608,0.043480795,1.303674361
3,63,211318720,67,2.273246608,0.142569608,0.043480795,1.304313720
27,63,211318720,67,2.596488406,0.142569608,0.043480795,1.293758212
21,63,211318720,67,3.036682524,0.142569608,0.043480795,1.345507423
30,63,211318720,67,3.071177149,0.142569608,0.043480795,1.379978280
2,63,211318720,67,3.135622345,0.142569608,0.043480795,1.402167832
15,63,211318720,67,3.305916250,0.142569608,0.043480795,1.507700992
9,63,211318720,67,3.351961787,0.142569608,0.043480795,1.523826143
22,63,211318720,67,3.705109469,0.142569608,0.043480795,1.558161631
11,63,211318720,67,3.759632269,0.142569608,0.043480795,1.576527867
12,63,211318720,67,6.054399618,0.142569608,0.043480795,0.914186923
20,63,211318720,67,6.930379810,0.142569608,0.043480795,0.621851553
10,64,211318720,67,0.492477627,0.142569608,0.026141683,0.158378117
14,64,211318720,67,0.561084416,0.142569608,0.026141683,0.380891233
5,64,211318720,67,0.583684394,0.142569608,0.026141683,0.463138792
8,64,211318720,67,0.597154173,0.142569608,0.026141683,0.515559338
24,64,211318720,67,0.642374813,0.142569608,0.026141683,0.764835934
7,64,211318720,67,0.655473132,0.142569608,0.026141683,0.830496371
6,64,211318720,67,0.661161777,0.142569608,0.026141683,0.854781081
28,64,211318720,67,0.693271953,0.142569608,0.026141683,0.972836291
18,64,211318720,67,0.732099516,0.142569608,0.026141683,1.089502689
16,64,211318720,67,0.733452279,0.142569608,0.026141683,1.092647818
1,64,211318720,67,0.735045083,0.142569608,0.026141683,1.095262853
17,64,211318720,67,0.742797525,0.142569608,0.026141683,1.106760473
19,64,211318720,67,0.746438923,0.142569608,0.026141683,1.110448646
23,64,211318720,67,0.880571887,0.142569608,0.026141683,1.155671419
13,64,211318720,67,1.070908250,0.142569608,0.026141683,1.186540336
29,64,211318720,67,1.469386467,0.142569608,0.026141683,1.255100557
25,64,211318720,67,1.495156430,0.142569608,0.026141683,1.281531631
3,64,211318720,67,1.573786113,0.142569608,0.026141683,1.307963184
22,64,211318720,67,2.084124076,0.142569608,0.026141683,1.305085304
4,64,211318720,67,2.120374844,0.142569608,0.026141683,1.317632717
12,64,211318720,67,2.825386488,0.142569608,0.026141683,1.263314617
21,64,211318720,67,2.846889867,0.142569608,0.026141683,1.270355303
30,64,211318720,67,3.071177149,0.142569608,0.026141683,1.338490577
9,64,211318720,67,3.142464176,0.142569608,0.026141683,1.361603688
15,64,211318720,67,3.526310667,0.142569608,0.026141683,1.331227775
11,64,211318720,67,3.759632269,0.142569608,0.026141683,1.350960978
27,64,211318720,67,4.673679131,0.142569608,0.026141683,1.146861911
20,64,211318720,67,4.869996623,0.142569608,0.026141683,1.177022004
26,64,211318720,67,5.176252569,0.142569608,0.026141683,1.171016238
2,64,211318720,67,5.644120222,0.142569608,0.026141683,1.016847110
18,65,211318720,67,0.411805978,0.142569608,0.136604652,0.183395938
1,65,211318720,67,0.413462859,0.142569608,0.136604652,0.186037048
17,65,211318720,67,0.510673298,0.142569608,0.136604652,0.365028203
5,65,211318720,67,0.538785595,0.142569608,0.136604652,0.447557772
16,65,211318720,67,0.586761823,0.142569608,0.136604652,0.585088538
24,65,211318720,67,0.599549825,0.142569608,0.136604652,0.615492563
13,65,211318720,67,0.651857196,0.142569608,0.136604652,0.756737026
7,65,211318720,67,0.655473132,0.142569608,0.136604652,0.767840496
8,65,211318720,67,0.689024046,0.142569608,0.136604652,0.846612196
19,65,211318720,67,0.746438923,0.142569608,0.136604652,0.947638832
23,65,211318720,67,0.763162302,0.142569608,0.136604652,0.975699206
28,65,211318720,67,0.792310803,0.142569608,0.136604652,1.004871113
6,65,211318720,67,0.881549036,0.142569608,0.136604652,1.065171915
29,65,211318720,67,0.979590978,0.142569608,0.136604652,1.157221117
10,65,211318720,67,1.034203016,0.142569608,0.136604652,1.185043705
14,65,211318720,67,1.162246289,0.142569608,0.136604652,1.227046300
4,65,211318720,67,1.722804560,0.142569608,0.136604652,1.137994200
30,65,211318720,67,2.047451433,0.142569608,0.136604652,1.124666756
20,65,211318720,67,2.247690749,0.142569608,0.136604652,1.151843172
12,65,211318720,67,2.421759847,0.142569608,0.136604652,1.190461167
3,65,211318720,67,2.622976855,0.142569608,0.136604652,1.219088151
21,65,211318720,67,2.846889867,0.142569608,0.136604652,1.240181694
15,65,211318720,67,3.305916250,0.142569608,0.136604652,1.184217095
11,65,211318720,67,3.470429786,0.142569608,0.136604652,1.319991657
22,65,211318720,67,3.473540127,0.142569608,0.136604652,1.320803083
25,65,211318720,67,4.111680184,0.142569608,0.136604652,1.252569684
2,65,211318720,67,4.180829794,0.142569608,0.136604652,1.275660144
26,65,211318720,67,4.631383878,0.142569608,0.136604652,1.223309181
9,65,211318720,67,5.027942681,0.142569608,0.136604652,1.186686209
27,65,211318720,67,5.366076039,0.142569608,0.136604652,1.072999748
29,66,211318720,67,0.367346617,0.142569608,0.073722631,0.082844372
8,66,211318720,67,0.459349364,0.142569608,0.073722631,0.191510275
5,66,211318720,67,0.538785595,0.142569608,0.073722631,0.420098399
18,66,211318720,67,0.549074637,0.142569608,0.073722631,0.455752940
14,66,211318720,67,0.601161874,0.142569608,0.073722631,0.612777068
17,66,211318720,67,0.603522989,0.142569608,0.073722631,0.618270684
28,66,211318720,67,0.643752528,0.142569608,0.073722631,0.711675040
13,66,211318720,67,0.651857196,0.142569608,0.073722631,0.725348387
24,66,211318720,67,0.685199800,0.142569608,0.073722631,0.758595936
19,66,211318720,67,0.746438923,0.142569608,0.073722631,0.779240563
16,66,211318720,67,0.929039553,0.142569608,0.073722631,0.861160057
1,66,211318720,67,1.010686988,0.142569608,0.073722631,0.942650855
7,66,211318720,67,1.058841213,0.142569608,0.073722631,0.959033859
10,66,211318720,67,1.231194067,0.142569608,0.073722631,0.997389632
6,66,211318720,67,1.432517183,0.142569608,0.073722631,1.026458703
25,66,211318720,67,1.868945538,0.142569608,0.073722631,1.024963300
23,66,211318720,67,1.937258151,0.142569608,0.073722631,1.048090663
26,66,211318720,67,2.179474766,0.142569608,0.073722631,1.145865274
30,66,211318720,67,2.193697963,0.142569608,0.073722631,1.150140705
22,66,211318720,67,2.547262760,0.142569608,0.073722631,1.126913540
12,66,211318720,67,2.825386488,0.142569608,0.073722631,1.278108201
21,66,211318720,67,2.846889867,0.142569608,0.073722631,1.299747469
15,66,211318720,67,2.865127417,0.142569608,0.073722631,1.305815040
4,66,211318720,67,3.975702832,0.142569608,0.073722631,1.030582711
3,66,211318720,67,4.196762968,0.142569608,0.073722631,1.051097536
2,66,211318720,67,5.226037242,0.142569608,0.073722631,0.891460301
20,66,211318720,67,5.244611748,0.142569608,0.073722631,0.909291368
27,66,211318720,67,5.366076039,0.142569608,0.073722631,0.950080370
11,66,211318720,67,7.519264537,0.142569608,0.073722631,0.336795632
9,66,211318720,67,7.960909245,0.142569608,0.073722631,0.192458447
19,67,211318720,67,0.447863354,0.142569608,0.033110779,0.119869179
23,67,211318720,67,0.528343132,0.142569608,0.033110779,0.299213515
18,67,211318720,67,0.549074637,0.142569608,0.033110779,0.335454637
5,67,211318720,67,0.583684394,0.142569608,0.033110779,0.399594224
17,67,211318720,67,0.603522989,0.142569608,0.033110779,0.440534433
8,67,211318720,67,0.689024046,0.142569608,0.033110779,0.609368987
6,67,211318720,67,0.716258591,0.142569608,0.033110779,0.655028327
1,67,211318720,67,0.735045083,0.142569608,0.033110779,0.674095896
28,67,211318720,67,0.792310803,0.142569608,0.033110779,0.716794928
24,67,211318720,67,0.899324738,0.142569608,0.033110779,0.796225916
13,67,211318720,67,0.977785794,0.142569608,0.033110779,0.823229275
29,67,211318720,67,1.142856141,0.142569608,0.033110779,0.861484647
16,67,211318720,67,1.320214101,0.142569608,0.033110779,0.937897894
14,67,211318720,67,1.402711039,0.142569608,0.033110779,0.965123383
3,67,211318720,67,1.573786113,0.142569608,0.033110779,1.004589629
7,67,211318720,67,1.714314345,0.142569608,0.033110779,1.198727876
4,67,211318720,67,1.722804560,0.142569608,0.033110779,1.206829795
10,67,211318720,67,1.772919456,0.142569608,0.033110779,1.224022372
27,67,211318720,67,2.250289952,0.142569608,0.033110779,1.163655675
21,67,211318720,67,2.467304551,0.142569608,0.033110779,1.186309391
12,67,211318720,67,3.027199809,0.142569608,0.033110779,1.096614229
11,67,211318720,67,3.181227304,0.142569608,0.033110779,1.140963395
15,67,211318720,67,3.526310667,0.142569608,0.033110779,1.161747665
25,67,211318720,67,3.613294707,0.142569608,0.033110779,1.190162299
20,67,211318720,67,4.495381498,0.142569608,0.033110779,0.999287014
30,67,211318720,67,4.679888989,0.142569608,0.033110779,1.035231735
26,67,211318720,67,5.040035397,0.142569608,0.033110779,1.011397306
9,67,211318720,67,6.494425963,0.142569608,0.033110779,0.627681187
2,67,211318720,67,7.107410650,0.142569608,0.033110779,0.519357507
22,67,211318720,67,7.873357621,0.142569608,0.033110779,0.264532166
16,68,211318720,67,0.488968186,0.142569608,0.026075101,0.140257243
23,68,211318720,67,0.528343132,0.142569608,0.026075101,0.235832051
18,68,211318720,67,0.594830857,0.142569608,0.026075101,0.501126736
14,68,211318720,67,0.641239332,0.142569608,0.026075101,0.723959670
1,68,211318720,67,0.643164447,0.142569608,0.026075101,0.732349022
28,68,211318720,67,0.643752528,0.142569608,0.026075101,0.734495676
5,68,211318720,67,0.673481993,0.142569608,0.026075101,0.823573405
24,68,211318720,67,0.685199800,0.142569608,0.026075101,0.851789499
10,68,211318720,67,0.689468677,0.142569608,0.026075101,0.861679744
17,68,211318720,67,0.742797525,0.142569608,0.026075101,0.950765383
13,68,211318720,67,0.744979652,0.142569608,0.026075101,0.953000894
6,68,211318720,67,0.826452221,0.142569608,0.026075101,0.980436512
8,68,211318720,67,1.102438473,0.142569608,0.026075101,0.983701355
29,68,211318720,67,1.387753885,0.142569608,0.026075101,0.984255939
19,68,211318720,67,1.542640440,0.142569608,0.026075101,1.029039286
7,68,211318720,67,1.714314345,0.142569608,0.026075101,1.156445492
4,68,211318720,67,1.722804560,0.142569608,0.026075101,1.159225761
25,68,211318720,67,1.868945538,0.142569608,0.026075101,1.365678078
2,68,211318720,67,1.881373407,0.142569608,0.026075101,1.378406371
30,68,211318720,67,1.901204902,0.142569608,0.026075101,1.385522668
26,68,211318720,67,2.043257593,0.142569608,0.026075101,1.431458064
12,68,211318720,67,2.219946527,0.142569608,0.026075101,1.526759578
21,68,211318720,67,2.277511893,0.142569608,0.026075101,1.545292613
27,68,211318720,67,2.769587633,0.142569608,0.026075101,1.488545473
11,68,211318720,67,2.892024822,0.142569608,0.026075101,1.531047912
9,68,211318720,67,3.142464176,0.142569608,0.026075101,1.543233647
15,68,211318720,67,3.305916250,0.142569608,0.026075101,1.585573645
22,68,211318720,67,4.399817494,0.142569608,0.026075101,1.322096779
3,68,211318720,67,5.595683957,0.142569608,0.026075101,1.017899766
20,68,211318720,67,5.806534435,0.142569608,0.026075101,0.947527330
14,69,211318720,67,0.360697124,0.142569608,0.031337555,0.046279450
24,69,211318720,67,0.599549825,0.142569608,0.031337555,0.301586337
18,69,211318720,67,0.640587077,0.142569608,0.031337555,0.451304669
13,69,211318720,67,0.651857196,0.142569608,0.031337555,0.489979470
5,69,211318720,67,0.673481993,0.142569608,0.031337555,0.555039397
8,69,211318720,67,0.689024046,0.142569608,0.031337555,0.594632615
19,69,211318720,67,0.696676328,0.142569608,0.031337555,0.612107006
17,69,211318720,67,0.742797525,0.142569608,0.031337555,0.707681663
10,69,211318720,67,0.787964203,0.142569608,0.031337555,0.782718841
6,69,211318720,67,0.826452221,0.142569608,0.031337555,0.840901894
29,69,211318720,67,0.857142106,0.142569608,0.031337555,0.871315231
23,69,211318720,67,0.939276679,0.142569608,0.031337555,0.900374326
25,69,211318720,67,1.495156430,0.142569608,0.031337555,0.945743839
1,69,211318720,67,1.516030483,0.142569608,0.031337555,0.980616825
7,69,211318720,67,1.563051315,0.142569608,0.031337555,1.056475628
26,69,211318720,67,1.634606075,0.142569608,0.031337555,1.127963786
16,69,211318720,67,1.662491831,0.142569608,0.031337555,1.152621396
28,69,211318720,67,1.782699307,0.142569608,0.031337555,1.192505225
2,69,211318720,67,2.090414897,0.142569608,0.031337555,1.262050513
4,69,211318720,67,2.120374844,0.142569608,0.031337555,1.282869240
20,69,211318720,67,2.247690749,0.142569608,0.031337555,1.325009919
3,69,211318720,67,2.448111731,0.142569608,0.031337555,1.353149916
27,69,211318720,67,2.596488406,0.142569608,0.031337555,1.400044126
9,69,211318720,67,3.351961787,0.142569608,0.031337555,1.261480259
22,69,211318720,67,3.473540127,0.142569608,0.031337555,1.362176377
15,69,211318720,67,3.526310667,0.142569608,0.031337555,1.378202921
11,69,211318720,67,3.759632269,0.142569608,0.031337555,1.394140248
30,69,211318720,67,4.826135520,0.142569608,0.031337555,1.136418208
12,69,211318720,67,5.045333015,0.142569608,0.031337555,1.159771161
21,69,211318720,67,6.073365049,0.142569608,0.031337555,0.818616788
10,70,211318720,67,0.541725389,0.142569608,0.049357235,0.190078606
14,70,211318720,67,0.601161874,0.142569608,0.049357235,0.331792140
6,70,211318720,67,0.606064962,0.142569608,0.049357235,0.348671758
16,70,211318720,67,0.635658641,0.142569608,0.049357235,0.437136107
1,70,211318720,67,0.689104765,0.142569608,0.049357235,0.578653027
8,70,211318720,67,0.734958982,0.142569608,0.049357235,0.685538657
17,70,211318720,67,0.742797525,0.142569608,0.049357235,0.701958731
13,70,211318720,67,0.744979652,0.142569608,0.049357235,0.705391351
7,70,211318720,67,0.806736162,0.142569608,0.049357235,0.768306797
23,70,211318720,67,0.880571887,0.142569608,0.049357235,0.815828179
24,70,211318720,67,0.984974713,0.142569608,0.049357235,0.912796851
28,70,211318720,67,1.039907929,0.142569608,0.049357235,0.968616261
5,70,211318720,67,1.122469989,0.142569608,0.049357235,1.016153681
18,70,211318720,67,1.235417934,0.142569608,0.049357235,1.053391378
29,70,211318720,67,1.387753885,0.142569608,0.049357235,1.097327278
19,70,211318720,67,1.691928225,0.142569608,0.049357235,1.090766379
25,70,211318720,67,1.868945538,0.142569608,0.049357235,1.200775835
30,70,211318720,67,1.901204902,0.142569608,0.049357235,1.212775069
26,70,211318720,67,2.043257593,0.142569608,0.049357235,1.260184136
3,70,211318720,67,2.273246608,0.142569608,0.049357235,1.277051858
9,70,211318720,67,2.513971340,0.142569608,0.049357235,1.316829226
20,70,211318720,67,2.622305874,0.142569608,0.049357235,1.354170312
27,70,211318720,67,2.769587633,0.142569608,0.049357235,1.401328164
15,70,211318720,67,3.305916250,0.142569608,0.049357235,1.321062505
4,70,211318720,67,4.108226260,0.142569608,0.049357235,1.154256959
21,70,211318720,67,4.555023786,0.142569608,0.049357235,1.101066532
2,70,211318720,67,6.062203201,0.142569608,0.049357235,0.698306980
22,70,211318720,67,7.410218937,0.142569608,0.049357235,0.404375694
12,70,211318720,67,7.467092862,0.142569608,0.049357235,0.423339070
11,70,211318720,67,7.519264537,0.142569608,0.049357235,0.405952577
16,71,211318720,67,0.488968186,0.142569608,0.043641336,0.174873932
6,71,211318720,67,0.495871333,0.142569608,0.043641336,0.186556797
19,71,211318720,67,0.597151138,0.142569608,0.043641336,0.633902841
29,71,211318720,67,0.612244361,0.142569608,0.043641336,0.699733323
10,71,211318720,67,0.640220915,0.142569608,0.043641336,0.802833405
18,71,211318720,67,0.640587077,0.142569608,0.043641336,0.803898617
24,71,211318720,67,0.642374813,0.142569608,0.043641336,0.808224673
17,71,211318720,67,0.649947834,0.142569608,0.043641336,0.820688771
7,71,211318720,67,0.655473132,0.142569608,0.043641336,0.826136009
1,71,211318720,67,0.689104765,0.142569608,0.043641336,0.836448787
8,71,211318720,67,1.286178219,0.142569608,0.043641336,0.824394768
26,71,211318720,67,1.362171729,0.142569608,0.043641336,0.900830912
14,71,211318720,67,1.362633581,0.142569608,0.043641336,0.900990966
23,71,211318720,67,1.526324604,0.142569608,0.043641336,1.096898902
5,71,211318720,67,1.526559185,0.142569608,0.043641336,1.097159030
13,71,211318720,67,1.583081761,0.142569608,0.043641336,1.116254941
28,71,211318720,67,1.782699307,0.142569608,0.043641336,1.183158796
25,71,211318720,67,1.868945538,0.142569608,0.043641336,1.212859186
30,71,211318720,67,2.047451433,0.142569608,0.043641336,1.295693446
4,71,211318720,67,2.120374844,0.142569608,0.043641336,1.321176110
20,71,211318720,67,2.434998311,0.142569608,0.043641336,1.313136677
2,71,211318720,67,3.135622345,0.142569608,0.043641336,1.232039683
12,71,211318720,67,3.229013130,0.142569608,0.043641336,1.326683113
22,71,211318720,67,3.241970785,0.142569608,0.043641336,1.330425004
11,71,211318720,67,4.338037233,0.142569608,0.043641336,1.058137226
9,71,211318720,67,4.608947457,0.142569608,0.043641336,1.063875094
3,71,211318720,67,5.071088586,0.142569608,0.043641336,1.007944699
21,71,211318720,67,5.503987075,0.142569608,0.043641336,0.957559787
27,71,211318720,67,5.885373720,0.142569608,0.043641336,0.927582850
15,71,211318720,67,7.493410167,0.142569608,0.043641336,0.394145242
14,72,211318720,67,0.521006957,0.142569608,0.017061504,0.155831458
1,72,211318720,67,0.551283812,0.142569608,0.017061504,0.240495277
18,72,211318720,67,0.640587077,0.142569608,0.017061504,0.644134562
17,72,211318720,67,0.649947834,0.142569608,0.017061504,0.697386268
29,72,211318720,67,0.653060652,0.142569608,0.017061504,0.712826115
5,72,211318720,67,0.673481993,0.142569608,0.017061504,0.801171479
13,72,211318720,67,0.698418424,0.142569608,0.017061504,0.893108349
16,72,211318720,67,0.733452279,0.142569608,0.017061504,0.998771297
8,72,211318720,67,0.734958982,0.142569608,0.017061504,1.002447380
10,72,211318720,67,0.738716440,0.142569608,0.017061504,1.008668009
28,72,211318720,67,0.742791378,0.142569608,0.017061504,1.012751777
7,72,211318720,67,0.756315152,0.142569608,0.017061504,1.017428146
24,72,211318720,67,1.070624688,0.142569608,0.017061504,1.006958776
19,72,211318720,67,1.244064871,0.142569608,0.017061504,1.124423258
6,72,211318720,67,1.267226739,0.142569608,0.017061504,1.132144331
23,72,211318720,67,1.585029396,0.142569608,0.017061504,1.194788626
25,72,211318720,67,1.619752800,0.142569608,0.017061504,1.206194152
20,72,211318720,67,1.873075624,0.142569608,0.017061504,1.288987383
26,72,211318720,67,1.907040420,0.142569608,0.017061504,1.302099239
30,72,211318720,67,2.047451433,0.142569608,0.017061504,1.395188292
4,72,211318720,67,2.120374844,0.142569608,0.017061504,1.420048692
27,72,211318720,67,2.596488406,0.142569608,0.017061504,1.539104564
11,72,211318720,67,2.602822340,0.142569608,0.017061504,1.549485705
3,72,211318720,67,2.622976855,0.142569608,0.017061504,1.570181221
2,72,211318720,67,2.717539366,0.142569608,0.017061504,1.625746009
12,72,211318720,67,2.825386488,0.142569608,0.017061504,1.661441871
9,72,211318720,67,3.142464176,0.142569608,0.017061504,1.652460904
22,72,211318720,67,3.705109469,0.142569608,0.017061504,1.564109523
21,72,211318720,67,3.985645813,0.142569608,0.017061504,1.566686595
15,72,211318720,67,5.289466000,0.142569608,0.017061504,1.133339608
17,73,211318720,67,0.417823608,0.142569608,0.046536092,0.054981608
8,73,211318720,67,0.551219237,0.142569608,0.046536092,0.251620129
16,73,211318720,67,0.586761823,0.142569608,0.046536092,0.366442118
10,73,211318720,67,0.590973152,0.142569608,0.046536092,0.378778842
24,73,211318720,67,0.685199800,0.142569608,0.046536092,0.624057851
18,73,211318720,67,0.686343296,0.142569608,0.046536092,0.628359112
1,73,211318720,67,0.689104765,0.142569608,0.046536092,0.636784133
5,73,211318720,67,0.718380793,0.142569608,0.046536092,0.705602115
19,73,211318720,67,0.796201518,0.142569608,0.046536092,0.835657183
23,73,211318720,67,0.821867094,0.142569608,0.046536092,0.861272204
6,73,211318720,67,0.826452221,0.142569608,0.046536092,0.862469686
7,73,211318720,67,1.210104244,0.142569608,0.046536092,0.902736724
28,73,211318720,67,1.287505055,0.142569608,0.046536092,1.008417543
30,73,211318720,67,1.316218778,0.142569608,0.046536092,1.037068129
29,73,211318720,67,1.387753885,0.142569608,0.046536092,1.066604133
14,73,211318720,67,1.522943414,0.142569608,0.046536092,1.111007166
13,73,211318720,67,1.722765446,0.142569608,0.046536092,1.146215277
4,73,211318720,67,1.855327988,0.142569608,0.046536092,1.187638054
26,73,211318720,67,2.043257593,0.142569608,0.046536092,1.285795016
21,73,211318720,67,2.087719235,0.142569608,0.046536092,1.301237630
3,73,211318720,67,2.797841978,0.142569608,0.046536092,1.161860800
22,73,211318720,67,3.010401443,0.142569608,0.046536092,1.269318932
12,73,211318720,67,3.027199809,0.142569608,0.046536092,1.275006167
25,73,211318720,67,3.239505599,0.142569608,0.046536092,1.371911896
15,73,211318720,67,3.305916250,0.142569608,0.046536092,1.439000461
9,73,211318720,67,3.351961787,0.142569608,0.046536092,1.454526824
27,73,211318720,67,6.058472947,0.142569608,0.046536092,0.652329246
20,73,211318720,67,6.368457122,0.142569608,0.046536092,0.642787151
2,73,211318720,67,7.525493629,0.142569608,0.046536092,0.351770202
11,73,211318720,67,7.808467020,0.142569608,0.046536092,0.258033476
28,74,211318720,67,0.445674827,0.142569608,0.147225440,0.109114254
10,74,211318720,67,0.492477627,0.142569608,0.147225440,0.169438186
8,74,211318720,67,0.597154173,0.142569608,0.147225440,0.359829502
13,74,211318720,67,0.605295968,0.142569608,0.147225440,0.376968997
29,74,211318720,67,0.653060652,0.142569608,0.147225440,0.529258362
19,74,211318720,67,0.696676328,0.142569608,0.147225440,0.690478497
17,74,211318720,67,0.742797525,0.142569608,0.147225440,0.830496985
7,74,211318720,67,0.756315152,0.142569608,0.147225440,0.861880348
23,74,211318720,67,0.763162302,0.142569608,0.147225440,0.873518027
6,74,211318720,67,0.771355406,0.142569608,0.147225440,0.881713081
16,74,211318720,67,0.782349097,0.142569608,0.147225440,0.885314251
5,74,211318720,67,0.942874791,0.142569608,0.147225440,0.929218298
14,74,211318720,67,1.122168831,0.142569608,0.147225440,0.964697046
24,74,211318720,67,1.327574613,0.142569608,0.147225440,1.059582447
18,74,211318720,67,1.372686593,0.142569608,0.147225440,1.074659100
1,74,211318720,67,1.653851436,0.142569608,0.147225440,1.074327368
30,74,211318720,67,1.901204902,0.142569608,0.147225440,1.123484279
25,74,211318720,67,1.993541907,0.142569608,0.147225440,1.153525318
20,74,211318720,67,2.247690749,0.142569608,0.147225440,1.164362335
12,74,211318720,67,2.421759847,0.142569608,0.147225440,1.266125641
21,74,211318720,67,2.467304551,0.142569608,0.147225440,1.279925488
15,74,211318720,67,3.526310667,0.142569608,0.147225440,1.107281921
26,74,211318720,67,3.541646495,0.142569608,0.147225440,1.111438980
9,74,211318720,67,4.189952234,0.142569608,0.147225440,1.055900241
4,74,211318720,67,4.240749687,0.142569608,0.147225440,1.072232202
11,74,211318720,67,4.627239715,0.142569608,0.147225440,1.103636058
27,74,211318720,67,4.673679131,0.142569608,0.147225440,1.120013232
2,74,211318720,67,5.435078732,0.142569608,0.147225440,0.965250308
3,74,211318720,67,5.770549081,0.142569608,0.147225440,0.948152886
22,74,211318720,67,8.799634988,0.142569608,0.147225440,0.000004764
5,75,211318720,67,0.493886795,0.142569608,0.021896593,0.135198753
1,75,211318720,67,0.551283812,0.142569608,0.021896593,0.320960607
10,75,211318720,67,0.590973152,0.142569608,0.021896593,0.492251008
28,75,211318720,67,0.643752528,0.142569608,0.021896593,0.690098355
19,75,211318720,67,0.646913733,0.142569608,0.021896593,0.701241665
13,75,211318720,67,0.651857196,0.142569608,0.021896593,0.716104189
29,75,211318720,67,0.653060652,0.142569608,0.021896593,0.718901650
18,75,211318720,67,0.686343296,0.142569608,0.021896593,0.790846964
8,75,211318720,67,0.689024046,0.142569608,0.021896593,0.797103149
16,75,211318720,67,0.782349097,0.142569608,0.021896593,0.981224685
7,75,211318720,67,0.806736162,0.142569608,0.021896593,1.022487100
6,75,211318720,67,0.826452221,0.142569608,0.021896593,1.042574971
14,75,211318720,67,0.881704082,0.142569608,0.021896593,1.061132265
24,75,211318720,67,1.027799701,0.142569608,0.021896593,1.108620846
17,75,211318720,67,1.532019894,0.142569608,0.021896593,1.034484659
30,75,211318720,67,1.754958371,0.142569608,0.021896593,1.073996670
20,75,211318720,67,1.873075624,0.142569608,0.021896593,1.142309760
25,75,211318720,67,1.993541907,0.142569608,0.021896593,1.289696454
23,75,211318720,67,1.995962943,0.142569608,0.021896593,1.291863287
3,75,211318720,67,2.098381484,0.142569608,0.021896593,1.367462335
26,75,211318720,67,2.179474766,0.142569608,0.021896593,1.443287680
27,75,211318720,67,2.250289952,0.142569608,0.021896593,1.467300831
12,75,211318720,67,2.421759847,0.142569608,0.021896593,1.598869063
15,75,211318720,67,2.424338583,0.142569608,0.021896593,1.599501320
11,75,211318720,67,2.602822340,0.142569608,0.021896593,1.636595739
4,75,211318720,67,2.782991982,0.142569608,0.021896593,1.670818828
2,75,211318720,67,2.926580856,0.142569608,0.021896593,1.739668009
21,75,211318720,67,3.036682524,0.142569608,0.021896593,1.775916218
22,75,211318720,67,3.705109469,0.142569608,0.021896593,1.653845111
9,75,211318720,67,7.122918798,0.142569608,0.021896593,0.516609713
14,76,211318720,67,0.521006957,0.142569608,0.088418901,0.239938702
13,76,211318720,67,0.558734739,0.142569608,0.088418901,0.365143975
29,76,211318720,67,0.571428070,0.142569608,0.088418901,0.411651464
10,76,211318720,67,0.590973152,0.142569608,0.088418901,0.470579634
28,76,211318720,67,0.643752528,0.142569608,0.088418901,0.626679185
5,76,211318720,67,0.673481993,0.142569608,0.088418901,0.701649209
18,76,211318720,67,0.686343296,0.142569608,0.088418901,0.732007083
8,76,211318720,67,0.689024046,0.142569608,0.088418901,0.736500627
1,76,211318720,67,0.735045083,0.142569608,0.088418901,0.782795296
7,76,211318720,67,0.806736162,0.142569608,0.088418901,0.806701403
19,76,211318720,67,1.045014492,0.142569608,0.088418901,0.823912047
24,76,211318720,67,1.284749626,0.142569608,0.088418901,0.916318557
6,76,211318720,67,1.322323553,0.142569608,0.088418901,0.954379505
16,76,211318720,67,1.418007738,0.142569608,0.088418901,1.037731858
17,76,211318720,67,1.485595049,0.142569608,0.088418901,1.066162812
25,76,211318720,67,1.619752800,0.142569608,0.088418901,1.110751191
23,76,211318720,67,1.819848566,0.142569608,0.088418901,1.141731602
4,76,211318720,67,2.120374844,0.142569608,0.088418901,1.147022407
20,76,211318720,67,2.247690749,0.142569608,0.088418901,1.267187949
3,76,211318720,67,2.273246608,0.142569608,0.088418901,1.275415283
15,76,211318720,67,2.424338583,0.142569608,0.088418901,1.319514807
21,76,211318720,67,3.036682524,0.142569608,0.088418901,1.342059508
30,76,211318720,67,3.071177149,0.142569608,0.088418901,1.399734117
2,76,211318720,67,3.135622345,0.142569608,0.088418901,1.464290704
9,76,211318720,67,3.142464176,0.142569608,0.088418901,1.466466491
11,76,211318720,67,4.048834751,0.142569608,0.088418901,1.263242773
12,76,211318720,67,4.843519695,0.142569608,0.088418901,1.095037480
26,76,211318720,67,5.040035397,0.142569608,0.088418901,1.123419285
27,76,211318720,67,5.712274493,0.142569608,0.088418901,0.995560086
22,76,211318720,67,7.641788279,0.142569608,0.088418901,0.361555832
19,77,211318720,67,0.447863354,0.142569608,0.015170394,0.084168592
5,77,211318720,67,0.538785595,0.142569608,0.015170394,0.214155606
14,77,211318720,67,0.601161874,0.142569608,0.015170394,0.338833942
29,77,211318720,67,0.612244361,0.142569608,0.015170394,0.379831678
18,77,211318720,67,0.686343296,0.142569608,0.015170394,0.648521982
6,77,211318720,67,0.716258591,0.142569608,0.015170394,0.757814306
10,77,211318720,67,0.738716440,0.142569608,0.015170394,0.825147983
28,77,211318720,67,0.742791378,0.142569608,0.015170394,0.834639260
17,77,211318720,67,0.742797525,0.142569608,0.015170394,0.834649917
16,77,211318720,67,0.782349097,0.142569608,0.015170394,0.874701717
7,77,211318720,67,0.806736162,0.142569608,0.015170394,0.890098630
23,77,211318720,67,0.939276679,0.142569608,0.015170394,1.003536545
13,77,211318720,67,0.977785794,0.142569608,0.015170394,1.017167652
1,77,211318720,67,1.240388577,0.142569608,0.015170394,1.062594525
24,77,211318720,67,1.327574613,0.142569608,0.015170394,1.092539451
8,77,211318720,67,1.607722774,0.142569608,0.015170394,1.140594469
20,77,211318720,67,1.685768062,0.142569608,0.015170394,1.218535667
25,77,211318720,67,1.744349169,0.142569608,0.015170394,1.238037576
30,77,211318720,67,2.193697963,0.142569608,0.015170394,1.287907025
27,77,211318720,67,2.250289952,0.142569608,0.015170394,1.344359566
3,77,211318720,67,2.273246608,0.142569608,0.015170394,1.351888862
12,77,211318720,67,2.623573168,0.142569608,0.015170394,1.363057808
9,77,211318720,67,2.723468952,0.142569608,0.015170394,1.396929105
2,77,211318720,67,3.135622345,0.142569608,0.015170394,1.377404201
22,77,211318720,67,3.241970785,0.142569608,0.015170394,1.413616214
15,77,211318720,67,3.526310667,0.142569608,0.015170394,1.412772170
4,77,211318720,67,3.710655976,0.142569608,0.015170394,1.447828711
26,77,211318720,67,4.222732359,0.142569608,0.015170394,1.373780443
21,77,211318720,67,4.555023786,0.142569608,0.015170394,1.361722419
11,77,211318720,67,10.700491842,0.142569608,0.015170394,0.000004764
24,78,211318720,67,0.385424888,0.142569608,0.033998117,0.048860112
29,78,211318720,67,0.571428070,0.142569608,0.033998117,0.235358042
8,78,211318720,67,0.597154173,0.142569608,0.033998117,0.279414308
5,78,211318720,67,0.628583194,0.142569608,0.033998117,0.334454077
1,78,211318720,67,0.689104765,0.142569608,0.033998117,0.494065996
13,78,211318720,67,0.744979652,0.142569608,0.033998117,0.625086176
23,78,211318720,67,0.763162302,0.142569608,0.033998117,0.655208861
16,78,211318720,67,0.782349097,0.142569608,0.033998117,0.674821498
28,78,211318720,67,0.792310803,0.142569608,0.033998117,0.678314379
18,78,211318720,67,1.098149274,0.142569608,0.033998117,0.727803491
14,78,211318720,67,1.162246289,0.142569608,0.033998117,0.749582494
25,78,211318720,67,1.370560061,0.142569608,0.033998117,0.808340390
7,78,211318720,67,1.462209294,0.142569608,0.033998117,0.909277926
10,78,211318720,67,1.526680643,0.142569608,0.033998117,0.973821737
17,78,211318720,67,1.578444740,0.142569608,0.033998117,1.009980314
19,78,211318720,67,1.691928225,0.142569608,0.033998117,1.059078692
6,78,211318720,67,1.818194886,0.142569608,0.033998117,1.101933867
4,78,211318720,67,1.987851416,0.142569608,0.033998117,1.139498682
3,78,211318720,67,2.273246608,0.142569608,0.033998117,1.142525571
27,78,211318720,67,2.596488406,0.142569608,0.033998117,1.131068189
21,78,211318720,67,2.846889867,0.142569608,0.033998117,1.142808009
20,78,211318720,67,2.996920999,0.142569608,0.033998117,1.262410100
12,78,211318720,67,3.027199809,0.142569608,0.033998117,1.272856895
2,78,211318720,67,3.344663835,0.142569608,0.033998117,1.363331915
9,78,211318720,67,3.351961787,0.142569608,0.033998117,1.370793713
22,78,211318720,67,3.473540127,0.142569608,0.033998117,1.541895616
30,78,211318720,67,3.509916741,0.142569608,0.033998117,1.578395722
15,78,211318720,67,3.526310667,0.142569608,0.033998117,1.583954800
11,78,211318720,67,4.048834751,0.142569608,0.033998117,1.507668902
26,78,211318720,67,4.631383878,0.142569608,0.033998117,1.312926307
24,79,211318720,67,0.471074863,0.142569608,0.065301955,0.244563037
5,79,211318720,67,0.493886795,0.142569608,0.065301955,0.298181293
14,79,211318720,67,0.521006957,0.142569608,0.065301955,0.343393388
8,79,211318720,67,0.551219237,0.142569608,0.065301955,0.379442993
18,79,211318720,67,0.594830857,0.142569608,0.065301955,0.438132551
16,79,211318720,67,0.684555460,0.142569608,0.065301955,0.622467581
6,79,211318720,67,0.716258591,0.142569608,0.065301955,0.696181315
7,79,211318720,67,0.756315152,0.142569608,0.065301955,0.763372241
10,79,211318720,67,0.787964203,0.142569608,0.065301955,0.793480890
19,79,211318720,67,0.796201518,0.142569608,0.065301955,0.796469985
29,79,211318720,67,1.183672432,0.142569608,0.065301955,0.856407113
28,79,211318720,67,1.188466205,0.142569608,0.065301955,0.858317300
1,79,211318720,67,1.332269212,0.142569608,0.065301955,0.905769267
13,79,211318720,67,1.536520533,0.142569608,0.065301955,0.938110961
17,79,211318720,67,1.671294430,0.142569608,0.065301955,1.013615067
26,79,211318720,67,1.770823247,0.142569608,0.065301955,1.046432022
4,79,211318720,67,1.987851416,0.142569608,0.065301955,1.286617547
25,79,211318720,67,1.993541907,0.142569608,0.065301955,1.296319873
23,79,211318720,67,1.995962943,0.142569608,0.065301955,1.298604672
27,79,211318720,67,2.077190725,0.142569608,0.065301955,1.325117076
21,79,211318720,67,2.277511893,0.142569608,0.065301955,1.408342216
30,79,211318720,67,2.339944494,0.142569608,0.065301955,1.429712290
12,79,211318720,67,2.623573168,0.142569608,0.065301955,1.429326974
20,79,211318720,67,2.809613436,0.142569608,0.065301955,1.463727147
9,79,211318720,67,3.142464176,0.142569608,0.065301955,1.448236766
22,79,211318720,67,3.705109469,0.142569608,0.065301955,1.354294694
3,79,211318720,67,5.071088586,0.142569608,0.065301955,0.999840341
15,79,211318720,67,5.730254834,0.142569608,0.065301955,0.878767678
2,79,211318720,67,7.943576608,0.142569608,0.065301955,0.240678222
11,79,211318720,67,9.254479431,0.142569608,0.065301955,0.000004764
14,80,211318720,67,0.480929499,0.142569608,0.147235259,0.087895123
5,80,211318720,67,0.583684394,0.142569608,0.147235259,0.476818534
17,80,211318720,67,0.603522989,0.142569608,0.147235259,0.580969949
16,80,211318720,67,0.635658641,0.142569608,0.147235259,0.755301942
24,80,211318720,67,0.642374813,0.142569608,0.147235259,0.789179499
13,80,211318720,67,0.651857196,0.142569608,0.147235259,0.830389152
6,80,211318720,67,0.661161777,0.142569608,0.147235259,0.870034988
18,80,211318720,67,0.686343296,0.142569608,0.147235259,0.962075121
8,80,211318720,67,0.689024046,0.142569608,0.147235259,0.970182902
1,80,211318720,67,0.689104765,0.142569608,0.147235259,0.970367000
10,80,211318720,67,0.738716440,0.142569608,0.147235259,1.052685414
7,80,211318720,67,0.756315152,0.142569608,0.147235259,1.070498273
19,80,211318720,67,0.796201518,0.142569608,0.147235259,1.083378042
23,80,211318720,67,0.939276679,0.142569608,0.147235259,1.172599962
29,80,211318720,67,1.020407269,0.142569608,0.147235259,1.198480101
28,80,211318720,67,1.683660457,0.142569608,0.147235259,1.073785905
9,80,211318720,67,1.885478505,0.142569608,0.147235259,1.102625426
26,80,211318720,67,2.043257593,0.142569608,0.147235259,1.147197136
3,80,211318720,67,2.622976855,0.142569608,0.147235259,1.234809006
15,80,211318720,67,2.644733000,0.142569608,0.147235259,1.271410544
21,80,211318720,67,2.657097209,0.142569608,0.147235259,1.284183906
2,80,211318720,67,2.717539366,0.142569608,0.147235259,1.338549420
20,80,211318720,67,2.809613436,0.142569608,0.147235259,1.370333547
22,80,211318720,67,3.705109469,0.142569608,0.147235259,1.169748652
25,80,211318720,67,4.236276553,0.142569608,0.147235259,1.118744322
11,80,211318720,67,4.338037233,0.142569608,0.147235259,1.152113091
4,80,211318720,67,4.638319971,0.142569608,0.147235259,1.147031887
12,80,211318720,67,4.843519695,0.142569608,0.147235259,1.173465502
27,80,211318720,67,5.192976812,0.142569608,0.147235259,1.152362994
30,80,211318720,67,5.264875112,0.142569608,0.147235259,1.128397780
29,81,211318720,67,0.530611780,0.142569608,0.024957154,0.289458900
24,81,211318720,67,0.556724838,0.142569608,0.024957154,0.368152319
16,81,211318720,67,0.586761823,0.142569608,0.024957154,0.437818806
28,81,211318720,67,0.594233102,0.142569608,0.024957154,0.450699486
5,81,211318720,67,0.628583194,0.142569608,0.024957154,0.519635098
10,81,211318720,67,0.640220915,0.142569608,0.024957154,0.539253437
13,81,211318720,67,0.744979652,0.142569608,0.024957154,0.690784301
19,81,211318720,67,0.746438923,0.142569608,0.024957154,0.692892338
6,81,211318720,67,0.826452221,0.142569608,0.024957154,0.773655932
23,81,211318720,67,0.880571887,0.142569608,0.024957154,0.790753648
8,81,211318720,67,1.240243283,0.142569608,0.024957154,0.858825535
14,81,211318720,67,1.242401206,0.142569608,0.024957154,0.859516429
1,81,211318720,67,1.424149847,0.142569608,0.024957154,0.916009441
17,81,211318720,67,1.532019894,0.142569608,0.024957154,0.978416668
18,81,211318720,67,1.647223911,0.142569608,0.024957154,1.094784785
7,81,211318720,67,1.663893335,0.142569608,0.024957154,1.100430758
4,81,211318720,67,2.120374844,0.142569608,0.024957154,1.048534246
21,81,211318720,67,2.657097209,0.142569608,0.024957154,1.021402917
2,81,211318720,67,2.717539366,0.142569608,0.024957154,1.042027882
15,81,211318720,67,2.865127417,0.142569608,0.024957154,1.086838706
22,81,211318720,67,3.010401443,0.142569608,0.024957154,1.132447224
30,81,211318720,67,3.217423680,0.142569608,0.024957154,1.158920825
26,81,211318720,67,4.086515186,0.142569608,0.024957154,0.966093758
3,81,211318720,67,4.371628091,0.142569608,0.024957154,0.967416861
25,81,211318720,67,4.610065661,0.142569608,0.024957154,1.037611374
27,81,211318720,67,4.673679131,0.142569608,0.024957154,1.060070499
12,81,211318720,67,5.650772977,0.142569608,0.024957154,0.833487935
20,81,211318720,67,5.806534435,0.142569608,0.024957154,0.877177733
9,81,211318720,67,6.703923575,0.142569608,0.024957154,0.672906131
11,81,211318720,67,9.543681913,0.142569608,0.024957154,0.000004764
5,82,211318720,67,0.628583194,0.142569608,0.058924302,0.463618888
14,82,211318720,67,0.641239332,0.142569608,0.058924302,0.509701842
8,82,211318720,67,0.643089109,0.142569608,0.058924302,0.515253444
19,82,211318720,67,0.646913733,0.142569608,0.058924302,0.524006705
1,82,211318720,67,0.689104765,0.142569608,0.058924302,0.596725173
10,82,211318720,67,0.689468677,0.142569608,0.058924302,0.597292037
28,82,211318720,67,0.693271953,0.142569608,0.058924302,0.601038130
6,82,211318720,67,0.826452221,0.142569608,0.058924302,0.665054994
23,82,211318720,67,0.939276679,0.142569608,0.058924302,0.739871316
16,82,211318720,67,1.026833190,0.142569608,0.058924302,0.849657632
18,82,211318720,67,1.098149274,0.142569608,0.058924302,0.949897326
13,82,211318720,67,1.117469479,0.142569608,0.058924302,0.973933361
24,82,211318720,67,1.199099651,0.142569608,0.058924302,1.106774337
17,82,211318720,67,1.253470823,0.142569608,0.058924302,1.161183880
29,82,211318720,67,1.265305013,0.142569608,0.058924302,1.164686858
7,82,211318720,67,1.563051315,0.142569608,0.058924302,1.237617450
4,82,211318720,67,1.590281133,0.142569608,0.058924302,1.246931724
25,82,211318720,67,1.993541907,0.142569608,0.058924302,1.206708905
12,82,211318720,67,2.219946527,0.142569608,0.058924302,1.299914217
3,82,211318720,67,2.273246608,0.142569608,0.058924302,1.352722207
30,82,211318720,67,2.339944494,0.142569608,0.058924302,1.406542814
20,82,211318720,67,2.434998311,0.142569608,0.058924302,1.438358998
15,82,211318720,67,2.644733000,0.142569608,0.058924302,1.509384568
2,82,211318720,67,2.717539366,0.142569608,0.058924302,1.542721064
21,82,211318720,67,2.846889867,0.142569608,0.058924302,1.587722429
9,82,211318720,67,3.142464176,0.142569608,0.058924302,1.588669850
11,82,211318720,67,4.338037233,0.142569608,0.058924302,1.372689531
26,82,211318720,67,4.358949532,0.142569608,0.058924302,1.380527764
27,82,211318720,67,6.404671401,0.142569608,0.058924302,0.801462935
22,82,211318720,67,7.178649595,0.142569608,0.058924302,0.544557274
13,83,211318720,67,0.512173511,0.142569608,0.137391999,0.056501403
10,83,211318720,67,0.640220915,0.142569608,0.137391999,0.344731077
5,83,211318720,67,0.673481993,0.142569608,0.137391999,0.472908839
16,83,211318720,67,0.684555460,0.142569608,0.137391999,0.513209726
17,83,211318720,67,0.696372679,0.142569608,0.137391999,0.548622856
1,83,211318720,67,0.735045083,0.142569608,0.137391999,0.638348591
7,83,211318720,67,0.756315152,0.142569608,0.137391999,0.685776091
28,83,211318720,67,0.792310803,0.142569608,0.137391999,0.745873030
19,83,211318720,67,0.796201518,0.142569608,0.137391999,0.749812736
23,83,211318720,67,0.880571887,0.142569608,0.137391999,0.778547097
8,83,211318720,67,1.102438473,0.142569608,0.137391999,0.799311655
29,83,211318720,67,1.265305013,0.142569608,0.137391999,0.951730605
18,83,211318720,67,1.326930373,0.142569608,0.137391999,1.054821434
14,83,211318720,67,1.362633581,0.142569608,0.137391999,1.090705475
24,83,211318720,67,1.370399601,0.142569608,0.137391999,1.093094252
3,83,211318720,67,1.573786113,0.142569608,0.137391999,1.185870464
25,83,211318720,67,1.619752800,0.142569608,0.137391999,1.200103638
6,83,211318720,67,1.763098071,0.142569608,0.137391999,1.247274312
21,83,211318720,67,2.087719235,0.142569608,0.137391999,1.307011626
4,83,211318720,67,2.120374844,0.142569608,0.137391999,1.318098267
30,83,211318720,67,2.339944494,0.142569608,0.137391999,1.421858773
12,83,211318720,67,2.421759847,0.142569608,0.137391999,1.502221969
27,83,211318720,67,2.423389179,0.142569608,0.137391999,1.502688179
9,83,211318720,67,2.723468952,0.142569608,0.137391999,1.591748955
26,83,211318720,67,2.724343458,0.142569608,0.137391999,1.592033223
11,83,211318720,67,3.181227304,0.142569608,0.137391999,1.547544325
15,83,211318720,67,3.305916250,0.142569608,0.137391999,1.589114911
20,83,211318720,67,6.368457122,0.142569608,0.137391999,0.673857539
2,83,211318720,67,6.898369160,0.142569608,0.137391999,0.592596462
22,83,211318720,67,7.178649595,0.142569608,0.137391999,0.499895809
29,84,211318720,67,0.489795489,0.142569608,0.053469930,0.145277906
5,84,211318720,67,0.583684394,0.142569608,0.053469930,0.420659019
1,84,211318720,67,0.597224130,0.142569608,0.053469930,0.458790782
24,84,211318720,67,0.599549825,0.142569608,0.053469930,0.465934728
14,84,211318720,67,0.601161874,0.142569608,0.053469930,0.470902161
8,84,211318720,67,0.643089109,0.142569608,0.053469930,0.617247671
18,84,211318720,67,0.732099516,0.142569608,0.053469930,0.885194070
10,84,211318720,67,0.738716440,0.142569608,0.053469930,0.901498923
28,84,211318720,67,0.742791378,0.142569608,0.053469930,0.911037159
17,84,211318720,67,0.742797525,0.142569608,0.053469930,0.911053995
7,84,211318720,67,0.756315152,0.142569608,0.053469930,0.924794442
23,84,211318720,67,0.880571887,0.142569608,0.053469930,1.024624933
13,84,211318720,67,0.931224565,0.142569608,0.053469930,1.041229530
16,84,211318720,67,1.173523646,0.142569608,0.053469930,1.137582394
19,84,211318720,67,1.194302276,0.142569608,0.053469930,1.144235796
4,84,211318720,67,1.722804560,0.142569608,0.053469930,1.145714121
25,84,211318720,67,1.744349169,0.142569608,0.053469930,1.153237353
27,84,211318720,67,2.077190725,0.142569608,0.053469930,1.239288540
6,84,211318720,67,2.093678960,0.142569608,0.053469930,1.255748854
30,84,211318720,67,2.193697963,0.142569608,0.053469930,1.289438645
3,84,211318720,67,2.448111731,0.142569608,0.053469930,1.354241472
2,84,211318720,67,2.508497876,0.142569608,0.053469930,1.394032488
20,84,211318720,67,2.622305874,0.142569608,0.053469930,1.531827083
21,84,211318720,67,2.657097209,0.142569608,0.053469930,1.566487011
9,84,211318720,67,2.723468952,0.142569608,0.053469930,1.589245654
15,84,211318720,67,2.865127417,0.142569608,0.053469930,1.636702925
22,84,211318720,67,3.705109469,0.142569608,0.053469930,1.514873389
11,84,211318720,67,3.759632269,0.142569608,0.053469930,1.534002555
26,84,211318720,67,4.631383878,0.142569608,0.053469930,1.336962667
12,84,211318720,67,5.247146336,0.142569608,0.053469930,1.136136687
24,85,211318720,67,0.513899850,0.142569608,0.001759781,0.282820638
14,85,211318720,67,0.521006957,0.142569608,0.001759781,0.305661132
18,85,211318720,67,0.594830857,0.142569608,0.001759781,0.589073552
8,85,211318720,67,0.597154173,0.142569608,0.001759781,0.598386423
13,85,211318720,67,0.605295968,0.142569608,0.001759781,0.629391460
29,85,211318720,67,0.612244361,0.142569608,0.001759781,0.654752004
6,85,211318720,67,0.661161777,0.142569608,0.001759781,0.828819924
16,85,211318720,67,0.684555460,0.142569608,0.001759781,0.897777433
17,85,211318720,67,0.696372679,0.142569608,0.001759781,0.925280019
10,85,211318720,67,0.738716440,0.142569608,0.001759781,0.995024457
19,85,211318720,67,0.746438923,0.142569608,0.001759781,1.002642910
23,85,211318720,67,0.763162302,0.142569608,0.001759781,1.008395139
28,85,211318720,67,1.089427354,0.142569608,0.001759781,0.995749153
5,85,211318720,67,1.302065187,0.142569608,0.001759781,1.065483843
1,85,211318720,67,1.378209530,0.142569608,0.001759781,1.089339010
7,85,211318720,67,1.613472325,0.142569608,0.001759781,1.108160689
25,85,211318720,67,1.868945538,0.142569608,0.001759781,1.120373536
26,85,211318720,67,2.179474766,0.142569608,0.001759781,1.111937379
9,85,211318720,67,2.513971340,0.142569608,0.001759781,1.118964845
3,85,211318720,67,2.622976855,0.142569608,0.001759781,1.156027017
12,85,211318720,67,3.027199809,0.142569608,0.001759781,1.227483784
21,85,211318720,67,3.036682524,0.142569608,0.001759781,1.236626651
2,85,211318720,67,3.135622345,0.142569608,0.001759781,1.267738618
30,85,211318720,67,3.363670211,0.142569608,0.001759781,1.283513564
27,85,211318720,67,4.154381450,0.142569608,0.001759781,1.154128089
4,85,211318720,67,4.240749687,0.142569608,0.001759781,1.183530896
20,85,211318720,67,5.057304185,0.142569608,0.001759781,1.007749653
15,85,211318720,67,7.273015750,0.142569608,0.001759781,0.370627439
22,85,211318720,67,7.873357621,0.142569608,0.001759781,0.267917005
11,85,211318720,67,10.989694324,0.142569608,0.001759781,0.000004764
29,86,211318720,67,0.367346617,0.142569608,0.079739608,0.069105152
14,86,211318720,67,0.480929499,0.142569608,0.079739608,0.123808822
24,86,211318720,67,0.599549825,0.142569608,0.079739608,0.307596534
5,86,211318720,67,0.673481993,0.142569608,0.079739608,0.625290434
8,86,211318720,67,0.689024046,0.142569608,0.079739608,0.688685529
28,86,211318720,67,0.693271953,0.142569608,0.079739608,0.704497214
13,86,211318720,67,0.698418424,0.142569608,0.079739608,0.720012955
10,86,211318720,67,0.738716440,0.142569608,0.079739608,0.813790900
17,86,211318720,67,0.742797525,0.142569608,0.079739608,0.820555015
19,86,211318720,67,0.746438923,0.142569608,0.079739608,0.824534718
23,86,211318720,67,0.821867094,0.142569608,0.079739608,0.849490811
18,86,211318720,67,1.189661714,0.142569608,0.079739608,0.827417081
6,86,211318720,67,1.322323553,0.142569608,0.079739608,0.901451265
1,86,211318720,67,1.424149847,0.142569608,0.079739608,1.003103673
7,86,211318720,67,1.462209294,0.142569608,0.079739608,1.015559469
25,86,211318720,67,1.744349169,0.142569608,0.079739608,1.125651236
16,86,211318720,67,1.760285468,0.142569608,0.079739608,1.141499841
4,86,211318720,67,1.855327988,0.142569608,0.079739608,1.172505530
27,86,211318720,67,2.769587633,0.142569608,0.079739608,1.034632023
20,86,211318720,67,2.809613436,0.142569608,0.079739608,1.048390252
12,86,211318720,67,3.027199809,0.142569608,0.079739608,1.162318652
21,86,211318720,67,3.036682524,0.142569608,0.079739608,1.165803867
15,86,211318720,67,3.526310667,0.142569608,0.079739608,1.102478512
26,86,211318720,67,4.631383878,0.142569608,0.079739608,0.834969817
30,86,211318720,67,4.972382050,0.142569608,0.079739608,0.818234961
3,86,211318720,67,5.595683957,0.142569608,0.079739608,0.707713385
22,86,211318720,67,6.252372228,0.142569608,0.079739608,0.588582015
9,86,211318720,67,6.913421186,0.142569608,0.079739608,0.469433370
2,86,211318720,67,7.525493629,0.142569608,0.079739608,0.363752162
11,86,211318720,67,8.676074466,0.142569608,0.079739608,0.000004764
14,87,211318720,67,0.360697124,0.142569608,0.031400178,0.058251411
16,87,211318720,67,0.488968186,0.142569608,0.031400178,0.206198407
7,87,211318720,67,0.554631112,0.142569608,0.031400178,0.351183262
5,87,211318720,67,0.583684394,0.142569608,0.031400178,0.444378719
24,87,211318720,67,0.599549825,0.142569608,0.031400178,0.492294544
17,87,211318720,67,0.649947834,0.142569608,0.031400178,0.661016132
1,87,211318720,67,0.689104765,0.142569608,0.031400178,0.777882911
13,87,211318720,67,0.698418424,0.142569608,0.031400178,0.799670189
6,87,211318720,67,0.716258591,0.142569608,0.031400178,0.829441487
19,87,211318720,67,0.746438923,0.142569608,0.031400178,0.859602692
23,87,211318720,67,0.763162302,0.142569608,0.031400178,0.864457207
8,87,211318720,67,0.918698728,0.142569608,0.031400178,0.906743162
28,87,211318720,67,1.138946779,0.142569608,0.031400178,0.928976284
18,87,211318720,67,1.326930373,0.142569608,0.031400178,1.055444091
10,87,211318720,67,1.329689592,0.142569608,0.031400178,1.058541294
29,87,211318720,67,1.469386467,0.142569608,0.031400178,1.107760434
30,87,211318720,67,1.608711840,0.142569608,0.031400178,1.172793247
4,87,211318720,67,1.722804560,0.142569608,0.031400178,1.210167568
25,87,211318720,67,1.868945538,0.142569608,0.031400178,1.328144220
26,87,211318720,67,1.907040420,0.142569608,0.031400178,1.340971155
9,87,211318720,67,2.513971340,0.142569608,0.031400178,1.235467862
22,87,211318720,67,2.778832101,0.142569608,0.031400178,1.477225281
3,87,211318720,67,2.797841978,0.142569608,0.031400178,1.521992955
12,87,211318720,67,2.825386488,0.142569608,0.031400178,1.568227562
21,87,211318720,67,2.846889867,0.142569608,0.031400178,1.589641748
15,87,211318720,67,2.865127417,0.142569608,0.031400178,1.596045181
20,87,211318720,67,4.682689061,0.142569608,0.031400178,1.090767331
27,87,211318720,67,5.019877585,0.142569608,0.031400178,1.076284072
2,87,211318720,67,7.943576608,0.142569608,0.031400178,0.204684815
11,87,211318720,67,10.411289359,0.142569608,0.031400178,0.000004764
19,88,211318720,67,0.447863354,0.142569608,0.352824122,0.078525933
18,88,211318720,67,0.549074637,0.142569608,0.352824122,0.331595668
23,88,211318720,67,0.587047924,0.142569608,0.352824122,0.470491176
17,88,211318720,67,0.603522989,0.142569608,0.352824122,0.520011458
29,88,211318720,67,0.612244361,0.142569608,0.352824122,0.540555083
10,88,211318720,67,0.640220915,0.142569608,0.352824122,0.586747481
16,88,211318720,67,0.684555460,0.142569608,0.352824122,0.644906067
28,88,211318720,67,0.693271953,0.142569608,0.352824122,0.653776398
7,88,211318720,67,0.806736162,0.142569608,0.352824122,0.737365083
6,88,211318720,67,0.881549036,0.142569608,0.352824122,0.761665854
8,88,211318720,67,1.102438473,0.142569608,0.352824122,0.840528331
14,88,211318720,67,1.162246289,0.142569608,0.352824122,0.860891780
24,88,211318720,67,1.370399601,0.142569608,0.352824122,0.985192045
5,88,211318720,67,1.436761586,0.142569608,0.352824122,1.052227117
13,88,211318720,67,1.443398076,0.142569608,0.352824122,1.054643254
1,88,211318720,67,1.607911118,0.142569608,0.352824122,1.095385957
9,88,211318720,67,1.885478505,0.142569608,0.352824122,1.121071445
25,88,211318720,67,1.993541907,0.142569608,0.352824122,1.207758276
27,88,211318720,67,2.077190725,0.142569608,0.352824122,1.336513277
4,88,211318720,67,2.120374844,0.142569608,0.352824122,1.407671489
26,88,211318720,67,2.179474766,0.142569608,0.352824122,1.467140005
30,88,211318720,67,2.193697963,0.142569608,0.352824122,1.471686510
12,88,211318720,67,2.623573168,0.142569608,0.352824122,1.455912870
2,88,211318720,67,2.717539366,0.142569608,0.352824122,1.489134593
15,88,211318720,67,3.085521834,0.142569608,0.352824122,1.462362655
11,88,211318720,67,4.048834751,0.142569608,0.352824122,1.240570923
3,88,211318720,67,5.245953710,0.142569608,0.352824122,0.938767716
21,88,211318720,67,5.503987075,0.142569608,0.352824122,0.948911691
20,88,211318720,67,6.368457122,0.142569608,0.352824122,0.758169738
22,88,211318720,67,8.104926963,0.142569608,0.352824122,0.182313144
29,89,211318720,67,0.367346617,0.142569608,0.047522731,0.046692912
8,89,211318720,67,0.551219237,0.142569608,0.047522731,0.208164553
14,89,211318720,67,0.561084416,0.142569608,0.047522731,0.224463388
24,89,211318720,67,0.642374813,0.142569608,0.047522731,0.499079998
18,89,211318720,67,0.686343296,0.142569608,0.047522731,0.689559530
7,89,211318720,67,0.705894142,0.142569608,0.047522731,0.761467181
5,89,211318720,67,0.718380793,0.142569608,0.047522731,0.798726037
16,89,211318720,67,0.733452279,0.142569608,0.047522731,0.833647187
28,89,211318720,67,0.742791378,0.142569608,0.047522731,0.849216994
19,89,211318720,67,0.746438923,0.142569608,0.047522731,0.852874212
6,89,211318720,67,0.771355406,0.142569608,0.047522731,0.861060246
23,89,211318720,67,0.939276679,0.142569608,0.047522731,0.972964912
17,89,211318720,67,0.974921751,0.142569608,0.047522731,0.994760925
1,89,211318720,67,1.102567624,0.142569608,0.047522731,1.037067469
10,89,211318720,67,1.280441829,0.142569608,0.047522731,1.075101591
13,89,211318720,67,1.536520533,0.142569608,0.047522731,1.084802974
3,89,211318720,67,1.923516360,0.142569608,0.047522731,1.100927391
25,89,211318720,67,1.993541907,0.142569608,0.047522731,1.123960651
30,89,211318720,67,2.193697963,0.142569608,0.047522731,1.154476375
21,89,211318720,67,2.657097209,0.142569608,0.047522731,1.200838164
2,89,211318720,67,2.717539366,0.142569608,0.047522731,1.260966616
9,89,211318720,67,2.723468952,0.142569608,0.047522731,1.263029490
20,89,211318720,67,2.996920999,0.142569608,0.047522731,1.269728435
12,89,211318720,67,3.229013130,0.142569608,0.047522731,1.290084921
22,89,211318720,67,3.473540127,0.142569608,0.047522731,1.364717667
15,89,211318720,67,3.526310667,0.142569608,0.047522731,1.405001424
27,89,211318720,67,3.635083768,0.142569608,0.047522731,1.440403234
4,89,211318720,67,4.108226260,0.142569608,0.047522731,1.376040735
26,89,211318720,67,4.495166705,0.142569608,0.047522731,1.341702211
11,89,211318720,67,8.965276948,0.142569608,0.047522731,0.000004764
18,90,211318720,67,0.549074637,0.142569608,0.027380571,0.256613761
29,90,211318720,67,0.571428070,0.142569608,0.027380571,0.320331479
5,90,211318720,67,0.583684394,0.142569608,0.027380571,0.349248109
28,90,211318720,67,0.643752528,0.142569608,0.027380571,0.518128296
7,90,211318720,67,0.655473132,0.142569608,0.027380571,0.545233918
17,90,211318720,67,0.696372679,0.142569608,0.027380571,0.612828038
16,90,211318720,67,0.733452279,0.142569608,0.027380571,0.650728994
1,90,211318720,67,0.735045083,0.142569608,0.027380571,0.651112648
23,90,211318720,67,0.939276679,0.142569608,0.027380571,0.675702310
14,90,211318720,67,1.322556122,0.142569608,0.027380571,0.716888772
13,90,211318720,67,1.350275620,0.142569608,0.027380571,0.741218588
8,90,211318720,67,1.469917965,0.142569608,0.027380571,0.961429745
24,90,211318720,67,1.498874563,0.142569608,0.027380571,1.009833422
10,90,211318720,67,1.526680643,0.142569608,0.027380571,1.038137864
19,90,211318720,67,1.542640440,0.142569608,0.027380571,1.043478237
6,90,211318720,67,1.708001257,0.142569608,0.027380571,1.083921954
26,90,211318720,67,2.043257593,0.142569608,0.027380571,1.114845306
4,90,211318720,67,2.120374844,0.142569608,0.027380571,1.169488873
12,90,211318720,67,2.219946527,0.142569608,0.027380571,1.217920216
30,90,211318720,67,2.339944494,0.142569608,0.027380571,1.258598305
9,90,211318720,67,2.513971340,0.142569608,0.027380571,1.298427574
3,90,211318720,67,2.797841978,0.142569608,0.027380571,1.302044338
15,90,211318720,67,3.526310667,0.142569608,0.027380571,1.161303808
22,90,211318720,67,3.705109469,0.142569608,0.027380571,1.198391482
25,90,211318720,67,4.236276553,0.142569608,0.027380571,1.116102172
20,90,211318720,67,4.682689061,0.142569608,0.027380571,1.063213527
27,90,211318720,67,5.885373720,0.142569608,0.027380571,0.758968821
11,90,211318720,67,6.073252126,0.142569608,0.027380571,0.793340191
21,90,211318720,67,6.452950364,0.142569608,0.027380571,0.760040264
2,90,211318720,67,6.898369160,0.142569608,0.027380571,0.611592408
14,91,211318720,67,0.480929499,0.142569608,0.021056240,0.071340167
8,91,211318720,67,0.597154173,0.142569608,0.021056240,0.293735103
29,91,211318720,67,0.612244361,0.142569608,0.021056240,0.357218696
16,91,211318720,67,0.684555460,0.142569608,0.021056240,0.722503491
24,91,211318720,67,0.685199800,0.142569608,0.021056240,0.725705877
10,91,211318720,67,0.689468677,0.142569608,0.021056240,0.744419148
28,91,211318720,67,0.742791378,0.142569608,0.021056240,0.939296549
17,91,211318720,67,0.742797525,0.142569608,0.021056240,0.939318001
13,91,211318720,67,0.744979652,0.142569608,0.021056240,0.944274016
19,91,211318720,67,0.746438923,0.142569608,0.021056240,0.946678261
7,91,211318720,67,0.756315152,0.142569608,0.021056240,0.956286761
23,91,211318720,67,0.821867094,0.142569608,0.021056240,0.979389542
5,91,211318720,67,1.436761586,0.142569608,0.021056240,0.928754850
18,91,211318720,67,1.509955252,0.142569608,0.021056240,1.002668596
1,91,211318720,67,1.561970800,0.142569608,0.021056240,1.055457761
6,91,211318720,67,1.652904442,0.142569608,0.021056240,1.085764789
4,91,211318720,67,1.855327988,0.142569608,0.021056240,1.260493618
20,91,211318720,67,1.873075624,0.142569608,0.021056240,1.278558381
30,91,211318720,67,1.901204902,0.142569608,0.021056240,1.288961178
27,91,211318720,67,2.077190725,0.142569608,0.021056240,1.408051947
3,91,211318720,67,2.098381484,0.142569608,0.021056240,1.415458597
15,91,211318720,67,2.865127417,0.142569608,0.021056240,1.261128652
12,91,211318720,67,3.229013130,0.142569608,0.021056240,1.234878074
22,91,211318720,67,3.473540127,0.142569608,0.021056240,1.331882084
25,91,211318720,67,3.488698338,0.142569608,0.021056240,1.337197362
26,91,211318720,67,4.631383878,0.142569608,0.021056240,1.054653426
9,91,211318720,67,5.027942681,0.142569608,0.021056240,1.021357673
21,91,211318720,67,5.693779733,0.142569608,0.021056240,0.897995931
2,91,211318720,67,6.480286180,0.142569608,0.021056240,0.731533379
11,91,211318720,67,10.411289359,0.142569608,0.021056240,0.000004764
14,92,211318720,67,0.360697124,0.142569608,0.063571081,0.050033610
18,92,211318720,67,0.594830857,0.142569608,0.063571081,0.370477511
8,92,211318720,67,0.597154173,0.142569608,0.063571081,0.378128227
7,92,211318720,67,0.605052122,0.142569608,0.063571081,0.404856062
17,92,211318720,67,0.649947834,0.142569608,0.063571081,0.574042056
24,92,211318720,67,0.685199800,0.142569608,0.063571081,0.703576498
19,92,211318720,67,0.696676328,0.142569608,0.063571081,0.737822096
10,92,211318720,67,0.738716440,0.142569608,0.063571081,0.836318158
28,92,211318720,67,0.742791378,0.142569608,0.063571081,0.843320832
23,92,211318720,67,0.763162302,0.142569608,0.063571081,0.863807462
6,92,211318720,67,0.771355406,0.142569608,0.063571081,0.866578291
16,92,211318720,67,1.026833190,0.142569608,0.063571081,0.882001916
5,92,211318720,67,1.167368788,0.142569608,0.063571081,0.974344738
1,92,211318720,67,1.240388577,0.142569608,0.063571081,0.997196478
29,92,211318720,67,1.428570176,0.142569608,0.063571081,1.029243483
13,92,211318720,67,1.769326674,0.142569608,0.063571081,1.053258982
4,92,211318720,67,1.855327988,0.142569608,0.063571081,1.143118711
26,92,211318720,67,1.907040420,0.142569608,0.063571081,1.195458634
25,92,211318720,67,1.993541907,0.142569608,0.063571081,1.225487673
20,92,211318720,67,2.247690749,0.142569608,0.063571081,1.233728493
3,92,211318720,67,2.622976855,0.142569608,0.063571081,1.234065391
9,92,211318720,67,2.723468952,0.142569608,0.063571081,1.266697231
22,92,211318720,67,3.010401443,0.142569608,0.063571081,1.428223225
12,92,211318720,67,3.027199809,0.142569608,0.063571081,1.445379047
21,92,211318720,67,3.036682524,0.142569608,0.063571081,1.448728283
30,92,211318720,67,3.802409803,0.142569608,0.063571081,1.288978450
11,92,211318720,67,4.048834751,0.142569608,0.063571081,1.302521636
15,92,211318720,67,5.289466000,0.142569608,0.063571081,0.990497800
2,92,211318720,67,5.644120222,0.142569608,0.063571081,0.971278544
27,92,211318720,67,5.885373720,0.142569608,0.063571081,0.892913510
13,93,211318720,67,0.558734739,0.142569608,0.017518006,0.288508238
14,93,211318720,67,0.601161874,0.142569608,0.017518006,0.444777386
7,93,211318720,67,0.605052122,0.142569608,0.017518006,0.462557603
16,93,211318720,67,0.635658641,0.142569608,0.017518006,0.594970519
29,93,211318720,67,0.653060652,0.142569608,0.017518006,0.658990821
6,93,211318720,67,0.661161777,0.142569608,0.017518006,0.683182748
1,93,211318720,67,0.689104765,0.142569608,0.017518006,0.749071340
28,93,211318720,67,0.742791378,0.142569608,0.017518006,0.838411761
17,93,211318720,67,0.742797525,0.142569608,0.017518006,0.838420924
19,93,211318720,67,0.746438923,0.142569608,0.017518006,0.839631753
18,93,211318720,67,0.960880615,0.142569608,0.017518006,0.862576423
5,93,211318720,67,1.122469989,0.142569608,0.017518006,0.904793485
10,93,211318720,67,1.280441829,0.142569608,0.017518006,0.955113538
24,93,211318720,67,1.413224588,0.142569608,0.017518006,1.026171031
8,93,211318720,67,1.515852901,0.142569608,0.017518006,1.061359431
25,93,211318720,67,1.993541907,0.142569608,0.017518006,0.996989488
23,93,211318720,67,2.172077320,0.142569608,0.017518006,1.123611675
26,93,211318720,67,2.179474766,0.142569608,0.017518006,1.126048961
20,93,211318720,67,2.622305874,0.142569608,0.017518006,1.074382925
27,93,211318720,67,2.769587633,0.142569608,0.017518006,1.121095594
12,93,211318720,67,3.027199809,0.142569608,0.017518006,1.131089236
9,93,211318720,67,3.351961787,0.142569608,0.017518006,1.120079896
30,93,211318720,67,3.509916741,0.142569608,0.017518006,1.159105245
4,93,211318720,67,4.108226260,0.142569608,0.017518006,1.092357434
3,93,211318720,67,4.196762968,0.142569608,0.017518006,1.121770384
11,93,211318720,67,4.627239715,0.142569608,0.017518006,1.071959240
2,93,211318720,67,5.016995753,0.142569608,0.017518006,1.038809000
22,93,211318720,67,5.789233545,0.142569608,0.017518006,0.877557378
15,93,211318720,67,6.391438084,0.142569608,0.017518006,0.774641046
21,93,211318720,67,6.642743022,0.142569608,0.017518006,0.693107748
29,94,211318720,67,0.448979198,0.142569608,0.102850765,0.048421301
18,94,211318720,67,0.594830857,0.142569608,0.102850765,0.262420550
8,94,211318720,67,0.597154173,0.142569608,0.102850765,0.264853934
5,94,211318720,67,0.628583194,0.142569608,0.102850765,0.275148140
16,94,211318720,67,0.782349097,0.142569608,0.102850765,0.518640034
10,94,211318720,67,0.787964203,0.142569608,0.102850765,0.527718014
7,94,211318720,67,0.806736162,0.142569608,0.102850765,0.546499420
6,94,211318720,67,0.881549036,0.142569608,0.102850765,0.652889982
14,94,211318720,67,0.961858998,0.142569608,0.102850765,0.785174093
1,94,211318720,67,0.964746671,0.142569608,0.102850765,0.787761385
24,94,211318720,67,1.027799701,0.142569608,0.102850765,0.808831367
28,94,211318720,67,1.436063331,0.142569608,0.102850765,0.831251788
13,94,211318720,67,1.489959305,0.142569608,0.102850765,0.854667468
17,94,211318720,67,1.624869585,0.142569608,0.102850765,0.992438462
19,94,211318720,67,1.691928225,0.142569608,0.102850765,1.104556315
21,94,211318720,67,1.708133920,0.142569608,0.102850765,1.120615482
23,94,211318720,67,1.761143773,0.142569608,0.102850765,1.161532679
25,94,211318720,67,1.868945538,0.142569608,0.102850765,1.284271842
26,94,211318720,67,1.907040420,0.142569608,0.102850765,1.323075193
4,94,211318720,67,1.987851416,0.142569608,0.102850765,1.377844097
2,94,211318720,67,2.090414897,0.142569608,0.102850765,1.411832855
3,94,211318720,67,2.448111731,0.142569608,0.102850765,1.387073884
27,94,211318720,67,2.769587633,0.142569608,0.102850765,1.376723094
12,94,211318720,67,3.027199809,0.142569608,0.102850765,1.441690182
15,94,211318720,67,3.085521834,0.142569608,0.102850765,1.462269259
9,94,211318720,67,3.351961787,0.142569608,0.102850765,1.469510516
20,94,211318720,67,4.869996623,0.142569608,0.102850765,1.063383913
30,94,211318720,67,5.557368174,0.142569608,0.102850765,0.929533844
22,94,211318720,67,7.410218937,0.142569608,0.102850765,0.414372098
11,94,211318720,67,7.519264537,0.142569608,0.102850765,0.378027935
1,95,211318720,67,0.505343494,0.142569608,0.115306929,0.116325542
28,95,211318720,67,0.594233102,0.142569608,0.115306929,0.327378344
14,95,211318720,67,0.601161874,0.142569608,0.115306929,0.353625226
24,95,211318720,67,0.685199800,0.142569608,0.115306929,0.738804077
18,95,211318720,67,0.686343296,0.142569608,0.115306929,0.744583332
10,95,211318720,67,0.689468677,0.142569608,0.115306929,0.758075176
7,95,211318720,67,0.705894142,0.142569608,0.115306929,0.818486599
8,95,211318720,67,0.734958982,0.142569608,0.115306929,0.906026566
17,95,211318720,67,0.742797525,0.142569608,0.115306929,0.924763397
13,95,211318720,67,0.744979652,0.142569608,0.115306929,0.927903718
19,95,211318720,67,0.796201518,0.142569608,0.115306929,0.978623567
6,95,211318720,67,0.826452221,0.142569608,0.115306929,0.988940965
29,95,211318720,67,1.061223559,0.142569608,0.115306929,1.007025628
5,95,211318720,67,1.526559185,0.142569608,0.115306929,0.948192631
23,95,211318720,67,1.702438981,0.142569608,0.115306929,1.092247078
4,95,211318720,67,1.722804560,0.142569608,0.115306929,1.112253338
16,95,211318720,67,1.809182287,0.142569608,0.115306929,1.197893803
25,95,211318720,67,1.868945538,0.142569608,0.115306929,1.216955254
20,95,211318720,67,2.622305874,0.142569608,0.115306929,1.064842994
22,95,211318720,67,2.778832101,0.142569608,0.115306929,1.190215254
3,95,211318720,67,2.797841978,0.142569608,0.115306929,1.196086886
9,95,211318720,67,3.351961787,0.142569608,0.115306929,1.111228520
15,95,211318720,67,3.526310667,0.142569608,0.115306929,1.233971301
26,95,211318720,67,3.541646495,0.142569608,0.115306929,1.239603448
30,95,211318720,67,3.802409803,0.142569608,0.115306929,1.248762557
11,95,211318720,67,4.048834751,0.142569608,0.115306929,1.290329836
27,95,211318720,67,4.154381450,0.142569608,0.115306929,1.326915525
12,95,211318720,67,5.852586298,0.142569608,0.115306929,0.859732451
21,95,211318720,67,6.073365049,0.142569608,0.115306929,0.883545181
2,95,211318720,67,6.271244691,0.142569608,0.115306929,0.817723362
8,96,211318720,67,0.413414428,0.142569608,0.041039914,0.056514608
28,96,211318720,67,0.544713677,0.142569608,0.041039914,0.327762053
24,96,211318720,67,0.556724838,0.142569608,0.041039914,0.357918864
10,96,211318720,67,0.590973152,0.142569608,0.041039914,0.449083523
13,96,211318720,67,0.605295968,0.142569608,0.041039914,0.482660326
7,96,211318720,67,0.655473132,0.142569608,0.041039914,0.575856440
17,96,211318720,67,0.696372679,0.142569608,0.041039914,0.644163346
6,96,211318720,67,0.716258591,0.142569608,0.041039914,0.675304621
16,96,211318720,67,0.782349097,0.142569608,0.041039914,0.771616047
14,96,211318720,67,0.841626623,0.142569608,0.041039914,0.829786746
23,96,211318720,67,0.880571887,0.142569608,0.041039914,0.842935040
1,96,211318720,67,1.194448259,0.142569608,0.041039914,0.895931706
5,96,211318720,67,1.257166388,0.142569608,0.041039914,0.967442066
4,96,211318720,67,1.325234277,0.142569608,0.041039914,1.035558870
29,96,211318720,67,1.387753885,0.142569608,0.041039914,1.071120691
18,96,211318720,67,1.509955252,0.142569608,0.041039914,1.184850890
19,96,211318720,67,1.542640440,0.142569608,0.041039914,1.195026124
9,96,211318720,67,2.094976117,0.142569608,0.041039914,1.108307594
21,96,211318720,67,2.277511893,0.142569608,0.041039914,1.143303985
27,96,211318720,67,2.596488406,0.142569608,0.041039914,1.134019014
3,96,211318720,67,2.797841978,0.142569608,0.041039914,1.249793950
20,96,211318720,67,2.809613436,0.142569608,0.041039914,1.253936071
26,96,211318720,67,2.996777803,0.142569608,0.041039914,1.363355655
12,96,211318720,67,3.027199809,0.142569608,0.041039914,1.373952407
11,96,211318720,67,4.048834751,0.142569608,0.041039914,1.182389822
25,96,211318720,67,4.111680184,0.142569608,0.041039914,1.212402056
30,96,211318720,67,4.241149396,0.142569608,0.041039914,1.255875266
15,96,211318720,67,5.289466000,0.142569608,0.041039914,1.003941357
22,96,211318720,67,5.557664203,0.142569608,0.041039914,1.010215544
2,96,211318720,67,6.689327670,0.142569608,0.041039914,0.637146957
7,97,211318720,67,0.554631112,0.142569608,0.012094354,0.330220367
8,97,211318720,67,0.597154173,0.142569608,0.012094354,0.491445524
1,97,211318720,67,0.597224130,0.142569608,0.012094354,0.491687102
29,97,211318720,67,0.612244361,0.142569608,0.012094354,0.557142773
10,97,211318720,67,0.640220915,0.142569608,0.012094354,0.678968910
24,97,211318720,67,0.642374813,0.142569608,0.012094354,0.688248365
5,97,211318720,67,0.673481993,0.142569608,0.012094354,0.801406930
18,97,211318720,67,0.732099516,0.142569608,0.012094354,1.009027344
28,97,211318720,67,0.742791378,0.142569608,0.012094354,1.041032774
13,97,211318720,67,0.744979652,0.142569608,0.012094354,1.046110856
19,97,211318720,67,0.746438923,0.142569608,0.012094354,1.048612975
16,97,211318720,67,0.782349097,0.142569608,0.012094354,1.084130155
6,97,211318720,67,0.826452221,0.142569608,0.012094354,1.118656759
23,97,211318720,67,0.939276679,0.142569608,0.012094354,1.227949580
17,97,211318720,67,0.974921751,0.142569608,0.012094354,1.240076850
14,97,211318720,67,1.282478664,0.142569608,0.012094354,1.234631833
25,97,211318720,67,1.868945538,0.142569608,0.012094354,1.134342591
26,97,211318720,67,2.043257593,0.142569608,0.012094354,1.216514268
4,97,211318720,67,2.120374844,0.142569608,0.012094354,1.318290082
30,97,211318720,67,2.193697963,0.142569608,0.012094354,1.417256864
12,97,211318720,67,2.219946527,0.142569608,0.012094354,1.443200508
2,97,211318720,67,2.299456387,0.142569608,0.012094354,1.468602168
27,97,211318720,67,2.596488406,0.142569608,0.012094354,1.466501840
3,97,211318720,67,2.797841978,0.142569608,0.012094354,1.495759422
20,97,211318720,67,2.996920999,0.142569608,0.012094354,1.523842685
21,97,211318720,67,3.985645813,0.142569608,0.012094354,1.291707129
9,97,211318720,67,5.237440293,0.142569608,0.012094354,0.977930922
22,97,211318720,67,6.020802887,0.142569608,0.012094354,0.819836146
15,97,211318720,67,7.934199001,0.142569608,0.012094354,0.281100191
11,97,211318720,67,9.832884395,0.142569608,0.012094354,0.000004764
24,98,211318720,67,0.428249875,0.142569608,0.269747883,0.109190075
14,98,211318720,67,0.521006957,0.142569608,0.269747883,0.263763245
10,98,211318720,67,0.541725389,0.142569608,0.269747883,0.284743540
17,98,211318720,67,0.557098143,0.142569608,0.269747883,0.300334916
1,98,211318720,67,0.689104765,0.142569608,0.269747883,0.734105375
19,98,211318720,67,0.696676328,0.142569608,0.269747883,0.762073974
13,98,211318720,67,0.698418424,0.142569608,0.269747883,0.767404346
5,98,211318720,67,0.718380793,0.142569608,0.269747883,0.814386148
8,98,211318720,67,0.734958982,0.142569608,0.269747883,0.841968513
6,98,211318720,67,0.771355406,0.142569608,0.269747883,0.900570303
16,98,211318720,67,0.782349097,0.142569608,0.269747883,0.911588405
23,98,211318720,67,0.880571887,0.142569608,0.269747883,0.975144142
29,98,211318720,67,0.979590978,0.142569608,0.269747883,1.009235932
18,98,211318720,67,1.418442813,0.142569608,0.269747883,0.958717259
7,98,211318720,67,1.613472325,0.142569608,0.269747883,1.035945779
28,98,211318720,67,1.683660457,0.142569608,0.269747883,1.059450404
3,98,211318720,67,2.098381484,0.142569608,0.269747883,1.058198502
26,98,211318720,67,2.179474766,0.142569608,0.269747883,1.086112220
30,98,211318720,67,2.339944494,0.142569608,0.269747883,1.129216999
12,98,211318720,67,2.623573168,0.142569608,0.269747883,1.131724268
2,98,211318720,67,2.926580856,0.142569608,0.269747883,1.125521827
15,98,211318720,67,3.305916250,0.142569608,0.269747883,1.163497542
9,98,211318720,67,3.351961787,0.142569608,0.269747883,1.210376209
4,98,211318720,67,3.445609121,0.142569608,0.269747883,1.242695285
25,98,211318720,67,4.111680184,0.142569608,0.269747883,1.182557927
27,98,211318720,67,4.154381450,0.142569608,0.269747883,1.196476852
20,98,211318720,67,4.495381498,0.142569608,0.269747883,1.177912864
21,98,211318720,67,5.503987075,0.142569608,0.269747883,0.937493843
22,98,211318720,67,8.799634988,0.142569608,0.269747883,0.048830581
11,98,211318720,67,10.700491842,0.142569608,0.269747883,0.000004764
24,99,211318720,67,0.385424888,0.142569608,0.026513390,0.053030150
14,99,211318720,67,0.521006957,0.142569608,0.026513390,0.187488832
8,99,211318720,67,0.551219237,0.142569608,0.026513390,0.251958088
13,99,211318720,67,0.651857196,0.142569608,0.026513390,0.541524538
29,99,211318720,67,0.653060652,0.142569608,0.026513390,0.545874077
5,99,211318720,67,0.673481993,0.142569608,0.026513390,0.613672289
18,99,211318720,67,0.732099516,0.142569608,0.026513390,0.822046409
16,99,211318720,67,0.733452279,0.142569608,0.026513390,0.826018254
28,99,211318720,67,0.742791378,0.142569608,0.026513390,0.847492810
10,99,211318720,67,0.787964203,0.142569608,0.026513390,0.930540089
7,99,211318720,67,0.806736162,0.142569608,0.026513390,0.969105496
6,99,211318720,67,0.826452221,0.142569608,0.026513390,1.002613429
1,99,211318720,67,0.918806353,0.142569608,0.026513390,1.095571449
23,99,211318720,67,0.939276679,0.142569608,0.026513390,1.103007883
17,99,211318720,67,1.114196287,0.142569608,0.026513390,1.184039803
19,99,211318720,67,1.194302276,0.142569608,0.026513390,1.210030232
4,99,211318720,67,1.722804560,0.142569608,0.026513390,1.193575809
26,99,211318720,67,1.770823247,0.142569608,0.026513390,1.210389742
25,99,211318720,67,1.993541907,0.142569608,0.026513390,1.233847042
30,99,211318720,67,2.193697963,0.142569608,0.026513390,1.317510905
27,99,211318720,67,2.250289952,0.142569608,0.026513390,1.336847136
3,99,211318720,67,2.448111731,0.142569608,0.026513390,1.366502349
21,99,211318720,67,2.657097209,0.142569608,0.026513390,1.391766232
12,99,211318720,67,3.229013130,0.142569608,0.026513390,1.355111228
15,99,211318720,67,3.305916250,0.142569608,0.026513390,1.432546618
9,99,211318720,67,3.351961787,0.142569608,0.026513390,1.447383547
20,99,211318720,67,5.993841997,0.142569608,0.026513390,0.795034354
22,99,211318720,67,6.020802887,0.142569608,0.026513390,0.821763048
11,99,211318720,67,6.073252126,0.142569608,0.026513390,0.839240169
2,99,211318720,67,6.898369160,0.142569608,0.026513390,0.570269653
5,100,211318720,67,0.404089196,0.142569608,0.032659378,0.092652303
14,100,211318720,67,0.480929499,0.142569608,0.032659378,0.231670407
1,100,211318720,67,0.551283812,0.142569608,0.032659378,0.459551199
24,100,211318720,67,0.556724838,0.142569608,0.032659378,0.481417853
13,100,211318720,67,0.605295968,0.142569608,0.032659378,0.658094849
29,100,211318720,67,0.612244361,0.142569608,0.032659378,0.679061438
10,100,211318720,67,0.640220915,0.142569608,0.032659378,0.744358957
7,100,211318720,67,0.655473132,0.142569608,0.032659378,0.769488703
8,100,211318720,67,0.689024046,0.142569608,0.032659378,0.802821155
17,100,211318720,67,0.696372679,0.142569608,0.032659378,0.805480100
23,100,211318720,67,0.880571887,0.142569608,0.032659378,0.934224589
6,100,211318720,67,0.881549036,0.142569608,0.032659378,0.934590806
16,100,211318720,67,1.026833190,0.142569608,0.032659378,0.980892906
19,100,211318720,67,1.443115251,0.142569608,0.032659378,0.958588692
18,100,211318720,67,1.555711472,0.142569608,0.032659378,0.997542936
4,100,211318720,67,1.722804560,0.142569608,0.032659378,1.118934423
25,100,211318720,67,1.744349169,0.142569608,0.032659378,1.129776095
28,100,211318720,67,1.881738157,0.142569608,0.032659378,1.176112797
30,100,211318720,67,2.339944494,0.142569608,0.032659378,1.160667769
12,100,211318720,67,2.421759847,0.142569608,0.032659378,1.188638456
22,100,211318720,67,3.010401443,0.142569608,0.032659378,1.100537790
2,100,211318720,67,3.135622345,0.142569608,0.032659378,1.142098152
27,100,211318720,67,3.635083768,0.142569608,0.032659378,1.072166377
3,100,211318720,67,3.847032720,0.142569608,0.032659378,1.097144442
11,100,211318720,67,4.338037233,0.142569608,0.032659378,1.026253064
26,100,211318720,67,5.040035397,0.142569608,0.032659378,0.892012198
20,100,211318720,67,5.431919310,0.142569608,0.032659378,0.857611471
21,100,211318720,67,6.263157706,0.142569608,0.032659378,0.678250896
9,100,211318720,67,6.913421186,0.142569608,0.032659378,0.555879746
15,100,211318720,67,7.273015750,0.142569608,0.032659378,0.433681638
24,101,211318720,67,0.556724838,0.142569608,0.011105110,0.257711397
10,101,211318720,67,0.640220915,0.142569608,0.011105110,0.622481466
18,101,211318720,67,0.640587077,0.142569608,0.011105110,0.624312811
14,101,211318720,67,0.641239332,0.142569608,0.011105110,0.627065654
17,101,211318720,67,0.649947834,0.142569608,0.011105110,0.659209309
29,101,211318720,67,0.653060652,0.142569608,0.011105110,0.668659209
7,101,211318720,67,0.655473132,0.142569608,0.011105110,0.674308812
8,101,211318720,67,0.734958982,0.142569608,0.011105110,0.807205465
28,101,211318720,67,0.742791378,0.142569608,0.011105110,0.817970161
16,101,211318720,67,0.782349097,0.142569608,0.011105110,0.857763269
23,101,211318720,67,0.880571887,0.142569608,0.011105110,0.921044829
13,101,211318720,67,0.977785794,0.142569608,0.011105110,0.952995497
25,101,211318720,67,1.121367323,0.142569608,0.011105110,1.001104044
6,101,211318720,67,1.267226739,0.142569608,0.011105110,1.049294388
5,101,211318720,67,1.481660385,0.142569608,0.011105110,1.115813552
1,101,211318720,67,1.561970800,0.142569608,0.011105110,1.142378796
19,101,211318720,67,1.741690820,0.142569608,0.011105110,1.254740065
26,101,211318720,67,1.770823247,0.142569608,0.011105110,1.264969429
21,101,211318720,67,2.087719235,0.142569608,0.011105110,1.255785231
30,101,211318720,67,2.339944494,0.142569608,0.011105110,1.270624024
12,101,211318720,67,3.027199809,0.142569608,0.011105110,1.160558490
2,101,211318720,67,3.135622345,0.142569608,0.011105110,1.197078111
15,101,211318720,67,3.305916250,0.142569608,0.011105110,1.236933787
4,101,211318720,67,3.445609121,0.142569608,0.011105110,1.284000459
11,101,211318720,67,4.338037233,0.142569608,0.011105110,1.080950846
3,101,211318720,67,5.945414204,0.142569608,0.011105110,0.641284025
27,101,211318720,67,6.231572174,0.142569608,0.011105110,0.646277140
20,101,211318720,67,6.368457122,0.142569608,0.011105110,0.693776126
9,101,211318720,67,6.703923575,0.142569608,0.011105110,0.676568803
22,101,211318720,67,7.641788279,0.142569608,0.011105110,0.368551455
13,102,211318720,67,0.419051054,0.142569608,0.022725068,0.047249170
19,102,211318720,67,0.597151138,0.142569608,0.022725068,0.339098189
14,102,211318720,67,0.601161874,0.142569608,0.022725068,0.349066626
10,102,211318720,67,0.640220915,0.142569608,0.022725068,0.439880855
17,102,211318720,67,0.649947834,0.142569608,0.022725068,0.456185757
16,102,211318720,67,0.684555460,0.142569608,0.022725068,0.504203447
28,102,211318720,67,0.742791378,0.142569608,0.022725068,0.563145845
7,102,211318720,67,0.806736162,0.142569608,0.022725068,0.618016413
24,102,211318720,67,0.899324738,0.142569608,0.022725068,0.647315705
8,102,211318720,67,1.148373410,0.142569608,0.022725068,0.737338162
23,102,211318720,67,1.174095849,0.142569608,0.022725068,0.746308957
29,102,211318720,67,1.346937595,0.142569608,0.022725068,0.820434767
5,102,211318720,67,1.436761586,0.142569608,0.022725068,0.862325406
1,102,211318720,67,1.561970800,0.142569608,0.022725068,0.960902693
25,102,211318720,67,1.619752800,0.142569608,0.022725068,0.995445135
18,102,211318720,67,1.738736351,0.142569608,0.022725068,1.034426344
6,102,211318720,67,1.983485330,0.142569608,0.022725068,1.104247661
26,102,211318720,67,2.043257593,0.142569608,0.022725068,1.123590337
21,102,211318720,67,2.277511893,0.142569608,0.022725068,1.140382541
27,102,211318720,67,2.596488406,0.142569608,0.022725068,1.207570356
3,102,211318720,67,2.622976855,0.142569608,0.022725068,1.215652748
20,102,211318720,67,2.996920999,0.142569608,0.022725068,1.190268607
2,102,211318720,67,3.135622345,0.142569608,0.022725068,1.301903656
30,102,211318720,67,3.217423680,0.142569608,0.022725068,1.383864500
22,102,211318720,67,3.241970785,0.142569608,0.022725068,1.391400155
4,102,211318720,67,3.578132549,0.142569608,0.022725068,1.374061957
11,102,211318720,67,4.338037233,0.142569608,0.022725068,1.219047232
9,102,211318720,67,5.027942681,0.142569608,0.022725068,1.088433697
12,102,211318720,67,6.861652901,0.142569608,0.022725068,0.585997326
15,102,211318720,67,7.934199001,0.142569608,0.022725068,0.234236144
24,103,211318720,67,0.385424888,0.142569608,0.003191130,0.076864811
14,103,211318720,67,0.480929499,0.142569608,0.003191130,0.170889574
18,103,211318720,67,0.549074637,0.142569608,0.003191130,0.250146525
13,103,211318720,67,0.605295968,0.142569608,0.003191130,0.353830673
5,103,211318720,67,0.673481993,0.142569608,0.003191130,0.545426509
17,103,211318720,67,0.696372679,0.142569608,0.003191130,0.614125754
8,103,211318720,67,0.734958982,0.142569608,0.003191130,0.704071399
28,103,211318720,67,0.742791378,0.142569608,0.003191130,0.717252859
10,103,211318720,67,0.787964203,0.142569608,0.003191130,0.762266938
19,103,211318720,67,0.796201518,0.142569608,0.003191130,0.765338531
29,103,211318720,67,1.020407269,0.142569608,0.003191130,0.785743289
16,103,211318720,67,1.466904557,0.142569608,0.003191130,0.826263995
23,103,211318720,67,1.526324604,0.142569608,0.003191130,0.926029235
7,103,211318720,67,1.563051315,0.142569608,0.003191130,0.965769482
6,103,211318720,67,1.597807627,0.142569608,0.003191130,1.000514018
1,103,211318720,67,1.699791753,0.142569608,0.003191130,1.034828876
25,103,211318720,67,1.868945538,0.142569608,0.003191130,1.091558153
4,103,211318720,67,1.987851416,0.142569608,0.003191130,1.130525925
3,103,211318720,67,2.448111731,0.142569608,0.003191130,1.075389121
26,103,211318720,67,2.588126285,0.142569608,0.003191130,1.120846191
27,103,211318720,67,2.769587633,0.142569608,0.003191130,1.322116168
20,103,211318720,67,2.809613436,0.142569608,0.003191130,1.389922652
12,103,211318720,67,2.825386488,0.142569608,0.003191130,1.405184713
21,103,211318720,67,2.846889867,0.142569608,0.003191130,1.412357254
2,103,211318720,67,3.135622345,0.142569608,0.003191130,1.505973790
9,103,211318720,67,3.142464176,0.142569608,0.003191130,1.507840541
15,103,211318720,67,3.305916250,0.142569608,0.003191130,1.548677042
30,103,211318720,67,4.094902865,0.142569608,0.003191130,1.385922685
11,103,211318720,67,4.627239715,0.142569608,0.003191130,1.302305706
22,103,211318720,67,5.326094861,0.142569608,0.003191130,1.069761219
18,104,211318720,67,0.457562198,0.142569608,0.010152272,0.102907102
14,104,211318720,67,0.521006957,0.142569608,0.010152272,0.201113583
19,104,211318720,67,0.597151138,0.142569608,0.010152272,0.406360149
29,104,211318720,67,0.612244361,0.142569608,0.010152272,0.482166952
5,104,211318720,67,0.673481993,0.142569608,0.010152272,0.772391829
28,104,211318720,67,0.693271953,0.142569608,0.010152272,0.871497497
13,104,211318720,67,0.698418424,0.142569608,0.010152272,0.893689084
6,104,211318720,67,0.716258591,0.142569608,0.010152272,0.959526532
16,104,211318720,67,0.733452279,0.142569608,0.010152272,1.011288380
8,104,211318720,67,0.734958982,0.142569608,0.010152272,1.014777085
1,104,211318720,67,0.735045083,0.142569608,0.010152272,1.014914480
10,104,211318720,67,0.787964203,0.142569608,0.010152272,1.068040873
7,104,211318720,67,0.806736162,0.142569608,0.010152272,1.074004137
17,104,211318720,67,1.021346596,0.142569608,0.010152272,1.159062084
24,104,211318720,67,1.070624688,0.142569608,0.010152272,1.174434496
30,104,211318720,67,1.316218778,0.142569608,0.010152272,1.190264559
25,104,211318720,67,1.495156430,0.142569608,0.010152272,1.226305410
23,104,211318720,67,1.937258151,0.142569608,0.010152272,1.176737185
27,104,211318720,67,2.596488406,0.142569608,0.010152272,1.130471785
20,104,211318720,67,2.622305874,0.142569608,0.010152272,1.139253581
3,104,211318720,67,2.797841978,0.142569608,0.010152272,1.253107815
12,104,211318720,67,2.825386488,0.142569608,0.010152272,1.262487279
21,104,211318720,67,3.036682524,0.142569608,0.010152272,1.287170637
22,104,211318720,67,3.473540127,0.142569608,0.010152272,1.289185366
26,104,211318720,67,3.541646495,0.142569608,0.010152272,1.311714830
4,104,211318720,67,4.505796543,0.142569608,0.010152272,1.104859707
15,104,211318720,67,4.628282750,0.142569608,0.010152272,1.147202729
9,104,211318720,67,4.818445069,0.142569608,0.010152272,1.180475076
2,104,211318720,67,6.898369160,0.142569608,0.010152272,0.588253047
11,104,211318720,67,9.543681913,0.142569608,0.010152272,0.000004764
14,105,211318720,67,0.521006957,0.142569608,0.211029232,0.124778556
13,105,211318720,67,0.605295968,0.142569608,0.211029232,0.268829519
5,105,211318720,67,0.628583194,0.142569608,0.211029232,0.313534068
18,105,211318720,67,0.640587077,0.142569608,0.211029232,0.333136797
17,105,211318720,67,0.742797525,0.142569608,0.211029232,0.546635611
23,105,211318720,67,0.763162302,0.142569608,0.211029232,0.580133872
19,105,211318720,67,0.796201518,0.142569608,0.211029232,0.613069414
7,105,211318720,67,0.806736162,0.142569608,0.211029232,0.616864761
24,105,211318720,67,1.027799701,0.142569608,0.211029232,0.638109002
1,105,211318720,67,1.194448259,0.142569608,0.211029232,0.678090609
10,105,211318720,67,1.428185117,0.142569608,0.211029232,0.829435157
29,105,211318720,67,1.428570176,0.142569608,0.211029232,0.829738159
16,105,211318720,67,1.515801376,0.142569608,0.211029232,0.877481511
28,105,211318720,67,1.634141031,0.142569608,0.211029232,1.018277138
8,105,211318720,67,1.653657710,0.142569608,0.211029232,1.037725434
25,105,211318720,67,1.744349169,0.142569608,0.211029232,1.077520630
6,105,211318720,67,1.873291701,0.142569608,0.211029232,1.197519057
30,105,211318720,67,1.901204902,0.142569608,0.211029232,1.207651797
26,105,211318720,67,2.043257593,0.142569608,0.211029232,1.300708128
4,105,211318720,67,2.120374844,0.142569608,0.211029232,1.326990309
2,105,211318720,67,2.508497876,0.142569608,0.211029232,1.312518791
3,105,211318720,67,2.622976855,0.142569608,0.211029232,1.351454491
27,105,211318720,67,2.769587633,0.142569608,0.211029232,1.398768765
11,105,211318720,67,3.470429786,0.142569608,0.211029232,1.257054413
9,105,211318720,67,5.446937904,0.142569608,0.211029232,0.691793640
22,105,211318720,67,5.789233545,0.142569608,0.211029232,0.676993735
21,105,211318720,67,6.263157706,0.142569608,0.211029232,0.620157078
15,105,211318720,67,6.391438084,0.142569608,0.211029232,0.666256975
12,105,211318720,67,6.659839580,0.142569608,0.211029232,0.669572441
20,105,211318720,67,6.930379810,0.142569608,0.211029232,0.580009157
24,106,211318720,67,0.471074863,0.142569608,0.118731186,0.104344383
5,106,211318720,67,0.538785595,0.142569608,0.118731186,0.212167577
13,106,211318720,67,0.605295968,0.142569608,0.118731186,0.440148947
19,106,211318720,67,0.646913733,0.142569608,0.118731186,0.598130725
7,106,211318720,67,0.655473132,0.142569608,0.118731186,0.633735444
18,106,211318720,67,0.686343296,0.142569608,0.118731186,0.747465005
1,106,211318720,67,0.689104765,0.142569608,0.118731186,0.757417498
23,106,211318720,67,0.704457509,0.142569608,0.118731186,0.803874749
8,106,211318720,67,0.734958982,0.142569608,0.118731186,0.875215059
16,106,211318720,67,0.782349097,0.142569608,0.118731186,0.954525052
28,106,211318720,67,0.792310803,0.142569608,0.118731186,0.964206339
6,106,211318720,67,0.826452221,0.142569608,0.118731186,0.975934000
10,106,211318720,67,1.280441829,0.142569608,0.118731186,0.962178918
14,106,211318720,67,1.362633581,0.142569608,0.118731186,1.058015406
17,106,211318720,67,1.439170204,0.142569608,0.118731186,1.135098756
29,106,211318720,67,1.469386467,0.142569608,0.118731186,1.145986616
30,106,211318720,67,1.901204902,0.142569608,0.118731186,1.135878221
4,106,211318720,67,1.987851416,0.142569608,0.118731186,1.223604035
26,106,211318720,67,2.043257593,0.142569608,0.118731186,1.241835702
27,106,211318720,67,2.250289952,0.142569608,0.118731186,1.266964907
3,106,211318720,67,2.448111731,0.142569608,0.118731186,1.298145255
20,106,211318720,67,2.996920999,0.142569608,0.118731186,1.353966579
12,106,211318720,67,3.027199809,0.142569608,0.118731186,1.402769565
21,106,211318720,67,3.036682524,0.142569608,0.118731186,1.412433677
9,106,211318720,67,3.142464176,0.142569608,0.118731186,1.445471257
22,106,211318720,67,3.473540127,0.142569608,0.118731186,1.426808786
25,106,211318720,67,4.111680184,0.142569608,0.118731186,1.310866348
11,106,211318720,67,4.627239715,0.142569608,0.118731186,1.332014085
15,106,211318720,67,4.628282750,0.142569608,0.118731186,1.332161432
2,106,211318720,67,7.107410650,0.142569608,0.118731186,0.512012913
14,107,211318720,67,0.360697124,0.142569608,0.035215300,0.047892426
29,107,211318720,67,0.530611780,0.142569608,0.035215300,0.131633906
17,107,211318720,67,0.603522989,0.142569608,0.035215300,0.261321376
8,107,211318720,67,0.689024046,0.142569608,0.035215300,0.542727499
19,107,211318720,67,0.696676328,0.142569608,0.035215300,0.565625559
13,107,211318720,67,0.698418424,0.142569608,0.035215300,0.569873848
28,107,211318720,67,0.742791378,0.142569608,0.035215300,0.643839964
7,107,211318720,67,0.756315152,0.142569608,0.035215300,0.657652988
16,107,211318720,67,0.782349097,0.142569608,0.035215300,0.666414148
18,107,211318720,67,1.464199032,0.142569608,0.035215300,0.656319529
1,107,211318720,67,1.516030483,0.142569608,0.035215300,0.777719276
5,107,211318720,67,1.571457984,0.142569608,0.035215300,0.870130779
10,107,211318720,67,1.575928405,0.142569608,0.035215300,0.874624072
24,107,211318720,67,1.584524539,0.142569608,0.035215300,0.877634810
6,107,211318720,67,1.818194886,0.142569608,0.035215300,0.982622021
4,107,211318720,67,1.855327988,0.142569608,0.035215300,1.019943679
23,107,211318720,67,1.937258151,0.142569608,0.035215300,1.073423151
26,107,211318720,67,2.043257593,0.142569608,0.035215300,1.179333047
27,107,211318720,67,2.077190725,0.142569608,0.035215300,1.209203132
30,107,211318720,67,2.193697963,0.142569608,0.035215300,1.274040716
2,107,211318720,67,2.299456387,0.142569608,0.035215300,1.309007914
21,107,211318720,67,2.657097209,0.142569608,0.035215300,1.299562353
22,107,211318720,67,2.778832101,0.142569608,0.035215300,1.421155588
3,107,211318720,67,2.797841978,0.142569608,0.035215300,1.427147462
25,107,211318720,67,4.236276553,0.142569608,0.035215300,1.137834414
12,107,211318720,67,4.238079733,0.142569608,0.035215300,1.138373957
9,107,211318720,67,4.399449846,0.142569608,0.035215300,1.178437207
11,107,211318720,67,4.627239715,0.142569608,0.035215300,1.198563055
20,107,211318720,67,5.993841997,0.142569608,0.035215300,0.846548507
15,107,211318720,67,7.052621334,0.142569608,0.035215300,0.497268232
14,108,211318720,67,0.480929499,0.142569608,0.064182289,0.060647774
17,108,211318720,67,0.603522989,0.142569608,0.064182289,0.458037707
24,108,211318720,67,0.642374813,0.142569608,0.064182289,0.625619702
19,108,211318720,67,0.646913733,0.142569608,0.064182289,0.642278442
13,108,211318720,67,0.651857196,0.142569608,0.064182289,0.658633270
7,108,211318720,67,0.655473132,0.142569608,0.064182289,0.669336819
16,108,211318720,67,0.684555460,0.142569608,0.064182289,0.736782160
8,108,211318720,67,0.689024046,0.142569608,0.064182289,0.744229042
5,108,211318720,67,0.718380793,0.142569608,0.064182289,0.773955349
28,108,211318720,67,0.792310803,0.142569608,0.064182289,0.836009009
23,108,211318720,67,0.880571887,0.142569608,0.064182289,0.866832129
25,108,211318720,67,1.121367323,0.142569608,0.064182289,0.904336303
10,108,211318720,67,1.231194067,0.142569608,0.064182289,0.992544253
6,108,211318720,67,1.322323553,0.142569608,0.064182289,1.085121415
29,108,211318720,67,1.346937595,0.142569608,0.064182289,1.109561765
18,108,211318720,67,1.464199032,0.142569608,0.064182289,1.179223068
1,108,211318720,67,1.561970800,0.142569608,0.064182289,1.212240870
4,108,211318720,67,1.855327988,0.142569608,0.064182289,1.210635986
30,108,211318720,67,2.339944494,0.142569608,0.064182289,1.147119349
12,108,211318720,67,2.623573168,0.142569608,0.064182289,1.150075763
20,108,211318720,67,2.809613436,0.142569608,0.064182289,1.264599135
21,108,211318720,67,2.846889867,0.142569608,0.064182289,1.301985849
9,108,211318720,67,2.932966564,0.142569608,0.064182289,1.331598782
15,108,211318720,67,3.305916250,0.142569608,0.064182289,1.375045154
2,108,211318720,67,3.344663835,0.142569608,0.064182289,1.387627817
26,108,211318720,67,4.495166705,0.142569608,0.064182289,1.103220804
27,108,211318720,67,4.673679131,0.142569608,0.064182289,1.141088859
3,108,211318720,67,5.420818833,0.142569608,0.064182289,0.989021201
22,108,211318720,67,8.336496304,0.142569608,0.064182289,0.118105119
11,108,211318720,67,10.989694324,0.142569608,0.064182289,0.000004764
24,109,211318720,67,0.556724838,0.142569608,0.095073625,0.142622209
18,109,211318720,67,0.640587077,0.142569608,0.095073625,0.446118754
19,109,211318720,67,0.646913733,0.142569608,0.095073625,0.464795226
5,109,211318720,67,0.673481993,0.142569608,0.095073625,0.526962226
17,109,211318720,67,0.696372679,0.142569608,0.095073625,0.565282236
13,109,211318720,67,0.698418424,0.142569608,0.095073625,0.567349170
7,109,211318720,67,0.705894142,0.142569608,0.095073625,0.569837961
23,109,211318720,67,0.939276679,0.142569608,0.095073625,0.632090901
10,109,211318720,67,1.034203016,0.142569608,0.095073625,0.727158561
29,109,211318720,67,1.061223559,0.142569608,0.095073625,0.736153502
28,109,211318720,67,1.237985630,0.142569608,0.095073625,0.844478385
14,109,211318720,67,1.322556122,0.142569608,0.095073625,0.928490341
8,109,211318720,67,1.332113155,0.142569608,0.095073625,0.934211108
1,109,211318720,67,1.470090165,0.142569608,0.095073625,1.013291066
16,109,211318720,67,1.564698194,0.142569608,0.095073625,1.044683282
6,109,211318720,67,1.873291701,0.142569608,0.095073625,1.037014079
26,109,211318720,67,2.043257593,0.142569608,0.095073625,1.186599869
22,109,211318720,67,2.084124076,0.142569608,0.095073625,1.228105603
4,109,211318720,67,2.120374844,0.142569608,0.095073625,1.239897915
30,109,211318720,67,2.339944494,0.142569608,0.095073625,1.268267396
21,109,211318720,67,2.467304551,0.142569608,0.095073625,1.311577257
3,109,211318720,67,2.622976855,0.142569608,0.095073625,1.354309350
15,109,211318720,67,2.865127417,0.142569608,0.095073625,1.369354105
9,109,211318720,67,3.142464176,0.142569608,0.095073625,1.374485269
2,109,211318720,67,3.344663835,0.142569608,0.095073625,1.402252390
25,109,211318720,67,3.488698338,0.142569608,0.095073625,1.450236383
27,109,211318720,67,5.712274493,0.142569608,0.095073625,0.814004390
20,109,211318720,67,6.181149560,0.142569608,0.095073625,0.753128634
11,109,211318720,67,6.940859573,0.142569608,0.095073625,0.593695771
12,109,211318720,67,7.063466221,0.142569608,0.095073625,0.552831093
14,110,211318720,67,0.360697124,0.142569608,0.002605849,0.047858236
1,110,211318720,67,0.689104765,0.142569608,0.002605849,0.142025662
19,110,211318720,67,0.746438923,0.142569608,0.002605849,0.237166686
16,110,211318720,67,0.782349097,0.142569608,0.002605849,0.273052676
6,110,211318720,67,0.826452221,0.142569608,0.002605849,0.288914372
17,110,211318720,67,0.974921751,0.142569608,0.002605849,0.362944259
5,110,211318720,67,1.077571189,0.142569608,0.002605849,0.465622756
13,110,211318720,67,1.117469479,0.142569608,0.002605849,0.491904959
24,110,211318720,67,1.241924638,0.142569608,0.002605849,0.687201099
10,110,211318720,67,1.280441829,0.142569608,0.002605849,0.751569235
29,110,211318720,67,1.306121304,0.142569608,0.002605849,0.777348692
28,110,211318720,67,1.337024480,0.142569608,0.002605849,0.797546814
18,110,211318720,67,1.464199032,0.142569608,0.002605849,0.840501401
7,110,211318720,67,1.663893335,0.142569608,0.002605849,1.074600843
8,110,211318720,67,1.699592646,0.142569608,0.002605849,1.158071998
23,110,211318720,67,1.702438981,0.142569608,0.002605849,1.162783888
25,110,211318720,67,1.744349169,0.142569608,0.002605849,1.204282474
26,110,211318720,67,1.770823247,0.142569608,0.002605849,1.213252997
4,110,211318720,67,1.987851416,0.142569608,0.002605849,1.236237707
30,110,211318720,67,2.193697963,0.142569608,0.002605849,1.264846462
3,110,211318720,67,2.622976855,0.142569608,0.002605849,1.221019600
27,110,211318720,67,2.769587633,0.142569608,0.002605849,1.268198155
2,110,211318720,67,3.135622345,0.142569608,0.002605849,1.330905249
9,110,211318720,67,3.142464176,0.142569608,0.002605849,1.333530998
21,110,211318720,67,4.555023786,0.142569608,0.002605849,0.962267692
20,110,211318720,67,4.869996623,0.142569608,0.002605849,0.954405370
12,110,211318720,67,5.448959656,0.142569608,0.002605849,0.859431377
11,110,211318720,67,6.362454609,0.142569608,0.002605849,0.670026548
22,110,211318720,67,6.483941570,0.142569608,0.002605849,0.713126270
15,110,211318720,67,7.934199001,0.142569608,0.002605849,0.228985762
24,111,211318720,67,0.513899850,0.142569608,0.003417297,0.220809534
16,111,211318720,67,0.537865004,0.142569608,0.003417297,0.276553694
28,111,211318720,67,0.594233102,0.142569608,0.003417297,0.454354356
17,111,211318720,67,0.603522989,0.142569608,0.003417297,0.487423877
5,111,211318720,67,0.628583194,0.142569608,0.003417297,0.578530862
1,111,211318720,67,0.689104765,0.142569608,0.003417297,0.800582546
19,111,211318720,67,0.696676328,0.142569608,0.003417297,0.823678815
13,111,211318720,67,0.698418424,0.142569608,0.003417297,0.827791058
10,111,211318720,67,0.738716440,0.142569608,0.003417297,0.917627723
7,111,211318720,67,0.756315152,0.142569608,0.003417297,0.970251983
23,111,211318720,67,0.763162302,0.142569608,0.003417297,0.986217683
29,111,211318720,67,0.857142106,0.142569608,0.003417297,1.143748085
18,111,211318720,67,0.869368175,0.142569608,0.003417297,1.156125303
6,111,211318720,67,0.881549036,0.142569608,0.003417297,1.160895924
25,111,211318720,67,1.121367323,0.142569608,0.003417297,1.218516181
14,111,211318720,67,1.202323748,0.142569608,0.003417297,1.253133935
8,111,211318720,67,1.332113155,0.142569608,0.003417297,1.298551347
12,111,211318720,67,2.018133206,0.142569608,0.003417297,1.244823968
30,111,211318720,67,2.047451433,0.142569608,0.003417297,1.254171558
27,111,211318720,67,2.423389179,0.142569608,0.003417297,1.370940573
3,111,211318720,67,2.448111731,0.142569608,0.003417297,1.396068732
21,111,211318720,67,2.467304551,0.142569608,0.003417297,1.402382432
9,111,211318720,67,2.723468952,0.142569608,0.003417297,1.506928910
26,111,211318720,67,2.724343458,0.142569608,0.003417297,1.507291133
2,111,211318720,67,3.344663835,0.142569608,0.003417297,1.393386767
22,111,211318720,67,3.705109469,0.142569608,0.003417297,1.368179856
4,111,211318720,67,4.240749687,0.142569608,0.003417297,1.367598986
20,111,211318720,67,4.308073936,0.142569608,0.003417297,1.435728026
11,111,211318720,67,4.338037233,0.142569608,0.003417297,1.446212116
15,111,211318720,67,7.493410167,0.142569608,0.003417297,0.406526778
29,112,211318720,67,0.367346617,0.142569608,0.079641759,0.045259053
24,112,211318720,67,0.513899850,0.142569608,0.079641759,0.111843950
16,112,211318720,67,0.635658641,0.142569608,0.079641759,0.502551734
17,112,211318720,67,0.649947834,0.142569608,0.079641759,0.554253820
7,112,211318720,67,0.655473132,0.142569608,0.079641759,0.570549582
5,112,211318720,67,0.673481993,0.142569608,0.079641759,0.613197024
1,112,211318720,67,0.689104765,0.142569608,0.079641759,0.639712023
19,112,211318720,67,0.696676328,0.142569608,0.079641759,0.647183281
6,112,211318720,67,0.771355406,0.142569608,0.079641759,0.694550000
23,112,211318720,67,0.880571887,0.142569608,0.079641759,0.773303568
14,112,211318720,67,0.961858998,0.142569608,0.079641759,0.800882582
13,112,211318720,67,1.117469479,0.142569608,0.079641759,0.858459195
8,112,211318720,67,1.240243283,0.142569608,0.079641759,0.900982112
28,112,211318720,67,1.535102181,0.142569608,0.079641759,1.061513948
27,112,211318720,67,1.557893044,0.142569608,0.079641759,1.115245513
10,112,211318720,67,1.625176168,0.142569608,0.079641759,1.244514257
26,112,211318720,67,1.634606075,0.142569608,0.079641759,1.260180123
18,112,211318720,67,1.647223911,0.142569608,0.079641759,1.273207874
25,112,211318720,67,1.744349169,0.142569608,0.079641759,1.326468095
4,112,211318720,67,1.855327988,0.142569608,0.079641759,1.429908057
21,112,211318720,67,1.897926578,0.142569608,0.079641759,1.444785346
30,112,211318720,67,2.193697963,0.142569608,0.079641759,1.440829829
12,112,211318720,67,2.623573168,0.142569608,0.079641759,1.394225836
20,112,211318720,67,2.809613436,0.142569608,0.079641759,1.427474143
22,112,211318720,67,3.010401443,0.142569608,0.079641759,1.469195031
2,112,211318720,67,3.135622345,0.142569608,0.079641759,1.511888335
15,112,211318720,67,3.526310667,0.142569608,0.079641759,1.475630091
11,112,211318720,67,4.048834751,0.142569608,0.079641759,1.401934520
9,112,211318720,67,4.189952234,0.142569608,0.079641759,1.448883331
3,112,211318720,67,5.945414204,0.142569608,0.079641759,0.870330287
6,113,211318720,67,0.495871333,0.142569608,0.046456095,0.140558979
5,113,211318720,67,0.538785595,0.142569608,0.046456095,0.231379728
1,113,211318720,67,0.597224130,0.142569608,0.046456095,0.391204317
28,113,211318720,67,0.643752528,0.142569608,0.046456095,0.499866845
19,113,211318720,67,0.646913733,0.142569608,0.046456095,0.505137944
8,113,211318720,67,0.689024046,0.142569608,0.046456095,0.547110440
17,113,211318720,67,0.696372679,0.142569608,0.046456095,0.549618690
29,113,211318720,67,0.897958396,0.142569608,0.046456095,0.718223216
16,113,211318720,67,0.929039553,0.142569608,0.046456095,0.749606088
23,113,211318720,67,0.939276679,0.142569608,0.046456095,0.752748237
24,113,211318720,67,1.156274663,0.142569608,0.046456095,0.776347256
10,113,211318720,67,1.428185117,0.142569608,0.046456095,0.967586526
14,113,211318720,67,1.442788497,0.142569608,0.046456095,1.003856849
25,113,211318720,67,1.495156430,0.142569608,0.046456095,1.125877610
7,113,211318720,67,1.512630305,0.142569608,0.046456095,1.155416709
18,113,211318720,67,1.555711472,0.142569608,0.046456095,1.199321009
13,113,211318720,67,1.583081761,0.142569608,0.046456095,1.208548358
15,113,211318720,67,1.983549750,0.142569608,0.046456095,1.231616140
26,113,211318720,67,2.043257593,0.142569608,0.046456095,1.291278345
4,113,211318720,67,2.120374844,0.142569608,0.046456095,1.317037519
3,113,211318720,67,2.622976855,0.142569608,0.046456095,1.248095178
12,113,211318720,67,2.825386488,0.142569608,0.046456095,1.277879671
21,113,211318720,67,3.036682524,0.142569608,0.046456095,1.303265518
11,113,211318720,67,3.470429786,0.142569608,0.046456095,1.257626227
30,113,211318720,67,3.948656334,0.142569608,0.046456095,1.195712652
20,113,211318720,67,4.495381498,0.142569608,0.046456095,1.110798109
27,113,211318720,67,5.712274493,0.142569608,0.046456095,0.809083927
2,113,211318720,67,6.689327670,0.142569608,0.046456095,0.580939562
9,113,211318720,67,7.122918798,0.142569608,0.046456095,0.532918138
22,113,211318720,67,8.799634988,0.142569608,0.046456095,0.000004764
17,114,211318720,67,0.417823608,0.142569608,0.043307777,0.058135493
28,114,211318720,67,0.544713677,0.142569608,0.043307777,0.177404594
13,114,211318720,67,0.605295968,0.142569608,0.043307777,0.404261951
7,114,211318720,67,0.655473132,0.142569608,0.043307777,0.654751587
18,114,211318720,67,0.686343296,0.142569608,0.043307777,0.787230263
1,114,211318720,67,0.689104765,0.142569608,0.043307777,0.797517848
23,114,211318720,67,0.704457509,0.142569608,0.043307777,0.843434520
6,114,211318720,67,0.716258591,0.142569608,0.043307777,0.870596049
5,114,211318720,67,0.718380793,0.142569608,0.043307777,0.874128414
16,114,211318720,67,0.733452279,0.142569608,0.043307777,0.889432599
8,114,211318720,67,0.734958982,0.142569608,0.043307777,0.889890634
25,114,211318720,67,1.121367323,0.142569608,0.043307777,0.884096898
24,114,211318720,67,1.241924638,0.142569608,0.043307777,1.057061737
14,114,211318720,67,1.242401206,0.142569608,0.043307777,1.057619761
29,114,211318720,67,1.306121304,0.142569608,0.043307777,1.078754832
26,114,211318720,67,1.498388902,0.142569608,0.043307777,1.153206150
19,114,211318720,67,1.592403035,0.142569608,0.043307777,1.247578191
10,114,211318720,67,1.625176168,0.142569608,0.043307777,1.258637077
4,114,211318720,67,1.987851416,0.142569608,0.043307777,1.233908932
27,114,211318720,67,2.769587633,0.142569608,0.043307777,1.143268061
3,114,211318720,67,2.797841978,0.142569608,0.043307777,1.152487191
20,114,211318720,67,2.996920999,0.142569608,0.043307777,1.178415937
2,114,211318720,67,3.344663835,0.142569608,0.043307777,1.248092497
9,114,211318720,67,3.351961787,0.142569608,0.043307777,1.250592285
30,114,211318720,67,3.656163272,0.142569608,0.043307777,1.244019695
21,114,211318720,67,3.985645813,0.142569608,0.043307777,1.231622524
11,114,211318720,67,4.338037233,0.142569608,0.043307777,1.209068805
15,114,211318720,67,5.289466000,0.142569608,0.043307777,0.988338274
12,114,211318720,67,6.659839580,0.142569608,0.043307777,0.637516339
22,114,211318720,67,7.873357621,0.142569608,0.043307777,0.237393554
14,115,211318720,67,0.480929499,0.142569608,0.360829830,0.128043158
29,115,211318720,67,0.571428070,0.142569608,0.360829830,0.284044791
5,115,211318720,67,0.583684394,0.142569608,0.360829830,0.305009621
28,115,211318720,67,0.594233102,0.142569608,0.360829830,0.318712087
7,115,211318720,67,0.705894142,0.142569608,0.360829830,0.617063105
16,115,211318720,67,0.733452279,0.142569608,0.360829830,0.681494074
1,115,211318720,67,0.735045083,0.142569608,0.360829830,0.684259261
17,115,211318720,67,0.742797525,0.142569608,0.360829830,0.692237173
10,115,211318720,67,0.787964203,0.142569608,0.360829830,0.708236733
25,115,211318720,67,1.121367323,0.142569608,0.360829830,0.754218705
19,115,211318720,67,1.194302276,0.142569608,0.360829830,0.828242979
8,115,211318720,67,1.240243283,0.142569608,0.360829830,0.844062987
18,115,211318720,67,1.418442813,0.142569608,0.360829830,1.050853165
13,115,211318720,67,1.443398076,0.142569608,0.360829830,1.092799785
6,115,211318720,67,1.487613998,0.142569608,0.360829830,1.137440734
24,115,211318720,67,1.498874563,0.142569608,0.360829830,1.145441270
26,115,211318720,67,1.634606075,0.142569608,0.360829830,1.190287311
4,115,211318720,67,2.120374844,0.142569608,0.360829830,1.185479958
23,115,211318720,67,2.172077320,0.142569608,0.360829830,1.203733200
27,115,211318720,67,2.596488406,0.142569608,0.360829830,1.236784236
3,115,211318720,67,2.622976855,0.142569608,0.360829830,1.245275688
20,115,211318720,67,2.996920999,0.142569608,0.360829830,1.216701837
2,115,211318720,67,3.135622345,0.142569608,0.360829830,1.262717715
15,115,211318720,67,3.305916250,0.142569608,0.360829830,1.365040743
9,115,211318720,67,3.351961787,0.142569608,0.360829830,1.392876170
22,115,211318720,67,3.473540127,0.142569608,0.360829830,1.434901449
12,115,211318720,67,4.036266412,0.142569608,0.360829830,1.344832420
11,115,211318720,67,4.338037233,0.142569608,0.360829830,1.340096563
30,115,211318720,67,4.679888989,0.142569608,0.360829830,1.319821649
21,115,211318720,67,6.263157706,0.142569608,0.360829830,0.798262356
24,116,211318720,67,0.513899850,0.142569608,0.004693969,0.164666104
18,116,211318720,67,0.594830857,0.142569608,0.004693969,0.344239592
8,116,211318720,67,0.597154173,0.142569608,0.004693969,0.349762170
7,116,211318720,67,0.605052122,0.142569608,0.004693969,0.368096651
5,116,211318720,67,0.673481993,0.142569608,0.004693969,0.550818858
1,116,211318720,67,0.735045083,0.142569608,0.004693969,0.718062976
17,116,211318720,67,0.742797525,0.142569608,0.004693969,0.739652794
13,116,211318720,67,0.744979652,0.142569608,0.004693969,0.744759654
16,116,211318720,67,0.782349097,0.142569608,0.004693969,0.807690630
14,116,211318720,67,0.841626623,0.142569608,0.004693969,0.867406754
23,116,211318720,67,0.880571887,0.142569608,0.004693969,0.879454561
10,116,211318720,67,1.181946304,0.142569608,0.004693969,0.888692529
29,116,211318720,67,1.306121304,0.142569608,0.004693969,0.935590679
19,116,211318720,67,1.443115251,0.142569608,0.004693969,1.009628172
6,116,211318720,67,1.542710812,0.142569608,0.004693969,1.044503765
28,116,211318720,67,1.683660457,0.142569608,0.004693969,1.092716017
25,116,211318720,67,1.868945538,0.142569608,0.004693969,1.126840539
30,116,211318720,67,2.047451433,0.142569608,0.004693969,1.211463991
4,116,211318720,67,2.120374844,0.142569608,0.004693969,1.244743186
27,116,211318720,67,2.250289952,0.142569608,0.004693969,1.288889572
11,116,211318720,67,2.602822340,0.142569608,0.004693969,1.300281870
2,116,211318720,67,2.717539366,0.142569608,0.004693969,1.423424877
9,116,211318720,67,2.723468952,0.142569608,0.004693969,1.429687498
21,116,211318720,67,2.846889867,0.142569608,0.004693969,1.471161338
22,116,211318720,67,3.241970785,0.142569608,0.004693969,1.485181174
15,116,211318720,67,3.305916250,0.142569608,0.004693969,1.506944644
3,116,211318720,67,4.546493215,0.142569608,0.004693969,1.233552250
26,116,211318720,67,4.631383878,0.142569608,0.004693969,1.263334941
12,116,211318720,67,6.256212939,0.142569608,0.004693969,0.823101498
20,116,211318720,67,6.368457122,0.142569608,0.004693969,0.785690699
29,117,211318720,67,0.653060652,0.142569608,0.013133276,0.188587720
24,117,211318720,67,0.685199800,0.142569608,0.013133276,0.236059505
17,117,211318720,67,0.696372679,0.142569608,0.013133276,0.253858892
7,117,211318720,67,0.806736162,0.142569608,0.013133276,0.409335719
6,117,211318720,67,0.826452221,0.142569608,0.013133276,0.428957808
14,117,211318720,67,0.881704082,0.142569608,0.013133276,0.447919618
1,117,211318720,67,1.102567624,0.142569608,0.013133276,0.533736064
8,117,211318720,67,1.148373410,0.142569608,0.013133276,0.549729857
18,117,211318720,67,1.372686593,0.142569608,0.013133276,0.568724869
5,117,211318720,67,1.526559185,0.142569608,0.013133276,0.754378380
19,117,211318720,67,1.542640440,0.142569608,0.013133276,0.777742281
13,117,211318720,67,1.583081761,0.142569608,0.013133276,0.818532835
10,117,211318720,67,1.674423931,0.142569608,0.013133276,0.876741382
28,117,211318720,67,1.782699307,0.142569608,0.013133276,1.021243438
16,117,211318720,67,1.809182287,0.142569608,0.013133276,1.048082425
25,117,211318720,67,1.868945538,0.142569608,0.013133276,1.077543697
23,117,211318720,67,1.995962943,0.142569608,0.013133276,1.119841216
26,117,211318720,67,2.179474766,0.142569608,0.013133276,1.272130060
30,117,211318720,67,2.193697963,0.142569608,0.013133276,1.286670666
3,117,211318720,67,2.273246608,0.142569608,0.013133276,1.314420219
15,117,211318720,67,2.424338583,0.142569608,0.013133276,1.359058883
27,117,211318720,67,2.769587633,0.142569608,0.013133276,1.380785955
21,117,211318720,67,2.846889867,0.142569608,0.013133276,1.442701409
9,117,211318720,67,2.932966564,0.142569608,0.013133276,1.471814939
2,117,211318720,67,3.135622345,0.142569608,0.013133276,1.499640975
22,117,211318720,67,3.473540127,0.142569608,0.013133276,1.482274532
4,117,211318720,67,4.108226260,0.142569608,0.013133276,1.369937851
11,117,211318720,67,4.627239715,0.142569608,0.013133276,1.294530211
20,117,211318720,67,4.869996623,0.142569608,0.013133276,1.309726537
12,117,211318720,67,6.458026259,0.142569608,0.013133276,0.779170768
13,118,211318720,67,0.419051054,0.142569608,0.099635586,0.129939675
16,118,211318720,67,0.440071367,0.142569608,0.099635586,0.150163138
24,118,211318720,67,0.556724838,0.142569608,0.099635586,0.374853975
5,118,211318720,67,0.583684394,0.142569608,0.099635586,0.456003451
7,118,211318720,67,0.605052122,0.142569608,0.099635586,0.505436644
28,118,211318720,67,0.643752528,0.142569608,0.099635586,0.569794806
10,118,211318720,67,0.689468677,0.142569608,0.099635586,0.616180272
19,118,211318720,67,0.696676328,0.142569608,0.099635586,0.618585373
18,118,211318720,67,1.372686593,0.142569608,0.099635586,0.678790268
29,118,211318720,67,1.387753885,0.142569608,0.099635586,0.706626421
17,118,211318720,67,1.439170204,0.142569608,0.099635586,0.818110937
14,118,211318720,67,1.442788497,0.142569608,0.099635586,0.826579970
23,118,211318720,67,1.526324604,0.142569608,0.099635586,0.966039986
8,118,211318720,67,1.561787837,0.142569608,0.099635586,1.002067552
1,118,211318720,67,1.561970800,0.142569608,0.099635586,1.002152774
4,118,211318720,67,1.722804560,0.142569608,0.099635586,1.043484508
12,118,211318720,67,2.018133206,0.142569608,0.099635586,1.169532085
6,118,211318720,67,2.038582145,0.142569608,0.099635586,1.191346471
9,118,211318720,67,2.094976117,0.142569608,0.099635586,1.247617179
26,118,211318720,67,2.179474766,0.142569608,0.099635586,1.274976882
27,118,211318720,67,2.423389179,0.142569608,0.099635586,1.290785050
25,118,211318720,67,2.616523753,0.142569608,0.099635586,1.324191249
20,118,211318720,67,2.809613436,0.142569608,0.099635586,1.353640430
2,118,211318720,67,3.344663835,0.142569608,0.099635586,1.274360640
11,118,211318720,67,3.759632269,0.142569608,0.099635586,1.234472266
3,118,211318720,67,4.546493215,0.142569608,0.099635586,1.068336716
30,118,211318720,67,4.826135520,0.142569608,0.099635586,1.070157906
22,118,211318720,67,6.252372228,0.142569608,0.099635586,0.692658528
21,118,211318720,67,6.452950364,0.142569608,0.099635586,0.722923000
15,118,211318720,67,6.832226917,0.142569608,0.099635586,0.594896652
14,119,211318720,67,0.521006957,0.142569608,0.006633117,0.149651560
29,119,211318720,67,0.571428070,0.142569608,0.006633117,0.235603839
13,119,211318720,67,0.605295968,0.142569608,0.006633117,0.320502430
24,119,211318720,67,0.685199800,0.142569608,0.006633117,0.561198609
8,119,211318720,67,0.689024046,0.142569608,0.006633117,0.569541910
5,119,211318720,67,0.718380793,0.142569608,0.006633117,0.618485310
10,119,211318720,67,0.738716440,0.142569608,0.006633117,0.639337666
17,119,211318720,67,0.742797525,0.142569608,0.006633117,0.640680854
7,119,211318720,67,1.058841213,0.142569608,0.006633117,0.705415293
18,119,211318720,67,1.098149274,0.142569608,0.006633117,0.746082159
4,119,211318720,67,1.192710850,0.142569608,0.006633117,0.779155022
1,119,211318720,67,1.332269212,0.142569608,0.006633117,0.869340872
16,119,211318720,67,1.418007738,0.142569608,0.006633117,0.967881321
23,119,211318720,67,1.467619811,0.142569608,0.006633117,1.016767091
19,119,211318720,67,1.542640440,0.142569608,0.006633117,1.074932271
28,119,211318720,67,1.634141031,0.142569608,0.006633117,1.105466948
25,119,211318720,67,1.868945538,0.142569608,0.006633117,1.198498220
30,119,211318720,67,1.901204902,0.142569608,0.006633117,1.212709681
6,119,211318720,67,2.038582145,0.142569608,0.006633117,1.257346871
27,119,211318720,67,2.250289952,0.142569608,0.006633117,1.363522043
3,119,211318720,67,2.273246608,0.142569608,0.006633117,1.371680809
26,119,211318720,67,2.860560630,0.142569608,0.006633117,1.271280517
22,119,211318720,67,3.010401443,0.142569608,0.006633117,1.440648004
21,119,211318720,67,3.036682524,0.142569608,0.006633117,1.466037406
15,119,211318720,67,3.085521834,0.142569608,0.006633117,1.481901138
2,119,211318720,67,3.344663835,0.142569608,0.006633117,1.494005376
20,119,211318720,67,3.558843686,0.142569608,0.006633117,1.515193111
11,119,211318720,67,4.338037233,0.142569608,0.006633117,1.352389541
9,119,211318720,67,5.237440293,0.142569608,0.006633117,1.155003039
12,119,211318720,67,6.659839580,0.142569608,0.006633117,0.682948910
14,120,211318720,67,0.360697124,0.142569608,0.174921557,0.047387822
23,120,211318720,67,0.587047924,0.142569608,0.174921557,0.310763919
28,120,211318720,67,0.643752528,0.142569608,0.174921557,0.553487162
17,120,211318720,67,0.649947834,0.142569608,0.174921557,0.580011011
29,120,211318720,67,0.653060652,0.142569608,0.174921557,0.591338092
6,120,211318720,67,0.661161777,0.142569608,0.174921557,0.615731686
18,120,211318720,67,0.686343296,0.142569608,0.174921557,0.674881331
5,120,211318720,67,0.718380793,0.142569608,0.174921557,0.728099863
10,120,211318720,67,0.738716440,0.142569608,0.174921557,0.749239238
16,120,211318720,67,0.782349097,0.142569608,0.174921557,0.763272461
19,120,211318720,67,1.194302276,0.142569608,0.174921557,0.722971609
7,120,211318720,67,1.411788284,0.142569608,0.174921557,0.811004395
8,120,211318720,67,1.469917965,0.142569608,0.174921557,0.869231171
24,120,211318720,67,1.541699551,0.142569608,0.174921557,0.950359734
13,120,211318720,67,1.629642990,0.142569608,0.174921557,1.039196509
1,120,211318720,67,1.653851436,0.142569608,0.174921557,1.047817283
4,120,211318720,67,1.855327988,0.142569608,0.174921557,1.162525815
25,120,211318720,67,1.868945538,0.142569608,0.174921557,1.167012390
26,120,211318720,67,2.043257593,0.142569608,0.174921557,1.205473268
27,120,211318720,67,2.250289952,0.142569608,0.174921557,1.228483472
3,120,211318720,67,2.448111731,0.142569608,0.174921557,1.309496955
9,120,211318720,67,2.513971340,0.142569608,0.174921557,1.361386636
20,120,211318720,67,2.622305874,0.142569608,0.174921557,1.470226087
15,120,211318720,67,2.644733000,0.142569608,0.174921557,1.477670122
12,120,211318720,67,2.825386488,0.142569608,0.174921557,1.593515494
21,120,211318720,67,2.846889867,0.142569608,0.174921557,1.600747601
2,120,211318720,67,3.135622345,0.142569608,0.174921557,1.602923899
22,120,211318720,67,3.473540127,0.142569608,0.174921557,1.585235522
30,120,211318720,67,3.656163272,0.142569608,0.174921557,1.619476288
11,120,211318720,67,8.386871984,0.142569608,0.174921557,0.060300613
1,121,211318720,67,0.413462859,0.142569608,0.013973753,0.161713869
14,121,211318720,67,0.440852041,0.142569608,0.013973753,0.224996328
17,121,211318720,67,0.510673298,0.142569608,0.013973753,0.379365538
6,121,211318720,67,0.550968147,0.142569608,0.013973753,0.517315036
8,121,211318720,67,0.551219237,0.142569608,0.013973753,0.518427672
29,121,211318720,67,0.612244361,0.142569608,0.013973753,0.749719514
28,121,211318720,67,0.643752528,0.142569608,0.013973753,0.865017271
19,121,211318720,67,0.646913733,0.142569608,0.013973753,0.874576287
16,121,211318720,67,0.684555460,0.142569608,0.013973753,0.965263778
24,121,211318720,67,0.685199800,0.142569608,0.013973753,0.966831163
18,121,211318720,67,0.686343296,0.142569608,0.013973753,0.968832932
13,121,211318720,67,0.744979652,0.142569608,0.013973753,1.028056971
23,121,211318720,67,0.821867094,0.142569608,0.013973753,1.054676922
3,121,211318720,67,1.573786113,0.142569608,0.013973753,1.096538669
7,121,211318720,67,1.613472325,0.142569608,0.013973753,1.161177897
5,121,211318720,67,1.616356784,0.142569608,0.013973753,1.163972861
10,121,211318720,67,1.625176168,0.142569608,0.013973753,1.166841510
25,121,211318720,67,1.868945538,0.142569608,0.013973753,1.269987573
30,121,211318720,67,1.901204902,0.142569608,0.013973753,1.302585269
4,121,211318720,67,1.987851416,0.142569608,0.013973753,1.331857181
26,121,211318720,67,3.269212149,0.142569608,0.013973753,1.111516781
15,121,211318720,67,3.305916250,0.142569608,0.013973753,1.149081406
9,121,211318720,67,3.351961787,0.142569608,0.013973753,1.179018497
22,121,211318720,67,3.473540127,0.142569608,0.013973753,1.219600324
11,121,211318720,67,4.627239715,0.142569608,0.013973753,0.935211034
20,121,211318720,67,5.057304185,0.142569608,0.013973753,0.888300815
21,121,211318720,67,5.883572391,0.142569608,0.013973753,0.804123874
27,121,211318720,67,5.885373720,0.142569608,0.013973753,0.804728478
12,121,211318720,67,6.256212939,0.142569608,0.013973753,0.776163387
2,121,211318720,67,7.107410650,0.142569608,0.013973753,0.498003179
24,122,211318720,67,0.513899850,0.142569608,0.024697281,0.171924218
1,122,211318720,67,0.551283812,0.142569608,0.024697281,0.284308763
14,122,211318720,67,0.601161874,0.142569608,0.024697281,0.431720019
28,122,211318720,67,0.643752528,0.142569608,0.024697281,0.534584752
19,122,211318720,67,0.646913733,0.142569608,0.024697281,0.543090873
29,122,211318720,67,0.653060652,0.142569608,0.024697281,0.557417856
17,122,211318720,67,0.696372679,0.142569608,0.024697281,0.637870868
16,122,211318720,67,0.782349097,0.142569608,0.024697281,0.782236539
10,122,211318720,67,0.787964203,0.142569608,0.024697281,0.787754252
6,122,211318720,67,0.826452221,0.142569608,0.024697281,0.799184339
8,122,211318720,67,1.194308346,0.142569608,0.024697281,0.771080386
5,122,211318720,67,1.391862786,0.142569608,0.024697281,0.823709947
25,122,211318720,67,1.495156430,0.142569608,0.024697281,0.962080874
13,122,211318720,67,1.536520533,0.142569608,0.024697281,1.013731198
23,122,211318720,67,1.585029396,0.142569608,0.024697281,1.088582161
7,122,211318720,67,1.663893335,0.142569608,0.024697281,1.243809118
18,122,211318720,67,1.692980131,0.142569608,0.024697281,1.291879109
4,122,211318720,67,1.722804560,0.142569608,0.024697281,1.322038993
26,122,211318720,67,1.770823247,0.142569608,0.024697281,1.344241945
27,122,211318720,67,1.904091498,0.142569608,0.024697281,1.389879760
2,122,211318720,67,2.508497876,0.142569608,0.024697281,1.286065638
20,122,211318720,67,2.809613436,0.142569608,0.024697281,1.280475735
22,122,211318720,67,3.010401443,0.142569608,0.024697281,1.308390527
12,122,211318720,67,3.229013130,0.142569608,0.024697281,1.330447203
3,122,211318720,67,3.672167597,0.142569608,0.024697281,1.325782350
11,122,211318720,67,3.759632269,0.142569608,0.024697281,1.413173110
30,122,211318720,67,3.802409803,0.142569608,0.024697281,1.427605634
21,122,211318720,67,4.555023786,0.142569608,0.024697281,1.274872643
9,122,211318720,67,6.703923575,0.142569608,0.024697281,0.661852174
15,122,211318720,67,7.934199001,0.142569608,0.024697281,0.259296115
14,123,211318720,67,0.561084416,0.142569608,0.018899364,0.201137700
19,123,211318720,67,0.597151138,0.142569608,0.018899364,0.299787800
17,123,211318720,67,0.649947834,0.142569608,0.018899364,0.424193928
29,123,211318720,67,0.653060652,0.142569608,0.018899364,0.431384603
18,123,211318720,67,0.686343296,0.142569608,0.018899364,0.506439328
5,123,211318720,67,0.718380793,0.142569608,0.018899364,0.581351034
28,123,211318720,67,0.792310803,0.142569608,0.018899364,0.729576484
7,123,211318720,67,0.806736162,0.142569608,0.018899364,0.753390915
23,123,211318720,67,0.821867094,0.142569608,0.018899364,0.769185073
24,123,211318720,67,0.899324738,0.142569608,0.018899364,0.795627383
13,123,211318720,67,1.257153163,0.142569608,0.018899364,0.816134860
8,123,211318720,67,1.332113155,0.142569608,0.018899364,0.875767216
1,123,211318720,67,1.424149847,0.142569608,0.018899364,0.907593141
6,123,211318720,67,1.652904442,0.142569608,0.018899364,1.114378312
16,123,211318720,67,1.662491831,0.142569608,0.018899364,1.130193493
4,123,211318720,67,1.722804560,0.142569608,0.018899364,1.190429393
10,123,211318720,67,1.723671693,0.142569608,0.018899364,1.190828133
25,123,211318720,67,1.993541907,0.142569608,0.018899364,1.342777561
26,123,211318720,67,2.043257593,0.142569608,0.018899364,1.425862689
30,123,211318720,67,2.047451433,0.142569608,0.018899364,1.429895934
3,123,211318720,67,2.098381484,0.142569608,0.018899364,1.446642872
27,123,211318720,67,2.596488406,0.142569608,0.018899364,1.508393983
12,123,211318720,67,2.623573168,0.142569608,0.018899364,1.535932049
21,123,211318720,67,2.657097209,0.142569608,0.018899364,1.547037290
9,123,211318720,67,2.932966564,0.142569608,0.018899364,1.548720120
22,123,211318720,67,3.473540127,0.142569608,0.018899364,1.464381019
2,123,211318720,67,5.016995753,0.142569608,0.018899364,1.054950706
20,123,211318720,67,6.930379810,0.142569608,0.018899364,0.604767341
11,123,211318720,67,6.940859573,0.142569608,0.018899364,0.607859447
15,123,211318720,67,7.493410167,0.142569608,0.018899364,0.426203964
13,124,211318720,67,0.512173511,0.142569608,0.016966155,0.292305824
19,124,211318720,67,0.547388543,0.142569608,0.016966155,0.422346856
29,124,211318720,67,0.571428070,0.142569608,0.016966155,0.494113120
1,124,211318720,67,0.597224130,0.142569608,0.016966155,0.572185710
24,124,211318720,67,0.599549825,0.142569608,0.016966155,0.579207334
7,124,211318720,67,0.605052122,0.142569608,0.016966155,0.595432309
10,124,211318720,67,0.640220915,0.142569608,0.016966155,0.685230095
5,124,211318720,67,0.718380793,0.142569608,0.016966155,0.913703116
16,124,211318720,67,0.733452279,0.142569608,0.016966155,0.948609286
17,124,211318720,67,0.742797525,0.142569608,0.016966155,0.963910948
6,124,211318720,67,0.771355406,0.142569608,0.016966155,0.992693586
28,124,211318720,67,0.792310803,0.142569608,0.016966155,0.999682596
23,124,211318720,67,0.939276679,0.142569608,0.016966155,1.045640410
14,124,211318720,67,1.362633581,0.142569608,0.016966155,1.080815305
18,124,211318720,67,1.418442813,0.142569608,0.016966155,1.136655514
8,124,211318720,67,1.469917965,0.142569608,0.016966155,1.153393639
25,124,211318720,67,1.868945538,0.142569608,0.016966155,1.119581332
9,124,211318720,67,2.094976117,0.142569608,0.016966155,1.138656168
30,124,211318720,67,2.339944494,0.142569608,0.016966155,1.193410043
15,124,211318720,67,2.424338583,0.142569608,0.016966155,1.221251564
2,124,211318720,67,2.717539366,0.142569608,0.016966155,1.281066049
22,124,211318720,67,2.778832101,0.142569608,0.016966155,1.343582853
21,124,211318720,67,2.846889867,0.142569608,0.016966155,1.366315655
20,124,211318720,67,2.996920999,0.142569608,0.016966155,1.485386716
12,124,211318720,67,3.027199809,0.142569608,0.016966155,1.495597729
26,124,211318720,67,3.541646495,0.142569608,0.016966155,1.424151302
27,124,211318720,67,4.500579904,0.142569608,0.016966155,1.204981678
4,124,211318720,67,5.035890254,0.142569608,0.016966155,1.122850051
3,124,211318720,67,5.945414204,0.142569608,0.016966155,0.917951619
11,124,211318720,67,7.808467020,0.142569608,0.016966155,0.299458725
14,125,211318720,67,0.521006957,0.142569608,0.006711481,0.248779474
8,125,211318720,67,0.551219237,0.142569608,0.006711481,0.324234762
1,125,211318720,67,0.551283812,0.142569608,0.006711481,0.324396316
29,125,211318720,67,0.612244361,0.142569608,0.006711481,0.497179983
18,125,211318720,67,0.640587077,0.142569608,0.006711481,0.601067965
24,125,211318720,67,0.685199800,0.142569608,0.006711481,0.756397308
13,125,211318720,67,0.698418424,0.142569608,0.006711481,0.795200252
16,125,211318720,67,0.733452279,0.142569608,0.006711481,0.877714077
10,125,211318720,67,0.738716440,0.142569608,0.006711481,0.886696135
17,125,211318720,67,0.742797525,0.142569608,0.006711481,0.893306437
28,125,211318720,67,0.792310803,0.142569608,0.006711481,0.941598446
6,125,211318720,67,0.881549036,0.142569608,0.006711481,0.971300232
7,125,211318720,67,1.210104244,0.142569608,0.006711481,1.029155775
19,125,211318720,67,1.244064871,0.142569608,0.006711481,1.040460348
5,125,211318720,67,1.391862786,0.142569608,0.006711481,1.111967297
26,125,211318720,67,1.498388902,0.142569608,0.006711481,1.191149655
3,125,211318720,67,1.573786113,0.142569608,0.006711481,1.214929647
2,125,211318720,67,1.881373407,0.142569608,0.006711481,1.265608210
23,125,211318720,67,1.937258151,0.142569608,0.006711481,1.284408781
15,125,211318720,67,2.203944167,0.142569608,0.006711481,1.289453007
21,125,211318720,67,2.467304551,0.142569608,0.006711481,1.304081866
11,125,211318720,67,2.602822340,0.142569608,0.006711481,1.362229824
9,125,211318720,67,2.723468952,0.142569608,0.006711481,1.505051575
27,125,211318720,67,2.769587633,0.142569608,0.006711481,1.551820259
20,125,211318720,67,2.809613436,0.142569608,0.006711481,1.565589897
12,125,211318720,67,3.027199809,0.142569608,0.006711481,1.589050714
4,125,211318720,67,3.578132549,0.142569608,0.006711481,1.501323578
25,125,211318720,67,4.111680184,0.142569608,0.006711481,1.426408012
30,125,211318720,67,4.241149396,0.142569608,0.006711481,1.468292777
22,125,211318720,67,7.873357621,0.142569608,0.006711481,0.267033549
14,126,211318720,67,0.521006957,0.142569608,0.065099038,0.199886508
16,126,211318720,67,0.537865004,0.142569608,0.065099038,0.228881649
24,126,211318720,67,0.599549825,0.142569608,0.065099038,0.356402589
5,126,211318720,67,0.628583194,0.142569608,0.065099038,0.404610321
1,126,211318720,67,0.689104765,0.142569608,0.065099038,0.511825761
17,126,211318720,67,0.696372679,0.142569608,0.065099038,0.523945054
10,126,211318720,67,0.787964203,0.142569608,0.065099038,0.696966468
7,126,211318720,67,0.806736162,0.142569608,0.065099038,0.739668625
29,126,211318720,67,0.857142106,0.142569608,0.065099038,0.823919083
23,126,211318720,67,0.880571887,0.142569608,0.065099038,0.847555690
13,126,211318720,67,0.931224565,0.142569608,0.065099038,0.883160552
19,126,211318720,67,1.045014492,0.142569608,0.065099038,0.921772515
8,126,211318720,67,1.240243283,0.142569608,0.065099038,0.952148046
28,126,211318720,67,1.634141031,0.142569608,0.065099038,1.021249438
18,126,211318720,67,1.692980131,0.142569608,0.065099038,1.079728977
6,126,211318720,67,1.708001257,0.142569608,0.065099038,1.084205789
25,126,211318720,67,1.868945538,0.142569608,0.065099038,1.126214685
9,126,211318720,67,2.304473729,0.142569608,0.065099038,1.074768001
21,126,211318720,67,2.467304551,0.142569608,0.065099038,1.117117328
3,126,211318720,67,2.797841978,0.142569608,0.065099038,1.108942130
2,126,211318720,67,2.926580856,0.142569608,0.065099038,1.191279586
22,126,211318720,67,3.010401443,0.142569608,0.065099038,1.263441203
15,126,211318720,67,3.085521834,0.142569608,0.065099038,1.288439498
4,126,211318720,67,3.843179404,0.142569608,0.065099038,1.128696698
30,126,211318720,67,4.533642458,0.142569608,0.065099038,0.998301590
26,126,211318720,67,4.767601051,0.142569608,0.065099038,1.018261352
27,126,211318720,67,5.539175266,0.142569608,0.065099038,0.904195139
20,126,211318720,67,5.619226873,0.142569608,0.065099038,0.930709008
12,126,211318720,67,5.852586298,0.142569608,0.065099038,0.949674598
11,126,211318720,67,10.411289359,0.142569608,0.065099038,0.000004764
14,127,211318720,67,0.360697124,0.142569608,0.127525821,0.046260216
13,127,211318720,67,0.558734739,0.142569608,0.127525821,0.256283436
16,127,211318720,67,0.586761823,0.142569608,0.127525821,0.375785418
24,127,211318720,67,0.642374813,0.142569608,0.127525821,0.617527147
7,127,211318720,67,0.655473132,0.142569608,0.127525821,0.674529031
5,127,211318720,67,0.673481993,0.142569608,0.127525821,0.740915066
18,127,211318720,67,0.686343296,0.142569608,0.127525821,0.779465300
1,127,211318720,67,0.689104765,0.142569608,0.127525821,0.786037380
23,127,211318720,67,0.704457509,0.142569608,0.127525821,0.811811769
28,127,211318720,67,0.742791378,0.142569608,0.127525821,0.850396752
6,127,211318720,67,0.771355406,0.142569608,0.127525821,0.860507521
8,127,211318720,67,0.964633664,0.142569608,0.127525821,0.939905867
10,127,211318720,67,1.034203016,0.142569608,0.127525821,0.964628187
29,127,211318720,67,1.265305013,0.142569608,0.127525821,1.025141394
17,127,211318720,67,1.346320513,0.142569608,0.127525821,1.053025424
20,127,211318720,67,1.685768062,0.142569608,0.127525821,1.128910112
19,127,211318720,67,1.691928225,0.142569608,0.127525821,1.131233823
25,127,211318720,67,1.993541907,0.142569608,0.127525821,1.187826870
26,127,211318720,67,2.043257593,0.142569608,0.127525821,1.205311587
3,127,211318720,67,2.448111731,0.142569608,0.127525821,1.219301049
9,127,211318720,67,2.513971340,0.142569608,0.127525821,1.240951307
27,127,211318720,67,2.769587633,0.142569608,0.127525821,1.251892793
2,127,211318720,67,3.135622345,0.142569608,0.127525821,1.225950271
15,127,211318720,67,3.305916250,0.142569608,0.127525821,1.265160294
11,127,211318720,67,3.759632269,0.142569608,0.127525821,1.207281512
4,127,211318720,67,4.373273115,0.142569608,0.127525821,1.097481155
12,127,211318720,67,4.843519695,0.142569608,0.127525821,1.036119070
30,127,211318720,67,5.118628581,0.142569608,0.127525821,1.128793682
21,127,211318720,67,5.124401760,0.142569608,0.127525821,1.130930667
22,127,211318720,67,8.568065646,0.142569608,0.127525821,0.000004764
5,128,211318720,67,0.493886795,0.142569608,0.036620546,0.048387896
8,128,211318720,67,0.643089109,0.142569608,0.036620546,0.540607732
1,128,211318720,67,0.643164447,0.142569608,0.036620546,0.540932899
7,128,211318720,67,0.655473132,0.142569608,0.036620546,0.586248188
24,128,211318720,67,0.685199800,0.142569608,0.036620546,0.675878117
10,128,211318720,67,0.689468677,0.142569608,0.036620546,0.685868644
17,128,211318720,67,0.696372679,0.142569608,0.036620546,0.697573773
6,128,211318720,67,0.716258591,0.142569608,0.036620546,0.717484767
19,128,211318720,67,0.746438923,0.142569608,0.036620546,0.732298162
23,128,211318720,67,0.880571887,0.142569608,0.036620546,0.778619654
14,128,211318720,67,1.042013915,0.142569608,0.036620546,0.876534654
18,128,211318720,67,1.098149274,0.142569608,0.036620546,0.895050003
29,128,211318720,67,1.265305013,0.142569608,0.036620546,1.026605054
16,128,211318720,67,1.271317283,0.142569608,0.036620546,1.028764427
13,128,211318720,67,1.443398076,0.142569608,0.036620546,1.068553826
28,128,211318720,67,1.584621606,0.142569608,0.036620546,1.117350325
25,128,211318720,67,1.868945538,0.142569608,0.036620546,1.177561428
3,128,211318720,67,1.923516360,0.142569608,0.036620546,1.196439836
4,128,211318720,67,2.120374844,0.142569608,0.036620546,1.236763286
20,128,211318720,67,2.247690749,0.142569608,0.036620546,1.278569782
27,128,211318720,67,2.769587633,0.142569608,0.036620546,1.244991372
21,128,211318720,67,2.846889867,0.142569608,0.036620546,1.270498579
9,128,211318720,67,3.142464176,0.142569608,0.036620546,1.268576889
30,128,211318720,67,3.509916741,0.142569608,0.036620546,1.325646323
15,128,211318720,67,3.526310667,0.142569608,0.036620546,1.330736617
26,128,211318720,67,3.950298013,0.142569608,0.036620546,1.283274460
11,128,211318720,67,4.627239715,0.142569608,0.036620546,1.154312674
12,128,211318720,67,5.650772977,0.142569608,0.036620546,0.909261034
2,128,211318720,67,7.107410650,0.142569608,0.036620546,0.529711752
22,128,211318720,67,8.336496304,0.142569608,0.036620546,0.124643018
10,129,211318720,67,0.443229864,0.142569608,0.068023324,0.173101540
16,129,211318720,67,0.488968186,0.142569608,0.068023324,0.257917234
6,129,211318720,67,0.495871333,0.142569608,0.068023324,0.268953391
14,129,211318720,67,0.601161874,0.142569608,0.068023324,0.521717855
17,129,211318720,67,0.603522989,0.142569608,0.068023324,0.528823277
7,129,211318720,67,0.655473132,0.142569608,0.068023324,0.684945372
5,129,211318720,67,0.673481993,0.142569608,0.068023324,0.727410187
1,129,211318720,67,0.689104765,0.142569608,0.068023324,0.753536592
8,129,211318720,67,0.734958982,0.142569608,0.068023324,0.800609633
19,129,211318720,67,0.746438923,0.142569608,0.068023324,0.807193775
13,129,211318720,67,0.884663337,0.142569608,0.068023324,0.912219392
23,129,211318720,67,0.939276679,0.142569608,0.068023324,0.930843030
29,129,211318720,67,1.102039850,0.142569608,0.068023324,1.041423915
28,129,211318720,67,1.138946779,0.142569608,0.068023324,1.053346398
18,129,211318720,67,1.418442813,0.142569608,0.068023324,1.053180572
25,129,211318720,67,1.619752800,0.142569608,0.068023324,1.170091260
24,129,211318720,67,1.627349526,0.142569608,0.068023324,1.172281160
27,129,211318720,67,2.077190725,0.142569608,0.068023324,1.146273345
26,129,211318720,67,2.179474766,0.142569608,0.068023324,1.181190093
30,129,211318720,67,2.339944494,0.142569608,0.068023324,1.224630506
9,129,211318720,67,2.932966564,0.142569608,0.068023324,1.156632314
12,129,211318720,67,3.027199809,0.142569608,0.068023324,1.188180697
22,129,211318720,67,3.241970785,0.142569608,0.068023324,1.212204432
15,129,211318720,67,3.526310667,0.142569608,0.068023324,1.214826202
3,129,211318720,67,4.896223462,0.142569608,0.068023324,1.017806610
4,129,211318720,67,4.903366826,0.142569608,0.068023324,1.025234678
21,129,211318720,67,4.934609102,0.142569608,0.068023324,1.036086619
20,129,211318720,67,5.619226873,0.142569608,0.068023324,0.900426644
2,129,211318720,67,6.689327670,0.142569608,0.068023324,0.642816001
11,129,211318720,67,8.386871984,0.142569608,0.068023324,0.085109940
29,130,211318720,67,0.408162907,0.142569608,0.082929574,0.048704931
14,130,211318720,67,0.561084416,0.142569608,0.082929574,0.338859244
17,130,211318720,67,0.603522989,0.142569608,0.082929574,0.555080794
5,130,211318720,67,0.628583194,0.142569608,0.082929574,0.680860659
24,130,211318720,67,0.642374813,0.142569608,0.082929574,0.749637202
13,130,211318720,67,0.651857196,0.142569608,0.082929574,0.792487829
7,130,211318720,67,0.655473132,0.142569608,0.082929574,0.808204373
18,130,211318720,67,0.686343296,0.142569608,0.082929574,0.922253462
1,130,211318720,67,0.689104765,0.142569608,0.082929574,0.930646989
23,130,211318720,67,0.704457509,0.142569608,0.082929574,0.966769412
10,130,211318720,67,0.738716440,0.142569608,0.082929574,1.023470462
6,130,211318720,67,0.771355406,0.142569608,0.082929574,1.056281664
28,130,211318720,67,0.792310803,0.142569608,0.082929574,1.063392683
8,130,211318720,67,1.102438473,0.142569608,0.082929574,1.057514916
25,130,211318720,67,1.495156430,0.142569608,0.082929574,1.051940227
19,130,211318720,67,1.592403035,0.142569608,0.082929574,1.085110457
26,130,211318720,67,1.770823247,0.142569608,0.082929574,1.198279782
4,130,211318720,67,1.855327988,0.142569608,0.082929574,1.283747676
16,130,211318720,67,1.858079106,0.142569608,0.082929574,1.284433771
30,130,211318720,67,2.193697963,0.142569608,0.082929574,1.267875165
27,130,211318720,67,2.596488406,0.142569608,0.082929574,1.310153220
12,130,211318720,67,2.623573168,0.142569608,0.082929574,1.319230559
2,130,211318720,67,3.135622345,0.142569608,0.082929574,1.400155858
9,130,211318720,67,3.142464176,0.142569608,0.082929574,1.407347092
11,130,211318720,67,3.181227304,0.142569608,0.082929574,1.420133393
22,130,211318720,67,3.473540127,0.142569608,0.082929574,1.480805531
15,130,211318720,67,3.526310667,0.142569608,0.082929574,1.499428047
21,130,211318720,67,3.985645813,0.142569608,0.082929574,1.442117742
20,130,211318720,67,5.806534435,0.142569608,0.082929574,0.940054626
3,130,211318720,67,5.945414204,0.142569608,0.082929574,0.893765466
19,131,211318720,67,0.447863354,0.142569608,0.021263588,0.080317659
8,131,211318720,67,0.551219237,0.142569608,0.021263588,0.446583096
5,131,211318720,67,0.583684394,0.142569608,0.021263588,0.629536596
10,131,211318720,67,0.590973152,0.142569608,0.021263588,0.665845748
14,131,211318720,67,0.601161874,0.142569608,0.021263588,0.709566647
29,131,211318720,67,0.612244361,0.142569608,0.021263588,0.749757901
1,131,211318720,67,0.643164447,0.142569608,0.021263588,0.864045889
28,131,211318720,67,0.643752528,0.142569608,0.021263588,0.866262612
24,131,211318720,67,0.685199800,0.142569608,0.021263588,0.991386667
18,131,211318720,67,0.686343296,0.142569608,0.021263588,0.994081193
17,131,211318720,67,0.696372679,0.142569608,0.021263588,1.010980418
7,131,211318720,67,0.756315152,0.142569608,0.021263588,1.083215820
16,131,211318720,67,0.782349097,0.142569608,0.021263588,1.108703587
23,131,211318720,67,0.880571887,0.142569608,0.021263588,1.142139480
13,131,211318720,67,1.769326674,0.142569608,0.021263588,0.968933863
6,131,211318720,67,1.873291701,0.142569608,0.021263588,1.023103519
4,131,211318720,67,1.987851416,0.142569608,0.021263588,1.175570489
26,131,211318720,67,2.043257593,0.142569608,0.021263588,1.230815482
30,131,211318720,67,2.047451433,0.142569608,0.021263588,1.232372958
27,131,211318720,67,2.250289952,0.142569608,0.021263588,1.260529668
20,131,211318720,67,2.622305874,0.142569608,0.021263588,1.311547091
15,131,211318720,67,2.644733000,0.142569608,0.021263588,1.319161828
21,131,211318720,67,2.846889867,0.142569608,0.021263588,1.384688108
9,131,211318720,67,2.932966564,0.142569608,0.021263588,1.413891611
2,131,211318720,67,3.344663835,0.142569608,0.021263588,1.384084857
22,131,211318720,67,3.473540127,0.142569608,0.021263588,1.426729145
25,131,211318720,67,4.236276553,0.142569608,0.021263588,1.265936893
3,131,211318720,67,4.546493215,0.142569608,0.021263588,1.257851642
12,131,211318720,67,7.063466221,0.142569608,0.021263588,0.515551522
11,131,211318720,67,10.700491842,0.142569608,0.021263588,0.000004764
14,132,211318720,67,0.400774583,0.142569608,0.018308949,0.083300396
5,132,211318720,67,0.493886795,0.142569608,0.018308949,0.263782497
18,132,211318720,67,0.549074637,0.142569608,0.018308949,0.491521443
16,132,211318720,67,0.586761823,0.142569608,0.018308949,0.629445449
17,132,211318720,67,0.603522989,0.142569608,0.018308949,0.681457023
13,132,211318720,67,0.605295968,0.142569608,0.018308949,0.686825639
29,132,211318720,67,0.612244361,0.142569608,0.018308949,0.703114451
8,132,211318720,67,0.643089109,0.142569608,0.018308949,0.774434216
19,132,211318720,67,0.646913733,0.142569608,0.018308949,0.781608702
28,132,211318720,67,0.742791378,0.142569608,0.018308949,0.983143105
7,132,211318720,67,0.756315152,0.142569608,0.018308949,1.014606723
10,132,211318720,67,0.787964203,0.142569608,0.018308949,1.066356517
6,132,211318720,67,0.826452221,0.142569608,0.018308949,1.104899899
23,132,211318720,67,0.880571887,0.142569608,0.018308949,1.124510078
1,132,211318720,67,1.148507941,0.142569608,0.018308949,1.130255334
24,132,211318720,67,1.327574613,0.142569608,0.018308949,1.235066976
25,132,211318720,67,1.370560061,0.142569608,0.018308949,1.248212382
4,132,211318720,67,1.855327988,0.142569608,0.018308949,1.182618696
30,132,211318720,67,2.047451433,0.142569608,0.018308949,1.213841209
3,132,211318720,67,2.622976855,0.142569608,0.018308949,1.244192388
12,132,211318720,67,2.623573168,0.142569608,0.018308949,1.244801110
2,132,211318720,67,2.717539366,0.142569608,0.018308949,1.276851807
9,132,211318720,67,4.189952234,0.142569608,0.018308949,0.958656774
26,132,211318720,67,4.222732359,0.142569608,0.018308949,0.969595005
11,132,211318720,67,4.627239715,0.142569608,0.018308949,0.931489290
27,132,211318720,67,5.539175266,0.142569608,0.018308949,0.811549991
22,132,211318720,67,5.557664203,0.142569608,0.018308949,0.817713305
15,132,211318720,67,5.950649250,0.142569608,0.018308949,0.784127622
20,132,211318720,67,6.181149560,0.142569608,0.018308949,0.804862912
21,132,211318720,67,6.263157706,0.142569608,0.018308949,0.777529112
8,133,211318720,67,0.551219237,0.142569608,0.035004150,0.339444763
1,133,211318720,67,0.551283812,0.142569608,0.035004150,0.339746698
17,133,211318720,67,0.603522989,0.142569608,0.035004150,0.623618840
29,133,211318720,67,0.612244361,0.142569608,0.035004150,0.673113541
14,133,211318720,67,0.641239332,0.142569608,0.035004150,0.818474157
24,133,211318720,67,0.642374813,0.142569608,0.035004150,0.823496290
16,133,211318720,67,0.684555460,0.142569608,0.035004150,0.976988271
18,133,211318720,67,0.686343296,0.142569608,0.035004150,0.982359772
23,133,211318720,67,0.704457509,0.142569608,0.035004150,1.024683797
7,133,211318720,67,0.705894142,0.142569608,0.035004150,1.027082950
6,133,211318720,67,0.716258591,0.142569608,0.035004150,1.037270412
5,133,211318720,67,0.718380793,0.142569608,0.035004150,1.038139755
10,133,211318720,67,1.034203016,0.142569608,0.035004150,1.031688870
13,133,211318720,67,1.210591935,0.142569608,0.035004150,1.067878004
19,133,211318720,67,1.592403035,0.142569608,0.035004150,1.104804399
28,133,211318720,67,1.634141031,0.142569608,0.035004150,1.118654946
25,133,211318720,67,1.993541907,0.142569608,0.035004150,1.157660476
26,133,211318720,67,2.043257593,0.142569608,0.035004150,1.174207287
30,133,211318720,67,2.193697963,0.142569608,0.035004150,1.263803038
3,133,211318720,67,2.273246608,0.142569608,0.035004150,1.290541057
27,133,211318720,67,2.423389179,0.142569608,0.035004150,1.335318218
21,133,211318720,67,2.657097209,0.142569608,0.035004150,1.354132561
15,133,211318720,67,2.865127417,0.142569608,0.035004150,1.381636073
22,133,211318720,67,3.010401443,0.142569608,0.035004150,1.522092626
12,133,211318720,67,3.027199809,0.142569608,0.035004150,1.538824231
2,133,211318720,67,3.135622345,0.142569608,0.035004150,1.640106606
4,133,211318720,67,3.180562266,0.142569608,0.035004150,1.655747367
20,133,211318720,67,3.933458811,0.142569608,0.035004150,1.494469856
11,133,211318720,67,4.338037233,0.142569608,0.035004150,1.453859247
9,133,211318720,67,5.656435516,0.142569608,0.035004150,1.020572897
14,134,211318720,67,0.521006957,0.142569608,0.018812748,0.153892318
5,134,211318720,67,0.583684394,0.142569608,0.018812748,0.284044180
13,134,211318720,67,0.605295968,0.142569608,0.018812748,0.333053100
24,134,211318720,67,0.642374813,0.142569608,0.018812748,0.438825838
1,134,211318720,67,0.689104765,0.142569608,0.018812748,0.559034207
18,134,211318720,67,0.732099516,0.142569608,0.018812748,0.687783376
17,134,211318720,67,0.742797525,0.142569608,0.018812748,0.712184278
7,134,211318720,67,0.756315152,0.142569608,0.018812748,0.734737687
23,134,211318720,67,0.821867094,0.142569608,0.018812748,0.801269157
6,134,211318720,67,0.826452221,0.142569608,0.018812748,0.802799208
28,134,211318720,67,1.188466205,0.142569608,0.018812748,0.839932806
8,134,211318720,67,1.240243283,0.142569608,0.018812748,0.882801382
19,134,211318720,67,1.343590061,0.142569608,0.018812748,0.980760911
29,134,211318720,67,1.387753885,0.142569608,0.018812748,1.005149336
16,134,211318720,67,1.515801376,0.142569608,0.018812748,1.048017217
10,134,211318720,67,1.723671693,0.142569608,0.018812748,1.108027221
12,134,211318720,67,1.816319885,0.142569608,0.018812748,1.198307100
25,134,211318720,67,1.868945538,0.142569608,0.018812748,1.216252644
3,134,211318720,67,2.797841978,0.142569608,0.018812748,1.041352036
11,134,211318720,67,2.892024822,0.142569608,0.018812748,1.072788321
21,134,211318720,67,3.036682524,0.142569608,0.018812748,1.149616318
2,134,211318720,67,3.135622345,0.142569608,0.018812748,1.182289985
15,134,211318720,67,3.305916250,0.142569608,0.018812748,1.219688996
22,134,211318720,67,3.705109469,0.142569608,0.018812748,1.184930330
30,134,211318720,67,4.241149396,0.142569608,0.018812748,1.102696641
4,134,211318720,67,4.505796543,0.142569608,0.018812748,1.110592654
26,134,211318720,67,5.040035397,0.142569608,0.018812748,1.034020402
9,134,211318720,67,5.656435516,0.142569608,0.018812748,0.987240889
27,134,211318720,67,5.712274493,0.142569608,0.018812748,1.005310789
20,134,211318720,67,6.368457122,0.142569608,0.018812748,0.785446466
14,135,211318720,67,0.521006957,0.142569608,0.123279743,0.323723971
23,135,211318720,67,0.528343132,0.142569608,0.123279743,0.350767855
24,135,211318720,67,0.556724838,0.142569608,0.123279743,0.442508431
5,135,211318720,67,0.583684394,0.142569608,0.123279743,0.544200636
29,135,211318720,67,0.612244361,0.142569608,0.123279743,0.662013806
10,135,211318720,67,0.640220915,0.142569608,0.123279743,0.764941493
19,135,211318720,67,0.646913733,0.142569608,0.123279743,0.789426881
1,135,211318720,67,0.689104765,0.142569608,0.123279743,0.942420112
7,135,211318720,67,0.705894142,0.142569608,0.123279743,0.992489899
6,135,211318720,67,0.716258591,0.142569608,0.123279743,1.017172299
8,135,211318720,67,0.734958982,0.142569608,0.123279743,1.048272988
16,135,211318720,67,0.782349097,0.142569608,0.123279743,1.096346547
28,135,211318720,67,0.792310803,0.142569608,0.123279743,1.099945777
17,135,211318720,67,0.974921751,0.142569608,0.123279743,1.133492675
18,135,211318720,67,1.189661714,0.142569608,0.123279743,1.156170115
13,135,211318720,67,1.536520533,0.142569608,0.123279743,1.176205596
25,135,211318720,67,1.619752800,0.142569608,0.123279743,1.204452770
3,135,211318720,67,1.923516360,0.142569608,0.123279743,1.200755545
4,135,211318720,67,2.120374844,0.142569608,0.123279743,1.232209468
21,135,211318720,67,2.846889867,0.142569608,0.123279743,1.085626902
12,135,211318720,67,3.229013130,0.142569608,0.123279743,1.054316498
22,135,211318720,67,3.473540127,0.142569608,0.123279743,1.069463022
20,135,211318720,67,3.933458811,0.142569608,0.123279743,1.013524216
11,135,211318720,67,4.627239715,0.142569608,0.123279743,0.937396980
30,135,211318720,67,4.679888989,0.142569608,0.123279743,0.954190594
27,135,211318720,67,5.019877585,0.142569608,0.123279743,1.019679373
26,135,211318720,67,5.040035397,0.142569608,0.123279743,1.026681559
2,135,211318720,67,6.062203201,0.142569608,0.123279743,0.784499871
9,135,211318720,67,6.494425963,0.142569608,0.123279743,0.737688271
15,135,211318720,67,8.374987834,0.142569608,0.123279743,0.123992742
29,136,211318720,67,0.448979198,0.142569608,0.006673914,0.153399253
1,136,211318720,67,0.505343494,0.142569608,0.006673914,0.306246640
14,136,211318720,67,0.521006957,0.142569608,0.006673914,0.342987066
18,136,211318720,67,0.594830857,0.142569608,0.006673914,0.562983889
24,136,211318720,67,0.599549825,0.142569608,0.006673914,0.582529052
7,136,211318720,67,0.605052122,0.142569608,0.006673914,0.602690624
28,136,211318720,67,0.693271953,0.142569608,0.006673914,0.902287648
17,136,211318720,67,0.696372679,0.142569608,0.006673914,0.911430831
19,136,211318720,67,0.696676328,0.142569608,0.006673914,0.912156537
5,136,211318720,67,0.718380793,0.142569608,0.006673914,0.948842608
10,136,211318720,67,0.738716440,0.142569608,0.006673914,0.969718925
16,136,211318720,67,0.782349097,0.142569608,0.006673914,1.013803405
6,136,211318720,67,0.881549036,0.142569608,0.006673914,1.104460051
23,136,211318720,67,0.939276679,0.142569608,0.006673914,1.124179240
8,136,211318720,67,1.469917965,0.142569608,0.006673914,1.042596475
13,136,211318720,67,1.676204218,0.142569608,0.006673914,1.070306484
25,136,211318720,67,1.993541907,0.142569608,0.006673914,1.061685239
26,136,211318720,67,2.179474766,0.142569608,0.006673914,1.097143847
27,136,211318720,67,2.596488406,0.142569608,0.006673914,1.146812278
3,136,211318720,67,2.622976855,0.142569608,0.006673914,1.173825046
2,136,211318720,67,2.717539366,0.142569608,0.006673914,1.205112312
4,136,211318720,67,2.915515410,0.142569608,0.006673914,1.235602449
12,136,211318720,67,3.229013130,0.142569608,0.006673914,1.315304360
22,136,211318720,67,3.241970785,0.142569608,0.006673914,1.319848002
11,136,211318720,67,3.470429786,0.142569608,0.006673914,1.339219531
9,136,211318720,67,5.027942681,0.142569608,0.006673914,1.034287047
20,136,211318720,67,5.057304185,0.142569608,0.006673914,1.063820832
30,136,211318720,67,5.118628581,0.142569608,0.006673914,1.084591619
15,136,211318720,67,6.611832500,0.142569608,0.006673914,0.685823649
21,136,211318720,67,7.212120995,0.142569608,0.006673914,0.486173475
17,137,211318720,67,0.417823608,0.142569608,0.062965356,0.046808017
16,137,211318720,67,0.586761823,0.142569608,0.062965356,0.547827281
18,137,211318720,67,0.594830857,0.142569608,0.062965356,0.589984868
24,137,211318720,67,0.599549825,0.142569608,0.062965356,0.613705508
6,137,211318720,67,0.606064962,0.142569608,0.062965356,0.641891521
10,137,211318720,67,0.640220915,0.142569608,0.062965356,0.780493140
28,137,211318720,67,0.643752528,0.142569608,0.062965356,0.793755665
13,137,211318720,67,0.651857196,0.142569608,0.062965356,0.818376368
1,137,211318720,67,0.689104765,0.142569608,0.062965356,0.905228843
5,137,211318720,67,0.718380793,0.142569608,0.062965356,0.966893177
8,137,211318720,67,0.734958982,0.142569608,0.062965356,0.994553192
23,137,211318720,67,0.763162302,0.142569608,0.062965356,1.023069408
14,137,211318720,67,0.841626623,0.142569608,0.062965356,1.049697918
7,137,211318720,67,1.159683234,0.142569608,0.062965356,1.041082407
29,137,211318720,67,1.387753885,0.142569608,0.062965356,1.059144707
4,137,211318720,67,1.722804560,0.142569608,0.062965356,1.043842470
19,137,211318720,67,1.890978604,0.142569608,0.062965356,1.083512479
27,137,211318720,67,2.250289952,0.142569608,0.062965356,1.075719176
25,137,211318720,67,2.367331015,0.142569608,0.062965356,1.157349048
3,137,211318720,67,2.448111731,0.142569608,0.062965356,1.184234981
2,137,211318720,67,2.717539366,0.142569608,0.062965356,1.232552651
20,137,211318720,67,2.809613436,0.142569608,0.062965356,1.400944277
21,137,211318720,67,2.846889867,0.142569608,0.062965356,1.463168950
15,137,211318720,67,2.865127417,0.142569608,0.062965356,1.481656769
30,137,211318720,67,2.924930618,0.142569608,0.062965356,1.502298455
12,137,211318720,67,3.229013130,0.142569608,0.062965356,1.495600099
22,137,211318720,67,3.705109469,0.142569608,0.062965356,1.432619962
26,137,211318720,67,3.950298013,0.142569608,0.062965356,1.449405151
9,137,211318720,67,7.122918798,0.142569608,0.062965356,0.499523556
11,137,211318720,67,10.122086877,0.142569608,0.062965356,0.000004764
19,138,211318720,67,0.597151138,0.142569608,0.025669886,0.721328221
8,138,211318720,67,0.597154173,0.142569608,0.025669886,0.721353666
14,138,211318720,67,0.601161874,0.142569608,0.025669886,0.749474906
17,138,211318720,67,0.603522989,0.142569608,0.025669886,0.764278863
13,138,211318720,67,0.605295968,0.142569608,0.025669886,0.774356023
5,138,211318720,67,0.628583194,0.142569608,0.025669886,0.891138490
18,138,211318720,67,0.640587077,0.142569608,0.025669886,0.950899269
28,138,211318720,67,0.643752528,0.142569608,0.025669886,0.964736212
7,138,211318720,67,0.655473132,0.142569608,0.025669886,1.007403137
24,138,211318720,67,0.685199800,0.142569608,0.025669886,1.096079529
16,138,211318720,67,0.733452279,0.142569608,0.025669886,1.208956114
1,138,211318720,67,0.735045083,0.142569608,0.025669886,1.211700550
10,138,211318720,67,0.738716440,0.142569608,0.025669886,1.215542727
6,138,211318720,67,0.771355406,0.142569608,0.025669886,1.226622679
29,138,211318720,67,1.346937595,0.142569608,0.025669886,1.127879191
23,138,211318720,67,1.995962943,0.142569608,0.025669886,1.019491959
4,138,211318720,67,2.120374844,0.142569608,0.025669886,1.116107207
26,138,211318720,67,2.179474766,0.142569608,0.025669886,1.136168463
12,138,211318720,67,2.421759847,0.142569608,0.025669886,1.248202115
27,138,211318720,67,2.423389179,0.142569608,0.025669886,1.248669899
20,138,211318720,67,2.622305874,0.142569608,0.025669886,1.358855356
15,138,211318720,67,2.644733000,0.142569608,0.025669886,1.365322784
21,138,211318720,67,2.846889867,0.142569608,0.025669886,1.394020556
2,138,211318720,67,3.135622345,0.142569608,0.025669886,1.485261518
9,138,211318720,67,3.142464176,0.142569608,0.025669886,1.487817990
3,138,211318720,67,3.672167597,0.142569608,0.025669886,1.404542203
25,138,211318720,67,3.987083815,0.142569608,0.025669886,1.395504965
30,138,211318720,67,4.387395927,0.142569608,0.025669886,1.357453783
11,138,211318720,67,4.627239715,0.142569608,0.025669886,1.371100438
22,138,211318720,67,8.336496304,0.142569608,0.025669886,0.147289262
13,139,211318720,67,0.419051054,0.142569608,0.007769838,0.068485550
5,139,211318720,67,0.538785595,0.142569608,0.007769838,0.376526328
1,139,211318720,67,0.551283812,0.142569608,0.007769838,0.414084146
8,139,211318720,67,0.597154173,0.142569608,0.007769838,0.526240537
24,139,211318720,67,0.599549825,0.142569608,0.007769838,0.531616450
14,139,211318720,67,0.601161874,0.142569608,0.007769838,0.534308874
19,139,211318720,67,0.646913733,0.142569608,0.007769838,0.579632447
16,139,211318720,67,0.733452279,0.142569608,0.007769838,0.667591687
7,139,211318720,67,0.806736162,0.142569608,0.007769838,0.748211709
29,139,211318720,67,0.857142106,0.142569608,0.007769838,0.798828432
23,139,211318720,67,0.939276679,0.142569608,0.007769838,0.826724813
28,139,211318720,67,1.436063331,0.142569608,0.007769838,0.891566030
26,139,211318720,67,1.498388902,0.142569608,0.007769838,1.021113025
18,139,211318720,67,1.509955252,0.142569608,0.007769838,1.048122359
17,139,211318720,67,1.532019894,0.142569608,0.007769838,1.085717590
25,139,211318720,67,1.619752800,0.142569608,0.007769838,1.211152051
10,139,211318720,67,1.625176168,0.142569608,0.007769838,1.216648091
6,139,211318720,67,1.708001257,0.142569608,0.007769838,1.245350777
4,139,211318720,67,2.120374844,0.142569608,0.007769838,1.202822400
27,139,211318720,67,2.423389179,0.142569608,0.007769838,1.199164714
11,139,211318720,67,2.602822340,0.142569608,0.007769838,1.315728518
3,139,211318720,67,2.622976855,0.142569608,0.007769838,1.322620820
20,139,211318720,67,2.809613436,0.142569608,0.007769838,1.452992550
12,139,211318720,67,2.825386488,0.142569608,0.007769838,1.469060566
9,139,211318720,67,2.932966564,0.142569608,0.007769838,1.530528116
21,139,211318720,67,3.036682524,0.142569608,0.007769838,1.565053351
22,139,211318720,67,3.473540127,0.142569608,0.007769838,1.573531481
15,139,211318720,67,3.526310667,0.142569608,0.007769838,1.590792070
30,139,211318720,67,4.094902865,0.142569608,0.007769838,1.499135775
2,139,211318720,67,7.107410650,0.142569608,0.007769838,0.508496317
1,140,211318720,67,0.597224130,0.142569608,0.020658599,0.391449874
14,140,211318720,67,0.601161874,0.142569608,0.020658599,0.408405193
5,140,211318720,67,0.628583194,0.142569608,0.020658599,0.525312709
28,140,211318720,67,0.643752528,0.142569608,0.020658599,0.583935983
24,140,211318720,67,0.685199800,0.142569608,0.020658599,0.735693534
8,140,211318720,67,0.689024046,0.142569608,0.020658599,0.747295711
13,140,211318720,67,0.698418424,0.142569608,0.020658599,0.769513381
6,140,211318720,67,0.716258591,0.142569608,0.020658599,0.799964651
19,140,211318720,67,0.746438923,0.142569608,0.020658599,0.850634725
16,140,211318720,67,0.782349097,0.142569608,0.020658599,0.886612840
29,140,211318720,67,0.857142106,0.142569608,0.020658599,0.954790340
10,140,211318720,67,0.935707491,0.142569608,0.020658599,0.981010858
7,140,211318720,67,1.159683234,0.142569608,0.020658599,1.002403566
23,140,211318720,67,1.408915019,0.142569608,0.020658599,1.017256953
18,140,211318720,67,1.555711472,0.142569608,0.020658599,1.124408292
26,140,211318720,67,1.634606075,0.142569608,0.020658599,1.202775009
17,140,211318720,67,1.671294430,0.142569608,0.020658599,1.215162018
30,140,211318720,67,1.901204902,0.142569608,0.020658599,1.234967111
15,140,211318720,67,2.644733000,0.142569608,0.020658599,1.097810456
27,140,211318720,67,2.769587633,0.142569608,0.020658599,1.258841815
3,140,211318720,67,2.797841978,0.142569608,0.020658599,1.287126257
21,140,211318720,67,2.846889867,0.142569608,0.020658599,1.304426530
22,140,211318720,67,3.010401443,0.142569608,0.020658599,1.345953059
2,140,211318720,67,3.344663835,0.142569608,0.020658599,1.328896790
25,140,211318720,67,4.111680184,0.142569608,0.020658599,1.171807994
4,140,211318720,67,4.240749687,0.142569608,0.020658599,1.215134118
9,140,211318720,67,5.027942681,0.142569608,0.020658599,1.132970422
20,140,211318720,67,5.057304185,0.142569608,0.020658599,1.142297916
12,140,211318720,67,6.659839580,0.142569608,0.020658599,0.707477067
11,140,211318720,67,6.940859573,0.142569608,0.020658599,0.613949359
17,141,211318720,67,0.557098143,0.142569608,0.006704764,0.267508746
1,141,211318720,67,0.597224130,0.142569608,0.006704764,0.469387645
14,141,211318720,67,0.641239332,0.142569608,0.006704764,0.660550880
24,141,211318720,67,0.642374813,0.142569608,0.006704764,0.664644991
29,141,211318720,67,0.653060652,0.142569608,0.006704764,0.696768603
6,141,211318720,67,0.661161777,0.142569608,0.006704764,0.715964359
18,141,211318720,67,0.686343296,0.142569608,0.006704764,0.773615687
8,141,211318720,67,0.689024046,0.142569608,0.006704764,0.778228405
19,141,211318720,67,0.696676328,0.142569608,0.006704764,0.785978382
7,141,211318720,67,0.806736162,0.142569608,0.006704764,0.822433728
5,141,211318720,67,1.212267588,0.142569608,0.006704764,0.805438849
4,141,211318720,67,1.325234277,0.142569608,0.006704764,0.841577882
23,141,211318720,67,1.526324604,0.142569608,0.006704764,0.933813354
16,141,211318720,67,1.613595013,0.142569608,0.006704764,1.092417414
10,141,211318720,67,1.625176168,0.142569608,0.006704764,1.112045829
28,141,211318720,67,1.683660457,0.142569608,0.006704764,1.171086409
13,141,211318720,67,1.722765446,0.142569608,0.006704764,1.184637217
26,141,211318720,67,2.043257593,0.142569608,0.006704764,1.174613947
30,141,211318720,67,2.193697963,0.142569608,0.006704764,1.219372111
22,141,211318720,67,3.705109469,0.142569608,0.006704764,0.821240672
25,141,211318720,67,3.862487445,0.142569608,0.006704764,0.876266805
21,141,211318720,67,3.985645813,0.142569608,0.006704764,0.919555547
12,141,211318720,67,4.238079733,0.142569608,0.006704764,0.931915706
2,141,211318720,67,5.016995753,0.142569608,0.006704764,0.855618107
9,141,211318720,67,5.027942681,0.142569608,0.006704764,0.859446258
20,141,211318720,67,5.431919310,0.142569608,0.006704764,0.821305346
3,141,211318720,67,5.595683957,0.142569608,0.006704764,0.879202991
27,141,211318720,67,5.712274493,0.142569608,0.006704764,0.918403463
15,141,211318720,67,6.171043667,0.142569608,0.006704764,0.865727215
11,141,211318720,67,9.543681913,0.142569608,0.006704764,0.000004764
7,142,211318720,67,0.605052122,0.142569608,0.102637559,0.381876849
29,142,211318720,67,0.612244361,0.142569608,0.102637559,0.417671113
1,142,211318720,67,0.643164447,0.142569608,0.102637559,0.554127479
17,142,211318720,67,0.649947834,0.142569608,0.102637559,0.583357755
6,142,211318720,67,0.661161777,0.142569608,0.102637559,0.624444903
18,142,211318720,67,0.686343296,0.142569608,0.102637559,0.704987044
8,142,211318720,67,0.734958982,0.142569608,0.102637559,0.850243442
13,142,211318720,67,0.744979652,0.142569608,0.102637559,0.874010158
19,142,211318720,67,0.746438923,0.142569608,0.102637559,0.876557135
16,142,211318720,67,0.782349097,0.142569608,0.102637559,0.912273699
23,142,211318720,67,0.821867094,0.142569608,0.102637559,0.925200641
24,142,211318720,67,0.984974713,0.142569608,0.102637559,0.970086220
28,142,211318720,67,1.287505055,0.142569608,0.102637559,1.039134076
5,142,211318720,67,1.346963987,0.142569608,0.102637559,1.098958515
14,142,211318720,67,1.402711039,0.142569608,0.102637559,1.117217336
26,142,211318720,67,1.770823247,0.142569608,0.102637559,1.150797900
10,142,211318720,67,1.822167219,0.142569608,0.102637559,1.168056098
4,142,211318720,67,2.120374844,0.142569608,0.102637559,1.165481572
30,142,211318720,67,2.339944494,0.142569608,0.102637559,1.250446189
27,142,211318720,67,2.423389179,0.142569608,0.102637559,1.333971292
3,142,211318720,67,2.448111731,0.142569608,0.102637559,1.342798002
12,142,211318720,67,2.623573168,0.142569608,0.102637559,1.379592624
20,142,211318720,67,2.809613436,0.142569608,0.102637559,1.415180959
9,142,211318720,67,3.142464176,0.142569608,0.102637559,1.402210235
2,142,211318720,67,3.344663835,0.142569608,0.102637559,1.429531920
25,142,211318720,67,3.488698338,0.142569608,0.102637559,1.474394420
22,142,211318720,67,3.705109469,0.142569608,0.102637559,1.534952331
21,142,211318720,67,3.795853155,0.142569608,0.102637559,1.565576368
15,142,211318720,67,4.628282750,0.142569608,0.102637559,1.383898777
11,142,211318720,67,6.940859573,0.142569608,0.102637559,0.621467418
24,143,211318720,67,0.513899850,0.142569608,0.027082179,0.394579255
23,143,211318720,67,0.528343132,0.142569608,0.027082179,0.447984529
8,143,211318720,67,0.551219237,0.142569608,0.027082179,0.516468033
29,143,211318720,67,0.571428070,0.142569608,0.027082179,0.563116732
5,143,211318720,67,0.583684394,0.142569608,0.027082179,0.583661391
16,143,211318720,67,0.586761823,0.142569608,0.027082179,0.586916861
1,143,211318720,67,0.597224130,0.142569608,0.027082179,0.590345371
28,143,211318720,67,0.742791378,0.142569608,0.027082179,0.931325157
13,143,211318720,67,0.744979652,0.142569608,0.027082179,0.936663104
6,143,211318720,67,0.771355406,0.142569608,0.027082179,0.980959900
10,143,211318720,67,0.787964203,0.142569608,0.027082179,0.997471094
19,143,211318720,67,0.796201518,0.142569608,0.027082179,1.000170705
7,143,211318720,67,1.058841213,0.142569608,0.027082179,1.009404104
14,143,211318720,67,1.442788497,0.142569608,0.027082179,1.041908462
25,143,211318720,67,1.495156430,0.142569608,0.027082179,1.094069065
17,143,211318720,67,1.578444740,0.142569608,0.027082179,1.171330778
18,143,211318720,67,1.647223911,0.142569608,0.027082179,1.239227874
4,143,211318720,67,1.722804560,0.142569608,0.027082179,1.298558500
12,143,211318720,67,1.816319885,0.142569608,0.027082179,1.331098609
30,143,211318720,67,2.047451433,0.142569608,0.027082179,1.350246338
21,143,211318720,67,2.657097209,0.142569608,0.027082179,1.245653806
15,143,211318720,67,2.865127417,0.142569608,0.027082179,1.322395356
9,143,211318720,67,2.932966564,0.142569608,0.027082179,1.345108151
20,143,211318720,67,3.558843686,0.142569608,0.027082179,1.231582154
3,143,211318720,67,4.196762968,0.142569608,0.027082179,1.118703495
26,143,211318720,67,4.767601051,0.142569608,0.027082179,1.023129725
2,143,211318720,67,5.016995753,0.142569608,0.027082179,1.035555302
27,143,211318720,67,6.058472947,0.142569608,0.027082179,0.789081191
22,143,211318720,67,7.641788279,0.142569608,0.027082179,0.359005984
11,143,211318720,67,9.832884395,0.142569608,0.027082179,0.000004764
29,144,211318720,67,0.489795489,0.142569608,0.107136130,0.113669835
13,144,211318720,67,0.558734739,0.142569608,0.107136130,0.231215514
7,144,211318720,67,0.605052122,0.142569608,0.107136130,0.327967684
24,144,211318720,67,0.642374813,0.142569608,0.107136130,0.400248197
8,144,211318720,67,0.689024046,0.142569608,0.107136130,0.537414758
5,144,211318720,67,0.718380793,0.142569608,0.107136130,0.618567949
6,144,211318720,67,0.771355406,0.142569608,0.107136130,0.741764927
16,144,211318720,67,0.782349097,0.142569608,0.107136130,0.760333191
10,144,211318720,67,0.787964203,0.142569608,0.107136130,0.765974112
14,144,211318720,67,0.841626623,0.142569608,0.107136130,0.783696850
28,144,211318720,67,1.188466205,0.142569608,0.107136130,0.854307473
19,144,211318720,67,1.194302276,0.142569608,0.107136130,0.859464161
1,144,211318720,67,1.332269212,0.142569608,0.107136130,0.913895704
18,144,211318720,67,1.464199032,0.142569608,0.107136130,1.050107515
26,144,211318720,67,1.498388902,0.142569608,0.107136130,1.084169907
17,144,211318720,67,1.578444740,0.142569608,0.107136130,1.111538918
25,144,211318720,67,1.868945538,0.142569608,0.107136130,1.113020923
30,144,211318720,67,2.047451433,0.142569608,0.107136130,1.270972821
22,144,211318720,67,2.084124076,0.142569608,0.107136130,1.308214454
23,144,211318720,67,2.113372528,0.142569608,0.107136130,1.322451199
27,144,211318720,67,2.250289952,0.142569608,0.107136130,1.369101489
9,144,211318720,67,3.142464176,0.142569608,0.107136130,1.166628951
21,144,211318720,67,3.985645813,0.142569608,0.107136130,0.979564770
4,144,211318720,67,4.903366826,0.142569608,0.107136130,0.772582587
15,144,211318720,67,5.289466000,0.142569608,0.107136130,0.738529096
20,144,211318720,67,5.806534435,0.142569608,0.107136130,0.668304585
3,144,211318720,67,5.945414204,0.142569608,0.107136130,0.723897836
11,144,211318720,67,6.073252126,0.142569608,0.107136130,0.765398301
12,144,211318720,67,6.458026259,0.142569608,0.107136130,0.735211718
2,144,211318720,67,7.525493629,0.142569608,0.107136130,0.378631557
10,145,211318720,67,0.492477627,0.142569608,0.157443672,0.167859600
24,145,211318720,67,0.556724838,0.142569608,0.157443672,0.287107669
29,145,211318720,67,0.571428070,0.142569608,0.157443672,0.321916802
28,145,211318720,67,0.594233102,0.142569608,0.157443672,0.359733150
16,145,211318720,67,0.684555460,0.142569608,0.157443672,0.534769018
19,145,211318720,67,0.696676328,0.142569608,0.157443672,0.555400557
7,145,211318720,67,0.756315152,0.142569608,0.157443672,0.633102950
6,145,211318720,67,0.771355406,0.142569608,0.157443672,0.648380401
1,145,211318720,67,0.872866036,0.142569608,0.157443672,0.733438285
23,145,211318720,67,0.939276679,0.142569608,0.157443672,0.755939066
5,145,211318720,67,1.212267588,0.142569608,0.157443672,0.778492753
8,145,211318720,67,1.332113155,0.142569608,0.157443672,0.878159380
18,145,211318720,67,1.418442813,0.142569608,0.157443672,0.984145085
14,145,211318720,67,1.442788497,0.142569608,0.157443672,1.009051933
17,145,211318720,67,1.532019894,0.142569608,0.157443672,1.037985482
13,145,211318720,67,1.769326674,0.142569608,0.157443672,1.083453181
25,145,211318720,67,1.868945538,0.142569608,0.157443672,1.116662162
3,145,211318720,67,2.098381484,0.142569608,0.157443672,1.135538656
27,145,211318720,67,2.250289952,0.142569608,0.157443672,1.217492042
30,145,211318720,67,2.339944494,0.142569608,0.157443672,1.320268484
12,145,211318720,67,2.421759847,0.142569608,0.157443672,1.403702652
20,145,211318720,67,2.434998311,0.142569608,0.157443672,1.407988526
2,145,211318720,67,2.717539366,0.142569608,0.157443672,1.510978437
9,145,211318720,67,2.723468952,0.142569608,0.157443672,1.516898211
21,145,211318720,67,2.846889867,0.142569608,0.157443672,1.560251578
15,145,211318720,67,3.526310667,0.142569608,0.157443672,1.433554999
22,145,211318720,67,3.705109469,0.142569608,0.157443672,1.471301531
4,145,211318720,67,3.843179404,0.142569608,0.157443672,1.541694247
26,145,211318720,67,3.950298013,0.142569608,0.157443672,1.578731953
11,145,211318720,67,4.338037233,0.142569608,0.157443672,1.452976160
16,146,211318720,67,0.586761823,0.142569608,0.010128290,0.549948004
18,146,211318720,67,0.594830857,0.142569608,0.010128290,0.590565405
24,146,211318720,67,0.599549825,0.142569608,0.010128290,0.610808125
14,146,211318720,67,0.601161874,0.142569608,0.010128290,0.617259685
6,146,211318720,67,0.606064962,0.142569608,0.010128290,0.637698516
29,146,211318720,67,0.612244361,0.142569608,0.010128290,0.660458722
5,146,211318720,67,0.673481993,0.142569608,0.010128290,0.858005043
1,146,211318720,67,0.689104765,0.142569608,0.010128290,0.904683517
7,146,211318720,67,0.705894142,0.142569608,0.010128290,0.944641530
17,146,211318720,67,0.742797525,0.142569608,0.010128290,1.009961587
13,146,211318720,67,0.744979652,0.142569608,0.010128290,1.013667501
19,146,211318720,67,0.796201518,0.142569608,0.010128290,1.064555765
23,146,211318720,67,0.880571887,0.142569608,0.010128290,1.092915756
8,146,211318720,67,1.423983028,0.142569608,0.010128290,1.008664309
28,146,211318720,67,1.683660457,0.142569608,0.010128290,1.057586744
10,146,211318720,67,1.772919456,0.142569608,0.010128290,1.186349766
12,146,211318720,67,1.816319885,0.142569608,0.010128290,1.282801276
25,146,211318720,67,1.868945538,0.142569608,0.010128290,1.370697986
27,146,211318720,67,1.904091498,0.142569608,0.010128290,1.409365937
3,146,211318720,67,1.923516360,0.142569608,0.010128290,1.429177341
26,146,211318720,67,2.043257593,0.142569608,0.010128290,1.514048575
4,146,211318720,67,2.120374844,0.142569608,0.010128290,1.540994671
2,146,211318720,67,2.926580856,0.142569608,0.010128290,1.440622490
20,146,211318720,67,2.996920999,0.142569608,0.010128290,1.509503922
21,146,211318720,67,3.036682524,0.142569608,0.010128290,1.522704238
22,146,211318720,67,3.473540127,0.142569608,0.010128290,1.473501846
9,146,211318720,67,4.189952234,0.142569608,0.010128290,1.330155048
15,146,211318720,67,4.628282750,0.142569608,0.010128290,1.283505999
30,146,211318720,67,4.826135520,0.142569608,0.010128290,1.313651119
11,146,211318720,67,6.073252126,0.142569608,0.010128290,0.901728304
14,147,211318720,67,0.440852041,0.142569608,0.001113345,0.071519549
18,147,211318720,67,0.549074637,0.142569608,0.001113345,0.236197085
8,147,211318720,67,0.597154173,0.142569608,0.001113345,0.345312159
29,147,211318720,67,0.612244361,0.142569608,0.001113345,0.370446992
5,147,211318720,67,0.673481993,0.142569608,0.001113345,0.502788006
17,147,211318720,67,0.696372679,0.142569608,0.001113345,0.556434752
23,147,211318720,67,0.763162302,0.142569608,0.001113345,0.666591137
16,147,211318720,67,0.782349097,0.142569608,0.001113345,0.686351059
19,147,211318720,67,0.796201518,0.142569608,0.001113345,0.691021475
25,147,211318720,67,1.370560061,0.142569608,0.001113345,0.604873269
24,147,211318720,67,1.498874563,0.142569608,0.001113345,0.760740104
1,147,211318720,67,1.516030483,0.142569608,0.001113345,0.789582759
7,147,211318720,67,1.613472325,0.142569608,0.001113345,0.933792623
10,147,211318720,67,1.625176168,0.142569608,0.001113345,0.945525910
28,147,211318720,67,1.683660457,0.142569608,0.001113345,1.009356797
13,147,211318720,67,1.769326674,0.142569608,0.001113345,1.095417457
6,147,211318720,67,1.818194886,0.142569608,0.001113345,1.112753061
26,147,211318720,67,2.179474766,0.142569608,0.001113345,1.090998215
27,147,211318720,67,2.423389179,0.142569608,0.001113345,1.210074430
21,147,211318720,67,2.467304551,0.142569608,0.001113345,1.253682157
2,147,211318720,67,2.508497876,0.142569608,0.001113345,1.305262711
20,147,211318720,67,2.622305874,0.142569608,0.001113345,1.419520885
12,147,211318720,67,2.623573168,0.142569608,0.001113345,1.419872360
9,147,211318720,67,3.142464176,0.142569608,0.001113345,1.370082809
22,147,211318720,67,3.241970785,0.142569608,0.001113345,1.403348990
30,147,211318720,67,3.656163272,0.142569608,0.001113345,1.363662593
3,147,211318720,67,4.721358339,0.142569608,0.001113345,1.170823495
4,147,211318720,67,4.770843398,0.142569608,0.001113345,1.187094187
15,147,211318720,67,5.289466000,0.142569608,0.001113345,1.113977724
11,147,211318720,67,6.073252126,0.142569608,0.001113345,0.851754439
1,148,211318720,67,0.505343494,0.142569608,0.047687024,0.189694483
18,148,211318720,67,0.549074637,0.142569608,0.047687024,0.342976022
17,148,211318720,67,0.557098143,0.142569608,0.047687024,0.367072799
5,148,211318720,67,0.628583194,0.142569608,0.047687024,0.602643453
24,148,211318720,67,0.642374813,0.142569608,0.047687024,0.653396158
13,148,211318720,67,0.651857196,0.142569608,0.047687024,0.681976106
7,148,211318720,67,0.655473132,0.142569608,0.047687024,0.690392857
16,148,211318720,67,0.733452279,0.142569608,0.047687024,0.853935958
8,148,211318720,67,0.734958982,0.142569608,0.047687024,0.856401962
28,148,211318720,67,0.742791378,0.142569608,0.047687024,0.867587753
6,148,211318720,67,0.826452221,0.142569608,0.047687024,0.956292536
23,148,211318720,67,0.880571887,0.142569608,0.047687024,1.012127322
14,148,211318720,67,0.961858998,0.142569608,0.047687024,1.140247412
29,148,211318720,67,1.020407269,0.142569608,0.047687024,1.226478725
10,148,211318720,67,1.034203016,0.142569608,0.047687024,1.240708424
25,148,211318720,67,1.121367323,0.142569608,0.047687024,1.270911059
4,148,211318720,67,1.590281133,0.142569608,0.047687024,1.268818308
19,148,211318720,67,1.642165630,0.142569608,0.047687024,1.285032993
20,148,211318720,67,1.873075624,0.142569608,0.047687024,1.302988025
26,148,211318720,67,2.043257593,0.142569608,0.047687024,1.434515778
30,148,211318720,67,2.047451433,0.142569608,0.047687024,1.436005934
27,148,211318720,67,2.250289952,0.142569608,0.047687024,1.539161041
21,148,211318720,67,2.277511893,0.142569608,0.047687024,1.548147359
22,148,211318720,67,3.010401443,0.142569608,0.047687024,1.407526044
9,148,211318720,67,3.142464176,0.142569608,0.047687024,1.491782297
12,148,211318720,67,3.229013130,0.142569608,0.047687024,1.537730142
2,148,211318720,67,3.344663835,0.142569608,0.047687024,1.576302673
15,148,211318720,67,3.526310667,0.142569608,0.047687024,1.610773580
11,148,211318720,67,3.759632269,0.142569608,0.047687024,1.630509117
3,148,211318720,67,4.371628091,0.142569608,0.047687024,1.430134291
17,149,211318720,67,0.464248453,0.142569608,0.005668931,0.139361597
23,149,211318720,67,0.528343132,0.142569608,0.005668931,0.356038773
29,149,211318720,67,0.571428070,0.142569608,0.005668931,0.541721698
10,149,211318720,67,0.590973152,0.142569608,0.005668931,0.626848522
8,149,211318720,67,0.597154173,0.142569608,0.005668931,0.649447863
5,149,211318720,67,0.628583194,0.142569608,0.005668931,0.741810731
18,149,211318720,67,0.640587077,0.142569608,0.005668931,0.769985284
14,149,211318720,67,0.641239332,0.142569608,0.005668931,0.771508637
1,149,211318720,67,0.689104765,0.142569608,0.005668931,0.852264343
19,149,211318720,67,0.696676328,0.142569608,0.005668931,0.859579643
16,149,211318720,67,0.782349097,0.142569608,0.005668931,0.885379771
28,149,211318720,67,1.188466205,0.142569608,0.005668931,0.997517337
4,149,211318720,67,1.192710850,0.142569608,0.005668931,1.001587546
24,149,211318720,67,1.241924638,0.142569608,0.005668931,1.033133318
7,149,211318720,67,1.361367274,0.142569608,0.005668931,1.095157140
6,149,211318720,67,1.487613998,0.142569608,0.005668931,1.221110155
13,149,211318720,67,1.489959305,0.142569608,0.005668931,1.222085345
26,149,211318720,67,1.770823247,0.142569608,0.005668931,1.224186206
25,149,211318720,67,1.993541907,0.142569608,0.005668931,1.248030852
27,149,211318720,67,2.250289952,0.142569608,0.005668931,1.258702012
9,149,211318720,67,2.513971340,0.142569608,0.005668931,1.268102219
22,149,211318720,67,2.778832101,0.142569608,0.005668931,1.277392007
20,149,211318720,67,2.996920999,0.142569608,0.005668931,1.303826683
2,149,211318720,67,3.135622345,0.142569608,0.005668931,1.349332246
3,149,211318720,67,3.497302473,0.142569608,0.005668931,1.326177277
11,149,211318720,67,3.759632269,0.142569608,0.005668931,1.402138754
30,149,211318720,67,3.802409803,0.142569608,0.005668931,1.415870761
21,149,211318720,67,4.934609102,0.142569608,0.005668931,1.139489651
15,149,211318720,67,6.832226917,0.142569608,0.005668931,0.609180106
12,149,211318720,67,6.861652901,0.142569608,0.005668931,0.599372794
29,150,211318720,67,0.408162907,0.142569608,0.003404819,0.046430303
18,150,211318720,67,0.594830857,0.142569608,0.003404819,0.299136807
19,150,211318720,67,0.597151138,0.142569608,0.003404819,0.304599362
17,150,211318720,67,0.603522989,0.142569608,0.003404819,0.315339082
24,150,211318720,67,0.685199800,0.142569608,0.003404819,0.456540281
16,150,211318720,67,0.733452279,0.142569608,0.003404819,0.569003291
14,150,211318720,67,0.761471707,0.142569608,0.003404819,0.615732511
7,150,211318720,67,0.806736162,0.142569608,0.003404819,0.668134816
6,150,211318720,67,0.826452221,0.142569608,0.003404819,0.690758213
23,150,211318720,67,0.939276679,0.142569608,0.003404819,0.804420246
1,150,211318720,67,0.964746671,0.142569608,0.003404819,0.813130777
28,150,211318720,67,1.188466205,0.142569608,0.003404819,0.834646226
8,150,211318720,67,1.332113155,0.142569608,0.003404819,0.959101389
5,150,211318720,67,1.391862786,0.142569608,0.003404819,1.018890009
13,150,211318720,67,1.443398076,0.142569608,0.003404819,1.043873072
10,150,211318720,67,1.575928405,0.142569608,0.003404819,1.087928392
25,150,211318720,67,1.868945538,0.142569608,0.003404819,1.088176434
26,150,211318720,67,2.043257593,0.142569608,0.003404819,1.169472474
4,150,211318720,67,2.120374844,0.142569608,0.003404819,1.203887014
27,150,211318720,67,2.250289952,0.142569608,0.003404819,1.325880518
21,150,211318720,67,2.277511893,0.142569608,0.003404819,1.334865969
2,150,211318720,67,2.717539366,0.142569608,0.003404819,1.284817424
9,150,211318720,67,3.351961787,0.142569608,0.003404819,1.170967968
30,150,211318720,67,3.802409803,0.142569608,0.003404819,1.116979281
11,150,211318720,67,4.627239715,0.142569608,0.003404819,1.024810306
12,150,211318720,67,4.641706374,0.142569608,0.003404819,1.028183298
3,150,211318720,67,5.420818833,0.142569608,0.003404819,0.867254778
22,150,211318720,67,5.557664203,0.142569608,0.003404819,0.913756137
20,150,211318720,67,6.368457122,0.142569608,0.003404819,0.739680140
15,150,211318720,67,7.493410167,0.142569608,0.003404819,0.366817578
5,151,211318720,67,0.538785595,0.142569608,0.008085077,0.268597244
8,151,211318720,67,0.551219237,0.142569608,0.008085077,0.289657723
24,151,211318720,67,0.556724838,0.142569608,0.008085077,0.298887322
7,151,211318720,67,0.605052122,0.142569608,0.008085077,0.354314627
28,151,211318720,67,0.693271953,0.142569608,0.008085077,0.544238150
10,151,211318720,67,0.738716440,0.142569608,0.008085077,0.621863559
19,151,211318720,67,0.746438923,0.142569608,0.008085077,0.635237493
6,151,211318720,67,0.771355406,0.142569608,0.008085077,0.660037715
23,151,211318720,67,0.880571887,0.142569608,0.008085077,0.697195957
14,151,211318720,67,1.202323748,0.142569608,0.008085077,0.695752952
1,151,211318720,67,1.332269212,0.142569608,0.008085077,0.819662464
29,151,211318720,67,1.387753885,0.142569608,0.008085077,0.896648218
13,151,211318720,67,1.443398076,0.142569608,0.008085077,0.985891167
26,151,211318720,67,1.498388902,0.142569608,0.008085077,1.078195070
18,151,211318720,67,1.555711472,0.142569608,0.008085077,1.135832981
16,151,211318720,67,1.564698194,0.142569608,0.008085077,1.139053520
17,151,211318720,67,1.717719276,0.142569608,0.008085077,1.275192198
4,151,211318720,67,1.722804560,0.142569608,0.008085077,1.276509582
27,151,211318720,67,2.769587633,0.142569608,0.008085077,1.212090325
22,151,211318720,67,2.778832101,0.142569608,0.008085077,1.227812950
20,151,211318720,67,2.809613436,0.142569608,0.008085077,1.258884002
15,151,211318720,67,2.865127417,0.142569608,0.008085077,1.277601601
12,151,211318720,67,3.027199809,0.142569608,0.008085077,1.407479033
21,151,211318720,67,3.036682524,0.142569608,0.008085077,1.410686206
9,151,211318720,67,3.351961787,0.142569608,0.008085077,1.402414947
30,151,211318720,67,3.509916741,0.142569608,0.008085077,1.446096279
3,151,211318720,67,3.847032720,0.142569608,0.008085077,1.512265907
25,151,211318720,67,3.862487445,0.142569608,0.008085077,1.517795700
11,151,211318720,67,4.048834751,0.142569608,0.008085077,1.551235128
2,151,211318720,67,7.734535119,0.142569608,0.008085077,0.327497942
29,152,211318720,67,0.612244361,0.142569608,0.063724905,0.413577768
18,152,211318720,67,0.640587077,0.142569608,0.063724905,0.518014784
14,152,211318720,67,0.641239332,0.142569608,0.063724905,0.519947915
24,152,211318720,67,0.642374813,0.142569608,0.063724905,0.522682247
5,152,211318720,67,0.673481993,0.142569608,0.063724905,0.574543153
16,152,211318720,67,0.684555460,0.142569608,0.063724905,0.585835574
13,152,211318720,67,0.698418424,0.142569608,0.063724905,0.590948915
8,152,211318720,67,0.964633664,0.142569608,0.063724905,0.630606075
7,152,211318720,67,1.058841213,0.142569608,0.063724905,0.660892673
6,152,211318720,67,1.212129924,0.142569608,0.063724905,0.707163097
28,152,211318720,67,1.436063331,0.142569608,0.063724905,0.910466644
30,152,211318720,67,1.462465309,0.142569608,0.063724905,0.964501947
1,152,211318720,67,1.470090165,0.142569608,0.063724905,0.976651900
17,152,211318720,67,1.532019894,0.142569608,0.063724905,1.039367912
4,152,211318720,67,1.590281133,0.142569608,0.063724905,1.092913114
19,152,211318720,67,1.691928225,0.142569608,0.063724905,1.194050011
10,152,211318720,67,1.723671693,0.142569608,0.063724905,1.204610950
27,152,211318720,67,1.904091498,0.142569608,0.063724905,1.411156291
26,152,211318720,67,1.907040420,0.142569608,0.063724905,1.416136035
15,152,211318720,67,1.983549750,0.142569608,0.063724905,1.492030824
23,152,211318720,67,1.995962943,0.142569608,0.063724905,1.495945365
12,152,211318720,67,2.623573168,0.142569608,0.063724905,1.458890390
21,152,211318720,67,2.657097209,0.142569608,0.063724905,1.470432591
22,152,211318720,67,3.705109469,0.142569608,0.063724905,1.218604342
20,152,211318720,67,3.933458811,0.142569608,0.063724905,1.237990248
25,152,211318720,67,4.236276553,0.142569608,0.063724905,1.232749597
11,152,211318720,67,4.627239715,0.142569608,0.063724905,1.197062556
9,152,211318720,67,5.027942681,0.142569608,0.063724905,1.161617612
3,152,211318720,67,5.770549081,0.142569608,0.063724905,1.011398220
2,152,211318720,67,6.898369160,0.142569608,0.063724905,0.635583550
24,153,211318720,67,0.428249875,0.142569608,0.009808825,0.098522912
6,153,211318720,67,0.495871333,0.142569608,0.009808825,0.165738391
7,153,211318720,67,0.605052122,0.142569608,0.009808825,0.443489839
13,153,211318720,67,0.605295968,0.142569608,0.009808825,0.444057734
18,153,211318720,67,0.640587077,0.142569608,0.009808825,0.502414087
29,153,211318720,67,0.653060652,0.142569608,0.009808825,0.523215560
19,153,211318720,67,0.696676328,0.142569608,0.009808825,0.579168148
16,153,211318720,67,0.782349097,0.142569608,0.009808825,0.665793787
23,153,211318720,67,0.821867094,0.142569608,0.009808825,0.679536050
17,153,211318720,67,0.974921751,0.142569608,0.009808825,0.724812730
14,153,211318720,67,1.162246289,0.142569608,0.009808825,0.790650640
5,153,211318720,67,1.257166388,0.142569608,0.009808825,0.822963128
1,153,211318720,67,1.424149847,0.142569608,0.009808825,0.948017207
8,153,211318720,67,1.469917965,0.142569608,0.009808825,0.994208075
28,153,211318720,67,1.535102181,0.142569608,0.009808825,1.018962542
10,153,211318720,67,1.674423931,0.142569608,0.009808825,1.116517456
25,153,211318720,67,1.744349169,0.142569608,0.009808825,1.139168124
30,153,211318720,67,1.901204902,0.142569608,0.009808825,1.182744631
21,153,211318720,67,2.657097209,0.142569608,0.009808825,1.097909610
9,153,211318720,67,2.723468952,0.142569608,0.009808825,1.164149509
27,153,211318720,67,2.769587633,0.142569608,0.009808825,1.178767142
12,153,211318720,67,3.229013130,0.142569608,0.009808825,1.182895709
15,153,211318720,67,3.305916250,0.142569608,0.009808825,1.259687666
2,153,211318720,67,3.344663835,0.142569608,0.009808825,1.281844087
22,153,211318720,67,3.473540127,0.142569608,0.009808825,1.325246327
11,153,211318720,67,3.759632269,0.142569608,0.009808825,1.326485143
4,153,211318720,67,4.638319971,0.142569608,0.009808825,1.129920224
26,153,211318720,67,5.040035397,0.142569608,0.009808825,1.094611520
3,153,211318720,67,5.770549081,0.142569608,0.009808825,0.946764341
20,153,211318720,67,6.555764685,0.142569608,0.009808825,0.690675791
14,154,211318720,67,0.521006957,0.142569608,0.008164674,0.154825169
19,154,211318720,67,0.547388543,0.142569608,0.008164674,0.198300848
8,154,211318720,67,0.643089109,0.142569608,0.008164674,0.391691154
28,154,211318720,67,0.643752528,0.142569608,0.008164674,0.392825215
10,154,211318720,67,0.689468677,0.142569608,0.008164674,0.439084253
16,154,211318720,67,0.733452279,0.142569608,0.008164674,0.453779132
6,154,211318720,67,0.881549036,0.142569608,0.008164674,0.554792398
5,154,211318720,67,0.942874791,0.142569608,0.008164674,0.576928023
13,154,211318720,67,1.164030707,0.142569608,0.008164674,0.614907316
24,154,211318720,67,1.284749626,0.142569608,0.008164674,0.655637911
17,154,211318720,67,1.439170204,0.142569608,0.008164674,0.818253747
25,154,211318720,67,1.495156430,0.142569608,0.008164674,0.911577415
29,154,211318720,67,1.510202758,0.142569608,0.008164674,0.930291808
1,154,211318720,67,1.561970800,0.142569608,0.008164674,0.981621208
18,154,211318720,67,1.647223911,0.142569608,0.008164674,1.055873231
4,154,211318720,67,1.722804560,0.142569608,0.008164674,1.114642491
7,154,211318720,67,1.815156366,0.142569608,0.008164674,1.161117255
23,154,211318720,67,1.937258151,0.142569608,0.008164674,1.202512077
30,154,211318720,67,2.193697963,0.142569608,0.008164674,1.213506931
2,154,211318720,67,2.926580856,0.142569608,0.008164674,1.106913062
26,154,211318720,67,2.996777803,0.142569608,0.008164674,1.129734403
22,154,211318720,67,3.473540127,0.142569608,0.008164674,1.068925778
15,154,211318720,67,4.187493917,0.142569608,0.008164674,0.923393411
11,154,211318720,67,4.338037233,0.142569608,0.008164674,0.969276220
27,154,211318720,67,5.192976812,0.142569608,0.008164674,0.838605149
12,154,211318720,67,5.247146336,0.142569608,0.008164674,0.854938054
20,154,211318720,67,5.993841997,0.142569608,0.008164674,0.702385349
3,154,211318720,67,6.644874699,0.142569608,0.008164674,0.578250986
21,154,211318720,67,6.832535680,0.142569608,0.008164674,0.611580375
9,154,211318720,67,6.913421186,0.142569608,0.008164674,0.584618986
16,155,211318720,67,0.537865004,0.142569608,0.060310852,0.168270274
5,155,211318720,67,0.538785595,0.142569608,0.060310852,0.169191514
14,155,211318720,67,0.641239332,0.142569608,0.060310852,0.564774236
24,155,211318720,67,0.685199800,0.142569608,0.060310852,0.756604365
18,155,211318720,67,0.686343296,0.142569608,0.060310852,0.761630393
1,155,211318720,67,0.689104765,0.142569608,0.060310852,0.771718014
28,155,211318720,67,0.693271953,0.142569608,0.060310852,0.784370703
19,155,211318720,67,0.696676328,0.142569608,0.060310852,0.792418280
10,155,211318720,67,0.738716440,0.142569608,0.060310852,0.863458604
7,155,211318720,67,0.756315152,0.142569608,0.060310852,0.881007434
6,155,211318720,67,0.826452221,0.142569608,0.060310852,0.924504613
23,155,211318720,67,0.939276679,0.142569608,0.060310852,0.962613084
29,155,211318720,67,1.183672432,0.142569608,0.060310852,0.980529032
13,155,211318720,67,1.443398076,0.142569608,0.060310852,1.037491054
8,155,211318720,67,1.515852901,0.142569608,0.060310852,1.061843335
4,155,211318720,67,1.722804560,0.142569608,0.060310852,1.300501269
25,155,211318720,67,1.744349169,0.142569608,0.060310852,1.336728836
17,155,211318720,67,1.764144121,0.142569608,0.060310852,1.360180633
26,155,211318720,67,1.770823247,0.142569608,0.060310852,1.366877944
30,155,211318720,67,1.901204902,0.142569608,0.060310852,1.410470232
3,155,211318720,67,2.273246608,0.142569608,0.060310852,1.476042883
21,155,211318720,67,2.277511893,0.142569608,0.060310852,1.477583676
20,155,211318720,67,2.434998311,0.142569608,0.060310852,1.566275813
2,155,211318720,67,2.508497876,0.142569608,0.060310852,1.590993668
12,155,211318720,67,2.825386488,0.142569608,0.060310852,1.650781812
15,155,211318720,67,2.865127417,0.142569608,0.060310852,1.663579408
22,155,211318720,67,5.557664203,0.142569608,0.060310852,0.869314605
27,155,211318720,67,5.885373720,0.142569608,0.060310852,0.858853566
11,155,211318720,67,6.073252126,0.142569608,0.060310852,0.889918647
9,155,211318720,67,6.913421186,0.142569608,0.060310852,0.612292980
6,156,211318720,67,0.550968147,0.142569608,0.026727354,0.414300198
8,156,211318720,67,0.551219237,0.142569608,0.026727354,0.415214317
13,156,211318720,67,0.558734739,0.142569608,0.026727354,0.438115091
1,156,211318720,67,0.597224130,0.142569608,0.026727354,0.556314420
5,156,211318720,67,0.628583194,0.142569608,0.026727354,0.668126321
16,156,211318720,67,0.635658641,0.142569608,0.026727354,0.689631793
24,156,211318720,67,0.642374813,0.142569608,0.026727354,0.705321769
7,156,211318720,67,0.705894142,0.142569608,0.026727354,0.852269571
18,156,211318720,67,0.732099516,0.142569608,0.026727354,0.896378330
17,156,211318720,67,0.742797525,0.142569608,0.026727354,0.907112445
10,156,211318720,67,0.787964203,0.142569608,0.026727354,0.922818441
19,156,211318720,67,1.194302276,0.142569608,0.026727354,0.884978876
14,156,211318720,67,1.402711039,0.142569608,0.026727354,0.912198763
29,156,211318720,67,1.551019048,0.142569608,0.026727354,1.032093257
4,156,211318720,67,1.590281133,0.142569608,0.026727354,1.071636663
28,156,211318720,67,1.683660457,0.142569608,0.026727354,1.108007902
23,156,211318720,67,1.819848566,0.142569608,0.026727354,1.192660441
27,156,211318720,67,1.904091498,0.142569608,0.026727354,1.255726363
25,156,211318720,67,1.993541907,0.142569608,0.026727354,1.284848825
26,156,211318720,67,2.179474766,0.142569608,0.026727354,1.348598419
3,156,211318720,67,2.273246608,0.142569608,0.026727354,1.381309859
9,156,211318720,67,2.723468952,0.142569608,0.026727354,1.393656789
20,156,211318720,67,2.809613436,0.142569608,0.026727354,1.479491183
12,156,211318720,67,2.825386488,0.142569608,0.026727354,1.484495919
2,156,211318720,67,3.135622345,0.142569608,0.026727354,1.476549507
15,156,211318720,67,3.305916250,0.142569608,0.026727354,1.517085474
30,156,211318720,67,4.533642458,0.142569608,0.026727354,1.322378650
21,156,211318720,67,4.555023786,0.142569608,0.026727354,1.343579404
11,156,211318720,67,4.627239715,0.142569608,0.026727354,1.366506990
22,156,211318720,67,7.178649595,0.142569608,0.026727354,0.518434624
18,157,211318720,67,0.640587077,0.142569608,0.005632945,0.353882374
24,157,211318720,67,0.642374813,0.142569608,0.005632945,0.359254619
19,157,211318720,67,0.646913733,0.142569608,0.005632945,0.370850968
17,157,211318720,67,0.696372679,0.142569608,0.005632945,0.487148038
8,157,211318720,67,0.734958982,0.142569608,0.005632945,0.551908292
1,157,211318720,67,0.735045083,0.142569608,0.005632945,0.551997908
10,157,211318720,67,0.787964203,0.142569608,0.005632945,0.575490164
14,157,211318720,67,0.921781540,0.142569608,0.005632945,0.621743859
6,157,211318720,67,1.157033109,0.142569608,0.005632945,0.640238769
7,157,211318720,67,1.361367274,0.142569608,0.005632945,0.734026395
29,157,211318720,67,1.428570176,0.142569608,0.005632945,0.801035213
5,157,211318720,67,1.481660385,0.142569608,0.005632945,0.846978583
13,157,211318720,67,1.583081761,0.142569608,0.005632945,0.952572406
16,157,211318720,67,1.662491831,0.142569608,0.005632945,1.100886437
28,157,211318720,67,1.683660457,0.142569608,0.005632945,1.136478293
25,157,211318720,67,1.744349169,0.142569608,0.005632945,1.197616027
23,157,211318720,67,1.761143773,0.142569608,0.005632945,1.202467441
26,157,211318720,67,2.179474766,0.142569608,0.005632945,1.341899578
30,157,211318720,67,2.193697963,0.142569608,0.005632945,1.365755169
20,157,211318720,67,2.247690749,0.142569608,0.005632945,1.419516352
27,157,211318720,67,2.250289952,0.142569608,0.005632945,1.420551438
3,157,211318720,67,2.797841978,0.142569608,0.005632945,1.397108929
21,157,211318720,67,2.846889867,0.142569608,0.005632945,1.413133614
2,157,211318720,67,3.135622345,0.142569608,0.005632945,1.410079825
15,157,211318720,67,3.305916250,0.142569608,0.005632945,1.449258389
22,157,211318720,67,3.473540127,0.142569608,0.005632945,1.490858185
11,157,211318720,67,3.759632269,0.142569608,0.005632945,1.528419178
4,157,211318720,67,3.843179404,0.142569608,0.005632945,1.556112656
9,157,211318720,67,6.075430739,0.142569608,0.005632945,0.912076973
12,157,211318720,67,6.458026259,0.142569608,0.005632945,0.783287149
29,158,211318720,67,0.367346617,0.142569608,0.004959828,0.048961374
14,158,211318720,67,0.521006957,0.142569608,0.004959828,0.267696459
16,158,211318720,67,0.537865004,0.142569608,0.004959828,0.296151827
18,158,211318720,67,0.594830857,0.142569608,0.004959828,0.425118926
8,158,211318720,67,0.597154173,0.142569608,0.004959828,0.430661855
10,158,211318720,67,0.689468677,0.142569608,0.004959828,0.600901296
17,158,211318720,67,0.696372679,0.142569608,0.004959828,0.612479534
5,158,211318720,67,0.718380793,0.142569608,0.004959828,0.634279498
7,158,211318720,67,0.806736162,0.142569608,0.004959828,0.665561296
19,158,211318720,67,0.945489302,0.142569608,0.004959828,0.714713466
6,158,211318720,67,1.101936295,0.142569608,0.004959828,0.791068683
1,158,211318720,67,1.194448259,0.142569608,0.004959828,0.859784880
28,158,211318720,67,1.287505055,0.142569608,0.004959828,0.952868165
24,158,211318720,67,1.327574613,0.142569608,0.004959828,0.965585579
13,158,211318720,67,1.676204218,0.142569608,0.004959828,0.975976242
26,158,211318720,67,1.770823247,0.142569608,0.004959828,1.069639138
23,158,211318720,67,1.819848566,0.142569608,0.004959828,1.083771260
4,158,211318720,67,1.987851416,0.142569608,0.004959828,1.145184592
3,158,211318720,67,2.098381484,0.142569608,0.004959828,1.182746014
27,158,211318720,67,2.250289952,0.142569608,0.004959828,1.226074746
21,158,211318720,67,2.467304551,0.142569608,0.004959828,1.251597780
12,158,211318720,67,2.623573168,0.142569608,0.004959828,1.295451735
20,158,211318720,67,2.996920999,0.142569608,0.004959828,1.269003838
11,158,211318720,67,3.470429786,0.142569608,0.004959828,1.302595063
22,158,211318720,67,3.473540127,0.142569608,0.004959828,1.303749194
25,158,211318720,67,3.737891076,0.142569608,0.004959828,1.365286188
30,158,211318720,67,3.802409803,0.142569608,0.004959828,1.387497879
9,158,211318720,67,4.399449846,0.142569608,0.004959828,1.284968529
2,158,211318720,67,6.898369160,0.142569608,0.004959828,0.550473828
15,158,211318720,67,8.374987834,0.142569608,0.004959828,0.060988551
10,159,211318720,67,0.443229864,0.142569608,0.020772412,0.176670773
8,159,211318720,67,0.459349364,0.142569608,0.020772412,0.203347458
18,159,211318720,67,0.549074637,0.142569608,0.020772412,0.386487243
24,159,211318720,67,0.556724838,0.142569608,0.020772412,0.400746995
14,159,211318720,67,0.601161874,0.142569608,0.020772412,0.481659784
28,159,211318720,67,0.643752528,0.142569608,0.020772412,0.591754137
17,159,211318720,67,0.696372679,0.142569608,0.020772412,0.714021634
16,159,211318720,67,0.733452279,0.142569608,0.020772412,0.776829812
13,159,211318720,67,0.744979652,0.142569608,0.020772412,0.788082114
6,159,211318720,67,0.771355406,0.142569608,0.020772412,0.797126695
23,159,211318720,67,0.939276679,0.142569608,0.020772412,0.838720127
19,159,211318720,67,1.343590061,0.142569608,0.020772412,0.840832747
29,159,211318720,67,1.428570176,0.142569608,0.020772412,0.905074869
5,159,211318720,67,1.526559185,0.142569608,0.020772412,1.002597655
1,159,211318720,67,1.561970800,0.142569608,0.020772412,1.014445543
7,159,211318720,67,1.764735355,0.142569608,0.020772412,1.125720867
4,159,211318720,67,1.855327988,0.142569608,0.020772412,1.278033545
25,159,211318720,67,1.868945538,0.142569608,0.020772412,1.292238238
20,159,211318720,67,1.873075624,0.142569608,0.020772412,1.293573104
3,159,211318720,67,2.098381484,0.142569608,0.020772412,1.346014119
30,159,211318720,67,2.193697963,0.142569608,0.020772412,1.380050023
27,159,211318720,67,2.769587633,0.142569608,0.020772412,1.372329026
12,159,211318720,67,2.825386488,0.142569608,0.020772412,1.456946944
15,159,211318720,67,2.865127417,0.142569608,0.020772412,1.496954531
2,159,211318720,67,2.926580856,0.142569608,0.020772412,1.578745075
22,159,211318720,67,3.010401443,0.142569608,0.020772412,1.663789947
21,159,211318720,67,3.036682524,0.142569608,0.020772412,1.672931462
26,159,211318720,67,3.269212149,0.142569608,0.020772412,1.732489908
9,159,211318720,67,3.351961787,0.142569608,0.020772412,1.761472084
11,159,211318720,67,3.759632269,0.142569608,0.020772412,1.624410256
18,160,211318720,67,0.549074637,0.142569608,0.004231805,0.253222029
19,160,211318720,67,0.597151138,0.142569608,0.004231805,0.523629074
8,160,211318720,67,0.597154173,0.142569608,0.004231805,0.523631052
17,160,211318720,67,0.649947834,0.142569608,0.004231805,0.787195877
7,160,211318720,67,0.655473132,0.142569608,0.004231805,0.811001042
6,160,211318720,67,0.661161777,0.142569608,0.004231805,0.831251132
24,160,211318720,67,0.685199800,0.142569608,0.004231805,0.904139098
10,160,211318720,67,0.689468677,0.142569608,0.004231805,0.914150795
28,160,211318720,67,0.693271953,0.142569608,0.004231805,0.920505723
13,160,211318720,67,0.698418424,0.142569608,0.004231805,0.925727505
16,160,211318720,67,0.733452279,0.142569608,0.004231805,0.938040564
5,160,211318720,67,1.077571189,0.142569608,0.004231805,0.935667652
1,160,211318720,67,1.194448259,0.142569608,0.004231805,1.218406480
26,160,211318720,67,1.225954556,0.142569608,0.004231805,1.292677052
14,160,211318720,67,1.242401206,0.142569608,0.004231805,1.320392272
25,160,211318720,67,1.245963692,0.142569608,0.004231805,1.323849859
29,160,211318720,67,1.265305013,0.142569608,0.004231805,1.330724835
30,160,211318720,67,1.462465309,0.142569608,0.004231805,1.361259826
21,160,211318720,67,1.708133920,0.142569608,0.004231805,1.377468864
23,160,211318720,67,2.172077320,0.142569608,0.004231805,1.328927128
2,160,211318720,67,2.299456387,0.142569608,0.004231805,1.372923540
3,160,211318720,67,2.622976855,0.142569608,0.004231805,1.357806303
27,160,211318720,67,2.769587633,0.142569608,0.004231805,1.550745731
22,160,211318720,67,2.778832101,0.142569608,0.004231805,1.560321452
12,160,211318720,67,2.825386488,0.142569608,0.004231805,1.576393729
15,160,211318720,67,3.305916250,0.142569608,0.004231805,1.577084427
9,160,211318720,67,3.351961787,0.142569608,0.004231805,1.593148246
4,160,211318720,67,5.035890254,0.142569608,0.004231805,1.133809315
20,160,211318720,67,5.431919310,0.142569608,0.004231805,1.097992526
11,160,211318720,67,6.073252126,0.142569608,0.004231805,0.890081895
13,161,211318720,67,0.419051054,0.142569608,0.105236545,0.057141463
18,161,211318720,67,0.549074637,0.142569608,0.105236545,0.215498936
29,161,211318720,67,0.612244361,0.142569608,0.105236545,0.440286833
14,161,211318720,67,0.641239332,0.142569608,0.105236545,0.554481626
7,161,211318720,67,0.655473132,0.142569608,0.105236545,0.606913413
8,161,211318720,67,0.689024046,0.142569608,0.105236545,0.707607264
1,161,211318720,67,0.689104765,0.142569608,0.105236545,0.707787964
5,161,211318720,67,0.718380793,0.142569608,0.105236545,0.757485956
10,161,211318720,67,0.738716440,0.142569608,0.105236545,0.777847603
6,161,211318720,67,0.771355406,0.142569608,0.105236545,0.789253411
23,161,211318720,67,0.939276679,0.142569608,0.105236545,0.864886273
24,161,211318720,67,1.027799701,0.142569608,0.105236545,0.932694786
17,161,211318720,67,1.114196287,0.142569608,0.105236545,0.960445995
4,161,211318720,67,1.325234277,0.142569608,0.105236545,0.987446410
16,161,211318720,67,1.613595013,0.142569608,0.105236545,1.111538695
19,161,211318720,67,1.642165630,0.142569608,0.105236545,1.139534404
28,161,211318720,67,1.683660457,0.142569608,0.105236545,1.152567633
30,161,211318720,67,1.901204902,0.142569608,0.105236545,1.215085954
15,161,211318720,67,1.983549750,0.142569608,0.105236545,1.243266338
20,161,211318720,67,2.622305874,0.142569608,0.105236545,1.128447932
3,161,211318720,67,2.797841978,0.142569608,0.105236545,1.218192516
26,161,211318720,67,2.860560630,0.142569608,0.105236545,1.239293339
21,161,211318720,67,3.036682524,0.142569608,0.105236545,1.275582056
22,161,211318720,67,3.241970785,0.142569608,0.105236545,1.326545518
9,161,211318720,67,3.351961787,0.142569608,0.105236545,1.367634244
25,161,211318720,67,3.488698338,0.142569608,0.105236545,1.413596978
12,161,211318720,67,4.238079733,0.142569608,0.105236545,1.259376231
27,161,211318720,67,4.500579904,0.142569608,0.105236545,1.276970377
11,161,211318720,67,4.627239715,0.142569608,0.105236545,1.319940881
2,161,211318720,67,7.107410650,0.142569608,0.105236545,0.501357871
5,162,211318720,67,0.538785595,0.142569608,0.197807208,0.200886313
28,162,211318720,67,0.594233102,0.142569608,0.197807208,0.401375300
10,162,211318720,67,0.640220915,0.142569608,0.197807208,0.565087162
18,162,211318720,67,0.640587077,0.142569608,0.197807208,0.566200854
19,162,211318720,67,0.646913733,0.142569608,0.197807208,0.580999431
7,162,211318720,67,0.655473132,0.142569608,0.197807208,0.595074357
24,162,211318720,67,0.685199800,0.142569608,0.197807208,0.629439091
13,162,211318720,67,0.744979652,0.142569608,0.197807208,0.694473571
23,162,211318720,67,0.821867094,0.142569608,0.197807208,0.771157924
6,162,211318720,67,0.881549036,0.142569608,0.197807208,0.791682317
8,162,211318720,67,1.102438473,0.142569608,0.197807208,0.839016258
17,162,211318720,67,1.207045977,0.142569608,0.197807208,0.917379511
30,162,211318720,67,1.316218778,0.142569608,0.197807208,1.099641944
14,162,211318720,67,1.322556122,0.142569608,0.197807208,1.106126884
29,162,211318720,67,1.346937595,0.142569608,0.197807208,1.114101536
1,162,211318720,67,1.653851436,0.142569608,0.197807208,1.198464756
16,162,211318720,67,1.711388650,0.142569608,0.197807208,1.256438326
25,162,211318720,67,1.744349169,0.142569608,0.197807208,1.267854577
21,162,211318720,67,1.897926578,0.142569608,0.197807208,1.401977102
27,162,211318720,67,1.904091498,0.142569608,0.197807208,1.404238680
26,162,211318720,67,2.179474766,0.142569608,0.197807208,1.406916443
12,162,211318720,67,2.421759847,0.142569608,0.197807208,1.530185997
3,162,211318720,67,2.448111731,0.142569608,0.197807208,1.556608098
4,162,211318720,67,2.517945127,0.142569608,0.197807208,1.579574609
9,162,211318720,67,2.723468952,0.142569608,0.197807208,1.605215978
2,162,211318720,67,2.926580856,0.142569608,0.197807208,1.721080301
20,162,211318720,67,2.996920999,0.142569608,0.197807208,1.791407834
22,162,211318720,67,3.010401443,0.142569608,0.197807208,1.795678711
11,162,211318720,67,4.338037233,0.142569608,0.197807208,1.451997059
15,162,211318720,67,7.273015750,0.142569608,0.197807208,0.466761006
29,163,211318720,67,0.530611780,0.142569608,0.010170775,0.199296654
17,163,211318720,67,0.557098143,0.142569608,0.010170775,0.274136149
18,163,211318720,67,0.594830857,0.142569608,0.010170775,0.413020266
10,163,211318720,67,0.640220915,0.142569608,0.010170775,0.550297803
5,163,211318720,67,0.673481993,0.142569608,0.010170775,0.627971221
8,163,211318720,67,0.689024046,0.142569608,0.010170775,0.664214177
28,163,211318720,67,0.693271953,0.142569608,0.010170775,0.674245230
19,163,211318720,67,0.696676328,0.142569608,0.010170775,0.679882290
23,163,211318720,67,0.821867094,0.142569608,0.010170775,0.887247841
6,163,211318720,67,0.826452221,0.142569608,0.010170775,0.891841597
14,163,211318720,67,0.841626623,0.142569608,0.010170775,0.896972790
24,163,211318720,67,1.456049576,0.142569608,0.010170775,0.789647678
26,163,211318720,67,1.634606075,0.142569608,0.010170775,1.021493239
16,163,211318720,67,1.662491831,0.142569608,0.010170775,1.086487030
20,163,211318720,67,1.685768062,0.142569608,0.010170775,1.134009227
1,163,211318720,67,1.699791753,0.142569608,0.010170775,1.157580118
13,163,211318720,67,1.769326674,0.142569608,0.010170775,1.255055522
7,163,211318720,67,1.815156366,0.142569608,0.010170775,1.301439977
25,163,211318720,67,1.868945538,0.142569608,0.010170775,1.334605550
4,163,211318720,67,1.987851416,0.142569608,0.010170775,1.375539811
3,163,211318720,67,2.448111731,0.142569608,0.010170775,1.318462299
21,163,211318720,67,2.846889867,0.142569608,0.010170775,1.363239246
15,163,211318720,67,2.865127417,0.142569608,0.010170775,1.369082853
22,163,211318720,67,3.010401443,0.142569608,0.010170775,1.414283465
30,163,211318720,67,3.948656334,0.142569608,0.010170775,1.198106657
11,163,211318720,67,4.627239715,0.142569608,0.010170775,1.072006857
2,163,211318720,67,4.807954263,0.142569608,0.010170775,1.109199086
27,163,211318720,67,5.366076039,0.142569608,0.010170775,1.021817963
12,163,211318720,67,6.054399618,0.142569608,0.010170775,0.891244712
9,163,211318720,67,6.913421186,0.142569608,0.010170775,0.607946526
23,164,211318720,67,0.528343132,0.142569608,0.037418731,0.179831194
24,164,211318720,67,0.556724838,0.142569608,0.037418731,0.247662743
16,164,211318720,67,0.635658641,0.142569608,0.037418731,0.508593588
14,164,211318720,67,0.641239332,0.142569608,0.037418731,0.529180702
13,164,211318720,67,0.651857196,0.142569608,0.037418731,0.565584065
19,164,211318720,67,0.696676328,0.142569608,0.037418731,0.708821893
8,164,211318720,67,0.734958982,0.142569608,0.037418731,0.822461647
28,164,211318720,67,0.742791378,0.142569608,0.037418731,0.840700415
17,164,211318720,67,0.742797525,0.142569608,0.037418731,0.840712434
10,164,211318720,67,0.787964203,0.142569608,0.037418731,0.886023621
6,164,211318720,67,0.826452221,0.142569608,0.037418731,0.898370586
7,164,211318720,67,1.058841213,0.142569608,0.037418731,0.919329666
1,164,211318720,67,1.194448259,0.142569608,0.037418731,0.993266839
29,164,211318720,67,1.306121304,0.142569608,0.037418731,1.155980706
18,164,211318720,67,1.326930373,0.142569608,0.037418731,1.176863651
25,164,211318720,67,1.370560061,0.142569608,0.037418731,1.191710996
5,164,211318720,67,1.661255584,0.142569608,0.037418731,1.191869168
30,164,211318720,67,2.339944494,0.142569608,0.037418731,1.061065918
20,164,211318720,67,2.622305874,0.142569608,0.037418731,1.062527610
9,164,211318720,67,3.142464176,0.142569608,0.037418731,0.983587987
26,164,211318720,67,3.677863668,0.142569608,0.037418731,0.939913129
11,164,211318720,67,3.759632269,0.142569608,0.037418731,0.968869704
27,164,211318720,67,4.154381450,0.142569608,0.037418731,0.975397272
12,164,211318720,67,4.238079733,0.142569608,0.037418731,1.024867884
21,164,211318720,67,4.365231129,0.142569608,0.037418731,1.303475385
3,164,211318720,67,4.371628091,0.142569608,0.037418731,1.314438007
4,164,211318720,67,4.373273115,0.142569608,0.037418731,1.315768663
15,164,211318720,67,4.407888334,0.142569608,0.037418731,1.327858690
2,164,211318720,67,5.016995753,0.142569608,0.037418731,1.225171064
22,164,211318720,67,7.178649595,0.142569608,0.037418731,0.519009130
18,165,211318720,67,0.411805978,0.142569608,0.018667107,0.048412855
8,165,211318720,67,0.597154173,0.142569608,0.018667107,0.226931713
14,165,211318720,67,0.601161874,0.142569608,0.018667107,0.237334154
13,165,211318720,67,0.698418424,0.142569608,0.018667107,0.530055443
7,165,211318720,67,0.705894142,0.142569608,0.018667107,0.547388713
1,165,211318720,67,0.735045083,0.142569608,0.018667107,0.595602528
28,165,211318720,67,0.742791378,0.142569608,0.018667107,0.603567956
17,165,211318720,67,0.742797525,0.142569608,0.018667107,0.603568376
23,165,211318720,67,0.939276679,0.142569608,0.018667107,0.672727742
10,165,211318720,67,1.034203016,0.142569608,0.018667107,0.767682026
24,165,211318720,67,1.070624688,0.142569608,0.018667107,0.780760273
5,165,211318720,67,1.346963987,0.142569608,0.018667107,0.824210879
29,165,211318720,67,1.428570176,0.142569608,0.018667107,0.852184230
19,165,211318720,67,1.642165630,0.142569608,0.018667107,0.926683402
21,165,211318720,67,1.708133920,0.142569608,0.018667107,0.975538266
16,165,211318720,67,1.809182287,0.142569608,0.018667107,1.009161871
4,165,211318720,67,1.987851416,0.142569608,0.018667107,1.105335463
6,165,211318720,67,2.038582145,0.142569608,0.018667107,1.122454576
30,165,211318720,67,2.193697963,0.142569608,0.018667107,1.165041010
9,165,211318720,67,2.513971340,0.142569608,0.018667107,1.179375811
12,165,211318720,67,2.623573168,0.142569608,0.018667107,1.216722861
25,165,211318720,67,2.990312861,0.142569608,0.018667107,1.189163301
2,165,211318720,67,3.344663835,0.142569608,0.018667107,1.176184902
22,165,211318720,67,3.473540127,0.142569608,0.018667107,1.219960206
20,165,211318720,67,3.746151248,0.142569608,0.018667107,1.224842003
26,165,211318720,67,4.631383878,0.142569608,0.018667107,1.029663576
3,165,211318720,67,5.770549081,0.142569608,0.018667107,0.769713920
27,165,211318720,67,5.885373720,0.142569608,0.018667107,0.809149278
15,165,211318720,67,8.374987834,0.142569608,0.018667107,0.087544464
11,165,211318720,67,9.254479431,0.142569608,0.018667107,0.000004764
8,166,211318720,67,0.413414428,0.142569608,0.073066421,0.110346388
17,166,211318720,67,0.464248453,0.142569608,0.073066421,0.148386718
16,166,211318720,67,0.586761823,0.142569608,0.073066421,0.358994594
19,166,211318720,67,0.597151138,0.142569608,0.073066421,0.381786561
14,166,211318720,67,0.641239332,0.142569608,0.073066421,0.455592840
24,166,211318720,67,0.685199800,0.142569608,0.073066421,0.500131794
18,166,211318720,67,0.732099516,0.142569608,0.073066421,0.516968123
23,166,211318720,67,0.880571887,0.142569608,0.073066421,0.562985181
25,166,211318720,67,1.121367323,0.142569608,0.073066421,0.614122224
13,166,211318720,67,1.210591935,0.142569608,0.073066421,0.691668045
10,166,211318720,67,1.280441829,0.142569608,0.073066421,0.738747249
29,166,211318720,67,1.387753885,0.142569608,0.073066421,0.833213677
4,166,211318720,67,1.457757705,0.142569608,0.073066421,0.903107650
1,166,211318720,67,1.516030483,0.142569608,0.073066421,0.953055919
7,166,211318720,67,1.613472325,0.142569608,0.073066421,1.019818640
5,166,211318720,67,1.706154383,0.142569608,0.073066421,1.094759132
28,166,211318720,67,1.782699307,0.142569608,0.073066421,1.119158248
6,166,211318720,67,2.038582145,0.142569608,0.073066421,1.221614848
26,166,211318720,67,2.043257593,0.142569608,0.073066421,1.223276554
30,166,211318720,67,2.339944494,0.142569608,0.073066421,1.260561930
27,166,211318720,67,2.423389179,0.142569608,0.073066421,1.290310079
2,166,211318720,67,2.717539366,0.142569608,0.073066421,1.288501856
12,166,211318720,67,4.238079733,0.142569608,0.073066421,0.878307967
3,166,211318720,67,4.371628091,0.142569608,0.073066421,0.999612242
9,166,211318720,67,4.399449846,0.142569608,0.073066421,1.009196350
21,166,211318720,67,4.555023786,0.142569608,0.073066421,1.100229541
11,166,211318720,67,4.627239715,0.142569608,0.073066421,1.123462084
20,166,211318720,67,5.619226873,0.142569608,0.073066421,0.888147146
15,166,211318720,67,7.052621334,0.142569608,0.073066421,0.506613278
22,166,211318720,67,7.873357621,0.142569608,0.073066421,0.236765205
18,167,211318720,67,0.411805978,0.142569608,0.006925579,0.052406968
19,167,211318720,67,0.547388543,0.142569608,0.006925579,0.191227618
13,167,211318720,67,0.605295968,0.142569608,0.006925579,0.275660116
16,167,211318720,67,0.635658641,0.142569608,0.006925579,0.366509556
8,167,211318720,67,0.734958982,0.142569608,0.006925579,0.646792854
1,167,211318720,67,0.735045083,0.142569608,0.006925579,0.646982587
10,167,211318720,67,0.738716440,0.142569608,0.006925579,0.653173969
28,167,211318720,67,0.742791378,0.142569608,0.006925579,0.657130560
7,167,211318720,67,0.806736162,0.142569608,0.006925579,0.685202127
23,167,211318720,67,0.939276679,0.142569608,0.006925579,0.754033266
29,167,211318720,67,1.061223559,0.142569608,0.006925579,0.875673339
17,167,211318720,67,1.067771442,0.142569608,0.006925579,0.877580190
24,167,211318720,67,1.370399601,0.142569608,0.006925579,0.966409771
14,167,211318720,67,1.402711039,0.142569608,0.006925579,0.998838151
5,167,211318720,67,1.481660385,0.142569608,0.006925579,1.025142568
6,167,211318720,67,1.652904442,0.142569608,0.006925579,1.064219673
30,167,211318720,67,1.901204902,0.142569608,0.006925579,1.077956513
3,167,211318720,67,2.273246608,0.142569608,0.006925579,1.050474246
2,167,211318720,67,2.508497876,0.142569608,0.006925579,1.104627570
27,167,211318720,67,2.596488406,0.142569608,0.006925579,1.146341556
9,167,211318720,67,2.723468952,0.142569608,0.006925579,1.192377427
26,167,211318720,67,2.860560630,0.142569608,0.006925579,1.237418974
15,167,211318720,67,3.305916250,0.142569608,0.006925579,1.185146256
4,167,211318720,67,3.843179404,0.142569608,0.006925579,1.101857088
25,167,211318720,67,4.236276553,0.142569608,0.006925579,1.093540580
11,167,211318720,67,4.338037233,0.142569608,0.006925579,1.127528864
20,167,211318720,67,5.057304185,0.142569608,0.006925579,0.981354175
12,167,211318720,67,5.448959656,0.142569608,0.006925579,0.945905603
21,167,211318720,67,7.022328337,0.142569608,0.006925579,0.525041670
22,167,211318720,67,8.336496304,0.142569608,0.006925579,0.090745783
14,168,211318720,67,0.480929499,0.142569608,0.001697552,0.083471015
29,168,211318720,67,0.571428070,0.142569608,0.001697552,0.233142644
28,168,211318720,67,0.643752528,0.142569608,0.001697552,0.478473148
19,168,211318720,67,0.646913733,0.142569608,0.001697552,0.492221145
1,168,211318720,67,0.689104765,0.142569608,0.001697552,0.663425004
17,168,211318720,67,0.696372679,0.142569608,0.001697552,0.690170663
18,168,211318720,67,0.732099516,0.142569608,0.001697552,0.797637163
13,168,211318720,67,0.744979652,0.142569608,0.001697552,0.827023512
6,168,211318720,67,0.771355406,0.142569608,0.001697552,0.871338662
16,168,211318720,67,0.782349097,0.142569608,0.001697552,0.882123535
7,168,211318720,67,0.806736162,0.142569608,0.001697552,0.890081704
8,168,211318720,67,1.102438473,0.142569608,0.001697552,0.927409998
10,168,211318720,67,1.181946304,0.142569608,0.001697552,0.969311374
5,168,211318720,67,1.302065187,0.142569608,0.001697552,1.010585187
24,168,211318720,67,1.456049576,0.142569608,0.001697552,1.144100909
30,168,211318720,67,1.462465309,0.142569608,0.001697552,1.146311489
23,168,211318720,67,1.995962943,0.142569608,0.001697552,1.065173734
3,168,211318720,67,2.622976855,0.142569608,0.001697552,0.952831540
27,168,211318720,67,2.769587633,0.142569608,0.001697552,1.085994401
4,168,211318720,67,2.782991982,0.142569608,0.001697552,1.090646830
2,168,211318720,67,2.926580856,0.142569608,0.001697552,1.137918416
12,168,211318720,67,3.229013130,0.142569608,0.001697552,1.132700868
26,168,211318720,67,3.677863668,0.142569608,0.001697552,1.081818686
21,168,211318720,67,3.985645813,0.142569608,0.001697552,1.074743330
25,168,211318720,67,4.734662030,0.142569608,0.001697552,0.917616068
15,168,211318720,67,5.730254834,0.142569608,0.001697552,0.686006445
20,168,211318720,67,6.368457122,0.142569608,0.001697552,0.574967962
9,168,211318720,67,7.122918798,0.142569608,0.001697552,0.420311144
22,168,211318720,67,7.641788279,0.142569608,0.001697552,0.345342618
11,168,211318720,67,9.543681913,0.142569608,0.001697552,0.000004764
29,169,211318720,67,0.367346617,0.142569640,0.070580453,0.075649586
24,169,211318720,67,0.471074863,0.142569640,0.070580453,0.121110956
8,169,211318720,67,0.597154173,0.142569640,0.070580453,0.374964768
14,169,211318720,67,0.641239332,0.142569640,0.070580453,0.604441302
5,169,211318720,67,0.673481993,0.142569640,0.070580453,0.766388854
18,169,211318720,67,0.686343296,0.142569640,0.070580453,0.824028589
1,169,211318720,67,0.689104765,0.142569640,0.070580453,0.836108307
13,169,211318720,67,0.698418424,0.142569640,0.070580453,0.870415361
16,169,211318720,67,0.733452279,0.142569640,0.070580453,0.975330669
10,169,211318720,67,0.738716440,0.142569640,0.070580453,0.987481155
19,169,211318720,67,0.746438923,0.142569640,0.070580453,1.000759133
23,169,211318720,67,0.763162302,0.142569640,0.070580453,1.017003578
6,169,211318720,67,0.826452221,0.142569640,0.070580453,1.037481357
7,169,211318720,67,1.310946264,0.142569640,0.070580453,0.983769757
28,169,211318720,67,1.436063331,0.142569640,0.070580453,1.055664054
17,169,211318720,67,1.532019894,0.142569640,0.070580453,1.088397637
21,169,211318720,67,1.897926578,0.142569640,0.070580453,1.095930525
25,169,211318720,67,1.993541907,0.142569640,0.070580453,1.128242554
26,169,211318720,67,2.179474766,0.142569640,0.070580453,1.210064209
27,169,211318720,67,2.250289952,0.142569640,0.070580453,1.269278264
30,169,211318720,67,2.339944494,0.142569640,0.070580453,1.379198795
12,169,211318720,67,2.421759847,0.142569640,0.070580453,1.493281299
15,169,211318720,67,2.424338583,0.142569640,0.070580453,1.495870200
9,169,211318720,67,2.513971340,0.142569640,0.070580453,1.548621184
20,169,211318720,67,2.622305874,0.142569640,0.070580453,1.584678010
3,169,211318720,67,2.797841978,0.142569640,0.070580453,1.624586973
4,169,211318720,67,3.843179404,0.142569640,0.070580453,1.371055243
11,169,211318720,67,4.048834751,0.142569640,0.070580453,1.398944785
2,169,211318720,67,5.016995753,0.142569640,0.070580453,1.173979361
22,169,211318720,67,7.873357621,0.142569640,0.070580453,0.232588681
13,170,211318720,67,0.465612283,0.142569640,0.023064220,0.049957567
7,170,211318720,67,0.605052122,0.142569640,0.023064220,0.265036128
1,170,211318720,67,0.643164447,0.142569640,0.023064220,0.356723657
18,170,211318720,67,0.686343296,0.142569640,0.023064220,0.480051221
28,170,211318720,67,0.693271953,0.142569640,0.023064220,0.495662137
5,170,211318720,67,0.718380793,0.142569640,0.023064220,0.539211074
16,170,211318720,67,0.782349097,0.142569640,0.023064220,0.663282554
19,170,211318720,67,0.796201518,0.142569640,0.023064220,0.686480693
29,170,211318720,67,0.857142106,0.142569640,0.023064220,0.763860061
24,170,211318720,67,0.899324738,0.142569640,0.023064220,0.805693966
17,170,211318720,67,0.974921751,0.142569640,0.023064220,0.831709469
25,170,211318720,67,1.121367323,0.142569640,0.023064220,0.879739922
14,170,211318720,67,1.402711039,0.142569640,0.023064220,0.917501941
6,170,211318720,67,1.487613998,0.142569640,0.023064220,1.020605547
8,170,211318720,67,1.561787837,0.142569640,0.023064220,1.162005254
23,170,211318720,67,1.585029396,0.142569640,0.023064220,1.201473308
26,170,211318720,67,1.634606075,0.142569640,0.023064220,1.251029935
10,170,211318720,67,1.674423931,0.142569640,0.023064220,1.264112749
20,170,211318720,67,2.247690749,0.142569640,0.023064220,1.172008184
22,170,211318720,67,3.010401443,0.142569640,0.023064220,1.060797032
15,170,211318720,67,3.085521834,0.142569640,0.023064220,1.086165094
12,170,211318720,67,3.229013130,0.142569640,0.023064220,1.163719970
2,170,211318720,67,3.344663835,0.142569640,0.023064220,1.281113730
9,170,211318720,67,3.351961787,0.142569640,0.023064220,1.283444187
4,170,211318720,67,3.843179404,0.142569640,0.023064220,1.211790360
27,170,211318720,67,4.154381450,0.142569640,0.023064220,1.205522642
30,170,211318720,67,4.826135520,0.142569640,0.023064220,1.073970714
21,170,211318720,67,5.883572391,0.142569640,0.023064220,0.878981692
3,170,211318720,67,5.945414204,0.142569640,0.023064220,0.899183865
11,170,211318720,67,9.543681913,0.142569640,0.023064220,0.000004764
17,171,211318720,67,0.557098143,0.142569640,0.048989289,0.330103614
14,171,211318720,67,0.561084416,0.142569640,0.048989289,0.344907993
10,171,211318720,67,0.590973152,0.142569640,0.048989289,0.435100339
16,171,211318720,67,0.635658641,0.142569640,0.048989289,0.573065419
24,171,211318720,67,0.642374813,0.142569640,0.048989289,0.593474520
7,171,211318720,67,0.655473132,0.142569640,0.048989289,0.624627129
1,171,211318720,67,0.689104765,0.142569640,0.048989289,0.703331114
8,171,211318720,67,0.734958982,0.142569640,0.048989289,0.779933522
6,171,211318720,67,0.771355406,0.142569640,0.048989289,0.815902766
19,171,211318720,67,0.796201518,0.142569640,0.048989289,0.825218626
13,171,211318720,67,1.117469479,0.142569640,0.048989289,0.896827567
28,171,211318720,67,1.138946779,0.142569640,0.048989289,0.915450193
29,171,211318720,67,1.265305013,0.142569640,0.048989289,0.957745070
5,171,211318720,67,1.571457984,0.142569640,0.048989289,1.019728591
26,171,211318720,67,1.634606075,0.142569640,0.048989289,1.149994718
23,171,211318720,67,1.702438981,0.142569640,0.048989289,1.264683499
21,171,211318720,67,1.708133920,0.142569640,0.048989289,1.270791462
18,171,211318720,67,1.738736351,0.142569640,0.048989289,1.298173893
4,171,211318720,67,1.855327988,0.142569640,0.048989289,1.338813568
25,171,211318720,67,1.993541907,0.142569640,0.048989289,1.384877087
30,171,211318720,67,2.339944494,0.142569640,0.048989289,1.364799217
9,171,211318720,67,2.513971340,0.142569640,0.048989289,1.434815255
3,171,211318720,67,2.622976855,0.142569640,0.048989289,1.542638451
15,171,211318720,67,2.644733000,0.142569640,0.048989289,1.550254849
20,171,211318720,67,2.809613436,0.142569640,0.048989289,1.591758839
2,171,211318720,67,3.344663835,0.142569640,0.048989289,1.507556969
27,171,211318720,67,4.673679131,0.142569640,0.048989289,1.161516679
12,171,211318720,67,6.054399618,0.142569640,0.048989289,0.883430430
11,171,211318720,67,6.073252126,0.142569640,0.048989289,0.889492595
22,171,211318720,67,7.410218937,0.142569640,0.048989289,0.447393103
29,172,211318720,67,0.367346617,0.142569640,0.003969208,0.090384345
28,172,211318720,67,0.445674827,0.142569640,0.003969208,0.134088818
13,172,211318720,67,0.558734739,0.142569640,0.003969208,0.502595373
19,172,211318720,67,0.597151138,0.142569640,0.003969208,0.720481088
17,172,211318720,67,0.603522989,0.142569640,0.003969208,0.752278786
18,172,211318720,67,0.640587077,0.142569640,0.003969208,0.913504438
14,172,211318720,67,0.641239332,0.142569640,0.003969208,0.916398256
24,172,211318720,67,0.642374813,0.142569640,0.003969208,0.920587530
1,172,211318720,67,0.643164447,0.142569640,0.003969208,0.923059325
5,172,211318720,67,0.673481993,0.142569640,0.003969208,0.999574520
8,172,211318720,67,0.689024046,0.142569640,0.003969208,1.035748477
10,172,211318720,67,0.689468677,0.142569640,0.003969208,1.036503480
16,172,211318720,67,0.782349097,0.142569640,0.003969208,1.160024159
7,172,211318720,67,0.806736162,0.142569640,0.003969208,1.184255261
23,172,211318720,67,0.880571887,0.142569640,0.003969208,1.210832985
4,172,211318720,67,1.325234277,0.142569640,0.003969208,1.158562268
6,172,211318720,67,1.597807627,0.142569640,0.003969208,1.164393905
30,172,211318720,67,2.193697963,0.142569640,0.003969208,1.061451115
25,172,211318720,67,2.616523753,0.142569640,0.003969208,1.110991537
12,172,211318720,67,2.623573168,0.142569640,0.003969208,1.113608234
27,172,211318720,67,2.769587633,0.142569640,0.003969208,1.228849552
20,172,211318720,67,2.809613436,0.142569640,0.003969208,1.242386275
21,172,211318720,67,3.036682524,0.142569640,0.003969208,1.292856630
2,172,211318720,67,3.135622345,0.142569640,0.003969208,1.325848811
15,172,211318720,67,3.305916250,0.142569640,0.003969208,1.364266703
22,172,211318720,67,3.473540127,0.142569640,0.003969208,1.404445208
26,172,211318720,67,4.086515186,0.142569640,0.003969208,1.294559583
11,172,211318720,67,4.627239715,0.142569640,0.003969208,1.209887952
3,172,211318720,67,5.770549081,0.142569640,0.003969208,0.929635134
9,172,211318720,67,6.913421186,0.142569640,0.003969208,0.550660512
5,173,211318720,67,0.404089196,0.142569640,0.019035708,0.048816870
17,173,211318720,67,0.557098143,0.142569640,0.019035708,0.190626033
14,173,211318720,67,0.601161874,0.142569640,0.019035708,0.292093220
29,173,211318720,67,0.653060652,0.142569640,0.019035708,0.482760043
19,173,211318720,67,0.696676328,0.142569640,0.019035708,0.635490492
6,173,211318720,67,0.716258591,0.142569640,0.019035708,0.694420419
8,173,211318720,67,0.734958982,0.142569640,0.019035708,0.738260064
10,173,211318720,67,0.738716440,0.142569640,0.019035708,0.744502259
28,173,211318720,67,0.742791378,0.142569640,0.019035708,0.748349430
7,173,211318720,67,0.806736162,0.142569640,0.019035708,0.789087772
16,173,211318720,67,0.929039553,0.142569640,0.019035708,0.911939522
23,173,211318720,67,0.939276679,0.142569640,0.019035708,0.922757305
24,173,211318720,67,1.070624688,0.142569640,0.019035708,0.965669126
13,173,211318720,67,1.489959305,0.142569640,0.019035708,1.061254050
18,173,211318720,67,1.509955252,0.142569640,0.019035708,1.094561133
1,173,211318720,67,1.561970800,0.142569640,0.019035708,1.146392754
25,173,211318720,67,1.619752800,0.142569640,0.019035708,1.167234479
22,173,211318720,67,2.778832101,0.142569640,0.019035708,0.961538075
3,173,211318720,67,2.797841978,0.142569640,0.019035708,0.967865161
2,173,211318720,67,3.135622345,0.142569640,0.019035708,0.982987005
12,173,211318720,67,3.229013130,0.142569640,0.019035708,1.027049400
9,173,211318720,67,3.351961787,0.142569640,0.019035708,1.068180079
26,173,211318720,67,3.677863668,0.142569640,0.019035708,1.057378396
4,173,211318720,67,3.843179404,0.142569640,0.019035708,1.130772776
20,173,211318720,67,3.933458811,0.142569640,0.019035708,1.159951505
11,173,211318720,67,4.627239715,0.142569640,0.019035708,1.023383015
30,173,211318720,67,5.264875112,0.142569640,0.019035708,0.904857372
27,173,211318720,67,5.712274493,0.142569640,0.019035708,0.853768598
15,173,211318720,67,6.391438084,0.142569640,0.019035708,0.722312461
21,173,211318720,67,7.022328337,0.142569640,0.019035708,0.513039061
24,174,211318720,67,0.513899850,0.142569640,0.282459289,0.279469722
18,174,211318720,67,0.549074637,0.142569640,0.282459289,0.404930890
17,174,211318720,67,0.557098143,0.142569640,0.282459289,0.429347661
13,174,211318720,67,0.558734739,0.142569640,0.282459289,0.433191699
5,174,211318720,67,0.628583194,0.142569640,0.282459289,0.549326621
28,174,211318720,67,0.643752528,0.142569640,0.282459289,0.564480656
6,174,211318720,67,0.661161777,0.142569640,0.282459289,0.570719836
14,174,211318720,67,0.841626623,0.142569640,0.282459289,0.606350176
29,174,211318720,67,1.265305013,0.142569640,0.282459289,0.632637189
8,174,211318720,67,1.332113155,0.142569640,0.282459289,0.719755642
1,174,211318720,67,1.378209530,0.142569640,0.282459289,0.766311486
19,174,211318720,67,1.443115251,0.142569640,0.282459289,0.795105589
10,174,211318720,67,1.575928405,0.142569640,0.282459289,0.947318712
16,174,211318720,67,1.613595013,0.142569640,0.282459289,0.986122512
7,174,211318720,67,1.663893335,0.142569640,0.282459289,1.003532998
23,174,211318720,67,1.995962943,0.142569640,0.282459289,1.052917772
26,174,211318720,67,2.043257593,0.142569640,0.282459289,1.069103842
30,174,211318720,67,2.339944494,0.142569640,0.282459289,1.077796307
21,174,211318720,67,2.467304551,0.142569640,0.282459289,1.120293915
3,174,211318720,67,2.622976855,0.142569640,0.282459289,1.164109880
27,174,211318720,67,2.769587633,0.142569640,0.282459289,1.210490565
2,174,211318720,67,3.135622345,0.142569640,0.282459289,1.211387357
22,174,211318720,67,3.241970785,0.142569640,0.282459289,1.297931663
15,174,211318720,67,3.305916250,0.142569640,0.282459289,1.320294117
20,174,211318720,67,3.746151248,0.142569640,0.282459289,1.266198011
9,174,211318720,67,4.399449846,0.142569640,0.282459289,1.211249882
25,174,211318720,67,4.485469291,0.142569640,0.282459289,1.298159736
4,174,211318720,67,4.505796543,0.142569640,0.282459289,1.308398699
12,174,211318720,67,4.641706374,0.142569640,0.282459289,1.352642597
11,174,211318720,67,8.965276948,0.142569640,0.282459289,0.000004764
17,175,211318720,67,0.417823608,0.142569640,0.019146888,0.077022537
23,175,211318720,67,0.528343132,0.142569640,0.019146888,0.311696773
18,175,211318720,67,0.549074637,0.142569640,0.019146888,0.386246362
24,175,211318720,67,0.599549825,0.142569640,0.019146888,0.538150688
13,175,211318720,67,0.605295968,0.142569640,0.019146888,0.551074030
1,175,211318720,67,0.643164447,0.142569640,0.019146888,0.616488600
29,175,211318720,67,0.653060652,0.142569640,0.019146888,0.635150201
5,175,211318720,67,0.673481993,0.142569640,0.019146888,0.669578902
16,175,211318720,67,0.782349097,0.142569640,0.019146888,0.808744710
28,175,211318720,67,0.792310803,0.142569640,0.019146888,0.818677160
6,175,211318720,67,0.881549036,0.142569640,0.019146888,0.848571538
7,175,211318720,67,1.058841213,0.142569640,0.019146888,0.887896615
19,175,211318720,67,1.194302276,0.142569640,0.019146888,0.933779254
14,175,211318720,67,1.362633581,0.142569640,0.019146888,0.973314630
8,175,211318720,67,1.561787837,0.142569640,0.019146888,1.002576036
4,175,211318720,67,1.722804560,0.142569640,0.019146888,1.072739966
10,175,211318720,67,1.822167219,0.142569640,0.019146888,1.146379416
26,175,211318720,67,1.907040420,0.142569640,0.019146888,1.175946541
30,175,211318720,67,2.193697963,0.142569640,0.019146888,1.177181203
27,175,211318720,67,2.423389179,0.142569640,0.019146888,1.364245780
20,175,211318720,67,2.434998311,0.142569640,0.019146888,1.376112097
3,175,211318720,67,2.448111731,0.142569640,0.019146888,1.380499630
21,175,211318720,67,2.657097209,0.142569640,0.019146888,1.407168071
25,175,211318720,67,3.114909230,0.142569640,0.019146888,1.426724961
9,175,211318720,67,3.142464176,0.142569640,0.019146888,1.435299191
22,175,211318720,67,3.473540127,0.142569640,0.019146888,1.418973851
12,175,211318720,67,4.036266412,0.142569640,0.019146888,1.324091424
15,175,211318720,67,6.391438084,0.142569640,0.019146888,0.637624738
11,175,211318720,67,6.651657091,0.142569640,0.019146888,0.646421009
2,175,211318720,67,7.107410650,0.142569640,0.019146888,0.494943010
18,176,211318720,67,0.457562198,0.142569640,0.026956500,0.054434156
10,176,211318720,67,0.590973152,0.142569640,0.026956500,0.273808853
8,176,211318720,67,0.643089109,0.142569640,0.026956500,0.485761954
24,176,211318720,67,0.685199800,0.142569640,0.026956500,0.661427985
1,176,211318720,67,0.689104765,0.142569640,0.026956500,0.678697495
28,176,211318720,67,0.693271953,0.142569640,0.026956500,0.694079149
17,176,211318720,67,0.696372679,0.142569640,0.026956500,0.703391622
16,176,211318720,67,0.733452279,0.142569640,0.026956500,0.789901918
7,176,211318720,67,0.756315152,0.142569640,0.026956500,0.827307565
19,176,211318720,67,0.796201518,0.142569640,0.026956500,0.867582071
6,176,211318720,67,0.826452221,0.142569640,0.026956500,0.902278838
23,176,211318720,67,0.939276679,0.142569640,0.026956500,1.028876804
14,176,211318720,67,0.961858998,0.142569640,0.026956500,1.050854661
29,176,211318720,67,1.061223559,0.142569640,0.026956500,1.082913430
5,176,211318720,67,1.526559185,0.142569640,0.026956500,1.021365099
13,176,211318720,67,1.722765446,0.142569640,0.026956500,1.147903769
4,176,211318720,67,1.722804560,0.142569640,0.026956500,1.147924245
25,176,211318720,67,1.868945538,0.142569640,0.026956500,1.268007404
30,176,211318720,67,1.901204902,0.142569640,0.026956500,1.279502336
3,176,211318720,67,2.273246608,0.142569640,0.026956500,1.246719301
20,176,211318720,67,2.434998311,0.142569640,0.026956500,1.286900611
12,176,211318720,67,3.027199809,0.142569640,0.026956500,1.209529535
2,176,211318720,67,3.135622345,0.142569640,0.026956500,1.245884711
15,176,211318720,67,3.305916250,0.142569640,0.026956500,1.283881283
26,176,211318720,67,3.541646495,0.142569640,0.026956500,1.301951953
21,176,211318720,67,4.365231129,0.142569640,0.026956500,1.123592143
9,176,211318720,67,6.075430739,0.142569640,0.026956500,0.656370315
27,176,211318720,67,6.231572174,0.142569640,0.026956500,0.698855481
22,176,211318720,67,7.178649595,0.142569640,0.026956500,0.481605755
11,176,211318720,67,8.386871984,0.142569640,0.026956500,0.083670947
14,177,211318720,67,0.360697124,0.142569640,0.001184768,0.048466280
7,177,211318720,67,0.504210102,0.142569640,0.001184768,0.361542166
8,177,211318720,67,0.505284300,0.142569640,0.001184768,0.363924782
29,177,211318720,67,0.530611780,0.142569640,0.001184768,0.406878855
13,177,211318720,67,0.558734739,0.142569640,0.001184768,0.454182615
18,177,211318720,67,0.594830857,0.142569640,0.001184768,0.538933395
24,177,211318720,67,0.685199800,0.142569640,0.001184768,0.750055137
28,177,211318720,67,0.693271953,0.142569640,0.001184768,0.763238169
17,177,211318720,67,0.696372679,0.142569640,0.001184768,0.766150118
1,177,211318720,67,0.735045083,0.142569640,0.001184768,0.780051210
23,177,211318720,67,0.880571887,0.142569640,0.001184768,0.922664536
6,177,211318720,67,0.881549036,0.142569640,0.001184768,0.923023145
5,177,211318720,67,1.346963987,0.142569640,0.001184768,0.864157411
10,177,211318720,67,1.575928405,0.142569640,0.001184768,0.902072245
19,177,211318720,67,1.691928225,0.142569640,0.001184768,1.045094006
30,177,211318720,67,1.754958371,0.142569640,0.001184768,1.109478330
16,177,211318720,67,1.760285468,0.142569640,0.001184768,1.111104401
4,177,211318720,67,2.120374844,0.142569640,0.001184768,1.145531232
26,177,211318720,67,2.179474766,0.142569640,0.001184768,1.195486958
21,177,211318720,67,2.277511893,0.142569640,0.001184768,1.227701830
20,177,211318720,67,2.434998311,0.142569640,0.001184768,1.270672167
11,177,211318720,67,2.602822340,0.142569640,0.001184768,1.309213350
27,177,211318720,67,2.769587633,0.142569640,0.001184768,1.349420978
9,177,211318720,67,2.932966564,0.142569640,0.001184768,1.447480441
25,177,211318720,67,2.990312861,0.142569640,0.001184768,1.466016375
15,177,211318720,67,3.526310667,0.142569640,0.001184768,1.385688615
12,177,211318720,67,5.247146336,0.142569640,0.001184768,0.912588601
2,177,211318720,67,5.644120222,0.142569640,0.001184768,0.877866360
3,177,211318720,67,5.945414204,0.142569640,0.001184768,0.874064580
22,177,211318720,67,7.410218937,0.142569640,0.001184768,0.387857563
13,178,211318720,67,0.512173511,0.142569640,0.142504811,0.127699461
10,178,211318720,67,0.590973152,0.142569640,0.142504811,0.327075621
14,178,211318720,67,0.601161874,0.142569640,0.142504811,0.358480611
29,178,211318720,67,0.653060652,0.142569640,0.142504811,0.540679156
24,178,211318720,67,0.685199800,0.142569640,0.142504811,0.636727643
19,178,211318720,67,0.696676328,0.142569640,0.142504811,0.663625115
5,178,211318720,67,0.718380793,0.142569640,0.142504811,0.700153533
28,178,211318720,67,0.742791378,0.142569640,0.142504811,0.727524476
7,178,211318720,67,0.756315152,0.142569640,0.142504811,0.740641386
6,178,211318720,67,0.881549036,0.142569640,0.142504811,0.785454914
17,178,211318720,67,1.021346596,0.142569640,0.142504811,0.831242919
23,178,211318720,67,1.232800641,0.142569640,0.142504811,0.927919440
16,178,211318720,67,1.271317283,0.142569640,0.142504811,0.940759629
8,178,211318720,67,1.423983028,0.142569640,0.142504811,1.051784762
18,178,211318720,67,1.464199032,0.142569640,0.142504811,1.066205794
1,178,211318720,67,1.607911118,0.142569640,0.142504811,1.132286971
4,178,211318720,67,1.722804560,0.142569640,0.142504811,1.171188446
25,178,211318720,67,1.868945538,0.142569640,0.142504811,1.218928769
3,178,211318720,67,2.098381484,0.142569640,0.142504811,1.237564531
21,178,211318720,67,2.277511893,0.142569640,0.142504811,1.274573984
26,178,211318720,67,3.677863668,0.142569640,0.142504811,0.911468117
30,178,211318720,67,4.241149396,0.142569640,0.142504811,0.819717850
9,178,211318720,67,4.399449846,0.142569640,0.142504811,0.951976157
15,178,211318720,67,4.407888334,0.142569640,0.142504811,0.955073459
12,178,211318720,67,5.045333015,0.142569640,0.142504811,0.840432754
27,178,211318720,67,5.366076039,0.142569640,0.142504811,0.833208080
11,178,211318720,67,6.073252126,0.142569640,0.142504811,0.696927284
2,178,211318720,67,6.480286180,0.142569640,0.142504811,0.658017309
20,178,211318720,67,6.930379810,0.142569640,0.142504811,0.606043826
22,178,211318720,67,7.873357621,0.142569640,0.142504811,0.295626836
16,179,211318720,67,0.440071367,0.142569640,0.011825538,0.177334672
8,179,211318720,67,0.459349364,0.142569640,0.011825538,0.209631111
28,179,211318720,67,0.544713677,0.142569640,0.011825538,0.440314570
18,179,211318720,67,0.549074637,0.142569640,0.011825538,0.456293332
14,179,211318720,67,0.641239332,0.142569640,0.011825538,0.818199023
24,179,211318720,67,0.642374813,0.142569640,0.011825538,0.822286686
1,179,211318720,67,0.643164447,0.142569640,0.011825538,0.824728103
23,179,211318720,67,0.645752717,0.142569640,0.011825538,0.830788297
19,179,211318720,67,0.646913733,0.142569640,0.011825538,0.833599089
13,179,211318720,67,0.698418424,0.142569640,0.011825538,0.929259785
17,179,211318720,67,0.742797525,0.142569640,0.011825538,1.003273367
10,179,211318720,67,0.787964203,0.142569640,0.011825538,1.047374917
6,179,211318720,67,0.826452221,0.142569640,0.011825538,1.060822762
7,179,211318720,67,1.210104244,0.142569640,0.011825538,1.034038329
29,179,211318720,67,1.346937595,0.142569640,0.011825538,1.080424001
5,179,211318720,67,1.616356784,0.142569640,0.011825538,1.087369165
25,179,211318720,67,1.868945538,0.142569640,0.011825538,1.265597059
21,179,211318720,67,1.897926578,0.142569640,0.011825538,1.314844762
30,179,211318720,67,1.901204902,0.142569640,0.011825538,1.318683740
4,179,211318720,67,1.987851416,0.142569640,0.011825538,1.405918620
26,179,211318720,67,2.043257593,0.142569640,0.011825538,1.423926794
11,179,211318720,67,2.602822340,0.142569640,0.011825538,1.494032380
3,179,211318720,67,2.622976855,0.142569640,0.011825538,1.513521561
12,179,211318720,67,2.623573168,0.142569640,0.011825538,1.513752992
27,179,211318720,67,2.769587633,0.142569640,0.011825538,1.628621926
20,179,211318720,67,2.809613436,0.142569640,0.011825538,1.654583654
9,179,211318720,67,2.932966564,0.142569640,0.011825538,1.695471989
15,179,211318720,67,3.305916250,0.142569640,0.011825538,1.737210759
2,179,211318720,67,3.344663835,0.142569640,0.011825538,1.750354642
22,179,211318720,67,6.020802887,0.142569640,0.011825538,0.872867017
17,180,211318720,67,0.417823608,0.142569640,0.041577652,0.098387661
14,180,211318720,67,0.521006957,0.142569640,0.041577652,0.456853442
10,180,211318720,67,0.541725389,0.142569640,0.041577652,0.533199112
8,180,211318720,67,0.551219237,0.142569640,0.041577652,0.561472423
1,180,211318720,67,0.551283812,0.142569640,0.041577652,0.561624261
28,180,211318720,67,0.594233102,0.142569640,0.041577652,0.650722824
13,180,211318720,67,0.605295968,0.142569640,0.041577652,0.676841459
29,180,211318720,67,0.612244361,0.142569640,0.041577652,0.687657594
6,180,211318720,67,0.716258591,0.142569640,0.041577652,0.860526335
18,180,211318720,67,0.732099516,0.142569640,0.041577652,0.876389849
7,180,211318720,67,0.756315152,0.142569640,0.041577652,0.884746624
23,180,211318720,67,0.939276679,0.142569640,0.041577652,0.919300451
19,180,211318720,67,1.244064871,0.142569640,0.041577652,0.913052136
5,180,211318720,67,1.391862786,0.142569640,0.041577652,1.011963235
24,180,211318720,67,1.456049576,0.142569640,0.041577652,1.058073638
16,180,211318720,67,1.564698194,0.142569640,0.041577652,1.093750465
21,180,211318720,67,1.897926578,0.142569640,0.041577652,1.079090783
30,180,211318720,67,2.047451433,0.142569640,0.041577652,1.193083723
3,180,211318720,67,2.098381484,0.142569640,0.041577652,1.244437805
26,180,211318720,67,2.179474766,0.142569640,0.041577652,1.270111804
12,180,211318720,67,2.623573168,0.142569640,0.041577652,1.218561802
27,180,211318720,67,2.769587633,0.142569640,0.041577652,1.264910437
9,180,211318720,67,2.932966564,0.142569640,0.041577652,1.306518650
15,180,211318720,67,3.305916250,0.142569640,0.041577652,1.349623396
2,180,211318720,67,3.344663835,0.142569640,0.041577652,1.362835536
22,180,211318720,67,3.705109469,0.142569640,0.041577652,1.337390801
4,180,211318720,67,3.975702832,0.142569640,0.041577652,1.343628052
25,180,211318720,67,4.360872922,0.142569640,0.041577652,1.310138113
11,180,211318720,67,4.627239715,0.142569640,0.041577652,1.317428009
20,180,211318720,67,5.431919310,0.142569640,0.041577652,1.050141911
29,181,211318720,67,0.530611780,0.142569640,0.008283141,0.179228277
28,181,211318720,67,0.544713677,0.142569640,0.008283141,0.203114798
16,181,211318720,67,0.635658641,0.142569640,0.008283141,0.365528133
1,181,211318720,67,0.643164447,0.142569640,0.008283141,0.378015573
5,181,211318720,67,0.718380793,0.142569640,0.008283141,0.497716716
18,181,211318720,67,0.732099516,0.142569640,0.008283141,0.511377532
19,181,211318720,67,0.796201518,0.142569640,0.008283141,0.572768613
23,181,211318720,67,0.880571887,0.142569640,0.008283141,0.600786563
8,181,211318720,67,1.102438473,0.142569640,0.008283141,0.623536325
14,181,211318720,67,1.362633581,0.142569640,0.008283141,0.860858076
13,181,211318720,67,1.396836848,0.142569640,0.008283141,0.941405808
24,181,211318720,67,1.413224588,0.142569640,0.008283141,0.967907945
10,181,211318720,67,1.428185117,0.142569640,0.008283141,0.982422415
17,181,211318720,67,1.439170204,0.142569640,0.008283141,0.985708940
7,181,211318720,67,1.714314345,0.142569640,0.008283141,1.106827396
6,181,211318720,67,1.763098071,0.142569640,0.008283141,1.183176988
26,181,211318720,67,1.770823247,0.142569640,0.008283141,1.196171092
25,181,211318720,67,1.868945538,0.142569640,0.008283141,1.295972775
30,181,211318720,67,1.901204902,0.142569640,0.008283141,1.307423640
3,181,211318720,67,2.797841978,0.142569640,0.008283141,1.106478495
2,181,211318720,67,3.135622345,0.142569640,0.008283141,1.237587183
9,181,211318720,67,3.142464176,0.142569640,0.008283141,1.248349945
12,181,211318720,67,3.229013130,0.142569640,0.008283141,1.335920195
22,181,211318720,67,3.241970785,0.142569640,0.008283141,1.340200253
20,181,211318720,67,4.682689061,0.142569640,0.008283141,0.999756564
4,181,211318720,67,4.770843398,0.142569640,0.008283141,1.029669571
21,181,211318720,67,6.452950364,0.142569640,0.008283141,0.580730975
27,181,211318720,67,6.577770628,0.142569640,0.008283141,0.621804906
15,181,211318720,67,7.493410167,0.142569640,0.008283141,0.412145316
11,181,211318720,67,7.519264537,0.142569640,0.008283141,0.403529399
5,182,211318720,67,0.404089196,0.142569640,0.016290490,0.067912338
24,182,211318720,67,0.513899850,0.142569640,0.016290490,0.209888605
1,182,211318720,67,0.597224130,0.142569640,0.016290490,0.351137419
17,182,211318720,67,0.603522989,0.142569640,0.016290490,0.363823277
29,182,211318720,67,0.612244361,0.142569640,0.016290490,0.378190560
10,182,211318720,67,0.738716440,0.142569640,0.016290490,0.562496753
28,182,211318720,67,0.742791378,0.142569640,0.016290490,0.571882371
19,182,211318720,67,0.796201518,0.142569640,0.016290490,0.661591487
23,182,211318720,67,0.880571887,0.142569640,0.016290490,0.745935618
6,182,211318720,67,0.881549036,0.142569640,0.016290490,0.746345317
13,182,211318720,67,1.024347022,0.142569640,0.016290490,0.894859761
14,182,211318720,67,1.082091373,0.142569640,0.016290490,0.952920069
8,182,211318720,67,1.102438473,0.142569640,0.016290490,0.959379706
16,182,211318720,67,1.271317283,0.142569640,0.016290490,1.000176142
18,182,211318720,67,1.555711472,0.142569640,0.016290490,1.206874613
7,182,211318720,67,1.563051315,0.142569640,0.016290490,1.219293090
4,182,211318720,67,1.590281133,0.142569640,0.016290490,1.246549643
26,182,211318720,67,1.634606075,0.142569640,0.016290490,1.261288610
3,182,211318720,67,1.923516360,0.142569640,0.016290490,1.262298209
30,182,211318720,67,2.193697963,0.142569640,0.016290490,1.306347151
21,182,211318720,67,2.277511893,0.142569640,0.016290490,1.334586526
27,182,211318720,67,2.423389179,0.142569640,0.016290490,1.381850367
20,182,211318720,67,2.809613436,0.142569640,0.016290490,1.349721813
2,182,211318720,67,3.135622345,0.142569640,0.016290490,1.335320834
9,182,211318720,67,3.351961787,0.142569640,0.016290490,1.358475609
15,182,211318720,67,3.526310667,0.142569640,0.016290490,1.394978400
25,182,211318720,67,4.111680184,0.142569640,0.016290490,1.295002665
11,182,211318720,67,4.338037233,0.142569640,0.016290490,1.316928082
22,182,211318720,67,7.641788279,0.142569640,0.016290490,0.328095356
12,182,211318720,67,7.668906183,0.142569640,0.016290490,0.319057889
5,183,211318720,67,0.404089196,0.142569640,0.003448839,0.045827850
8,183,211318720,67,0.551219237,0.142569640,0.003448839,0.225904813
13,183,211318720,67,0.605295968,0.142569640,0.003448839,0.437575476
10,183,211318720,67,0.640220915,0.142569640,0.003448839,0.613068983
24,183,211318720,67,0.642374813,0.142569640,0.003448839,0.622547719
18,183,211318720,67,0.686343296,0.142569640,0.003448839,0.806693075
28,183,211318720,67,0.693271953,0.142569640,0.003448839,0.831546987
7,183,211318720,67,0.705894142,0.142569640,0.003448839,0.869346848
16,183,211318720,67,0.733452279,0.142569640,0.003448839,0.933593060
1,183,211318720,67,0.735045083,0.142569640,0.003448839,0.936101597
17,183,211318720,67,0.742797525,0.142569640,0.003448839,0.943420089
19,183,211318720,67,0.796201518,0.142569640,0.003448839,0.961243254
25,183,211318720,67,1.121367323,0.142569640,0.003448839,0.999337132
29,183,211318720,67,1.183672432,0.142569640,0.003448839,1.019837716
14,183,211318720,67,1.362633581,0.142569640,0.003448839,1.054098755
26,183,211318720,67,1.634606075,0.142569640,0.003448839,1.059502412
6,183,211318720,67,1.818194886,0.142569640,0.003448839,1.095166806
23,183,211318720,67,1.995962943,0.142569640,0.003448839,1.145203584
4,183,211318720,67,2.120374844,0.142569640,0.003448839,1.187856624
21,183,211318720,67,2.277511893,0.142569640,0.003448839,1.284341407
30,183,211318720,67,2.339944494,0.142569640,0.003448839,1.367767611
27,183,211318720,67,2.423389179,0.142569640,0.003448839,1.452620513
3,183,211318720,67,2.448111731,0.142569640,0.003448839,1.460588768
20,183,211318720,67,2.809613436,0.142569640,0.003448839,1.449474410
9,183,211318720,67,2.932966564,0.142569640,0.003448839,1.490279919
22,183,211318720,67,3.473540127,0.142569640,0.003448839,1.409518432
12,183,211318720,67,4.843519695,0.142569640,0.003448839,1.054701826
15,183,211318720,67,6.832226917,0.142569640,0.003448839,0.482168487
2,183,211318720,67,7.107410650,0.142569640,0.003448839,0.486838011
11,183,211318720,67,9.254479431,0.142569640,0.003448839,0.000004764
24,184,211318720,67,0.385424888,0.142569640,0.196014822,0.143307479
7,184,211318720,67,0.453789091,0.142569640,0.196014822,0.323309634
8,184,211318720,67,0.459349364,0.142569640,0.196014822,0.340133435
29,184,211318720,67,0.530611780,0.142569640,0.196014822,0.545484675
5,184,211318720,67,0.538785595,0.142569640,0.196014822,0.570202000
14,184,211318720,67,0.561084416,0.142569640,0.196014822,0.629608782
16,184,211318720,67,0.586761823,0.142569640,0.196014822,0.688925607
10,184,211318720,67,0.640220915,0.142569640,0.196014822,0.842328510
17,184,211318720,67,0.649947834,0.142569640,0.196014822,0.871430311
28,184,211318720,67,0.693271953,0.142569640,0.196014822,0.973033575
1,184,211318720,67,0.735045083,0.142569640,0.196014822,1.041826866
19,184,211318720,67,0.746438923,0.142569640,0.196014822,1.052975004
6,184,211318720,67,0.771355406,0.142569640,0.196014822,1.061555347
18,184,211318720,67,1.509955252,0.142569640,0.196014822,0.999459196
23,184,211318720,67,1.526324604,0.142569640,0.196014822,1.005117712
21,184,211318720,67,1.708133920,0.142569640,0.196014822,1.123641289
13,184,211318720,67,1.722765446,0.142569640,0.196014822,1.128450246
25,184,211318720,67,1.868945538,0.142569640,0.196014822,1.173450097
26,184,211318720,67,2.043257593,0.142569640,0.196014822,1.255147880
4,184,211318720,67,2.120374844,0.142569640,0.196014822,1.280213638
27,184,211318720,67,2.769587633,0.142569640,0.196014822,1.236356966
3,184,211318720,67,2.797841978,0.142569640,0.196014822,1.246023331
2,184,211318720,67,3.135622345,0.142569640,0.196014822,1.230350135
15,184,211318720,67,3.305916250,0.142569640,0.196014822,1.269811234
30,184,211318720,67,3.656163272,0.142569640,0.196014822,1.252031139
11,184,211318720,67,4.627239715,0.142569640,0.196014822,1.026898028
20,184,211318720,67,5.431919310,0.142569640,0.196014822,0.855087146
9,184,211318720,67,6.494425963,0.142569640,0.196014822,0.599725806
12,184,211318720,67,7.467092862,0.142569640,0.196014822,0.373665128
22,184,211318720,67,7.873357621,0.142569640,0.196014822,0.239886264
14,185,211318720,67,0.521006957,0.142569640,0.027082669,0.213248922
29,185,211318720,67,0.530611780,0.142569640,0.027082669,0.242055287
13,185,211318720,67,0.605295968,0.142569640,0.027082669,0.456486484
10,185,211318720,67,0.640220915,0.142569640,0.027082669,0.554945532
24,185,211318720,67,0.642374813,0.142569640,0.027082669,0.559735151
17,185,211318720,67,0.649947834,0.142569640,0.027082669,0.572260472
8,185,211318720,67,0.689024046,0.142569640,0.027082669,0.614674237
7,185,211318720,67,0.756315152,0.142569640,0.027082669,0.682809534
6,185,211318720,67,0.826452221,0.142569640,0.027082669,0.726804832
23,185,211318720,67,0.939276679,0.142569640,0.027082669,0.801302090
16,185,211318720,67,1.026833190,0.142569640,0.027082669,0.830386027
18,185,211318720,67,1.189661714,0.142569640,0.027082669,0.928019837
25,185,211318720,67,1.245963692,0.142569640,0.027082669,0.946657006
5,185,211318720,67,1.436761586,0.142569640,0.027082669,1.039152454
19,185,211318720,67,1.492877845,0.142569640,0.027082669,1.095472150
3,185,211318720,67,1.573786113,0.142569640,0.027082669,1.166093875
1,185,211318720,67,1.653851436,0.142569640,0.027082669,1.193791436
28,185,211318720,67,1.832218732,0.142569640,0.027082669,1.227863767
26,185,211318720,67,2.043257593,0.142569640,0.027082669,1.254524084
30,185,211318720,67,2.193697963,0.142569640,0.027082669,1.301972545
20,185,211318720,67,2.434998311,0.142569640,0.027082669,1.318255087
27,185,211318720,67,2.769587633,0.142569640,0.027082669,1.391901494
22,185,211318720,67,2.778832101,0.142569640,0.027082669,1.395354540
15,185,211318720,67,3.085521834,0.142569640,0.027082669,1.483026998
2,185,211318720,67,3.135622345,0.142569640,0.027082669,1.565709197
4,185,211318720,67,3.180562266,0.142569640,0.027082669,1.610879638
12,185,211318720,67,3.229013130,0.142569640,0.027082669,1.627828683
11,185,211318720,67,4.048834751,0.142569640,0.027082669,1.449576846
21,185,211318720,67,4.555023786,0.142569640,0.027082669,1.378128921
9,185,211318720,67,7.960909245,0.142569640,0.027082669,0.255826230
16,186,211318720,67,0.440071367,0.142569640,0.004541474,0.108464378
29,186,211318720,67,0.489795489,0.142569640,0.004541474,0.125764940
14,186,211318720,67,0.641239332,0.142569640,0.004541474,0.371555235
1,186,211318720,67,0.689104765,0.142569640,0.004541474,0.482701376
28,186,211318720,67,0.693271953,0.142569640,0.004541474,0.489806008
5,186,211318720,67,0.718380793,0.142569640,0.004541474,0.514088964
8,186,211318720,67,0.734958982,0.142569640,0.004541474,0.519552815
17,186,211318720,67,1.253470823,0.142569640,0.004541474,0.459050714
6,186,211318720,67,1.377420368,0.142569640,0.004541474,0.578426043
24,186,211318720,67,1.413224588,0.142569640,0.004541474,0.614824585
18,186,211318720,67,1.509955252,0.142569640,0.004541474,0.647711432
10,186,211318720,67,1.674423931,0.142569640,0.004541474,0.918877671
7,186,211318720,67,1.714314345,0.142569640,0.004541474,1.011568213
13,186,211318720,67,1.722765446,0.142569640,0.004541474,1.025276386
19,186,211318720,67,1.741690820,0.142569640,0.004541474,1.044008233
25,186,211318720,67,1.744349169,0.142569640,0.004541474,1.044764895
23,186,211318720,67,1.937258151,0.142569640,0.004541474,1.097740810
26,186,211318720,67,2.043257593,0.142569640,0.004541474,1.131168057
30,186,211318720,67,2.339944494,0.142569640,0.004541474,1.123229178
15,186,211318720,67,2.644733000,0.142569640,0.004541474,1.128138373
27,186,211318720,67,2.769587633,0.142569640,0.004541474,1.227152515
12,186,211318720,67,2.825386488,0.142569640,0.004541474,1.268329228
9,186,211318720,67,2.932966564,0.142569640,0.004541474,1.303646087
4,186,211318720,67,3.843179404,0.142569640,0.004541474,1.097732440
11,186,211318720,67,4.338037233,0.142569640,0.004541474,1.028873807
3,186,211318720,67,5.945414204,0.142569640,0.004541474,0.641343369
22,186,211318720,67,6.020802887,0.142569640,0.004541474,0.666433805
20,186,211318720,67,6.181149560,0.142569640,0.004541474,0.708510073
21,186,211318720,67,7.212120995,0.142569640,0.004541474,0.463664817
2,186,211318720,67,7.525493629,0.142569640,0.004541474,0.359025181
18,187,211318720,67,0.503318417,0.142569640,0.034924619,0.108833308
1,187,211318720,67,0.597224130,0.142569640,0.034924619,0.351267429
7,187,211318720,67,0.605052122,0.142569640,0.034924619,0.372791170
13,187,211318720,67,0.651857196,0.142569640,0.034924619,0.481988620
29,187,211318720,67,0.653060652,0.142569640,0.034924619,0.483984894
28,187,211318720,67,0.693271953,0.142569640,0.034924619,0.524397899
17,187,211318720,67,0.742797525,0.142569640,0.034924619,0.542456497
23,187,211318720,67,0.880571887,0.142569640,0.034924619,0.590891067
14,187,211318720,67,1.082091373,0.142569640,0.034924619,0.620298361
5,187,211318720,67,1.302065187,0.142569640,0.034924619,0.769381917
8,187,211318720,67,1.332113155,0.142569640,0.034924619,0.799709106
24,187,211318720,67,1.370399601,0.142569640,0.034924619,0.824945751
19,187,211318720,67,1.492877845,0.142569640,0.034924619,0.881593011
16,187,211318720,67,1.613595013,0.142569640,0.034924619,0.976694772
10,187,211318720,67,1.674423931,0.142569640,0.034924619,0.995740035
25,187,211318720,67,1.868945538,0.142569640,0.034924619,1.046065850
6,187,211318720,67,1.983485330,0.142569640,0.034924619,1.230475153
12,187,211318720,67,2.018133206,0.142569640,0.034924619,1.288873995
26,187,211318720,67,2.043257593,0.142569640,0.034924619,1.314490556
3,187,211318720,67,2.098381484,0.142569640,0.034924619,1.333671829
30,187,211318720,67,2.339944494,0.142569640,0.034924619,1.359877727
21,187,211318720,67,2.467304551,0.142569640,0.034924619,1.404059407
27,187,211318720,67,2.769587633,0.142569640,0.034924619,1.466137035
20,187,211318720,67,2.809613436,0.142569640,0.034924619,1.479150185
15,187,211318720,67,3.085521834,0.142569640,0.034924619,1.571206137
9,187,211318720,67,3.142464176,0.142569640,0.034924619,1.658319536
4,187,211318720,67,3.180562266,0.142569640,0.034924619,1.696555786
22,187,211318720,67,3.241970785,0.142569640,0.034924619,1.717930346
11,187,211318720,67,4.627239715,0.142569640,0.034924619,1.356859650
2,187,211318720,67,5.016995753,0.142569640,0.034924619,1.229191892
5,188,211318720,67,0.493886795,0.142569640,0.079448514,0.096092689
8,188,211318720,67,0.597154173,0.142569640,0.079448514,0.408322449
14,188,211318720,67,0.601161874,0.142569640,0.079448514,0.423245481
1,188,211318720,67,0.643164447,0.142569640,0.079448514,0.549418844
29,188,211318720,67,0.653060652,0.142569640,0.079448514,0.572354867
7,188,211318720,67,0.655473132,0.142569640,0.079448514,0.576284784
13,188,211318720,67,0.698418424,0.142569640,0.079448514,0.628182485
16,188,211318720,67,0.733452279,0.142569640,0.079448514,0.663552594
6,188,211318720,67,0.826452221,0.142569640,0.079448514,0.738195284
10,188,211318720,67,0.935707491,0.142569640,0.079448514,0.847921144
23,188,211318720,67,0.939276679,0.142569640,0.079448514,0.848906338
24,188,211318720,67,1.456049576,0.142569640,0.079448514,0.847404669
17,188,211318720,67,1.532019894,0.142569640,0.079448514,0.945158483
18,188,211318720,67,1.555711472,0.142569640,0.079448514,0.978349335
19,188,211318720,67,1.642165630,0.142569640,0.079448514,1.093519496
28,188,211318720,67,1.683660457,0.142569640,0.079448514,1.163405536
30,188,211318720,67,1.754958371,0.142569640,0.079448514,1.234930975
26,188,211318720,67,1.770823247,0.142569640,0.079448514,1.240657038
4,188,211318720,67,1.987851416,0.142569640,0.079448514,1.285598951
3,188,211318720,67,2.098381484,0.142569640,0.079448514,1.321961106
27,188,211318720,67,2.423389179,0.142569640,0.079448514,1.310502736
12,188,211318720,67,2.623573168,0.142569640,0.079448514,1.340739238
20,188,211318720,67,2.809613436,0.142569640,0.079448514,1.386930083
9,188,211318720,67,2.932966564,0.142569640,0.079448514,1.428503054
25,188,211318720,67,3.239505599,0.142569640,0.079448514,1.449603048
2,188,211318720,67,3.344663835,0.142569640,0.079448514,1.485424730
21,188,211318720,67,3.985645813,0.142569640,0.079448514,1.369102094
22,188,211318720,67,4.862956178,0.142569640,0.079448514,1.177126115
11,188,211318720,67,7.230062055,0.142569640,0.079448514,0.486261945
15,188,211318720,67,8.154593417,0.142569640,0.079448514,0.183251161
29,189,211318720,67,0.489795489,0.142569640,0.051737409,0.117787542
28,189,211318720,67,0.594233102,0.142569640,0.051737409,0.502938751
1,189,211318720,67,0.597224130,0.142569640,0.051737409,0.515919687
14,189,211318720,67,0.601161874,0.142569640,0.051737409,0.530441846
16,189,211318720,67,0.635658641,0.142569640,0.051737409,0.633903329
18,189,211318720,67,0.640587077,0.142569640,0.051737409,0.644705235
10,189,211318720,67,0.689468677,0.142569640,0.051737409,0.726464446
19,189,211318720,67,0.696676328,0.142569640,0.051737409,0.733396284
7,189,211318720,67,0.705894142,0.142569640,0.051737409,0.736297118
23,189,211318720,67,0.880571887,0.142569640,0.051737409,0.771193118
24,189,211318720,67,1.113449676,0.142569640,0.051737409,0.877534140
25,189,211318720,67,1.121367323,0.142569640,0.051737409,0.879826765
5,189,211318720,67,1.436761586,0.142569640,0.051737409,0.960304880
13,189,211318720,67,1.443398076,0.142569640,0.051737409,0.962729989
17,189,211318720,67,1.671294430,0.142569640,0.051737409,1.029604200
8,189,211318720,67,1.745527583,0.142569640,0.051737409,1.054300445
6,189,211318720,67,1.928388515,0.142569640,0.051737409,1.088629194
22,189,211318720,67,2.084124076,0.142569640,0.051737409,1.255539453
4,189,211318720,67,2.120374844,0.142569640,0.051737409,1.323909229
26,189,211318720,67,2.179474766,0.142569640,0.051737409,1.421318735
30,189,211318720,67,2.193697963,0.142569640,0.051737409,1.435601278
27,189,211318720,67,2.250289952,0.142569640,0.051737409,1.453579107
15,189,211318720,67,2.644733000,0.142569640,0.051737409,1.463217548
9,189,211318720,67,2.723468952,0.142569640,0.051737409,1.488412316
20,189,211318720,67,2.996920999,0.142569640,0.051737409,1.496403240
2,189,211318720,67,3.135622345,0.142569640,0.051737409,1.543748621
11,189,211318720,67,4.338037233,0.142569640,0.051737409,1.239450565
3,189,211318720,67,5.071088586,0.142569640,0.051737409,1.091297684
12,189,211318720,67,5.852586298,0.142569640,0.051737409,0.929497946
21,189,211318720,67,6.263157706,0.142569640,0.051737409,0.792834205
18,190,211318720,67,0.549074637,0.142569640,0.030977027,0.244951297
17,190,211318720,67,0.557098143,0.142569640,0.030977027,0.274474779
8,190,211318720,67,0.597154173,0.142569640,0.030977027,0.395130664
29,190,211318720,67,0.653060652,0.142569640,0.030977027,0.552501804
5,190,211318720,67,0.673481993,0.142569640,0.030977027,0.599865622
16,190,211318720,67,0.684555460,0.142569640,0.030977027,0.618633765
1,190,211318720,67,0.689104765,0.142569640,0.030977027,0.626388753
7,190,211318720,67,0.756315152,0.142569640,0.030977027,0.693899677
6,190,211318720,67,0.826452221,0.142569640,0.030977027,0.718773271
14,190,211318720,67,1.082091373,0.142569640,0.030977027,0.729991123
24,190,211318720,67,1.456049576,0.142569640,0.030977027,0.869219558
28,190,211318720,67,1.485582756,0.142569640,0.030977027,0.937971904
10,190,211318720,67,1.526680643,0.142569640,0.030977027,1.007368174
19,190,211318720,67,1.542640440,0.142569640,0.030977027,1.023521100
23,190,211318720,67,1.585029396,0.142569640,0.030977027,1.040133682
13,190,211318720,67,1.722765446,0.142569640,0.030977027,1.085874127
30,190,211318720,67,2.047451433,0.142569640,0.030977027,1.123190343
4,190,211318720,67,2.120374844,0.142569640,0.030977027,1.146491835
2,190,211318720,67,2.717539366,0.142569640,0.030977027,1.136114427
9,190,211318720,67,2.723468952,0.142569640,0.030977027,1.138004674
12,190,211318720,67,3.027199809,0.142569640,0.030977027,1.135494982
15,190,211318720,67,3.305916250,0.142569640,0.030977027,1.140611014
27,190,211318720,67,3.635083768,0.142569640,0.030977027,1.188819869
22,190,211318720,67,3.705109469,0.142569640,0.030977027,1.259093887
11,190,211318720,67,3.759632269,0.142569640,0.030977027,1.277564133
20,190,211318720,67,3.933458811,0.142569640,0.030977027,1.317648352
25,190,211318720,67,4.111680184,0.142569640,0.030977027,1.374510284
26,190,211318720,67,4.222732359,0.142569640,0.030977027,1.410990857
21,190,211318720,67,4.555023786,0.142569640,0.030977027,1.398512711
3,190,211318720,67,5.420818833,0.142569640,0.030977027,1.113896743
29,191,211318720,67,0.367346617,0.142569640,0.139736980,0.046189950
19,191,211318720,67,0.547388543,0.142569640,0.139736980,0.202383805
13,191,211318720,67,0.558734739,0.142569640,0.139736980,0.220846657
18,191,211318720,67,0.640587077,0.142569640,0.139736980,0.342888568
8,191,211318720,67,0.689024046,0.142569640,0.139736980,0.424462139
28,191,211318720,67,0.742791378,0.142569640,0.139736980,0.482134240
14,191,211318720,67,0.761471707,0.142569640,0.139736980,0.500421358
23,191,211318720,67,0.880571887,0.142569640,0.139736980,0.540986048
10,191,211318720,67,1.034203016,0.142569640,0.139736980,0.629963630
7,191,211318720,67,1.109262223,0.142569640,0.139736980,0.671933319
26,191,211318720,67,1.225954556,0.142569640,0.139736980,0.724778566
17,191,211318720,67,1.346320513,0.142569640,0.139736980,0.814848077
24,191,211318720,67,1.413224588,0.142569640,0.139736980,0.837880735
1,191,211318720,67,1.561970800,0.142569640,0.139736980,1.004546732
16,191,211318720,67,1.613595013,0.142569640,0.139736980,1.096460552
5,191,211318720,67,1.616356784,0.142569640,0.139736980,1.100916282
6,191,211318720,67,1.708001257,0.142569640,0.139736980,1.192815981
25,191,211318720,67,1.744349169,0.142569640,0.139736980,1.204579104
4,191,211318720,67,1.987851416,0.142569640,0.139736980,1.218263836
30,191,211318720,67,2.193697963,0.142569640,0.139736980,1.282896297
21,191,211318720,67,2.277511893,0.142569640,0.139736980,1.311481592
12,191,211318720,67,3.027199809,0.142569640,0.139736980,1.155650912
11,191,211318720,67,3.759632269,0.142569640,0.139736980,1.008304463
9,191,211318720,67,5.446937904,0.142569640,0.139736980,0.551337070
3,191,211318720,67,5.770549081,0.142569640,0.139736980,0.558768208
27,191,211318720,67,5.885373720,0.142569640,0.139736980,0.597642055
20,191,211318720,67,6.181149560,0.142569640,0.139736980,0.643152573
22,191,211318720,67,6.252372228,0.142569640,0.139736980,0.667839803
15,191,211318720,67,7.052621334,0.142569640,0.139736980,0.495421421
2,191,211318720,67,7.107410650,0.142569640,0.139736980,0.477160632
29,192,211318720,67,0.489795489,0.142569640,0.049563102,0.414895121
1,192,211318720,67,0.505343494,0.142569640,0.049563102,0.477159301
13,192,211318720,67,0.512173511,0.142569640,0.049563102,0.502273499
8,192,211318720,67,0.551219237,0.142569640,0.049563102,0.631409083
24,192,211318720,67,0.556724838,0.142569640,0.049563102,0.649726891
17,192,211318720,67,0.557098143,0.142569640,0.049563102,0.650762443
14,192,211318720,67,0.561084416,0.142569640,0.049563102,0.659913146
10,192,211318720,67,0.640220915,0.142569640,0.049563102,0.809748235
5,192,211318720,67,0.673481993,0.142569640,0.049563102,0.881793497
19,192,211318720,67,0.696676328,0.142569640,0.049563102,0.928772823
7,192,211318720,67,0.756315152,0.142569640,0.049563102,1.029292224
28,192,211318720,67,0.792310803,0.142569640,0.049563102,1.064662482
6,192,211318720,67,0.826452221,0.142569640,0.049563102,1.095181423
23,192,211318720,67,0.939276679,0.142569640,0.049563102,1.134396796
18,192,211318720,67,1.509955252,0.142569640,0.049563102,1.100434718
16,192,211318720,67,1.564698194,0.142569640,0.049563102,1.119061817
27,192,211318720,67,2.250289952,0.142569640,0.049563102,0.991498753
12,192,211318720,67,2.825386488,0.142569640,0.049563102,0.899769568
20,192,211318720,67,2.996920999,0.142569640,0.049563102,0.979249454
15,192,211318720,67,3.085521834,0.142569640,0.049563102,1.067827735
2,192,211318720,67,3.135622345,0.142569640,0.049563102,1.090473309
26,192,211318720,67,3.269212149,0.142569640,0.049563102,1.206191564
9,192,211318720,67,3.351961787,0.142569640,0.049563102,1.288925631
25,192,211318720,67,3.364101969,0.142569640,0.049563102,1.292532244
22,192,211318720,67,3.705109469,0.142569640,0.049563102,1.333817598
11,192,211318720,67,3.759632269,0.142569640,0.049563102,1.351522152
4,192,211318720,67,4.108226260,0.142569640,0.049563102,1.333175427
3,192,211318720,67,5.071088586,0.142569640,0.049563102,1.169305353
30,192,211318720,67,5.118628581,0.142569640,0.049563102,1.184580797
21,192,211318720,67,5.883572391,0.142569640,0.049563102,0.932100195
29,193,211318720,67,0.530611780,0.142569640,0.029643016,0.120025620
18,193,211318720,67,0.594830857,0.142569640,0.029643016,0.285441525
24,193,211318720,67,0.642374813,0.142569640,0.029643016,0.451061211
5,193,211318720,67,0.673481993,0.142569640,0.029643016,0.545430789
8,193,211318720,67,0.689024046,0.142569640,0.029643016,0.588572058
19,193,211318720,67,0.696676328,0.142569640,0.029643016,0.605918196
28,193,211318720,67,0.742791378,0.142569640,0.029643016,0.681371982
13,193,211318720,67,0.744979652,0.142569640,0.029643016,0.683693443
23,193,211318720,67,0.821867094,0.142569640,0.029643016,0.707733841
4,193,211318720,67,1.192710850,0.142569640,0.029643016,0.691660261
14,193,211318720,67,1.322556122,0.142569640,0.029643016,0.865325111
1,193,211318720,67,1.332269212,0.142569640,0.029643016,0.881773801
10,193,211318720,67,1.428185117,0.142569640,0.029643016,1.054237487
17,193,211318720,67,1.439170204,0.142569640,0.029643016,1.073036346
7,193,211318720,67,1.512630305,0.142569640,0.029643016,1.147431410
16,193,211318720,67,1.515801376,0.142569640,0.029643016,1.148497245
6,193,211318720,67,1.708001257,0.142569640,0.029643016,1.246054400
30,193,211318720,67,1.754958371,0.142569640,0.029643016,1.279243396
25,193,211318720,67,1.868945538,0.142569640,0.029643016,1.317595359
26,193,211318720,67,2.179474766,0.142569640,0.029643016,1.311044718
12,193,211318720,67,3.834453091,0.142569640,0.029643016,0.858489746
11,193,211318720,67,4.627239715,0.142569640,0.029643016,0.755101099
27,193,211318720,67,4.673679131,0.142569640,0.029643016,0.769840366
3,193,211318720,67,5.071088586,0.142569640,0.029643016,0.735840713
2,193,211318720,67,5.644120222,0.142569640,0.029643016,0.727433248
9,193,211318720,67,5.656435516,0.142569640,0.029643016,0.731590013
21,193,211318720,67,6.073365049,0.142569640,0.029643016,0.690806659
20,193,211318720,67,6.368457122,0.142569640,0.029643016,0.687875977
15,193,211318720,67,7.493410167,0.142569640,0.029643016,0.410898260
22,193,211318720,67,7.873357621,0.142569640,0.029643016,0.288111095
19,194,211318720,67,0.497625948,0.142569640,0.130235389,0.123061370
29,194,211318720,67,0.571428070,0.142569640,0.130235389,0.308849465
18,194,211318720,67,0.594830857,0.142569640,0.130235389,0.380663348
14,194,211318720,67,0.641239332,0.142569640,0.130235389,0.545395748
5,194,211318720,67,0.673481993,0.142569640,0.130235389,0.642812808
24,194,211318720,67,0.685199800,0.142569640,0.130235389,0.670559169
8,194,211318720,67,0.689024046,0.142569640,0.130235389,0.676886925
1,194,211318720,67,0.735045083,0.142569640,0.130235389,0.721998774
13,194,211318720,67,0.744979652,0.142569640,0.130235389,0.725620623
23,194,211318720,67,0.939276679,0.142569640,0.130235389,0.755195687
7,194,211318720,67,1.361367274,0.142569640,0.130235389,0.710562264
16,194,211318720,67,1.515801376,0.142569640,0.130235389,0.754130127
10,194,211318720,67,1.674423931,0.142569640,0.130235389,0.863712369
17,194,211318720,67,1.717719276,0.142569640,0.130235389,0.880181993
4,194,211318720,67,1.855327988,0.142569640,0.130235389,1.088571072
6,194,211318720,67,1.873291701,0.142569640,0.130235389,1.117926084
28,194,211318720,67,1.881738157,0.142569640,0.130235389,1.126337221
25,194,211318720,67,1.993541907,0.142569640,0.130235389,1.225044369
30,194,211318720,67,2.047451433,0.142569640,0.130235389,1.243205156
21,194,211318720,67,2.277511893,0.142569640,0.130235389,1.262010564
3,194,211318720,67,2.448111731,0.142569640,0.130235389,1.300927223
20,194,211318720,67,2.809613436,0.142569640,0.130235389,1.275965556
15,194,211318720,67,3.305916250,0.142569640,0.130235389,1.279875521
2,194,211318720,67,3.344663835,0.142569640,0.130235389,1.301933298
22,194,211318720,67,3.473540127,0.142569640,0.130235389,1.345991051
26,194,211318720,67,3.950298013,0.142569640,0.130235389,1.282197999
11,194,211318720,67,4.338037233,0.142569640,0.130235389,1.249175932
12,194,211318720,67,5.247146336,0.142569640,0.130235389,1.040704188
27,194,211318720,67,6.231572174,0.142569640,0.130235389,0.809935310
9,194,211318720,67,6.703923575,0.142569640,0.130235389,0.651549625
5,195,211318720,67,0.404089196,0.142569640,0.029898688,0.047993800
29,195,211318720,67,0.571428070,0.142569640,0.029898688,0.346201258
14,195,211318720,67,0.601161874,0.142569640,0.029898688,0.463269701
13,195,211318720,67,0.605295968,0.142569640,0.029898688,0.479472606
28,195,211318720,67,0.643752528,0.142569640,0.029898688,0.621089415
6,195,211318720,67,0.661161777,0.142569640,0.029898688,0.672878045
1,195,211318720,67,0.689104765,0.142569640,0.029898688,0.737931007
17,195,211318720,67,0.696372679,0.142569640,0.029898688,0.750364933
18,195,211318720,67,0.732099516,0.142569640,0.029898688,0.785965239
19,195,211318720,67,0.746438923,0.142569640,0.029898688,0.791268967
10,195,211318720,67,0.984955253,0.142569640,0.029898688,0.807250568
24,195,211318720,67,1.327574613,0.142569640,0.029898688,0.828043133
16,195,211318720,67,1.418007738,0.142569640,0.029898688,0.919310308
7,195,211318720,67,1.462209294,0.142569640,0.029898688,0.961533755
8,195,211318720,67,1.561787837,0.142569640,0.029898688,0.995257856
26,195,211318720,67,1.907040420,0.142569640,0.029898688,1.047156149
25,195,211318720,67,1.993541907,0.142569640,0.029898688,1.134804526
23,195,211318720,67,1.995962943,0.142569640,0.029898688,1.135722968
21,195,211318720,67,2.277511893,0.142569640,0.029898688,1.192457616
30,195,211318720,67,2.339944494,0.142569640,0.029898688,1.214188326
20,195,211318720,67,2.996920999,0.142569640,0.029898688,1.093968103
15,195,211318720,67,3.305916250,0.142569640,0.029898688,1.149665717
9,195,211318720,67,3.351961787,0.142569640,0.029898688,1.181784704
11,195,211318720,67,3.470429786,0.142569640,0.029898688,1.221278928
4,195,211318720,67,4.108226260,0.142569640,0.029898688,1.107809877
12,195,211318720,67,4.843519695,0.142569640,0.029898688,0.962552012
3,195,211318720,67,5.770549081,0.142569640,0.029898688,0.769782069
27,195,211318720,67,5.885373720,0.142569640,0.029898688,0.806408972
2,195,211318720,67,6.898369160,0.142569640,0.029898688,0.569873383
22,195,211318720,67,7.641788279,0.142569640,0.029898688,0.323308914
5,196,211318720,67,0.404089196,0.142569640,0.032666165,0.083345655
10,196,211318720,67,0.492477627,0.142569640,0.032666165,0.224014005
19,196,211318720,67,0.547388543,0.142569640,0.032666165,0.329693916
24,196,211318720,67,0.556724838,0.142569640,0.032666165,0.357995266
29,196,211318720,67,0.653060652,0.142569640,0.032666165,0.725946017
7,196,211318720,67,0.655473132,0.142569640,0.032666165,0.734660098
18,196,211318720,67,0.686343296,0.142569640,0.032666165,0.829300638
1,196,211318720,67,0.689104765,0.142569640,0.032666165,0.837734698
13,196,211318720,67,0.698418424,0.142569640,0.032666165,0.860035886
16,196,211318720,67,0.733452279,0.142569640,0.032666165,0.918196014
17,196,211318720,67,0.742797525,0.142569640,0.032666165,0.927674416
6,196,211318720,67,0.826452221,0.142569640,0.032666165,0.956268971
23,196,211318720,67,1.115391056,0.142569640,0.032666165,1.001467630
28,196,211318720,67,1.188466205,0.142569640,0.032666165,1.026652788
14,196,211318720,67,1.362633581,0.142569640,0.032666165,1.069272096
25,196,211318720,67,1.495156430,0.142569640,0.032666165,1.113564337
8,196,211318720,67,1.699592646,0.142569640,0.032666165,1.141836313
20,196,211318720,67,2.434998311,0.142569640,0.032666165,0.994872135
3,196,211318720,67,2.622976855,0.142569640,0.032666165,1.028241089
4,196,211318720,67,2.915515410,0.142569640,0.032666165,1.040588747
21,196,211318720,67,3.036682524,0.142569640,0.032666165,1.153445176
30,196,211318720,67,3.071177149,0.142569640,0.032666165,1.165526688
2,196,211318720,67,3.344663835,0.142569640,0.032666165,1.179127596
22,196,211318720,67,3.473540127,0.142569640,0.032666165,1.222711064
11,196,211318720,67,3.759632269,0.142569640,0.032666165,1.224294391
26,196,211318720,67,4.358949532,0.142569640,0.032666165,1.118183429
12,196,211318720,67,4.843519695,0.142569640,0.032666165,1.052589773
9,196,211318720,67,5.237440293,0.142569640,0.032666165,1.017863141
27,196,211318720,67,5.539175266,0.142569640,0.032666165,1.016094350
15,196,211318720,67,5.730254834,0.142569640,0.032666165,0.953226630
8,197,211318720,67,0.459349364,0.142569640,0.081126459,0.085139612
18,197,211318720,67,0.549074637,0.142569640,0.081126459,0.262840176
24,197,211318720,67,0.599549825,0.142569640,0.081126459,0.398636861
1,197,211318720,67,0.643164447,0.142569640,0.081126459,0.539235604
19,197,211318720,67,0.646913733,0.142569640,0.081126459,0.550778935
17,197,211318720,67,0.649947834,0.142569640,0.081126459,0.558033397
5,197,211318720,67,0.718380793,0.142569640,0.081126459,0.699207147
10,197,211318720,67,0.738716440,0.142569640,0.081126459,0.733479590
6,197,211318720,67,0.771355406,0.142569640,0.081126459,0.766813096
23,197,211318720,67,0.821867094,0.142569640,0.081126459,0.784033669
29,197,211318720,67,1.020407269,0.142569640,0.081126459,0.813805432
16,197,211318720,67,1.320214101,0.142569640,0.081126459,0.821599039
13,197,211318720,67,1.443398076,0.142569640,0.081126459,0.964504683
14,197,211318720,67,1.482865955,0.142569640,0.081126459,1.011889581
28,197,211318720,67,1.535102181,0.142569640,0.081126459,1.064824347
7,197,211318720,67,1.613472325,0.142569640,0.081126459,1.092931803
25,197,211318720,67,1.993541907,0.142569640,0.081126459,1.096781129
22,197,211318720,67,2.084124076,0.142569640,0.081126459,1.158312068
26,197,211318720,67,2.179474766,0.142569640,0.081126459,1.252165198
3,197,211318720,67,2.273246608,0.142569640,0.081126459,1.346101487
21,197,211318720,67,2.277511893,0.142569640,0.081126459,1.347795970
27,197,211318720,67,2.423389179,0.142569640,0.081126459,1.396422847
12,197,211318720,67,3.027199809,0.142569640,0.081126459,1.369429990
15,197,211318720,67,3.085521834,0.142569640,0.081126459,1.459182520
9,197,211318720,67,3.142464176,0.142569640,0.081126459,1.516402306
4,197,211318720,67,3.180562266,0.142569640,0.081126459,1.529351201
20,197,211318720,67,4.869996623,0.142569640,0.081126459,1.069214288
30,197,211318720,67,5.118628581,0.142569640,0.081126459,1.082029923
2,197,211318720,67,5.435078732,0.142569640,0.081126459,1.071500115
11,197,211318720,67,8.386871984,0.142569640,0.081126459,0.103401607
13,198,211318720,67,0.419051054,0.142569640,0.019815944,0.051170324
24,198,211318720,67,0.556724838,0.142569640,0.019815944,0.320112645
16,198,211318720,67,0.586761823,0.142569640,0.019815944,0.430480977
14,198,211318720,67,0.601161874,0.142569640,0.019815944,0.474026565
23,198,211318720,67,0.645752717,0.142569640,0.019815944,0.578108223
29,198,211318720,67,0.653060652,0.142569640,0.019815944,0.590408023
18,198,211318720,67,0.686343296,0.142569640,0.019815944,0.645189684
10,198,211318720,67,0.689468677,0.142569640,0.019815944,0.648408044
19,198,211318720,67,0.796201518,0.142569640,0.019815944,0.729321296
6,198,211318720,67,0.881549036,0.142569640,0.019815944,0.815295165
17,198,211318720,67,0.928496906,0.142569640,0.019815944,0.831294873
5,198,211318720,67,1.122469989,0.142569640,0.019815944,0.860419189
8,198,211318720,67,1.469917965,0.142569640,0.019815944,0.873627812
1,198,211318720,67,1.561970800,0.142569640,0.019815944,0.918821923
28,198,211318720,67,1.683660457,0.142569640,0.019815944,1.012072307
3,198,211318720,67,1.748651237,0.142569640,0.019815944,1.050608856
7,198,211318720,67,1.865577376,0.142569640,0.019815944,1.088608016
27,198,211318720,67,2.250289952,0.142569640,0.019815944,1.089944480
30,198,211318720,67,2.339944494,0.142569640,0.019815944,1.118022851
9,198,211318720,67,2.513971340,0.142569640,0.019815944,1.257025628
22,198,211318720,67,2.547262760,0.142569640,0.019815944,1.290926720
25,198,211318720,67,2.616523753,0.142569640,0.019815944,1.314639252
20,198,211318720,67,2.809613436,0.142569640,0.019815944,1.475437295
21,198,211318720,67,2.846889867,0.142569640,0.019815944,1.513021352
15,198,211318720,67,2.865127417,0.142569640,0.019815944,1.518516498
12,198,211318720,67,3.027199809,0.142569640,0.019815944,1.559182922
26,198,211318720,67,3.405429322,0.142569640,0.019815944,1.534512580
4,198,211318720,67,3.975702832,0.142569640,0.019815944,1.447360219
11,198,211318720,67,4.338037233,0.142569640,0.019815944,1.422034080
2,198,211318720,67,5.016995753,0.142569640,0.019815944,1.200467655
29,199,211318720,67,0.489795489,0.142569640,0.085954614,0.157318036
18,199,211318720,67,0.549074637,0.142569640,0.085954614,0.293570749
5,199,211318720,67,0.583684394,0.142569640,0.085954614,0.374665485
14,199,211318720,67,0.601161874,0.142569640,0.085954614,0.410349746
1,199,211318720,67,0.643164447,0.142569640,0.085954614,0.509277240
16,199,211318720,67,0.684555460,0.142569640,0.085954614,0.651301505
8,199,211318720,67,0.734958982,0.142569640,0.085954614,0.904238951
17,199,211318720,67,0.742797525,0.142569640,0.085954614,0.938048344
10,199,211318720,67,0.787964203,0.142569640,0.085954614,1.103191242
19,199,211318720,67,0.796201518,0.142569640,0.085954614,1.127890251
7,199,211318720,67,0.806736162,0.142569640,0.085954614,1.152669295
24,199,211318720,67,0.813674763,0.142569640,0.085954614,1.164152375
23,199,211318720,67,0.821867094,0.142569640,0.085954614,1.172109271
6,199,211318720,67,0.826452221,0.142569640,0.085954614,1.173439284
13,199,211318720,67,1.257153163,0.142569640,0.085954614,1.122687860
28,199,211318720,67,1.733179882,0.142569640,0.085954614,1.065343272
25,199,211318720,67,1.868945538,0.142569640,0.085954614,1.180481613
26,199,211318720,67,1.907040420,0.142569640,0.085954614,1.192995590
4,199,211318720,67,2.120374844,0.142569640,0.085954614,1.263560655
30,199,211318720,67,2.193697963,0.142569640,0.085954614,1.289737873
21,199,211318720,67,2.657097209,0.142569640,0.085954614,1.232846634
3,199,211318720,67,2.797841978,0.142569640,0.085954614,1.279758000
20,199,211318720,67,2.996920999,0.142569640,0.085954614,1.384630711
12,199,211318720,67,3.027199809,0.142569640,0.085954614,1.395061304
15,199,211318720,67,3.305916250,0.142569640,0.085954614,1.398421489
22,199,211318720,67,3.705109469,0.142569640,0.085954614,1.361429329
27,199,211318720,67,5.885373720,0.142569640,0.085954614,0.738239153
2,199,211318720,67,7.107410650,0.142569640,0.085954614,0.522992264
9,199,211318720,67,7.122918798,0.142569640,0.085954614,0.528600225
11,199,211318720,67,8.965276948,0.142569640,0.085954614,0.000004764
13,200,211318720,67,0.465612283,0.142569640,0.119405828,0.117711624
14,200,211318720,67,0.521006957,0.142569640,0.119405828,0.209596792
10,200,211318720,67,0.590973152,0.142569640,0.119405828,0.327868757
29,200,211318720,67,0.612244361,0.142569640,0.119405828,0.376369762
6,200,211318720,67,0.661161777,0.142569640,0.119405828,0.497869180
18,200,211318720,67,0.732099516,0.142569640,0.119405828,0.664082386
8,200,211318720,67,0.734958982,0.142569640,0.119405828,0.668987643
7,200,211318720,67,0.756315152,0.142569640,0.119405828,0.702298172
28,200,211318720,67,0.792310803,0.142569640,0.119405828,0.738778105
23,200,211318720,67,0.880571887,0.142569640,0.119405828,0.807635991
1,200,211318720,67,0.964746671,0.142569640,0.119405828,0.836852400
19,200,211318720,67,1.144539681,0.142569640,0.119405828,0.871568549
17,200,211318720,67,1.346320513,0.142569640,0.119405828,0.981544738
24,200,211318720,67,1.370399601,0.142569640,0.119405828,1.017296034
5,200,211318720,67,1.481660385,0.142569640,0.119405828,1.199578386
25,200,211318720,67,1.495156430,0.142569640,0.119405828,1.213367153
16,200,211318720,67,1.515801376,0.142569640,0.119405828,1.219950619
30,200,211318720,67,1.901204902,0.142569640,0.119405828,1.316076331
26,200,211318720,67,1.907040420,0.142569640,0.119405828,1.322112134
4,200,211318720,67,1.987851416,0.142569640,0.119405828,1.371468278
3,200,211318720,67,2.098381484,0.142569640,0.119405828,1.409237405
2,200,211318720,67,2.508497876,0.142569640,0.119405828,1.369468576
27,200,211318720,67,2.769587633,0.142569640,0.119405828,1.422096264
21,200,211318720,67,2.846889867,0.142569640,0.119405828,1.449045380
9,200,211318720,67,4.399449846,0.142569640,0.119405828,1.029388219
20,200,211318720,67,4.682689061,0.142569640,0.119405828,1.033020275
22,200,211318720,67,5.789233545,0.142569640,0.119405828,0.763238657
15,200,211318720,67,6.171043667,0.142569640,0.119405828,0.730512107
12,200,211318720,67,6.659839580,0.142569640,0.119405828,0.664809207
11,200,211318720,67,8.965276948,0.142569640,0.119405828,0.000004764
18,201,211318720,67,0.411805978,0.142569640,0.119274780,0.159722056
1,201,211318720,67,0.413462859,0.142569640,0.119274780,0.161250430
29,201,211318720,67,0.530611780,0.142569640,0.119274780,0.341498650
19,201,211318720,67,0.597151138,0.142569640,0.119274780,0.542553619
24,201,211318720,67,0.599549825,0.142569640,0.119274780,0.549659484
14,201,211318720,67,0.641239332,0.142569640,0.119274780,0.674791660
28,201,211318720,67,0.643752528,0.142569640,0.119274780,0.680674789
5,201,211318720,67,0.673481993,0.142569640,0.119274780,0.736131226
10,201,211318720,67,0.738716440,0.142569640,0.119274780,0.844600627
17,201,211318720,67,0.742797525,0.142569640,0.119274780,0.851321034
7,201,211318720,67,0.806736162,0.142569640,0.119274780,0.916444748
6,201,211318720,67,0.881549036,0.142569640,0.119274780,0.981889071
8,201,211318720,67,0.964633664,0.142569640,0.119274780,1.009017708
16,201,211318720,67,1.320214101,0.142569640,0.119274780,1.022562111
23,201,211318720,67,1.408915019,0.142569640,0.119274780,1.093948135
13,201,211318720,67,1.489959305,0.142569640,0.119274780,1.129777660
25,201,211318720,67,1.619752800,0.142569640,0.119274780,1.172800273
4,201,211318720,67,2.120374844,0.142569640,0.119274780,1.149204747
30,201,211318720,67,2.193697963,0.142569640,0.119274780,1.174489944
12,201,211318720,67,2.421759847,0.142569640,0.119274780,1.229209104
9,201,211318720,67,2.513971340,0.142569640,0.119274780,1.259110603
3,201,211318720,67,2.797841978,0.142569640,0.119274780,1.320236304
21,201,211318720,67,2.846889867,0.142569640,0.119274780,1.336135173
15,201,211318720,67,3.305916250,0.142569640,0.119274780,1.278619575
27,201,211318720,67,3.808182995,0.142569640,0.119274780,1.209948494
26,201,211318720,67,5.040035397,0.142569640,0.119274780,0.900671344
2,201,211318720,67,6.480286180,0.142569640,0.119274780,0.521717303
20,201,211318720,67,6.930379810,0.142569640,0.119274780,0.469873327
22,201,211318720,67,7.873357621,0.142569640,0.119274780,0.253066305
11,201,211318720,67,9.832884395,0.142569640,0.119274780,0.000004764
14,202,211318720,67,0.521006957,0.142569640,0.009354979,0.191055253
13,202,211318720,67,0.558734739,0.142569640,0.009354979,0.313746226
1,202,211318720,67,0.597224130,0.142569640,0.009354979,0.429915110
24,202,211318720,67,0.642374813,0.142569640,0.009354979,0.560852793
29,202,211318720,67,0.653060652,0.142569640,0.009354979,0.585685966
7,202,211318720,67,0.655473132,0.142569640,0.009354979,0.589859279
8,202,211318720,67,0.689024046,0.142569640,0.009354979,0.622774939
19,202,211318720,67,0.746438923,0.142569640,0.009354979,0.641525222
5,202,211318720,67,0.942874791,0.142569640,0.009354979,0.673734760
17,202,211318720,67,1.207045977,0.142569640,0.009354979,0.681573838
26,202,211318720,67,1.362171729,0.142569640,0.009354979,0.724189158
18,202,211318720,67,1.555711472,0.142569640,0.009354979,0.854272755
16,202,211318720,67,1.613595013,0.142569640,0.009354979,0.911601241
28,202,211318720,67,1.634141031,0.142569640,0.009354979,0.918832423
23,202,211318720,67,1.819848566,0.142569640,0.009354979,1.135320621
25,202,211318720,67,1.868945538,0.142569640,0.009354979,1.233664517
10,202,211318720,67,1.871414981,0.142569640,0.009354979,1.237978224
6,202,211318720,67,1.873291701,0.142569640,0.009354979,1.239886156
4,202,211318720,67,1.987851416,0.142569640,0.009354979,1.275362357
22,202,211318720,67,2.778832101,0.142569640,0.009354979,1.188080075
3,202,211318720,67,2.797841978,0.142569640,0.009354979,1.203679874
2,202,211318720,67,2.926580856,0.142569640,0.009354979,1.316262773
20,202,211318720,67,2.996920999,0.142569640,0.009354979,1.386606490
21,202,211318720,67,3.036682524,0.142569640,0.009354979,1.399174947
11,202,211318720,67,3.470429786,0.142569640,0.009354979,1.408839810
15,202,211318720,67,3.526310667,0.142569640,0.009354979,1.428004438
30,202,211318720,67,4.972382050,0.142569640,0.009354979,1.046602595
12,202,211318720,67,5.247146336,0.142569640,0.009354979,1.054221187
27,202,211318720,67,5.539175266,0.142569640,0.009354979,1.053769780
9,202,211318720,67,6.913421186,0.142569640,0.009354979,0.599486092
5,203,211318720,67,0.448987996,0.142569640,0.006867022,0.047740991
10,203,211318720,67,0.640220915,0.142569640,0.006867022,0.410434045
14,203,211318720,67,0.641239332,0.142569640,0.006867022,0.413438451
16,203,211318720,67,0.684555460,0.142569640,0.006867022,0.515583819
1,203,211318720,67,0.689104765,0.142569640,0.006867022,0.526243885
13,203,211318720,67,0.698418424,0.142569640,0.006867022,0.541954060
7,203,211318720,67,0.705894142,0.142569640,0.006867022,0.549674432
6,203,211318720,67,0.826452221,0.142569640,0.006867022,0.613851386
23,203,211318720,67,0.939276679,0.142569640,0.006867022,0.795566067
18,203,211318720,67,0.960880615,0.142569640,0.006867022,0.817035441
29,203,211318720,67,0.979590978,0.142569640,0.006867022,0.829249029
24,203,211318720,67,1.113449676,0.142569640,0.006867022,0.873248181
8,203,211318720,67,1.561787837,0.142569640,0.006867022,0.943659195
17,203,211318720,67,1.578444740,0.142569640,0.006867022,0.960397345
19,203,211318720,67,1.642165630,0.142569640,0.006867022,1.003355173
30,203,211318720,67,1.754958371,0.142569640,0.006867022,1.116851587
28,203,211318720,67,1.782699307,0.142569640,0.006867022,1.126142440
26,203,211318720,67,2.043257593,0.142569640,0.006867022,1.179671964
4,203,211318720,67,2.120374844,0.142569640,0.006867022,1.205250212
3,203,211318720,67,2.273246608,0.142569640,0.006867022,1.341621474
21,203,211318720,67,2.277511893,0.142569640,0.006867022,1.342948113
27,203,211318720,67,2.423389179,0.142569640,0.006867022,1.391159756
20,203,211318720,67,2.996920999,0.142569640,0.006867022,1.296725286
15,203,211318720,67,3.305916250,0.142569640,0.006867022,1.289946452
25,203,211318720,67,3.862487445,0.142569640,0.006867022,1.202643137
11,203,211318720,67,4.338037233,0.142569640,0.006867022,1.201699666
2,203,211318720,67,4.389871284,0.142569640,0.006867022,1.219714818
12,203,211318720,67,6.256212939,0.142569640,0.006867022,0.701892762
9,203,211318720,67,6.913421186,0.142569640,0.006867022,0.574835880
22,203,211318720,67,7.873357621,0.142569640,0.006867022,0.257983459
14,204,211318720,67,0.521006957,0.142569640,0.128237024,0.088452440
17,204,211318720,67,0.603522989,0.142569640,0.128237024,0.256930397
24,204,211318720,67,0.685199800,0.142569640,0.128237024,0.547325430
19,204,211318720,67,0.696676328,0.142569640,0.128237024,0.588833493
13,204,211318720,67,0.698418424,0.142569640,0.128237024,0.594148507
23,204,211318720,67,0.704457509,0.142569640,0.128237024,0.608120496
8,204,211318720,67,0.734958982,0.142569640,0.128237024,0.659067411
16,204,211318720,67,0.782349097,0.142569640,0.128237024,0.706177720
7,204,211318720,67,0.806736162,0.142569640,0.128237024,0.713858387
5,204,211318720,67,1.212267588,0.142569640,0.128237024,0.676756271
1,204,211318720,67,1.378209530,0.142569640,0.128237024,0.786075162
29,204,211318720,67,1.428570176,0.142569640,0.128237024,0.861582376
18,204,211318720,67,1.509955252,0.142569640,0.128237024,0.942593158
28,204,211318720,67,1.535102181,0.142569640,0.128237024,0.950811942
26,204,211318720,67,1.770823247,0.142569640,0.128237024,1.103225799
10,204,211318720,67,1.822167219,0.142569640,0.128237024,1.223121221
25,204,211318720,67,1.868945538,0.142569640,0.128237024,1.300282721
6,204,211318720,67,1.873291701,0.142569640,0.128237024,1.304712505
9,204,211318720,67,1.885478505,0.142569640,0.128237024,1.309150016
4,204,211318720,67,2.120374844,0.142569640,0.128237024,1.372767862
30,204,211318720,67,2.193697963,0.142569640,0.128237024,1.397283036
27,204,211318720,67,2.769587633,0.142569640,0.128237024,1.343290028
21,204,211318720,67,2.846889867,0.142569640,0.128237024,1.370073892
20,204,211318720,67,2.996920999,0.142569640,0.128237024,1.450016619
15,204,211318720,67,3.085521834,0.142569640,0.128237024,1.480195563
12,204,211318720,67,3.229013130,0.142569640,0.128237024,1.528368616
11,204,211318720,67,3.470429786,0.142569640,0.128237024,1.544683494
3,204,211318720,67,4.196762968,0.142569640,0.128237024,1.402187929
22,204,211318720,67,4.862956178,0.142569640,0.128237024,1.274180447
2,204,211318720,67,7.107410650,0.142569640,0.128237024,0.536079770
8,205,211318720,67,0.413414428,0.142569640,0.048293848,0.048670143
24,205,211318720,67,0.599549825,0.142569640,0.048293848,0.309913147
14,205,211318720,67,0.601161874,0.142569640,0.048293848,0.314705010
7,205,211318720,67,0.605052122,0.142569640,0.048293848,0.325571454
23,205,211318720,67,0.704457509,0.142569640,0.048293848,0.559510839
5,205,211318720,67,0.718380793,0.142569640,0.048293848,0.582819946
10,205,211318720,67,0.738716440,0.142569640,0.048293848,0.603217816
13,205,211318720,67,0.744979652,0.142569640,0.048293848,0.605447887
29,205,211318720,67,1.183672432,0.142569640,0.048293848,0.556761311
18,205,211318720,67,1.326930373,0.142569640,0.048293848,0.653878232
1,205,211318720,67,1.424149847,0.142569640,0.048293848,0.800145205
17,205,211318720,67,1.439170204,0.142569640,0.048293848,0.815327545
25,205,211318720,67,1.495156430,0.142569640,0.048293848,0.870442554
28,205,211318720,67,1.584621606,0.142569640,0.048293848,0.944466742
16,205,211318720,67,1.662491831,0.142569640,0.048293848,0.971746671
6,205,211318720,67,1.818194886,0.142569640,0.048293848,1.093020855
19,205,211318720,67,1.841216009,0.142569640,0.048293848,1.101353458
26,205,211318720,67,2.179474766,0.142569640,0.048293848,1.202212123
30,205,211318720,67,2.193697963,0.142569640,0.048293848,1.216680251
21,205,211318720,67,2.277511893,0.142569640,0.048293848,1.244403761
4,205,211318720,67,2.517945127,0.142569640,0.048293848,1.260344849
9,205,211318720,67,2.723468952,0.142569640,0.048293848,1.287347559
2,205,211318720,67,3.135622345,0.142569640,0.048293848,1.249304541
15,205,211318720,67,3.526310667,0.142569640,0.048293848,1.214869668
22,205,211318720,67,3.705109469,0.142569640,0.048293848,1.310389365
11,205,211318720,67,3.759632269,0.142569640,0.048293848,1.329303110
20,205,211318720,67,3.933458811,0.142569640,0.048293848,1.368653970
27,205,211318720,67,4.673679131,0.142569640,0.048293848,1.218336392
12,205,211318720,67,4.843519695,0.142569640,0.048293848,1.257386277
3,205,211318720,67,5.945414204,0.142569640,0.048293848,0.890821839
29,206,211318720,67,0.448979198,0.142569640,0.002587412,0.047644266
24,206,211318720,67,0.642374813,0.142569640,0.002587412,0.250589695
28,206,211318720,67,0.643752528,0.142569640,0.002587412,0.253944838
16,206,211318720,67,0.733452279,0.142569640,0.002587412,0.403234334
1,206,211318720,67,0.735045083,0.142569640,0.002587412,0.404981633
6,206,211318720,67,0.771355406,0.142569640,0.002587412,0.416764048
23,206,211318720,67,0.939276679,0.142569640,0.002587412,0.555171435
18,206,211318720,67,0.960880615,0.142569640,0.002587412,0.590973129
7,206,211318720,67,1.058841213,0.142569640,0.002587412,0.689588330
5,206,211318720,67,1.077571189,0.142569640,0.002587412,0.696578957
8,206,211318720,67,1.240243283,0.142569640,0.002587412,0.779511822
14,206,211318720,67,1.322556122,0.142569640,0.002587412,0.807392344
19,206,211318720,67,1.492877845,0.142569640,0.002587412,1.018028249
17,206,211318720,67,1.532019894,0.142569640,0.002587412,1.109078566
13,206,211318720,67,1.536520533,0.142569640,0.002587412,1.116750586
4,206,211318720,67,1.590281133,0.142569640,0.002587412,1.170957398
10,206,211318720,67,1.625176168,0.142569640,0.002587412,1.182817326
25,206,211318720,67,1.868945538,0.142569640,0.002587412,1.197449079
26,206,211318720,67,2.043257593,0.142569640,0.002587412,1.235976087
30,206,211318720,67,2.193697963,0.142569640,0.002587412,1.382912210
20,206,211318720,67,2.247690749,0.142569640,0.002587412,1.438015394
3,206,211318720,67,2.273246608,0.142569640,0.002587412,1.446493970
27,206,211318720,67,2.769587633,0.142569640,0.002587412,1.373833242
21,206,211318720,67,3.036682524,0.142569640,0.002587412,1.472450664
15,206,211318720,67,3.085521834,0.142569640,0.002587412,1.521575989
2,206,211318720,67,3.135622345,0.142569640,0.002587412,1.570581235
12,206,211318720,67,3.229013130,0.142569640,0.002587412,1.603756249
11,206,211318720,67,4.627239715,0.142569640,0.002587412,1.246534042
9,206,211318720,67,6.913421186,0.142569640,0.002587412,0.579860971
22,206,211318720,67,8.336496304,0.142569640,0.002587412,0.105786026
13,207,211318720,67,0.419051054,0.142569640,0.002797741,0.095345506
5,207,211318720,67,0.493886795,0.142569640,0.002797741,0.198049405
17,207,211318720,67,0.557098143,0.142569640,0.002797741,0.346043293
18,207,211318720,67,0.594830857,0.142569640,0.002797741,0.448047283
14,207,211318720,67,0.641239332,0.142569640,0.002797741,0.605254096
8,207,211318720,67,0.643089109,0.142569640,0.002797741,0.610819558
1,207,211318720,67,0.689104765,0.142569640,0.002797741,0.718731099
6,207,211318720,67,0.716258591,0.142569640,0.002797741,0.764602153
10,207,211318720,67,0.738716440,0.142569640,0.002797741,0.801920673
7,207,211318720,67,0.756315152,0.142569640,0.002797741,0.819793656
29,207,211318720,67,0.857142106,0.142569640,0.002797741,0.853813781
28,207,211318720,67,1.039907929,0.142569640,0.002797741,0.887701512
24,207,211318720,67,1.584524539,0.142569640,0.002797741,0.900755366
16,207,211318720,67,1.613595013,0.142569640,0.002797741,0.930153691
19,207,211318720,67,1.691928225,0.142569640,0.002797741,0.956744230
23,207,211318720,67,1.878553358,0.142569640,0.002797741,1.008200209
25,207,211318720,67,1.993541907,0.142569640,0.002797741,1.048463086
26,207,211318720,67,2.179474766,0.142569640,0.002797741,1.114600047
3,207,211318720,67,2.273246608,0.142569640,0.002797741,1.196947060
30,207,211318720,67,2.339944494,0.142569640,0.002797741,1.230479273
21,207,211318720,67,2.467304551,0.142569640,0.002797741,1.280720030
27,207,211318720,67,2.596488406,0.142569640,0.002797741,1.387155354
15,207,211318720,67,2.644733000,0.142569640,0.002797741,1.402979462
9,207,211318720,67,3.142464176,0.142569640,0.002797741,1.337467212
11,207,211318720,67,4.048834751,0.142569640,0.002797741,1.137487958
4,207,211318720,67,4.373273115,0.142569640,0.002797741,1.127677539
2,207,211318720,67,5.016995753,0.142569640,0.002797741,1.008937149
12,207,211318720,67,6.256212939,0.142569640,0.002797741,0.695500301
20,207,211318720,67,6.743072247,0.142569640,0.002797741,0.633049029
22,207,211318720,67,7.873357621,0.142569640,0.002797741,0.259544178
14,208,211318720,67,0.521006957,0.142569640,0.107030988,0.207484847
13,208,211318720,67,0.558734739,0.142569640,0.107030988,0.281914370
18,208,211318720,67,0.594830857,0.142569640,0.107030988,0.369324506
24,208,211318720,67,0.599549825,0.142569640,0.107030988,0.380645408
10,208,211318720,67,0.689468677,0.142569640,0.107030988,0.588644168
17,208,211318720,67,0.696372679,0.142569640,0.107030988,0.600364164
16,208,211318720,67,0.733452279,0.142569640,0.107030988,0.637545827
19,208,211318720,67,0.746438923,0.142569640,0.107030988,0.647033370
23,208,211318720,67,0.880571887,0.142569640,0.107030988,0.693636929
1,208,211318720,67,1.194448259,0.142569640,0.107030988,0.771315896
7,208,211318720,67,1.210104244,0.142569640,0.107030988,0.780311417
29,208,211318720,67,1.346937595,0.142569640,0.107030988,0.915532369
26,208,211318720,67,1.362171729,0.142569640,0.107030988,0.930811481
5,208,211318720,67,1.481660385,0.142569640,0.107030988,1.014245238
8,208,211318720,67,1.561787837,0.142569640,0.107030988,1.055556199
28,208,211318720,67,1.683660457,0.142569640,0.107030988,1.222749233
21,208,211318720,67,1.708133920,0.142569640,0.107030988,1.246500266
30,208,211318720,67,1.754958371,0.142569640,0.107030988,1.289079720
4,208,211318720,67,1.855327988,0.142569640,0.107030988,1.370303452
6,208,211318720,67,1.928388515,0.142569640,0.107030988,1.442738306
25,208,211318720,67,1.993541907,0.142569640,0.107030988,1.464448772
20,208,211318720,67,2.247690749,0.142569640,0.107030988,1.568860495
27,208,211318720,67,2.250289952,0.142569640,0.107030988,1.569821381
3,208,211318720,67,2.622976855,0.142569640,0.107030988,1.573435868
9,208,211318720,67,2.723468952,0.142569640,0.107030988,1.606670496
15,208,211318720,67,3.305916250,0.142569640,0.107030988,1.507923075
11,208,211318720,67,4.048834751,0.142569640,0.107030988,1.356906565
12,208,211318720,67,6.256212939,0.142569640,0.107030988,0.721084055
22,208,211318720,67,6.715510912,0.142569640,0.107030988,0.667200161
2,208,211318720,67,7.943576608,0.142569640,0.107030988,0.263411212
5,209,211318720,67,0.493886795,0.142569640,0.034088444,0.164255141
14,209,211318720,67,0.561084416,0.142569640,0.034088444,0.365459731
8,209,211318720,67,0.597154173,0.142569640,0.034088444,0.474654003
24,209,211318720,67,0.599549825,0.142569640,0.034088444,0.480299752
29,209,211318720,67,0.612244361,0.142569640,0.034088444,0.501466001
1,209,211318720,67,0.643164447,0.142569640,0.034088444,0.532523888
19,209,211318720,67,0.696676328,0.142569640,0.034088444,0.584581982
10,209,211318720,67,0.787964203,0.142569640,0.034088444,0.648593406
23,209,211318720,67,0.880571887,0.142569640,0.034088444,0.722071309
18,209,211318720,67,0.960880615,0.142569640,0.034088444,0.748823156
17,209,211318720,67,1.346320513,0.142569640,0.034088444,0.762288066
16,209,211318720,67,1.418007738,0.142569640,0.034088444,0.787204173
13,209,211318720,67,1.583081761,0.142569640,0.034088444,1.015387181
28,209,211318720,67,1.584621606,0.142569640,0.034088444,1.018172083
6,209,211318720,67,1.597807627,0.142569640,0.034088444,1.031371500
7,209,211318720,67,1.714314345,0.142569640,0.034088444,1.137064528
30,209,211318720,67,1.754958371,0.142569640,0.034088444,1.150433233
26,209,211318720,67,1.907040420,0.142569640,0.034088444,1.240624962
15,209,211318720,67,1.983549750,0.142569640,0.034088444,1.266524795
2,209,211318720,67,2.717539366,0.142569640,0.034088444,1.206272557
9,209,211318720,67,2.723468952,0.142569640,0.034088444,1.207453516
25,209,211318720,67,2.990312861,0.142569640,0.034088444,1.385712554
20,209,211318720,67,2.996920999,0.142569640,0.034088444,1.392386262
22,209,211318720,67,3.010401443,0.142569640,0.034088444,1.397097117
12,209,211318720,67,3.229013130,0.142569640,0.034088444,1.419970234
21,209,211318720,67,3.985645813,0.142569640,0.034088444,1.267904951
27,209,211318720,67,4.500579904,0.142569640,0.034088444,1.279202860
4,209,211318720,67,4.505796543,0.142569640,0.034088444,1.281231572
3,209,211318720,67,4.896223462,0.142569640,0.034088444,1.248980678
11,209,211318720,67,8.965276948,0.142569640,0.034088444,0.000004764
29,210,211318720,67,0.367346617,0.142569640,0.015433838,0.132110911
24,210,211318720,67,0.385424888,0.142569640,0.015433838,0.137627537
18,210,211318720,67,0.549074637,0.142569640,0.015433838,0.240248979
1,210,211318720,67,0.597224130,0.142569640,0.015433838,0.316445161
17,210,211318720,67,0.696372679,0.142569640,0.015433838,0.720069622
13,210,211318720,67,0.698418424,0.142569640,0.015433838,0.728794002
8,210,211318720,67,0.734958982,0.142569640,0.015433838,0.862637076
28,210,211318720,67,0.742791378,0.142569640,0.015433838,0.886251796
7,210,211318720,67,0.756315152,0.142569640,0.015433838,0.918289989
23,210,211318720,67,0.763162302,0.142569640,0.015433838,0.929671652
16,210,211318720,67,0.782349097,0.142569640,0.015433838,0.949085360
19,210,211318720,67,0.796201518,0.142569640,0.015433838,0.953537988
14,210,211318720,67,1.122168831,0.142569640,0.015433838,1.053219671
5,210,211318720,67,1.167368788,0.142569640,0.015433838,1.099028240
4,210,211318720,67,1.192710850,0.142569640,0.015433838,1.111191551
10,210,211318720,67,1.329689592,0.142569640,0.015433838,1.158685577
12,210,211318720,67,1.816319885,0.142569640,0.015433838,1.205991992
25,210,211318720,67,1.868945538,0.142569640,0.015433838,1.258846124
6,210,211318720,67,1.873291701,0.142569640,0.015433838,1.260534162
27,210,211318720,67,2.250289952,0.142569640,0.015433838,1.266560224
30,210,211318720,67,2.339944494,0.142569640,0.015433838,1.297819580
21,210,211318720,67,3.036682524,0.142569640,0.015433838,1.227664439
15,210,211318720,67,3.085521834,0.142569640,0.015433838,1.244734941
9,210,211318720,67,3.351961787,0.142569640,0.015433838,1.267444127
22,210,211318720,67,3.473540127,0.142569640,0.015433838,1.307990828
3,210,211318720,67,3.672167597,0.142569640,0.015433838,1.338150612
20,210,211318720,67,4.308073936,0.142569640,0.015433838,1.224599190
26,210,211318720,67,4.903818224,0.142569640,0.015433838,1.120138605
2,210,211318720,67,6.271244691,0.142569640,0.015433838,0.763252786
11,210,211318720,67,7.519264537,0.142569640,0.015433838,0.351689807
29,211,211318720,67,0.489795489,0.142569640,0.040959138,0.143426138
14,211,211318720,67,0.561084416,0.142569640,0.040959138,0.293780648
18,211,211318720,67,0.594830857,0.142569640,0.040959138,0.350469450
19,211,211318720,67,0.597151138,0.142569640,0.040959138,0.353000578
7,211,211318720,67,0.655473132,0.142569640,0.040959138,0.400021379
6,211,211318720,67,0.771355406,0.142569640,0.040959138,0.588575269
16,211,211318720,67,0.782349097,0.142569640,0.040959138,0.606664919
23,211,211318720,67,0.821867094,0.142569640,0.040959138,0.645313333
24,211,211318720,67,0.899324738,0.142569640,0.040959138,0.671346661
1,211,211318720,67,1.102567624,0.142569640,0.040959138,0.755774604
8,211,211318720,67,1.194308346,0.142569640,0.040959138,0.847663131
13,211,211318720,67,1.210591935,0.142569640,0.040959138,0.857499112
5,211,211318720,67,1.346963987,0.142569640,0.040959138,0.942072986
10,211,211318720,67,1.428185117,0.142569640,0.040959138,0.995786403
17,211,211318720,67,1.532019894,0.142569640,0.040959138,1.031308336
28,211,211318720,67,1.832218732,0.142569640,0.040959138,1.096039852
25,211,211318720,67,1.868945538,0.142569640,0.040959138,1.109045841
4,211,211318720,67,2.120374844,0.142569640,0.040959138,1.167503569
30,211,211318720,67,2.193697963,0.142569640,0.040959138,1.191259212
21,211,211318720,67,2.467304551,0.142569640,0.040959138,1.206206711
27,211,211318720,67,2.596488406,0.142569640,0.040959138,1.262445928
2,211,211318720,67,2.717539366,0.142569640,0.040959138,1.377385339
3,211,211318720,67,2.797841978,0.142569640,0.040959138,1.463194931
20,211,211318720,67,2.809613436,0.142569640,0.040959138,1.475165422
9,211,211318720,67,2.932966564,0.142569640,0.040959138,1.559243697
22,211,211318720,67,3.010401443,0.142569640,0.040959138,1.583885423
15,211,211318720,67,3.305916250,0.142569640,0.040959138,1.581447242
26,211,211318720,67,3.541646495,0.142569640,0.040959138,1.598501841
11,211,211318720,67,4.338037233,0.142569640,0.040959138,1.431608195
12,211,211318720,67,6.256212939,0.142569640,0.040959138,0.802528056
19,212,211318720,67,0.597151138,0.142569640,0.030145874,0.313010809
5,212,211318720,67,0.628583194,0.142569640,0.030145874,0.431580446
14,212,211318720,67,0.641239332,0.142569640,0.030145874,0.477834851
24,212,211318720,67,0.642374813,0.142569640,0.030145874,0.481277735
17,212,211318720,67,0.649947834,0.142569640,0.030145874,0.499045890
10,212,211318720,67,0.738716440,0.142569640,0.030145874,0.696235342
28,212,211318720,67,0.742791378,0.142569640,0.030145874,0.703137468
23,212,211318720,67,0.763162302,0.142569640,0.030145874,0.723744861
7,212,211318720,67,0.806736162,0.142569640,0.030145874,0.739341946
8,212,211318720,67,0.964633664,0.142569640,0.030145874,0.813360640
29,212,211318720,67,1.061223559,0.142569640,0.030145874,0.845983654
16,212,211318720,67,1.271317283,0.142569640,0.030145874,0.933092990
6,212,211318720,67,1.322323553,0.142569640,0.030145874,0.950154269
18,212,211318720,67,1.464199032,0.142569640,0.030145874,1.077128517
13,212,211318720,67,1.536520533,0.142569640,0.030145874,1.189032521
1,212,211318720,67,1.561970800,0.142569640,0.030145874,1.214403202
25,212,211318720,67,1.619752800,0.142569640,0.030145874,1.234912485
15,212,211318720,67,1.983549750,0.142569640,0.030145874,1.234939738
9,212,211318720,67,2.094976117,0.142569640,0.030145874,1.347102534
4,212,211318720,67,2.120374844,0.142569640,0.030145874,1.354907671
30,212,211318720,67,2.339944494,0.142569640,0.030145874,1.417385097
12,212,211318720,67,2.421759847,0.142569640,0.030145874,1.445728766
3,212,211318720,67,2.622976855,0.142569640,0.030145874,1.474279148
20,212,211318720,67,2.809613436,0.142569640,0.030145874,1.506068344
26,212,211318720,67,2.996777803,0.142569640,0.030145874,1.539826782
2,212,211318720,67,3.135622345,0.142569640,0.030145874,1.585565032
27,212,211318720,67,3.288885314,0.142569640,0.030145874,1.630635605
21,212,211318720,67,5.124401760,0.142569640,0.030145874,1.118733200
11,212,211318720,67,7.808467020,0.142569640,0.030145874,0.323485052
22,212,211318720,67,8.568065646,0.142569640,0.030145874,0.070991287
1,213,211318720,67,0.413462859,0.142569640,0.239074677,0.045477238
17,213,211318720,67,0.603522989,0.142569640,0.239074677,0.506981634
6,213,211318720,67,0.606064962,0.142569640,0.239074677,0.517993593
29,213,211318720,67,0.612244361,0.142569640,0.239074677,0.540894194
10,213,211318720,67,0.640220915,0.142569640,0.239074677,0.624984681
24,213,211318720,67,0.642374813,0.142569640,0.239074677,0.631467836
23,213,211318720,67,0.645752717,0.142569640,0.239074677,0.639388533
13,213,211318720,67,0.698418424,0.142569640,0.239074677,0.757796654
8,213,211318720,67,0.734958982,0.142569640,0.239074677,0.818222131
16,213,211318720,67,0.782349097,0.142569640,0.239074677,0.895645627
19,213,211318720,67,0.796201518,0.142569640,0.239074677,0.909047156
14,213,211318720,67,0.881704082,0.142569640,0.239074677,0.938029171
18,213,211318720,67,1.189661714,0.142569640,0.239074677,0.929407047
26,213,211318720,67,1.362171729,0.142569640,0.239074677,0.968813383
28,213,211318720,67,1.634141031,0.142569640,0.239074677,1.142088461
7,213,211318720,67,1.663893335,0.142569640,0.239074677,1.191437608
5,213,211318720,67,1.706154383,0.142569640,0.239074677,1.234060070
21,213,211318720,67,1.708133920,0.142569640,0.239074677,1.234853813
4,213,211318720,67,2.120374844,0.142569640,0.239074677,1.248748516
30,213,211318720,67,2.193697963,0.142569640,0.239074677,1.322757507
27,213,211318720,67,2.250289952,0.142569640,0.239074677,1.339995557
12,213,211318720,67,2.421759847,0.142569640,0.239074677,1.411782456
9,213,211318720,67,2.513971340,0.142569640,0.239074677,1.442169860
20,213,211318720,67,2.809613436,0.142569640,0.239074677,1.440298609
2,213,211318720,67,3.135622345,0.142569640,0.239074677,1.452041572
25,213,211318720,67,3.239505599,0.142569640,0.239074677,1.487124895
15,213,211318720,67,3.526310667,0.142569640,0.239074677,1.483703325
11,213,211318720,67,4.048834751,0.142569640,0.239074677,1.406714673
3,213,211318720,67,6.644874699,0.142569640,0.239074677,0.640748205
22,213,211318720,67,7.178649595,0.142569640,0.239074677,0.464548979
29,214,211318720,67,0.489795489,0.142569640,0.056495152,0.119017759
14,214,211318720,67,0.561084416,0.142569640,0.056495152,0.256938627
24,214,211318720,67,0.599549825,0.142569640,0.056495152,0.351147192
17,214,211318720,67,0.649947834,0.142569640,0.056495152,0.475261058
5,214,211318720,67,0.673481993,0.142569640,0.056495152,0.565179227
1,214,211318720,67,0.689104765,0.142569640,0.056495152,0.628715707
8,214,211318720,67,0.734958982,0.142569640,0.056495152,0.802051444
16,214,211318720,67,0.782349097,0.142569640,0.056495152,0.975166779
28,214,211318720,67,0.792310803,0.142569640,0.056495152,1.005235343
19,214,211318720,67,0.796201518,0.142569640,0.056495152,1.014477977
7,214,211318720,67,0.806736162,0.142569640,0.056495152,1.031619239
23,214,211318720,67,0.821867094,0.142569640,0.056495152,1.046979135
18,214,211318720,67,0.869368175,0.142569640,0.056495152,1.061800487
10,214,211318720,67,1.034203016,0.142569640,0.056495152,1.104141209
13,214,211318720,67,1.210591935,0.142569640,0.056495152,1.137692672
6,214,211318720,67,1.597807627,0.142569640,0.056495152,1.104878280
25,214,211318720,67,1.993541907,0.142569640,0.056495152,1.120665745
20,214,211318720,67,2.060383187,0.142569640,0.056495152,1.158203481
26,214,211318720,67,2.179474766,0.142569640,0.056495152,1.198158474
3,214,211318720,67,2.797841978,0.142569640,0.056495152,1.150658284
21,214,211318720,67,2.846889867,0.142569640,0.056495152,1.167481003
9,214,211318720,67,3.142464176,0.142569640,0.056495152,1.165399602
15,214,211318720,67,3.305916250,0.142569640,0.056495152,1.205159581
4,214,211318720,67,3.975702832,0.142569640,0.056495152,1.123803258
11,214,211318720,67,4.048834751,0.142569640,0.056495152,1.148885978
22,214,211318720,67,4.862956178,0.142569640,0.056495152,0.969588367
30,214,211318720,67,5.264875112,0.142569640,0.056495152,0.931072517
12,214,211318720,67,5.448959656,0.142569640,0.056495152,0.965657172
27,214,211318720,67,5.885373720,0.142569640,0.056495152,0.916002809
2,214,211318720,67,6.689327670,0.142569640,0.056495152,0.652556593
14,215,211318720,67,0.561084416,0.142569640,0.013032755,0.300078990
5,215,211318720,67,0.583684394,0.142569640,0.013032755,0.367638884
24,215,211318720,67,0.599549825,0.142569640,0.013032755,0.412847697
29,215,211318720,67,0.612244361,0.142569640,0.013032755,0.467121925
7,215,211318720,67,0.655473132,0.142569640,0.013032755,0.625560371
1,215,211318720,67,0.689104765,0.142569640,0.013032755,0.733013351
16,215,211318720,67,0.733452279,0.142569640,0.013032755,0.865967442
10,215,211318720,67,0.738716440,0.142569640,0.013032755,0.878151759
28,215,211318720,67,0.742791378,0.142569640,0.013032755,0.887422149
17,215,211318720,67,0.742797525,0.142569640,0.013032755,0.887438484
23,215,211318720,67,0.821867094,0.142569640,0.013032755,0.966583030
6,215,211318720,67,0.881549036,0.142569640,0.013032755,0.986625317
8,215,211318720,67,1.056503537,0.142569640,0.013032755,1.079543817
13,215,211318720,67,1.117469479,0.142569640,0.013032755,1.099870385
18,215,211318720,67,1.692980131,0.142569640,0.013032755,1.004192537
19,215,211318720,67,1.841216009,0.142569640,0.013032755,1.051981740
20,215,211318720,67,2.060383187,0.142569640,0.013032755,1.074655338
21,215,211318720,67,2.277511893,0.142569640,0.013032755,1.097284705
12,215,211318720,67,2.623573168,0.142569640,0.013032755,1.081054703
9,215,211318720,67,3.351961787,0.142569640,0.013032755,0.933902695
30,215,211318720,67,3.656163272,0.142569640,0.013032755,0.927945198
11,215,211318720,67,4.338037233,0.142569640,0.013032755,0.942557983
26,215,211318720,67,4.358949532,0.142569640,0.013032755,0.973588120
2,215,211318720,67,4.389871284,0.142569640,0.013032755,1.021880491
25,215,211318720,67,4.485469291,0.142569640,0.013032755,1.172461685
4,215,211318720,67,4.505796543,0.142569640,0.013032755,1.192747286
3,215,211318720,67,4.546493215,0.142569640,0.013032755,1.206830078
27,215,211318720,67,6.058472947,0.142569640,0.013032755,0.806142470
22,215,211318720,67,7.873357621,0.142569640,0.013032755,0.304457939
15,215,211318720,67,8.374987834,0.142569640,0.013032755,0.139704316
17,216,211318720,67,0.417823608,0.142569640,0.000183777,0.060702638
19,216,211318720,67,0.547388543,0.142569640,0.000183777,0.371266972
7,216,211318720,67,0.554631112,0.142569640,0.000183777,0.392932023
14,216,211318720,67,0.561084416,0.142569640,0.000183777,0.411694591
8,216,211318720,67,0.597154173,0.142569640,0.000183777,0.510363342
1,216,211318720,67,0.643164447,0.142569640,0.000183777,0.655665783
24,216,211318720,67,0.685199800,0.142569640,0.000183777,0.779074177
13,216,211318720,67,0.698418424,0.142569640,0.000183777,0.809883626
5,216,211318720,67,0.718380793,0.142569640,0.000183777,0.842685592
28,216,211318720,67,0.742791378,0.142569640,0.000183777,0.867050462
6,216,211318720,67,0.771355406,0.142569640,0.000183777,0.877331226
16,216,211318720,67,1.075730008,0.142569640,0.000183777,0.871305906
29,216,211318720,67,1.387753885,0.142569640,0.000183777,0.864286027
18,216,211318720,67,1.555711472,0.142569640,0.000183777,0.988179038
3,216,211318720,67,1.573786113,0.142569640,0.000183777,0.994474686
10,216,211318720,67,1.723671693,0.142569640,0.000183777,1.073033670
23,216,211318720,67,1.819848566,0.142569640,0.000183777,1.159476200
2,216,211318720,67,1.881373407,0.142569640,0.000183777,1.180246261
30,216,211318720,67,2.047451433,0.142569640,0.000183777,1.284060562
9,216,211318720,67,2.094976117,0.142569640,0.000183777,1.299507875
27,216,211318720,67,2.596488406,0.142569640,0.000183777,1.231342460
12,216,211318720,67,3.229013130,0.142569640,0.000183777,1.207008399
25,216,211318720,67,3.239505599,0.142569640,0.000183777,1.210654667
22,216,211318720,67,3.473540127,0.142569640,0.000183777,1.228101204
20,216,211318720,67,3.746151248,0.142569640,0.000183777,1.320785348
11,216,211318720,67,3.759632269,0.142569640,0.000183777,1.325815249
4,216,211318720,67,4.770843398,0.142569640,0.000183777,1.087220777
26,216,211318720,67,5.176252569,0.142569640,0.000183777,1.049138491
21,216,211318720,67,5.503987075,0.142569640,0.000183777,1.033944101
15,216,211318720,67,7.273015750,0.142569640,0.000183777,0.447794610
13,217,211318720,67,0.465612283,0.142569640,0.015631823,0.150594719
14,217,211318720,67,0.521006957,0.142569640,0.015631823,0.224610539
10,217,211318720,67,0.541725389,0.142569640,0.015631823,0.245110385
16,217,211318720,67,0.635658641,0.142569640,0.015631823,0.396415415
8,217,211318720,67,0.689024046,0.142569640,0.015631823,0.505615236
18,217,211318720,67,0.732099516,0.142569640,0.015631823,0.606181442
1,217,211318720,67,0.735045083,0.142569640,0.015631823,0.611072889
7,217,211318720,67,0.806736162,0.142569640,0.015631823,0.684330965
6,217,211318720,67,0.826452221,0.142569640,0.015631823,0.691462980
28,217,211318720,67,1.039907929,0.142569640,0.015631823,0.716502484
24,217,211318720,67,1.370399601,0.142569640,0.015631823,0.881205543
29,217,211318720,67,1.387753885,0.142569640,0.015631823,0.910160019
5,217,211318720,67,1.436761586,0.142569640,0.015631823,0.991016878
19,217,211318720,67,1.443115251,0.142569640,0.015631823,0.997389877
17,217,211318720,67,1.532019894,0.142569640,0.015631823,1.027148240
4,217,211318720,67,1.722804560,0.142569640,0.015631823,1.058615189
30,217,211318720,67,1.901204902,0.142569640,0.015631823,1.094800523
26,217,211318720,67,2.043257593,0.142569640,0.015631823,1.193163832
23,217,211318720,67,2.113372528,0.142569640,0.015631823,1.216958231
2,217,211318720,67,2.508497876,0.142569640,0.015631823,1.180814294
9,217,211318720,67,2.723468952,0.142569640,0.015631823,1.244116696
12,217,211318720,67,2.825386488,0.142569640,0.015631823,1.344544520
21,217,211318720,67,2.846889867,0.142569640,0.015631823,1.351487040
22,217,211318720,67,3.473540127,0.142569640,0.015631823,1.239192420
25,217,211318720,67,3.862487445,0.142569640,0.015631823,1.207942734
11,217,211318720,67,4.048834751,0.142569640,0.015631823,1.242119610
3,217,211318720,67,4.196762968,0.142569640,0.015631823,1.287359688
27,217,211318720,67,4.673679131,0.142569640,0.015631823,1.225191314
20,217,211318720,67,4.869996623,0.142569640,0.015631823,1.256510058
15,217,211318720,67,5.730254834,0.142569640,0.015631823,0.978104953
1,218,211318720,67,0.413462859,0.142569640,0.003595398,0.105927260
13,218,211318720,67,0.512173511,0.142569640,0.003595398,0.376968792
24,218,211318720,67,0.513899850,0.142569640,0.003595398,0.382795744
14,218,211318720,67,0.561084416,0.142569640,0.003595398,0.535879593
29,218,211318720,67,0.571428070,0.142569640,0.003595398,0.567205423
5,218,211318720,67,0.583684394,0.142569640,0.003595398,0.596114960
28,218,211318720,67,0.643752528,0.142569640,0.003595398,0.762468234
7,218,211318720,67,0.655473132,0.142569640,0.003595398,0.789513137
18,218,211318720,67,0.686343296,0.142569640,0.003595398,0.841082038
8,218,211318720,67,0.734958982,0.142569640,0.003595398,0.889798641
10,218,211318720,67,0.738716440,0.142569640,0.003595398,0.891194890
16,218,211318720,67,1.173523646,0.142569640,0.003595398,0.841897689
19,218,211318720,67,1.343590061,0.142569640,0.003595398,0.880286715
25,218,211318720,67,1.495156430,0.142569640,0.003595398,0.995504598
17,218,211318720,67,1.532019894,0.142569640,0.003595398,1.007686018
30,218,211318720,67,1.754958371,0.142569640,0.003595398,1.029375978
23,218,211318720,67,1.937258151,0.142569640,0.003595398,1.152105636
6,218,211318720,67,1.983485330,0.142569640,0.003595398,1.197916306
26,218,211318720,67,2.043257593,0.142569640,0.003595398,1.216702750
12,218,211318720,67,3.027199809,0.142569640,0.003595398,0.986036187
15,218,211318720,67,3.305916250,0.142569640,0.003595398,0.990241424
4,218,211318720,67,3.843179404,0.142569640,0.003595398,0.907385433
11,218,211318720,67,4.048834751,0.142569640,0.003595398,0.933617883
20,218,211318720,67,4.495381498,0.142569640,0.003595398,0.974958267
27,218,211318720,67,4.500579904,0.142569640,0.003595398,0.976492878
21,218,211318720,67,4.934609102,0.142569640,0.003595398,0.927020391
3,218,211318720,67,5.245953710,0.142569640,0.003595398,0.919625228
22,218,211318720,67,5.557664203,0.142569640,0.003595398,0.912178024
9,218,211318720,67,6.913421186,0.142569640,0.003595398,0.555679554
2,218,211318720,67,7.734535119,0.142569640,0.003595398,0.286339774
8,219,211318720,67,0.413414428,0.142569640,0.009519990,0.048725529
24,219,211318720,67,0.556724838,0.142569640,0.009519990,0.343636977
13,219,211318720,67,0.558734739,0.142569640,0.009519990,0.348216908
14,219,211318720,67,0.561084416,0.142569640,0.009519990,0.352239499
17,219,211318720,67,0.649947834,0.142569640,0.009519990,0.616986508
29,219,211318720,67,0.653060652,0.142569640,0.009519990,0.630389507
5,219,211318720,67,0.718380793,0.142569640,0.009519990,0.870441082
18,219,211318720,67,0.732099516,0.142569640,0.009519990,0.911023830
10,219,211318720,67,0.738716440,0.142569640,0.009519990,0.926104747
19,219,211318720,67,0.746438923,0.142569640,0.009519990,0.939008865
23,219,211318720,67,0.763162302,0.142569640,0.009519990,0.956012951
28,219,211318720,67,0.792310803,0.142569640,0.009519990,0.966160502
7,219,211318720,67,1.310946264,0.142569640,0.009519990,0.915056337
16,219,211318720,67,1.418007738,0.142569640,0.009519990,0.999019305
6,219,211318720,67,1.487613998,0.142569640,0.009519990,1.068562641
1,219,211318720,67,1.561970800,0.142569640,0.009519990,1.139735331
26,219,211318720,67,1.634606075,0.142569640,0.009519990,1.163532207
20,219,211318720,67,2.434998311,0.142569640,0.009519990,0.991403951
27,219,211318720,67,2.596488406,0.142569640,0.009519990,1.029785175
30,219,211318720,67,3.071177149,0.142569640,0.009519990,1.034282146
9,219,211318720,67,3.142464176,0.142569640,0.009519990,1.107423371
4,219,211318720,67,3.180562266,0.142569640,0.009519990,1.131667796
15,219,211318720,67,3.305916250,0.142569640,0.009519990,1.230274048
25,219,211318720,67,3.364101969,0.142569640,0.009519990,1.271083205
22,219,211318720,67,3.473540127,0.142569640,0.009519990,1.309032615
3,219,211318720,67,3.672167597,0.142569640,0.009519990,1.340903432
2,219,211318720,67,4.389871284,0.142569640,0.009519990,1.195411010
11,219,211318720,67,4.627239715,0.142569640,0.009519990,1.207389352
21,219,211318720,67,5.503987075,0.142569640,0.009519990,1.015326023
12,219,211318720,67,6.659839580,0.142569640,0.009519990,0.633628117
17,220,211318720,67,0.464248453,0.142569640,0.003182242,0.118409358
13,220,211318720,67,0.512173511,0.142569640,0.003182242,0.206576523
8,220,211318720,67,0.597154173,0.142569640,0.003182242,0.457577965
29,220,211318720,67,0.612244361,0.142569640,0.003182242,0.503133947
28,220,211318720,67,0.643752528,0.142569640,0.003182242,0.576854347
19,220,211318720,67,0.646913733,0.142569640,0.003182242,0.583178276
16,220,211318720,67,0.684555460,0.142569640,0.003182242,0.646046350
6,220,211318720,67,0.716258591,0.142569640,0.003182242,0.677746567
10,220,211318720,67,0.787964203,0.142569640,0.003182242,0.702275587
14,220,211318720,67,1.042013915,0.142569640,0.003182242,0.715083992
4,220,211318720,67,1.192710850,0.142569640,0.003182242,0.829618424
23,220,211318720,67,1.232800641,0.142569640,0.003182242,0.869227882
1,220,211318720,67,1.332269212,0.142569640,0.003182242,0.913931462
24,220,211318720,67,1.456049576,0.142569640,0.003182242,0.985186857
18,220,211318720,67,1.555711472,0.142569640,0.003182242,1.066987331
5,220,211318720,67,1.661255584,0.142569640,0.003182242,1.172495954
7,220,211318720,67,1.663893335,0.142569640,0.003182242,1.173434149
2,220,211318720,67,1.881373407,0.142569640,0.003182242,1.195666416
27,220,211318720,67,2.077190725,0.142569640,0.003182242,1.225635539
3,220,211318720,67,2.273246608,0.142569640,0.003182242,1.254519039
9,220,211318720,67,2.723468952,0.142569640,0.003182242,1.211834816
21,220,211318720,67,2.846889867,0.142569640,0.003182242,1.253666117
22,220,211318720,67,3.241970785,0.142569640,0.003182242,1.219297127
11,220,211318720,67,3.470429786,0.142569640,0.003182242,1.307667387
30,220,211318720,67,3.509916741,0.142569640,0.003182242,1.320505682
25,220,211318720,67,4.111680184,0.142569640,0.003182242,1.219448060
12,220,211318720,67,4.439893053,0.142569640,0.003182242,1.262676193
26,220,211318720,67,4.495166705,0.142569640,0.003182242,1.281015446
20,220,211318720,67,6.368457122,0.142569640,0.003182242,0.760299905
15,220,211318720,67,7.493410167,0.142569640,0.003182242,0.387703697
29,221,211318720,67,0.571428070,0.142569640,0.050395612,0.264519923
14,221,211318720,67,0.601161874,0.142569640,0.050395612,0.393198403
17,221,211318720,67,0.603522989,0.142569640,0.050395612,0.404320622
24,221,211318720,67,0.685199800,0.142569640,0.050395612,0.758473691
8,221,211318720,67,0.689024046,0.142569640,0.050395612,0.772515233
1,221,211318720,67,0.689104765,0.142569640,0.050395612,0.772768776
10,221,211318720,67,0.689468677,0.142569640,0.050395612,0.773647292
6,221,211318720,67,0.716258591,0.142569640,0.050395612,0.818170508
28,221,211318720,67,0.742791378,0.142569640,0.050395612,0.848462275
13,221,211318720,67,0.744979652,0.142569640,0.050395612,0.850695651
23,221,211318720,67,0.880571887,0.142569640,0.050395612,0.898226529
5,221,211318720,67,1.212267588,0.142569640,0.050395612,0.986997963
19,221,211318720,67,1.244064871,0.142569640,0.050395612,1.018936697
30,221,211318720,67,1.316218778,0.142569640,0.050395612,1.043943498
18,221,211318720,67,1.464199032,0.142569640,0.050395612,1.151080788
16,221,211318720,67,1.515801376,0.142569640,0.050395612,1.168039936
7,221,211318720,67,1.663893335,0.142569640,0.050395612,1.212837036
25,221,211318720,67,1.993541907,0.142569640,0.050395612,1.193134153
15,221,211318720,67,2.424338583,0.142569640,0.050395612,1.183969016
2,221,211318720,67,2.508497876,0.142569640,0.050395612,1.232167768
3,221,211318720,67,2.622976855,0.142569640,0.050395612,1.269475269
9,221,211318720,67,2.932966564,0.142569640,0.050395612,1.260971443
22,221,211318720,67,3.705109469,0.142569640,0.050395612,1.126750652
26,221,211318720,67,3.814080841,0.142569640,0.050395612,1.163963684
4,221,211318720,67,4.505796543,0.142569640,0.050395612,1.033290093
12,221,211318720,67,4.843519695,0.142569640,0.050395612,1.017254165
27,221,211318720,67,6.231572174,0.142569640,0.050395612,0.659845304
11,221,211318720,67,6.362454609,0.142569640,0.050395612,0.791749773
20,221,211318720,67,6.368457122,0.142569640,0.050395612,0.793615287
21,221,211318720,67,6.642743022,0.142569640,0.050395612,0.700782286
28,222,211318720,67,0.594233102,0.142569640,0.000127986,0.215621878
13,222,211318720,67,0.605295968,0.142569640,0.000127986,0.234917522
18,222,211318720,67,0.640587077,0.142569640,0.000127986,0.295334052
6,222,211318720,67,0.716258591,0.142569640,0.000127986,0.455650608
19,222,211318720,67,0.746438923,0.142569640,0.000127986,0.512201464
16,222,211318720,67,0.782349097,0.142569640,0.000127986,0.573352173
7,222,211318720,67,0.806736162,0.142569640,0.000127986,0.598138724
23,222,211318720,67,0.880571887,0.142569640,0.000127986,0.623436269
29,222,211318720,67,1.142856141,0.142569640,0.000127986,0.808916848
24,222,211318720,67,1.156274663,0.142569640,0.000127986,0.831615392
14,222,211318720,67,1.202323748,0.142569640,0.000127986,0.878526881
10,222,211318720,67,1.231194067,0.142569640,0.000127986,0.888508476
8,222,211318720,67,1.423983028,0.142569640,0.000127986,0.946529409
5,222,211318720,67,1.526559185,0.142569640,0.000127986,1.050702962
17,222,211318720,67,1.578444740,0.142569640,0.000127986,1.103729103
1,222,211318720,67,1.653851436,0.142569640,0.000127986,1.145899492
26,222,211318720,67,1.770823247,0.142569640,0.000127986,1.185868717
25,222,211318720,67,1.993541907,0.142569640,0.000127986,1.206676805
30,222,211318720,67,2.193697963,0.142569640,0.000127986,1.233385504
21,222,211318720,67,2.467304551,0.142569640,0.000127986,1.302250216
9,222,211318720,67,2.513971340,0.142569640,0.000127986,1.318364815
20,222,211318720,67,2.996920999,0.142569640,0.000127986,1.252640182
12,222,211318720,67,3.229013130,0.142569640,0.000127986,1.289920437
2,222,211318720,67,3.344663835,0.142569640,0.000127986,1.328493470
22,222,211318720,67,3.705109469,0.142569640,0.000127986,1.306848845
27,222,211318720,67,4.154381450,0.142569640,0.000127986,1.252505978
4,222,211318720,67,4.373273115,0.142569640,0.000127986,1.274141624
3,222,211318720,67,5.770549081,0.142569640,0.000127986,0.911885366
15,222,211318720,67,6.832226917,0.142569640,0.000127986,0.652569234
11,222,211318720,67,6.940859573,0.142569640,0.000127986,0.616362776
6,223,211318720,67,0.495871333,0.142569640,0.003167313,0.171781067
24,223,211318720,67,0.556724838,0.142569640,0.003167313,0.321754227
29,223,211318720,67,0.571428070,0.142569640,0.003167313,0.365671916
17,223,211318720,67,0.603522989,0.142569640,0.003167313,0.448614081
19,223,211318720,67,0.646913733,0.142569640,0.003167313,0.579448053
18,223,211318720,67,0.686343296,0.142569640,0.003167313,0.698665987
28,223,211318720,67,0.693271953,0.142569640,0.003167313,0.715179652
8,223,211318720,67,0.734958982,0.142569640,0.003167313,0.783992315
13,223,211318720,67,0.744979652,0.142569640,0.003167313,0.793756219
10,223,211318720,67,0.787964203,0.142569640,0.003167313,0.806596438
7,223,211318720,67,1.310946264,0.142569640,0.003167313,0.789536214
14,223,211318720,67,1.362633581,0.142569640,0.003167313,0.832752901
16,223,211318720,67,1.466904557,0.142569640,0.003167313,0.869655800
1,223,211318720,67,1.607911118,0.142569640,0.003167313,1.025412200
5,223,211318720,67,1.616356784,0.142569640,0.003167313,1.034207544
4,223,211318720,67,1.722804560,0.142569640,0.003167313,1.100290799
23,223,211318720,67,1.819848566,0.142569640,0.003167313,1.132699095
30,223,211318720,67,2.193697963,0.142569640,0.003167313,1.105018533
12,223,211318720,67,3.027199809,0.142569640,0.003167313,1.073024399
21,223,211318720,67,3.036682524,0.142569640,0.003167313,1.088990386
25,223,211318720,67,3.114909230,0.142569640,0.003167313,1.166702575
2,223,211318720,67,3.135622345,0.142569640,0.003167313,1.172660758
15,223,211318720,67,3.526310667,0.142569640,0.003167313,1.138596179
26,223,211318720,67,4.358949532,0.142569640,0.003167313,0.959995519
20,223,211318720,67,4.869996623,0.142569640,0.003167313,0.888104147
9,223,211318720,67,5.446937904,0.142569640,0.003167313,0.789190352
27,223,211318720,67,5.885373720,0.142569640,0.003167313,0.798399023
3,223,211318720,67,5.945414204,0.142569640,0.003167313,0.818546454
22,223,211318720,67,7.873357621,0.142569640,0.003167313,0.279420503
11,223,211318720,67,8.965276948,0.142569640,0.003167313,0.000004764
18,224,211318720,67,0.411805978,0.142569640,0.000893399,0.070292171
14,224,211318720,67,0.521006957,0.142569640,0.000893399,0.252875622
29,224,211318720,67,0.571428070,0.142569640,0.000893399,0.346066153
24,224,211318720,67,0.599549825,0.142569640,0.000893399,0.392939149
17,224,211318720,67,0.603522989,0.142569640,0.000893399,0.396979402
13,224,211318720,67,0.698418424,0.142569640,0.000893399,0.510586866
23,224,211318720,67,0.763162302,0.142569640,0.000893399,0.574532769
19,224,211318720,67,0.796201518,0.142569640,0.000893399,0.585791894
10,224,211318720,67,1.428185117,0.142569640,0.000893399,0.635765569
8,224,211318720,67,1.469917965,0.142569640,0.000893399,0.719924557
1,224,211318720,67,1.470090165,0.142569640,0.000893399,0.720189295
5,224,211318720,67,1.526559185,0.142569640,0.000893399,0.870402281
4,224,211318720,67,1.590281133,0.142569640,0.000893399,1.019280278
16,224,211318720,67,1.613595013,0.142569640,0.000893399,1.058293437
25,224,211318720,67,1.619752800,0.142569640,0.000893399,1.064540351
28,224,211318720,67,1.634141031,0.142569640,0.000893399,1.077261862
7,224,211318720,67,1.764735355,0.142569640,0.000893399,1.141803576
6,224,211318720,67,1.873291701,0.142569640,0.000893399,1.177929138
26,224,211318720,67,2.179474766,0.142569640,0.000893399,1.171803619
27,224,211318720,67,2.423389179,0.142569640,0.000893399,1.221666397
9,224,211318720,67,2.513971340,0.142569640,0.000893399,1.250572999
12,224,211318720,67,2.825386488,0.142569640,0.000893399,1.351197789
21,224,211318720,67,2.846889867,0.142569640,0.000893399,1.372906840
2,224,211318720,67,2.926580856,0.142569640,0.000893399,1.399955296
3,224,211318720,67,3.672167597,0.142569640,0.000893399,1.245464667
20,224,211318720,67,3.933458811,0.142569640,0.000893399,1.253223704
11,224,211318720,67,4.338037233,0.142569640,0.000893399,1.215535125
30,224,211318720,67,4.533642458,0.142569640,0.000893399,1.244559118
15,224,211318720,67,5.069071584,0.142569640,0.000893399,1.158567605
22,224,211318720,67,6.947080254,0.142569640,0.000893399,0.532818147
28,225,211318720,67,0.544713677,0.142569640,0.056995735,0.134048970
24,225,211318720,67,0.642374813,0.142569640,0.056995735,0.380322157
17,225,211318720,67,0.649947834,0.142569640,0.056995735,0.398170326
29,225,211318720,67,0.653060652,0.142569640,0.056995735,0.403359369
5,225,211318720,67,0.673481993,0.142569640,0.056995735,0.423289204
7,225,211318720,67,0.756315152,0.142569640,0.056995735,0.514710163
23,225,211318720,67,0.821867094,0.142569640,0.056995735,0.580920357
6,225,211318720,67,0.881549036,0.142569640,0.056995735,0.601806256
16,225,211318720,67,1.075730008,0.142569640,0.056995735,0.670389193
13,225,211318720,67,1.164030707,0.142569640,0.056995735,0.725100436
14,225,211318720,67,1.282478664,0.142569640,0.056995735,0.842783718
19,225,211318720,67,1.293827466,0.142569640,0.056995735,0.846483925
10,225,211318720,67,1.526680643,0.142569640,0.056995735,1.085235030
18,225,211318720,67,1.555711472,0.142569640,0.056995735,1.132820354
8,225,211318720,67,1.561787837,0.142569640,0.056995735,1.138958507
1,225,211318720,67,1.561970800,0.142569640,0.056995735,1.139026352
25,225,211318720,67,1.744349169,0.142569640,0.056995735,1.171116763
26,225,211318720,67,1.907040420,0.142569640,0.056995735,1.210988587
30,225,211318720,67,2.193697963,0.142569640,0.056995735,1.211475555
3,225,211318720,67,2.622976855,0.142569640,0.056995735,1.227781864
2,225,211318720,67,2.717539366,0.142569640,0.056995735,1.377847306
9,225,211318720,67,2.723468952,0.142569640,0.056995735,1.383733397
22,225,211318720,67,2.778832101,0.142569640,0.056995735,1.401708723
21,225,211318720,67,3.036682524,0.142569640,0.056995735,1.410929643
15,225,211318720,67,3.526310667,0.142569640,0.056995735,1.345859058
4,225,211318720,67,4.108226260,0.142569640,0.056995735,1.247399516
20,225,211318720,67,4.495381498,0.142569640,0.056995735,1.215180926
27,225,211318720,67,5.885373720,0.142569640,0.056995735,0.855291048
12,225,211318720,67,6.458026259,0.142569640,0.056995735,0.761551705
11,225,211318720,67,8.386871984,0.142569640,0.056995735,0.128604898
24,226,211318720,67,0.599549825,0.142569640,0.061886318,0.292327069
17,226,211318720,67,0.603522989,0.142569640,0.061886318,0.307139007
29,226,211318720,67,0.653060652,0.142569640,0.061886318,0.488045457
18,226,211318720,67,0.686343296,0.142569640,0.061886318,0.588305127
13,226,211318720,67,0.698418424,0.142569640,0.061886318,0.616380770
7,226,211318720,67,0.705894142,0.142569640,0.061886318,0.633386559
10,226,211318720,67,0.738716440,0.142569640,0.061886318,0.687804403
19,226,211318720,67,0.746438923,0.142569640,0.061886318,0.695351070
14,226,211318720,67,0.841626623,0.142569640,0.061886318,0.727136652
23,226,211318720,67,1.115391056,0.142569640,0.061886318,0.865985873
25,226,211318720,67,1.121367323,0.142569640,0.061886318,0.871945131
8,226,211318720,67,1.194308346,0.142569640,0.061886318,0.951326555
28,226,211318720,67,1.287505055,0.142569640,0.061886318,1.045468781
5,226,211318720,67,1.302065187,0.142569640,0.061886318,1.050837768
1,226,211318720,67,1.561970800,0.142569640,0.061886318,1.106899162
26,226,211318720,67,1.634606075,0.142569640,0.061886318,1.131467142
16,226,211318720,67,1.858079106,0.142569640,0.061886318,1.164200615
4,226,211318720,67,1.987851416,0.142569640,0.061886318,1.268752351
6,226,211318720,67,2.038582145,0.142569640,0.061886318,1.284726195
30,226,211318720,67,2.339944494,0.142569640,0.061886318,1.392481042
12,226,211318720,67,2.421759847,0.142569640,0.061886318,1.530236304
27,226,211318720,67,2.423389179,0.142569640,0.061886318,1.531633618
20,226,211318720,67,2.434998311,0.142569640,0.061886318,1.535397580
22,226,211318720,67,3.241970785,0.142569640,0.061886318,1.361059430
3,226,211318720,67,4.196762968,0.142569640,0.061886318,1.137981210
2,226,211318720,67,5.226037242,0.142569640,0.061886318,1.033205627
9,226,211318720,67,5.237440293,0.142569640,0.061886318,1.044416334
15,226,211318720,67,5.289466000,0.142569640,0.061886318,1.062705874
21,226,211318720,67,6.452950364,0.142569640,0.061886318,0.772635728
11,226,211318720,67,6.940859573,0.142569640,0.061886318,0.612566635
10,227,211318720,67,0.590973152,0.142569640,0.110691406,0.393808342
18,227,211318720,67,0.594830857,0.142569640,0.110691406,0.408109388
24,227,211318720,67,0.599549825,0.142569640,0.110691406,0.422389761
14,227,211318720,67,0.641239332,0.142569640,0.110691406,0.545090970
28,227,211318720,67,0.643752528,0.142569640,0.110691406,0.551060250
16,227,211318720,67,0.684555460,0.142569640,0.110691406,0.620181736
5,227,211318720,67,0.718380793,0.142569640,0.110691406,0.654529363
19,227,211318720,67,0.746438923,0.142569640,0.110691406,0.663974659
8,227,211318720,67,0.964633664,0.142569640,0.110691406,0.771986973
29,227,211318720,67,0.979590978,0.142569640,0.110691406,0.777181218
23,227,211318720,67,1.232800641,0.142569640,0.110691406,0.906521540
13,227,211318720,67,1.257153163,0.142569640,0.110691406,0.931069440
7,227,211318720,67,1.310946264,0.142569640,0.110691406,0.949191032
17,227,211318720,67,1.485595049,0.142569640,0.110691406,1.076288909
25,227,211318720,67,1.495156430,0.142569640,0.110691406,1.079447477
1,227,211318720,67,1.699791753,0.142569640,0.110691406,1.152918315
26,227,211318720,67,1.770823247,0.142569640,0.110691406,1.183486833
27,227,211318720,67,1.904091498,0.142569640,0.110691406,1.311313495
6,227,211318720,67,1.983485330,0.142569640,0.110691406,1.390163617
4,227,211318720,67,1.987851416,0.142569640,0.110691406,1.391546203
20,227,211318720,67,2.434998311,0.142569640,0.110691406,1.339339347
22,227,211318720,67,2.778832101,0.142569640,0.110691406,1.319883046
21,227,211318720,67,3.036682524,0.142569640,0.110691406,1.357060057
2,227,211318720,67,3.135622345,0.142569640,0.110691406,1.390682984
15,227,211318720,67,3.305916250,0.142569640,0.110691406,1.429579308
3,227,211318720,67,3.672167597,0.142569640,0.110691406,1.405421758
11,227,211318720,67,4.048834751,0.142569640,0.110691406,1.374379649
12,227,211318720,67,4.238079733,0.142569640,0.110691406,1.407851001
9,227,211318720,67,5.027942681,0.142569640,0.110691406,1.243450257
30,227,211318720,67,5.118628581,0.142569640,0.110691406,1.213224665
28,228,211318720,67,0.445674827,0.142569640,0.006100172,0.211401093
5,228,211318720,67,0.493886795,0.142569640,0.006100172,0.362834601
17,228,211318720,67,0.510673298,0.142569640,0.006100172,0.413322717
24,228,211318720,67,0.513899850,0.142569640,0.006100172,0.420672112
1,228,211318720,67,0.597224130,0.142569640,0.006100172,0.564242648
14,228,211318720,67,0.601161874,0.142569640,0.006100172,0.570810920
13,228,211318720,67,0.605295968,0.142569640,0.006100172,0.575159856
8,228,211318720,67,0.734958982,0.142569640,0.006100172,0.688444904
6,228,211318720,67,0.771355406,0.142569640,0.006100172,0.700596219
23,228,211318720,67,0.939276679,0.142569640,0.006100172,0.790827912
7,228,211318720,67,1.008420203,0.142569640,0.006100172,0.813201199
26,228,211318720,67,1.225954556,0.142569640,0.006100172,0.949275652
19,228,211318720,67,1.244064871,0.142569640,0.006100172,0.967642643
18,228,211318720,67,1.326930373,0.142569640,0.006100172,0.995263694
10,228,211318720,67,1.526680643,0.142569640,0.006100172,1.156703614
29,228,211318720,67,1.551019048,0.142569640,0.006100172,1.181268670
4,228,211318720,67,1.590281133,0.142569640,0.006100172,1.195249699
16,228,211318720,67,1.809182287,0.142569640,0.006100172,1.217439870
30,228,211318720,67,2.193697963,0.142569640,0.006100172,1.187015605
27,228,211318720,67,2.423389179,0.142569640,0.006100172,1.203198742
12,228,211318720,67,2.825386488,0.142569640,0.006100172,1.165109836
22,228,211318720,67,3.010401443,0.142569640,0.006100172,1.209151637
2,228,211318720,67,3.135622345,0.142569640,0.006100172,1.251927078
15,228,211318720,67,3.305916250,0.142569640,0.006100172,1.356389381
9,228,211318720,67,3.351961787,0.142569640,0.006100172,1.372198772
11,228,211318720,67,4.338037233,0.142569640,0.006100172,1.222622447
25,228,211318720,67,4.360872922,0.142569640,0.006100172,1.230030721
3,228,211318720,67,4.721358339,0.142569640,0.006100172,1.209143164
20,228,211318720,67,5.431919310,0.142569640,0.006100172,1.072369380
21,228,211318720,67,6.452950364,0.142569640,0.006100172,0.738830062
1,229,211318720,67,0.459403177,0.142569640,0.071706973,0.079196855
24,229,211318720,67,0.556724838,0.142569640,0.071706973,0.258796077
17,229,211318720,67,0.603522989,0.142569640,0.071706973,0.373097791
29,229,211318720,67,0.612244361,0.142569640,0.071706973,0.393588970
5,229,211318720,67,0.673481993,0.142569640,0.071706973,0.501652512
8,229,211318720,67,0.689024046,0.142569640,0.071706973,0.527597738
10,229,211318720,67,0.738716440,0.142569640,0.071706973,0.578153501
7,229,211318720,67,0.806736162,0.142569640,0.071706973,0.645983204
23,229,211318720,67,0.880571887,0.142569640,0.071706973,0.671356557
26,229,211318720,67,1.225954556,0.142569640,0.071706973,0.683108847
6,229,211318720,67,1.322323553,0.142569640,0.071706973,0.855549930
28,229,211318720,67,1.386543905,0.142569640,0.071706973,1.005751806
14,229,211318720,67,1.402711039,0.142569640,0.071706973,1.032045622
18,229,211318720,67,1.418442813,0.142569640,0.071706973,1.047762127
13,229,211318720,67,1.443398076,0.142569640,0.071706973,1.056252405
19,229,211318720,67,1.642165630,0.142569640,0.071706973,1.127350163
4,229,211318720,67,1.722804560,0.142569640,0.071706973,1.159885722
16,229,211318720,67,1.858079106,0.142569640,0.071706973,1.295218069
20,229,211318720,67,1.873075624,0.142569640,0.071706973,1.310356276
25,229,211318720,67,1.993541907,0.142569640,0.071706973,1.350552401
27,229,211318720,67,2.423389179,0.142569640,0.071706973,1.304456917
3,229,211318720,67,2.622976855,0.142569640,0.071706973,1.358803972
9,229,211318720,67,2.723468952,0.142569640,0.071706973,1.393432381
2,229,211318720,67,3.135622345,0.142569640,0.071706973,1.351672581
30,229,211318720,67,4.533642458,0.142569640,0.071706973,0.993433827
12,229,211318720,67,5.852586298,0.142569640,0.071706973,0.656693855
21,229,211318720,67,6.832535680,0.142569640,0.071706973,0.453579285
11,229,211318720,67,6.940859573,0.142569640,0.071706973,0.488843778
15,229,211318720,67,7.493410167,0.142569640,0.071706973,0.400692521
22,229,211318720,67,8.799634988,0.142569640,0.071706973,0.000004764
29,230,211318720,67,0.408162907,0.142569640,0.053624261,0.050073570
6,230,211318720,67,0.550968147,0.142569640,0.053624261,0.259848454
1,230,211318720,67,0.597224130,0.142569640,0.053624261,0.403108308
14,230,211318720,67,0.601161874,0.142569640,0.053624261,0.414972091
24,230,211318720,67,0.642374813,0.142569640,0.053624261,0.511126958
8,230,211318720,67,0.689024046,0.142569640,0.053624261,0.588245170
7,230,211318720,67,0.705894142,0.142569640,0.053624261,0.604851726
5,230,211318720,67,0.718380793,0.142569640,0.053624261,0.608808759
23,230,211318720,67,0.939276679,0.142569640,0.053624261,0.663027460
19,230,211318720,67,1.045014492,0.142569640,0.053624261,0.767934301
13,230,211318720,67,1.070908250,0.142569640,0.053624261,0.776135830
10,230,211318720,67,1.231194067,0.142569640,0.053624261,0.842319581
28,230,211318720,67,1.337024480,0.142569640,0.053624261,0.879026336
17,230,211318720,67,1.578444740,0.142569640,0.053624261,0.931391048
16,230,211318720,67,1.662491831,0.142569640,0.053624261,1.004874507
18,230,211318720,67,1.738736351,0.142569640,0.053624261,1.037917261
25,230,211318720,67,1.868945538,0.142569640,0.053624261,1.080825020
30,230,211318720,67,2.047451433,0.142569640,0.053624261,1.164988758
4,230,211318720,67,2.120374844,0.142569640,0.053624261,1.189275235
3,230,211318720,67,2.273246608,0.142569640,0.053624261,1.326925164
21,230,211318720,67,2.277511893,0.142569640,0.053624261,1.328254320
22,230,211318720,67,2.547262760,0.142569640,0.053624261,1.396127544
27,230,211318720,67,2.596488406,0.142569640,0.053624261,1.412420807
12,230,211318720,67,3.027199809,0.142569640,0.053624261,1.362701956
15,230,211318720,67,3.305916250,0.142569640,0.053624261,1.430569422
9,230,211318720,67,3.351961787,0.142569640,0.053624261,1.445886279
26,230,211318720,67,4.358949532,0.142569640,0.053624261,1.208965337
20,230,211318720,67,5.057304185,0.142569640,0.053624261,1.074219563
2,230,211318720,67,6.271244691,0.142569640,0.053624261,0.767206031
11,230,211318720,67,9.254479431,0.142569640,0.053624261,0.000004764
14,231,211318720,67,0.521006957,0.142569640,0.010016285,0.206195403
28,231,211318720,67,0.544713677,0.142569640,0.010016285,0.271444854
10,231,211318720,67,0.590973152,0.142569640,0.010016285,0.451437653
16,231,211318720,67,0.635658641,0.142569640,0.010016285,0.638435216
19,231,211318720,67,0.646913733,0.142569640,0.010016285,0.679381661
5,231,211318720,67,0.673481993,0.142569640,0.010016285,0.759152223
18,231,211318720,67,0.686343296,0.142569640,0.010016285,0.788920695
8,231,211318720,67,0.689024046,0.142569640,0.010016285,0.793439840
6,231,211318720,67,0.716258591,0.142569640,0.010016285,0.820328173
17,231,211318720,67,0.742797525,0.142569640,0.010016285,0.829350451
29,231,211318720,67,1.020407269,0.142569640,0.010016285,0.874105559
1,231,211318720,67,1.102567624,0.142569640,0.010016285,0.924792543
13,231,211318720,67,1.210591935,0.142569640,0.010016285,0.984144371
30,231,211318720,67,1.316218778,0.142569640,0.010016285,1.108118936
25,231,211318720,67,1.370560061,0.142569640,0.010016285,1.163018187
24,231,211318720,67,1.413224588,0.142569640,0.010016285,1.177686206
7,231,211318720,67,1.563051315,0.142569640,0.010016285,1.224131361
15,231,211318720,67,1.983549750,0.142569640,0.010016285,1.183246184
4,231,211318720,67,2.120374844,0.142569640,0.010016285,1.299233451
23,231,211318720,67,2.172077320,0.142569640,0.010016285,1.351418556
20,231,211318720,67,2.247690749,0.142569640,0.010016285,1.376833536
12,231,211318720,67,2.421759847,0.142569640,0.010016285,1.479885822
21,231,211318720,67,2.467304551,0.142569640,0.010016285,1.495641070
3,231,211318720,67,2.622976855,0.142569640,0.010016285,1.538633962
2,231,211318720,67,2.926580856,0.142569640,0.010016285,1.532411237
11,231,211318720,67,3.759632269,0.142569640,0.010016285,1.354666367
26,231,211318720,67,4.222732359,0.142569640,0.010016285,1.298019796
22,231,211318720,67,4.862956178,0.142569640,0.010016285,1.179731270
9,231,211318720,67,5.027942681,0.142569640,0.010016285,1.219928717
27,231,211318720,67,5.712274493,0.142569640,0.010016285,0.990005930
23,232,211318720,67,0.587047924,0.142569640,0.010155461,0.361838263
29,232,211318720,67,0.612244361,0.142569640,0.010155461,0.453999435
16,232,211318720,67,0.635658641,0.142569640,0.010155461,0.538999417
24,232,211318720,67,0.642374813,0.142569640,0.010155461,0.558895509
28,232,211318720,67,0.643752528,0.142569640,0.010155461,0.562219597
18,232,211318720,67,0.686343296,0.142569640,0.010155461,0.633498438
1,232,211318720,67,0.689104765,0.142569640,0.010155461,0.636438940
7,232,211318720,67,0.756315152,0.142569640,0.010155461,0.667066212
13,232,211318720,67,0.884663337,0.142569640,0.010155461,0.711108023
17,232,211318720,67,1.067771442,0.142569640,0.010155461,0.873250157
5,232,211318720,67,1.122469989,0.142569640,0.010155461,0.964850118
6,232,211318720,67,1.157033109,0.142569640,0.010155461,1.000112199
14,232,211318720,67,1.162246289,0.142569640,0.010155461,1.001659584
19,232,211318720,67,1.393352656,0.142569640,0.010155461,1.021133383
8,232,211318720,67,1.653657710,0.142569640,0.010155461,1.111503456
10,232,211318720,67,1.674423931,0.142569640,0.010155461,1.118746728
25,232,211318720,67,1.868945538,0.142569640,0.010155461,1.148993791
30,232,211318720,67,2.193697963,0.142569640,0.010155461,1.138662452
20,232,211318720,67,2.622305874,0.142569640,0.010155461,1.093529316
15,232,211318720,67,2.865127417,0.142569640,0.010155461,1.109226923
2,232,211318720,67,3.344663835,0.142569640,0.010155461,1.155803746
9,232,211318720,67,3.351961787,0.142569640,0.010155461,1.167943303
11,232,211318720,67,3.470429786,0.142569640,0.010155461,1.287271312
22,232,211318720,67,3.473540127,0.142569640,0.010155461,1.288496836
4,232,211318720,67,4.240749687,0.142569640,0.010155461,1.126885923
3,232,211318720,67,4.546493215,0.142569640,0.010155461,1.160901147
26,232,211318720,67,4.631383878,0.142569640,0.010155461,1.189744543
21,232,211318720,67,5.124401760,0.142569640,0.010155461,1.131513962
12,232,211318720,67,5.247146336,0.142569640,0.010155461,1.172086888
27,232,211318720,67,5.885373720,0.142569640,0.010155461,0.959193302
6,233,211318720,67,0.495871333,0.142569640,0.075846687,0.208150814
28,233,211318720,67,0.544713677,0.142569640,0.075846687,0.381027231
1,233,211318720,67,0.551283812,0.142569640,0.075846687,0.405761346
17,233,211318720,67,0.603522989,0.142569640,0.075846687,0.581546800
29,233,211318720,67,0.612244361,0.142569640,0.075846687,0.613393363
8,233,211318720,67,0.643089109,0.142569640,0.075846687,0.707944822
23,233,211318720,67,0.645752717,0.142569640,0.075846687,0.716094191
24,233,211318720,67,0.685199800,0.142569640,0.075846687,0.807704420
5,233,211318720,67,0.718380793,0.142569640,0.075846687,0.863494702
19,233,211318720,67,0.746438923,0.142569640,0.075846687,0.891456917
16,233,211318720,67,0.782349097,0.142569640,0.075846687,0.903582175
7,233,211318720,67,1.210104244,0.142569640,0.075846687,0.944967481
10,233,211318720,67,1.280441829,0.142569640,0.075846687,1.060931306
14,233,211318720,67,1.322556122,0.142569640,0.075846687,1.104508810
18,233,211318720,67,1.326930373,0.142569640,0.075846687,1.105604742
25,233,211318720,67,1.495156430,0.142569640,0.075846687,1.149174277
13,233,211318720,67,1.629642990,0.142569640,0.075846687,1.235610351
21,233,211318720,67,1.708133920,0.142569640,0.075846687,1.262036118
9,233,211318720,67,2.094976117,0.142569640,0.075846687,1.251911498
15,233,211318720,67,2.203944167,0.142569640,0.075846687,1.289406494
27,233,211318720,67,2.423389179,0.142569640,0.075846687,1.311609774
26,233,211318720,67,2.588126285,0.142569640,0.075846687,1.426304139
3,233,211318720,67,2.622976855,0.142569640,0.075846687,1.437736788
4,233,211318720,67,2.782991982,0.142569640,0.075846687,1.478906959
2,233,211318720,67,3.135622345,0.142569640,0.075846687,1.457286506
12,233,211318720,67,4.036266412,0.142569640,0.075846687,1.402233543
11,233,211318720,67,4.048834751,0.142569640,0.075846687,1.414172886
30,233,211318720,67,4.094902865,0.142569640,0.075846687,1.429501534
22,233,211318720,67,4.862956178,0.142569640,0.075846687,1.265918343
20,233,211318720,67,5.806534435,0.142569640,0.075846687,0.954887146
28,234,211318720,67,0.445674827,0.142569640,0.062663503,0.046913331
1,234,211318720,67,0.597224130,0.142569640,0.062663503,0.446472824
10,234,211318720,67,0.640220915,0.142569640,0.062663503,0.632022259
24,234,211318720,67,0.642374813,0.142569640,0.062663503,0.640064487
19,234,211318720,67,0.646913733,0.142569640,0.062663503,0.653665512
7,234,211318720,67,0.655473132,0.142569640,0.062663503,0.673954252
5,234,211318720,67,0.673481993,0.142569640,0.062663503,0.703985882
18,234,211318720,67,0.686343296,0.142569640,0.062663503,0.717038098
13,234,211318720,67,0.698418424,0.142569640,0.062663503,0.721092577
23,234,211318720,67,0.880571887,0.142569640,0.062663503,0.755260196
14,234,211318720,67,1.162246289,0.142569640,0.062663503,0.823393287
17,234,211318720,67,1.207045977,0.142569640,0.062663503,0.854878187
4,234,211318720,67,1.325234277,0.142569640,0.062663503,1.009233788
29,234,211318720,67,1.387753885,0.142569640,0.062663503,1.112201860
16,234,211318720,67,1.418007738,0.142569640,0.062663503,1.142622332
8,234,211318720,67,1.423983028,0.142569640,0.062663503,1.144669286
6,234,211318720,67,1.818194886,0.142569640,0.062663503,1.110601150
25,234,211318720,67,1.993541907,0.142569640,0.062663503,1.209386364
26,234,211318720,67,2.043257593,0.142569640,0.062663503,1.225662114
3,234,211318720,67,2.622976855,0.142569640,0.062663503,1.203255363
21,234,211318720,67,2.657097209,0.142569640,0.062663503,1.235181522
27,234,211318720,67,2.769587633,0.142569640,0.062663503,1.343077063
20,234,211318720,67,2.809613436,0.142569640,0.062663503,1.357000307
9,234,211318720,67,3.142464176,0.142569640,0.062663503,1.338589856
15,234,211318720,67,3.305916250,0.142569640,0.062663503,1.379770020
22,234,211318720,67,3.473540127,0.142569640,0.062663503,1.487861347
30,234,211318720,67,3.509916741,0.142569640,0.062663503,1.500190381
12,234,211318720,67,5.448959656,0.142569640,0.062663503,0.954882760
11,234,211318720,67,7.230062055,0.142569640,0.062663503,0.457266950
2,234,211318720,67,7.316452139,0.142569640,0.062663503,0.428471189
29,235,211318720,67,0.530611780,0.142569640,0.163464785,0.181131105
18,235,211318720,67,0.594830857,0.142569640,0.163464785,0.395092904
19,235,211318720,67,0.597151138,0.142569640,0.163464785,0.404348241
5,235,211318720,67,0.628583194,0.142569640,0.163464785,0.520439861
24,235,211318720,67,0.685199800,0.142569640,0.163464785,0.691698931
28,235,211318720,67,0.693271953,0.142569640,0.163464785,0.716003238
23,235,211318720,67,0.704457509,0.142569640,0.163464785,0.742129778
7,235,211318720,67,0.705894142,0.142569640,0.163464785,0.744488655
10,235,211318720,67,0.738716440,0.142569640,0.163464785,0.777923029
6,235,211318720,67,0.826452221,0.142569640,0.163464785,0.810124300
1,235,211318720,67,0.964746671,0.142569640,0.163464785,0.856707949
13,235,211318720,67,1.210591935,0.142569640,0.163464785,0.891345337
14,235,211318720,67,1.322556122,0.142569640,0.163464785,0.987487556
8,235,211318720,67,1.378048092,0.142569640,0.163464785,1.006264114
17,235,211318720,67,1.532019894,0.142569640,0.163464785,1.052170372
16,235,211318720,67,1.711388650,0.142569640,0.163464785,1.089420213
2,235,211318720,67,1.881373407,0.142569640,0.163464785,1.150439494
25,235,211318720,67,1.993541907,0.142569640,0.163464785,1.276408184
26,235,211318720,67,2.043257593,0.142569640,0.163464785,1.326334067
3,235,211318720,67,2.098381484,0.142569640,0.163464785,1.345182025
21,235,211318720,67,2.277511893,0.142569640,0.163464785,1.380258621
27,235,211318720,67,2.596488406,0.142569640,0.163464785,1.427732144
4,235,211318720,67,2.650468555,0.142569640,0.163464785,1.444693603
9,235,211318720,67,3.142464176,0.142569640,0.163464785,1.379661093
22,235,211318720,67,3.473540127,0.142569640,0.163464785,1.437188172
30,235,211318720,67,3.509916741,0.142569640,0.163464785,1.450132676
20,235,211318720,67,4.869996623,0.142569640,0.163464785,1.095589405
12,235,211318720,67,5.852586298,0.142569640,0.163464785,0.866636787
15,235,211318720,67,7.493410167,0.142569640,0.163464785,0.412219468
11,235,211318720,67,9.832884395,0.142569640,0.163464785,0.000004764
8,236,211318720,67,0.551219237,0.142569640,0.110772811,0.218200991
14,236,211318720,67,0.601161874,0.142569640,0.110772811,0.379452408
18,236,211318720,67,0.640587077,0.142569640,0.110772811,0.574486562
23,236,211318720,67,0.645752717,0.142569640,0.110772811,0.596736589
29,236,211318720,67,0.653060652,0.142569640,0.110772811,0.623422290
5,236,211318720,67,0.673481993,0.142569640,0.110772811,0.684802296
16,236,211318720,67,0.733452279,0.142569640,0.110772811,0.824945161
10,236,211318720,67,0.738716440,0.142569640,0.110772811,0.833382828
13,236,211318720,67,0.744979652,0.142569640,0.110772811,0.839316697
19,236,211318720,67,0.746438923,0.142569640,0.110772811,0.839913299
7,236,211318720,67,0.957999193,0.142569640,0.110772811,0.956134446
1,236,211318720,67,0.964746671,0.142569640,0.110772811,0.958429610
17,236,211318720,67,1.346320513,0.142569640,0.110772811,0.928654394
24,236,211318720,67,1.584524539,0.142569640,0.110772811,1.104561311
28,236,211318720,67,1.584621606,0.142569640,0.110772811,1.104735603
26,236,211318720,67,1.634606075,0.142569640,0.110772811,1.155453650
4,236,211318720,67,1.722804560,0.142569640,0.110772811,1.185410509
6,236,211318720,67,1.873291701,0.142569640,0.110772811,1.231655567
27,236,211318720,67,2.596488406,0.142569640,0.110772811,1.244781422
20,236,211318720,67,2.622305874,0.142569640,0.110772811,1.271278620
3,236,211318720,67,2.622976855,0.142569640,0.110772811,1.271489655
21,236,211318720,67,3.036682524,0.142569640,0.110772811,1.258853204
2,236,211318720,67,3.135622345,0.142569640,0.110772811,1.318680228
25,236,211318720,67,3.239505599,0.142569640,0.110772811,1.353483554
11,236,211318720,67,4.338037233,0.142569640,0.110772811,1.086443036
30,236,211318720,67,4.826135520,0.142569640,0.110772811,1.021554041
9,236,211318720,67,5.865933128,0.142569640,0.110772811,0.773621273
12,236,211318720,67,6.861652901,0.142569640,0.110772811,0.541878434
22,236,211318720,67,7.178649595,0.142569640,0.110772811,0.531479987
15,236,211318720,67,7.493410167,0.142569640,0.110772811,0.427342916
1,237,211318720,67,0.459403177,0.142569640,0.030608587,0.183657952
14,237,211318720,67,0.521006957,0.142569640,0.030608587,0.285225535
29,237,211318720,67,0.530611780,0.142569640,0.030608587,0.294679408
18,237,211318720,67,0.549074637,0.142569640,0.030608587,0.302947971
8,237,211318720,67,0.689024046,0.142569640,0.030608587,0.685239635
13,237,211318720,67,0.698418424,0.142569640,0.030608587,0.714006474
5,237,211318720,67,0.718380793,0.142569640,0.030608587,0.760157066
10,237,211318720,67,0.738716440,0.142569640,0.030608587,0.794400300
17,237,211318720,67,0.742797525,0.142569640,0.030608587,0.801090338
7,237,211318720,67,0.756315152,0.142569640,0.030608587,0.814663009
6,237,211318720,67,0.881549036,0.142569640,0.030608587,0.939800724
24,237,211318720,67,0.899324738,0.142569640,0.030608587,0.945261807
16,237,211318720,67,1.173523646,0.142569640,0.030608587,1.087069041
4,237,211318720,67,1.192710850,0.142569640,0.030608587,1.106361942
23,237,211318720,67,1.232800641,0.142569640,0.030608587,1.139310617
19,237,211318720,67,1.343590061,0.142569640,0.030608587,1.177644936
26,237,211318720,67,1.770823247,0.142569640,0.030608587,1.220314405
28,237,211318720,67,1.832218732,0.142569640,0.030608587,1.358057000
25,237,211318720,67,1.868945538,0.142569640,0.030608587,1.419023863
30,237,211318720,67,1.901204902,0.142569640,0.030608587,1.451891219
3,237,211318720,67,1.923516360,0.142569640,0.030608587,1.459906042
11,237,211318720,67,2.602822340,0.142569640,0.030608587,1.329437084
27,237,211318720,67,2.769587633,0.142569640,0.030608587,1.368781973
2,237,211318720,67,2.926580856,0.142569640,0.030608587,1.451689077
22,237,211318720,67,3.010401443,0.142569640,0.030608587,1.481911234
15,237,211318720,67,3.305916250,0.142569640,0.030608587,1.482257871
9,237,211318720,67,4.818445069,0.142569640,0.030608587,1.079510068
20,237,211318720,67,6.181149560,0.142569640,0.030608587,0.768815515
21,237,211318720,67,6.263157706,0.142569640,0.030608587,0.797063076
12,237,211318720,67,6.861652901,0.142569640,0.030608587,0.597707647
14,238,211318720,67,0.360697124,0.142569640,0.011429831,0.047121712
16,238,211318720,67,0.537865004,0.142569640,0.011429831,0.398694222
29,238,211318720,67,0.571428070,0.142569640,0.011429831,0.580497765
8,238,211318720,67,0.597154173,0.142569640,0.011429831,0.726305162
7,238,211318720,67,0.605052122,0.142569640,0.011429831,0.765723501
13,238,211318720,67,0.605295968,0.142569640,0.011429831,0.766786948
5,238,211318720,67,0.628583194,0.142569640,0.011429831,0.852666667
10,238,211318720,67,0.640220915,0.142569640,0.011429831,0.895327858
24,238,211318720,67,0.642374813,0.142569640,0.011429831,0.901713261
18,238,211318720,67,0.686343296,0.142569640,0.011429831,1.027953329
17,238,211318720,67,0.696372679,0.142569640,0.011429831,1.050778549
23,238,211318720,67,0.704457509,0.142569640,0.011429831,1.064360039
6,238,211318720,67,0.771355406,0.142569640,0.011429831,1.132061501
28,238,211318720,67,0.792310803,0.142569640,0.011429831,1.148897085
1,238,211318720,67,0.918806353,0.142569640,0.011429831,1.202785310
19,238,211318720,67,1.045014492,0.142569640,0.011429831,1.245461575
30,238,211318720,67,1.316218778,0.142569640,0.011429831,1.252662929
12,238,211318720,67,2.018133206,0.142569640,0.011429831,1.113511588
27,238,211318720,67,2.423389179,0.142569640,0.011429831,1.161343140
20,238,211318720,67,2.434998311,0.142569640,0.011429831,1.164626853
3,238,211318720,67,2.622976855,0.142569640,0.011429831,1.198340714
4,238,211318720,67,2.782991982,0.142569640,0.011429831,1.333515606
21,238,211318720,67,2.846889867,0.142569640,0.011429831,1.398300817
15,238,211318720,67,2.865127417,0.142569640,0.011429831,1.404825008
25,238,211318720,67,3.862487445,0.142569640,0.011429831,1.172284243
11,238,211318720,67,4.048834751,0.142569640,0.011429831,1.207661918
26,238,211318720,67,4.495166705,0.142569640,0.011429831,1.156108654
2,238,211318720,67,5.016995753,0.142569640,0.011429831,1.080673051
9,238,211318720,67,6.913421186,0.142569640,0.011429831,0.545936255
22,238,211318720,67,7.641788279,0.142569640,0.011429831,0.303399431
5,239,211318720,67,0.493886795,0.142569640,0.023802912,0.250847908
13,239,211318720,67,0.512173511,0.142569640,0.023802912,0.301463615
14,239,211318720,67,0.521006957,0.142569640,0.023802912,0.322235121
1,239,211318720,67,0.597224130,0.142569640,0.023802912,0.546779225
29,239,211318720,67,0.612244361,0.142569640,0.023802912,0.591654428
8,239,211318720,67,0.643089109,0.142569640,0.023802912,0.662985830
18,239,211318720,67,0.686343296,0.142569640,0.023802912,0.757298680
10,239,211318720,67,0.689468677,0.142569640,0.023802912,0.762690224
17,239,211318720,67,0.696372679,0.142569640,0.023802912,0.769873580
19,239,211318720,67,0.796201518,0.142569640,0.023802912,0.803358312
24,239,211318720,67,0.984974713,0.142569640,0.023802912,0.852483451
6,239,211318720,67,1.101936295,0.142569640,0.023802912,0.892394448
25,239,211318720,67,1.245963692,0.142569640,0.023802912,0.942412245
16,239,211318720,67,1.466904557,0.142569640,0.023802912,0.958818993
28,239,211318720,67,1.634141031,0.142569640,0.023802912,1.119540022
7,239,211318720,67,1.663893335,0.142569640,0.023802912,1.149948575
21,239,211318720,67,1.708133920,0.142569640,0.023802912,1.186041087
23,239,211318720,67,1.819848566,0.142569640,0.023802912,1.263151035
30,239,211318720,67,1.901204902,0.142569640,0.023802912,1.291423602
4,239,211318720,67,2.120374844,0.142569640,0.023802912,1.314906895
3,239,211318720,67,2.273246608,0.142569640,0.023802912,1.361081057
20,239,211318720,67,2.809613436,0.142569640,0.023802912,1.360031545
12,239,211318720,67,2.825386488,0.142569640,0.023802912,1.365956174
2,239,211318720,67,3.344663835,0.142569640,0.023802912,1.286412578
26,239,211318720,67,4.222732359,0.142569640,0.023802912,1.089451762
11,239,211318720,67,4.627239715,0.142569640,0.023802912,1.050471960
22,239,211318720,67,5.557664203,0.142569640,0.023802912,0.836594229
27,239,211318720,67,5.712274493,0.142569640,0.023802912,0.881662792
15,239,211318720,67,7.273015750,0.142569640,0.023802912,0.470027788
9,239,211318720,67,7.332416410,0.142569640,0.023802912,0.450232136
1,240,211318720,67,0.459403177,0.142569640,0.046884716,0.057304268
23,240,211318720,67,0.587047924,0.142569640,0.046884716,0.295324913
14,240,211318720,67,0.641239332,0.142569640,0.046884716,0.485799117
28,240,211318720,67,0.643752528,0.142569640,0.046884716,0.493372245
16,240,211318720,67,0.684555460,0.142569640,0.046884716,0.635523752
8,240,211318720,67,0.689024046,0.142569640,0.046884716,0.648993941
13,240,211318720,67,0.698418424,0.142569640,0.046884716,0.671272281
17,240,211318720,67,0.742797525,0.142569640,0.046884716,0.746407467
10,240,211318720,67,0.787964203,0.142569640,0.046884716,0.791518048
19,240,211318720,67,0.796201518,0.142569640,0.046884716,0.793961447
24,240,211318720,67,1.027799701,0.142569640,0.046884716,0.831627832
29,240,211318720,67,1.142856141,0.142569640,0.046884716,0.869322679
6,240,211318720,67,1.322323553,0.142569640,0.046884716,0.993257337
7,240,211318720,67,1.361367274,0.142569640,0.046884716,1.031257719
5,240,211318720,67,1.436761586,0.142569640,0.046884716,1.103255047
18,240,211318720,67,1.509955252,0.142569640,0.046884716,1.127309797
4,240,211318720,67,1.855327988,0.142569640,0.046884716,1.172611238
30,240,211318720,67,1.901204902,0.142569640,0.046884716,1.188506341
20,240,211318720,67,2.060383187,0.142569640,0.046884716,1.229845387
27,240,211318720,67,2.250289952,0.142569640,0.046884716,1.261772373
25,240,211318720,67,2.616523753,0.142569640,0.046884716,1.352398684
3,240,211318720,67,2.622976855,0.142569640,0.046884716,1.359154148
2,240,211318720,67,2.717539366,0.142569640,0.046884716,1.391176856
12,240,211318720,67,3.027199809,0.142569640,0.046884716,1.384785744
15,240,211318720,67,3.526310667,0.142569640,0.046884716,1.318464052
11,240,211318720,67,3.759632269,0.142569640,0.046884716,1.337134508
26,240,211318720,67,4.495166705,0.142569640,0.046884716,1.189787451
21,240,211318720,67,6.452950364,0.142569640,0.046884716,0.637034666
9,240,211318720,67,6.703923575,0.142569640,0.046884716,0.649625746
22,240,211318720,67,7.641788279,0.142569640,0.046884716,0.337213777
23,241,211318720,67,0.528343132,0.142569640,0.058067121,0.103916535
14,241,211318720,67,0.641239332,0.142569640,0.058067121,0.472296566
24,241,211318720,67,0.642374813,0.142569640,0.058067121,0.477997374
8,241,211318720,67,0.643089109,0.142569640,0.058067121,0.481159804
19,241,211318720,67,0.696676328,0.142569640,0.058067121,0.712045121
16,241,211318720,67,0.733452279,0.142569640,0.058067121,0.846863207
28,241,211318720,67,0.742791378,0.142569640,0.058067121,0.875444159
17,241,211318720,67,0.742797525,0.142569640,0.058067121,0.875459025
13,241,211318720,67,0.744979652,0.142569640,0.058067121,0.879316436
6,241,211318720,67,0.771355406,0.142569640,0.058067121,0.906295085
10,241,211318720,67,0.787964203,0.142569640,0.058067121,0.911631258
18,241,211318720,67,1.189661714,0.142569640,0.058067121,0.875690901
7,241,211318720,67,1.512630305,0.142569640,0.058067121,1.094338951
1,241,211318720,67,1.516030483,0.142569640,0.058067121,1.102325673
29,241,211318720,67,1.551019048,0.142569640,0.058067121,1.160752283
5,241,211318720,67,1.571457984,0.142569640,0.058067121,1.181686213
26,241,211318720,67,1.634606075,0.142569640,0.058067121,1.224635906
25,241,211318720,67,1.744349169,0.142569640,0.058067121,1.261315491
4,241,211318720,67,1.987851416,0.142569640,0.058067121,1.332720320
30,241,211318720,67,2.047451433,0.142569640,0.058067121,1.353186523
27,241,211318720,67,2.596488406,0.142569640,0.058067121,1.344836015
20,241,211318720,67,2.622305874,0.142569640,0.058067121,1.353903986
2,241,211318720,67,3.135622345,0.142569640,0.058067121,1.279597007
9,241,211318720,67,5.656435516,0.142569640,0.058067121,0.538850332
21,241,211318720,67,6.263157706,0.142569640,0.058067121,0.516347949
3,241,211318720,67,6.295144452,0.142569640,0.058067121,0.547182551
15,241,211318720,67,6.391438084,0.142569640,0.058067121,0.580946404
12,241,211318720,67,6.861652901,0.142569640,0.058067121,0.518867196
22,241,211318720,67,7.410218937,0.142569640,0.058067121,0.432780622
11,241,211318720,67,8.965276948,0.142569640,0.058067121,0.000004764
14,242,211318720,67,0.480929499,0.142569640,0.048489779,0.127463216
18,242,211318720,67,0.503318417,0.142569640,0.048489779,0.155906788
5,242,211318720,67,0.628583194,0.142569640,0.048489779,0.415566823
16,242,211318720,67,0.635658641,0.142569640,0.048489779,0.436984317
24,242,211318720,67,0.642374813,0.142569640,0.048489779,0.452863967
1,242,211318720,67,0.735045083,0.142569640,0.048489779,0.606620617
13,242,211318720,67,0.744979652,0.142569640,0.048489779,0.625275635
7,242,211318720,67,0.756315152,0.142569640,0.048489779,0.643693613
23,242,211318720,67,0.880571887,0.142569640,0.048489779,0.769017510
6,242,211318720,67,0.881549036,0.142569640,0.048489779,0.769405178
29,242,211318720,67,1.183672432,0.142569640,0.048489779,0.779956399
17,242,211318720,67,1.299895668,0.142569640,0.048489779,0.833288416
8,242,211318720,67,1.423983028,0.142569640,0.048489779,0.897233101
28,242,211318720,67,1.535102181,0.142569640,0.048489779,1.044475929
4,242,211318720,67,1.590281133,0.142569640,0.048489779,1.142771598
26,242,211318720,67,1.634606075,0.142569640,0.048489779,1.216063310
19,242,211318720,67,1.642165630,0.142569640,0.048489779,1.223327680
10,242,211318720,67,1.723671693,0.142569640,0.048489779,1.251115384
25,242,211318720,67,1.993541907,0.142569640,0.048489779,1.312322663
30,242,211318720,67,2.047451433,0.142569640,0.048489779,1.330467443
20,242,211318720,67,2.434998311,0.142569640,0.048489779,1.297644921
3,242,211318720,67,2.622976855,0.142569640,0.048489779,1.331078508
21,242,211318720,67,2.846889867,0.142569640,0.048489779,1.387353437
9,242,211318720,67,2.932966564,0.142569640,0.048489779,1.415951025
12,242,211318720,67,3.229013130,0.142569640,0.048489779,1.413722433
11,242,211318720,67,4.338037233,0.142569640,0.048489779,1.204302808
2,242,211318720,67,4.389871284,0.142569640,0.048489779,1.221744961
27,242,211318720,67,5.019877585,0.142569640,0.048489779,1.104192916
15,242,211318720,67,5.730254834,0.142569640,0.048489779,0.966007694
22,242,211318720,67,8.568065646,0.142569640,0.048489779,0.024222279
29,243,211318720,67,0.530611780,0.142569640,0.080727354,0.116105747
14,243,211318720,67,0.601161874,0.142569640,0.080727354,0.358015689
24,243,211318720,67,0.642374813,0.142569640,0.080727354,0.592714395
5,243,211318720,67,0.673481993,0.142569640,0.080727354,0.768838612
18,243,211318720,67,0.686343296,0.142569640,0.080727354,0.837527149
1,243,211318720,67,0.689104765,0.142569640,0.080727354,0.851274195
7,243,211318720,67,0.705894142,0.142569640,0.080727354,0.923983519
6,243,211318720,67,0.716258591,0.142569640,0.080727354,0.962088172
8,243,211318720,67,0.734958982,0.142569640,0.080727354,1.018693209
17,243,211318720,67,0.742797525,0.142569640,0.080727354,1.037046769
19,243,211318720,67,0.746438923,0.142569640,0.080727354,1.043252636
16,243,211318720,67,0.782349097,0.142569640,0.080727354,1.079570501
23,243,211318720,67,0.821867094,0.142569640,0.080727354,1.093247311
10,243,211318720,67,1.329689592,0.142569640,0.080727354,1.042806834
28,243,211318720,67,1.436063331,0.142569640,0.080727354,1.079707637
4,243,211318720,67,1.590281133,0.142569640,0.080727354,1.160212270
13,243,211318720,67,1.676204218,0.142569640,0.080727354,1.191101522
30,243,211318720,67,1.901204902,0.142569640,0.080727354,1.209985304
27,243,211318720,67,2.077190725,0.142569640,0.080727354,1.272314104
26,243,211318720,67,2.179474766,0.142569640,0.080727354,1.307001123
22,243,211318720,67,2.547262760,0.142569640,0.080727354,1.360904351
11,243,211318720,67,2.602822340,0.142569640,0.080727354,1.416532797
21,243,211318720,67,2.657097209,0.142569640,0.080727354,1.433940255
25,243,211318720,67,3.114909230,0.142569640,0.080727354,1.461972736
2,243,211318720,67,3.135622345,0.142569640,0.080727354,1.469202867
15,243,211318720,67,3.305916250,0.142569640,0.080727354,1.507401586
3,243,211318720,67,5.245953710,0.142569640,0.080727354,0.961328195
20,243,211318720,67,6.181149560,0.142569640,0.080727354,0.745912468
9,243,211318720,67,6.913421186,0.142569640,0.080727354,0.596893003
12,243,211318720,67,7.668906183,0.142569640,0.080727354,0.343354701
29,244,211318720,67,0.571428070,0.142569640,0.045253906,0.262794099
24,244,211318720,67,0.599549825,0.142569640,0.045253906,0.382526691
16,244,211318720,67,0.635658641,0.142569640,0.045253906,0.514862183
7,244,211318720,67,0.655473132,0.142569640,0.045253906,0.578542107
18,244,211318720,67,0.686343296,0.142569640,0.045253906,0.670689413
1,244,211318720,67,0.689104765,0.142569640,0.045253906,0.677182381
13,244,211318720,67,0.698418424,0.142569640,0.045253906,0.692717698
6,244,211318720,67,0.716258591,0.142569640,0.045253906,0.710184330
28,244,211318720,67,0.792310803,0.142569640,0.045253906,0.773285524
23,244,211318720,67,0.880571887,0.142569640,0.045253906,0.844591662
14,244,211318720,67,0.961858998,0.142569640,0.045253906,0.872453279
10,244,211318720,67,1.132698541,0.142569640,0.045253906,0.955844596
17,244,211318720,67,1.207045977,0.142569640,0.045253906,0.980291344
8,244,211318720,67,1.423983028,0.142569640,0.045253906,1.089325701
5,244,211318720,67,1.436761586,0.142569640,0.045253906,1.093867658
19,244,211318720,67,1.642165630,0.142569640,0.045253906,1.118851514
25,244,211318720,67,1.868945538,0.142569640,0.045253906,1.211053942
30,244,211318720,67,1.901204902,0.142569640,0.045253906,1.222534207
26,244,211318720,67,2.043257593,0.142569640,0.045253906,1.342015501
27,244,211318720,67,2.077190725,0.142569640,0.045253906,1.353367651
20,244,211318720,67,2.622305874,0.142569640,0.045253906,1.264554519
22,244,211318720,67,2.778832101,0.142569640,0.045253906,1.308958665
12,244,211318720,67,3.027199809,0.142569640,0.045253906,1.411181620
21,244,211318720,67,3.036682524,0.142569640,0.045253906,1.414220373
4,244,211318720,67,3.180562266,0.142569640,0.045253906,1.461015650
2,244,211318720,67,3.344663835,0.142569640,0.045253906,1.502288456
11,244,211318720,67,4.048834751,0.142569640,0.045253906,1.363237604
3,244,211318720,67,4.546493215,0.142569640,0.045253906,1.294871337
15,244,211318720,67,5.509860417,0.142569640,0.045253906,1.075087176
9,244,211318720,67,6.703923575,0.142569640,0.045253906,0.684404814
14,245,211318720,67,0.360697124,0.142569640,0.142705038,0.048383858
16,245,211318720,67,0.537865004,0.142569640,0.142705038,0.299908722
24,245,211318720,67,0.556724838,0.142569640,0.142705038,0.372173381
10,245,211318720,67,0.590973152,0.142569640,0.142705038,0.498405114
7,245,211318720,67,0.605052122,0.142569640,0.142705038,0.545696012
29,245,211318720,67,0.653060652,0.142569640,0.142705038,0.743484268
5,245,211318720,67,0.673481993,0.142569640,0.142705038,0.818681268
18,245,211318720,67,0.686343296,0.142569640,0.142705038,0.857374066
8,245,211318720,67,0.689024046,0.142569640,0.142705038,0.863887842
17,245,211318720,67,0.742797525,0.142569640,0.142705038,0.954046074
13,245,211318720,67,0.744979652,0.142569640,0.142705038,0.956196490
23,245,211318720,67,0.763162302,0.142569640,0.142705038,0.962593385
19,245,211318720,67,0.945489302,0.142569640,0.142705038,0.995925901
1,245,211318720,67,1.470090165,0.142569640,0.142705038,0.945629664
28,245,211318720,67,1.584621606,0.142569640,0.142705038,1.060229434
6,245,211318720,67,1.597807627,0.142569640,0.142705038,1.064082537
30,245,211318720,67,2.047451433,0.142569640,0.142705038,1.013639334
12,245,211318720,67,2.421759847,0.142569640,0.142705038,1.081103369
27,245,211318720,67,2.423389179,0.142569640,0.142705038,1.081695193
20,245,211318720,67,2.809613436,0.142569640,0.142705038,1.064110180
2,245,211318720,67,2.926580856,0.142569640,0.142705038,1.101582713
9,245,211318720,67,3.142464176,0.142569640,0.142705038,1.125391305
15,245,211318720,67,3.305916250,0.142569640,0.142705038,1.168705635
22,245,211318720,67,3.473540127,0.142569640,0.142705038,1.207460502
25,245,211318720,67,3.862487445,0.142569640,0.142705038,1.175745402
4,245,211318720,67,4.505796543,0.142569640,0.142705038,1.071032830
11,245,211318720,67,4.627239715,0.142569640,0.142705038,1.112137154
26,245,211318720,67,4.903818224,0.142569640,0.142705038,1.114546475
3,245,211318720,67,5.245953710,0.142569640,0.142705038,1.101408983
21,245,211318720,67,6.263157706,0.142569640,0.142705038,0.760977142
14,246,211318720,67,0.360697124,0.142569640,0.066336103,0.057487905
29,246,211318720,67,0.489795489,0.142569640,0.066336103,0.124038791
1,246,211318720,67,0.597224130,0.142569640,0.066336103,0.298175170
24,246,211318720,67,0.642374813,0.142569640,0.066336103,0.418331489
13,246,211318720,67,0.651857196,0.142569640,0.066336103,0.441315621
5,246,211318720,67,0.718380793,0.142569640,0.066336103,0.596614128
19,246,211318720,67,0.746438923,0.142569640,0.066336103,0.648881983
7,246,211318720,67,0.756315152,0.142569640,0.066336103,0.665483057
28,246,211318720,67,0.792310803,0.142569640,0.066336103,0.701708042
6,246,211318720,67,0.881549036,0.142569640,0.066336103,0.729375114
17,246,211318720,67,1.114196287,0.142569640,0.066336103,0.804458845
16,246,211318720,67,1.173523646,0.142569640,0.066336103,0.825468280
18,246,211318720,67,1.418442813,0.142569640,0.066336103,0.932164100
8,246,211318720,67,1.423983028,0.142569640,0.066336103,0.934339287
10,246,211318720,67,1.625176168,0.142569640,0.066336103,0.962282560
4,246,211318720,67,1.855327988,0.142569640,0.066336103,0.980966419
23,246,211318720,67,2.113372528,0.142569640,0.066336103,1.041424770
26,246,211318720,67,2.179474766,0.142569640,0.066336103,1.064415329
3,246,211318720,67,2.622976855,0.142569640,0.066336103,1.011961007
20,246,211318720,67,2.809613436,0.142569640,0.066336103,1.061005837
2,246,211318720,67,2.926580856,0.142569640,0.066336103,1.099618785
22,246,211318720,67,3.473540127,0.142569640,0.066336103,1.013252692
25,246,211318720,67,3.862487445,0.142569640,0.066336103,0.977419842
11,246,211318720,67,4.048834751,0.142569640,0.066336103,1.010490360
30,246,211318720,67,4.241149396,0.142569640,0.066336103,1.041956368
21,246,211318720,67,4.744816444,0.142569640,0.066336103,0.968908904
27,246,211318720,67,5.366076039,0.142569640,0.066336103,0.858871839
12,246,211318720,67,5.650772977,0.142569640,0.066336103,0.950944441
9,246,211318720,67,5.656435516,0.142569640,0.066336103,0.952733706
15,246,211318720,67,7.493410167,0.142569640,0.066336103,0.349908286
6,247,211318720,67,0.495871333,0.142569640,0.010982354,0.103626614
24,247,211318720,67,0.556724838,0.142569640,0.010982354,0.201420410
8,247,211318720,67,0.643089109,0.142569640,0.010982354,0.494499664
1,247,211318720,67,0.643164447,0.142569640,0.010982354,0.494821699
17,247,211318720,67,0.696372679,0.142569640,0.010982354,0.754877764
5,247,211318720,67,0.718380793,0.142569640,0.010982354,0.850126770
18,247,211318720,67,0.732099516,0.142569640,0.010982354,0.900894498
13,247,211318720,67,0.744979652,0.142569640,0.010982354,0.940013522
19,247,211318720,67,0.746438923,0.142569640,0.010982354,0.943324955
23,247,211318720,67,0.763162302,0.142569640,0.010982354,0.970966422
10,247,211318720,67,0.787964203,0.142569640,0.010982354,0.995757149
28,247,211318720,67,0.792310803,0.142569640,0.010982354,0.996879576
14,247,211318720,67,1.362633581,0.142569640,0.010982354,0.983794991
29,247,211318720,67,1.387753885,0.142569640,0.010982354,0.992635496
7,247,211318720,67,1.563051315,0.142569640,0.010982354,1.089542627
25,247,211318720,67,1.619752800,0.142569640,0.010982354,1.135622514
4,247,211318720,67,1.722804560,0.142569640,0.010982354,1.175997473
16,247,211318720,67,1.858079106,0.142569640,0.010982354,1.282714209
26,247,211318720,67,1.907040420,0.142569640,0.010982354,1.298730880
12,247,211318720,67,2.825386488,0.142569640,0.010982354,1.110382768
9,247,211318720,67,2.932966564,0.142569640,0.010982354,1.200070645
20,247,211318720,67,2.996920999,0.142569640,0.010982354,1.222682461
30,247,211318720,67,3.217423680,0.142569640,0.010982354,1.255641443
2,247,211318720,67,3.344663835,0.142569640,0.010982354,1.299528205
27,247,211318720,67,4.500579904,0.142569640,0.010982354,1.023149935
11,247,211318720,67,4.627239715,0.142569640,0.010982354,1.065432379
3,247,211318720,67,5.245953710,0.142569640,0.010982354,0.959848498
22,247,211318720,67,6.020802887,0.142569640,0.010982354,0.797501928
21,247,211318720,67,6.832535680,0.142569640,0.010982354,0.629538558
15,247,211318720,67,7.273015750,0.142569640,0.010982354,0.482612340
17,248,211318720,67,0.417823608,0.142569640,0.022524815,0.048566422
14,248,211318720,67,0.561084416,0.142569640,0.022524815,0.345678993
28,248,211318720,67,0.594233102,0.142569640,0.022524815,0.487783146
18,248,211318720,67,0.594830857,0.142569640,0.022524815,0.489948859
29,248,211318720,67,0.612244361,0.142569640,0.022524815,0.559007402
5,248,211318720,67,0.673481993,0.142569640,0.022524815,0.806691823
24,248,211318720,67,0.685199800,0.142569640,0.022524815,0.849443656
8,248,211318720,67,0.689024046,0.142569640,0.022524815,0.860848259
7,248,211318720,67,0.705894142,0.142569640,0.022524815,0.899918954
10,248,211318720,67,0.738716440,0.142569640,0.022524815,0.955643825
19,248,211318720,67,0.746438923,0.142569640,0.022524815,0.973413224
16,248,211318720,67,0.782349097,0.142569640,0.022524815,1.034001821
23,248,211318720,67,0.880571887,0.142569640,0.022524815,1.193384511
6,248,211318720,67,0.881549036,0.142569640,0.022524815,1.194391270
13,248,211318720,67,0.931224565,0.142569640,0.022524815,1.211931457
1,248,211318720,67,1.240388577,0.142569640,0.022524815,1.204960354
3,248,211318720,67,1.748651237,0.142569640,0.022524815,1.146506409
25,248,211318720,67,1.868945538,0.142569640,0.022524815,1.203937950
4,248,211318720,67,1.987851416,0.142569640,0.022524815,1.243508533
26,248,211318720,67,2.179474766,0.142569640,0.022524815,1.277115254
20,248,211318720,67,2.434998311,0.142569640,0.022524815,1.361907967
21,248,211318720,67,2.467304551,0.142569640,0.022524815,1.373408407
12,248,211318720,67,3.027199809,0.142569640,0.022524815,1.347455398
30,248,211318720,67,3.071177149,0.142569640,0.022524815,1.362950913
22,248,211318720,67,3.241970785,0.142569640,0.022524815,1.402671177
11,248,211318720,67,3.759632269,0.142569640,0.022524815,1.328100324
27,248,211318720,67,4.673679131,0.142569640,0.022524815,1.121006290
15,248,211318720,67,4.848677167,0.142569640,0.022524815,1.158035423
9,248,211318720,67,5.027942681,0.142569640,0.022524815,1.194594209
2,248,211318720,67,7.734535119,0.142569640,0.022524815,0.305889973
29,249,211318720,67,0.530611780,0.142569640,0.070794404,0.245360831
28,249,211318720,67,0.594233102,0.142569640,0.070794404,0.501754211
1,249,211318720,67,0.597224130,0.142569640,0.070794404,0.514716413
24,249,211318720,67,0.599549825,0.142569640,0.070794404,0.523313989
6,249,211318720,67,0.606064962,0.142569640,0.070794404,0.545053267
5,249,211318720,67,0.673481993,0.142569640,0.070794404,0.764861039
16,249,211318720,67,0.684555460,0.142569640,0.070794404,0.801923696
17,249,211318720,67,0.696372679,0.142569640,0.070794404,0.836797583
18,249,211318720,67,0.732099516,0.142569640,0.070794404,0.920288797
13,249,211318720,67,0.744979652,0.142569640,0.070794404,0.941710751
10,249,211318720,67,0.787964203,0.142569640,0.070794404,0.985581518
23,249,211318720,67,0.821867094,0.142569640,0.070794404,0.997211777
14,249,211318720,67,1.282478664,0.142569640,0.070794404,1.026628103
19,249,211318720,67,1.293827466,0.142569640,0.070794404,1.030634486
27,249,211318720,67,1.557893044,0.142569640,0.070794404,1.038048787
8,249,211318720,67,1.699592646,0.142569640,0.070794404,1.083705267
26,249,211318720,67,1.907040420,0.142569640,0.070794404,1.241998938
7,249,211318720,67,1.915998386,0.142569640,0.070794404,1.251034630
4,249,211318720,67,1.987851416,0.142569640,0.070794404,1.275350870
30,249,211318720,67,2.193697963,0.142569640,0.070794404,1.473466832
15,249,211318720,67,2.203944167,0.142569640,0.070794404,1.490620251
3,249,211318720,67,2.273246608,0.142569640,0.070794404,1.560421589
21,249,211318720,67,2.277511893,0.142569640,0.070794404,1.562163518
2,249,211318720,67,2.717539366,0.142569640,0.070794404,1.547565800
20,249,211318720,67,2.809613436,0.142569640,0.070794404,1.578698858
22,249,211318720,67,3.010401443,0.142569640,0.070794404,1.697616275
12,249,211318720,67,3.027199809,0.142569640,0.070794404,1.715089896
9,249,211318720,67,3.142464176,0.142569640,0.070794404,1.753709983
11,249,211318720,67,3.470429786,0.142569640,0.070794404,1.740705089
25,249,211318720,67,4.111680184,0.142569640,0.070794404,1.527426448
19,250,211318720,67,0.597151138,0.142569640,0.041075006,0.309518806
29,250,211318720,67,0.612244361,0.142569640,0.041075006,0.370918237
28,250,211318720,67,0.643752528,0.142569640,0.041075006,0.518908499
18,250,211318720,67,0.686343296,0.142569640,0.041075006,0.736841087
10,250,211318720,67,0.689468677,0.142569640,0.041075006,0.752403052
17,250,211318720,67,0.696372679,0.142569640,0.041075006,0.782104005
5,250,211318720,67,0.718380793,0.142569640,0.041075006,0.863026199
13,250,211318720,67,0.744979652,0.142569640,0.041075006,0.942748540
7,250,211318720,67,0.756315152,0.142569640,0.041075006,0.969094869
6,250,211318720,67,0.771355406,0.142569640,0.041075006,0.994448190
16,250,211318720,67,0.782349097,0.142569640,0.041075006,1.005522187
23,250,211318720,67,0.821867094,0.142569640,0.041075006,1.019742233
8,250,211318720,67,0.964633664,0.142569640,0.041075006,1.067769523
24,250,211318720,67,1.284749626,0.142569640,0.041075006,1.099425325
14,250,211318720,67,1.362633581,0.142569640,0.041075006,1.125887916
1,250,211318720,67,1.653851436,0.142569640,0.041075006,1.125998240
4,250,211318720,67,1.987851416,0.142569640,0.041075006,1.186957593
30,250,211318720,67,2.047451433,0.142569640,0.041075006,1.246636658
3,250,211318720,67,2.098381484,0.142569640,0.041075006,1.264396930
12,250,211318720,67,2.421759847,0.142569640,0.041075006,1.251608887
20,250,211318720,67,2.622305874,0.142569640,0.041075006,1.278865823
2,250,211318720,67,3.135622345,0.142569640,0.041075006,1.201104458
9,250,211318720,67,3.351961787,0.142569640,0.041075006,1.223113312
11,250,211318720,67,4.048834751,0.142569640,0.041075006,1.087651280
26,250,211318720,67,4.222732359,0.142569640,0.041075006,1.211320109
25,250,211318720,67,4.236276553,0.142569640,0.041075006,1.216067712
21,250,211318720,67,4.934609102,0.142569640,0.041075006,1.083042090
27,250,211318720,67,6.058472947,0.142569640,0.041075006,0.825666978
15,250,211318720,67,6.171043667,0.142569640,0.041075006,0.865094397
22,250,211318720,67,7.641788279,0.142569640,0.041075006,0.376186141
14,251,211318720,67,0.360697124,0.142569640,0.121171258,0.054557126
10,251,211318720,67,0.492477627,0.142569640,0.121171258,0.100823164
5,251,211318720,67,0.628583194,0.142569640,0.121171258,0.475520163
8,251,211318720,67,0.643089109,0.142569640,0.121171258,0.528601158
19,251,211318720,67,0.646913733,0.142569640,0.121171258,0.539914154
1,251,211318720,67,0.689104765,0.142569640,0.121171258,0.637396130
23,251,211318720,67,0.704457509,0.142569640,0.121171258,0.663511311
6,251,211318720,67,0.716258591,0.142569640,0.121171258,0.675282318
16,251,211318720,67,0.733452279,0.142569640,0.121171258,0.680562387
24,251,211318720,67,0.899324738,0.142569640,0.121171258,0.743101857
7,251,211318720,67,1.008420203,0.142569640,0.121171258,0.779711628
18,251,211318720,67,1.189661714,0.142569640,0.121171258,0.815766467
29,251,211318720,67,1.387753885,0.142569640,0.121171258,0.984854268
17,251,211318720,67,1.392745359,0.142569640,0.121171258,0.989837722
4,251,211318720,67,1.457757705,0.142569640,0.121171258,1.011462905
28,251,211318720,67,1.634141031,0.142569640,0.121171258,1.104772705
13,251,211318720,67,1.722765446,0.142569640,0.121171258,1.194649149
25,251,211318720,67,1.744349169,0.142569640,0.121171258,1.202405674
26,251,211318720,67,2.043257593,0.142569640,0.121171258,1.198486366
20,251,211318720,67,2.247690749,0.142569640,0.121171258,1.353361542
27,251,211318720,67,2.250289952,0.142569640,0.121171258,1.356059733
30,251,211318720,67,2.339944494,0.142569640,0.121171258,1.385744102
3,251,211318720,67,2.622976855,0.142569640,0.121171258,1.387298686
12,251,211318720,67,3.027199809,0.142569640,0.121171258,1.440641131
21,251,211318720,67,3.036682524,0.142569640,0.121171258,1.443999898
22,251,211318720,67,3.241970785,0.142569640,0.121171258,1.498438711
2,251,211318720,67,3.344663835,0.142569640,0.121171258,1.544533083
11,251,211318720,67,3.470429786,0.142569640,0.121171258,1.586514177
15,251,211318720,67,5.069071584,0.142569640,0.121171258,1.155178429
9,251,211318720,67,5.656435516,0.142569640,0.121171258,0.960226693
6,252,211318720,67,0.495871333,0.142569640,0.120597489,0.221924195
29,252,211318720,67,0.530611780,0.142569640,0.120597489,0.349807611
1,252,211318720,67,0.597224130,0.142569640,0.120597489,0.582997972
24,252,211318720,67,0.599549825,0.142569640,0.120597489,0.591490877
14,252,211318720,67,0.601161874,0.142569640,0.120597489,0.597048074
13,252,211318720,67,0.605295968,0.142569640,0.120597489,0.609316794
16,252,211318720,67,0.635658641,0.142569640,0.120597489,0.694820954
19,252,211318720,67,0.696676328,0.142569640,0.120597489,0.849982063
8,252,211318720,67,0.734958982,0.142569640,0.120597489,0.939442673
17,252,211318720,67,0.742797525,0.142569640,0.120597489,0.952386308
7,252,211318720,67,0.756315152,0.142569640,0.120597489,0.966324614
23,252,211318720,67,0.821867094,0.142569640,0.120597489,1.031633969
5,252,211318720,67,0.897975991,0.142569640,0.120597489,1.058045911
18,252,211318720,67,1.464199032,0.142569640,0.120597489,0.964260320
28,252,211318720,67,1.634141031,0.142569640,0.120597489,1.071783579
10,252,211318720,67,1.674423931,0.142569640,0.120597489,1.084692998
26,252,211318720,67,2.179474766,0.142569640,0.120597489,1.101746299
30,252,211318720,67,2.193697963,0.142569640,0.120597489,1.106588178
9,252,211318720,67,2.513971340,0.142569640,0.120597489,1.092134719
27,252,211318720,67,2.769587633,0.142569640,0.120597489,1.172574851
20,252,211318720,67,2.809613436,0.142569640,0.120597489,1.186589245
25,252,211318720,67,3.239505599,0.142569640,0.120597489,1.307539318
22,252,211318720,67,3.241970785,0.142569640,0.120597489,1.311530937
15,252,211318720,67,3.305916250,0.142569640,0.120597489,1.375222363
2,252,211318720,67,3.344663835,0.142569640,0.120597489,1.400002288
11,252,211318720,67,3.470429786,0.142569640,0.120597489,1.443899826
4,252,211318720,67,3.843179404,0.142569640,0.120597489,1.415559904
3,252,211318720,67,5.071088586,0.142569640,0.120597489,1.106580314
21,252,211318720,67,5.883572391,0.142569640,0.120597489,0.929936887
12,252,211318720,67,7.063466221,0.142569640,0.120597489,0.536702611
14,253,211318720,67,0.521006957,0.142569640,0.007179896,0.175435905
17,253,211318720,67,0.557098143,0.142569640,0.007179896,0.243937572
24,253,211318720,67,0.599549825,0.142569640,0.007179896,0.319533438
1,253,211318720,67,0.643164447,0.142569640,0.007179896,0.419121040
18,253,211318720,67,0.686343296,0.142569640,0.007179896,0.517783505
8,253,211318720,67,0.734958982,0.142569640,0.007179896,0.598951432
13,253,211318720,67,0.744979652,0.142569640,0.007179896,0.609010553
10,253,211318720,67,0.787964203,0.142569640,0.007179896,0.623446196
19,253,211318720,67,1.045014492,0.142569640,0.007179896,0.700077234
29,253,211318720,67,1.102039850,0.142569640,0.007179896,0.757992553
16,253,211318720,67,1.173523646,0.142569640,0.007179896,0.791392639
5,253,211318720,67,1.302065187,0.142569640,0.007179896,0.883050800
25,253,211318720,67,1.370560061,0.142569640,0.007179896,0.974135844
7,253,211318720,67,1.462209294,0.142569640,0.007179896,1.112527770
30,253,211318720,67,1.462465309,0.142569640,0.007179896,1.112768876
28,253,211318720,67,1.535102181,0.142569640,0.007179896,1.137294603
6,253,211318720,67,1.708001257,0.142569640,0.007179896,1.174794555
26,253,211318720,67,2.043257593,0.142569640,0.007179896,1.208544328
23,253,211318720,67,2.113372528,0.142569640,0.007179896,1.232535711
27,253,211318720,67,2.596488406,0.142569640,0.007179896,1.219398182
21,253,211318720,67,2.657097209,0.142569640,0.007179896,1.239625284
12,253,211318720,67,2.825386488,0.142569640,0.007179896,1.278927872
20,253,211318720,67,2.996920999,0.142569640,0.007179896,1.315764543
4,253,211318720,67,3.180562266,0.142569640,0.007179896,1.349042782
15,253,211318720,67,3.526310667,0.142569640,0.007179896,1.329024523
11,253,211318720,67,3.759632269,0.142569640,0.007179896,1.347282151
9,253,211318720,67,5.237440293,0.142569640,0.007179896,0.956502605
3,253,211318720,67,5.420818833,0.142569640,0.007179896,1.078513676
2,253,211318720,67,5.435078732,0.142569640,0.007179896,1.083546182
22,253,211318720,67,7.178649595,0.142569640,0.007179896,0.505979845
16,254,211318720,67,0.537865004,0.142569640,0.029856574,0.264864314
1,254,211318720,67,0.551283812,0.142569640,0.029856574,0.305777982
24,254,211318720,67,0.599549825,0.142569640,0.029856574,0.418245117
29,254,211318720,67,0.612244361,0.142569640,0.029856574,0.447578920
14,254,211318720,67,0.641239332,0.142569640,0.029856574,0.504646045
5,254,211318720,67,0.673481993,0.142569640,0.029856574,0.558718702
17,254,211318720,67,0.742797525,0.142569640,0.029856574,0.627189100
6,254,211318720,67,0.771355406,0.142569640,0.029856574,0.634961671
10,254,211318720,67,1.083450779,0.142569640,0.029856574,0.703491264
19,254,211318720,67,1.144539681,0.142569640,0.029856574,0.768838855
8,254,211318720,67,1.194308346,0.142569640,0.029856574,0.817667489
18,254,211318720,67,1.281174153,0.142569640,0.029856574,0.905469100
28,254,211318720,67,1.337024480,0.142569640,0.029856574,0.923831777
13,254,211318720,67,1.489959305,0.142569640,0.029856574,0.969171678
25,254,211318720,67,1.868945538,0.142569640,0.029856574,1.051045364
7,254,211318720,67,1.915998386,0.142569640,0.029856574,1.109123648
23,254,211318720,67,1.937258151,0.142569640,0.029856574,1.132282414
26,254,211318720,67,2.043257593,0.142569640,0.029856574,1.236828990
27,254,211318720,67,2.077190725,0.142569640,0.029856574,1.247304789
30,254,211318720,67,2.339944494,0.142569640,0.029856574,1.256461145
20,254,211318720,67,2.622305874,0.142569640,0.029856574,1.379984647
3,254,211318720,67,2.622976855,0.142569640,0.029856574,1.380618402
9,254,211318720,67,2.723468952,0.142569640,0.029856574,1.414888775
21,254,211318720,67,3.036682524,0.142569640,0.029856574,1.496084400
15,254,211318720,67,3.085521834,0.142569640,0.029856574,1.544922749
2,254,211318720,67,3.135622345,0.142569640,0.029856574,1.595097765
12,254,211318720,67,3.229013130,0.142569640,0.029856574,1.626159012
4,254,211318720,67,3.445609121,0.142569640,0.029856574,1.650101521
22,254,211318720,67,4.862956178,0.142569640,0.029856574,1.278221830
11,254,211318720,67,10.411289359,0.142569640,0.029856574,0.000004764
14,255,211318720,67,0.360697124,0.142569640,0.030150831,0.057371052
28,255,211318720,67,0.495194252,0.142569640,0.030150831,0.191948273
6,255,211318720,67,0.495871333,0.142569640,0.030150831,0.192232885
24,255,211318720,67,0.642374813,0.142569640,0.030150831,0.410376850
8,255,211318720,67,0.689024046,0.142569640,0.030150831,0.578127921
1,255,211318720,67,0.689104765,0.142569640,0.030150831,0.578377164
17,255,211318720,67,0.742797525,0.142569640,0.030150831,0.703095913
23,255,211318720,67,0.763162302,0.142569640,0.030150831,0.736813810
16,255,211318720,67,0.782349097,0.142569640,0.030150831,0.755559977
10,255,211318720,67,0.787964203,0.142569640,0.030150831,0.757369177
5,255,211318720,67,1.212267588,0.142569640,0.030150831,0.780865896
7,255,211318720,67,1.260525254,0.142569640,0.030150831,0.829191200
29,255,211318720,67,1.346937595,0.142569640,0.030150831,0.907538289
18,255,211318720,67,1.418442813,0.142569640,0.030150831,0.930644687
13,255,211318720,67,1.676204218,0.142569640,0.030150831,1.024987468
19,255,211318720,67,1.691928225,0.142569640,0.030150831,1.030092228
3,255,211318720,67,1.923516360,0.142569640,0.030150831,1.048177268
21,255,211318720,67,2.846889867,0.142569640,0.030150831,0.837289218
22,255,211318720,67,3.010401443,0.142569640,0.030150831,0.934231619
30,255,211318720,67,3.071177149,0.142569640,0.030150831,0.954862165
20,255,211318720,67,3.746151248,0.142569640,0.030150831,0.825452846
11,255,211318720,67,4.048834751,0.142569640,0.030150831,0.822012557
25,255,211318720,67,4.734662030,0.142569640,0.030150831,0.691866141
4,255,211318720,67,5.035890254,0.142569640,0.030150831,0.781954270
26,255,211318720,67,5.040035397,0.142569640,0.030150831,0.783417824
27,255,211318720,67,5.712274493,0.142569640,0.030150831,0.656725247
9,255,211318720,67,6.075430739,0.142569640,0.030150831,0.628875293
12,255,211318720,67,6.458026259,0.142569640,0.030150831,0.597273432
15,255,211318720,67,7.052621334,0.142569640,0.030150831,0.495423043
2,255,211318720,67,7.107410650,0.142569640,0.030150831,0.477162254
5,256,211318720,67,0.448987996,0.142569640,0.046101276,0.074599303
8,256,211318720,67,0.551219237,0.142569640,0.046101276,0.184473432
14,256,211318720,67,0.641239332,0.142569640,0.046101276,0.550242248
19,256,211318720,67,0.646913733,0.142569640,0.046101276,0.574807393
16,256,211318720,67,0.684555460,0.142569640,0.046101276,0.736045109
18,256,211318720,67,0.686343296,0.142569640,0.046101276,0.742678924
13,256,211318720,67,0.698418424,0.142569640,0.046101276,0.778666348
7,256,211318720,67,0.705894142,0.142569640,0.046101276,0.796241506
1,256,211318720,67,0.735045083,0.142569640,0.046101276,0.844657534
23,256,211318720,67,0.763162302,0.142569640,0.046101276,0.873601548
28,256,211318720,67,0.792310803,0.142569640,0.046101276,0.884092885
4,256,211318720,67,1.192710850,0.142569640,0.046101276,0.913103053
10,256,211318720,67,1.231194067,0.142569640,0.046101276,0.927114551
25,256,211318720,67,1.370560061,0.142569640,0.046101276,1.075737290
24,256,211318720,67,1.456049576,0.142569640,0.046101276,1.275204888
29,256,211318720,67,1.469386467,0.142569640,0.046101276,1.297753308
17,256,211318720,67,1.485595049,0.142569640,0.046101276,1.313788600
6,256,211318720,67,1.487613998,0.142569640,0.046101276,1.314501815
26,256,211318720,67,1.770823247,0.142569640,0.046101276,1.317146221
30,256,211318720,67,2.193697963,0.142569640,0.046101276,1.269755304
20,256,211318720,67,2.434998311,0.142569640,0.046101276,1.282159187
12,256,211318720,67,2.825386488,0.142569640,0.046101276,1.327720155
21,256,211318720,67,2.846889867,0.142569640,0.046101276,1.335117427
15,256,211318720,67,3.305916250,0.142569640,0.046101276,1.342766821
9,256,211318720,67,3.351961787,0.142569640,0.046101276,1.358472449
11,256,211318720,67,4.627239715,0.142569640,0.046101276,1.028084014
27,256,211318720,67,5.712274493,0.142569640,0.046101276,0.770861869
3,256,211318720,67,5.945414204,0.142569640,0.046101276,0.789708997
22,256,211318720,67,6.252372228,0.142569640,0.046101276,0.779933343
2,256,211318720,67,6.689327670,0.142569640,0.046101276,0.635960110
14,257,211318720,67,0.480929499,0.142569640,0.020612486,0.240336918
16,257,211318720,67,0.488968186,0.142569640,0.020612486,0.255420246
28,257,211318720,67,0.495194252,0.142569640,0.020612486,0.265534665
1,257,211318720,67,0.597224130,0.142569640,0.020612486,0.367953611
5,257,211318720,67,0.628583194,0.142569640,0.020612486,0.412834634
13,257,211318720,67,0.744979652,0.142569640,0.020612486,0.606392450
19,257,211318720,67,0.746438923,0.142569640,0.020612486,0.607913482
6,257,211318720,67,0.771355406,0.142569640,0.020612486,0.616224699
23,257,211318720,67,0.939276679,0.142569640,0.020612486,0.665637881
17,257,211318720,67,1.067771442,0.142569640,0.020612486,0.860267542
29,257,211318720,67,1.102039850,0.142569640,0.020612486,0.917123270
18,257,211318720,67,1.143905494,0.142569640,0.020612486,0.959805701
24,257,211318720,67,1.156274663,0.142569640,0.020612486,0.962839578
10,257,211318720,67,1.526680643,0.142569640,0.020612486,1.017819512
7,257,211318720,67,1.563051315,0.142569640,0.020612486,1.053599816
8,257,211318720,67,1.653657710,0.142569640,0.020612486,1.085232179
25,257,211318720,67,1.993541907,0.142569640,0.020612486,1.142343057
26,257,211318720,67,2.043257593,0.142569640,0.020612486,1.192232546
4,257,211318720,67,2.120374844,0.142569640,0.020612486,1.264417900
30,257,211318720,67,2.193697963,0.142569640,0.020612486,1.289976907
3,257,211318720,67,2.622976855,0.142569640,0.020612486,1.242129952
9,257,211318720,67,2.932966564,0.142569640,0.020612486,1.236286335
11,257,211318720,67,3.181227304,0.142569640,0.020612486,1.249411293
22,257,211318720,67,3.473540127,0.142569640,0.020612486,1.308010658
15,257,211318720,67,3.526310667,0.142569640,0.020612486,1.325432411
21,257,211318720,67,5.314194418,0.142569640,0.020612486,0.829053306
12,257,211318720,67,5.852586298,0.142569640,0.020612486,0.746621098
20,257,211318720,67,5.993841997,0.142569640,0.020612486,0.796811450
27,257,211318720,67,6.404671401,0.142569640,0.020612486,0.758476727
2,257,211318720,67,6.898369160,0.142569640,0.020612486,0.594124353
29,258,211318720,67,0.612244361,0.142569640,0.006126329,0.255882909
18,258,211318720,67,0.640587077,0.142569640,0.006126329,0.340759226
14,258,211318720,67,0.641239332,0.142569640,0.006126329,0.342265752
13,258,211318720,67,0.698418424,0.142569640,0.006126329,0.447940424
10,258,211318720,67,0.738716440,0.142569640,0.006126329,0.515843044
28,258,211318720,67,0.742791378,0.142569640,0.006126329,0.522087950
6,258,211318720,67,0.826452221,0.142569640,0.006126329,0.607038539
23,258,211318720,67,0.880571887,0.142569640,0.006126329,0.626729299
8,258,211318720,67,1.148373410,0.142569640,0.006126329,0.679087525
26,258,211318720,67,1.225954556,0.142569640,0.006126329,0.704115139
1,258,211318720,67,1.516030483,0.142569640,0.006126329,0.941062708
5,258,211318720,67,1.526559185,0.142569640,0.006126329,0.968680766
17,258,211318720,67,1.578444740,0.142569640,0.006126329,1.090283167
24,258,211318720,67,1.584524539,0.142569640,0.006126329,1.103457848
19,258,211318720,67,1.592403035,0.142569640,0.006126329,1.116550977
7,258,211318720,67,1.663893335,0.142569640,0.006126329,1.219842443
4,258,211318720,67,1.722804560,0.142569640,0.006126329,1.278663578
16,258,211318720,67,1.760285468,0.142569640,0.006126329,1.290215145
30,258,211318720,67,2.193697963,0.142569640,0.006126329,1.296897396
27,258,211318720,67,2.250289952,0.142569640,0.006126329,1.316688513
3,258,211318720,67,2.448111731,0.142569640,0.006126329,1.345280751
2,258,211318720,67,2.926580856,0.142569640,0.006126329,1.333477299
12,258,211318720,67,3.027199809,0.142569640,0.006126329,1.450479557
21,258,211318720,67,3.036682524,0.142569640,0.006126329,1.459933263
9,258,211318720,67,3.142464176,0.142569640,0.006126329,1.526487062
25,258,211318720,67,3.239505599,0.142569640,0.006126329,1.557076645
20,258,211318720,67,6.743072247,0.142569640,0.006126329,0.491617900
22,258,211318720,67,6.947080254,0.142569640,0.006126329,0.545327964
15,258,211318720,67,7.052621334,0.142569640,0.006126329,0.580568955
11,258,211318720,67,7.808467020,0.142569640,0.006126329,0.328305796
8,259,211318720,67,0.413414428,0.142569640,0.007229648,0.206577819
10,259,211318720,67,0.443229864,0.142569640,0.007229648,0.256352455
29,259,211318720,67,0.489795489,0.142569640,0.007229648,0.357067318
19,259,211318720,67,0.497625948,0.142569640,0.007229648,0.375487407
16,259,211318720,67,0.586761823,0.142569640,0.007229648,0.672280399
14,259,211318720,67,0.601161874,0.142569640,0.007229648,0.750159168
5,259,211318720,67,0.628583194,0.142569640,0.007229648,0.886883737
24,259,211318720,67,0.642374813,0.142569640,0.007229648,0.946824353
18,259,211318720,67,0.686343296,0.142569640,0.007229648,1.107984751
13,259,211318720,67,0.698418424,0.142569640,0.007229648,1.144072990
23,259,211318720,67,0.704457509,0.142569640,0.007229648,1.158393014
7,259,211318720,67,0.705894142,0.142569640,0.007229648,1.160849850
6,259,211318720,67,0.716258591,0.142569640,0.007229648,1.171592616
1,259,211318720,67,0.735045083,0.142569640,0.007229648,1.178427902
28,259,211318720,67,1.039907929,0.142569640,0.007229648,1.171833794
17,259,211318720,67,1.346320513,0.142569640,0.007229648,1.164039569
25,259,211318720,67,1.619752800,0.142569640,0.007229648,1.171269307
4,259,211318720,67,1.987851416,0.142569640,0.007229648,1.204223543
26,259,211318720,67,2.043257593,0.142569640,0.007229648,1.222136205
30,259,211318720,67,2.339944494,0.142569640,0.007229648,1.216643451
3,259,211318720,67,2.622976855,0.142569640,0.007229648,1.288818330
21,259,211318720,67,2.657097209,0.142569640,0.007229648,1.300700144
2,259,211318720,67,3.135622345,0.142569640,0.007229648,1.235056495
22,259,211318720,67,3.473540127,0.142569640,0.007229648,1.218967695
12,259,211318720,67,4.843519695,0.142569640,0.007229648,0.866575683
27,259,211318720,67,5.885373720,0.142569640,0.007229648,0.620504492
20,259,211318720,67,6.181149560,0.142569640,0.007229648,0.616605374
15,259,211318720,67,6.391438084,0.142569640,0.007229648,0.639753713
9,259,211318720,67,7.122918798,0.142569640,0.007229648,0.494057228
11,259,211318720,67,9.543681913,0.142569640,0.007229648,0.000004764
24,260,211318720,67,0.556724838,0.142569640,0.084380202,0.118734463
13,260,211318720,67,0.651857196,0.142569640,0.084380202,0.465537074
7,260,211318720,67,0.655473132,0.142569640,0.084380202,0.480010868
10,260,211318720,67,0.689468677,0.142569640,0.084380202,0.604586268
17,260,211318720,67,0.696372679,0.142569640,0.084380202,0.625594746
18,260,211318720,67,0.732099516,0.142569640,0.084380202,0.708584619
16,260,211318720,67,0.733452279,0.142569640,0.084380202,0.710587299
8,260,211318720,67,0.734958982,0.142569640,0.084380202,0.712146466
19,260,211318720,67,0.796201518,0.142569640,0.084380202,0.733174875
23,260,211318720,67,1.291505434,0.142569640,0.084380202,0.826812436
28,260,211318720,67,1.337024480,0.142569640,0.084380202,0.956756426
29,260,211318720,67,1.346937595,0.142569640,0.084380202,0.980302796
1,260,211318720,67,1.378209530,0.142569640,0.084380202,1.032847647
5,260,211318720,67,1.436761586,0.142569640,0.084380202,1.091942025
14,260,211318720,67,1.442788497,0.142569640,0.084380202,1.093856045
30,260,211318720,67,1.754958371,0.142569640,0.084380202,1.175782067
6,260,211318720,67,1.763098071,0.142569640,0.084380202,1.178475617
25,260,211318720,67,1.993541907,0.142569640,0.084380202,1.266856093
26,260,211318720,67,2.043257593,0.142569640,0.084380202,1.316199498
4,260,211318720,67,2.120374844,0.142569640,0.084380202,1.342345644
21,260,211318720,67,2.277511893,0.142569640,0.084380202,1.387012034
15,260,211318720,67,2.424338583,0.142569640,0.084380202,1.433492280
20,260,211318720,67,2.622305874,0.142569640,0.084380202,1.462812824
2,260,211318720,67,3.135622345,0.142569640,0.084380202,1.420576355
12,260,211318720,67,3.229013130,0.142569640,0.084380202,1.452856614
27,260,211318720,67,3.635083768,0.142569640,0.084380202,1.410630993
3,260,211318720,67,4.546493215,0.142569640,0.084380202,1.208066251
11,260,211318720,67,7.230062055,0.142569640,0.084380202,0.422754975
9,260,211318720,67,7.960909245,0.142569640,0.084380202,0.276114670
22,260,211318720,67,8.568065646,0.142569640,0.084380202,0.077044706
28,261,211318720,67,0.495194252,0.142569640,0.077185236,0.209578738
5,261,211318720,67,0.538785595,0.142569640,0.077185236,0.311940467
24,261,211318720,67,0.556724838,0.142569640,0.077185236,0.344273712
14,261,211318720,67,0.601161874,0.142569640,0.077185236,0.450143449
29,261,211318720,67,0.612244361,0.142569640,0.077185236,0.483953230
19,261,211318720,67,0.696676328,0.142569640,0.077185236,0.716192989
6,261,211318720,67,0.716258591,0.142569640,0.077185236,0.762010104
18,261,211318720,67,0.732099516,0.142569640,0.077185236,0.788864632
1,261,211318720,67,0.735045083,0.142569640,0.077185236,0.792010447
10,261,211318720,67,0.787964203,0.142569640,0.077185236,0.843140878
23,261,211318720,67,0.880571887,0.142569640,0.077185236,0.874067888
13,261,211318720,67,1.117469479,0.142569640,0.077185236,0.927790098
17,261,211318720,67,1.207045977,0.142569640,0.077185236,0.956432137
16,261,211318720,67,1.515801376,0.142569640,0.077185236,0.950918597
8,261,211318720,67,1.745527583,0.142569640,0.077185236,1.065288515
7,261,211318720,67,1.764735355,0.142569640,0.077185236,1.084435058
25,261,211318720,67,1.868945538,0.142569640,0.077185236,1.118952750
26,261,211318720,67,2.043257593,0.142569640,0.077185236,1.200158025
4,261,211318720,67,2.120374844,0.142569640,0.077185236,1.235097466
27,261,211318720,67,2.250289952,0.142569640,0.077185236,1.277787529
12,261,211318720,67,2.623573168,0.142569640,0.077185236,1.248324719
20,261,211318720,67,2.809613436,0.142569640,0.077185236,1.352742267
21,261,211318720,67,2.846889867,0.142569640,0.077185236,1.365298742
30,261,211318720,67,3.071177149,0.142569640,0.077185236,1.437424875
2,261,211318720,67,3.135622345,0.142569640,0.077185236,1.458725144
22,261,211318720,67,3.473540127,0.142569640,0.077185236,1.442080976
11,261,211318720,67,4.338037233,0.142569640,0.077185236,1.252420821
15,261,211318720,67,4.628282750,0.142569640,0.077185236,1.253304881
9,261,211318720,67,5.027942681,0.142569640,0.077185236,1.217203915
3,261,211318720,67,5.945414204,0.142569640,0.077185236,0.918145107
7,262,211318720,67,0.453789091,0.142569640,0.068957597,0.073968746
14,262,211318720,67,0.561084416,0.142569640,0.068957597,0.462814941
28,262,211318720,67,0.594233102,0.142569640,0.068957597,0.654244744
18,262,211318720,67,0.594830857,0.142569640,0.068957597,0.657914361
17,262,211318720,67,0.603522989,0.142569640,0.068957597,0.707172653
5,262,211318720,67,0.628583194,0.142569640,0.068957597,0.832342551
13,262,211318720,67,0.651857196,0.142569640,0.068957597,0.933097111
29,262,211318720,67,0.653060652,0.142569640,0.068957597,0.937633770
8,262,211318720,67,0.689024046,0.142569640,0.068957597,1.048584422
10,262,211318720,67,0.689468677,0.142569640,0.068957597,1.049898485
19,262,211318720,67,0.696676328,0.142569640,0.068957597,1.066666116
16,262,211318720,67,0.733452279,0.142569640,0.068957597,1.127357516
1,262,211318720,67,0.735045083,0.142569640,0.068957597,1.128993629
6,262,211318720,67,0.826452221,0.142569640,0.068957597,1.178087682
23,262,211318720,67,0.939276679,0.142569640,0.068957597,1.215250355
24,262,211318720,67,1.498874563,0.142569640,0.068957597,1.141925410
25,262,211318720,67,1.619752800,0.142569640,0.068957597,1.181938738
26,262,211318720,67,1.907040420,0.142569640,0.068957597,1.179765986
3,262,211318720,67,2.098381484,0.142569640,0.068957597,1.213318780
30,262,211318720,67,2.339944494,0.142569640,0.068957597,1.225778995
2,262,211318720,67,2.508497876,0.142569640,0.068957597,1.266748236
27,262,211318720,67,2.769587633,0.142569640,0.068957597,1.277363226
22,262,211318720,67,3.010401443,0.142569640,0.068957597,1.290490315
15,262,211318720,67,3.305916250,0.142569640,0.068957597,1.290281369
4,262,211318720,67,3.445609121,0.142569640,0.068957597,1.336840371
21,262,211318720,67,3.985645813,0.142569640,0.068957597,1.311346546
11,262,211318720,67,4.048834751,0.142569640,0.068957597,1.332937115
9,262,211318720,67,5.656435516,0.142569640,0.068957597,0.899755719
20,262,211318720,67,6.368457122,0.142569640,0.068957597,0.759011526
12,262,211318720,67,6.659839580,0.142569640,0.068957597,0.661784161
14,263,211318720,67,0.480929499,0.142569640,0.021496758,0.144831067
17,263,211318720,67,0.557098143,0.142569640,0.021496758,0.388769953
29,263,211318720,67,0.571428070,0.142569640,0.021496758,0.431882469
1,263,211318720,67,0.597224130,0.142569640,0.021496758,0.510325079
10,263,211318720,67,0.640220915,0.142569640,0.021496758,0.678228007
18,263,211318720,67,0.640587077,0.142569640,0.021496758,0.679815392
24,263,211318720,67,0.642374813,0.142569640,0.021496758,0.686408869
5,263,211318720,67,0.718380793,0.142569640,0.021496758,1.004120461
8,263,211318720,67,0.734958982,0.142569640,0.021496758,1.065193223
7,263,211318720,67,0.756315152,0.142569640,0.021496758,1.128792943
23,263,211318720,67,0.763162302,0.142569640,0.021496758,1.144717938
6,263,211318720,67,0.771355406,0.142569640,0.021496758,1.158369259
28,263,211318720,67,0.792310803,0.142569640,0.021496758,1.179931958
19,263,211318720,67,0.796201518,0.142569640,0.021496758,1.181197670
13,263,211318720,67,1.117469479,0.142569640,0.021496758,1.230802464
16,263,211318720,67,1.173523646,0.142569640,0.021496758,1.250362854
4,263,211318720,67,1.987851416,0.142569640,0.021496758,1.230364694
25,263,211318720,67,1.993541907,0.142569640,0.021496758,1.235938805
26,263,211318720,67,2.043257593,0.142569640,0.021496758,1.253372062
3,263,211318720,67,2.273246608,0.142569640,0.021496758,1.271753233
21,263,211318720,67,2.467304551,0.142569640,0.021496758,1.299852869
2,263,211318720,67,2.717539366,0.142569640,0.021496758,1.311761391
12,263,211318720,67,3.027199809,0.142569640,0.021496758,1.304675648
15,263,211318720,67,3.305916250,0.142569640,0.021496758,1.308989266
30,263,211318720,67,3.802409803,0.142569640,0.021496758,1.237869717
11,263,211318720,67,4.048834751,0.142569640,0.021496758,1.276356262
27,263,211318720,67,4.154381450,0.142569640,0.021496758,1.314176108
20,263,211318720,67,6.368457122,0.142569640,0.021496758,0.684508207
9,263,211318720,67,6.913421186,0.142569640,0.021496758,0.600315404
22,263,211318720,67,7.641788279,0.142569640,0.021496758,0.362694456
18,264,211318720,67,0.411805978,0.142569640,0.033300128,0.161873216
5,264,211318720,67,0.448987996,0.142569640,0.033300128,0.199352500
29,264,211318720,67,0.489795489,0.142569640,0.033300128,0.314622281
19,264,211318720,67,0.597151138,0.142569640,0.033300128,0.833309992
24,264,211318720,67,0.599549825,0.142569640,0.033300128,0.845215243
14,264,211318720,67,0.601161874,0.142569640,0.033300128,0.852372728
7,264,211318720,67,0.605052122,0.142569640,0.033300128,0.866628182
13,264,211318720,67,0.605295968,0.142569640,0.033300128,0.867423853
10,264,211318720,67,0.640220915,0.142569640,0.033300128,0.948238891
8,264,211318720,67,0.643089109,0.142569640,0.033300128,0.952594974
16,264,211318720,67,0.684555460,0.142569640,0.033300128,1.017441244
17,264,211318720,67,0.696372679,0.142569640,0.033300128,1.037436607
28,264,211318720,67,0.792310803,0.142569640,0.033300128,1.134747548
6,264,211318720,67,0.826452221,0.142569640,0.033300128,1.145344137
26,264,211318720,67,1.225954556,0.142569640,0.033300128,1.110180006
1,264,211318720,67,1.470090165,0.142569640,0.033300128,1.125429790
25,264,211318720,67,1.868945538,0.142569640,0.033300128,1.137200368
23,264,211318720,67,1.937258151,0.142569640,0.033300128,1.160503728
4,264,211318720,67,2.120374844,0.142569640,0.033300128,1.195891728
30,264,211318720,67,2.339944494,0.142569640,0.033300128,1.227537433
21,264,211318720,67,2.467304551,0.142569640,0.033300128,1.270874519
20,264,211318720,67,2.996920999,0.142569640,0.033300128,1.190944603
3,264,211318720,67,3.322437349,0.142569640,0.033300128,1.253880032
9,264,211318720,67,3.351961787,0.142569640,0.033300128,1.293609697
11,264,211318720,67,3.470429786,0.142569640,0.033300128,1.411766797
22,264,211318720,67,3.473540127,0.142569640,0.033300128,1.413084499
2,264,211318720,67,4.598912773,0.142569640,0.033300128,1.135707795
27,264,211318720,67,5.019877585,0.142569640,0.033300128,1.096868885
15,264,211318720,67,7.273015750,0.142569640,0.033300128,0.444777362
12,264,211318720,67,7.668906183,0.142569640,0.033300128,0.313302312
10,265,211318720,67,0.492477627,0.142569640,0.011500491,0.253741143
24,265,211318720,67,0.556724838,0.142569640,0.011500491,0.555770154
17,265,211318720,67,0.557098143,0.142569640,0.011500491,0.557392700
14,265,211318720,67,0.561084416,0.142569640,0.011500491,0.572057214
18,265,211318720,67,0.594830857,0.142569640,0.011500491,0.674726307
1,265,211318720,67,0.597224130,0.142569640,0.011500491,0.680228217
16,265,211318720,67,0.635658641,0.142569640,0.011500491,0.749513889
23,265,211318720,67,0.645752717,0.142569640,0.011500491,0.766770657
29,265,211318720,67,0.653060652,0.142569640,0.011500491,0.774049805
6,265,211318720,67,0.771355406,0.142569640,0.011500491,0.814121396
5,265,211318720,67,0.987773590,0.142569640,0.011500491,0.838735003
26,265,211318720,67,1.225954556,0.142569640,0.011500491,0.878155654
28,265,211318720,67,1.337024480,0.142569640,0.011500491,0.940333897
13,265,211318720,67,1.443398076,0.142569640,0.011500491,1.003430726
19,265,211318720,67,1.542640440,0.142569640,0.011500491,1.086327302
8,265,211318720,67,1.607722774,0.142569640,0.011500491,1.107601122
7,265,211318720,67,1.764735355,0.142569640,0.011500491,1.146638711
25,265,211318720,67,1.993541907,0.142569640,0.011500491,1.167525861
3,265,211318720,67,2.622976855,0.142569640,0.011500491,1.054690194
12,265,211318720,67,2.825386488,0.142569640,0.011500491,1.083418153
20,265,211318720,67,2.996920999,0.142569640,0.011500491,1.207907841
22,265,211318720,67,3.010401443,0.142569640,0.011500491,1.212010817
9,265,211318720,67,3.351961787,0.142569640,0.011500491,1.190964004
30,265,211318720,67,4.241149396,0.142569640,0.011500491,1.061803600
27,265,211318720,67,4.327480677,0.142569640,0.011500491,1.148313227
11,265,211318720,67,4.338037233,0.142569640,0.011500491,1.152054231
4,265,211318720,67,4.505796543,0.142569640,0.011500491,1.192281178
2,265,211318720,67,5.644120222,0.142569640,0.011500491,0.911041375
21,265,211318720,67,6.832535680,0.142569640,0.011500491,0.608533301
15,265,211318720,67,7.493410167,0.142569640,0.011500491,0.389089628
18,266,211318720,67,0.457562198,0.142569640,0.053591132,0.141958920
1,266,211318720,67,0.459403177,0.142569640,0.053591132,0.143889302
24,266,211318720,67,0.599549825,0.142569640,0.053591132,0.345930728
29,266,211318720,67,0.612244361,0.142569640,0.053591132,0.366860565
16,266,211318720,67,0.684555460,0.142569640,0.053591132,0.507085587
13,266,211318720,67,0.698418424,0.142569640,0.053591132,0.530239163
7,266,211318720,67,0.756315152,0.142569640,0.053591132,0.638504250
19,266,211318720,67,0.796201518,0.142569640,0.053591132,0.704790474
14,266,211318720,67,0.841626623,0.142569640,0.053591132,0.779157762
6,266,211318720,67,0.881549036,0.142569640,0.053591132,0.843712138
23,266,211318720,67,0.939276679,0.142569640,0.053591132,0.901035536
5,266,211318720,67,0.987773590,0.142569640,0.053591132,0.936148831
8,266,211318720,67,1.102438473,0.142569640,0.053591132,0.974552892
17,266,211318720,67,1.299895668,0.142569640,0.053591132,1.004962561
10,266,211318720,67,1.674423931,0.142569640,0.053591132,1.033410612
28,266,211318720,67,1.733179882,0.142569640,0.053591132,1.053884223
25,266,211318720,67,1.993541907,0.142569640,0.053591132,1.098458834
22,266,211318720,67,2.084124076,0.142569640,0.053591132,1.149908869
30,266,211318720,67,2.193697963,0.142569640,0.053591132,1.187630635
27,266,211318720,67,2.596488406,0.142569640,0.053591132,1.227058469
3,266,211318720,67,2.622976855,0.142569640,0.053591132,1.235787274
15,266,211318720,67,2.865127417,0.142569640,0.053591132,1.249896637
21,266,211318720,67,3.036682524,0.142569640,0.053591132,1.314561494
9,266,211318720,67,3.142464176,0.142569640,0.053591132,1.349725957
4,266,211318720,67,3.445609121,0.142569640,0.053591132,1.343409373
11,266,211318720,67,4.048834751,0.142569640,0.053591132,1.245573806
26,266,211318720,67,4.631383878,0.142569640,0.053591132,1.149544900
20,266,211318720,67,4.869996623,0.142569640,0.053591132,1.166842562
12,266,211318720,67,6.054399618,0.142569640,0.053591132,0.879443112
2,266,211318720,67,7.734535119,0.142569640,0.053591132,0.326340744
18,267,211318720,67,0.594830857,0.142569640,0.163605437,0.354119733
13,267,211318720,67,0.605295968,0.142569640,0.163605437,0.385872252
29,267,211318720,67,0.612244361,0.142569640,0.163605437,0.401999260
5,267,211318720,67,0.628583194,0.142569640,0.163605437,0.429355279
16,267,211318720,67,0.684555460,0.142569640,0.163605437,0.534805891
17,267,211318720,67,0.696372679,0.142569640,0.163605437,0.554410882
10,267,211318720,67,0.787964203,0.142569640,0.163605437,0.705912517
28,267,211318720,67,0.792310803,0.142569640,0.163605437,0.710422070
14,267,211318720,67,0.841626623,0.142569640,0.163605437,0.726844890
24,267,211318720,67,1.027799701,0.142569640,0.163605437,0.919120858
19,267,211318720,67,1.045014492,0.142569640,0.163605437,0.937053813
1,267,211318720,67,1.056627306,0.142569640,0.163605437,0.941251857
8,267,211318720,67,1.653657710,0.142569640,0.163605437,0.950525265
21,267,211318720,67,1.708133920,0.142569640,0.163605437,1.027137317
7,267,211318720,67,1.714314345,0.142569640,0.163605437,1.033718567
6,267,211318720,67,1.818194886,0.142569640,0.163605437,1.199754774
25,267,211318720,67,1.868945538,0.142569640,0.163605437,1.285647853
2,267,211318720,67,1.881373407,0.142569640,0.163605437,1.297850701
23,267,211318720,67,1.937258151,0.142569640,0.163605437,1.316323545
4,267,211318720,67,2.120374844,0.142569640,0.163605437,1.395863192
30,267,211318720,67,2.193697963,0.142569640,0.163605437,1.421580755
3,267,211318720,67,2.797841978,0.142569640,0.163605437,1.404425618
20,267,211318720,67,2.809613436,0.142569640,0.163605437,1.408345786
9,267,211318720,67,3.142464176,0.142569640,0.163605437,1.393651336
11,267,211318720,67,4.338037233,0.142569640,0.163605437,1.181622958
26,267,211318720,67,4.358949532,0.142569640,0.163605437,1.188953623
27,267,211318720,67,5.712274493,0.142569640,0.163605437,0.876769809
22,267,211318720,67,5.789233545,0.142569640,0.163605437,0.903849791
12,267,211318720,67,7.063466221,0.142569640,0.163605437,0.575695473
15,267,211318720,67,7.934199001,0.142569640,0.163605437,0.291733156
28,268,211318720,67,0.544713677,0.142569640,0.037528336,0.192089744
23,268,211318720,67,0.587047924,0.142569640,0.037528336,0.312507382
14,268,211318720,67,0.641239332,0.142569640,0.037528336,0.439682323
17,268,211318720,67,0.649947834,0.142569640,0.037528336,0.454448028
29,268,211318720,67,0.653060652,0.142569640,0.037528336,0.457713280
19,268,211318720,67,0.696676328,0.142569640,0.037528336,0.480370272
6,268,211318720,67,0.826452221,0.142569640,0.037528336,0.551929860
10,268,211318720,67,0.935707491,0.142569640,0.037528336,0.723779011
18,268,211318720,67,0.960880615,0.142569640,0.037528336,0.748801889
24,268,211318720,67,0.984974713,0.142569640,0.037528336,0.756893991
8,268,211318720,67,1.332113155,0.142569640,0.037528336,0.859325859
5,268,211318720,67,1.346963987,0.142569640,0.037528336,0.874305201
16,268,211318720,67,1.418007738,0.142569640,0.037528336,0.927724475
1,268,211318720,67,1.516030483,0.142569640,0.037528336,1.010754803
13,268,211318720,67,1.583081761,0.142569640,0.037528336,1.075171974
7,268,211318720,67,1.663893335,0.142569640,0.037528336,1.101980120
25,268,211318720,67,1.868945538,0.142569640,0.037528336,1.188244728
3,268,211318720,67,1.923516360,0.142569640,0.037528336,1.221807226
26,268,211318720,67,2.043257593,0.142569640,0.037528336,1.306798654
4,268,211318720,67,2.120374844,0.142569640,0.037528336,1.332333984
12,268,211318720,67,2.421759847,0.142569640,0.037528336,1.357287351
9,268,211318720,67,2.513971340,0.142569640,0.037528336,1.450105040
27,268,211318720,67,2.596488406,0.142569640,0.037528336,1.547936437
20,268,211318720,67,2.622305874,0.142569640,0.037528336,1.573574243
2,268,211318720,67,2.717539366,0.142569640,0.037528336,1.660439652
22,268,211318720,67,2.778832101,0.142569640,0.037528336,1.680453608
15,268,211318720,67,3.085521834,0.142569640,0.037528336,1.674074965
30,268,211318720,67,5.118628581,0.142569640,0.037528336,1.180622268
21,268,211318720,67,5.124401760,0.142569640,0.037528336,1.182631877
11,268,211318720,67,9.832884395,0.142569640,0.037528336,0.000004764
24,269,211318720,67,0.385424888,0.142569640,0.007284258,0.120494532
5,269,211318720,67,0.448987996,0.142569640,0.007284258,0.225059691
8,269,211318720,67,0.505284300,0.142569640,0.007284258,0.353512278
14,269,211318720,67,0.521006957,0.142569640,0.007284258,0.389736482
28,269,211318720,67,0.594233102,0.142569640,0.007284258,0.603492926
17,269,211318720,67,0.603522989,0.142569640,0.007284258,0.631876275
16,269,211318720,67,0.635658641,0.142569640,0.007284258,0.716717539
18,269,211318720,67,0.686343296,0.142569640,0.007284258,0.851803797
10,269,211318720,67,0.689468677,0.142569640,0.007284258,0.861126891
19,269,211318720,67,0.696676328,0.142569640,0.007284258,0.878261867
23,269,211318720,67,0.763162302,0.142569640,0.007284258,0.988617167
7,269,211318720,67,0.806736162,0.142569640,0.007284258,1.031990870
6,269,211318720,67,0.826452221,0.142569640,0.007284258,1.038985374
13,269,211318720,67,1.164030707,0.142569640,0.007284258,1.020940065
29,269,211318720,67,1.346937595,0.142569640,0.007284258,1.054466094
1,269,211318720,67,1.516030483,0.142569640,0.007284258,1.095043353
20,269,211318720,67,2.247690749,0.142569640,0.007284258,1.030591026
3,269,211318720,67,2.273246608,0.142569640,0.007284258,1.039485211
12,269,211318720,67,2.421759847,0.142569640,0.007284258,1.086851569
21,269,211318720,67,2.846889867,0.142569640,0.007284258,1.042691656
22,269,211318720,67,3.010401443,0.142569640,0.007284258,1.158398217
30,269,211318720,67,3.071177149,0.142569640,0.007284258,1.260126224
2,269,211318720,67,3.135622345,0.142569640,0.007284258,1.324451469
9,269,211318720,67,3.142464176,0.142569640,0.007284258,1.326771871
15,269,211318720,67,3.305916250,0.142569640,0.007284258,1.458017778
4,269,211318720,67,3.313085693,0.142569640,0.007284258,1.460463720
25,269,211318720,67,3.613294707,0.142569640,0.007284258,1.457170226
26,269,211318720,67,4.222732359,0.142569640,0.007284258,1.353935542
27,269,211318720,67,6.231572174,0.142569640,0.007284258,0.786587965
11,269,211318720,67,10.122086877,0.142569640,0.007284258,0.000004764
13,270,211318720,67,0.465612283,0.142569640,0.110899456,0.134989305
23,270,211318720,67,0.528343132,0.142569640,0.110899456,0.231880463
7,270,211318720,67,0.554631112,0.142569640,0.110899456,0.284487247
14,270,211318720,67,0.641239332,0.142569640,0.110899456,0.613406175
17,270,211318720,67,0.649947834,0.142569640,0.110899456,0.651299344
1,270,211318720,67,0.689104765,0.142569640,0.110899456,0.795854836
28,270,211318720,67,0.693271953,0.142569640,0.110899456,0.808636749
18,270,211318720,67,0.732099516,0.142569640,0.110899456,0.899853815
16,270,211318720,67,0.733452279,0.142569640,0.110899456,0.901914035
8,270,211318720,67,0.734958982,0.142569640,0.110899456,0.903561226
19,270,211318720,67,0.746438923,0.142569640,0.110899456,0.907736908
6,270,211318720,67,1.212129924,0.142569640,0.110899456,0.910405359
29,270,211318720,67,1.265305013,0.142569640,0.110899456,0.928510633
24,270,211318720,67,1.413224588,0.142569640,0.110899456,1.118387750
10,270,211318720,67,1.428185117,0.142569640,0.110899456,1.143385329
25,270,211318720,67,1.495156430,0.142569640,0.110899456,1.210235494
5,270,211318720,67,1.526559185,0.142569640,0.110899456,1.220575487
26,270,211318720,67,2.179474766,0.142569640,0.110899456,1.096757351
3,270,211318720,67,2.448111731,0.142569640,0.110899456,1.104300196
12,270,211318720,67,2.623573168,0.142569640,0.110899456,1.142592545
20,270,211318720,67,2.996920999,0.142569640,0.110899456,1.112636793
15,270,211318720,67,3.526310667,0.142569640,0.110899456,1.034631249
27,270,211318720,67,4.154381450,0.142569640,0.110899456,0.919966859
11,270,211318720,67,4.627239715,0.142569640,0.110899456,0.917423677
30,270,211318720,67,4.679888989,0.142569640,0.110899456,0.936921801
9,270,211318720,67,4.818445069,0.142569640,0.110899456,1.038733868
4,270,211318720,67,4.903366826,0.142569640,0.110899456,1.124874547
21,270,211318720,67,4.934609102,0.142569640,0.110899456,1.135100633
22,270,211318720,67,5.557664203,0.142569640,0.110899456,1.025632032
2,270,211318720,67,5.644120222,0.142569640,0.110899456,0.996813515
13,271,211318720,67,0.465612283,0.142569640,0.009485868,0.173828317
23,271,211318720,67,0.528343132,0.142569640,0.009485868,0.344855850
5,271,211318720,67,0.538785595,0.142569640,0.009485868,0.383123932
29,271,211318720,67,0.571428070,0.142569640,0.009485868,0.539534958
24,271,211318720,67,0.642374813,0.142569640,0.009485868,0.940632365
8,271,211318720,67,0.643089109,0.142569640,0.009485868,0.944252519
28,271,211318720,67,0.643752528,0.142569640,0.009485868,0.947066993
7,271,211318720,67,0.655473132,0.142569640,0.009485868,0.996807792
18,271,211318720,67,0.686343296,0.142569640,0.009485868,1.127396737
1,271,211318720,67,0.689104765,0.142569640,0.009485868,1.137194798
17,271,211318720,67,0.696372679,0.142569640,0.009485868,1.159328477
19,271,211318720,67,0.696676328,0.142569640,0.009485868,1.160067509
6,271,211318720,67,0.716258591,0.142569640,0.009485868,1.192433424
10,271,211318720,67,0.787964203,0.142569640,0.009485868,1.265480811
14,271,211318720,67,0.801549165,0.142569640,0.009485868,1.269851294
4,271,211318720,67,1.192710850,0.142569640,0.009485868,1.236276732
16,271,211318720,67,1.515801376,0.142569640,0.009485868,1.256964783
30,271,211318720,67,1.608711840,0.142569640,0.009485868,1.290999435
3,271,211318720,67,1.748651237,0.142569640,0.009485868,1.352857773
25,271,211318720,67,1.868945538,0.142569640,0.009485868,1.394039907
27,271,211318720,67,2.077190725,0.142569640,0.009485868,1.419185528
21,271,211318720,67,2.657097209,0.142569640,0.009485868,1.381489162
2,271,211318720,67,2.717539366,0.142569640,0.009485868,1.402463486
22,271,211318720,67,3.241970785,0.142569640,0.009485868,1.350813881
9,271,211318720,67,3.351961787,0.142569640,0.009485868,1.386128236
26,271,211318720,67,3.950298013,0.142569640,0.009485868,1.280565934
20,271,211318720,67,4.120766373,0.142569640,0.009485868,1.337056553
12,271,211318720,67,4.238079733,0.142569640,0.009485868,1.376142530
11,271,211318720,67,4.627239715,0.142569640,0.009485868,1.342686855
15,271,211318720,67,6.611832500,0.142569640,0.009485868,0.690280240
29,272,211318720,67,0.489795489,0.142569640,0.077193826,0.093002994
18,272,211318720,67,0.594830857,0.142569640,0.077193826,0.338853983
24,272,211318720,67,0.599549825,0.142569640,0.077193826,0.352948749
14,272,211318720,67,0.641239332,0.142569640,0.077193826,0.545911747
5,272,211318720,67,0.673481993,0.142569640,0.077193826,0.685303732
10,272,211318720,67,0.689468677,0.142569640,0.077193826,0.743542299
1,272,211318720,67,0.735045083,0.142569640,0.077193826,0.881102152
28,272,211318720,67,0.742791378,0.142569640,0.077193826,0.901214623
13,272,211318720,67,0.744979652,0.142569640,0.077193826,0.906026456
19,272,211318720,67,0.746438923,0.142569640,0.077193826,0.908533351
7,272,211318720,67,0.756315152,0.142569640,0.077193826,0.918605859
6,272,211318720,67,0.881549036,0.142569640,0.077193826,0.963118498
16,272,211318720,67,1.026833190,0.142569640,0.077193826,1.047700023
17,272,211318720,67,1.114196287,0.142569640,0.077193826,1.076218195
8,272,211318720,67,1.378048092,0.142569640,0.077193826,1.083765187
3,272,211318720,67,1.573786113,0.142569640,0.077193826,1.112614243
26,272,211318720,67,1.907040420,0.142569640,0.077193826,1.132953138
25,272,211318720,67,1.993541907,0.142569640,0.077193826,1.217360907
27,272,211318720,67,2.077190725,0.142569640,0.077193826,1.300451884
23,272,211318720,67,2.113372528,0.142569640,0.077193826,1.336018432
12,272,211318720,67,2.219946527,0.142569640,0.077193826,1.413698329
2,272,211318720,67,2.299456387,0.142569640,0.077193826,1.441355708
21,272,211318720,67,2.657097209,0.142569640,0.077193826,1.420257432
9,272,211318720,67,2.932966564,0.142569640,0.077193826,1.422698111
4,272,211318720,67,3.445609121,0.142569640,0.077193826,1.387609223
15,272,211318720,67,3.526310667,0.142569640,0.077193826,1.415125916
11,272,211318720,67,3.759632269,0.142569640,0.077193826,1.499974175
30,272,211318720,67,3.802409803,0.142569640,0.077193826,1.514406626
22,272,211318720,67,5.557664203,0.142569640,0.077193826,1.031897604
20,272,211318720,67,6.368457122,0.142569640,0.077193826,0.767513516
14,273,211318720,67,0.480929499,0.142569640,0.005374602,0.121957730
8,273,211318720,67,0.551219237,0.142569640,0.005374602,0.241928134
17,273,211318720,67,0.603522989,0.142569640,0.005374602,0.370752698
13,273,211318720,67,0.605295968,0.142569640,0.005374602,0.374973398
10,273,211318720,67,0.689468677,0.142569640,0.005374602,0.516657803
19,273,211318720,67,0.696676328,0.142569640,0.005374602,0.524125605
16,273,211318720,67,0.733452279,0.142569640,0.005374602,0.536393077
5,273,211318720,67,1.077571189,0.142569640,0.005374602,0.559458128
6,273,211318720,67,1.157033109,0.142569640,0.005374602,0.587068389
24,273,211318720,67,1.327574613,0.142569640,0.005374602,0.825376387
1,273,211318720,67,1.332269212,0.142569640,0.005374602,0.836394679
25,273,211318720,67,1.370560061,0.142569640,0.005374602,0.900430953
23,273,211318720,67,1.408915019,0.142569640,0.005374602,0.939514268
29,273,211318720,67,1.469386467,0.142569640,0.005374602,0.982086565
4,273,211318720,67,1.590281133,0.142569640,0.005374602,1.116820998
18,273,211318720,67,1.601467692,0.142569640,0.005374602,1.127830255
7,273,211318720,67,1.714314345,0.142569640,0.005374602,1.213237327
28,273,211318720,67,1.782699307,0.142569640,0.005374602,1.236393123
26,273,211318720,67,2.179474766,0.142569640,0.005374602,1.202484522
30,273,211318720,67,2.339944494,0.142569640,0.005374602,1.243278403
22,273,211318720,67,2.778832101,0.142569640,0.005374602,1.229937089
15,273,211318720,67,2.865127417,0.142569640,0.005374602,1.259382943
21,273,211318720,67,3.036682524,0.142569640,0.005374602,1.299973385
12,273,211318720,67,3.229013130,0.142569640,0.005374602,1.333130305
11,273,211318720,67,3.759632269,0.142569640,0.005374602,1.254778315
3,273,211318720,67,4.546493215,0.142569640,0.005374602,1.090533577
27,273,211318720,67,4.846778358,0.142569640,0.005374602,1.084748097
20,273,211318720,67,5.057304185,0.142569640,0.005374602,1.110885784
9,273,211318720,67,6.075430739,0.142569640,0.005374602,0.872413532
2,273,211318720,67,6.480286180,0.142569640,0.005374602,0.736053184
24,274,211318720,67,0.513899850,0.142569640,0.109956324,0.230438062
14,274,211318720,67,0.561084416,0.142569640,0.109956324,0.384968638
5,274,211318720,67,0.583684394,0.142569640,0.109956324,0.468304166
18,274,211318720,67,0.594830857,0.142569640,0.109956324,0.500818544
29,274,211318720,67,0.612244361,0.142569640,0.109956324,0.565713620
6,274,211318720,67,0.661161777,0.142569640,0.109956324,0.818957265
1,274,211318720,67,0.689104765,0.142569640,0.109956324,0.957954420
17,274,211318720,67,0.696372679,0.142569640,0.109956324,0.989393310
10,274,211318720,67,0.738716440,0.142569640,0.109956324,1.143773786
28,274,211318720,67,0.742791378,0.142569640,0.109956324,1.156027935
19,274,211318720,67,0.746438923,0.142569640,0.109956324,1.164593067
7,274,211318720,67,0.756315152,0.142569640,0.109956324,1.181114354
23,274,211318720,67,0.763162302,0.142569640,0.109956324,1.187978495
16,274,211318720,67,0.782349097,0.142569640,0.109956324,1.194636338
8,274,211318720,67,1.056503537,0.142569640,0.109956324,1.203314500
13,274,211318720,67,1.350275620,0.142569640,0.109956324,1.200963954
4,274,211318720,67,1.722804560,0.142569640,0.109956324,1.245803922
30,274,211318720,67,1.754958371,0.142569640,0.109956324,1.274939853
25,274,211318720,67,1.868945538,0.142569640,0.109956324,1.312776310
26,274,211318720,67,2.043257593,0.142569640,0.109956324,1.425100784
27,274,211318720,67,2.077190725,0.142569640,0.109956324,1.436660465
21,274,211318720,67,2.277511893,0.142569640,0.109956324,1.466896591
22,274,211318720,67,3.010401443,0.142569640,0.109956324,1.365141186
15,274,211318720,67,3.085521834,0.142569640,0.109956324,1.391031679
11,274,211318720,67,3.470429786,0.142569640,0.109956324,1.356658857
20,274,211318720,67,3.933458811,0.142569640,0.109956324,1.299631217
12,274,211318720,67,4.238079733,0.142569640,0.109956324,1.292481344
9,274,211318720,67,5.027942681,0.142569640,0.109956324,1.192692480
3,274,211318720,67,5.071088586,0.142569640,0.109956324,1.207153624
2,274,211318720,67,5.853161711,0.142569640,0.109956324,0.949332763
29,275,211318720,67,0.489795489,0.142569640,0.060872491,0.152849229
7,275,211318720,67,0.504210102,0.142569640,0.060872491,0.171005260
13,275,211318720,67,0.605295968,0.142569640,0.060872491,0.360490263
14,275,211318720,67,0.641239332,0.142569640,0.060872491,0.506356844
5,275,211318720,67,0.673481993,0.142569640,0.060872491,0.640858559
6,275,211318720,67,0.716258591,0.142569640,0.060872491,0.799135529
18,275,211318720,67,0.732099516,0.142569640,0.060872491,0.846918303
10,275,211318720,67,0.738716440,0.142569640,0.060872491,0.862488333
19,275,211318720,67,0.746438923,0.142569640,0.060872491,0.875311178
23,275,211318720,67,0.763162302,0.142569640,0.060872491,0.891308280
28,275,211318720,67,0.792310803,0.142569640,0.060872491,0.901357968
1,275,211318720,67,1.102567624,0.142569640,0.060872491,0.980414802
17,275,211318720,67,1.114196287,0.142569640,0.060872491,0.984281776
24,275,211318720,67,1.456049576,0.142569640,0.060872491,1.013625357
8,275,211318720,67,1.561787837,0.142569640,0.060872491,1.176361631
16,275,211318720,67,1.564698194,0.142569640,0.060872491,1.178776814
25,275,211318720,67,1.619752800,0.142569640,0.060872491,1.197612915
9,275,211318720,67,1.885478505,0.142569640,0.060872491,1.205418288
3,275,211318720,67,2.098381484,0.142569640,0.060872491,1.229787993
30,275,211318720,67,2.339944494,0.142569640,0.060872491,1.245235394
2,275,211318720,67,2.926580856,0.142569640,0.060872491,1.147297069
22,275,211318720,67,3.473540127,0.142569640,0.060872491,1.095712242
20,275,211318720,67,3.558843686,0.142569640,0.060872491,1.122576476
11,275,211318720,67,4.048834751,0.142569640,0.060872491,1.135618075
4,275,211318720,67,4.108226260,0.142569640,0.060872491,1.194983909
27,275,211318720,67,4.154381450,0.142569640,0.060872491,1.210206235
26,275,211318720,67,4.358949532,0.142569640,0.060872491,1.237341160
21,275,211318720,67,5.693779733,0.142569640,0.060872491,0.897267995
15,275,211318720,67,6.171043667,0.142569640,0.060872491,0.839308547
12,275,211318720,67,7.063466221,0.142569640,0.060872491,0.539251730
28,276,211318720,67,0.445674827,0.142569640,0.039810836,0.047119453
1,276,211318720,67,0.597224130,0.142569640,0.039810836,0.303704042
16,276,211318720,67,0.635658641,0.142569640,0.039810836,0.481727967
19,276,211318720,67,0.646913733,0.142569640,0.039810836,0.530598157
24,276,211318720,67,0.685199800,0.142569640,0.039810836,0.671908050
17,276,211318720,67,0.696372679,0.142569640,0.039810836,0.713264217
5,276,211318720,67,0.718380793,0.142569640,0.039810836,0.779605220
10,276,211318720,67,0.738716440,0.142569640,0.039810836,0.827735849
13,276,211318720,67,0.744979652,0.142569640,0.039810836,0.842650851
7,276,211318720,67,0.756315152,0.142569640,0.039810836,0.861490977
6,276,211318720,67,0.826452221,0.142569640,0.039810836,0.931416297
23,276,211318720,67,0.880571887,0.142569640,0.039810836,0.948405660
8,276,211318720,67,1.102438473,0.142569640,0.039810836,0.972215003
14,276,211318720,67,1.242401206,0.142569640,0.039810836,1.057607316
18,276,211318720,67,1.326930373,0.142569640,0.039810836,1.111981311
29,276,211318720,67,1.428570176,0.142569640,0.039810836,1.147237926
26,276,211318720,67,2.179474766,0.142569640,0.039810836,1.121493568
30,276,211318720,67,2.193697963,0.142569640,0.039810836,1.135449999
27,276,211318720,67,2.250289952,0.142569640,0.039810836,1.154784809
20,276,211318720,67,2.434998311,0.142569640,0.039810836,1.236892686
2,276,211318720,67,2.508497876,0.142569640,0.039810836,1.280442207
3,276,211318720,67,2.622976855,0.142569640,0.039810836,1.395704867
4,276,211318720,67,2.650468555,0.142569640,0.039810836,1.404830286
12,276,211318720,67,3.027199809,0.142569640,0.039810836,1.378547550
9,276,211318720,67,3.351961787,0.142569640,0.039810836,1.365262307
15,276,211318720,67,3.526310667,0.142569640,0.039810836,1.402991629
11,276,211318720,67,4.048834751,0.142569640,0.039810836,1.327535209
25,276,211318720,67,4.236276553,0.142569640,0.039810836,1.360398124
22,276,211318720,67,5.557664203,0.142569640,0.039810836,1.021399831
21,276,211318720,67,7.212120995,0.142569640,0.039810836,0.476452890
7,277,211318720,67,0.504210102,0.142569640,0.149815828,0.204123389
24,277,211318720,67,0.556724838,0.142569640,0.149815828,0.401055966
8,277,211318720,67,0.597154173,0.142569640,0.149815828,0.550288986
14,277,211318720,67,0.601161874,0.142569640,0.149815828,0.562548242
17,277,211318720,67,0.603522989,0.142569640,0.149815828,0.567973951
10,277,211318720,67,0.640220915,0.142569640,0.149815828,0.661162696
29,277,211318720,67,0.653060652,0.142569640,0.149815828,0.691406071
18,277,211318720,67,0.686343296,0.142569640,0.149815828,0.746042624
19,277,211318720,67,0.746438923,0.142569640,0.149815828,0.810717106
6,277,211318720,67,0.771355406,0.142569640,0.149815828,0.835792663
23,277,211318720,67,0.880571887,0.142569640,0.149815828,0.927205800
28,277,211318720,67,0.940869079,0.142569640,0.149815828,0.948284349
4,277,211318720,67,1.192710850,0.142569640,0.149815828,0.961262189
16,277,211318720,67,1.418007738,0.142569640,0.149815828,1.075240519
26,277,211318720,67,1.498388902,0.142569640,0.149815828,1.210131687
1,277,211318720,67,1.516030483,0.142569640,0.149815828,1.228392273
5,277,211318720,67,1.526559185,0.142569640,0.149815828,1.231942504
13,277,211318720,67,1.722765446,0.142569640,0.149815828,1.260997436
25,277,211318720,67,1.868945538,0.142569640,0.149815828,1.307210694
27,277,211318720,67,2.250289952,0.142569640,0.149815828,1.274521978
3,277,211318720,67,2.622976855,0.142569640,0.149815828,1.251140711
21,277,211318720,67,2.846889867,0.142569640,0.149815828,1.310588446
9,277,211318720,67,2.932966564,0.142569640,0.149815828,1.339866394
22,277,211318720,67,3.241970785,0.142569640,0.149815828,1.331126438
30,277,211318720,67,3.509916741,0.142569640,0.149815828,1.333232732
11,277,211318720,67,4.338037233,0.142569640,0.149815828,1.154030279
15,277,211318720,67,5.289466000,0.142569640,0.149815828,0.934154834
20,277,211318720,67,6.368457122,0.142569640,0.149815828,0.672653726
12,277,211318720,67,6.861652901,0.142569640,0.149815828,0.604999621
2,277,211318720,67,6.898369160,0.142569640,0.149815828,0.592765038






















































































































































































































































































































































































































































































































































































































































































































































































































































































































































































































































































































































































































































































































































































































































































































































































































































