client-id,round_number,workload,bg-workload,computation-time,client-queue-delay,propagation-delay,station-queue-delay
4,1,211318720,67,0.234315817,0.142569611,0.019037075,0.300962053
10,1,211318720,67,0.256746962,0.142569611,0.019037075,0.393615829
11,1,211318720,67,0.307296145,0.142569611,0.019037075,0.579897423
16,1,211318720,67,0.308736619,0.142569611,0.019037075,0.584339366
8,1,211318720,67,0.320898793,0.142569611,0.019037075,0.613050138
2,1,211318720,67,0.322876307,0.142569611,0.019037075,0.616236276
6,1,211318720,67,0.366385622,0.142569611,0.019037075,0.659859256
18,1,211318720,67,0.383998747,0.142569611,0.019037075,0.674510277
9,1,211318720,67,0.513365802,0.142569611,0.019037075,0.831597543
7,1,211318720,67,0.546457903,0.142569611,0.019037075,0.902947337
13,1,211318720,67,0.610218416,0.142569611,0.019037075,1.011163646
19,1,211318720,67,0.639616655,0.142569611,0.019037075,1.040030335
3,1,211318720,67,0.663109918,0.142569611,0.019037075,1.058990885
1,1,211318720,67,0.789062176,0.142569611,0.019037075,1.103020455
12,1,211318720,67,0.945352308,0.142569611,0.019037075,1.184623141
14,1,211318720,67,1.031384999,0.142569611,0.019037075,1.253015580
15,1,211318720,67,1.116684898,0.142569611,0.019037075,1.280512222
5,1,211318720,67,1.824258536,0.142569611,0.019037075,1.187969354
17,1,211318720,67,1.896146303,0.142569611,0.019037075,1.211657963
20,1,211318720,67,2.257366711,0.142569611,0.019037075,1.092919337
19,2,211318720,67,0.237772175,0.142569611,0.005863918,0.347261512
16,2,211318720,67,0.260706753,0.142569611,0.005863918,0.416115279
4,2,211318720,67,0.267160196,0.142569611,0.005863918,0.431318199
18,2,211318720,67,0.301070971,0.142569611,0.005863918,0.507437611
12,2,211318720,67,0.302606758,0.142569611,0.005863918,0.511109031
3,2,211318720,67,0.319290461,0.142569611,0.005863918,0.538984023
7,2,211318720,67,0.423346588,0.142569611,0.005863918,0.664697775
13,2,211318720,67,0.434644119,0.142569611,0.005863918,0.675700425
8,2,211318720,67,0.535153629,0.142569611,0.005863918,0.805672758
6,2,211318720,67,0.615215811,0.142569611,0.005863918,1.004811273
14,2,211318720,67,0.620453832,0.142569611,0.005863918,1.020718714
20,2,211318720,67,0.661357665,0.142569611,0.005863918,1.121020093
1,2,211318720,67,0.670679398,0.142569611,0.005863918,1.143025440
2,2,211318720,67,0.739576138,0.142569611,0.005863918,1.294774684
17,2,211318720,67,0.757735724,0.142569611,0.005863918,1.325089068
9,2,211318720,67,0.797075940,0.142569611,0.005863918,1.364586779
5,2,211318720,67,0.827379011,0.142569611,0.005863918,1.375079524
15,2,211318720,67,1.237330448,0.142569611,0.005863918,1.333280640
11,2,211318720,67,1.461303474,0.142569611,0.005863918,1.352957955
10,2,211318720,67,1.680701976,0.142569611,0.005863918,1.279933370
12,3,211318720,67,0.170050472,0.142569610,0.043893952,0.119224008
5,3,211318720,67,0.260706753,0.142569610,0.043893952,0.425618051
8,3,211318720,67,0.265169537,0.142569610,0.043893952,0.439051370
7,3,211318720,67,0.304117078,0.142569610,0.043893952,0.546131971
18,3,211318720,67,0.315211100,0.142569610,0.043893952,0.572055396
17,3,211318720,67,0.321654473,0.142569610,0.043893952,0.582848545
14,3,211318720,67,0.341878324,0.142569610,0.043893952,0.603727250
3,3,211318720,67,0.423346588,0.142569610,0.043893952,0.641424145
2,3,211318720,67,0.552859885,0.142569610,0.043893952,0.761071714
10,3,211318720,67,0.582632074,0.142569610,0.043893952,0.770763141
1,3,211318720,67,0.757735724,0.142569610,0.043893952,0.969426320
4,3,211318720,67,0.776878998,0.142569610,0.043893952,0.988160738
19,3,211318720,67,0.784674756,0.142569610,0.043893952,0.990395454
9,3,211318720,67,0.947065037,0.142569610,0.043893952,1.050176002
20,3,211318720,67,1.060038343,0.142569610,0.043893952,1.088739268
6,3,211318720,67,1.610014847,0.142569610,0.043893952,1.074241935
11,3,211318720,67,1.680701976,0.142569610,0.043893952,1.145869369
15,3,211318720,67,1.713347893,0.142569610,0.043893952,1.156709702
16,3,211318720,67,2.109842029,0.142569610,0.043893952,1.121372175
13,3,211318720,67,2.672887813,0.142569610,0.043893952,0.937491010
20,4,211318720,67,0.159832671,0.142569610,0.020926867,0.162033431
1,4,211318720,67,0.170050472,0.142569610,0.020926867,0.184706488
6,4,211318720,67,0.265169537,0.142569610,0.020926867,0.401918532
11,4,211318720,67,0.301060295,0.142569610,0.020926867,0.486681521
19,4,211318720,67,0.304117078,0.142569610,0.020926867,0.491994686
14,4,211318720,67,0.341878324,0.142569610,0.020926867,0.528906408
18,4,211318720,67,0.386616146,0.142569610,0.020926867,0.544808242
7,4,211318720,67,0.582632074,0.142569610,0.020926867,0.632390173
13,4,211318720,67,0.641821253,0.142569610,0.020926867,0.700192167
8,4,211318720,67,0.739576138,0.142569610,0.020926867,0.891894862
4,4,211318720,67,0.756462205,0.142569610,0.020926867,0.920386320
15,4,211318720,67,0.797075940,0.142569610,0.020926867,0.961164348
5,4,211318720,67,0.827379011,0.142569610,0.020926867,0.971685501
9,4,211318720,67,0.988766129,0.142569610,0.020926867,1.013051311
12,4,211318720,67,1.237330448,0.142569610,0.020926867,1.027868031
16,4,211318720,67,1.396250254,0.142569610,0.020926867,1.072181852
2,4,211318720,67,1.713347893,0.142569610,0.020926867,1.062179767
17,4,211318720,67,2.038813067,0.142569610,0.020926867,1.097062749
3,4,211318720,67,2.105592253,0.142569610,0.020926867,1.119319066
10,4,211318720,67,2.457349183,0.142569610,0.020926867,1.001763541
15,5,211318720,67,0.212159260,0.142569610,0.164620608,0.272310299
6,5,211318720,67,0.228738980,0.142569610,0.164620608,0.322423913
7,5,211318720,67,0.256746962,0.142569610,0.164620608,0.388613745
17,5,211318720,67,0.272470717,0.142569610,0.164620608,0.414862043
12,5,211318720,67,0.336410426,0.142569610,0.164620608,0.479378467
2,5,211318720,67,0.341878324,0.142569610,0.164620608,0.481374484
8,5,211318720,67,0.513365802,0.142569610,0.164620608,0.777680960
5,5,211318720,67,0.536351797,0.142569610,0.164620608,0.840537508
9,5,211318720,67,0.546457903,0.142569610,0.164620608,0.864177909
14,5,211318720,67,0.574706598,0.142569610,0.164620608,0.934432610
20,5,211318720,67,0.582632074,0.142569610,0.164620608,0.952913388
13,5,211318720,67,0.665658623,0.142569610,0.164620608,1.152387032
10,5,211318720,67,0.693604386,0.142569610,0.164620608,1.233528818
4,5,211318720,67,0.705718568,0.142569610,0.164620608,1.260994558
3,5,211318720,67,0.757735724,0.142569610,0.164620608,1.347430868
11,5,211318720,67,0.769100771,0.142569610,0.164620608,1.359231311
16,5,211318720,67,0.812666156,0.142569610,0.164620608,1.373631587
18,5,211318720,67,0.988766129,0.142569610,0.164620608,1.475798660
19,5,211318720,67,1.031384999,0.142569610,0.164620608,1.490007719
1,5,211318720,67,1.131835844,0.142569610,0.164620608,1.456526353
1,6,211318720,67,0.170050472,0.142569610,0.056128338,0.145213506
18,6,211318720,67,0.217930335,0.142569610,0.056128338,0.273331130
5,6,211318720,67,0.276768636,0.142569610,0.056128338,0.453739315
12,6,211318720,67,0.297778627,0.142569610,0.056128338,0.528652588
15,6,211318720,67,0.312623293,0.142569610,0.056128338,0.573222006
4,6,211318720,67,0.336410426,0.142569610,0.056128338,0.628271350
7,6,211318720,67,0.370342648,0.142569610,0.056128338,0.684481457
3,6,211318720,67,0.403555524,0.142569610,0.056128338,0.724069286
16,6,211318720,67,0.423346588,0.142569610,0.056128338,0.753834635
17,6,211318720,67,0.536099314,0.142569610,0.056128338,1.001196186
8,6,211318720,67,0.551085968,0.142569610,0.056128338,1.025905127
19,6,211318720,67,0.571552406,0.142569610,0.056128338,1.046572488
2,6,211318720,67,0.582632074,0.142569610,0.056128338,1.050337631
14,6,211318720,67,0.740833922,0.142569610,0.056128338,1.156219974
9,6,211318720,67,0.789062176,0.142569610,0.056128338,1.173589929
6,6,211318720,67,1.237330448,0.142569610,0.056128338,1.120257683
13,6,211318720,67,1.511291707,0.142569610,0.056128338,1.124905538
10,6,211318720,67,1.713347893,0.142569610,0.056128338,1.150366095
11,6,211318720,67,1.865638838,0.142569610,0.056128338,1.192683589
20,6,211318720,67,1.947242268,0.142569610,0.056128338,1.165484646
15,7,211318720,67,0.168914176,0.142569610,0.108653501,0.232353597
10,7,211318720,67,0.224084398,0.142569610,0.108653501,0.454136236
5,7,211318720,67,0.237772175,0.142569610,0.108653501,0.504745511
20,7,211318720,67,0.267160196,0.142569610,0.108653501,0.592282373
12,7,211318720,67,0.275318730,0.142569610,0.108653501,0.611364141
4,7,211318720,67,0.278869708,0.142569610,0.108653501,0.617802539
17,7,211318720,67,0.312623293,0.142569610,0.108653501,0.674918313
16,7,211318720,67,0.336410426,0.142569610,0.108653501,0.698511937
1,7,211318720,67,0.420895631,0.142569610,0.108653501,0.726543409
9,7,211318720,67,0.615215811,0.142569610,0.108653501,0.982156541
11,7,211318720,67,0.629905459,0.142569610,0.108653501,1.006620056
6,7,211318720,67,0.641821253,0.142569610,0.108653501,1.018621332
7,7,211318720,67,0.661357665,0.142569610,0.108653501,1.029584167
8,7,211318720,67,0.797075940,0.142569610,0.108653501,1.182600479
3,7,211318720,67,0.827240809,0.142569610,0.108653501,1.212833616
2,7,211318720,67,0.891643720,0.142569610,0.108653501,1.271770631
14,7,211318720,67,0.979722881,0.142569610,0.108653501,1.300516368
13,7,211318720,67,1.714394872,0.142569610,0.108653501,1.194986776
18,7,211318720,67,1.793468726,0.142569610,0.108653501,1.222391223
19,7,211318720,67,1.923800267,0.142569610,0.108653501,1.178950719
12,8,211318720,67,0.260799843,0.142569610,0.081604049,0.458168630
14,8,211318720,67,0.275318730,0.142569610,0.081604049,0.530139584
6,8,211318720,67,0.277635449,0.142569610,0.081604049,0.540413393
2,8,211318720,67,0.277977303,0.142569610,0.081604049,0.541663422
18,8,211318720,67,0.320898793,0.142569610,0.081604049,0.670385901
10,8,211318720,67,0.341878324,0.142569610,0.081604049,0.718940599
3,8,211318720,67,0.344469294,0.142569610,0.081604049,0.723345932
15,8,211318720,67,0.373230917,0.142569610,0.081604049,0.752045034
17,8,211318720,67,0.403555524,0.142569610,0.081604049,0.762815774
5,8,211318720,67,0.560130122,0.142569610,0.081604049,0.961653324
11,8,211318720,67,0.567480814,0.142569610,0.081604049,0.974092026
4,8,211318720,67,0.647753259,0.142569610,0.081604049,1.105420147
7,8,211318720,67,0.657349375,0.142569610,0.081604049,1.114963274
1,8,211318720,67,0.714019269,0.142569610,0.081604049,1.137417765
20,8,211318720,67,0.852526209,0.142569610,0.081604049,1.183793537
9,8,211318720,67,1.002541407,0.142569610,0.081604049,1.230065332
19,8,211318720,67,1.237330448,0.142569610,0.081604049,1.248957966
16,8,211318720,67,2.042732406,0.142569610,0.081604049,1.077499614
8,8,211318720,67,2.257366711,0.142569610,0.081604049,1.102307290
13,8,211318720,67,2.791424288,0.142569610,0.081604049,0.922051245
13,9,211318720,67,0.237772175,0.142569610,0.016983626,0.526856546
8,9,211318720,67,0.267160196,0.142569610,0.016983626,0.677691185
15,9,211318720,67,0.270916061,0.142569610,0.016983626,0.696401844
3,9,211318720,67,0.275318730,0.142569610,0.016983626,0.715442599
7,9,211318720,67,0.276768636,0.142569610,0.016983626,0.720802994
6,9,211318720,67,0.278869708,0.142569610,0.016983626,0.727319373
9,9,211318720,67,0.307296145,0.142569610,0.016983626,0.793818899
11,9,211318720,67,0.322876307,0.142569610,0.016983626,0.819700831
1,9,211318720,67,0.325473414,0.142569610,0.016983626,0.822517111
19,9,211318720,67,0.404488862,0.142569610,0.016983626,0.849476441
17,9,211318720,67,0.739576138,0.142569610,0.016983626,0.979410554
14,9,211318720,67,0.789062176,0.142569610,0.016983626,1.061479119
5,9,211318720,67,0.812666156,0.142569610,0.016983626,1.085335847
16,9,211318720,67,0.827240809,0.142569610,0.016983626,1.090479200
20,9,211318720,67,1.523230982,0.142569610,0.016983626,0.995244826
2,9,211318720,67,1.610014847,0.142569610,0.016983626,1.049693898
18,9,211318720,67,1.713347893,0.142569610,0.016983626,1.126684246
12,9,211318720,67,1.793468726,0.142569610,0.016983626,1.199998155
4,9,211318720,67,1.865638838,0.142569610,0.016983626,1.224056466
10,9,211318720,67,1.923800267,0.142569610,0.016983626,1.204674244
17,10,211318720,67,0.226085727,0.142569610,0.078169756,0.232855278
2,10,211318720,67,0.261216707,0.142569610,0.078169756,0.344983271
4,10,211318720,67,0.308736619,0.142569610,0.078169756,0.507063851
11,10,211318720,67,0.315211100,0.142569610,0.078169756,0.527005050
7,10,211318720,67,0.320898793,0.142569610,0.078169756,0.540379270
5,10,211318720,67,0.361632437,0.142569610,0.078169756,0.609088222
18,10,211318720,67,0.393302416,0.142569610,0.078169756,0.641322126
9,10,211318720,67,0.423346588,0.142569610,0.078169756,0.651728504
16,10,211318720,67,0.615215811,0.142569610,0.078169756,0.781514815
19,10,211318720,67,0.629905459,0.142569610,0.078169756,0.796305327
12,10,211318720,67,0.740833922,0.142569610,0.078169756,0.948549477
20,10,211318720,67,0.784674756,0.142569610,0.078169756,1.021534180
14,10,211318720,67,0.827379011,0.142569610,0.078169756,1.064907661
10,10,211318720,67,0.864295067,0.142569610,0.078169756,1.081305440
8,10,211318720,67,1.002541407,0.142569610,0.078169756,1.128111248
15,10,211318720,67,1.160127393,0.142569610,0.078169756,1.179090862
6,10,211318720,67,1.290645430,0.142569610,0.078169756,1.302863180
3,10,211318720,67,1.311945561,0.142569610,0.078169756,1.310191654
13,10,211318720,67,1.947242268,0.142569610,0.078169756,1.195280648
1,10,211318720,67,2.457349183,0.142569610,0.078169756,1.026068317
15,11,211318720,67,0.168914176,0.142569610,0.025548762,0.185202519
2,11,211318720,67,0.260706753,0.142569610,0.025548762,0.526922856
19,11,211318720,67,0.261216707,0.142569610,0.025548762,0.528846307
4,11,211318720,67,0.276768636,0.142569610,0.025548762,0.574966862
17,11,211318720,67,0.278869708,0.142569610,0.025548762,0.579845857
3,11,211318720,67,0.286261592,0.142569610,0.025548762,0.592321607
11,11,211318720,67,0.301070971,0.142569610,0.025548762,0.607651393
10,11,211318720,67,0.393302416,0.142569610,0.025548762,0.639540177
1,11,211318720,67,0.546457903,0.142569610,0.025548762,0.790129002
6,11,211318720,67,0.617606167,0.142569610,0.025548762,0.975233770
7,11,211318720,67,0.632038567,0.142569610,0.025548762,1.009445086
20,11,211318720,67,0.659885080,0.142569610,0.025548762,1.056000522
14,11,211318720,67,0.706047967,0.142569610,0.025548762,1.102171171
5,11,211318720,67,0.714019269,0.142569610,0.025548762,1.107445302
8,11,211318720,67,0.852526209,0.142569610,0.025548762,1.153542823
12,11,211318720,67,1.290645430,0.142569610,0.025548762,1.127302778
13,11,211318720,67,1.396250254,0.142569610,0.025548762,1.162222895
16,11,211318720,67,1.714394872,0.142569610,0.025548762,1.151133262
9,11,211318720,67,1.857549577,0.142569610,0.025548762,1.198870531
18,11,211318720,67,2.038813067,0.142569610,0.025548762,1.138165317
10,12,211318720,67,0.170050472,0.142569612,0.037699696,0.218449667
8,12,211318720,67,0.228738980,0.142569612,0.037699696,0.419744680
9,12,211318720,67,0.245527101,0.142569612,0.037699696,0.471210628
7,12,211318720,67,0.256746962,0.142569612,0.037699696,0.505177747
19,12,211318720,67,0.275318730,0.142569612,0.037699696,0.548404258
20,12,211318720,67,0.301070971,0.142569612,0.037699696,0.611347627
14,12,211318720,67,0.336410426,0.142569612,0.037699696,0.693961040
3,12,211318720,67,0.386616146,0.142569612,0.037699696,0.776914407
5,12,211318720,67,0.423346588,0.142569612,0.037699696,0.813262387
18,12,211318720,67,0.434644119,0.142569612,0.037699696,0.823926648
11,12,211318720,67,0.567480814,0.142569612,0.037699696,1.086470854
4,12,211318720,67,0.610859170,0.142569612,0.037699696,1.187944798
2,12,211318720,67,0.615215811,0.142569612,0.037699696,1.195018400
13,12,211318720,67,0.617606167,0.142569612,0.037699696,1.197514651
16,12,211318720,67,0.670679398,0.142569612,0.037699696,1.213384361
1,12,211318720,67,1.160127393,0.142569612,0.037699696,1.146111635
17,12,211318720,67,1.396250254,0.142569612,0.037699696,1.163953984
12,12,211318720,67,1.713347893,0.142569612,0.037699696,1.151941094
15,12,211318720,67,2.264199624,0.142569612,0.037699696,1.063251691
6,12,211318720,67,2.672887813,0.142569612,0.037699696,0.927518188
5,13,211318720,67,0.168914176,0.142569612,0.017917002,0.180164397
3,13,211318720,67,0.237772175,0.142569612,0.017917002,0.514224094
19,13,211318720,67,0.256746962,0.142569612,0.017917002,0.595714083
16,13,211318720,67,0.278869708,0.142569612,0.017917002,0.677620642
4,13,211318720,67,0.286261592,0.142569612,0.017917002,0.704223023
17,13,211318720,67,0.302606758,0.142569612,0.017917002,0.753906515
9,13,211318720,67,0.307420428,0.142569612,0.017917002,0.765116599
11,13,211318720,67,0.319290461,0.142569612,0.017917002,0.785320174
6,13,211318720,67,0.320898793,0.142569612,0.017917002,0.786900507
1,13,211318720,67,0.420895631,0.142569612,0.017917002,0.840571290
7,13,211318720,67,0.546457903,0.142569612,0.017917002,1.107384696
10,13,211318720,67,0.551085968,0.142569612,0.017917002,1.118517520
15,13,211318720,67,0.571552406,0.142569612,0.017917002,1.151909426
12,13,211318720,67,0.620453832,0.142569612,0.017917002,1.201120896
8,13,211318720,67,0.663109918,0.142569612,0.017917002,1.215894756
20,13,211318720,67,0.812666156,0.142569612,0.017917002,1.260686578
2,13,211318720,67,1.461303474,0.142569612,0.017917002,1.142577727
14,13,211318720,67,1.610014847,0.142569612,0.017917002,1.190180795
18,13,211318720,67,1.793468726,0.142569612,0.017917002,1.225192477
13,13,211318720,67,2.791424288,0.142569612,0.017917002,0.890879558
8,14,211318720,67,0.159832671,0.142569612,0.029995324,0.093714177
19,14,211318720,67,0.265169537,0.142569612,0.029995324,0.453959545
12,14,211318720,67,0.272470717,0.142569612,0.029995324,0.480883670
7,14,211318720,67,0.301060295,0.142569612,0.029995324,0.567353530
10,14,211318720,67,0.319290461,0.142569612,0.029995324,0.610047183
17,14,211318720,67,0.321654473,0.142569612,0.029995324,0.613962524
2,14,211318720,67,0.326199144,0.142569612,0.029995324,0.618709096
13,14,211318720,67,0.386616146,0.142569612,0.029995324,0.679616874
1,14,211318720,67,0.468165215,0.142569612,0.029995324,0.745970060
3,14,211318720,67,0.552859885,0.142569612,0.029995324,0.838110613
14,14,211318720,67,0.632038567,0.142569612,0.029995324,0.918254418
9,14,211318720,67,0.663109918,0.142569612,0.029995324,0.927994061
11,14,211318720,67,0.979722881,0.142569612,0.029995324,1.000200041
16,14,211318720,67,0.995623028,0.142569612,0.029995324,1.005790696
4,14,211318720,67,1.160127393,0.142569612,0.029995324,1.048779279
15,14,211318720,67,1.396250254,0.142569612,0.029995324,1.063975320
18,14,211318720,67,1.610014847,0.142569612,0.029995324,1.090613409
5,14,211318720,67,1.793468726,0.142569612,0.029995324,1.125783636
20,14,211318720,67,1.987623278,0.142569612,0.029995324,1.157151946
6,14,211318720,67,2.264199624,0.142569612,0.029995324,1.066622568
15,15,211318720,67,0.224084398,0.142569612,0.015404319,0.229944374
12,15,211318720,67,0.260706753,0.142569612,0.015404319,0.315552053
17,15,211318720,67,0.301070971,0.142569612,0.015404319,0.404082246
10,15,211318720,67,0.312623293,0.142569612,0.015404319,0.431254109
16,15,211318720,67,0.319290461,0.142569612,0.015404319,0.442397281
11,15,211318720,67,0.420895631,0.142569612,0.015404319,0.563174630
7,15,211318720,67,0.434644119,0.142569612,0.015404319,0.583914327
4,15,211318720,67,0.535153629,0.142569612,0.015404319,0.819304015
14,15,211318720,67,0.567480814,0.142569612,0.015404319,0.916517143
2,15,211318720,67,0.582632074,0.142569612,0.015404319,0.952242492
1,15,211318720,67,0.610218416,0.142569612,0.015404319,0.998914831
6,15,211318720,67,0.647753259,0.142569612,0.015404319,1.037085475
3,15,211318720,67,0.670679398,0.142569612,0.015404319,1.044694974
8,15,211318720,67,0.873971227,0.142569612,0.015404319,1.073278515
5,15,211318720,67,1.096200980,0.142569612,0.015404319,1.244672226
20,15,211318720,67,1.128887111,0.142569612,0.015404319,1.299557359
13,15,211318720,67,1.160127393,0.142569612,0.015404319,1.330666575
18,15,211318720,67,1.204524366,0.142569612,0.015404319,1.344295313
9,15,211318720,67,1.987623278,0.142569612,0.015404319,1.184830570
19,15,211318720,67,2.457349183,0.142569612,0.015404319,1.032999700
3,16,211318720,67,0.190995170,0.142569612,0.012996381,0.297030152
13,16,211318720,67,0.217930335,0.142569612,0.012996381,0.431270636
11,16,211318720,67,0.260799843,0.142569612,0.012996381,0.648225669
5,16,211318720,67,0.276768636,0.142569612,0.012996381,0.728424040
10,16,211318720,67,0.286261592,0.142569612,0.012996381,0.769834284
20,16,211318720,67,0.307420428,0.142569612,0.012996381,0.847343943
1,16,211318720,67,0.308736619,0.142569612,0.012996381,0.851354440
19,16,211318720,67,0.315211100,0.142569612,0.012996381,0.866635788
18,16,211318720,67,0.320898793,0.142569612,0.012996381,0.876075494
6,16,211318720,67,0.366385622,0.142569612,0.012996381,0.922112584
4,16,211318720,67,0.393302416,0.142569612,0.012996381,0.940993771
2,16,211318720,67,0.520566537,0.142569612,0.012996381,1.045779046
15,16,211318720,67,0.571552406,0.142569612,0.012996381,1.096178636
14,16,211318720,67,0.672613130,0.142569612,0.012996381,1.230465359
12,16,211318720,67,0.706047967,0.142569612,0.012996381,1.285555937
9,16,211318720,67,0.776878998,0.142569612,0.012996381,1.357061462
8,16,211318720,67,0.804758036,0.142569612,0.012996381,1.366046382
17,16,211318720,67,1.523230982,0.142569612,0.012996381,1.272719725
16,16,211318720,67,1.596542165,0.142569612,0.012996381,1.296380653
7,16,211318720,67,2.257366711,0.142569612,0.012996381,1.078138993
13,17,211318720,67,0.159832671,0.142569612,0.166934118,0.120687074
11,17,211318720,67,0.190995170,0.142569612,0.166934118,0.145173575
6,17,211318720,67,0.312623293,0.142569612,0.166934118,0.187258158
17,17,211318720,67,0.546457903,0.142569612,0.166934118,0.455468018
7,17,211318720,67,0.567480814,0.142569612,0.166934118,0.532544911
12,17,211318720,67,0.610859170,0.142569612,0.166934118,0.688392703
14,17,211318720,67,0.620453832,0.142569612,0.166934118,0.720155624
4,17,211318720,67,0.639616655,0.142569612,0.166934118,0.777704229
19,17,211318720,67,0.657349375,0.142569612,0.166934118,0.818982442
18,17,211318720,67,0.663109918,0.142569612,0.166934118,0.828502635
1,17,211318720,67,0.714019269,0.142569612,0.166934118,0.880705939
8,17,211318720,67,0.757735724,0.142569612,0.166934118,0.895150374
16,17,211318720,67,0.945352308,0.142569612,0.166934118,1.072432766
5,17,211318720,67,0.954668946,0.142569612,0.166934118,1.088234730
2,17,211318720,67,1.031384999,0.142569612,0.166934118,1.164538583
3,17,211318720,67,1.060038343,0.142569612,0.166934118,1.174778292
20,17,211318720,67,1.273044793,0.142569612,0.166934118,1.201492389
15,17,211318720,67,1.793468726,0.142569612,0.166934118,1.134248093
10,17,211318720,67,1.923800267,0.142569612,0.166934118,1.177263224
9,17,211318720,67,2.791424288,0.142569612,0.166934118,0.889128418
8,18,211318720,67,0.260706753,0.142569612,0.071091354,0.282502436
10,18,211318720,67,0.265618424,0.142569612,0.071091354,0.294241812
16,18,211318720,67,0.304117078,0.142569612,0.071091354,0.366472641
19,18,211318720,67,0.325473414,0.142569612,0.071091354,0.402764114
5,18,211318720,67,0.366385622,0.142569612,0.071091354,0.443690484
6,18,211318720,67,0.434644119,0.142569612,0.071091354,0.510849492
20,18,211318720,67,0.534377012,0.142569612,0.071091354,0.669728284
7,18,211318720,67,0.552859885,0.142569612,0.071091354,0.712952558
13,18,211318720,67,0.610859170,0.142569612,0.071091354,0.872289438
17,18,211318720,67,0.661357665,0.142569612,0.071091354,0.991581102
3,18,211318720,67,0.670679398,0.142569612,0.071091354,1.007638668
1,18,211318720,67,0.705718568,0.142569612,0.071091354,1.043310411
12,18,211318720,67,0.706047967,0.142569612,0.071091354,1.043470061
2,18,211318720,67,0.867710627,0.142569612,0.071091354,1.178794294
11,18,211318720,67,0.873971227,0.142569612,0.071091354,1.181137453
15,18,211318720,67,1.022680714,0.142569612,0.071091354,1.273406855
18,18,211318720,67,1.128887111,0.142569612,0.071091354,1.403583994
14,18,211318720,67,1.131835844,0.142569612,0.071091354,1.406176186
4,18,211318720,67,1.237330448,0.142569612,0.071091354,1.441775004
9,18,211318720,67,1.290645430,0.142569612,0.071091354,1.424006226
5,19,211318720,67,0.159832671,0.142569612,0.092673443,0.067409217
16,19,211318720,67,0.278869708,0.142569612,0.092673443,0.275626063
10,19,211318720,67,0.297778627,0.142569612,0.092673443,0.307427011
1,19,211318720,67,0.312623293,0.142569612,0.092673443,0.322612485
19,19,211318720,67,0.393302416,0.142569612,0.092673443,0.366299618
3,19,211318720,67,0.513365802,0.142569612,0.092673443,0.525669710
11,19,211318720,67,0.567480814,0.142569612,0.092673443,0.685309351
9,19,211318720,67,0.610859170,0.142569612,0.092673443,0.795991177
6,19,211318720,67,0.617606167,0.142569612,0.092673443,0.813385214
4,19,211318720,67,0.647753259,0.142569612,0.092673443,0.892131751
14,19,211318720,67,0.659885080,0.142569612,0.092673443,0.923791383
12,19,211318720,67,0.740833922,0.142569612,0.092673443,1.124056519
17,19,211318720,67,0.757735724,0.142569612,0.092673443,1.163789331
13,19,211318720,67,0.776878998,0.142569612,0.092673443,1.196128560
7,19,211318720,67,0.797075940,0.142569612,0.092673443,1.216487725
15,19,211318720,67,0.867710627,0.142569612,0.092673443,1.281560051
2,19,211318720,67,0.948202507,0.142569612,0.092673443,1.307528514
18,19,211318720,67,1.461303474,0.142569612,0.092673443,1.229815823
8,19,211318720,67,1.896146303,0.142569612,0.092673443,1.181500861
20,19,211318720,67,1.947242268,0.142569612,0.092673443,1.164472231
20,20,211318720,67,0.212159260,0.142569612,0.020119781,0.256555762
12,20,211318720,67,0.267160196,0.142569612,0.020119781,0.491165561
5,20,211318720,67,0.275318730,0.142569612,0.020119781,0.521148702
17,20,211318720,67,0.297778627,0.142569612,0.020119781,0.588380169
1,20,211318720,67,0.309338144,0.142569612,0.020119781,0.615823436
11,20,211318720,67,0.320898793,0.142569612,0.020119781,0.635059640
13,20,211318720,67,0.344469294,0.142569612,0.020119781,0.659219088
14,20,211318720,67,0.361632437,0.142569612,0.020119781,0.665338015
8,20,211318720,67,0.574706598,0.142569612,0.020119781,0.782690293
10,20,211318720,67,0.639616655,0.142569612,0.020119781,0.963104642
9,20,211318720,67,0.670679398,0.142569612,0.020119781,1.042245637
15,20,211318720,67,0.706047967,0.142569612,0.020119781,1.148850569
7,20,211318720,67,0.714019269,0.142569612,0.020119781,1.167431092
3,20,211318720,67,0.739576138,0.142569612,0.020119781,1.209981115
6,20,211318720,67,0.804758036,0.142569612,0.020119781,1.274549216
19,20,211318720,67,0.812666156,0.142569612,0.020119781,1.277586284
16,20,211318720,67,0.954724739,0.142569612,0.020119781,1.388454498
2,20,211318720,67,1.002541407,0.142569612,0.020119781,1.436423789
4,20,211318720,67,1.096200980,0.142569612,0.020119781,1.467794977
18,20,211318720,67,1.273044793,0.142569612,0.020119781,1.409176441
7,21,211318720,67,0.159832671,0.142569612,0.088847220,0.099044463
2,21,211318720,67,0.226085727,0.142569612,0.088847220,0.278250341
20,21,211318720,67,0.301060295,0.142569612,0.088847220,0.528906114
3,21,211318720,67,0.301070971,0.142569612,0.088847220,0.528947196
6,21,211318720,67,0.308736619,0.142569612,0.088847220,0.546459162
16,21,211318720,67,0.325473414,0.142569612,0.088847220,0.573983381
8,21,211318720,67,0.370342648,0.142569612,0.088847220,0.648807171
19,21,211318720,67,0.403693813,0.142569612,0.088847220,0.689037710
13,21,211318720,67,0.468165215,0.142569612,0.088847220,0.754320784
18,21,211318720,67,0.536351797,0.142569612,0.088847220,0.855091024
15,21,211318720,67,0.610218416,0.142569612,0.088847220,0.929098846
12,21,211318720,67,0.629905459,0.142569612,0.088847220,0.936027049
9,21,211318720,67,0.827379011,0.142569612,0.088847220,1.017397056
4,21,211318720,67,0.891643720,0.142569612,0.088847220,1.068961571
10,21,211318720,67,1.002541407,0.142569612,0.088847220,1.264401586
17,21,211318720,67,1.022680714,0.142569612,0.088847220,1.297668995
1,21,211318720,67,1.031384999,0.142569612,0.088847220,1.306227768
5,21,211318720,67,1.131835844,0.142569612,0.088847220,1.339795176
14,21,211318720,67,1.290645430,0.142569612,0.088847220,1.382509411
11,21,211318720,67,1.511291707,0.142569612,0.088847220,1.308996718
19,22,211318720,67,0.261216707,0.142569612,0.001339861,0.458785796
4,22,211318720,67,0.279756404,0.142569612,0.001339861,0.539421566
11,22,211318720,67,0.297778627,0.142569612,0.001339861,0.605682603
3,22,211318720,67,0.308736619,0.142569612,0.001339861,0.638446798
13,22,211318720,67,0.312623293,0.142569612,0.001339861,0.647636302
5,22,211318720,67,0.319290461,0.142569612,0.001339861,0.658574290
17,22,211318720,67,0.326199144,0.142569612,0.001339861,0.665649788
12,22,211318720,67,0.366385622,0.142569612,0.001339861,0.678983837
14,22,211318720,67,0.571552406,0.142569612,0.001339861,0.860236349
16,22,211318720,67,0.620453832,0.142569612,0.001339861,0.979144623
1,22,211318720,67,0.629905459,0.142569612,0.001339861,1.001742223
6,22,211318720,67,0.672613130,0.142569612,0.001339861,1.074049315
7,22,211318720,67,0.706047967,0.142569612,0.001339861,1.107981359
15,22,211318720,67,0.756462205,0.142569612,0.001339861,1.124259050
8,22,211318720,67,1.273044793,0.142569612,0.001339861,1.050336010
2,22,211318720,67,1.714394872,0.142569612,0.001339861,0.998664637
10,22,211318720,67,1.857549577,0.142569612,0.001339861,1.130883378
9,22,211318720,67,1.923800267,0.142569612,0.001339861,1.196396761
18,22,211318720,67,1.947242268,0.142569612,0.001339861,1.204203752
20,22,211318720,67,2.791424288,0.142569612,0.001339861,0.924024845
12,23,211318720,67,0.261216707,0.142569608,0.027551653,0.474131671
15,23,211318720,67,0.277977303,0.142569608,0.027551653,0.569267460
17,23,211318720,67,0.301060295,0.142569608,0.027551653,0.683187914
16,23,211318720,67,0.307296145,0.142569608,0.027551653,0.709729974
8,23,211318720,67,0.309338144,0.142569608,0.027551653,0.717204263
6,23,211318720,67,0.320898793,0.142569608,0.027551653,0.752060673
10,23,211318720,67,0.347657612,0.142569608,0.027551653,0.814617820
19,23,211318720,67,0.361632437,0.142569608,0.027551653,0.838522737
14,23,211318720,67,0.383998747,0.142569608,0.027551653,0.860077004
3,23,211318720,67,0.386616146,0.142569608,0.027551653,0.860975530
9,23,211318720,67,0.535153629,0.142569608,0.027551653,0.980425635
18,23,211318720,67,0.629905459,0.142569608,0.027551653,1.177541469
7,23,211318720,67,0.639616655,0.142569608,0.027551653,1.193526240
4,23,211318720,67,0.654253417,0.142569608,0.027551653,1.208237203
2,23,211318720,67,0.714019269,0.142569608,0.027551653,1.262690475
1,23,211318720,67,0.804758036,0.142569608,0.027551653,1.293956963
20,23,211318720,67,0.979722881,0.142569608,0.027551653,1.329926682
11,23,211318720,67,1.160127393,0.142569608,0.027551653,1.385331865
5,23,211318720,67,1.273044793,0.142569608,0.027551653,1.423991532
13,23,211318720,67,1.396250254,0.142569608,0.027551653,1.382927458
16,24,211318720,67,0.224084398,0.142569608,0.006626995,0.234314633
14,24,211318720,67,0.232700882,0.142569608,0.006626995,0.260572655
5,24,211318720,67,0.304117078,0.142569608,0.006626995,0.485253725
1,24,211318720,67,0.325473414,0.142569608,0.006626995,0.549545480
7,24,211318720,67,0.326199144,0.142569608,0.006626995,0.551269169
17,24,211318720,67,0.366385622,0.142569608,0.006626995,0.617999064
8,24,211318720,67,0.386616146,0.142569608,0.006626995,0.637943965
13,24,211318720,67,0.420895631,0.142569608,0.006626995,0.649258149
11,24,211318720,67,0.659885080,0.142569608,0.006626995,0.687286897
3,24,211318720,67,0.769100771,0.142569608,0.006626995,0.813442467
6,24,211318720,67,0.827379011,0.142569608,0.006626995,0.882768575
20,24,211318720,67,0.860904080,0.142569608,0.006626995,0.922541347
2,24,211318720,67,0.954724739,0.142569608,0.006626995,1.129487568
15,24,211318720,67,0.995623028,0.142569608,0.006626995,1.197972531
12,24,211318720,67,1.002541407,0.142569608,0.006626995,1.205162372
18,24,211318720,67,1.022680714,0.142569608,0.006626995,1.212186624
10,24,211318720,67,1.396250254,0.142569608,0.006626995,1.193655487
4,24,211318720,67,1.523230982,0.142569608,0.006626995,1.238694117
19,24,211318720,67,1.923800267,0.142569608,0.006626995,1.203373739
9,24,211318720,67,2.105592253,0.142569608,0.006626995,1.143098603
17,25,211318720,67,0.168914176,0.142569608,0.110211492,0.315742877
13,25,211318720,67,0.170050472,0.142569608,0.110211492,0.321447623
3,25,211318720,67,0.217930335,0.142569608,0.110211492,0.555120085
12,25,211318720,67,0.260799843,0.142569608,0.110211492,0.740891832
20,25,211318720,67,0.275318730,0.142569608,0.110211492,0.794312372
1,25,211318720,67,0.276768636,0.142569608,0.110211492,0.798723867
8,25,211318720,67,0.282341637,0.142569608,0.110211492,0.811568053
16,25,211318720,67,0.301060295,0.142569608,0.110211492,0.842857251
7,25,211318720,67,0.304117078,0.142569608,0.110211492,0.845852841
6,25,211318720,67,0.321654473,0.142569608,0.110211492,0.851718792
9,25,211318720,67,0.520566537,0.142569608,0.110211492,0.954191040
14,25,211318720,67,0.610218416,0.142569608,0.110211492,1.101925327
5,25,211318720,67,0.610859170,0.142569608,0.110211492,1.102585864
10,25,211318720,67,0.661357665,0.142569608,0.110211492,1.169780675
15,25,211318720,67,0.757735724,0.142569608,0.110211492,1.267514980
18,25,211318720,67,0.775361478,0.142569608,0.110211492,1.273337568
2,25,211318720,67,0.947065037,0.142569608,0.110211492,1.312140826
4,25,211318720,67,1.160127393,0.142569608,0.110211492,1.380444209
19,25,211318720,67,1.237330448,0.142569608,0.110211492,1.406183864
11,25,211318720,67,1.290645430,0.142569608,0.110211492,1.388415088
19,26,211318720,67,0.159832671,0.142569608,0.040905558,0.214394713
9,26,211318720,67,0.217930335,0.142569608,0.040905558,0.387672687
4,26,211318720,67,0.234315817,0.142569608,0.040905558,0.443285256
12,26,211318720,67,0.245527101,0.142569608,0.040905558,0.476828030
8,26,211318720,67,0.270916061,0.142569608,0.040905558,0.536180199
6,26,211318720,67,0.297778627,0.142569608,0.040905558,0.581350896
11,26,211318720,67,0.361632437,0.142569608,0.040905558,0.644525444
3,26,211318720,67,0.366385622,0.142569608,0.040905558,0.646362893
16,26,211318720,67,0.520566537,0.142569608,0.040905558,0.840208221
17,26,211318720,67,0.535153629,0.142569608,0.040905558,0.864896021
10,26,211318720,67,0.571552406,0.142569608,0.040905558,0.902300123
14,26,211318720,67,0.654253417,0.142569608,0.040905558,0.957598898
5,26,211318720,67,0.756462205,0.142569608,0.040905558,1.023001917
13,26,211318720,67,0.852526209,0.142569608,0.040905558,1.053462740
18,26,211318720,67,1.060038343,0.142569608,0.040905558,1.081805523
1,26,211318720,67,1.461303474,0.142569608,0.040905558,1.152837766
2,26,211318720,67,1.511291707,0.142569608,0.040905558,1.202916705
20,26,211318720,67,1.535311201,0.142569608,0.040905558,1.211343550
7,26,211318720,67,2.038813067,0.142569608,0.040905558,1.143675429
15,26,211318720,67,2.264199624,0.142569608,0.040905558,1.068788477
12,27,211318720,67,0.159832671,0.142569608,0.000360858,0.138155700
17,27,211318720,67,0.234315817,0.142569608,0.000360858,0.421748179
18,27,211318720,67,0.265169537,0.142569608,0.000360858,0.571165020
16,27,211318720,67,0.272470717,0.142569608,0.000360858,0.602807090
14,27,211318720,67,0.307296145,0.142569608,0.000360858,0.731110813
4,27,211318720,67,0.309338144,0.142569608,0.000360858,0.737242585
6,27,211318720,67,0.312623293,0.142569608,0.000360858,0.744979284
1,27,211318720,67,0.341878324,0.142569608,0.000360858,0.792660119
2,27,211318720,67,0.373230917,0.142569608,0.000360858,0.823356958
10,27,211318720,67,0.383998747,0.142569608,0.000360858,0.827403217
11,27,211318720,67,0.571552406,0.142569608,0.000360858,0.948966502
13,27,211318720,67,0.639616655,0.142569608,0.000360858,1.016044992
3,27,211318720,67,0.652480462,0.142569608,0.000360858,1.020521069
15,27,211318720,67,0.804758036,0.142569608,0.000360858,1.148115837
20,27,211318720,67,0.826010299,0.142569608,0.000360858,1.169418490
9,27,211318720,67,0.945352308,0.142569608,0.000360858,1.282005393
5,27,211318720,67,0.979722881,0.142569608,0.000360858,1.294258690
8,27,211318720,67,1.535311201,0.142569608,0.000360858,1.207356675
7,27,211318720,67,1.865638838,0.142569608,0.000360858,1.193327021
19,27,211318720,67,2.105592253,0.142569608,0.000360858,1.115617119
11,28,211318720,67,0.159832671,0.142569608,0.003392398,0.139892661
3,28,211318720,67,0.226085727,0.142569608,0.003392398,0.529799425
4,28,211318720,67,0.265169537,0.142569608,0.003392398,0.750515702
6,28,211318720,67,0.277977303,0.142569608,0.003392398,0.814395599
12,28,211318720,67,0.301060295,0.142569608,0.003392398,0.914846566
9,28,211318720,67,0.301070971,0.142569608,0.003392398,0.914894575
16,28,211318720,67,0.302606758,0.142569608,0.003392398,0.919376359
13,28,211318720,67,0.307420428,0.142569608,0.003392398,0.930755844
5,28,211318720,67,0.308736619,0.142569608,0.003392398,0.932915902
7,28,211318720,67,0.312623293,0.142569608,0.003392398,0.936868083
1,28,211318720,67,0.325051214,0.142569608,0.003392398,0.941034968
2,28,211318720,67,0.672613130,0.142569608,0.003392398,1.015914436
14,28,211318720,67,0.714019269,0.142569608,0.003392398,1.061345824
10,28,211318720,67,0.776878998,0.142569608,0.003392398,1.163104812
19,28,211318720,67,0.852526209,0.142569608,0.003392398,1.239296446
18,28,211318720,67,0.864295067,0.142569608,0.003392398,1.243526836
20,28,211318720,67,1.160127393,0.142569608,0.003392398,1.239163721
17,28,211318720,67,1.311945561,0.142569608,0.003392398,1.282616153
15,28,211318720,67,1.461303474,0.142569608,0.003392398,1.327130902
8,28,211318720,67,1.865638838,0.142569608,0.003392398,1.196593389
12,29,211318720,67,0.232700882,0.142569608,0.095980145,0.353439750
19,29,211318720,67,0.260706753,0.142569608,0.095980145,0.437897394
11,29,211318720,67,0.265169537,0.142569608,0.095980145,0.448527488
10,29,211318720,67,0.265618424,0.142569608,0.095980145,0.449259871
17,29,211318720,67,0.281175525,0.142569608,0.095980145,0.464858771
13,29,211318720,67,0.344469294,0.142569608,0.095980145,0.486758197
1,29,211318720,67,0.520566537,0.142569608,0.095980145,0.745468184
15,29,211318720,67,0.546457903,0.142569608,0.095980145,0.805596688
18,29,211318720,67,0.551085968,0.142569608,0.095980145,0.813205416
8,29,211318720,67,0.571552406,0.142569608,0.095980145,0.834282449
16,29,211318720,67,0.647753259,0.142569608,0.095980145,0.860309356
20,29,211318720,67,0.791724166,0.142569608,0.095980145,1.182354548
2,29,211318720,67,0.804758036,0.142569608,0.095980145,1.213163241
4,29,211318720,67,0.826010299,0.142569608,0.095980145,1.248855608
6,29,211318720,67,0.827379011,0.142569608,0.095980145,1.250400852
5,29,211318720,67,0.864295067,0.142569608,0.095980145,1.262856057
7,29,211318720,67,1.111315946,0.142569608,0.095980145,1.357974976
9,29,211318720,67,1.131835844,0.142569608,0.095980145,1.365451669
3,29,211318720,67,1.793468726,0.142569608,0.095980145,1.243801426
14,29,211318720,67,1.923800267,0.142569608,0.095980145,1.200360925
6,30,211318720,67,0.159832671,0.142569608,0.008420007,0.168110889
14,30,211318720,67,0.260706753,0.142569608,0.008420007,0.602862009
3,30,211318720,67,0.270916061,0.142569608,0.008420007,0.640340687
5,30,211318720,67,0.272470717,0.142569608,0.008420007,0.645016890
20,30,211318720,67,0.275318730,0.142569608,0.008420007,0.651723134
1,30,211318720,67,0.276768636,0.142569608,0.008420007,0.654188993
12,30,211318720,67,0.277977303,0.142569608,0.008420007,0.655319338
11,30,211318720,67,0.308736619,0.142569608,0.008420007,0.684194812
9,30,211318720,67,0.423346588,0.142569608,0.008420007,0.753385758
13,30,211318720,67,0.534377012,0.142569608,0.008420007,0.904109767
7,30,211318720,67,0.553788214,0.142569608,0.008420007,0.923401471
19,30,211318720,67,0.620453832,0.142569608,0.008420007,0.950122648
15,30,211318720,67,0.757735724,0.142569608,0.008420007,1.069529932
18,30,211318720,67,0.791724166,0.142569608,0.008420007,1.081253363
2,30,211318720,67,1.131835844,0.142569608,0.008420007,1.140603681
8,30,211318720,67,1.160127393,0.142569608,0.008420007,1.149211687
4,30,211318720,67,1.311945561,0.142569608,0.008420007,1.194173110
17,30,211318720,67,1.725062605,0.142569608,0.008420007,1.151637878
16,30,211318720,67,2.105592253,0.142569608,0.008420007,1.121507559
10,30,211318720,67,2.257366711,0.142569608,0.008420007,1.070828047
13,31,211318720,67,0.228738980,0.142569608,0.020518685,0.255175924
4,31,211318720,67,0.267160196,0.142569608,0.020518685,0.371337160
3,31,211318720,67,0.278869708,0.142569608,0.020518685,0.398966086
1,31,211318720,67,0.307420428,0.142569608,0.020518685,0.457261952
5,31,211318720,67,0.324270546,0.142569608,0.020518685,0.484586356
19,31,211318720,67,0.366385622,0.142569608,0.020518685,0.553882906
10,31,211318720,67,0.434644119,0.142569608,0.020518685,0.649616785
11,31,211318720,67,0.468165215,0.142569608,0.020518685,0.728241920
14,31,211318720,67,0.551085968,0.142569608,0.020518685,0.948471067
8,31,211318720,67,0.567480814,0.142569608,0.020518685,0.997846457
9,31,211318720,67,0.571552406,0.142569608,0.020518685,1.007427814
18,31,211318720,67,0.617606167,0.142569608,0.020518685,1.084533397
7,31,211318720,67,0.647753259,0.142569608,0.020518685,1.128747073
20,31,211318720,67,0.693604386,0.142569608,0.020518685,1.174684143
6,31,211318720,67,0.769100771,0.142569608,0.020518685,1.214783633
2,31,211318720,67,0.891643720,0.142569608,0.020518685,1.283429224
16,31,211318720,67,1.002541407,0.142569608,0.020518685,1.394525833
17,31,211318720,67,1.022680714,0.142569608,0.020518685,1.401043554
15,31,211318720,67,1.237330448,0.142569608,0.020518685,1.424780760
12,31,211318720,67,1.461303474,0.142569608,0.020518685,1.348928036
7,32,211318720,67,0.260799843,0.142569608,0.048999470,0.181493038
5,32,211318720,67,0.322958332,0.142569608,0.048999470,0.327270882
11,32,211318720,67,0.325473414,0.142569608,0.048999470,0.331631729
15,32,211318720,67,0.373230917,0.142569608,0.048999470,0.378951514
14,32,211318720,67,0.393302416,0.142569608,0.048999470,0.386496983
9,32,211318720,67,0.534377012,0.142569608,0.048999470,0.480050672
1,32,211318720,67,0.632038567,0.142569608,0.048999470,0.578224169
20,32,211318720,67,0.654253417,0.142569608,0.048999470,0.599289636
19,32,211318720,67,0.776878998,0.142569608,0.048999470,0.719924970
13,32,211318720,67,0.827379011,0.142569608,0.048999470,0.787446185
17,32,211318720,67,0.891643720,0.142569608,0.048999470,0.873951620
18,32,211318720,67,0.945352308,0.142569608,0.048999470,0.928085862
3,32,211318720,67,1.002541407,0.142569608,0.048999470,1.002934420
8,32,211318720,67,1.096200980,0.142569608,0.048999470,1.150459509
4,32,211318720,67,1.111315946,0.142569608,0.048999470,1.165757825
10,32,211318720,67,1.160127393,0.142569608,0.048999470,1.182737588
12,32,211318720,67,1.793468726,0.142569608,0.048999470,1.070462804
6,32,211318720,67,2.109842029,0.142569608,0.048999470,1.061637326
2,32,211318720,67,2.257366711,0.142569608,0.048999470,1.105130906
16,32,211318720,67,2.791424288,0.142569608,0.048999470,0.928547394
9,33,211318720,67,0.232700882,0.142569608,0.078134328,0.298709692
10,33,211318720,67,0.245527101,0.142569608,0.078134328,0.328604993
8,33,211318720,67,0.260799843,0.142569608,0.078134328,0.354684627
14,33,211318720,67,0.277977303,0.142569608,0.078134328,0.371777426
3,33,211318720,67,0.341878324,0.142569608,0.078134328,0.393802553
1,33,211318720,67,0.571552406,0.142569608,0.078134328,0.453109479
18,33,211318720,67,0.652480462,0.142569608,0.078134328,0.523050297
7,33,211318720,67,0.740833922,0.142569608,0.078134328,0.636104173
19,33,211318720,67,0.784674756,0.142569608,0.078134328,0.708282673
6,33,211318720,67,0.860904080,0.142569608,0.078134328,0.859791489
17,33,211318720,67,0.867710627,0.142569608,0.078134328,0.880305959
16,33,211318720,67,0.948202507,0.142569608,0.078134328,1.067894979
4,33,211318720,67,0.954668946,0.142569608,0.078134328,1.078585464
5,33,211318720,67,0.995623028,0.142569608,0.078134328,1.119613489
12,33,211318720,67,1.002541407,0.142569608,0.078134328,1.121743969
11,33,211318720,67,1.311945561,0.142569608,0.078134328,1.112429138
20,33,211318720,67,1.511291707,0.142569608,0.078134328,1.170813278
15,33,211318720,67,1.610014847,0.142569608,0.078134328,1.204001212
13,33,211318720,67,1.896146303,0.142569608,0.078134328,1.203131239
2,33,211318720,67,2.672887813,0.142569608,0.078134328,0.944072691
3,34,211318720,67,0.168914176,0.142569608,0.050940979,0.218194755
7,34,211318720,67,0.190995170,0.142569608,0.050940979,0.283043474
14,34,211318720,67,0.226085727,0.142569608,0.050940979,0.388709921
18,34,211318720,67,0.265618424,0.142569608,0.050940979,0.481232112
1,34,211318720,67,0.309338144,0.142569608,0.050940979,0.554346303
9,34,211318720,67,0.320898793,0.142569608,0.050940979,0.566115555
15,34,211318720,67,0.326199144,0.142569608,0.050940979,0.568015626
12,34,211318720,67,0.536351797,0.142569608,0.050940979,0.713031907
5,34,211318720,67,0.553788214,0.142569608,0.050940979,0.742425479
11,34,211318720,67,0.641821253,0.142569608,0.050940979,0.830229111
13,34,211318720,67,0.659885080,0.142569608,0.050940979,0.837154640
8,34,211318720,67,0.804758036,0.142569608,0.050940979,1.072384623
19,34,211318720,67,0.867710627,0.142569608,0.050940979,1.220684244
10,34,211318720,67,0.872485984,0.142569608,0.050940979,1.228748414
17,34,211318720,67,0.873971227,0.142569608,0.050940979,1.230224436
4,34,211318720,67,0.891643720,0.142569608,0.050940979,1.235584122
20,34,211318720,67,1.523230982,0.142569608,0.050940979,1.122842375
6,34,211318720,67,1.947242268,0.142569608,0.050940979,1.146017670
16,34,211318720,67,1.987623278,0.142569608,0.050940979,1.159958388
2,34,211318720,67,2.672887813,0.142569608,0.050940979,0.936378581
18,35,211318720,67,0.212159260,0.142569608,0.002236436,0.299395135
14,35,211318720,67,0.224084398,0.142569608,0.002236436,0.346562299
20,35,211318720,67,0.286261592,0.142569608,0.002236436,0.615873461
9,35,211318720,67,0.307420428,0.142569608,0.002236436,0.707238145
2,35,211318720,67,0.308736619,0.142569608,0.002236436,0.711987295
7,35,211318720,67,0.309338144,0.142569608,0.002236436,0.713689762
19,35,211318720,67,0.312623293,0.142569608,0.002236436,0.721341175
10,35,211318720,67,0.361632437,0.142569608,0.002236436,0.803714877
16,35,211318720,67,0.373230917,0.142569608,0.002236436,0.814747340
8,35,211318720,67,0.423346588,0.142569608,0.002236436,0.845734609
3,35,211318720,67,0.551085968,0.142569608,0.002236436,1.081017034
1,35,211318720,67,0.560130122,0.142569608,0.002236436,1.102153970
6,35,211318720,67,0.632038567,0.142569608,0.002236436,1.222307417
5,35,211318720,67,0.639616655,0.142569608,0.002236436,1.230071760
12,35,211318720,67,0.647753259,0.142569608,0.002236436,1.232628619
4,35,211318720,67,0.827379011,0.142569608,0.002236436,1.266432882
17,35,211318720,67,1.116684898,0.142569608,0.002236436,1.264473993
13,35,211318720,67,1.461303474,0.142569608,0.002236436,1.244054685
15,35,211318720,67,1.923800267,0.142569608,0.002236436,1.185737326
11,35,211318720,67,2.257366711,0.142569608,0.002236436,1.074294211
15,36,211318720,67,0.260706753,0.142569608,0.056275468,0.600080923
18,36,211318720,67,0.260799843,0.142569608,0.056275468,0.600556928
19,36,211318720,67,0.279756404,0.142569608,0.056275468,0.682318867
2,36,211318720,67,0.286261592,0.142569608,0.056275468,0.706168573
8,36,211318720,67,0.301060295,0.142569608,0.056275468,0.750808223
5,36,211318720,67,0.302606758,0.142569608,0.056275468,0.754328672
10,36,211318720,67,0.319290461,0.142569608,0.056275468,0.782167388
1,36,211318720,67,0.322958332,0.142569608,0.056275468,0.785967250
6,36,211318720,67,0.326199144,0.142569608,0.056275468,0.787562772
7,36,211318720,67,0.468165215,0.142569608,0.056275468,0.896166035
11,36,211318720,67,0.520566537,0.142569608,0.056275468,0.953413084
16,36,211318720,67,0.632038567,0.142569608,0.056275468,1.184846608
20,36,211318720,67,0.641821253,0.142569608,0.056275468,1.200736956
13,36,211318720,67,0.654253417,0.142569608,0.056275468,1.221642647
17,36,211318720,67,0.705718568,0.142569608,0.056275468,1.272846570
3,36,211318720,67,0.784674756,0.142569608,0.056275468,1.300147347
4,36,211318720,67,0.979722881,0.142569608,0.056275468,1.336605156
12,36,211318720,67,1.111315946,0.142569608,0.056275468,1.381046780
14,36,211318720,67,1.396250254,0.142569608,0.056275468,1.383720473
9,36,211318720,67,1.713347893,0.142569608,0.056275468,1.277758834
18,37,211318720,67,0.245527101,0.142569608,0.100471526,0.254711815
7,37,211318720,67,0.278869708,0.142569608,0.100471526,0.355646832
12,37,211318720,67,0.309338144,0.142569608,0.100471526,0.447077406
9,37,211318720,67,0.320898793,0.142569608,0.100471526,0.474146836
10,37,211318720,67,0.336410426,0.142569608,0.100471526,0.499832414
1,37,211318720,67,0.386616146,0.142569608,0.100471526,0.550471903
3,37,211318720,67,0.420895631,0.142569608,0.100471526,0.570109728
17,37,211318720,67,0.551085968,0.142569608,0.100471526,0.692526393
11,37,211318720,67,0.632038567,0.142569608,0.100471526,0.878942008
13,37,211318720,67,0.659885080,0.142569608,0.100471526,0.955947621
19,37,211318720,67,0.670679398,0.142569608,0.100471526,0.981400566
2,37,211318720,67,0.714019269,0.142569608,0.100471526,1.052644193
15,37,211318720,67,0.757735724,0.142569608,0.100471526,1.114337454
8,37,211318720,67,0.784674756,0.142569608,0.100471526,1.141071023
5,37,211318720,67,0.872485984,0.142569608,0.100471526,1.262311490
20,37,211318720,67,0.945352308,0.142569608,0.100471526,1.335046468
6,37,211318720,67,0.947065037,0.142569608,0.100471526,1.335637351
14,37,211318720,67,1.511291707,0.142569608,0.100471526,1.246032031
4,37,211318720,67,1.725062605,0.142569608,0.100471526,1.270016329
16,37,211318720,67,2.257366711,0.142569608,0.100471526,1.096724621
11,38,211318720,67,0.245527101,0.142569608,0.007291819,0.216808405
10,38,211318720,67,0.307420428,0.142569608,0.007291819,0.360566586
20,38,211318720,67,0.315211100,0.142569608,0.007291819,0.373171167
5,38,211318720,67,0.336410426,0.142569608,0.007291819,0.394591749
7,38,211318720,67,0.341878324,0.142569608,0.007291819,0.396378329
2,38,211318720,67,0.567480814,0.142569608,0.007291819,0.491484010
16,38,211318720,67,0.652480462,0.142569608,0.007291819,0.618515712
15,38,211318720,67,0.657349375,0.142569608,0.007291819,0.628927862
13,38,211318720,67,0.757735724,0.142569608,0.007291819,0.815584981
17,38,211318720,67,0.769100771,0.142569608,0.007291819,0.834494987
6,38,211318720,67,0.797075940,0.142569608,0.007291819,0.863034548
19,38,211318720,67,0.872485984,0.142569608,0.007291819,0.889298996
12,38,211318720,67,1.096200980,0.142569608,0.007291819,0.984960594
1,38,211318720,67,1.128887111,0.142569608,0.007291819,0.997197068
4,38,211318720,67,1.461303474,0.142569608,0.007291819,1.030768887
9,38,211318720,67,1.535311201,0.142569608,0.007291819,1.055560484
8,38,211318720,67,1.713347893,0.142569608,0.007291819,1.091155162
18,38,211318720,67,1.857549577,0.142569608,0.007291819,1.138127119
14,38,211318720,67,2.038813067,0.142569608,0.007291819,1.173710278
3,38,211318720,67,2.105592253,0.142569608,0.007291819,1.151453064
20,39,211318720,67,0.226085727,0.142569608,0.066422716,0.245577270
13,39,211318720,67,0.278869708,0.142569608,0.066422716,0.367913661
19,39,211318720,67,0.282341637,0.142569608,0.066422716,0.373882603
15,39,211318720,67,0.297778627,0.142569608,0.066422716,0.392747019
4,39,211318720,67,0.320898793,0.142569608,0.066422716,0.415869716
5,39,211318720,67,0.434644119,0.142569608,0.066422716,0.454824849
17,39,211318720,67,0.582632074,0.142569608,0.066422716,0.676704724
2,39,211318720,67,0.620453832,0.142569608,0.066422716,0.805088270
14,39,211318720,67,0.661357665,0.142569608,0.066422716,0.928806429
18,39,211318720,67,0.663109918,0.142569608,0.066422716,0.932934016
8,39,211318720,67,0.705718568,0.142569608,0.066422716,1.002840117
11,39,211318720,67,0.714019269,0.142569608,0.066422716,1.011096777
9,39,211318720,67,0.740833922,0.142569608,0.066422716,1.020440491
12,39,211318720,67,1.031384999,0.142569608,0.066422716,1.102904137
10,39,211318720,67,1.096200980,0.142569608,0.066422716,1.169417414
7,39,211318720,67,1.128887111,0.142569608,0.066422716,1.202656523
6,39,211318720,67,1.237330448,0.142569608,0.066422716,1.238257517
3,39,211318720,67,1.461303474,0.142569608,0.066422716,1.257453389
16,39,211318720,67,1.793468726,0.142569608,0.066422716,1.238467258
1,39,211318720,67,2.109842029,0.142569608,0.066422716,1.132351445
4,40,211318720,67,0.159832671,0.142569608,0.122386351,0.199344356
3,40,211318720,67,0.212159260,0.142569608,0.122386351,0.387879756
2,40,211318720,67,0.228738980,0.142569608,0.122386351,0.459996068
1,40,211318720,67,0.265618424,0.142569608,0.122386351,0.605435045
13,40,211318720,67,0.276768636,0.142569608,0.122386351,0.646166995
19,40,211318720,67,0.308736619,0.142569608,0.122386351,0.741861048
8,40,211318720,67,0.320898793,0.142569608,0.122386351,0.769870720
15,40,211318720,67,0.341878324,0.142569608,0.122386351,0.805100026
11,40,211318720,67,0.347657612,0.142569608,0.122386351,0.810995752
7,40,211318720,67,0.393302416,0.142569608,0.122386351,0.826029248
5,40,211318720,67,0.536351797,0.142569608,0.122386351,1.070675451
6,40,211318720,67,0.571552406,0.142569608,0.122386351,1.177687459
18,40,211318720,67,0.574706598,0.142569608,0.122386351,1.187151418
12,40,211318720,67,0.639616655,0.142569608,0.122386351,1.339056591
17,40,211318720,67,0.652480462,0.142569608,0.122386351,1.364891155
16,40,211318720,67,0.659885080,0.142569608,0.122386351,1.377188950
9,40,211318720,67,0.714019269,0.142569608,0.122386351,1.430878487
20,40,211318720,67,0.789062176,0.142569608,0.122386351,1.455367594
14,40,211318720,67,1.060038343,0.142569608,0.122386351,1.460313961
10,40,211318720,67,2.042732406,0.142569608,0.122386351,1.133344344
15,41,211318720,67,0.168914176,0.142569608,0.135453269,0.222148059
12,41,211318720,67,0.217930335,0.142569608,0.135453269,0.431809230
11,41,211318720,67,0.226085727,0.142569608,0.135453269,0.467008604
5,41,211318720,67,0.260799843,0.142569608,0.135453269,0.594951913
6,41,211318720,67,0.281175525,0.142569608,0.135453269,0.669314726
1,41,211318720,67,0.307420428,0.142569608,0.135453269,0.748630651
8,41,211318720,67,0.321654473,0.142569608,0.135453269,0.781855893
3,41,211318720,67,0.324270546,0.142569608,0.135453269,0.786349107
7,41,211318720,67,0.341878324,0.142569608,0.135453269,0.803549263
14,41,211318720,67,0.403693813,0.142569608,0.135453269,0.831822906
18,41,211318720,67,0.534377012,0.142569608,0.135453269,0.966091960
2,41,211318720,67,0.610218416,0.142569608,0.135453269,1.092288461
17,41,211318720,67,0.620453832,0.142569608,0.135453269,1.102760631
4,41,211318720,67,0.665658623,0.142569608,0.135453269,1.117822688
10,41,211318720,67,1.002541407,0.142569608,0.135453269,1.134911516
13,41,211318720,67,1.096200980,0.142569608,0.135453269,1.168424533
19,41,211318720,67,1.511291707,0.142569608,0.135453269,1.244513048
16,41,211318720,67,1.523230982,0.142569608,0.135453269,1.256737185
20,41,211318720,67,1.610014847,0.142569608,0.135453269,1.285655593
9,41,211318720,67,1.680701976,0.142569608,0.135453269,1.262097348
5,42,211318720,67,0.212159260,0.142569608,0.018356416,0.239681068
20,42,211318720,67,0.232700882,0.142569608,0.018356416,0.283577990
2,42,211318720,67,0.234315817,0.142569608,0.018356416,0.286284289
17,42,211318720,67,0.312623293,0.142569608,0.018356416,0.413098949
12,42,211318720,67,0.361632437,0.142569608,0.018356416,0.462384084
16,42,211318720,67,0.383998747,0.142569608,0.018356416,0.470185447
4,42,211318720,67,0.546457903,0.142569608,0.018356416,0.580697162
13,42,211318720,67,0.641821253,0.142569608,0.018356416,0.740183413
3,42,211318720,67,0.659885080,0.142569608,0.018356416,0.758104348
15,42,211318720,67,0.661357665,0.142569608,0.018356416,0.758617772
8,42,211318720,67,0.860904080,0.142569608,0.018356416,0.927141978
9,42,211318720,67,0.867710627,0.142569608,0.018356416,0.938796575
7,42,211318720,67,0.945352308,0.142569608,0.018356416,1.017856235
1,42,211318720,67,0.988766129,0.142569608,0.018356416,1.034695844
19,42,211318720,67,1.128887111,0.142569608,0.018356416,1.081944013
10,42,211318720,67,1.290645430,0.142569608,0.018356416,1.121643648
14,42,211318720,67,1.725062605,0.142569608,0.018356416,1.122906754
18,42,211318720,67,1.793468726,0.142569608,0.018356416,1.146756626
11,42,211318720,67,2.109842029,0.142569608,0.018356416,1.136704413
6,42,211318720,67,2.672887813,0.142569608,0.018356416,0.950673716
4,43,211318720,67,0.224084398,0.142569608,0.001207068,0.048480947
11,43,211318720,67,0.366385622,0.142569608,0.001207068,0.252505022
5,43,211318720,67,0.403555524,0.142569608,0.001207068,0.314711895
17,43,211318720,67,0.420895631,0.142569608,0.001207068,0.332226314
8,43,211318720,67,0.468165215,0.142569608,0.001207068,0.371313786
19,43,211318720,67,0.574706598,0.142569608,0.001207068,0.517901728
7,43,211318720,67,0.647753259,0.142569608,0.001207068,0.640166807
12,43,211318720,67,0.665658623,0.142569608,0.001207068,0.657925967
16,43,211318720,67,0.670679398,0.142569608,0.001207068,0.659695641
10,43,211318720,67,0.873971227,0.142569608,0.001207068,0.791723448
9,43,211318720,67,0.948202507,0.142569608,0.001207068,0.915123061
3,43,211318720,67,0.954668946,0.142569608,0.001207068,0.921208305
14,43,211318720,67,0.988028436,0.142569608,0.001207068,0.932130961
13,43,211318720,67,1.535311201,0.142569608,0.001207068,0.847164969
18,43,211318720,67,1.680701976,0.142569608,0.001207068,1.032572015
1,43,211318720,67,1.714394872,0.142569608,0.001207068,1.066490365
20,43,211318720,67,1.725062605,0.142569608,0.001207068,1.070565385
6,43,211318720,67,1.987623278,0.142569608,0.001207068,1.077776234
2,43,211318720,67,2.264199624,0.142569608,0.001207068,1.079203008
15,43,211318720,67,2.791424288,0.142569608,0.001207068,0.904630291
9,44,211318720,67,0.232700882,0.142569608,0.062243313,0.177829439
18,44,211318720,67,0.277977303,0.142569608,0.062243313,0.282801303
5,44,211318720,67,0.319290461,0.142569608,0.062243313,0.351465559
13,44,211318720,67,0.336410426,0.142569608,0.062243313,0.369304394
11,44,211318720,67,0.370342648,0.142569608,0.062243313,0.381787768
1,44,211318720,67,0.574706598,0.142569608,0.062243313,0.657024111
15,44,211318720,67,0.610859170,0.142569608,0.062243313,0.765454008
17,44,211318720,67,0.625469962,0.142569608,0.062243313,0.799617633
4,44,211318720,67,0.632038567,0.142569608,0.062243313,0.810218257
19,44,211318720,67,0.641821253,0.142569608,0.062243313,0.825810368
6,44,211318720,67,0.705718568,0.142569608,0.062243313,0.932216609
2,44,211318720,67,0.775361478,0.142569608,0.062243313,1.031515146
16,44,211318720,67,0.784674756,0.142569608,0.062243313,1.041640693
10,44,211318720,67,0.873971227,0.142569608,0.062243313,1.071643991
20,44,211318720,67,1.022680714,0.142569608,0.062243313,1.206830804
14,44,211318720,67,1.031384999,0.142569608,0.062243313,1.209672946
7,44,211318720,67,1.237330448,0.142569608,0.062243313,1.239823793
12,44,211318720,67,1.714394872,0.142569608,0.062243313,1.177975317
8,44,211318720,67,1.857549577,0.142569608,0.062243313,1.225420469
3,44,211318720,67,1.947242268,0.142569608,0.062243313,1.195524203
8,45,211318720,67,0.304117078,0.142569608,0.053054452,0.445644118
16,45,211318720,67,0.320898793,0.142569608,0.053054452,0.518429041
10,45,211318720,67,0.321654473,0.142569608,0.053054452,0.521237766
9,45,211318720,67,0.326199144,0.142569608,0.053054452,0.535009294
15,45,211318720,67,0.336410426,0.142569608,0.053054452,0.558426783
17,45,211318720,67,0.386616146,0.142569608,0.053054452,0.642255724
5,45,211318720,67,0.404488862,0.142569608,0.053054452,0.668912649
4,45,211318720,67,0.434644119,0.142569608,0.053054452,0.710805168
2,45,211318720,67,0.534377012,0.142569608,0.053054452,0.841875246
18,45,211318720,67,0.560130122,0.142569608,0.053054452,0.908706625
6,45,211318720,67,0.654253417,0.142569608,0.053054452,1.129813111
13,45,211318720,67,0.657349375,0.142569608,0.053054452,1.135181014
7,45,211318720,67,0.672613130,0.142569608,0.053054452,1.150508564
11,45,211318720,67,0.693604386,0.142569608,0.053054452,1.162705145
20,45,211318720,67,0.827379011,0.142569608,0.053054452,1.208631377
12,45,211318720,67,0.995623028,0.142569608,0.053054452,1.265915241
1,45,211318720,67,1.111315946,0.142569608,0.053054452,1.303462045
3,45,211318720,67,1.713347893,0.142569608,0.053054452,1.198980284
19,45,211318720,67,2.457349183,0.142569608,0.053054452,1.046312168
14,45,211318720,67,2.791424288,0.142569608,0.053054452,0.932380512
15,46,211318720,67,0.170050472,0.142569608,0.120264299,0.125170532
9,46,211318720,67,0.245527101,0.142569608,0.120264299,0.230857134
12,46,211318720,67,0.265169537,0.142569608,0.120264299,0.250720835
6,46,211318720,67,0.341878324,0.142569608,0.120264299,0.276517953
5,46,211318720,67,0.513365802,0.142569608,0.120264299,0.362301339
13,46,211318720,67,0.610859170,0.142569608,0.120264299,0.565120891
1,46,211318720,67,0.632038567,0.142569608,0.120264299,0.600806345
10,46,211318720,67,0.652480462,0.142569608,0.120264299,0.628489685
7,46,211318720,67,0.693604386,0.142569608,0.120264299,0.669328760
2,46,211318720,67,0.784674756,0.142569608,0.120264299,0.700442443
17,46,211318720,67,0.954724739,0.142569608,0.120264299,1.006179345
16,46,211318720,67,0.979722881,0.142569608,0.120264299,1.065150022
11,46,211318720,67,0.988028436,0.142569608,0.120264299,1.078784833
8,46,211318720,67,0.995623028,0.142569608,0.120264299,1.086498997
3,46,211318720,67,1.022680714,0.142569608,0.120264299,1.096300439
14,46,211318720,67,1.461303474,0.142569608,0.120264299,1.106239009
4,46,211318720,67,1.511291707,0.142569608,0.120264299,1.123195955
18,46,211318720,67,1.680701976,0.142569608,0.120264299,1.235899596
19,46,211318720,67,1.713347893,0.142569608,0.120264299,1.246287892
20,46,211318720,67,2.105592253,0.142569608,0.120264299,1.114930537
20,47,211318720,67,0.217930335,0.142569608,0.026865942,0.163475015
14,47,211318720,67,0.265618424,0.142569608,0.026865942,0.233923098
7,47,211318720,67,0.281175525,0.142569608,0.026865942,0.249119066
8,47,211318720,67,0.370342648,0.142569608,0.026865942,0.280325763
4,47,211318720,67,0.553788214,0.142569608,0.026865942,0.490265948
6,47,211318720,67,0.567480814,0.142569608,0.026865942,0.524545223
9,47,211318720,67,0.647753259,0.142569608,0.026865942,0.772413816
3,47,211318720,67,0.652480462,0.142569608,0.026865942,0.786566382
12,47,211318720,67,0.654253417,0.142569608,0.026865942,0.790672552
17,47,211318720,67,0.706047967,0.142569608,0.026865942,0.940996338
2,47,211318720,67,0.714019269,0.142569608,0.026865942,0.967617545
11,47,211318720,67,0.776878998,0.142569608,0.026865942,1.191000424
5,47,211318720,67,0.797075940,0.142569608,0.026865942,1.251068274
15,47,211318720,67,0.826010299,0.142569608,0.026865942,1.318955992
19,47,211318720,67,0.827240809,0.142569608,0.026865942,1.321079783
18,47,211318720,67,0.852526209,0.142569608,0.026865942,1.346643958
16,47,211318720,67,0.867710627,0.142569608,0.026865942,1.351885902
13,47,211318720,67,1.160127393,0.142569608,0.026865942,1.350655656
1,47,211318720,67,1.947242268,0.142569608,0.026865942,1.182330485
10,47,211318720,67,2.109842029,0.142569608,0.026865942,1.126722432
11,48,211318720,67,0.168914176,0.142569608,0.088740557,0.242952135
18,48,211318720,67,0.170050472,0.142569608,0.088740557,0.245572628
12,48,211318720,67,0.212159260,0.142569608,0.088740557,0.340829387
10,48,211318720,67,0.261216707,0.142569608,0.088740557,0.455674340
6,48,211318720,67,0.309338144,0.142569608,0.088740557,0.568147420
3,48,211318720,67,0.326199144,0.142569608,0.088740557,0.596468498
1,48,211318720,67,0.344469294,0.142569608,0.088740557,0.615353777
4,48,211318720,67,0.403555524,0.142569608,0.088740557,0.634490336
2,48,211318720,67,0.610859170,0.142569608,0.088740557,0.875409978
17,48,211318720,67,0.657349375,0.142569608,0.088740557,0.984075574
9,48,211318720,67,0.670679398,0.142569608,0.088740557,1.006793937
14,48,211318720,67,0.672613130,0.142569608,0.088740557,1.008828137
15,48,211318720,67,0.693604386,0.142569608,0.088740557,1.016363889
20,48,211318720,67,0.988028436,0.142569608,0.088740557,1.108398143
5,48,211318720,67,0.988766129,0.142569608,0.088740557,1.109123866
19,48,211318720,67,1.128887111,0.142569608,0.088740557,1.157997415
16,48,211318720,67,1.596542165,0.142569608,0.088740557,1.102373812
7,48,211318720,67,2.038813067,0.142569608,0.088740557,1.051249748
8,48,211318720,67,2.257366711,0.142569608,0.088740557,1.074664508
13,48,211318720,67,2.791424288,0.142569608,0.088740557,0.899307161
14,49,211318720,67,0.217930335,0.142569608,0.007441155,0.200477209
1,49,211318720,67,0.265618424,0.142569608,0.007441155,0.311479158
17,49,211318720,67,0.302606758,0.142569608,0.007441155,0.373139716
18,49,211318720,67,0.320898793,0.142569608,0.007441155,0.391971177
19,49,211318720,67,0.325051214,0.142569608,0.007441155,0.393183150
7,49,211318720,67,0.535153629,0.142569608,0.007441155,0.526665188
20,49,211318720,67,0.536099314,0.142569608,0.007441155,0.527693533
15,49,211318720,67,0.659885080,0.142569608,0.007441155,0.687226401
12,49,211318720,67,0.706047967,0.142569608,0.007441155,0.795640549
16,49,211318720,67,0.769100771,0.142569608,0.007441155,0.965625266
3,49,211318720,67,0.775361478,0.142569608,0.007441155,0.980166699
13,49,211318720,67,0.784674756,0.142569608,0.007441155,0.995001594
2,49,211318720,67,0.860904080,0.142569608,0.007441155,1.141821998
9,49,211318720,67,0.864295067,0.142569608,0.007441155,1.147530197
4,49,211318720,67,0.945352308,0.142569608,0.007441155,1.227721752
8,49,211318720,67,0.954668946,0.142569608,0.007441155,1.231193998
5,49,211318720,67,1.116684898,0.142569608,0.007441155,1.354377579
11,49,211318720,67,1.160127393,0.142569608,0.007441155,1.398348234
6,49,211318720,67,1.237330448,0.142569608,0.007441155,1.423520057
10,49,211318720,67,2.457349183,0.142569608,0.007441155,1.021932035
8,50,211318720,67,0.159832671,0.142569608,0.096431702,0.112340720
16,50,211318720,67,0.265169537,0.142569608,0.096431702,0.416611638
17,50,211318720,67,0.265618424,0.142569608,0.096431702,0.417645894
6,50,211318720,67,0.281175525,0.142569608,0.096431702,0.444077410
5,50,211318720,67,0.301070971,0.142569608,0.096431702,0.477757617
18,50,211318720,67,0.319290461,0.142569608,0.096431702,0.494932358
11,50,211318720,67,0.423346588,0.142569608,0.096431702,0.613200040
1,50,211318720,67,0.468165215,0.142569608,0.096431702,0.713998849
2,50,211318720,67,0.536099314,0.142569608,0.096431702,0.863620005
19,50,211318720,67,0.567480814,0.142569608,0.096431702,0.937451904
4,50,211318720,67,0.571552406,0.142569608,0.096431702,0.944132702
14,50,211318720,67,0.641821253,0.142569608,0.096431702,1.032107004
3,50,211318720,67,0.663109918,0.142569608,0.096431702,1.063055574
20,50,211318720,67,0.757735724,0.142569608,0.096431702,1.160127046
9,50,211318720,67,0.791724166,0.142569608,0.096431702,1.171254357
10,50,211318720,67,0.948202507,0.142569608,0.096431702,1.284587066
15,50,211318720,67,0.988028436,0.142569608,0.096431702,1.297743804
7,50,211318720,67,1.535311201,0.142569608,0.096431702,1.254693196
12,50,211318720,67,1.610014847,0.142569608,0.096431702,1.278916741
13,50,211318720,67,2.038813067,0.142569608,0.096431702,1.139228723
5,51,211318720,67,0.170050472,0.142569608,0.008186726,0.180868927
15,51,211318720,67,0.234315817,0.142569608,0.008186726,0.417271012
1,51,211318720,67,0.261216707,0.142569608,0.008186726,0.508664894
16,51,211318720,67,0.265169537,0.142569608,0.008186726,0.520638045
18,51,211318720,67,0.297778627,0.142569608,0.008186726,0.595787363
3,51,211318720,67,0.308736619,0.142569608,0.008186726,0.613911962
11,51,211318720,67,0.309338144,0.142569608,0.008186726,0.614517690
9,51,211318720,67,0.386616146,0.142569608,0.008186726,0.640905880
13,51,211318720,67,0.553788214,0.142569608,0.008186726,0.814406469
2,51,211318720,67,0.617606167,0.142569608,0.008186726,0.935742850
20,51,211318720,67,0.620453832,0.142569608,0.008186726,0.942460945
17,51,211318720,67,0.647753259,0.142569608,0.008186726,0.996761682
4,51,211318720,67,0.740833922,0.142569608,0.008186726,1.205477709
6,51,211318720,67,0.757735724,0.142569608,0.008186726,1.233079432
14,51,211318720,67,0.776878998,0.142569608,0.008186726,1.252175149
10,51,211318720,67,0.804758036,0.142569608,0.008186726,1.261763158
7,51,211318720,67,1.002541407,0.142569608,0.008186726,1.293344867
12,51,211318720,67,1.160127393,0.142569608,0.008186726,1.354899254
19,51,211318720,67,1.273044793,0.142569608,0.008186726,1.392837527
8,51,211318720,67,1.793468726,0.142569608,0.008186726,1.216941162
11,52,211318720,67,0.265169537,0.142569608,0.144553617,0.141060293
19,52,211318720,67,0.276768636,0.142569608,0.144553617,0.160473079
20,52,211318720,67,0.403693813,0.142569608,0.144553617,0.346998028
18,52,211318720,67,0.404488862,0.142569608,0.144553617,0.348287274
13,52,211318720,67,0.468165215,0.142569608,0.144553617,0.472663711
8,52,211318720,67,0.535153629,0.142569608,0.144553617,0.625896366
4,52,211318720,67,0.560130122,0.142569608,0.144553617,0.684785848
5,52,211318720,67,0.571552406,0.142569608,0.144553617,0.704073611
3,52,211318720,67,0.632038567,0.142569608,0.144553617,0.764848807
1,52,211318720,67,0.663109918,0.142569608,0.144553617,0.782097953
9,52,211318720,67,0.797075940,0.142569608,0.144553617,1.011252127
16,52,211318720,67,0.804758036,0.142569608,0.144553617,1.023952135
15,52,211318720,67,0.864295067,0.142569608,0.144553617,1.102202460
14,52,211318720,67,0.872485984,0.142569608,0.144553617,1.110704499
12,52,211318720,67,0.979722881,0.142569608,0.144553617,1.144622706
6,52,211318720,67,1.596542165,0.142569608,0.144553617,1.162930450
2,52,211318720,67,1.610014847,0.142569608,0.144553617,1.176496166
7,52,211318720,67,1.680701976,0.142569608,0.144553617,1.200384105
17,52,211318720,67,2.264199624,0.142569608,0.144553617,1.100940770
10,52,211318720,67,2.457349183,0.142569608,0.144553617,1.036447231
14,53,211318720,67,0.168914176,0.142569608,0.007272306,0.181398274
15,53,211318720,67,0.212159260,0.142569608,0.007272306,0.305398155
12,53,211318720,67,0.260706753,0.142569608,0.007272306,0.418337808
9,53,211318720,67,0.267160196,0.142569608,0.007272306,0.429297559
8,53,211318720,67,0.308736619,0.142569608,0.007272306,0.490181050
4,53,211318720,67,0.319290461,0.142569608,0.007272306,0.500644767
1,53,211318720,67,0.423346588,0.142569608,0.007272306,0.555947963
17,53,211318720,67,0.546457903,0.142569608,0.007272306,0.679782356
3,53,211318720,67,0.552859885,0.142569608,0.007272306,0.681110877
10,53,211318720,67,0.827240809,0.142569608,0.007272306,0.827157965
11,53,211318720,67,0.852526209,0.142569608,0.007272306,0.862717152
13,53,211318720,67,0.873971227,0.142569608,0.007272306,0.884253742
20,53,211318720,67,0.979722881,0.142569608,0.007272306,0.960608537
18,53,211318720,67,1.060038343,0.142569608,0.007272306,0.988848934
7,53,211318720,67,1.290645430,0.142569608,0.007272306,1.007804870
19,53,211318720,67,1.461303474,0.142569608,0.007272306,1.047636252
16,53,211318720,67,1.713347893,0.142569608,0.007272306,1.165332346
5,53,211318720,67,1.725062605,0.142569608,0.007272306,1.176921899
2,53,211318720,67,1.824258536,0.142569608,0.007272306,1.209532011
6,53,211318720,67,2.038813067,0.142569608,0.007272306,1.137510971
12,54,211318720,67,0.212159260,0.142569608,0.016256483,0.282685957
10,54,211318720,67,0.245527101,0.142569608,0.016256483,0.415326048
13,54,211318720,67,0.270916061,0.142569608,0.016256483,0.508316106
9,54,211318720,67,0.301060295,0.142569608,0.016256483,0.612311764
18,54,211318720,67,0.307420428,0.142569608,0.016256483,0.631684321
2,54,211318720,67,0.325051214,0.142569608,0.016256483,0.673179979
8,54,211318720,67,0.325473414,0.142569608,0.016256483,0.673902974
4,54,211318720,67,0.373230917,0.142569608,0.016256483,0.722175072
7,54,211318720,67,0.423346588,0.142569608,0.016256483,0.756793008
14,54,211318720,67,0.551085968,0.142569608,0.016256483,0.902820336
17,54,211318720,67,0.553788214,0.142569608,0.016256483,0.905350263
1,54,211318720,67,0.665658623,0.142569608,0.016256483,1.034208363
15,54,211318720,67,0.739576138,0.142569608,0.016256483,1.204634537
5,54,211318720,67,0.756462205,0.142569608,0.016256483,1.233484585
19,54,211318720,67,0.791724166,0.142569608,0.016256483,1.267520796
6,54,211318720,67,0.812666156,0.142569608,0.016256483,1.273724011
20,54,211318720,67,1.128887111,0.142569608,0.016256483,1.265331090
11,54,211318720,67,1.824258536,0.142569608,0.016256483,1.157592555
3,54,211318720,67,1.923800267,0.142569608,0.016256483,1.192159939
16,54,211318720,67,2.457349183,0.142569608,0.016256483,1.014336575
12,55,211318720,67,0.256746962,0.142569608,0.003208353,0.441307003
14,55,211318720,67,0.265169537,0.142569608,0.003208353,0.478009641
2,55,211318720,67,0.277635449,0.142569608,0.003208353,0.523488073
18,55,211318720,67,0.307296145,0.142569608,0.003208353,0.612733716
16,55,211318720,67,0.312623293,0.142569608,0.003208353,0.625468907
3,55,211318720,67,0.324270546,0.142569608,0.003208353,0.644778417
1,55,211318720,67,0.325473414,0.142569608,0.003208353,0.646078575
15,55,211318720,67,0.393302416,0.142569608,0.003208353,0.668657256
4,55,211318720,67,0.546457903,0.142569608,0.003208353,0.808516351
17,55,211318720,67,0.610859170,0.142569608,0.003208353,0.941802705
20,55,211318720,67,0.652480462,0.142569608,0.003208353,1.024986608
5,55,211318720,67,0.661357665,0.142569608,0.003208353,1.050301614
6,55,211318720,67,0.714019269,0.142569608,0.003208353,1.173435761
11,55,211318720,67,0.776878998,0.142569608,0.003208353,1.309249676
19,55,211318720,67,0.791724166,0.142569608,0.003208353,1.334009314
9,55,211318720,67,0.797075940,0.142569608,0.003208353,1.339656430
7,55,211318720,67,0.873971227,0.142569608,0.003208353,1.379022553
8,55,211318720,67,0.995623028,0.142569608,0.003208353,1.447537116
13,55,211318720,67,1.096200980,0.142569608,0.003208353,1.482518480
10,55,211318720,67,1.865638838,0.142569608,0.003208353,1.230822508
3,56,211318720,67,0.190995170,0.142569608,0.012666533,0.237424526
6,56,211318720,67,0.232700882,0.142569608,0.012666533,0.389308910
17,56,211318720,67,0.260706753,0.142569608,0.012666533,0.472733634
10,56,211318720,67,0.281175525,0.142569608,0.012666533,0.547828676
19,56,211318720,67,0.304117078,0.142569608,0.012666533,0.616996807
2,56,211318720,67,0.312623293,0.142569608,0.012666533,0.637292846
18,56,211318720,67,0.324270546,0.142569608,0.012666533,0.656395195
8,56,211318720,67,0.403555524,0.142569608,0.012666533,0.736465663
9,56,211318720,67,0.404488862,0.142569608,0.012666533,0.736722415
20,56,211318720,67,0.652480462,0.142569608,0.012666533,0.863779059
15,56,211318720,67,0.705718568,0.142569608,0.012666533,0.917091236
14,56,211318720,67,0.714019269,0.142569608,0.012666533,0.920098690
13,56,211318720,67,1.060038343,0.142569608,0.012666533,1.020994753
11,56,211318720,67,1.096200980,0.142569608,0.012666533,1.081708465
7,56,211318720,67,1.128887111,0.142569608,0.012666533,1.135748958
1,56,211318720,67,1.204524366,0.142569608,0.012666533,1.250217899
16,56,211318720,67,1.237330448,0.142569608,0.012666533,1.283894102
12,56,211318720,67,1.290645430,0.142569608,0.012666533,1.302270507
5,56,211318720,67,1.987623278,0.142569608,0.012666533,1.171771266
4,56,211318720,67,2.042732406,0.142569608,0.012666533,1.153406551
10,57,211318720,67,0.168914176,0.142569608,0.042948149,0.104025664
3,57,211318720,67,0.245527101,0.142569608,0.042948149,0.243851721
1,57,211318720,67,0.301060295,0.142569608,0.042948149,0.336591887
5,57,211318720,67,0.309338144,0.142569608,0.042948149,0.344230847
11,57,211318720,67,0.370342648,0.142569608,0.042948149,0.394896735
8,57,211318720,67,0.468165215,0.142569608,0.042948149,0.452506417
4,57,211318720,67,0.574706598,0.142569608,0.042948149,0.596429800
9,57,211318720,67,0.610859170,0.142569608,0.042948149,0.632346894
19,57,211318720,67,0.659885080,0.142569608,0.042948149,0.669871452
12,57,211318720,67,0.776878998,0.142569608,0.042948149,0.833303074
16,57,211318720,67,0.797075940,0.142569608,0.042948149,0.853715541
13,57,211318720,67,0.852526209,0.142569608,0.042948149,0.904453866
18,57,211318720,67,0.947065037,0.142569608,0.042948149,0.996099427
6,57,211318720,67,1.002541407,0.142569608,0.042948149,1.013872509
20,57,211318720,67,1.461303474,0.142569608,0.042948149,0.955926514
15,57,211318720,67,1.824258536,0.142569608,0.042948149,1.014810119
7,57,211318720,67,1.865638838,0.142569608,0.042948149,1.055858366
2,57,211318720,67,1.947242268,0.142569608,0.042948149,1.085395001
14,57,211318720,67,2.109842029,0.142569608,0.042948149,1.125881966
17,57,211318720,67,2.264199624,0.142569608,0.042948149,1.074327022
7,58,211318720,67,0.159832671,0.142569608,0.000657544,0.161066117
6,58,211318720,67,0.190995170,0.142569608,0.000657544,0.200064162
12,58,211318720,67,0.245527101,0.142569608,0.000657544,0.288746159
20,58,211318720,67,0.320898793,0.142569608,0.000657544,0.364395243
11,58,211318720,67,0.336410426,0.142569608,0.000657544,0.369172287
4,58,211318720,67,0.535153629,0.142569608,0.000657544,0.603258385
10,58,211318720,67,0.574706598,0.142569608,0.000657544,0.749368864
3,58,211318720,67,0.615215811,0.142569608,0.000657544,0.872056680
17,58,211318720,67,0.617606167,0.142569608,0.000657544,0.879229296
16,58,211318720,67,0.632038567,0.142569608,0.000657544,0.916742858
18,58,211318720,67,0.657349375,0.142569608,0.000657544,0.975870999
9,58,211318720,67,0.665658623,0.142569608,0.000657544,0.989872403
8,58,211318720,67,0.757735724,0.142569608,0.000657544,1.081064965
19,58,211318720,67,0.769100771,0.142569608,0.000657544,1.084921288
15,58,211318720,67,0.945352308,0.142569608,0.000657544,1.259260103
2,58,211318720,67,0.948202507,0.142569608,0.000657544,1.262279287
5,58,211318720,67,1.022680714,0.142569608,0.000657544,1.333203402
1,58,211318720,67,1.096200980,0.142569608,0.000657544,1.357742975
14,58,211318720,67,1.237330448,0.142569608,0.000657544,1.404083188
13,58,211318720,67,1.947242268,0.142569608,0.000657544,1.173127768
15,59,211318720,67,0.159832671,0.142569608,0.041505743,0.046809395
12,59,211318720,67,0.319290461,0.142569608,0.041505743,0.250208959
9,59,211318720,67,0.366385622,0.142569608,0.041505743,0.327478028
4,59,211318720,67,0.383998747,0.142569608,0.041505743,0.344414134
5,59,211318720,67,0.393302416,0.142569608,0.041505743,0.347720579
1,59,211318720,67,0.551085968,0.142569608,0.041505743,0.620180382
2,59,211318720,67,0.574706598,0.142569608,0.041505743,0.690527974
14,59,211318720,67,0.617606167,0.142569608,0.041505743,0.789628975
18,59,211318720,67,0.639616655,0.142569608,0.041505743,0.825414374
17,59,211318720,67,0.641821253,0.142569608,0.041505743,0.827490508
3,59,211318720,67,0.652480462,0.142569608,0.041505743,0.830599874
8,59,211318720,67,0.804758036,0.142569608,0.041505743,1.011038117
20,59,211318720,67,0.827379011,0.142569608,0.041505743,1.043737335
19,59,211318720,67,0.864295067,0.142569608,0.041505743,1.093767362
11,59,211318720,67,0.954724739,0.142569608,0.041505743,1.184280978
13,59,211318720,67,0.988028436,0.142569608,0.041505743,1.216116508
10,59,211318720,67,1.111315946,0.142569608,0.041505743,1.422289288
6,59,211318720,67,1.116684898,0.142569608,0.041505743,1.427302859
16,59,211318720,67,1.131835844,0.142569608,0.041505743,1.432053991
7,59,211318720,67,2.109842029,0.142569608,0.041505743,1.110456810
5,60,211318720,67,0.168914176,0.142569608,0.012484969,0.181941620
16,60,211318720,67,0.261216707,0.142569608,0.012484969,0.664407110
20,60,211318720,67,0.272470717,0.142569608,0.012484969,0.721051316
19,60,211318720,67,0.276768636,0.142569608,0.012484969,0.739728440
9,60,211318720,67,0.277635449,0.142569608,0.012484969,0.742932461
7,60,211318720,67,0.282341637,0.142569608,0.012484969,0.756566692
8,60,211318720,67,0.301060295,0.142569608,0.012484969,0.799361299
13,60,211318720,67,0.307296145,0.142569608,0.012484969,0.810001149
2,60,211318720,67,0.322876307,0.142569608,0.012484969,0.825865711
3,60,211318720,67,0.361632437,0.142569608,0.012484969,0.840024095
18,60,211318720,67,0.546457903,0.142569608,0.012484969,0.887301103
12,60,211318720,67,0.670679398,0.142569608,0.012484969,1.027550081
6,60,211318720,67,0.693604386,0.142569608,0.012484969,1.050930388
1,60,211318720,67,0.784674756,0.142569608,0.012484969,1.118556051
4,60,211318720,67,0.873971227,0.142569608,0.012484969,1.280732670
15,60,211318720,67,0.945352308,0.142569608,0.012484969,1.400799503
17,60,211318720,67,0.948202507,0.142569608,0.012484969,1.403663963
14,60,211318720,67,0.954724739,0.142569608,0.012484969,1.406706534
11,60,211318720,67,1.096200980,0.142569608,0.012484969,1.455029385
10,60,211318720,67,1.714394872,0.142569608,0.012484969,1.251871434
15,61,211318720,67,0.232700882,0.142569608,0.003350353,0.291741111
8,61,211318720,67,0.256746962,0.142569608,0.003350353,0.364339738
9,61,211318720,67,0.301060295,0.142569608,0.003350353,0.467131454
12,61,211318720,67,0.308736619,0.142569608,0.003350353,0.479747335
10,61,211318720,67,0.320898793,0.142569608,0.003350353,0.492010731
13,61,211318720,67,0.324270546,0.142569608,0.003350353,0.493434131
17,61,211318720,67,0.513365802,0.142569608,0.003350353,0.705804025
19,61,211318720,67,0.534377012,0.142569608,0.003350353,0.740716386
16,61,211318720,67,0.552859885,0.142569608,0.003350353,0.761167598
1,61,211318720,67,0.610859170,0.142569608,0.003350353,0.818850349
3,61,211318720,67,0.693604386,0.142569608,0.003350353,0.949010344
11,61,211318720,67,0.756462205,0.142569608,0.003350353,1.054522275
7,61,211318720,67,0.784674756,0.142569608,0.003350353,1.083269176
4,61,211318720,67,0.812666156,0.142569608,0.003350353,1.091917114
18,61,211318720,67,0.979722881,0.142569608,0.003350353,1.220920006
14,61,211318720,67,0.988028436,0.142569608,0.003350353,1.224042411
5,61,211318720,67,1.311945561,0.142569608,0.003350353,1.207404170
20,61,211318720,67,1.725062605,0.142569608,0.003350353,1.164431096
2,61,211318720,67,1.923800267,0.142569608,0.003350353,1.195173571
6,61,211318720,67,1.987623278,0.142569608,0.003350353,1.173902505
19,62,211318720,67,0.256746962,0.142569608,0.052813061,0.253703837
2,62,211318720,67,0.277635449,0.142569608,0.052813061,0.313384138
6,62,211318720,67,0.322876307,0.142569608,0.052813061,0.418431835
5,62,211318720,67,0.326199144,0.142569608,0.052813061,0.423959035
1,62,211318720,67,0.361632437,0.142569608,0.052813061,0.460419429
10,62,211318720,67,0.403693813,0.142569608,0.052813061,0.475203067
11,62,211318720,67,0.661357665,0.142569608,0.052813061,0.760716701
16,62,211318720,67,0.663109918,0.142569608,0.052813061,0.765450535
15,62,211318720,67,0.693604386,0.142569608,0.052813061,0.841735293
14,62,211318720,67,0.705718568,0.142569608,0.052813061,0.870137295
17,62,211318720,67,0.739576138,0.142569608,0.052813061,0.926392799
7,62,211318720,67,0.804758036,0.142569608,0.052813061,0.992977086
4,62,211318720,67,0.827379011,0.142569608,0.052813061,1.014978515
18,62,211318720,67,0.945352308,0.142569608,0.052813061,1.216691130
9,62,211318720,67,0.988028436,0.142569608,0.052813061,1.288171939
13,62,211318720,67,1.002541407,0.142569608,0.052813061,1.302613971
20,62,211318720,67,1.031384999,0.142569608,0.052813061,1.312572625
8,62,211318720,67,1.511291707,0.142569608,0.052813061,1.278780667
12,62,211318720,67,1.610014847,0.142569608,0.052813061,1.312133636
3,62,211318720,67,2.457349183,0.142569608,0.052813061,1.033376215
6,63,211318720,67,0.265169537,0.142569608,0.264109492,0.329384880
11,63,211318720,67,0.277635449,0.142569608,0.264109492,0.367486196
10,63,211318720,67,0.301070971,0.142569608,0.264109492,0.421940251
14,63,211318720,67,0.312623293,0.142569608,0.264109492,0.441507422
2,63,211318720,67,0.321654473,0.142569608,0.264109492,0.450643039
9,63,211318720,67,0.403555524,0.142569608,0.264109492,0.477712681
7,63,211318720,67,0.546457903,0.142569608,0.264109492,0.699734137
1,63,211318720,67,0.574706598,0.142569608,0.264109492,0.765378809
8,63,211318720,67,0.610218416,0.142569608,0.264109492,0.824366212
18,63,211318720,67,0.652480462,0.142569608,0.264109492,0.866470835
16,63,211318720,67,0.657349375,0.142569608,0.264109492,0.870097384
13,63,211318720,67,0.797075940,0.142569608,0.264109492,1.000712575
15,63,211318720,67,0.860904080,0.142569608,0.264109492,1.064252191
5,63,211318720,67,0.891643720,0.142569608,0.264109492,1.075086968
3,63,211318720,67,1.204524366,0.142569608,0.264109492,1.116271244
4,63,211318720,67,1.273044793,0.142569608,0.264109492,1.139127062
19,63,211318720,67,1.461303474,0.142569608,0.264109492,1.174245669
20,63,211318720,67,1.596542165,0.142569608,0.264109492,1.218794829
12,63,211318720,67,1.824258536,0.142569608,0.264109492,1.238675988
17,63,211318720,67,1.865638838,0.142569608,0.264109492,1.224886222
3,64,211318720,67,0.159832671,0.142569608,0.015162905,0.115712562
6,64,211318720,67,0.245527101,0.142569608,0.015162905,0.298784674
7,64,211318720,67,0.256746962,0.142569608,0.015162905,0.317966462
12,64,211318720,67,0.304117078,0.142569608,0.015162905,0.421967670
9,64,211318720,67,0.325473414,0.142569608,0.015162905,0.457643161
15,64,211318720,67,0.403555524,0.142569608,0.015162905,0.548250968
13,64,211318720,67,0.403693813,0.142569608,0.015162905,0.548483268
2,64,211318720,67,0.534377012,0.142569608,0.015162905,0.783932483
18,64,211318720,67,0.536099314,0.142569608,0.015162905,0.786581860
8,64,211318720,67,0.567480814,0.142569608,0.015162905,0.820729284
11,64,211318720,67,0.632038567,0.142569608,0.015162905,0.886523647
5,64,211318720,67,0.706047967,0.142569608,0.015162905,1.002276362
10,64,211318720,67,0.775361478,0.142569608,0.015162905,1.071087475
14,64,211318720,67,0.784674756,0.142569608,0.015162905,1.074635550
4,64,211318720,67,0.945352308,0.142569608,0.015162905,1.230011811
1,64,211318720,67,0.979722881,0.142569608,0.015162905,1.281945448
16,64,211318720,67,1.031384999,0.142569608,0.015162905,1.342952593
17,64,211318720,67,1.096200980,0.142569608,0.015162905,1.408186911
19,64,211318720,67,1.160127393,0.142569608,0.015162905,1.430197775
20,64,211318720,67,2.457349183,0.142569608,0.015162905,1.007536379
18,65,211318720,67,0.168914176,0.142569608,0.039501287,0.226354180
12,65,211318720,67,0.226085727,0.142569608,0.039501287,0.442697241
20,65,211318720,67,0.228738980,0.142569608,0.039501287,0.454358032
11,65,211318720,67,0.245527101,0.142569608,0.039501287,0.516059259
4,65,211318720,67,0.282341637,0.142569608,0.039501287,0.648142844
6,65,211318720,67,0.308736619,0.142569608,0.039501287,0.727210204
15,65,211318720,67,0.326199144,0.142569608,0.039501287,0.767800655
3,65,211318720,67,0.347657612,0.142569608,0.039501287,0.803351398
1,65,211318720,67,0.366385622,0.142569608,0.039501287,0.822153721
2,65,211318720,67,0.393302416,0.142569608,0.039501287,0.830621990
14,65,211318720,67,0.546457903,0.142569608,0.039501287,1.004251184
5,65,211318720,67,0.560130122,0.142569608,0.039501287,1.018157541
17,65,211318720,67,0.625469962,0.142569608,0.039501287,1.039422992
13,65,211318720,67,0.784674756,0.142569608,0.039501287,1.321073069
8,65,211318720,67,0.789062176,0.142569608,0.039501287,1.331553407
16,65,211318720,67,0.827240809,0.142569608,0.039501287,1.395033191
7,65,211318720,67,0.864295067,0.142569608,0.039501287,1.431610669
10,65,211318720,67,0.872485984,0.142569608,0.039501287,1.434579441
19,65,211318720,67,1.523230982,0.142569608,0.039501287,1.313642550
9,65,211318720,67,1.680701976,0.142569608,0.039501287,1.261035120
15,66,211318720,67,0.224084398,0.142569608,0.021697644,0.199490314
18,66,211318720,67,0.245527101,0.142569608,0.021697644,0.235484590
12,66,211318720,67,0.261216707,0.142569608,0.021697644,0.261309880
16,66,211318720,67,0.370342648,0.142569608,0.021697644,0.401179595
1,66,211318720,67,0.383998747,0.142569608,0.021697644,0.414663352
7,66,211318720,67,0.468165215,0.142569608,0.021697644,0.568591269
2,66,211318720,67,0.535153629,0.142569608,0.021697644,0.718911013
10,66,211318720,67,0.536351797,0.142569608,0.021697644,0.720971202
20,66,211318720,67,0.571552406,0.142569608,0.021697644,0.756373909
17,66,211318720,67,0.620453832,0.142569608,0.021697644,0.778031388
8,66,211318720,67,0.756462205,0.142569608,0.021697644,1.029291990
9,66,211318720,67,0.776878998,0.142569608,0.021697644,1.063593872
19,66,211318720,67,0.789062176,0.142569608,0.021697644,1.075449534
5,66,211318720,67,0.825358556,0.142569608,0.021697644,1.088285350
13,66,211318720,67,1.111315946,0.142569608,0.021697644,1.089349159
14,66,211318720,67,1.273044793,0.142569608,0.021697644,1.130458768
4,66,211318720,67,1.824258536,0.142569608,0.021697644,1.072372192
11,66,211318720,67,1.923800267,0.142569608,0.021697644,1.121693930
3,66,211318720,67,2.042732406,0.142569608,0.021697644,1.160814636
6,66,211318720,67,2.457349183,0.142569608,0.021697644,1.020248231
19,67,211318720,67,0.168914176,0.142569608,0.035701107,0.157499284
11,67,211318720,67,0.217930335,0.142569608,0.035701107,0.264924742
5,67,211318720,67,0.265169537,0.142569608,0.035701107,0.371671684
8,67,211318720,67,0.286261592,0.142569608,0.035701107,0.407228917
1,67,211318720,67,0.322876307,0.142569608,0.035701107,0.444234023
3,67,211318720,67,0.366385622,0.142569608,0.035701107,0.486043807
13,67,211318720,67,0.468165215,0.142569608,0.035701107,0.572648740
16,67,211318720,67,0.534377012,0.142569608,0.035701107,0.648519484
2,67,211318720,67,0.610859170,0.142569608,0.035701107,0.756822434
14,67,211318720,67,0.663109918,0.142569608,0.035701107,0.864931571
18,67,211318720,67,0.705718568,0.142569608,0.035701107,0.936594984
10,67,211318720,67,0.757735724,0.142569608,0.035701107,0.988998315
17,67,211318720,67,0.769100771,0.142569608,0.035701107,0.992556047
20,67,211318720,67,0.954724739,0.142569608,0.035701107,1.098645264
4,67,211318720,67,0.988028436,0.142569608,0.035701107,1.118428556
15,67,211318720,67,1.116684898,0.142569608,0.035701107,1.198728875
6,67,211318720,67,1.204524366,0.142569608,0.035701107,1.276661235
12,67,211318720,67,1.273044793,0.142569608,0.035701107,1.298700232
7,67,211318720,67,1.896146303,0.142569608,0.035701107,1.189711552
9,67,211318720,67,2.105592253,0.142569608,0.035701107,1.119970188
2,68,211318720,67,0.168914176,0.142569608,0.031650297,0.113399985
18,68,211318720,67,0.224084398,0.142569608,0.031650297,0.282583303
17,68,211318720,67,0.301070971,0.142569608,0.031650297,0.514269153
13,68,211318720,67,0.315211100,0.142569608,0.031650297,0.547209812
1,68,211318720,67,0.319290461,0.142569608,0.031650297,0.553885224
9,68,211318720,67,0.325051214,0.142569608,0.031650297,0.559658494
15,68,211318720,67,0.336410426,0.142569608,0.031650297,0.563832997
20,68,211318720,67,0.582632074,0.142569608,0.031650297,0.872692034
12,68,211318720,67,0.625469962,0.142569608,0.031650297,1.009127111
19,68,211318720,67,0.629905459,0.142569608,0.031650297,1.022387650
4,68,211318720,67,0.632038567,0.142569608,0.031650297,1.027427683
11,68,211318720,67,0.641821253,0.142569608,0.031650297,1.043543819
3,68,211318720,67,0.657349375,0.142569608,0.031650297,1.058440253
16,68,211318720,67,0.756462205,0.142569608,0.031650297,1.141392590
14,68,211318720,67,0.826010299,0.142569608,0.031650297,1.176465783
6,68,211318720,67,0.948202507,0.142569608,0.031650297,1.258289607
5,68,211318720,67,1.031384999,0.142569608,0.031650297,1.314142332
10,68,211318720,67,1.128887111,0.142569608,0.031650297,1.347188784
8,68,211318720,67,1.311945561,0.142569608,0.031650297,1.382224465
7,68,211318720,67,1.947242268,0.142569608,0.031650297,1.174323828
18,69,211318720,67,0.267160196,0.142569608,0.015919523,0.509303792
11,69,211318720,67,0.275318730,0.142569608,0.015919523,0.544679608
13,69,211318720,67,0.276768636,0.142569608,0.015919523,0.549930441
9,69,211318720,67,0.301070971,0.142569608,0.015919523,0.623603671
10,69,211318720,67,0.308736619,0.142569608,0.015919523,0.640756878
5,69,211318720,67,0.321654473,0.142569608,0.015919523,0.662270144
15,69,211318720,67,0.322958332,0.142569608,0.015919523,0.663455821
14,69,211318720,67,0.366385622,0.142569608,0.015919523,0.677285413
12,69,211318720,67,0.535153629,0.142569608,0.015919523,0.762479525
7,69,211318720,67,0.629905459,0.142569608,0.015919523,0.992664025
16,69,211318720,67,0.661357665,0.142569608,0.015919523,1.087393187
1,69,211318720,67,0.670679398,0.142569608,0.015919523,1.109262091
20,69,211318720,67,0.714019269,0.142569608,0.015919523,1.182231467
19,69,211318720,67,0.739576138,0.142569608,0.015919523,1.212739086
2,69,211318720,67,0.756462205,0.142569608,0.015919523,1.229677074
17,69,211318720,67,0.873971227,0.142569608,0.015919523,1.313322453
6,69,211318720,67,0.948202507,0.142569608,0.015919523,1.335972686
4,69,211318720,67,1.096200980,0.142569608,0.015919523,1.456499519
3,69,211318720,67,1.128887111,0.142569608,0.015919523,1.467352835
8,69,211318720,67,1.523230982,0.142569608,0.015919523,1.334121835
10,70,211318720,67,0.190995170,0.142569608,0.019824609,0.330434699
6,70,211318720,67,0.217930335,0.142569608,0.019824609,0.429123355
9,70,211318720,67,0.226085727,0.142569608,0.019824609,0.452981563
3,70,211318720,67,0.265169537,0.142569608,0.019824609,0.545030411
20,70,211318720,67,0.272470717,0.142569608,0.019824609,0.557149056
14,70,211318720,67,0.279756404,0.142569608,0.019824609,0.564438465
17,70,211318720,67,0.315211100,0.142569608,0.019824609,0.577693474
5,70,211318720,67,0.535153629,0.142569608,0.019824609,0.846689823
2,70,211318720,67,0.553788214,0.142569608,0.019824609,0.902078163
16,70,211318720,67,0.567480814,0.142569608,0.019824609,0.933969370
13,70,211318720,67,0.615215811,0.142569608,0.019824609,1.013620156
4,70,211318720,67,0.629905459,0.142569608,0.019824609,1.028031733
19,70,211318720,67,0.654253417,0.142569608,0.019824609,1.035823444
7,70,211318720,67,0.873971227,0.142569608,0.019824609,1.078046583
1,70,211318720,67,0.988766129,0.142569608,0.019824609,1.164336127
8,70,211318720,67,1.060038343,0.142569608,0.019824609,1.187548389
15,70,211318720,67,1.273044793,0.142569608,0.019824609,1.212125960
12,70,211318720,67,1.596542165,0.142569608,0.019824609,1.283005929
18,70,211318720,67,1.610014847,0.142569608,0.019824609,1.287007937
11,70,211318720,67,2.457349183,0.142569608,0.019824609,1.006434121
20,71,211318720,67,0.275318730,0.142569608,0.013124083,0.230596094
1,71,211318720,67,0.324270546,0.142569608,0.013124083,0.376744606
11,71,211318720,67,0.336410426,0.142569608,0.013124083,0.404800142
6,71,211318720,67,0.366385622,0.142569608,0.013124083,0.455487058
9,71,211318720,67,0.383998747,0.142569608,0.013124083,0.473512071
4,71,211318720,67,0.403555524,0.142569608,0.013124083,0.479934456
3,71,211318720,67,0.551085968,0.142569608,0.013124083,0.762177438
8,71,211318720,67,0.571552406,0.142569608,0.013124083,0.824430018
7,71,211318720,67,0.574706598,0.142569608,0.013124083,0.831814776
2,71,211318720,67,0.652480462,0.142569608,0.013124083,0.995529101
15,71,211318720,67,0.654253417,0.142569608,0.013124083,0.999690777
14,71,211318720,67,0.661357665,0.142569608,0.013124083,1.011832793
16,71,211318720,67,0.756462205,0.142569608,0.013124083,1.176739109
18,71,211318720,67,0.784674756,0.142569608,0.013124083,1.223907128
19,71,211318720,67,0.827240809,0.142569608,0.013124083,1.266912458
17,71,211318720,67,0.867710627,0.142569608,0.013124083,1.311232736
12,71,211318720,67,0.979722881,0.142569608,0.013124083,1.423400784
10,71,211318720,67,0.995623028,0.142569608,0.013124083,1.429064673
5,71,211318720,67,1.947242268,0.142569608,0.013124083,1.210441748
13,71,211318720,67,2.264199624,0.142569608,0.013124083,1.103139624
11,72,211318720,67,0.159832671,0.142569608,0.050705746,0.098071302
17,72,211318720,67,0.261216707,0.142569608,0.050705746,0.370795896
16,72,211318720,67,0.270916061,0.142569608,0.050705746,0.399882081
18,72,211318720,67,0.304117078,0.142569608,0.050705746,0.476442405
5,72,211318720,67,0.324270546,0.142569608,0.050705746,0.509807701
9,72,211318720,67,0.325051214,0.142569608,0.050705746,0.510442784
6,72,211318720,67,0.403693813,0.142569608,0.050705746,0.542220514
19,72,211318720,67,0.536351797,0.142569608,0.050705746,0.704358198
14,72,211318720,67,0.620453832,0.142569608,0.050705746,0.957343063
13,72,211318720,67,0.639616655,0.142569608,0.050705746,1.002411674
20,72,211318720,67,0.641821253,0.142569608,0.050705746,1.006172700
3,72,211318720,67,0.652480462,0.142569608,0.050705746,1.016967318
7,72,211318720,67,0.665658623,0.142569608,0.050705746,1.021369691
1,72,211318720,67,0.827240809,0.142569608,0.050705746,1.205113010
10,72,211318720,67,0.860904080,0.142569608,0.050705746,1.238547808
2,72,211318720,67,0.864295067,0.142569608,0.050705746,1.239825805
8,72,211318720,67,1.116684898,0.142569608,0.050705746,1.339204745
12,72,211318720,67,1.128887111,0.142569608,0.050705746,1.342978221
4,72,211318720,67,1.290645430,0.142569608,0.050705746,1.385641760
15,72,211318720,67,1.680701976,0.142569608,0.050705746,1.255950986
17,73,211318720,67,0.170050472,0.142569608,0.070502438,0.130959394
8,73,211318720,67,0.228738980,0.142569608,0.070502438,0.287038782
15,73,211318720,67,0.277977303,0.142569608,0.070502438,0.402101672
3,73,211318720,67,0.302606758,0.142569608,0.070502438,0.443399716
6,73,211318720,67,0.321654473,0.142569608,0.070502438,0.462622680
12,73,211318720,67,0.336410426,0.142569608,0.070502438,0.466898859
10,73,211318720,67,0.705718568,0.142569608,0.070502438,0.676284092
4,73,211318720,67,0.739576138,0.142569608,0.070502438,0.797917180
2,73,211318720,67,0.740833922,0.142569608,0.070502438,0.801711151
18,73,211318720,67,0.789062176,0.142569608,0.070502438,0.940311428
14,73,211318720,67,0.797075940,0.142569608,0.070502438,0.959116906
16,73,211318720,67,0.825358556,0.142569608,0.070502438,1.021593871
1,73,211318720,67,0.852526209,0.142569608,0.070502438,1.067014269
5,73,211318720,67,0.891643720,0.142569608,0.070502438,1.107493798
9,73,211318720,67,0.945352308,0.142569608,0.070502438,1.126260476
19,73,211318720,67,1.290645430,0.142569608,0.070502438,1.107930363
13,73,211318720,67,1.596542165,0.142569608,0.070502438,1.185268554
11,73,211318720,67,1.610014847,0.142569608,0.070502438,1.189840926
20,73,211318720,67,1.896146303,0.142569608,0.070502438,1.189323451
7,73,211318720,67,2.042732406,0.142569608,0.070502438,1.140050236
19,74,211318720,67,0.281175525,0.142569608,0.017480692,0.159492653
7,74,211318720,67,0.326199144,0.142569608,0.017480692,0.264029023
9,74,211318720,67,0.393302416,0.142569608,0.017480692,0.377601548
16,74,211318720,67,0.403555524,0.142569608,0.017480692,0.388199013
17,74,211318720,67,0.404488862,0.142569608,0.017480692,0.388554980
20,74,211318720,67,0.552859885,0.142569608,0.017480692,0.655475192
13,74,211318720,67,0.567480814,0.142569608,0.017480692,0.682115773
14,74,211318720,67,0.571552406,0.142569608,0.017480692,0.688855604
4,74,211318720,67,0.617606167,0.142569608,0.017480692,0.734157443
12,74,211318720,67,0.705718568,0.142569608,0.017480692,0.835928551
10,74,211318720,67,0.775361478,0.142569608,0.017480692,0.972653129
1,74,211318720,67,0.812666156,0.142569608,0.017480692,1.034465802
8,74,211318720,67,0.864295067,0.142569608,0.017480692,1.106465361
5,74,211318720,67,0.872485984,0.142569608,0.017480692,1.120472648
15,74,211318720,67,0.979722881,0.142569608,0.017480692,1.267467244
6,74,211318720,67,1.002541407,0.142569608,0.017480692,1.290615421
11,74,211318720,67,1.060038343,0.142569608,0.017480692,1.310318067
18,74,211318720,67,1.824258536,0.142569608,0.017480692,1.185238296
2,74,211318720,67,1.923800267,0.142569608,0.017480692,1.219960467
3,74,211318720,67,2.257366711,0.142569608,0.017480692,1.109777359
15,75,211318720,67,0.190995170,0.142569608,0.010378497,0.226900612
1,75,211318720,67,0.228738980,0.142569608,0.010378497,0.319018086
3,75,211318720,67,0.245527101,0.142569608,0.010378497,0.362284631
5,75,211318720,67,0.278869708,0.142569608,0.010378497,0.462265951
7,75,211318720,67,0.315211100,0.142569608,0.010378497,0.547179294
11,75,211318720,67,0.366385622,0.142569608,0.010378497,0.632689076
14,75,211318720,67,0.383998747,0.142569608,0.010378497,0.650670366
4,75,211318720,67,0.386616146,0.142569608,0.010378497,0.651648498
8,75,211318720,67,0.652480462,0.142569608,0.010378497,0.828777875
17,75,211318720,67,0.670679398,0.142569608,0.010378497,0.871327727
10,75,211318720,67,0.705718568,0.142569608,0.010378497,0.945498907
20,75,211318720,67,0.756462205,0.142569608,0.010378497,1.054112514
13,75,211318720,67,0.791724166,0.142569608,0.010378497,1.113673909
12,75,211318720,67,0.825358556,0.142569608,0.010378497,1.161282594
19,75,211318720,67,0.864295067,0.142569608,0.010378497,1.200312788
6,75,211318720,67,0.948202507,0.142569608,0.010378497,1.228932669
2,75,211318720,67,1.128887111,0.142569608,0.010378497,1.287116314
16,75,211318720,67,1.237330448,0.142569608,0.010378497,1.395301439
18,75,211318720,67,1.273044793,0.142569608,0.010378497,1.407236258
9,75,211318720,67,1.947242268,0.142569608,0.010378497,1.184857583
15,76,211318720,67,0.190995170,0.142569608,0.130525410,0.361759583
13,76,211318720,67,0.226085727,0.142569608,0.130525410,0.555387247
20,76,211318720,67,0.232700882,0.142569608,0.130525410,0.588767840
10,76,211318720,67,0.234315817,0.142569608,0.130525410,0.595926437
11,76,211318720,67,0.267160196,0.142569608,0.130525410,0.716016209
3,76,211318720,67,0.301060295,0.142569608,0.130525410,0.832374736
9,76,211318720,67,0.307296145,0.142569608,0.130525410,0.851092418
2,76,211318720,67,0.307420428,0.142569608,0.130525410,0.851358894
4,76,211318720,67,0.322958332,0.142569608,0.130525410,0.877689693
1,76,211318720,67,0.341878324,0.142569608,0.130525410,0.896913439
19,76,211318720,67,0.423346588,0.142569608,0.130525410,0.934878051
16,76,211318720,67,0.551085968,0.142569608,0.130525410,1.014730471
8,76,211318720,67,0.639616655,0.142569608,0.130525410,1.044934682
18,76,211318720,67,0.852526209,0.142569608,0.130525410,1.254953722
5,76,211318720,67,0.860904080,0.142569608,0.130525410,1.268791260
7,76,211318720,67,0.891643720,0.142569608,0.130525410,1.299705881
14,76,211318720,67,0.954668946,0.142569608,0.130525410,1.320307923
17,76,211318720,67,1.511291707,0.142569608,0.130525410,1.234831697
6,76,211318720,67,1.680701976,0.142569608,0.130525410,1.273862226
12,76,211318720,67,2.042732406,0.142569608,0.130525410,1.155502507
19,77,211318720,67,0.212159260,0.142569608,0.046593998,0.335378128
3,77,211318720,67,0.237772175,0.142569608,0.046593998,0.455661509
5,77,211318720,67,0.245527101,0.142569608,0.046593998,0.489330071
9,77,211318720,67,0.256746962,0.142569608,0.046593998,0.530771518
7,77,211318720,67,0.312623293,0.142569608,0.046593998,0.721378175
2,77,211318720,67,0.325473414,0.142569608,0.046593998,0.759934944
10,77,211318720,67,0.326199144,0.142569608,0.046593998,0.761639362
18,77,211318720,67,0.347657612,0.142569608,0.046593998,0.797626157
20,77,211318720,67,0.366385622,0.142569608,0.046593998,0.816865238
13,77,211318720,67,0.420895631,0.142569608,0.046593998,0.854556125
1,77,211318720,67,0.534377012,0.142569608,0.046593998,1.082167658
4,77,211318720,67,0.571552406,0.142569608,0.046593998,1.169047379
6,77,211318720,67,0.574706598,0.142569608,0.046593998,1.174394424
17,77,211318720,67,0.615215811,0.142569608,0.046593998,1.214659624
8,77,211318720,67,0.663109918,0.142569608,0.046593998,1.230468275
11,77,211318720,67,0.827379011,0.142569608,0.046593998,1.339403937
12,77,211318720,67,0.864295067,0.142569608,0.046593998,1.351859605
16,77,211318720,67,1.131835844,0.142569608,0.046593998,1.360386850
14,77,211318720,67,1.273044793,0.142569608,0.046593998,1.409703297
15,77,211318720,67,1.865638838,0.142569608,0.046593998,1.213304938
11,78,211318720,67,0.261216707,0.142569608,0.024299860,0.471313522
8,78,211318720,67,0.265618424,0.142569608,0.024299860,0.492861910
1,78,211318720,67,0.270916061,0.142569608,0.024299860,0.516217841
5,78,211318720,67,0.309338144,0.142569608,0.024299860,0.657820322
4,78,211318720,67,0.321654473,0.142569608,0.024299860,0.694367523
2,78,211318720,67,0.322958332,0.142569608,0.024299860,0.697109765
12,78,211318720,67,0.325051214,0.142569608,0.024299860,0.700569385
13,78,211318720,67,0.373230917,0.142569608,0.024299860,0.748795140
15,78,211318720,67,0.404488862,0.142569608,0.024299860,0.776212633
7,78,211318720,67,0.520566537,0.142569608,0.024299860,0.911152789
14,78,211318720,67,0.553788214,0.142569608,0.024299860,0.961305739
10,78,211318720,67,0.629905459,0.142569608,0.024299860,1.038518856
6,78,211318720,67,0.670679398,0.142569608,0.024299860,1.052062492
9,78,211318720,67,0.891643720,0.142569608,0.024299860,1.177975176
3,78,211318720,67,0.954668946,0.142569608,0.024299860,1.265831564
18,78,211318720,67,0.954724739,0.142569608,0.024299860,1.265878519
16,78,211318720,67,1.060038343,0.142569608,0.024299860,1.302747690
20,78,211318720,67,1.237330448,0.142569608,0.024299860,1.340901575
19,78,211318720,67,1.987623278,0.142569608,0.024299860,1.189065151
17,78,211318720,67,2.109842029,0.142569608,0.024299860,1.148329312
5,79,211318720,67,0.190995170,0.142569608,0.044753246,0.251498485
8,79,211318720,67,0.232700882,0.142569608,0.044753246,0.385487054
6,79,211318720,67,0.256746962,0.142569608,0.044753246,0.457922942
20,79,211318720,67,0.277977303,0.142569608,0.044753246,0.507879213
18,79,211318720,67,0.282341637,0.142569608,0.044753246,0.515072208
19,79,211318720,67,0.312623293,0.142569608,0.044753246,0.545280603
7,79,211318720,67,0.361632437,0.142569608,0.044753246,0.561532362
15,79,211318720,67,0.513365802,0.142569608,0.044753246,0.863278407
1,79,211318720,67,0.546457903,0.142569608,0.044753246,0.940539747
3,79,211318720,67,0.551085968,0.142569608,0.044753246,0.948322384
12,79,211318720,67,0.567480814,0.142569608,0.044753246,0.964893118
14,79,211318720,67,0.574706598,0.142569608,0.044753246,0.967359560
17,79,211318720,67,0.740833922,0.142569608,0.044753246,1.078811007
2,79,211318720,67,0.797075940,0.142569608,0.044753246,1.136147449
4,79,211318720,67,0.860904080,0.142569608,0.044753246,1.195412783
9,79,211318720,67,0.947065037,0.142569608,0.044753246,1.281377283
16,79,211318720,67,1.002541407,0.142569608,0.044753246,1.299271994
10,79,211318720,67,1.237330448,0.142569608,0.044753246,1.317565605
11,79,211318720,67,1.714394872,0.142569608,0.044753246,1.255776688
13,79,211318720,67,2.257366711,0.142569608,0.044753246,1.077170090
15,80,211318720,67,0.234315817,0.142569608,0.008187165,0.467970566
16,80,211318720,67,0.256746962,0.142569608,0.008187165,0.580014675
17,80,211318720,67,0.265618424,0.142569608,0.008187165,0.618135757
13,80,211318720,67,0.281175525,0.142569608,0.008187165,0.674414884
7,80,211318720,67,0.286261592,0.142569608,0.008187165,0.689699711
5,80,211318720,67,0.301060295,0.142569608,0.008187165,0.724082962
10,80,211318720,67,0.307420428,0.142569608,0.008187165,0.734700595
8,80,211318720,67,0.320898793,0.142569608,0.008187165,0.748237966
9,80,211318720,67,0.366385622,0.142569608,0.008187165,0.764091638
14,80,211318720,67,0.560130122,0.142569608,0.008187165,0.863980324
1,80,211318720,67,0.639616655,0.142569608,0.008187165,0.994019561
4,80,211318720,67,0.663109918,0.142569608,0.008187165,1.017259159
6,80,211318720,67,0.705718568,0.142569608,0.008187165,1.031674434
2,80,211318720,67,0.864295067,0.142569608,0.008187165,1.165843261
18,80,211318720,67,0.947065037,0.142569608,0.008187165,1.348594749
20,80,211318720,67,0.948202507,0.142569608,0.008187165,1.350564241
3,80,211318720,67,0.988766129,0.142569608,0.008187165,1.414943825
11,80,211318720,67,1.022680714,0.142569608,0.008187165,1.449206256
19,80,211318720,67,1.096200980,0.142569608,0.008187165,1.474859465
12,80,211318720,67,2.038813067,0.142569608,0.008187165,1.163992570
15,81,211318720,67,0.237772175,0.142569608,0.007018687,0.109754716
4,81,211318720,67,0.315211100,0.142569608,0.007018687,0.239275477
19,81,211318720,67,0.361632437,0.142569608,0.007018687,0.285852766
13,81,211318720,67,0.373230917,0.142569608,0.007018687,0.290030941
8,81,211318720,67,0.534377012,0.142569608,0.007018687,0.620849739
3,81,211318720,67,0.535153629,0.142569608,0.007018687,0.623737698
12,81,211318720,67,0.571552406,0.142569608,0.007018687,0.732824217
14,81,211318720,67,0.582632074,0.142569608,0.007018687,0.758213159
1,81,211318720,67,0.610218416,0.142569608,0.007018687,0.803745986
5,81,211318720,67,0.659885080,0.142569608,0.007018687,0.906104079
17,81,211318720,67,0.670679398,0.142569608,0.007018687,0.924213941
18,81,211318720,67,0.757735724,0.142569608,0.007018687,1.059746740
10,81,211318720,67,0.769100771,0.142569608,0.007018687,1.071228881
16,81,211318720,67,0.825358556,0.142569608,0.007018687,1.090413351
2,81,211318720,67,1.204524366,0.142569608,0.007018687,1.109398158
6,81,211318720,67,1.273044793,0.142569608,0.007018687,1.130665304
9,81,211318720,67,1.511291707,0.142569608,0.007018687,1.146565205
20,81,211318720,67,1.857549577,0.142569608,0.007018687,1.128816320
7,81,211318720,67,2.257366711,0.142569608,0.007018687,1.095006945
11,81,211318720,67,2.791424288,0.142569608,0.007018687,0.920625922
12,82,211318720,67,0.217930335,0.142569608,0.062733859,0.447101134
20,82,211318720,67,0.224084398,0.142569608,0.062733859,0.474073119
4,82,211318720,67,0.226085727,0.142569608,0.062733859,0.481344810
2,82,211318720,67,0.265169537,0.142569608,0.062733859,0.599193972
8,82,211318720,67,0.267160196,0.142569608,0.062733859,0.603722193
6,82,211318720,67,0.270916061,0.142569608,0.062733859,0.609957304
9,82,211318720,67,0.324270546,0.142569608,0.062733859,0.662520803
11,82,211318720,67,0.347657612,0.142569608,0.062733859,0.669718291
17,82,211318720,67,0.534377012,0.142569608,0.062733859,0.785821854
15,82,211318720,67,0.552859885,0.142569608,0.062733859,0.792145492
3,82,211318720,67,0.769100771,0.142569608,0.062733859,0.912273324
10,82,211318720,67,0.804758036,0.142569608,0.062733859,0.948022252
16,82,211318720,67,0.872485984,0.142569608,0.062733859,1.022756976
13,82,211318720,67,0.954724739,0.142569608,0.062733859,1.155076026
19,82,211318720,67,0.995623028,0.142569608,0.062733859,1.203287029
1,82,211318720,67,1.022680714,0.142569608,0.062733859,1.230470051
5,82,211318720,67,1.128887111,0.142569608,0.062733859,1.264820579
18,82,211318720,67,1.680701976,0.142569608,0.062733859,1.175742736
14,82,211318720,67,1.865638838,0.142569608,0.062733859,1.210465146
7,82,211318720,67,2.105592253,0.142569608,0.062733859,1.130698430
11,83,211318720,67,0.190995170,0.142569608,0.025544787,0.176163520
3,83,211318720,67,0.212159260,0.142569608,0.025544787,0.238140101
15,83,211318720,67,0.307420428,0.142569608,0.025544787,0.520563127
4,83,211318720,67,0.308736619,0.142569608,0.025544787,0.523730172
19,83,211318720,67,0.312623293,0.142569608,0.025544787,0.530461207
5,83,211318720,67,0.336410426,0.142569608,0.025544787,0.554222043
17,83,211318720,67,0.361632437,0.142569608,0.025544787,0.563074645
18,83,211318720,67,0.546457903,0.142569608,0.025544787,0.879965377
12,83,211318720,67,0.552859885,0.142569608,0.025544787,0.898858004
9,83,211318720,67,0.574706598,0.142569608,0.025544787,0.950032886
20,83,211318720,67,0.610859170,0.142569608,0.025544787,1.019750341
13,83,211318720,67,0.625469962,0.142569608,0.025544787,1.043839782
6,83,211318720,67,0.657349375,0.142569608,0.025544787,1.096227011
16,83,211318720,67,0.739576138,0.142569608,0.025544787,1.178787956
10,83,211318720,67,0.769100771,0.142569608,0.025544787,1.188111240
7,83,211318720,67,0.988766129,0.142569608,0.025544787,1.210220757
1,83,211318720,67,1.131835844,0.142569608,0.025544787,1.257361687
2,83,211318720,67,1.461303474,0.142569608,0.025544787,1.241839685
8,83,211318720,67,1.680701976,0.142569608,0.025544787,1.266159322
14,83,211318720,67,1.896146303,0.142569608,0.025544787,1.194792404
11,84,211318720,67,0.224084398,0.142569608,0.016700590,0.399899598
2,84,211318720,67,0.234315817,0.142569608,0.016700590,0.437843173
9,84,211318720,67,0.237772175,0.142569608,0.016700590,0.448329392
3,84,211318720,67,0.260706753,0.142569608,0.016700590,0.508691048
15,84,211318720,67,0.275318730,0.142569608,0.016700590,0.542898657
7,84,211318720,67,0.320898793,0.142569608,0.016700590,0.618656779
17,84,211318720,67,0.341878324,0.142569608,0.016700590,0.639476954
13,84,211318720,67,0.393302416,0.142569608,0.016700590,0.657067688
10,84,211318720,67,0.652480462,0.142569608,0.016700590,0.771409172
20,84,211318720,67,0.659885080,0.142569608,0.016700590,0.783869993
6,84,211318720,67,0.776878998,0.142569608,0.016700590,0.900994929
14,84,211318720,67,0.789062176,0.142569608,0.016700590,0.905069050
18,84,211318720,67,0.945352308,0.142569608,0.016700590,1.157389629
1,84,211318720,67,0.954668946,0.142569608,0.016700590,1.172872332
5,84,211318720,67,0.995623028,0.142569608,0.016700590,1.213567699
8,84,211318720,67,1.002541407,0.142569608,0.016700590,1.215723545
4,84,211318720,67,1.204524366,0.142569608,0.016700590,1.269838309
19,84,211318720,67,1.311945561,0.142569608,0.016700590,1.304733812
16,84,211318720,67,1.680701976,0.142569608,0.016700590,1.277551373
12,84,211318720,67,1.725062605,0.142569608,0.016700590,1.262767499
13,85,211318720,67,0.275318730,0.142569608,0.007037490,0.492041519
18,85,211318720,67,0.277635449,0.142569608,0.007037490,0.500432466
12,85,211318720,67,0.286261592,0.142569608,0.007037490,0.526435013
17,85,211318720,67,0.307420428,0.142569608,0.007037490,0.575666813
3,85,211318720,67,0.320898793,0.142569608,0.007037490,0.597885403
10,85,211318720,67,0.325473414,0.142569608,0.007037490,0.602386796
2,85,211318720,67,0.326199144,0.142569608,0.007037490,0.602742865
5,85,211318720,67,0.551085968,0.142569608,0.007037490,0.738230621
9,85,211318720,67,0.560130122,0.142569608,0.007037490,0.747474199
7,85,211318720,67,0.657349375,0.142569608,0.007037490,0.795597491
11,85,211318720,67,0.776878998,0.142569608,0.007037490,0.975149288
6,85,211318720,67,0.825358556,0.142569608,0.007037490,1.056704488
19,85,211318720,67,0.860904080,0.142569608,0.007037490,1.102128456
8,85,211318720,67,0.864295067,0.142569608,0.007037490,1.105541607
14,85,211318720,67,0.988028436,0.142569608,0.007037490,1.159555224
16,85,211318720,67,1.111315946,0.142569608,0.007037490,1.199915364
15,85,211318720,67,1.461303474,0.142569608,0.007037490,1.288042321
4,85,211318720,67,1.511291707,0.142569608,0.007037490,1.337729915
20,85,211318720,67,1.535311201,0.142569608,0.007037490,1.345819338
1,85,211318720,67,2.672887813,0.142569608,0.007037490,0.970012117
14,86,211318720,67,0.245527101,0.142569608,0.011884924,0.301102171
15,86,211318720,67,0.312623293,0.142569608,0.011884924,0.581955614
10,86,211318720,67,0.324270546,0.142569608,0.011884924,0.624148347
20,86,211318720,67,0.325051214,0.142569608,0.011884924,0.626566050
8,86,211318720,67,0.325473414,0.142569608,0.011884924,0.627576643
19,86,211318720,67,0.326199144,0.142569608,0.011884924,0.628834878
5,86,211318720,67,0.336410426,0.142569608,0.011884924,0.638931018
17,86,211318720,67,0.403555524,0.142569608,0.011884924,0.677932456
7,86,211318720,67,0.520566537,0.142569608,0.011884924,0.748503616
1,86,211318720,67,0.629905459,0.142569608,0.011884924,0.940500424
13,86,211318720,67,0.652480462,0.142569608,0.011884924,0.977896967
4,86,211318720,67,0.659885080,0.142569608,0.011884924,0.985552031
16,86,211318720,67,0.757735724,0.142569608,0.011884924,1.077752517
2,86,211318720,67,0.812666156,0.142569608,0.011884924,1.101632630
12,86,211318720,67,0.948202507,0.142569608,0.011884924,1.147108535
6,86,211318720,67,1.311945561,0.142569608,0.011884924,1.124471913
9,86,211318720,67,1.461303474,0.142569608,0.011884924,1.232154611
3,86,211318720,67,1.511291707,0.142569608,0.011884924,1.249308557
11,86,211318720,67,1.824258536,0.142569608,0.011884924,1.241382307
18,86,211318720,67,2.457349183,0.142569608,0.011884924,1.033231260
14,87,211318720,67,0.168914176,0.142569608,0.079007819,0.211929743
7,87,211318720,67,0.217930335,0.142569608,0.079007819,0.374763495
5,87,211318720,67,0.256746962,0.142569608,0.079007819,0.496495482
15,87,211318720,67,0.277635449,0.142569608,0.079007819,0.570230976
1,87,211318720,67,0.279756404,0.142569608,0.079007819,0.576683731
17,87,211318720,67,0.281175525,0.142569608,0.079007819,0.580045677
19,87,211318720,67,0.336410426,0.142569608,0.079007819,0.673133789
8,87,211318720,67,0.393302416,0.142569608,0.079007819,0.731861084
3,87,211318720,67,0.404488862,0.142569608,0.079007819,0.750299579
10,87,211318720,67,0.534377012,0.142569608,0.079007819,0.961731849
20,87,211318720,67,0.535153629,0.142569608,0.079007819,0.962516309
18,87,211318720,67,0.553788214,0.142569608,0.079007819,0.968775008
4,87,211318720,67,0.706047967,0.142569608,0.079007819,1.237362870
11,87,211318720,67,0.740833922,0.142569608,0.079007819,1.342839946
16,87,211318720,67,0.775361478,0.142569608,0.079007819,1.423705977
2,87,211318720,67,0.776878998,0.142569608,0.079007819,1.426349666
13,87,211318720,67,0.789062176,0.142569608,0.079007819,1.438103859
9,87,211318720,67,0.827240809,0.142569608,0.079007819,1.460054098
6,87,211318720,67,0.954668946,0.142569608,0.079007819,1.504693589
12,87,211318720,67,1.128887111,0.142569608,0.079007819,1.447958469
19,88,211318720,67,0.168914176,0.142569608,0.026514135,0.221438680
2,88,211318720,67,0.224084398,0.142569608,0.026514135,0.433066889
10,88,211318720,67,0.237772175,0.142569608,0.026514135,0.492365715
15,88,211318720,67,0.260799843,0.142569608,0.026514135,0.576844688
11,88,211318720,67,0.267160196,0.142569608,0.026514135,0.595889281
16,88,211318720,67,0.309338144,0.142569608,0.026514135,0.693754167
7,88,211318720,67,0.322958332,0.142569608,0.026514135,0.716762873
4,88,211318720,67,0.341878324,0.142569608,0.026514135,0.735503629
9,88,211318720,67,0.366385622,0.142569608,0.026514135,0.744074233
14,88,211318720,67,0.520566537,0.142569608,0.026514135,0.843827116
12,88,211318720,67,0.620453832,0.142569608,0.026514135,1.181190562
13,88,211318720,67,0.629905459,0.142569608,0.026514135,1.209585239
5,88,211318720,67,0.657349375,0.142569608,0.026514135,1.273206796
20,88,211318720,67,0.661357665,0.142569608,0.026514135,1.279997187
1,88,211318720,67,0.663109918,0.142569608,0.026514135,1.281796077
18,88,211318720,67,0.705718568,0.142569608,0.026514135,1.295849013
6,88,211318720,67,0.945352308,0.142569608,0.026514135,1.377782389
17,88,211318720,67,0.988028436,0.142569608,0.026514135,1.392042187
8,88,211318720,67,2.042732406,0.142569608,0.026514135,1.141743056
3,88,211318720,67,2.672887813,0.142569608,0.026514135,0.931922794
8,89,211318720,67,0.234315817,0.142569608,0.009547481,0.426601210
9,89,211318720,67,0.265618424,0.142569608,0.009547481,0.583071866
2,89,211318720,67,0.282341637,0.142569608,0.009547481,0.655667001
15,89,211318720,67,0.302606758,0.142569608,0.009547481,0.729887939
19,89,211318720,67,0.307296145,0.142569608,0.009547481,0.744125073
5,89,211318720,67,0.308736619,0.142569608,0.009547481,0.747610227
14,89,211318720,67,0.319290461,0.142569608,0.009547481,0.765225184
18,89,211318720,67,0.321654473,0.142569608,0.009547481,0.767698046
12,89,211318720,67,0.341878324,0.142569608,0.009547481,0.773226943
10,89,211318720,67,0.513365802,0.142569608,0.009547481,0.849654190
3,89,211318720,67,0.625469962,0.142569608,0.009547481,0.979032675
4,89,211318720,67,0.629905459,0.142569608,0.009547481,0.983577355
7,89,211318720,67,0.739576138,0.142569608,0.009547481,1.078330770
6,89,211318720,67,0.804758036,0.142569608,0.009547481,1.143953930
17,89,211318720,67,0.872485984,0.142569608,0.009547481,1.184911864
16,89,211318720,67,0.988766129,0.142569608,0.009547481,1.246557298
20,89,211318720,67,1.096200980,0.142569608,0.009547481,1.283277768
11,89,211318720,67,1.857549577,0.142569608,0.009547481,1.128687158
1,89,211318720,67,2.042732406,0.142569608,0.009547481,1.161030825
13,89,211318720,67,2.791424288,0.142569608,0.009547481,0.914015679
9,90,211318720,67,0.234315817,0.142569608,0.002224864,0.179109738
5,90,211318720,67,0.256746962,0.142569608,0.002224864,0.201354877
15,90,211318720,67,0.301070971,0.142569608,0.002224864,0.216131787
20,90,211318720,67,0.536351797,0.142569608,0.002224864,0.554224767
13,90,211318720,67,0.553788214,0.142569608,0.002224864,0.619506367
18,90,211318720,67,0.560130122,0.142569608,0.002224864,0.642542012
19,90,211318720,67,0.582632074,0.142569608,0.002224864,0.710509444
6,90,211318720,67,0.610218416,0.142569608,0.002224864,0.775970262
12,90,211318720,67,0.625469962,0.142569608,0.002224864,0.800941970
8,90,211318720,67,0.657349375,0.142569608,0.002224864,0.832380836
16,90,211318720,67,0.693604386,0.142569608,0.002224864,0.844380944
17,90,211318720,67,0.860904080,0.142569608,0.002224864,1.051904986
11,90,211318720,67,0.872485984,0.142569608,0.002224864,1.071448218
1,90,211318720,67,0.891643720,0.142569608,0.002224864,1.091247464
7,90,211318720,67,0.995623028,0.142569608,0.002224864,1.126314080
4,90,211318720,67,1.237330448,0.142569608,0.002224864,1.140866998
3,90,211318720,67,1.865638838,0.142569608,0.002224864,1.033288492
10,90,211318720,67,2.105592253,0.142569608,0.002224864,1.047446711
14,90,211318720,67,2.257366711,0.142569608,0.002224864,1.089974911
2,90,211318720,67,2.791424288,0.142569608,0.002224864,0.911716478
3,91,211318720,67,0.228738980,0.142569608,0.030968461,0.346949983
8,91,211318720,67,0.237772175,0.142569608,0.030968461,0.374243734
16,91,211318720,67,0.260799843,0.142569608,0.030968461,0.428397501
17,91,211318720,67,0.301070971,0.142569608,0.030968461,0.495333043
12,91,211318720,67,0.302606758,0.142569608,0.030968461,0.496837088
4,91,211318720,67,0.309338144,0.142569608,0.030968461,0.498623460
15,91,211318720,67,0.574706598,0.142569608,0.030968461,0.695458935
2,91,211318720,67,0.582632074,0.142569608,0.030968461,0.719365354
20,91,211318720,67,0.641821253,0.142569608,0.030968461,0.915584841
18,91,211318720,67,0.670679398,0.142569608,0.030968461,1.002295265
7,91,211318720,67,0.693604386,0.142569608,0.030968461,1.055570730
14,91,211318720,67,0.714019269,0.142569608,0.030968461,1.089389488
10,91,211318720,67,0.739576138,0.142569608,0.030968461,1.115180546
11,91,211318720,67,0.740833922,0.142569608,0.030968461,1.115690257
13,91,211318720,67,0.891643720,0.142569608,0.030968461,1.162445421
19,91,211318720,67,1.160127393,0.142569608,0.030968461,1.170490977
5,91,211318720,67,1.511291707,0.142569608,0.030968461,1.151563112
9,91,211318720,67,1.680701976,0.142569608,0.030968461,1.190233155
6,91,211318720,67,1.824258536,0.142569608,0.030968461,1.238184646
1,91,211318720,67,1.987623278,0.142569608,0.030968461,1.184161968
14,92,211318720,67,0.159832671,0.142569608,0.003974885,0.203150607
20,92,211318720,67,0.232700882,0.142569608,0.003974885,0.587449057
7,92,211318720,67,0.234315817,0.142569608,0.003974885,0.595329147
19,92,211318720,67,0.260799843,0.142569608,0.003974885,0.709718515
4,92,211318720,67,0.267160196,0.142569608,0.003974885,0.733199111
12,92,211318720,67,0.286261592,0.142569608,0.003974885,0.796663281
8,92,211318720,67,0.301060295,0.142569608,0.003974885,0.840311584
6,92,211318720,67,0.304117078,0.142569608,0.003974885,0.847407265
3,92,211318720,67,0.321654473,0.142569608,0.003974885,0.876314072
10,92,211318720,67,0.324270546,0.142569608,0.003974885,0.878974325
16,92,211318720,67,0.420895631,0.142569608,0.003974885,0.911675959
17,92,211318720,67,0.784674756,0.142569608,0.003974885,1.052506984
13,92,211318720,67,0.797075940,0.142569608,0.003974885,1.064616348
11,92,211318720,67,0.804758036,0.142569608,0.003974885,1.067458318
18,92,211318720,67,0.995623028,0.142569608,0.003974885,1.099420649
9,92,211318720,67,1.204524366,0.142569608,0.003974885,1.149384747
15,92,211318720,67,1.311945561,0.142569608,0.003974885,1.185165258
2,92,211318720,67,1.535311201,0.142569608,0.003974885,1.251653162
1,92,211318720,67,1.610014847,0.142569608,0.003974885,1.277299771
5,92,211318720,67,1.923800267,0.142569608,0.003974885,1.171561966
13,93,211318720,67,0.245527101,0.142569608,0.045021754,0.247766314
16,93,211318720,67,0.277635449,0.142569608,0.045021754,0.322872573
12,93,211318720,67,0.307420428,0.142569608,0.045021754,0.372488107
9,93,211318720,67,0.322876307,0.142569608,0.045021754,0.388041691
11,93,211318720,67,0.344469294,0.142569608,0.045021754,0.407360569
18,93,211318720,67,0.468165215,0.142569608,0.045021754,0.560840753
5,93,211318720,67,0.535153629,0.142569608,0.045021754,0.673709394
15,93,211318720,67,0.546457903,0.142569608,0.045021754,0.684484422
4,93,211318720,67,0.582632074,0.142569608,0.045021754,0.703002546
6,93,211318720,67,0.714019269,0.142569608,0.045021754,0.815129732
20,93,211318720,67,0.784674756,0.142569608,0.045021754,0.930696703
7,93,211318720,67,0.827240809,0.142569608,0.045021754,0.973188260
14,93,211318720,67,0.860904080,0.142569608,0.045021754,0.985140183
1,93,211318720,67,1.031384999,0.142569608,0.045021754,1.024985795
19,93,211318720,67,1.793468726,0.142569608,0.045021754,0.916000657
17,93,211318720,67,1.865638838,0.142569608,0.045021754,0.940781722
2,93,211318720,67,2.038813067,0.142569608,0.045021754,1.072659465
3,93,211318720,67,2.042732406,0.142569608,0.045021754,1.074221451
8,93,211318720,67,2.257366711,0.142569608,0.045021754,1.097375635
10,93,211318720,67,2.457349183,0.142569608,0.045021754,1.030610110
18,94,211318720,67,0.224084398,0.142569608,0.081646390,0.200042202
3,94,211318720,67,0.281175525,0.142569608,0.081646390,0.346407093
12,94,211318720,67,0.307296145,0.142569608,0.081646390,0.417545473
16,94,211318720,67,0.308736619,0.142569608,0.081646390,0.421046549
7,94,211318720,67,0.341878324,0.142569608,0.081646390,0.486146104
9,94,211318720,67,0.404488862,0.142569608,0.081646390,0.590448886
14,94,211318720,67,0.434644119,0.142569608,0.081646390,0.620997789
1,94,211318720,67,0.468165215,0.142569608,0.081646390,0.632370195
17,94,211318720,67,0.663109918,0.142569608,0.081646390,0.695108892
2,94,211318720,67,0.756462205,0.142569608,0.081646390,0.749700822
8,94,211318720,67,0.864295067,0.142569608,0.081646390,0.787957762
15,94,211318720,67,1.002541407,0.142569608,0.081646390,0.847271223
5,94,211318720,67,1.128887111,0.142569608,0.081646390,0.889640187
6,94,211318720,67,1.290645430,0.142569608,0.081646390,0.932525701
13,94,211318720,67,1.511291707,0.142569608,0.081646390,0.957191428
20,94,211318720,67,1.725062605,0.142569608,0.081646390,1.033128095
4,94,211318720,67,1.793468726,0.142569608,0.081646390,1.102631112
10,94,211318720,67,1.865638838,0.142569608,0.081646390,1.167480844
19,94,211318720,67,1.947242268,0.142569608,0.081646390,1.195840930
11,94,211318720,67,2.457349183,0.142569608,0.081646390,1.024238372
1,95,211318720,67,0.190995170,0.142569608,0.025475696,0.164460539
20,95,211318720,67,0.267160196,0.142569608,0.025475696,0.488734544
4,95,211318720,67,0.277635449,0.142569608,0.025475696,0.533711859
7,95,211318720,67,0.304117078,0.142569608,0.025475696,0.630643875
17,95,211318720,67,0.322876307,0.142569608,0.025475696,0.686923728
3,95,211318720,67,0.322958332,0.142569608,0.025475696,0.687117401
18,95,211318720,67,0.336410426,0.142569608,0.025475696,0.709702826
9,95,211318720,67,0.344469294,0.142569608,0.025475696,0.717536226
15,95,211318720,67,0.403555524,0.142569608,0.025475696,0.737437905
12,95,211318720,67,0.553788214,0.142569608,0.025475696,0.837431956
5,95,211318720,67,0.654253417,0.142569608,0.025475696,0.944100544
11,95,211318720,67,0.659885080,0.142569608,0.025475696,0.949695073
14,95,211318720,67,0.789062176,0.142569608,0.025475696,1.107116601
16,95,211318720,67,0.827379011,0.142569608,0.025475696,1.162386055
10,95,211318720,67,0.867710627,0.142569608,0.025475696,1.222410919
8,95,211318720,67,0.945352308,0.142569608,0.025475696,1.344876135
19,95,211318720,67,0.979722881,0.142569608,0.025475696,1.378905336
6,95,211318720,67,1.022680714,0.142569608,0.025475696,1.393161767
13,95,211318720,67,1.290645430,0.142569608,0.025475696,1.398862710
2,95,211318720,67,1.824258536,0.142569608,0.025475696,1.222495831
8,96,211318720,67,0.159832671,0.142569608,0.080708422,0.074702158
7,96,211318720,67,0.265618424,0.142569608,0.080708422,0.297062212
3,96,211318720,67,0.297778627,0.142569608,0.080708422,0.383836113
11,96,211318720,67,0.319290461,0.142569608,0.080708422,0.434599350
20,96,211318720,67,0.326199144,0.142569608,0.080708422,0.446208986
16,96,211318720,67,0.404488862,0.142569608,0.080708422,0.524083116
14,96,211318720,67,0.423346588,0.142569608,0.080708422,0.530485850
6,96,211318720,67,0.567480814,0.142569608,0.080708422,0.916393419
5,96,211318720,67,0.571552406,0.142569608,0.080708422,0.933992772
19,96,211318720,67,0.582632074,0.142569608,0.080708422,0.974703293
2,96,211318720,67,0.617606167,0.142569608,0.080708422,1.082793954
9,96,211318720,67,0.641821253,0.142569608,0.080708422,1.166189878
18,96,211318720,67,0.647753259,0.142569608,0.080708422,1.183869043
12,96,211318720,67,0.693604386,0.142569608,0.080708422,1.291626994
10,96,211318720,67,0.705718568,0.142569608,0.080708422,1.311809383
4,96,211318720,67,0.756462205,0.142569608,0.080708422,1.362428544
13,96,211318720,67,0.769100771,0.142569608,0.080708422,1.367179603
17,96,211318720,67,1.523230982,0.142569608,0.080708422,1.213938566
1,96,211318720,67,1.923800267,0.142569608,0.080708422,1.174552035
15,96,211318720,67,2.038813067,0.142569608,0.080708422,1.136218507
12,97,211318720,67,0.190995170,0.142569608,0.076294877,0.258981473
2,97,211318720,67,0.217930335,0.142569608,0.076294877,0.409560153
7,97,211318720,67,0.278869708,0.142569608,0.076294877,0.715016229
8,97,211318720,67,0.282341637,0.142569608,0.076294877,0.731132393
3,97,211318720,67,0.302606758,0.142569608,0.076294877,0.819210695
4,97,211318720,67,0.308736619,0.142569608,0.076294877,0.841844790
13,97,211318720,67,0.312623293,0.142569608,0.076294877,0.853525691
20,97,211318720,67,0.322876307,0.142569608,0.076294877,0.876492678
16,97,211318720,67,0.322958332,0.142569608,0.076294877,0.876616922
6,97,211318720,67,0.336410426,0.142569608,0.076294877,0.890089648
17,97,211318720,67,0.423346588,0.142569608,0.076294877,0.940593325
9,97,211318720,67,0.535153629,0.142569608,0.076294877,1.100157072
10,97,211318720,67,0.567480814,0.142569608,0.076294877,1.154590079
14,97,211318720,67,0.617606167,0.142569608,0.076294877,1.205267961
5,97,211318720,67,0.665658623,0.142569608,0.076294877,1.253043883
15,97,211318720,67,0.757735724,0.142569608,0.076294877,1.309742106
19,97,211318720,67,0.860904080,0.142569608,0.076294877,1.343182860
1,97,211318720,67,1.204524366,0.142569608,0.076294877,1.364444869
18,97,211318720,67,1.290645430,0.142569608,0.076294877,1.394237481
11,97,211318720,67,1.987623278,0.142569608,0.076294877,1.165946391
10,98,211318720,67,0.190995170,0.142569608,0.005123272,0.362367719
3,98,211318720,67,0.228738980,0.142569608,0.005123272,0.581818677
19,98,211318720,67,0.261216707,0.142569608,0.005123272,0.766657652
12,98,211318720,67,0.265618424,0.142569608,0.005123272,0.788685022
15,98,211318720,67,0.270916061,0.142569608,0.005123272,0.811612540
6,98,211318720,67,0.276768636,0.142569608,0.005123272,0.833048374
2,98,211318720,67,0.281175525,0.142569608,0.005123272,0.846399054
16,98,211318720,67,0.297778627,0.142569608,0.005123272,0.884952554
5,98,211318720,67,0.322876307,0.142569608,0.005123272,0.926822120
9,98,211318720,67,0.322958332,0.142569608,0.005123272,0.926897603
13,98,211318720,67,0.361632437,0.142569608,0.005123272,0.939746449
17,98,211318720,67,0.560130122,0.142569608,0.005123272,1.025829999
7,98,211318720,67,0.617606167,0.142569608,0.005123272,1.045800309
11,98,211318720,67,0.827379011,0.142569608,0.005123272,1.141615348
1,98,211318720,67,0.860904080,0.142569608,0.005123272,1.163234919
14,98,211318720,67,0.988028436,0.142569608,0.005123272,1.204272858
4,98,211318720,67,1.725062605,0.142569608,0.005123272,1.061715115
18,98,211318720,67,1.857549577,0.142569608,0.005123272,1.193616626
8,98,211318720,67,1.865638838,0.142569608,0.005123272,1.196467807
20,98,211318720,67,2.042732406,0.142569608,0.005123272,1.138424724
16,99,211318720,67,0.270916061,0.142569608,0.031860325,0.437380056
13,99,211318720,67,0.276768636,0.142569608,0.031860325,0.458996038
3,99,211318720,67,0.281175525,0.142569608,0.031860325,0.472456109
6,99,211318720,67,0.307296145,0.142569608,0.031860325,0.533434831
10,99,211318720,67,0.312623293,0.142569608,0.031860325,0.542388844
12,99,211318720,67,0.322958332,0.142569608,0.031860325,0.552452788
1,99,211318720,67,0.393302416,0.142569608,0.031860325,0.576801250
15,99,211318720,67,0.665658623,0.142569608,0.031860325,0.582173830
8,99,211318720,67,0.825358556,0.142569608,0.031860325,0.766393136
14,99,211318720,67,0.864295067,0.142569608,0.031860325,0.839380749
11,99,211318720,67,0.872485984,0.142569608,0.031860325,0.852944663
17,99,211318720,67,0.954724739,0.142569608,0.031860325,0.959639760
4,99,211318720,67,0.995623028,0.142569608,0.031860325,1.001134110
7,99,211318720,67,1.060038343,0.142569608,0.031860325,1.022892090
18,99,211318720,67,1.237330448,0.142569608,0.031860325,1.060580107
2,99,211318720,67,1.396250254,0.142569608,0.031860325,1.122353864
20,99,211318720,67,1.511291707,0.142569608,0.031860325,1.159788679
5,99,211318720,67,1.793468726,0.142569608,0.031860325,1.209794000
9,99,211318720,67,1.865638838,0.142569608,0.031860325,1.233959402
19,99,211318720,67,2.042732406,0.142569608,0.031860325,1.174771963
5,100,211318720,67,0.168914176,0.142569608,0.000539727,0.144145905
12,100,211318720,67,0.232700882,0.142569608,0.000539727,0.326981732
4,100,211318720,67,0.265169537,0.142569608,0.000539727,0.418302217
13,100,211318720,67,0.301060295,0.142569608,0.000539727,0.502237619
6,100,211318720,67,0.301070971,0.142569608,0.000539727,0.502252184
17,100,211318720,67,0.324270546,0.142569608,0.000539727,0.524697152
3,100,211318720,67,0.383998747,0.142569608,0.000539727,0.548034051
20,100,211318720,67,0.520566537,0.142569608,0.000539727,0.825198475
19,100,211318720,67,0.551085968,0.142569608,0.000539727,0.951473670
14,100,211318720,67,0.560130122,0.142569608,0.000539727,0.984510726
7,100,211318720,67,0.567480814,0.142569608,0.000539727,1.009715848
15,100,211318720,67,0.647753259,0.142569608,0.000539727,1.251275151
2,100,211318720,67,0.652480462,0.142569608,0.000539727,1.262486897
18,100,211318720,67,0.654253417,0.142569608,0.000539727,1.265487498
9,100,211318720,67,0.672613130,0.142569608,0.000539727,1.283758627
1,100,211318720,67,0.705718568,0.142569608,0.000539727,1.294771743
16,100,211318720,67,0.872485984,0.142569608,0.000539727,1.347598288
10,100,211318720,67,0.995623028,0.142569608,0.000539727,1.387911394
8,100,211318720,67,1.273044793,0.142569608,0.000539727,1.389553149
11,100,211318720,67,1.793468726,0.142569608,0.000539727,1.217535257
10,101,211318720,67,0.256746962,0.142569608,0.001920568,0.393893221
15,101,211318720,67,0.270916061,0.142569608,0.001920568,0.452637992
18,101,211318720,67,0.276768636,0.142569608,0.001920568,0.473875969
8,101,211318720,67,0.302606758,0.142569608,0.001920568,0.552016338
17,101,211318720,67,0.304117078,0.142569608,0.001920568,0.555541136
12,101,211318720,67,0.336410426,0.142569608,0.001920568,0.609609153
13,101,211318720,67,0.386616146,0.142569608,0.001920568,0.660338395
6,101,211318720,67,0.403693813,0.142569608,0.001920568,0.666239895
9,101,211318720,67,0.657349375,0.142569608,0.001920568,0.960088433
1,101,211318720,67,0.661357665,0.142569608,0.001920568,0.969470637
19,101,211318720,67,0.663109918,0.142569608,0.001920568,0.972155592
2,101,211318720,67,0.665658623,0.142569608,0.001920568,0.974732156
11,101,211318720,67,0.789062176,0.142569608,0.001920568,1.017304171
7,101,211318720,67,0.988028436,0.142569608,0.001920568,1.054430259
16,101,211318720,67,1.116684898,0.142569608,0.001920568,1.113511652
14,101,211318720,67,1.237330448,0.142569608,0.001920568,1.155939662
5,101,211318720,67,1.396250254,0.142569608,0.001920568,1.199843999
3,101,211318720,67,1.987623278,0.142569608,0.001920568,1.115994479
20,101,211318720,67,2.109842029,0.142569608,0.001920568,1.157904719
4,101,211318720,67,2.457349183,0.142569608,0.001920568,1.039469532
13,102,211318720,67,0.170050472,0.142569608,0.029227864,0.113757904
19,102,211318720,67,0.226085727,0.142569608,0.029227864,0.211902709
20,102,211318720,67,0.301070971,0.142569608,0.029227864,0.385398090
2,102,211318720,67,0.325051214,0.142569608,0.029227864,0.425713983
14,102,211318720,67,0.347657612,0.142569608,0.029227864,0.447284640
7,102,211318720,67,0.373230917,0.142569608,0.029227864,0.455809322
4,102,211318720,67,0.534377012,0.142569608,0.029227864,0.629506326
8,102,211318720,67,0.535153629,0.142569608,0.029227864,0.630877822
3,102,211318720,67,0.639616655,0.142569608,0.029227864,0.782874536
5,102,211318720,67,0.657349375,0.142569608,0.029227864,0.834980931
6,102,211318720,67,0.740833922,0.142569608,0.029227864,1.042821693
15,102,211318720,67,0.757735724,0.142569608,0.029227864,1.082143039
18,102,211318720,67,0.776878998,0.142569608,0.029227864,1.114462438
17,102,211318720,67,0.784674756,0.142569608,0.029227864,1.122484938
10,102,211318720,67,0.864295067,0.142569608,0.029227864,1.152470298
16,102,211318720,67,1.002541407,0.142569608,0.029227864,1.197977961
11,102,211318720,67,1.160127393,0.142569608,0.029227864,1.240613349
9,102,211318720,67,2.042732406,0.142569608,0.029227864,1.094619354
1,102,211318720,67,2.109842029,0.142569608,0.029227864,1.116735903
12,102,211318720,67,2.264199624,0.142569608,0.029227864,1.065294087
18,103,211318720,67,0.232700882,0.142569608,0.007223031,0.386757108
13,103,211318720,67,0.256746962,0.142569608,0.007223031,0.490633619
9,103,211318720,67,0.279756404,0.142569608,0.007223031,0.574850028
11,103,211318720,67,0.301070971,0.142569608,0.007223031,0.637992088
17,103,211318720,67,0.307420428,0.142569608,0.007223031,0.653107000
10,103,211318720,67,0.312623293,0.142569608,0.007223031,0.661914124
2,103,211318720,67,0.324270546,0.142569608,0.007223031,0.674105296
5,103,211318720,67,0.336410426,0.142569608,0.007223031,0.678122333
6,103,211318720,67,0.553788214,0.142569608,0.007223031,0.889514065
14,103,211318720,67,0.560130122,0.142569608,0.007223031,0.904469565
7,103,211318720,67,0.610218416,0.142569608,0.007223031,0.986207091
4,103,211318720,67,0.639616655,0.142569608,0.007223031,1.016349094
15,103,211318720,67,0.693604386,0.142569608,0.007223031,1.055291028
12,103,211318720,67,0.804758036,0.142569608,0.007223031,1.194765651
3,103,211318720,67,0.867710627,0.142569608,0.007223031,1.299629935
19,103,211318720,67,0.873971227,0.142569608,0.007223031,1.305914414
20,103,211318720,67,0.947065037,0.142569608,0.007223031,1.331496474
8,103,211318720,67,1.096200980,0.142569608,0.007223031,1.379478664
1,103,211318720,67,1.596542165,0.142569608,0.007223031,1.308923055
16,103,211318720,67,2.672887813,0.142569608,0.007223031,0.954385745
14,104,211318720,67,0.224084398,0.142569608,0.161435619,0.236366192
12,104,211318720,67,0.276768636,0.142569608,0.161435619,0.403367382
7,104,211318720,67,0.297778627,0.142569608,0.161435619,0.493859682
1,104,211318720,67,0.302606758,0.142569608,0.161435619,0.511776877
10,104,211318720,67,0.308736619,0.142569608,0.161435619,0.530148495
17,104,211318720,67,0.383998747,0.142569608,0.161435619,0.705859796
9,104,211318720,67,0.403693813,0.142569608,0.161435619,0.738144007
3,104,211318720,67,0.404488862,0.142569608,0.161435619,0.738979635
15,104,211318720,67,0.420895631,0.142569608,0.161435619,0.744981711
18,104,211318720,67,0.641821253,0.142569608,0.161435619,1.015527485
13,104,211318720,67,0.652480462,0.142569608,0.161435619,1.043824352
11,104,211318720,67,0.670679398,0.142569608,0.161435619,1.092322952
2,104,211318720,67,0.672613130,0.142569608,0.161435619,1.096943914
6,104,211318720,67,0.769100771,0.142569608,0.161435619,1.314034527
5,104,211318720,67,0.789062176,0.142569608,0.161435619,1.347249341
20,104,211318720,67,0.804758036,0.142569608,0.161435619,1.363036814
19,104,211318720,67,0.827240809,0.142569608,0.161435619,1.371094000
8,104,211318720,67,1.116684898,0.142569608,0.161435619,1.371995057
16,104,211318720,67,1.523230982,0.142569608,0.161435619,1.331180320
4,104,211318720,67,2.264199624,0.142569608,0.161435619,1.085006204
11,105,211318720,67,0.234315817,0.142569608,0.010661252,0.355921565
13,105,211318720,67,0.256746962,0.142569608,0.010661252,0.422830324
3,105,211318720,67,0.270916061,0.142569608,0.010661252,0.456195017
5,105,211318720,67,0.281175525,0.142569608,0.010661252,0.473455737
19,105,211318720,67,0.297778627,0.142569608,0.010661252,0.490347246
4,105,211318720,67,0.315211100,0.142569608,0.010661252,0.495257481
10,105,211318720,67,0.520566537,0.142569608,0.010661252,0.636209162
15,105,211318720,67,0.546457903,0.142569608,0.010661252,0.662068819
16,105,211318720,67,0.610218416,0.142569608,0.010661252,0.683793619
8,105,211318720,67,0.812666156,0.142569608,0.010661252,0.889920462
2,105,211318720,67,0.825358556,0.142569608,0.010661252,0.911036309
20,105,211318720,67,0.827379011,0.142569608,0.010661252,0.912622666
17,105,211318720,67,0.945352308,0.142569608,0.010661252,1.013468618
14,105,211318720,67,0.995623028,0.142569608,0.010661252,1.051578305
7,105,211318720,67,1.116684898,0.142569608,0.010661252,1.173402565
18,105,211318720,67,1.128887111,0.142569608,0.010661252,1.177165020
12,105,211318720,67,1.396250254,0.142569608,0.010661252,1.182224724
9,105,211318720,67,1.725062605,0.142569608,0.010661252,1.168202348
6,105,211318720,67,1.896146303,0.142569608,0.010661252,1.207182421
1,105,211318720,67,2.457349183,0.142569608,0.010661252,1.023940198
7,106,211318720,67,0.224084398,0.142569608,0.006464433,0.404734755
5,106,211318720,67,0.228738980,0.142569608,0.006464433,0.428128812
3,106,211318720,67,0.276768636,0.142569608,0.006464433,0.689863322
13,106,211318720,67,0.277635449,0.142569608,0.006464433,0.694173692
19,106,211318720,67,0.301060295,0.142569608,0.006464433,0.795223310
8,106,211318720,67,0.322958332,0.142569608,0.006464433,0.875051330
4,106,211318720,67,0.324270546,0.142569608,0.006464433,0.879089430
18,106,211318720,67,0.326199144,0.142569608,0.006464433,0.883751498
11,106,211318720,67,0.341878324,0.142569608,0.006464433,0.910194928
16,106,211318720,67,0.373230917,0.142569608,0.006464433,0.942549175
15,106,211318720,67,0.386616146,0.142569608,0.006464433,0.947279736
17,106,211318720,67,0.629905459,0.142569608,0.006464433,1.191895485
1,106,211318720,67,0.652480462,0.142569608,0.006464433,1.230113659
2,106,211318720,67,0.654253417,0.142569608,0.006464433,1.231794186
9,106,211318720,67,0.665658623,0.142569608,0.006464433,1.235691477
12,106,211318720,67,0.852526209,0.142569608,0.006464433,1.359023548
6,106,211318720,67,0.860904080,0.142569608,0.006464433,1.361641053
20,106,211318720,67,1.290645430,0.142569608,0.006464433,1.314960091
10,106,211318720,67,1.725062605,0.142569608,0.006464433,1.266377518
14,106,211318720,67,1.896146303,0.142569608,0.006464433,1.210334532
2,107,211318720,67,0.190995170,0.142569608,0.117388450,0.216166940
14,107,211318720,67,0.212159260,0.142569608,0.117388450,0.270411514
17,107,211318720,67,0.265169537,0.142569608,0.117388450,0.393177753
3,107,211318720,67,0.301070971,0.142569608,0.117388450,0.453034785
19,107,211318720,67,0.304117078,0.142569608,0.117388450,0.456068808
8,107,211318720,67,0.347657612,0.142569608,0.117388450,0.486603333
12,107,211318720,67,0.468165215,0.142569608,0.117388450,0.525565005
20,107,211318720,67,0.617606167,0.142569608,0.117388450,0.890039027
7,107,211318720,67,0.639616655,0.142569608,0.117388450,0.955726826
18,107,211318720,67,0.657349375,0.142569608,0.117388450,0.997450015
4,107,211318720,67,0.659885080,0.142569608,0.117388450,1.001757953
6,107,211318720,67,0.670679398,0.142569608,0.117388450,1.013025558
13,107,211318720,67,0.693604386,0.142569608,0.117388450,1.020193492
9,107,211318720,67,0.872485984,0.142569608,0.117388450,1.056955063
11,107,211318720,67,1.116684898,0.142569608,0.117388450,1.085433594
16,107,211318720,67,1.237330448,0.142569608,0.117388450,1.127950990
1,107,211318720,67,1.396250254,0.142569608,0.117388450,1.189426323
15,107,211318720,67,1.511291707,0.142569608,0.117388450,1.228504209
5,107,211318720,67,1.713347893,0.142569608,0.117388450,1.257815134
10,107,211318720,67,1.714394872,0.142569608,0.117388450,1.257469176
4,108,211318720,67,0.260799843,0.142569608,0.000437585,0.220864281
13,108,211318720,67,0.267160196,0.142569608,0.000437585,0.226975798
12,108,211318720,67,0.282341637,0.142569608,0.000437585,0.232856280
6,108,211318720,67,0.434644119,0.142569608,0.000437585,0.305423908
10,108,211318720,67,0.536351797,0.142569608,0.000437585,0.496011411
17,108,211318720,67,0.574706598,0.142569608,0.000437585,0.618735917
7,108,211318720,67,0.632038567,0.142569608,0.000437585,0.789849183
20,108,211318720,67,0.639616655,0.142569608,0.000437585,0.811229376
8,108,211318720,67,0.652480462,0.142569608,0.000437585,0.841429691
9,108,211318720,67,0.659885080,0.142569608,0.000437585,0.853876088
14,108,211318720,67,0.705718568,0.142569608,0.000437585,0.899872905
11,108,211318720,67,0.776878998,0.142569608,0.000437585,1.026303647
19,108,211318720,67,0.864295067,0.142569608,0.000437585,1.171610505
16,108,211318720,67,0.867710627,0.142569608,0.000437585,1.175204682
5,108,211318720,67,0.873971227,0.142569608,0.000437585,1.177301264
15,108,211318720,67,1.031384999,0.142569608,0.000437585,1.272966531
2,108,211318720,67,1.096200980,0.142569608,0.000437585,1.293468484
18,108,211318720,67,1.714394872,0.142569608,0.000437585,1.184386401
3,108,211318720,67,1.857549577,0.142569608,0.000437585,1.232782104
1,108,211318720,67,1.896146303,0.142569608,0.000437585,1.219919227
19,109,211318720,67,0.265169537,0.142569608,0.059381496,0.526200876
18,109,211318720,67,0.276768636,0.142569608,0.059381496,0.599474839
2,109,211318720,67,0.302606758,0.142569608,0.059381496,0.744950744
7,109,211318720,67,0.304117078,0.142569608,0.059381496,0.752499982
3,109,211318720,67,0.324270546,0.142569608,0.059381496,0.840253524
5,109,211318720,67,0.325051214,0.142569608,0.059381496,0.843134363
9,109,211318720,67,0.325473414,0.142569608,0.059381496,0.844502890
13,109,211318720,67,0.347657612,0.142569608,0.059381496,0.895830175
17,109,211318720,67,0.361632437,0.142569608,0.059381496,0.918749428
10,109,211318720,67,0.386616146,0.142569608,0.059381496,0.950218541
4,109,211318720,67,0.404488862,0.142569608,0.059381496,0.967895778
8,109,211318720,67,0.520566537,0.142569608,0.059381496,1.047355918
1,109,211318720,67,0.617606167,0.142569608,0.059381496,1.244786925
14,109,211318720,67,0.647753259,0.142569608,0.059381496,1.295178270
12,109,211318720,67,0.663109918,0.142569608,0.059381496,1.310972596
15,109,211318720,67,0.706047967,0.142569608,0.059381496,1.325827179
16,109,211318720,67,1.714394872,0.142569608,0.059381496,1.084314026
6,109,211318720,67,1.987623278,0.142569608,0.059381496,1.149883730
11,109,211318720,67,2.042732406,0.142569608,0.059381496,1.168102288
20,109,211318720,67,2.257366711,0.142569608,0.059381496,1.096399780
14,110,211318720,67,0.159832671,0.142569608,0.028360369,0.049827545
1,110,211318720,67,0.324270546,0.142569608,0.028360369,0.283217297
2,110,211318720,67,0.325051214,0.142569608,0.028360369,0.284543235
11,110,211318720,67,0.383998747,0.142569608,0.028360369,0.381607043
16,110,211318720,67,0.404488862,0.142569608,0.028360369,0.402317895
17,110,211318720,67,0.468165215,0.142569608,0.028360369,0.423745464
6,110,211318720,67,0.652480462,0.142569608,0.028360369,0.456885577
15,110,211318720,67,0.812666156,0.142569608,0.028360369,0.563328050
3,110,211318720,67,0.860904080,0.142569608,0.028360369,0.579738543
19,110,211318720,67,1.022680714,0.142569608,0.028360369,0.623035025
4,110,211318720,67,1.160127393,0.142569608,0.028360369,0.669742471
8,110,211318720,67,1.596542165,0.142569608,0.028360369,0.772506680
12,110,211318720,67,1.610014847,0.142569608,0.028360369,0.804151666
13,110,211318720,67,1.680701976,0.142569608,0.028360369,0.942008727
18,110,211318720,67,1.714394872,0.142569608,0.028360369,0.997872478
10,110,211318720,67,1.725062605,0.142569608,0.028360369,1.008661747
9,110,211318720,67,1.793468726,0.142569608,0.028360369,1.031049471
5,110,211318720,67,2.038813067,0.142569608,0.028360369,1.044130572
7,110,211318720,67,2.257366711,0.142569608,0.028360369,1.068031898
20,110,211318720,67,2.457349183,0.142569608,0.028360369,1.002462338
16,111,211318720,67,0.190995170,0.142569608,0.055483982,0.141365929
19,111,211318720,67,0.261216707,0.142569608,0.055483982,0.449320664
7,111,211318720,67,0.307420428,0.142569608,0.055483982,0.680723342
3,111,211318720,67,0.319290461,0.142569608,0.055483982,0.732052389
2,111,211318720,67,0.322958332,0.142569608,0.055483982,0.745429187
10,111,211318720,67,0.325473414,0.142569608,0.055483982,0.753142954
11,111,211318720,67,0.326199144,0.142569608,0.055483982,0.754879385
13,111,211318720,67,0.361632437,0.142569608,0.055483982,0.813679214
18,111,211318720,67,0.370342648,0.142569608,0.055483982,0.822372019
20,111,211318720,67,0.403693813,0.142569608,0.055483982,0.850484487
8,111,211318720,67,0.520566537,0.142569608,0.055483982,0.936609105
6,111,211318720,67,0.615215811,0.142569608,0.055483982,1.065868422
12,111,211318720,67,0.641821253,0.142569608,0.055483982,1.092111877
9,111,211318720,67,0.706047967,0.142569608,0.055483982,1.112580723
17,111,211318720,67,0.954668946,0.142569608,0.055483982,1.177013158
1,111,211318720,67,1.022680714,0.142569608,0.055483982,1.224281184
5,111,211318720,67,1.128887111,0.142569608,0.055483982,1.259630950
4,111,211318720,67,1.511291707,0.142569608,0.055483982,1.226229909
14,111,211318720,67,1.824258536,0.142569608,0.055483982,1.218869715
15,111,211318720,67,2.109842029,0.142569608,0.055483982,1.125646586
7,112,211318720,67,0.224084398,0.142569608,0.003544577,0.292844425
19,112,211318720,67,0.260706753,0.142569608,0.003544577,0.409583683
4,112,211318720,67,0.260799843,0.142569608,0.003544577,0.409887819
16,112,211318720,67,0.282341637,0.142569608,0.003544577,0.460286039
17,112,211318720,67,0.319290461,0.142569608,0.003544577,0.522052743
5,112,211318720,67,0.347657612,0.142569608,0.003544577,0.550453323
9,112,211318720,67,0.393302416,0.142569608,0.003544577,0.565861132
3,112,211318720,67,0.661357665,0.142569608,0.003544577,0.700810420
10,112,211318720,67,0.672613130,0.142569608,0.003544577,0.718849805
18,112,211318720,67,0.740833922,0.142569608,0.003544577,0.796949709
11,112,211318720,67,0.804758036,0.142569608,0.003544577,0.859906148
6,112,211318720,67,0.867710627,0.142569608,0.003544577,1.038824009
20,112,211318720,67,0.947065037,0.142569608,0.003544577,1.225352803
1,112,211318720,67,0.948202507,0.142569608,0.003544577,1.227252449
12,112,211318720,67,0.954668946,0.142569608,0.003544577,1.233988824
13,112,211318720,67,0.954724739,0.142569608,0.003544577,1.233996394
15,112,211318720,67,1.116684898,0.142569608,0.003544577,1.341641874
2,112,211318720,67,1.160127393,0.142569608,0.003544577,1.356190759
8,112,211318720,67,1.610014847,0.142569608,0.003544577,1.304989098
14,112,211318720,67,1.680701976,0.142569608,0.003544577,1.281430844
15,113,211318720,67,0.159832671,0.142569608,0.144906133,0.235608725
6,113,211318720,67,0.168914176,0.142569608,0.144906133,0.262874817
11,113,211318720,67,0.232700882,0.142569608,0.144906133,0.413671767
12,113,211318720,67,0.260799843,0.142569608,0.144906133,0.478461243
19,113,211318720,67,0.282341637,0.142569608,0.144906133,0.515357601
3,113,211318720,67,0.286261592,0.142569608,0.144906133,0.519375384
16,113,211318720,67,0.370342648,0.142569608,0.144906133,0.549444353
10,113,211318720,67,0.551085968,0.142569608,0.144906133,0.688425084
13,113,211318720,67,0.610859170,0.142569608,0.144906133,0.819505349
1,113,211318720,67,0.620453832,0.142569608,0.144906133,0.835412528
8,113,211318720,67,0.693604386,0.142569608,0.144906133,0.956683417
5,113,211318720,67,0.705718568,0.142569608,0.144906133,0.976507463
17,113,211318720,67,0.789062176,0.142569608,0.144906133,1.058483342
14,113,211318720,67,0.812666156,0.142569608,0.144906133,1.067262168
4,113,211318720,67,0.979722881,0.142569608,0.144906133,1.107765805
2,113,211318720,67,1.714394872,0.142569608,0.144906133,0.983960319
7,113,211318720,67,1.824258536,0.142569608,0.144906133,1.019196561
9,113,211318720,67,1.987623278,0.142569608,0.144906133,1.123116582
20,113,211318720,67,2.038813067,0.142569608,0.144906133,1.140180828
18,113,211318720,67,2.109842029,0.142569608,0.144906133,1.116507430
17,114,211318720,67,0.168914176,0.142569608,0.027278267,0.145923527
7,114,211318720,67,0.224084398,0.142569608,0.027278267,0.402729921
6,114,211318720,67,0.277635449,0.142569608,0.027278267,0.670785191
9,114,211318720,67,0.297778627,0.142569608,0.027278267,0.758560113
20,114,211318720,67,0.301070971,0.142569608,0.027278267,0.770907635
2,114,211318720,67,0.308736619,0.142569608,0.027278267,0.793882395
16,114,211318720,67,0.320898793,0.142569608,0.027278267,0.822381932
3,114,211318720,67,0.322958332,0.142569608,0.027278267,0.825781844
4,114,211318720,67,0.325473414,0.142569608,0.027278267,0.828311953
1,114,211318720,67,0.361632437,0.142569608,0.027278267,0.840357869
13,114,211318720,67,0.574706598,0.142569608,0.027278267,1.030920382
14,114,211318720,67,0.582632074,0.142569608,0.027278267,1.044054771
10,114,211318720,67,0.647753259,0.142569608,0.027278267,1.109516404
12,114,211318720,67,0.670679398,0.142569608,0.027278267,1.117683716
11,114,211318720,67,0.947065037,0.142569608,0.027278267,1.257055663
5,114,211318720,67,0.979722881,0.142569608,0.027278267,1.290028926
18,114,211318720,67,0.988766129,0.142569608,0.027278267,1.292762049
19,114,211318720,67,1.714394872,0.142569608,0.027278267,1.149165373
8,114,211318720,67,1.865638838,0.142569608,0.027278267,1.196327948
15,114,211318720,67,2.042732406,0.142569608,0.027278267,1.137131705
2,115,211318720,67,0.270916061,0.142569608,0.014696874,0.444157196
5,115,211318720,67,0.301060295,0.142569608,0.014696874,0.575084234
1,115,211318720,67,0.301070971,0.142569608,0.014696874,0.575123332
20,115,211318720,67,0.308736619,0.142569608,0.014696874,0.598327045
10,115,211318720,67,0.312623293,0.142569608,0.014696874,0.607644134
11,115,211318720,67,0.336410426,0.142569608,0.014696874,0.646859561
16,115,211318720,67,0.347657612,0.142569608,0.014696874,0.658234530
12,115,211318720,67,0.393302416,0.142569608,0.014696874,0.674020472
8,115,211318720,67,0.534377012,0.142569608,0.014696874,0.783174506
13,115,211318720,67,0.582632074,0.142569608,0.014696874,0.807466189
14,115,211318720,67,0.714019269,0.142569608,0.014696874,0.853504391
3,115,211318720,67,0.852526209,0.142569608,0.014696874,0.898212951
15,115,211318720,67,1.022680714,0.142569608,0.014696874,1.008165519
9,115,211318720,67,1.096200980,0.142569608,0.014696874,1.083052078
7,115,211318720,67,1.128887111,0.142569608,0.014696874,1.116230771
17,115,211318720,67,1.237330448,0.142569608,0.014696874,1.212337025
4,115,211318720,67,1.290645430,0.142569608,0.014696874,1.230958082
6,115,211318720,67,1.535311201,0.142569608,0.014696874,1.244245260
18,115,211318720,67,1.857549577,0.142569608,0.014696874,1.235882218
19,115,211318720,67,2.042732406,0.142569608,0.014696874,1.174596304
11,116,211318720,67,0.159832671,0.142569608,0.020114319,0.123139051
7,116,211318720,67,0.232700882,0.142569608,0.020114319,0.410416362
8,116,211318720,67,0.265618424,0.142569608,0.020114319,0.531938836
16,116,211318720,67,0.297778627,0.142569608,0.020114319,0.629480338
1,116,211318720,67,0.302606758,0.142569608,0.020114319,0.640688261
13,116,211318720,67,0.308736619,0.142569608,0.020114319,0.650952332
17,116,211318720,67,0.315211100,0.142569608,0.020114319,0.657077980
15,116,211318720,67,0.325473414,0.142569608,0.020114319,0.660604033
3,116,211318720,67,0.513365802,0.142569608,0.020114319,0.918554709
19,116,211318720,67,0.553788214,0.142569608,0.020114319,1.059628660
6,116,211318720,67,0.571552406,0.142569608,0.020114319,1.117983109
12,116,211318720,67,0.582632074,0.142569608,0.020114319,1.151371915
20,116,211318720,67,0.610859170,0.142569608,0.020114319,1.217553753
18,116,211318720,67,0.620453832,0.142569608,0.020114319,1.233541722
5,116,211318720,67,0.665658623,0.142569608,0.020114319,1.278851912
2,116,211318720,67,0.706047967,0.142569608,0.020114319,1.292833163
9,116,211318720,67,0.864295067,0.142569608,0.020114319,1.459776509
14,116,211318720,67,0.872485984,0.142569608,0.020114319,1.467764188
10,116,211318720,67,0.954724739,0.142569608,0.020114319,1.495124710
4,116,211318720,67,1.060038343,0.142569608,0.020114319,1.460024374
15,117,211318720,67,0.190995170,0.142569608,0.037010822,0.149176266
6,117,211318720,67,0.277977303,0.142569608,0.037010822,0.376835204
3,117,211318720,67,0.282341637,0.142569608,0.037010822,0.387144020
7,117,211318720,67,0.301070971,0.142569608,0.037010822,0.418377803
11,117,211318720,67,0.322876307,0.142569608,0.037010822,0.440818134
14,117,211318720,67,0.383998747,0.142569608,0.037010822,0.460617071
8,117,211318720,67,0.536351797,0.142569608,0.037010822,0.590781975
4,117,211318720,67,0.610218416,0.142569608,0.037010822,0.772168162
13,117,211318720,67,0.654253417,0.142569608,0.037010822,0.874518084
12,117,211318720,67,0.657349375,0.142569608,0.037010822,0.879742967
2,117,211318720,67,0.665658623,0.142569608,0.037010822,0.888306292
9,117,211318720,67,0.739576138,0.142569608,0.037010822,0.964712793
16,117,211318720,67,0.827379011,0.142569608,0.037010822,1.052805989
17,117,211318720,67,0.860904080,0.142569608,0.037010822,1.064569590
1,117,211318720,67,1.311945561,0.142569608,0.037010822,1.013169169
20,117,211318720,67,1.923800267,0.142569608,0.037010822,0.960077484
5,117,211318720,67,1.987623278,0.142569608,0.037010822,0.997659062
19,117,211318720,67,2.105592253,0.142569608,0.037010822,1.037929102
10,117,211318720,67,2.264199624,0.142569608,0.037010822,1.079092907
18,117,211318720,67,2.672887813,0.142569608,0.037010822,0.945765258
13,118,211318720,67,0.159832671,0.142569608,0.074906237,0.257574714
16,118,211318720,67,0.170050472,0.142569608,0.074906237,0.294795974
7,118,211318720,67,0.245527101,0.142569608,0.074906237,0.522091850
11,118,211318720,67,0.265618424,0.142569608,0.074906237,0.569637694
10,118,211318720,67,0.267160196,0.142569608,0.074906237,0.572108810
19,118,211318720,67,0.272470717,0.142569608,0.074906237,0.577406138
5,118,211318720,67,0.282341637,0.142569608,0.074906237,0.580762163
17,118,211318720,67,0.582632074,0.142569608,0.074906237,0.622128672
8,118,211318720,67,0.654253417,0.142569608,0.074906237,0.688895034
9,118,211318720,67,0.756462205,0.142569608,0.074906237,0.847720272
12,118,211318720,67,0.775361478,0.142569608,0.074906237,0.866346094
14,118,211318720,67,0.812666156,0.142569608,0.074906237,0.880108620
4,118,211318720,67,0.954668946,0.142569608,0.074906237,0.926368004
20,118,211318720,67,1.523230982,0.142569608,0.074906237,0.875454637
6,118,211318720,67,1.596542165,0.142569608,0.074906237,0.910331867
3,118,211318720,67,1.725062605,0.142569608,0.074906237,0.954726208
2,118,211318720,67,1.865638838,0.142569608,0.074906237,1.042534980
1,118,211318720,67,1.947242268,0.142569608,0.074906237,1.069036766
15,118,211318720,67,2.105592253,0.142569608,0.074906237,1.109848563
18,118,211318720,67,2.672887813,0.142569608,0.074906237,0.920571636
4,119,211318720,67,0.212159260,0.142569608,0.311720878,0.324521782
8,119,211318720,67,0.270916061,0.142569608,0.311720878,0.607274364
14,119,211318720,67,0.275318730,0.142569608,0.311720878,0.626228353
13,119,211318720,67,0.277635449,0.142569608,0.311720878,0.634881168
5,119,211318720,67,0.297778627,0.142569608,0.311720878,0.698871912
10,119,211318720,67,0.307296145,0.142569608,0.311720878,0.727851302
15,119,211318720,67,0.319290461,0.142569608,0.311720878,0.755823383
2,119,211318720,67,0.322876307,0.142569608,0.311720878,0.761693429
20,119,211318720,67,0.370342648,0.142569608,0.311720878,0.838506320
18,119,211318720,67,0.434644119,0.142569608,0.311720878,0.987488730
7,119,211318720,67,0.468165215,0.142569608,0.311720878,1.066774503
1,119,211318720,67,0.520566537,0.142569608,0.311720878,1.154881862
9,119,211318720,67,0.535153629,0.142569608,0.311720878,1.174346747
16,119,211318720,67,0.546457903,0.142569608,0.311720878,1.185403557
12,119,211318720,67,0.670679398,0.142569608,0.311720878,1.225302487
3,119,211318720,67,1.204524366,0.142569608,0.311720878,1.194197224
11,119,211318720,67,1.273044793,0.142569608,0.311720878,1.217138936
6,119,211318720,67,1.596542165,0.142569608,0.311720878,1.204968337
17,119,211318720,67,1.865638838,0.142569608,0.311720878,1.208178286
19,119,211318720,67,2.105592253,0.142569608,0.311720878,1.128910754
6,120,211318720,67,0.226085727,0.142569608,0.037943639,0.284840097
20,120,211318720,67,0.260799843,0.142569608,0.037943639,0.432306953
3,120,211318720,67,0.276768636,0.142569608,0.037943639,0.491007905
4,120,211318720,67,0.304117078,0.142569608,0.037943639,0.573641363
16,120,211318720,67,0.312623293,0.142569608,0.037943639,0.593568509
18,120,211318720,67,0.336410426,0.142569608,0.037943639,0.633930521
14,120,211318720,67,0.366385622,0.142569608,0.037943639,0.663390842
5,120,211318720,67,0.373230917,0.142569608,0.037943639,0.664835383
11,120,211318720,67,0.553788214,0.142569608,0.037943639,0.855747496
7,120,211318720,67,0.571552406,0.142569608,0.037943639,0.903037093
8,120,211318720,67,0.657349375,0.142569608,0.037943639,1.104254472
17,120,211318720,67,0.659885080,0.142569608,0.037943639,1.108643776
13,120,211318720,67,0.663109918,0.142569608,0.037943639,1.112061255
15,120,211318720,67,0.705718568,0.142569608,0.037943639,1.164592947
1,120,211318720,67,0.812666156,0.142569608,0.037943639,1.277804090
9,120,211318720,67,0.827240809,0.142569608,0.037943639,1.302024912
2,120,211318720,67,0.947065037,0.142569608,0.037943639,1.480007613
19,120,211318720,67,0.954724739,0.142569608,0.037943639,1.487670305
12,120,211318720,67,1.002541407,0.142569608,0.037943639,1.503611695
10,120,211318720,67,1.022680714,0.142569608,0.037943639,1.496900319
1,121,211318720,67,0.168914176,0.142569608,0.074282847,0.143488125
3,121,211318720,67,0.212159260,0.142569608,0.074282847,0.249096981
14,121,211318720,67,0.278869708,0.142569608,0.074282847,0.404207806
13,121,211318720,67,0.297778627,0.142569608,0.074282847,0.435947192
9,121,211318720,67,0.315211100,0.142569608,0.074282847,0.453434823
11,121,211318720,67,0.344469294,0.142569608,0.074282847,0.463097126
19,121,211318720,67,0.574706598,0.142569608,0.074282847,0.715539282
17,121,211318720,67,0.625469962,0.142569608,0.074282847,0.910075046
18,121,211318720,67,0.639616655,0.142569608,0.074282847,0.961998054
6,121,211318720,67,0.641821253,0.142569608,0.074282847,0.968730308
7,121,211318720,67,0.657349375,0.142569608,0.074282847,1.005045424
10,121,211318720,67,0.672613130,0.142569608,0.074282847,1.030867859
8,121,211318720,67,0.714019269,0.142569608,0.074282847,1.071693296
5,121,211318720,67,0.757735724,0.142569608,0.074282847,1.107854811
16,121,211318720,67,0.867710627,0.142569608,0.074282847,1.144170890
15,121,211318720,67,1.160127393,0.142569608,0.074282847,1.144808066
20,121,211318720,67,1.535311201,0.142569608,0.074282847,1.115689343
4,121,211318720,67,1.793468726,0.142569608,0.074282847,1.177586304
12,121,211318720,67,1.857549577,0.142569608,0.074282847,1.199279238
2,121,211318720,67,2.109842029,0.142569608,0.074282847,1.115984869
1,122,211318720,67,0.228738980,0.142569608,0.000742295,0.314705561
2,122,211318720,67,0.245527101,0.142569608,0.000742295,0.353874804
4,122,211318720,67,0.265618424,0.142569608,0.000742295,0.387502509
14,122,211318720,67,0.270916061,0.142569608,0.000742295,0.392822936
19,122,211318720,67,0.301060295,0.142569608,0.000742295,0.416542247
3,122,211318720,67,0.423346588,0.142569608,0.000742295,0.458222787
5,122,211318720,67,0.582632074,0.142569608,0.000742295,0.618783858
13,122,211318720,67,0.647753259,0.142569608,0.000742295,0.763504367
9,122,211318720,67,0.657349375,0.142569608,0.000742295,0.792472274
17,122,211318720,67,0.693604386,0.142569608,0.000742295,0.883661250
15,122,211318720,67,0.757735724,0.142569608,0.000742295,1.034309793
11,122,211318720,67,0.769100771,0.142569608,0.000742295,1.053652318
20,122,211318720,67,0.789062176,0.142569608,0.000742295,1.074264587
18,122,211318720,67,0.827379011,0.142569608,0.000742295,1.086991266
6,122,211318720,67,1.160127393,0.142569608,0.000742295,1.124924937
16,122,211318720,67,1.237330448,0.142569608,0.000742295,1.202676446
12,122,211318720,67,1.290645430,0.142569608,0.000742295,1.220724152
10,122,211318720,67,1.865638838,0.142569608,0.000742295,1.125479390
7,122,211318720,67,2.257366711,0.142569608,0.000742295,1.090472854
8,122,211318720,67,2.457349183,0.142569608,0.000742295,1.023825545
19,123,211318720,67,0.234315817,0.142569608,0.065963671,0.243811807
3,123,211318720,67,0.245527101,0.142569608,0.065963671,0.262565528
9,123,211318720,67,0.276768636,0.142569608,0.065963671,0.293425550
5,123,211318720,67,0.312623293,0.142569608,0.065963671,0.303961553
8,123,211318720,67,0.546457903,0.142569608,0.065963671,0.389556948
15,123,211318720,67,0.610859170,0.142569608,0.065963671,0.461606612
10,123,211318720,67,0.663109918,0.142569608,0.065963671,0.525685820
14,123,211318720,67,0.739576138,0.142569608,0.065963671,0.654109156
18,123,211318720,67,0.789062176,0.142569608,0.065963671,0.704551193
17,123,211318720,67,0.804758036,0.142569608,0.065963671,0.710049796
12,123,211318720,67,0.954668946,0.142569608,0.065963671,0.828416600
4,123,211318720,67,0.988028436,0.142569608,0.065963671,0.848715696
7,123,211318720,67,1.116684898,0.142569608,0.065963671,0.892326477
20,123,211318720,67,1.596542165,0.142569608,0.065963671,0.950937911
13,123,211318720,67,1.610014847,0.142569608,0.065963671,0.964555460
11,123,211318720,67,1.680701976,0.142569608,0.065963671,0.988643149
6,123,211318720,67,1.824258536,0.142569608,0.065963671,1.154992079
1,123,211318720,67,1.857549577,0.142569608,0.065963671,1.188915753
16,123,211318720,67,1.896146303,0.142569608,0.065963671,1.202728140
2,123,211318720,67,2.042732406,0.142569608,0.065963671,1.153423279
15,124,211318720,67,0.190995170,0.142569608,0.049457617,0.277024678
19,124,211318720,67,0.217930335,0.142569608,0.049457617,0.375397963
1,124,211318720,67,0.256746962,0.142569608,0.049457617,0.491611894
2,124,211318720,67,0.277635449,0.142569608,0.049457617,0.540722158
13,124,211318720,67,0.278869708,0.142569608,0.049457617,0.542873040
12,124,211318720,67,0.307296145,0.142569608,0.049457617,0.571554266
16,124,211318720,67,0.321654473,0.142569608,0.049457617,0.576357868
11,124,211318720,67,0.534377012,0.142569608,0.049457617,0.752992592
7,124,211318720,67,0.552859885,0.142569608,0.049457617,0.771747092
10,124,211318720,67,0.574706598,0.142569608,0.049457617,0.778990858
9,124,211318720,67,0.775361478,0.142569608,0.049457617,0.888837942
4,124,211318720,67,0.797075940,0.142569608,0.049457617,0.896289920
17,124,211318720,67,0.945352308,0.142569608,0.049457617,0.943701896
20,124,211318720,67,1.096200980,0.142569608,0.049457617,1.063645673
6,124,211318720,67,1.128887111,0.142569608,0.049457617,1.075623881
5,124,211318720,67,1.290645430,0.142569608,0.049457617,1.118045374
8,124,211318720,67,1.714394872,0.142569608,0.049457617,1.075171411
18,124,211318720,67,2.105592253,0.142569608,0.049457617,1.133966730
3,124,211318720,67,2.109842029,0.142569608,0.049457617,1.135569070
14,124,211318720,67,2.264199624,0.142569608,0.049457617,1.084127717
2,125,211318720,67,0.168914176,0.142569608,0.090532646,0.251139054
11,125,211318720,67,0.212159260,0.142569608,0.090532646,0.410016010
1,125,211318720,67,0.234315817,0.142569608,0.090532646,0.484391843
9,125,211318720,67,0.256746962,0.142569608,0.090532646,0.551333535
10,125,211318720,67,0.270916061,0.142569608,0.090532646,0.583815194
12,125,211318720,67,0.286261592,0.142569608,0.090532646,0.609377152
14,125,211318720,67,0.301060295,0.142569608,0.090532646,0.623913956
3,125,211318720,67,0.366385622,0.142569608,0.090532646,0.646061532
4,125,211318720,67,0.534377012,0.142569608,0.090532646,0.932538177
6,125,211318720,67,0.536099314,0.142569608,0.090532646,0.936705923
19,125,211318720,67,0.536351797,0.142569608,0.090532646,0.937128735
5,125,211318720,67,0.610218416,0.142569608,0.090532646,1.010132046
20,125,211318720,67,0.652480462,0.142569608,0.090532646,1.037199590
15,125,211318720,67,0.775361478,0.142569608,0.090532646,1.139474359
8,125,211318720,67,0.825358556,0.142569608,0.090532646,1.156774106
13,125,211318720,67,1.022680714,0.142569608,0.090532646,1.346777412
16,125,211318720,67,1.031384999,0.142569608,0.090532646,1.360767214
17,125,211318720,67,1.096200980,0.142569608,0.090532646,1.425850260
18,125,211318720,67,1.128887111,0.142569608,0.090532646,1.437329429
7,125,211318720,67,1.311945561,0.142569608,0.090532646,1.375635795
16,126,211318720,67,0.190995170,0.142569608,0.050929341,0.301373374
14,126,211318720,67,0.224084398,0.142569608,0.050929341,0.422678423
5,126,211318720,67,0.260799843,0.142569608,0.050929341,0.539181543
2,126,211318720,67,0.272470717,0.142569608,0.050929341,0.581093591
1,126,211318720,67,0.277977303,0.142569608,0.050929341,0.597409053
9,126,211318720,67,0.278869708,0.142569608,0.050929341,0.599540836
10,126,211318720,67,0.308736619,0.142569608,0.050929341,0.667888914
13,126,211318720,67,0.393302416,0.142569608,0.050929341,0.819563064
3,126,211318720,67,0.404488862,0.142569608,0.050929341,0.838736652
19,126,211318720,67,0.423346588,0.142569608,0.050929341,0.870282370
4,126,211318720,67,0.520566537,0.142569608,0.050929341,1.002861451
12,126,211318720,67,0.546457903,0.142569608,0.050929341,1.028506826
6,126,211318720,67,0.610218416,0.142569608,0.050929341,1.057383980
11,126,211318720,67,0.740833922,0.142569608,0.050929341,1.100744730
17,126,211318720,67,0.947065037,0.142569608,0.050929341,1.128464946
7,126,211318720,67,1.096200980,0.142569608,0.050929341,1.259468451
15,126,211318720,67,1.111315946,0.142569608,0.050929341,1.264812439
8,126,211318720,67,1.535311201,0.142569608,0.050929341,1.270657758
18,126,211318720,67,1.596542165,0.142569608,0.050929341,1.290061160
20,126,211318720,67,2.672887813,0.142569608,0.050929341,0.935983010
14,127,211318720,67,0.168914176,0.142569608,0.015092020,0.189678476
13,127,211318720,67,0.228738980,0.142569608,0.015092020,0.442244851
11,127,211318720,67,0.265618424,0.142569608,0.015092020,0.602844798
5,127,211318720,67,0.270916061,0.142569608,0.015092020,0.622328953
15,127,211318720,67,0.277977303,0.142569608,0.015092020,0.643731646
18,127,211318720,67,0.307296145,0.142569608,0.015092020,0.730859940
6,127,211318720,67,0.309338144,0.142569608,0.015092020,0.735567024
2,127,211318720,67,0.326199144,0.142569608,0.015092020,0.764616972
20,127,211318720,67,0.366385622,0.142569608,0.015092020,0.832449182
8,127,211318720,67,0.420895631,0.142569608,0.015092020,0.901662476
10,127,211318720,67,0.468165215,0.142569608,0.015092020,0.980469788
9,127,211318720,67,0.552859885,0.142569608,0.015092020,1.122070871
17,127,211318720,67,0.553788214,0.142569608,0.015092020,1.122987765
19,127,211318720,67,0.610859170,0.142569608,0.015092020,1.169041725
16,127,211318720,67,0.714019269,0.142569608,0.015092020,1.204441922
7,127,211318720,67,0.988028436,0.142569608,0.015092020,1.296218687
3,127,211318720,67,1.002541407,0.142569608,0.015092020,1.300976595
1,127,211318720,67,1.160127393,0.142569608,0.015092020,1.344349835
12,127,211318720,67,2.038813067,0.142569608,0.015092020,1.153027037
4,127,211318720,67,2.257366711,0.142569608,0.015092020,1.079894999
3,128,211318720,67,0.217930335,0.142569608,0.027102759,0.327339803
1,128,211318720,67,0.260706753,0.142569608,0.027102759,0.484520471
10,128,211318720,67,0.267160196,0.142569608,0.027102759,0.503614189
5,128,211318720,67,0.278869708,0.142569608,0.027102759,0.530815099
19,128,211318720,67,0.307420428,0.142569608,0.027102759,0.579040207
15,128,211318720,67,0.312623293,0.142569608,0.027102759,0.584365891
8,128,211318720,67,0.319290461,0.142569608,0.027102759,0.586362127
14,128,211318720,67,0.513365802,0.142569608,0.027102759,0.745738825
12,128,211318720,67,0.571552406,0.142569608,0.027102759,0.920880711
2,128,211318720,67,0.610859170,0.142569608,0.027102759,1.012015935
6,128,211318720,67,0.620453832,0.142569608,0.027102759,1.027700163
7,128,211318720,67,0.632038567,0.142569608,0.027102759,1.039573646
17,128,211318720,67,0.652480462,0.142569608,0.027102759,1.046996525
20,128,211318720,67,0.825358556,0.142569608,0.027102759,1.114338614
4,128,211318720,67,0.945352308,0.142569608,0.027102759,1.233481022
9,128,211318720,67,0.948202507,0.142569608,0.027102759,1.234441805
11,128,211318720,67,1.237330448,0.142569608,0.027102759,1.232640415
13,128,211318720,67,1.857549577,0.142569608,0.027102759,1.173230258
16,128,211318720,67,1.923800267,0.142569608,0.027102759,1.195248900
18,128,211318720,67,2.042732406,0.142569608,0.027102759,1.155608342
6,129,211318720,67,0.170050472,0.142569608,0.031219650,0.051791453
5,129,211318720,67,0.307296145,0.142569608,0.031219650,0.519962574
8,129,211318720,67,0.315211100,0.142569608,0.031219650,0.549020243
9,129,211318720,67,0.319290461,0.142569608,0.031219650,0.560987987
12,129,211318720,67,0.324270546,0.142569608,0.031219650,0.572561752
10,129,211318720,67,0.366385622,0.142569608,0.031219650,0.642218441
13,129,211318720,67,0.370342648,0.142569608,0.031219650,0.646396283
15,129,211318720,67,0.373230917,0.142569608,0.031219650,0.647346061
11,129,211318720,67,0.553788214,0.142569608,0.031219650,0.871646081
3,129,211318720,67,0.571552406,0.142569608,0.031219650,0.900751900
18,129,211318720,67,0.582632074,0.142569608,0.031219650,0.912422038
1,129,211318720,67,0.652480462,0.142569608,0.031219650,0.948387173
16,129,211318720,67,0.775361478,0.142569608,0.031219650,1.049072868
4,129,211318720,67,0.827379011,0.142569608,0.031219650,1.077272731
7,129,211318720,67,0.954668946,0.142569608,0.031219650,1.120761830
19,129,211318720,67,1.160127393,0.142569608,0.031219650,1.213525557
17,129,211318720,67,1.204524366,0.142569608,0.031219650,1.228588547
2,129,211318720,67,1.511291707,0.142569608,0.031219650,1.222183850
14,129,211318720,67,1.793468726,0.142569608,0.031219650,1.225150899
20,129,211318720,67,1.824258536,0.142569608,0.031219650,1.214891909
11,130,211318720,67,0.190995170,0.142569608,0.041178524,0.182564728
5,130,211318720,67,0.276768636,0.142569608,0.041178524,0.539970003
2,130,211318720,67,0.279756404,0.142569608,0.041178524,0.550996394
4,130,211318720,67,0.281175525,0.142569608,0.041178524,0.555048608
12,130,211318720,67,0.301060295,0.142569608,0.041178524,0.601411465
10,130,211318720,67,0.326199144,0.142569608,0.041178524,0.643165532
15,130,211318720,67,0.341878324,0.142569608,0.041178524,0.658610713
9,130,211318720,67,0.347657612,0.142569608,0.041178524,0.660498851
20,130,211318720,67,0.582632074,0.142569608,0.041178524,0.890507734
7,130,211318720,67,0.632038567,0.142569608,0.041178524,1.008661186
1,130,211318720,67,0.639616655,0.142569608,0.041178524,1.026395193
3,130,211318720,67,0.654253417,0.142569608,0.041178524,1.062871547
19,130,211318720,67,0.657349375,0.142569608,0.041178524,1.071912775
17,130,211318720,67,0.769100771,0.142569608,0.041178524,1.333987674
6,130,211318720,67,0.784674756,0.142569608,0.041178524,1.360286155
13,130,211318720,67,0.791724166,0.142569608,0.041178524,1.367110605
16,130,211318720,67,0.797075940,0.142569608,0.041178524,1.369083079
14,130,211318720,67,1.111315946,0.142569608,0.041178524,1.363141701
18,130,211318720,67,1.523230982,0.142569608,0.041178524,1.325915334
8,130,211318720,67,2.042732406,0.142569608,0.041178524,1.156706425
19,131,211318720,67,0.170050472,0.142569608,0.288176298,0.178637626
10,131,211318720,67,0.234315817,0.142569608,0.288176298,0.401960451
14,131,211318720,67,0.270916061,0.142569608,0.288176298,0.512045810
1,131,211318720,67,0.272470717,0.142569608,0.288176298,0.515779807
5,131,211318720,67,0.277635449,0.142569608,0.288176298,0.524482116
17,131,211318720,67,0.321654473,0.142569608,0.288176298,0.568504972
2,131,211318720,67,0.322958332,0.142569608,0.288176298,0.569063370
8,131,211318720,67,0.560130122,0.142569608,0.288176298,0.648397340
20,131,211318720,67,0.659885080,0.142569608,0.288176298,0.820580805
12,131,211318720,67,0.663109918,0.142569608,0.288176298,0.826788243
18,131,211318720,67,0.693604386,0.142569608,0.288176298,0.896244568
13,131,211318720,67,0.797075940,0.142569608,0.288176298,1.206276133
9,131,211318720,67,0.804758036,0.142569608,0.288176298,1.224297215
16,131,211318720,67,0.826010299,0.142569608,0.288176298,1.260086955
15,131,211318720,67,0.827240809,0.142569608,0.288176298,1.261338962
11,131,211318720,67,0.827379011,0.142569608,0.288176298,1.261407363
4,131,211318720,67,1.022680714,0.142569608,0.288176298,1.382818350
7,131,211318720,67,1.031384999,0.142569608,0.288176298,1.386044246
6,131,211318720,67,1.896146303,0.142569608,0.288176298,1.194752676
3,131,211318720,67,2.457349183,0.142569608,0.288176298,1.008391697
5,132,211318720,67,0.217930335,0.142569608,0.008372370,0.414663410
19,132,211318720,67,0.224084398,0.142569608,0.008372370,0.445070512
13,132,211318720,67,0.265618424,0.142569608,0.008372370,0.637792562
12,132,211318720,67,0.277635449,0.142569608,0.008372370,0.698391495
6,132,211318720,67,0.286261592,0.142569608,0.008372370,0.735869736
2,132,211318720,67,0.301060295,0.142569608,0.008372370,0.790239286
3,132,211318720,67,0.307296145,0.142569608,0.008372370,0.808918724
11,132,211318720,67,0.308736619,0.142569608,0.008372370,0.812003640
7,132,211318720,67,0.361632437,0.142569608,0.008372370,0.901269569
9,132,211318720,67,0.393302416,0.142569608,0.008372370,0.932919846
10,132,211318720,67,0.404488862,0.142569608,0.008372370,0.943720937
1,132,211318720,67,0.536351797,0.142569608,0.008372370,1.174794554
18,132,211318720,67,0.552859885,0.142569608,0.008372370,1.213642422
17,132,211318720,67,0.567480814,0.142569608,0.008372370,1.238200366
14,132,211318720,67,0.641821253,0.142569608,0.008372370,1.360306316
20,132,211318720,67,0.670679398,0.142569608,0.008372370,1.403321698
16,132,211318720,67,0.714019269,0.142569608,0.008372370,1.445684318
8,132,211318720,67,0.791724166,0.142569608,0.008372370,1.472174056
4,132,211318720,67,1.128887111,0.142569608,0.008372370,1.452555015
15,132,211318720,67,1.610014847,0.142569608,0.008372370,1.294056093
17,133,211318720,67,0.277635449,0.142569608,0.132109195,0.392507588
15,133,211318720,67,0.282341637,0.142569608,0.132109195,0.409675936
2,133,211318720,67,0.307296145,0.142569608,0.132109195,0.484500915
12,133,211318720,67,0.307420428,0.142569608,0.132109195,0.484783814
11,133,211318720,67,0.347657612,0.142569608,0.132109195,0.567115478
5,133,211318720,67,0.373230917,0.142569608,0.132109195,0.609585884
20,133,211318720,67,0.386616146,0.142569608,0.132109195,0.622695953
10,133,211318720,67,0.468165215,0.142569608,0.132109195,0.679561301
3,133,211318720,67,0.567480814,0.142569608,0.132109195,0.793165157
18,133,211318720,67,0.652480462,0.142569608,0.132109195,0.991513969
19,133,211318720,67,0.657349375,0.142569608,0.132109195,0.999733338
8,133,211318720,67,0.705718568,0.142569608,0.132109195,1.063138765
6,133,211318720,67,0.706047967,0.142569608,0.132109195,1.063470137
1,133,211318720,67,0.827240809,0.142569608,0.132109195,1.172252941
16,133,211318720,67,0.867710627,0.142569608,0.132109195,1.186301345
7,133,211318720,67,1.111315946,0.142569608,0.132109195,1.284081643
14,133,211318720,67,1.131835844,0.142569608,0.132109195,1.290974017
4,133,211318720,67,1.311945561,0.142569608,0.132109195,1.324822879
9,133,211318720,67,1.610014847,0.142569608,0.132109195,1.322639551
13,133,211318720,67,1.725062605,0.142569608,0.132109195,1.284292654
12,134,211318720,67,0.159832671,0.142569608,0.049782086,0.045621607
15,134,211318720,67,0.325051214,0.142569608,0.049782086,0.166703288
18,134,211318720,67,0.344469294,0.142569608,0.049782086,0.173649630
9,134,211318720,67,0.534377012,0.142569608,0.049782086,0.395263639
5,134,211318720,67,0.567480814,0.142569608,0.049782086,0.472624552
20,134,211318720,67,0.610859170,0.142569608,0.049782086,0.545653206
3,134,211318720,67,0.615215811,0.142569608,0.049782086,0.550704606
16,134,211318720,67,0.629905459,0.142569608,0.049782086,0.566961978
11,134,211318720,67,0.756462205,0.142569608,0.049782086,0.730788074
14,134,211318720,67,0.769100771,0.142569608,0.049782086,0.751836197
7,134,211318720,67,0.852526209,0.142569608,0.049782086,0.894785204
17,134,211318720,67,0.891643720,0.142569608,0.049782086,0.959859000
6,134,211318720,67,0.947065037,0.142569608,0.049782086,1.052203262
13,134,211318720,67,0.954668946,0.142569608,0.049782086,1.059229949
1,134,211318720,67,1.031384999,0.142569608,0.049782086,1.084121040
2,134,211318720,67,1.273044793,0.142569608,0.049782086,1.101478519
19,134,211318720,67,1.535311201,0.142569608,0.049782086,1.156792343
8,134,211318720,67,1.610014847,0.142569608,0.049782086,1.207568353
10,134,211318720,67,1.713347893,0.142569608,0.049782086,1.242703724
4,134,211318720,67,2.264199624,0.142569608,0.049782086,1.061646295
6,135,211318720,67,0.256746962,0.142569608,0.042288441,0.299300820
7,135,211318720,67,0.272470717,0.142569608,0.042288441,0.354211878
1,135,211318720,67,0.286261592,0.142569608,0.042288441,0.395675505
14,135,211318720,67,0.301060295,0.142569608,0.042288441,0.430470106
8,135,211318720,67,0.373230917,0.142569608,0.042288441,0.582467053
20,135,211318720,67,0.386616146,0.142569608,0.042288441,0.605554263
11,135,211318720,67,0.403555524,0.142569608,0.042288441,0.622583156
17,135,211318720,67,0.468165215,0.142569608,0.042288441,0.710924600
2,135,211318720,67,0.553788214,0.142569608,0.042288441,0.939900841
5,135,211318720,67,0.567480814,0.142569608,0.042288441,0.974396365
10,135,211318720,67,0.620453832,0.142569608,0.042288441,1.096807856
3,135,211318720,67,0.625469962,0.142569608,0.042288441,1.105186120
9,135,211318720,67,0.629905459,0.142569608,0.042288441,1.109260286
19,135,211318720,67,0.706047967,0.142569608,0.042288441,1.183525797
15,135,211318720,67,0.776878998,0.142569608,0.042288441,1.226468746
16,135,211318720,67,0.891643720,0.142569608,0.042288441,1.266205245
4,135,211318720,67,1.060038343,0.142569608,0.042288441,1.304381039
13,135,211318720,67,1.396250254,0.142569608,0.042288441,1.284428591
12,135,211318720,67,1.865638838,0.142569608,0.042288441,1.226341657
18,135,211318720,67,2.457349183,0.142569608,0.042288441,1.032464785
1,136,211318720,67,0.217930335,0.142569608,0.031246401,0.304409222
7,136,211318720,67,0.226085727,0.142569608,0.031246401,0.328965623
2,136,211318720,67,0.275318730,0.142569608,0.031246401,0.476798769
10,136,211318720,67,0.277977303,0.142569608,0.031246401,0.484774815
5,136,211318720,67,0.315211100,0.142569608,0.031246401,0.571158211
3,136,211318720,67,0.324270546,0.142569608,0.031246401,0.586445339
4,136,211318720,67,0.383998747,0.142569608,0.031246401,0.646193714
6,136,211318720,67,0.403555524,0.142569608,0.031246401,0.660589791
20,136,211318720,67,0.534377012,0.142569608,0.031246401,0.743001809
8,136,211318720,67,0.617606167,0.142569608,0.031246401,0.783498653
13,136,211318720,67,0.740833922,0.142569608,0.031246401,0.951311133
19,136,211318720,67,0.791724166,0.142569608,0.031246401,1.070330576
11,136,211318720,67,0.827240809,0.142569608,0.031246401,1.140075246
17,136,211318720,67,0.852526209,0.142569608,0.031246401,1.187083117
12,136,211318720,67,0.873971227,0.142569608,0.031246401,1.222584465
9,136,211318720,67,0.954724739,0.142569608,0.031246401,1.326877805
18,136,211318720,67,0.988028436,0.142569608,0.031246401,1.360086092
16,136,211318720,67,1.060038343,0.142569608,0.031246401,1.382787554
14,136,211318720,67,1.204524366,0.142569608,0.031246401,1.429899028
15,136,211318720,67,1.824258536,0.142569608,0.031246401,1.222089807
6,137,211318720,67,0.190995170,0.142569608,0.019265980,0.345074056
17,137,211318720,67,0.212159260,0.142569608,0.019265980,0.427782238
15,137,211318720,67,0.224084398,0.142569608,0.019265980,0.471440914
16,137,211318720,67,0.228738980,0.142569608,0.019265980,0.485589672
2,137,211318720,67,0.275318730,0.142569608,0.019265980,0.612585212
12,137,211318720,67,0.297778627,0.142569608,0.019265980,0.690841133
1,137,211318720,67,0.320898793,0.142569608,0.019265980,0.760776501
20,137,211318720,67,0.347657612,0.142569608,0.019265980,0.823575360
7,137,211318720,67,0.403693813,0.142569608,0.019265980,0.917931110
8,137,211318720,67,0.404488862,0.142569608,0.019265980,0.918684089
14,137,211318720,67,0.423346588,0.142569608,0.019265980,0.925007762
18,137,211318720,67,0.567480814,0.142569608,0.019265980,1.038459270
9,137,211318720,67,0.610859170,0.142569608,0.019265980,1.052038528
19,137,211318720,67,0.776878998,0.142569608,0.019265980,1.164244703
10,137,211318720,67,0.864295067,0.142569608,0.019265980,1.262942254
3,137,211318720,67,0.867710627,0.142569608,0.019265980,1.266502121
4,137,211318720,67,0.988028436,0.142569608,0.019265980,1.320235410
13,137,211318720,67,1.111315946,0.142569608,0.019265980,1.359849082
11,137,211318720,67,1.713347893,0.142569608,0.019265980,1.252063088
5,137,211318720,67,1.865638838,0.142569608,0.019265980,1.201669619
12,138,211318720,67,0.226085727,0.142569608,0.014460629,0.370472864
15,138,211318720,67,0.228738980,0.142569608,0.014460629,0.380215819
5,138,211318720,67,0.260706753,0.142569608,0.014460629,0.477091394
13,138,211318720,67,0.265169537,0.142569608,0.014460629,0.486880021
4,138,211318720,67,0.312623293,0.142569608,0.014460629,0.587381302
16,138,211318720,67,0.325051214,0.142569608,0.014460629,0.608873820
10,138,211318720,67,0.336410426,0.142569608,0.014460629,0.620257082
3,138,211318720,67,0.423346588,0.142569608,0.014460629,0.654227193
19,138,211318720,67,0.560130122,0.142569608,0.014460629,0.782752731
17,138,211318720,67,0.574706598,0.142569608,0.014460629,0.795158818
8,138,211318720,67,0.706047967,0.142569608,0.014460629,0.884238432
6,138,211318720,67,0.784674756,0.142569608,0.014460629,0.982943733
2,138,211318720,67,0.852526209,0.142569608,0.014460629,1.055523135
1,138,211318720,67,0.891643720,0.142569608,0.014460629,1.120640014
14,138,211318720,67,0.988766129,0.142569608,0.014460629,1.233772132
7,138,211318720,67,0.995623028,0.142569608,0.014460629,1.245309211
20,138,211318720,67,1.111315946,0.142569608,0.014460629,1.360070758
18,138,211318720,67,1.128887111,0.142569608,0.014460629,1.366264584
9,138,211318720,67,1.273044793,0.142569608,0.014460629,1.414792652
11,138,211318720,67,1.865638838,0.142569608,0.014460629,1.216500548
11,139,211318720,67,0.159832671,0.142569608,0.071918078,0.167094366
13,139,211318720,67,0.212159260,0.142569608,0.071918078,0.345662971
3,139,211318720,67,0.270916061,0.142569608,0.071918078,0.522425128
8,139,211318720,67,0.275318730,0.142569608,0.071918078,0.532522912
20,139,211318720,67,0.277977303,0.142569608,0.071918078,0.537085113
4,139,211318720,67,0.297778627,0.142569608,0.071918078,0.557066498
15,139,211318720,67,0.322876307,0.142569608,0.071918078,0.565976534
5,139,211318720,67,0.552859885,0.142569608,0.071918078,0.684021415
19,139,211318720,67,0.574706598,0.142569608,0.071918078,0.720962511
10,139,211318720,67,0.670679398,0.142569608,0.071918078,0.833311243
16,139,211318720,67,0.693604386,0.142569608,0.071918078,0.861379718
12,139,211318720,67,0.791724166,0.142569608,0.071918078,0.960039540
1,139,211318720,67,0.827240809,0.142569608,0.071918078,0.988692194
7,139,211318720,67,0.945352308,0.142569608,0.071918078,1.028333413
9,139,211318720,67,1.111315946,0.142569608,0.071918078,1.067354984
14,139,211318720,67,1.523230982,0.142569608,0.071918078,1.030032382
6,139,211318720,67,1.857549577,0.142569608,0.071918078,1.014684550
17,139,211318720,67,2.257366711,0.142569608,0.071918078,1.067221235
2,139,211318720,67,2.264199624,0.142569608,0.071918078,1.069045870
18,139,211318720,67,2.791424288,0.142569608,0.071918078,0.895804177
15,140,211318720,67,0.232700882,0.142569608,0.001558274,0.479804975
5,140,211318720,67,0.261216707,0.142569608,0.001558274,0.660129988
6,140,211318720,67,0.277635449,0.142569608,0.001558274,0.764479826
19,140,211318720,67,0.279756404,0.142569608,0.001558274,0.776451524
1,140,211318720,67,0.282341637,0.142569608,0.001558274,0.789242281
3,140,211318720,67,0.312623293,0.142569608,0.001558274,0.934596290
2,140,211318720,67,0.315211100,0.142569608,0.001558274,0.945779041
8,140,211318720,67,0.325473414,0.142569608,0.001558274,0.983833150
14,140,211318720,67,0.336410426,0.142569608,0.001558274,1.015692743
16,140,211318720,67,0.344469294,0.142569608,0.001558274,1.034701974
10,140,211318720,67,0.370342648,0.142569608,0.001558274,1.078055179
7,140,211318720,67,0.403693813,0.142569608,0.001558274,1.111288820
11,140,211318720,67,0.434644119,0.142569608,0.001558274,1.122254662
4,140,211318720,67,0.617606167,0.142569608,0.001558274,1.159226705
17,140,211318720,67,0.757735724,0.142569608,0.001558274,1.205885441
20,140,211318720,67,1.610014847,0.142569608,0.001558274,1.017893547
13,140,211318720,67,1.793468726,0.142569608,0.001558274,1.053489154
9,140,211318720,67,2.038813067,0.142569608,0.001558274,1.113231850
18,140,211318720,67,2.109842029,0.142569608,0.001558274,1.138002247
12,140,211318720,67,2.257366711,0.142569608,0.001558274,1.088633960
6,141,211318720,67,0.226085727,0.142569608,0.149918869,0.158125211
19,141,211318720,67,0.276768636,0.142569608,0.149918869,0.218884022
14,141,211318720,67,0.297778627,0.142569608,0.149918869,0.252574004
7,141,211318720,67,0.404488862,0.142569608,0.149918869,0.359839976
12,141,211318720,67,0.420895631,0.142569608,0.149918869,0.378962033
17,141,211318720,67,0.552859885,0.142569608,0.149918869,0.717068095
20,141,211318720,67,0.553788214,0.142569608,0.149918869,0.719725838
15,141,211318720,67,0.571552406,0.142569608,0.149918869,0.761576826
1,141,211318720,67,0.574706598,0.142569608,0.149918869,0.766763209
3,141,211318720,67,0.657349375,0.142569608,0.149918869,0.878477476
11,141,211318720,67,0.670679398,0.142569608,0.149918869,0.892083697
4,141,211318720,67,0.756462205,0.142569608,0.149918869,0.968386017
13,141,211318720,67,0.827379011,0.142569608,0.149918869,1.002652667
9,141,211318720,67,0.954724739,0.142569608,0.149918869,1.045863957
8,141,211318720,67,1.160127393,0.142569608,0.149918869,1.074441335
16,141,211318720,67,1.396250254,0.142569608,0.149918869,1.091061038
5,141,211318720,67,1.610014847,0.142569608,0.149918869,1.115315426
18,141,211318720,67,1.793468726,0.142569608,0.149918869,1.150741757
2,141,211318720,67,2.038813067,0.142569608,0.149918869,1.167686002
10,141,211318720,67,2.791424288,0.142569608,0.149918869,0.920656761
12,142,211318720,67,0.237772175,0.142569608,0.066169538,0.399135378
20,142,211318720,67,0.270916061,0.142569608,0.066169538,0.543402371
19,142,211318720,67,0.277977303,0.142569608,0.066169538,0.569340555
13,142,211318720,67,0.297778627,0.142569608,0.066169538,0.641899413
1,142,211318720,67,0.309338144,0.142569608,0.066169538,0.675819687
3,142,211318720,67,0.319290461,0.142569608,0.066169538,0.698868605
9,142,211318720,67,0.320898793,0.142569608,0.066169538,0.701537855
2,142,211318720,67,0.341878324,0.142569608,0.066169538,0.723326746
15,142,211318720,67,0.420895631,0.142569608,0.066169538,0.756837051
6,142,211318720,67,0.552859885,0.142569608,0.066169538,0.851064652
18,142,211318720,67,0.652480462,0.142569608,0.066169538,1.017997503
14,142,211318720,67,0.663109918,0.142569608,0.066169538,1.035995761
7,142,211318720,67,0.705718568,0.142569608,0.066169538,1.078429315
17,142,211318720,67,0.784674756,0.142569608,0.066169538,1.129269355
8,142,211318720,67,0.891643720,0.142569608,0.066169538,1.225201126
16,142,211318720,67,0.945352308,0.142569608,0.066169538,1.244940772
4,142,211318720,67,1.096200980,0.142569608,0.066169538,1.289161059
10,142,211318720,67,1.596542165,0.142569608,0.066169538,1.219349163
11,142,211318720,67,2.038813067,0.142569608,0.066169538,1.169402846
5,142,211318720,67,2.672887813,0.142569608,0.066169538,0.955156007
12,143,211318720,67,0.170050472,0.142569608,0.000625441,0.200626646
16,143,211318720,67,0.226085727,0.142569608,0.000625441,0.363978223
8,143,211318720,67,0.228738980,0.142569608,0.000625441,0.370912475
15,143,211318720,67,0.265618424,0.142569608,0.000625441,0.457873036
19,143,211318720,67,0.301070971,0.142569608,0.000625441,0.516887997
6,143,211318720,67,0.319290461,0.142569608,0.000625441,0.534640319
20,143,211318720,67,0.370342648,0.142569608,0.000625441,0.581147201
7,143,211318720,67,0.468165215,0.142569608,0.000625441,0.614951246
4,143,211318720,67,0.632038567,0.142569608,0.000625441,0.668358479
18,143,211318720,67,0.757735724,0.142569608,0.000625441,0.869483059
9,143,211318720,67,0.791724166,0.142569608,0.000625441,0.948632189
14,143,211318720,67,0.812666156,0.142569608,0.000625441,0.984313230
5,143,211318720,67,0.864295067,0.142569608,0.000625441,1.101820822
10,143,211318720,67,0.891643720,0.142569608,0.000625441,1.165797029
2,143,211318720,67,0.954724739,0.142569608,0.000625441,1.271961678
13,143,211318720,67,0.979722881,0.142569608,0.000625441,1.297070734
1,143,211318720,67,0.988028436,0.142569608,0.000625441,1.299698535
3,143,211318720,67,1.311945561,0.142569608,0.000625441,1.288829512
11,143,211318720,67,1.947242268,0.142569608,0.000625441,1.170007715
17,143,211318720,67,2.264199624,0.142569608,0.000625441,1.063786919
7,144,211318720,67,0.228738980,0.142569608,0.014827008,0.160771240
9,144,211318720,67,0.270916061,0.142569608,0.014827008,0.202822610
16,144,211318720,67,0.301070971,0.142569608,0.014827008,0.227926751
14,144,211318720,67,0.420895631,0.142569608,0.014827008,0.293404313
10,144,211318720,67,0.536099314,0.142569608,0.014827008,0.449834739
1,144,211318720,67,0.553788214,0.142569608,0.014827008,0.479668405
8,144,211318720,67,0.639616655,0.142569608,0.014827008,0.645792880
12,144,211318720,67,0.657349375,0.142569608,0.014827008,0.675186950
13,144,211318720,67,0.705718568,0.142569608,0.014827008,0.761142034
6,144,211318720,67,0.739576138,0.142569608,0.014827008,0.824340790
2,144,211318720,67,0.812666156,0.142569608,0.014827008,0.946398394
4,144,211318720,67,0.827379011,0.142569608,0.014827008,0.971231976
11,144,211318720,67,0.872485984,0.142569608,0.014827008,1.016036062
15,144,211318720,67,0.954724739,0.142569608,0.014827008,1.068806939
5,144,211318720,67,1.060038343,0.142569608,0.014827008,1.105095080
18,144,211318720,67,1.714394872,0.142569608,0.014827008,0.982909852
20,144,211318720,67,1.857549577,0.142569608,0.014827008,1.039025365
3,144,211318720,67,1.987623278,0.142569608,0.014827008,1.143286685
19,144,211318720,67,2.038813067,0.142569608,0.014827008,1.160350931
17,144,211318720,67,2.109842029,0.142569608,0.014827008,1.136677533
2,145,211318720,67,0.224084398,0.142569608,0.055137414,0.327609536
3,145,211318720,67,0.245527101,0.142569608,0.055137414,0.389306760
6,145,211318720,67,0.260706753,0.142569608,0.055137414,0.425133461
16,145,211318720,67,0.261216707,0.142569608,0.055137414,0.425976574
19,145,211318720,67,0.281175525,0.142569608,0.055137414,0.445483103
1,145,211318720,67,0.370342648,0.142569608,0.055137414,0.475278559
15,145,211318720,67,0.536099314,0.142569608,0.055137414,0.791946511
4,145,211318720,67,0.551085968,0.142569608,0.055137414,0.837334742
8,145,211318720,67,0.553788214,0.142569608,0.055137414,0.843625743
9,145,211318720,67,0.574706598,0.142569608,0.055137414,0.878611869
17,145,211318720,67,0.647753259,0.142569608,0.055137414,0.962112363
7,145,211318720,67,0.652480462,0.142569608,0.055137414,0.967033642
10,145,211318720,67,0.775361478,0.142569608,0.055137414,1.258996308
13,145,211318720,67,0.797075940,0.142569608,0.055137414,1.309649731
14,145,211318720,67,0.812666156,0.142569608,0.055137414,1.335515800
12,145,211318720,67,0.827240809,0.142569608,0.055137414,1.349561729
11,145,211318720,67,0.860904080,0.142569608,0.055137414,1.360922004
20,145,211318720,67,1.204524366,0.142569608,0.055137414,1.345483125
5,145,211318720,67,1.610014847,0.142569608,0.055137414,1.307754818
18,145,211318720,67,2.105592253,0.142569608,0.055137414,1.146060037
3,146,211318720,67,0.190995170,0.142569608,0.055806298,0.242441407
12,146,211318720,67,0.212159260,0.142569608,0.055806298,0.319660900
18,146,211318720,67,0.256746962,0.142569608,0.055806298,0.457096833
20,146,211318720,67,0.302606758,0.142569608,0.055806298,0.638417330
2,146,211318720,67,0.304117078,0.142569608,0.055806298,0.643918515
14,146,211318720,67,0.307420428,0.142569608,0.055806298,0.654024436
5,146,211318720,67,0.325051214,0.142569608,0.055806298,0.695225694
9,146,211318720,67,0.393302416,0.142569608,0.055806298,0.852727196
17,146,211318720,67,0.404488862,0.142569608,0.055806298,0.870628453
15,146,211318720,67,0.420895631,0.142569608,0.055806298,0.887098201
11,146,211318720,67,0.468165215,0.142569608,0.055806298,0.903621376
6,146,211318720,67,0.625469962,0.142569608,0.055806298,0.964617332
10,146,211318720,67,0.740833922,0.142569608,0.055806298,1.049260058
16,146,211318720,67,0.827240809,0.142569608,0.055806298,1.150164647
7,146,211318720,67,0.867710627,0.142569608,0.055806298,1.190615469
1,146,211318720,67,0.948202507,0.142569608,0.055806298,1.217710625
4,146,211318720,67,1.096200980,0.142569608,0.055806298,1.265406765
13,146,211318720,67,1.237330448,0.142569608,0.055806298,1.373238641
19,146,211318720,67,1.290645430,0.142569608,0.055806298,1.390972801
8,146,211318720,67,1.857549577,0.142569608,0.055806298,1.200692282
12,147,211318720,67,0.237772175,0.142569608,0.042229682,0.163531882
8,147,211318720,67,0.277635449,0.142569608,0.042229682,0.203065130
19,147,211318720,67,0.312623293,0.142569608,0.042229682,0.238468527
11,147,211318720,67,0.420895631,0.142569608,0.042229682,0.279040722
18,147,211318720,67,0.560130122,0.142569608,0.042229682,0.470940457
7,147,211318720,67,0.617606167,0.142569608,0.042229682,0.611201981
14,147,211318720,67,0.625469962,0.142569608,0.042229682,0.629615682
1,147,211318720,67,0.647753259,0.142569608,0.042229682,0.667238501
2,147,211318720,67,0.714019269,0.142569608,0.042229682,0.818121136
4,147,211318720,67,0.740833922,0.142569608,0.042229682,0.863088438
17,147,211318720,67,0.789062176,0.142569608,0.042229682,0.912397126
13,147,211318720,67,0.797075940,0.142569608,0.042229682,0.914954713
5,147,211318720,67,0.947065037,0.142569608,0.042229682,1.108119097
15,147,211318720,67,0.954724739,0.142569608,0.042229682,1.115532868
20,147,211318720,67,1.002541407,0.142569608,0.042229682,1.131293552
16,147,211318720,67,1.237330448,0.142569608,0.042229682,1.147917309
10,147,211318720,67,1.396250254,0.142569608,0.042229682,1.254868970
6,147,211318720,67,1.461303474,0.142569608,0.042229682,1.319923218
9,147,211318720,67,1.523230982,0.142569608,0.042229682,1.340568869
3,147,211318720,67,1.535311201,0.142569608,0.042229682,1.336546235
17,148,211318720,67,0.234315817,0.142569608,0.071571194,0.400678087
4,148,211318720,67,0.245527101,0.142569608,0.071571194,0.442892008
9,148,211318720,67,0.270916061,0.142569608,0.071571194,0.536704200
1,148,211318720,67,0.278869708,0.142569608,0.071571194,0.559860095
5,148,211318720,67,0.309338144,0.142569608,0.071571194,0.631634647
15,148,211318720,67,0.312623293,0.142569608,0.071571194,0.637201653
2,148,211318720,67,0.315211100,0.142569608,0.071571194,0.639751584
10,148,211318720,67,0.386616146,0.142569608,0.071571194,0.664590174
3,148,211318720,67,0.535153629,0.142569608,0.071571194,0.754036204
20,148,211318720,67,0.641821253,0.142569608,0.071571194,0.913514082
19,148,211318720,67,0.647753259,0.142569608,0.071571194,0.919421754
18,148,211318720,67,0.705718568,0.142569608,0.071571194,0.939172614
16,148,211318720,67,0.948202507,0.142569608,0.071571194,1.224386667
12,148,211318720,67,0.979722881,0.142569608,0.071571194,1.325759034
11,148,211318720,67,0.988028436,0.142569608,0.071571194,1.350666647
7,148,211318720,67,0.995623028,0.142569608,0.071571194,1.368508741
6,148,211318720,67,1.022680714,0.142569608,0.071571194,1.413242456
8,148,211318720,67,1.060038343,0.142569608,0.071571194,1.451396451
13,148,211318720,67,1.111315946,0.142569608,0.071571194,1.468564015
14,148,211318720,67,1.680701976,0.142569608,0.071571194,1.281671156
4,149,211318720,67,0.170050472,0.142569608,0.077099778,0.231164723
8,149,211318720,67,0.237772175,0.142569608,0.077099778,0.473147066
9,149,211318720,67,0.245527101,0.142569608,0.077099778,0.496521667
18,149,211318720,67,0.260706753,0.142569608,0.077099778,0.538577719
5,149,211318720,67,0.267160196,0.142569608,0.077099778,0.553998576
19,149,211318720,67,0.276768636,0.142569608,0.077099778,0.570491490
20,149,211318720,67,0.322876307,0.142569608,0.077099778,0.617547294
3,149,211318720,67,0.393302416,0.142569608,0.077099778,0.642034176
6,149,211318720,67,0.534377012,0.142569608,0.077099778,0.795670238
10,149,211318720,67,0.552859885,0.142569608,0.077099778,0.826662144
13,149,211318720,67,0.657349375,0.142569608,0.077099778,0.948029244
12,149,211318720,67,0.661357665,0.142569608,0.077099778,0.952128490
17,149,211318720,67,0.775361478,0.142569608,0.077099778,1.068692121
1,149,211318720,67,0.852526209,0.142569608,0.077099778,1.149793787
11,149,211318720,67,0.864295067,0.142569608,0.077099778,1.161686784
2,149,211318720,67,0.988766129,0.142569608,0.077099778,1.236766326
16,149,211318720,67,1.096200980,0.142569608,0.077099778,1.344424510
14,149,211318720,67,1.116684898,0.142569608,0.077099778,1.351130621
7,149,211318720,67,1.610014847,0.142569608,0.077099778,1.281332895
15,149,211318720,67,1.857549577,0.142569608,0.077099778,1.197112018
18,150,211318720,67,0.265169537,0.142569608,0.054405220,0.112454814
14,150,211318720,67,0.370342648,0.142569608,0.054405220,0.429196269
4,150,211318720,67,0.373230917,0.142569608,0.054405220,0.435881457
1,150,211318720,67,0.386616146,0.142569608,0.054405220,0.458342910
12,150,211318720,67,0.403693813,0.142569608,0.054405220,0.475762222
9,150,211318720,67,0.404488862,0.142569608,0.054405220,0.476405658
8,150,211318720,67,0.546457903,0.142569608,0.054405220,0.773362697
19,150,211318720,67,0.560130122,0.142569608,0.054405220,0.814569570
13,150,211318720,67,0.610218416,0.142569608,0.054405220,0.932639127
10,150,211318720,67,0.617606167,0.142569608,0.054405220,0.944897997
3,150,211318720,67,0.629905459,0.142569608,0.054405220,0.957741190
6,150,211318720,67,0.652480462,0.142569608,0.054405220,0.965079421
2,150,211318720,67,0.954668946,0.142569608,0.054405220,1.034908609
16,150,211318720,67,0.988766129,0.142569608,0.054405220,1.046661703
17,150,211318720,67,1.204524366,0.142569608,0.054405220,1.180185078
11,150,211318720,67,1.237330448,0.142569608,0.054405220,1.212635991
7,150,211318720,67,1.290645430,0.142569608,0.054405220,1.230636102
20,150,211318720,67,1.896146303,0.142569608,0.054405220,1.122180711
5,150,211318720,67,2.105592253,0.142569608,0.054405220,1.148074390
15,150,211318720,67,2.109842029,0.142569608,0.054405220,1.146662978
5,151,211318720,67,0.226085727,0.142569608,0.002562351,0.214566398
8,151,211318720,67,0.245527101,0.142569608,0.002562351,0.263112924
11,151,211318720,67,0.319290461,0.142569608,0.002562351,0.435103851
19,151,211318720,67,0.321654473,0.142569608,0.002562351,0.439027983
12,151,211318720,67,0.336410426,0.142569608,0.002562351,0.453754137
3,151,211318720,67,0.383998747,0.142569608,0.002562351,0.469334720
1,151,211318720,67,0.553788214,0.142569608,0.002562351,0.656494969
16,151,211318720,67,0.617606167,0.142569608,0.002562351,0.807208488
15,151,211318720,67,0.620453832,0.142569608,0.002562351,0.813979968
13,151,211318720,67,0.629905459,0.142569608,0.002562351,0.829882740
7,151,211318720,67,0.714019269,0.142569608,0.002562351,0.933252535
6,151,211318720,67,0.739576138,0.142569608,0.002562351,0.971487154
17,151,211318720,67,0.827379011,0.142569608,0.002562351,1.076667444
4,151,211318720,67,0.864295067,0.142569608,0.002562351,1.113735940
9,151,211318720,67,0.945352308,0.142569608,0.002562351,1.141949561
20,151,211318720,67,1.160127393,0.142569608,0.002562351,1.184654681
10,151,211318720,67,1.273044793,0.142569608,0.002562351,1.222310477
2,151,211318720,67,1.596542165,0.142569608,0.002562351,1.211422349
14,151,211318720,67,1.824258536,0.142569608,0.002562351,1.230187466
18,151,211318720,67,1.896146303,0.142569608,0.002562351,1.206227380
15,152,211318720,67,0.168914176,0.142569608,0.056136921,0.081928084
16,152,211318720,67,0.260799843,0.142569608,0.056136921,0.187420235
14,152,211318720,67,0.308736619,0.142569608,0.056136921,0.306498654
6,152,211318720,67,0.383998747,0.142569608,0.056136921,0.520505363
11,152,211318720,67,0.403555524,0.142569608,0.056136921,0.566052953
7,152,211318720,67,0.420895631,0.142569608,0.056136921,0.601851401
8,152,211318720,67,0.423346588,0.142569608,0.056136921,0.605998668
20,152,211318720,67,0.468165215,0.142569608,0.056136921,0.650571233
4,152,211318720,67,0.552859885,0.142569608,0.056136921,0.754447616
17,152,211318720,67,0.647753259,0.142569608,0.056136921,0.947453030
19,152,211318720,67,0.661357665,0.142569608,0.056136921,0.970532259
10,152,211318720,67,0.663109918,0.142569608,0.056136921,0.971865303
18,152,211318720,67,0.739576138,0.142569608,0.056136921,1.009915039
12,152,211318720,67,0.864295067,0.142569608,0.056136921,1.050811013
13,152,211318720,67,1.273044793,0.142569608,0.056136921,1.014001399
3,152,211318720,67,1.461303474,0.142569608,0.056136921,1.164177849
1,152,211318720,67,1.511291707,0.142569608,0.056136921,1.213537289
5,152,211318720,67,1.523230982,0.142569608,0.056136921,1.217358362
9,152,211318720,67,2.042732406,0.142569608,0.056136921,1.142155148
2,152,211318720,67,2.791424288,0.142569608,0.056136921,0.896865954
6,153,211318720,67,0.212159260,0.142569608,0.047471825,0.364867724
11,153,211318720,67,0.224084398,0.142569608,0.047471825,0.400428734
7,153,211318720,67,0.226085727,0.142569608,0.047471825,0.405080076
15,153,211318720,67,0.270916061,0.142569608,0.047471825,0.479532954
19,153,211318720,67,0.276768636,0.142569608,0.047471825,0.485562023
16,153,211318720,67,0.301070971,0.142569608,0.047471825,0.493499998
14,153,211318720,67,0.546457903,0.142569608,0.047471825,0.740567670
5,153,211318720,67,0.571552406,0.142569608,0.047471825,0.815523139
10,153,211318720,67,0.610859170,0.142569608,0.047471825,0.907712632
8,153,211318720,67,0.617606167,0.142569608,0.047471825,0.918656092
13,153,211318720,67,0.632038567,0.142569608,0.047471825,0.933517998
20,153,211318720,67,0.663109918,0.142569608,0.047471825,0.943909693
9,153,211318720,67,0.864295067,0.142569608,0.047471825,1.082205114
17,153,211318720,67,0.872485984,0.142569608,0.047471825,1.090638208
2,153,211318720,67,0.979722881,0.142569608,0.047471825,1.167169053
12,153,211318720,67,1.060038343,0.142569608,0.047471825,1.244137979
18,153,211318720,67,1.128887111,0.142569608,0.047471825,1.266945576
4,153,211318720,67,1.713347893,0.142569608,0.047471825,1.163012677
1,153,211318720,67,2.105592253,0.142569608,0.047471825,1.129068684
3,153,211318720,67,2.791424288,0.142569608,0.047471825,0.900182037
14,154,211318720,67,0.224084398,0.142569608,0.075434178,0.351056021
10,154,211318720,67,0.261216707,0.142569608,0.075434178,0.509639328
8,154,211318720,67,0.276768636,0.142569608,0.075434178,0.566188380
19,154,211318720,67,0.278869708,0.142569608,0.075434178,0.572413060
2,154,211318720,67,0.281175525,0.142569608,0.075434178,0.577894249
6,154,211318720,67,0.322876307,0.142569608,0.075434178,0.647538004
16,154,211318720,67,0.326199144,0.142569608,0.075434178,0.651020314
15,154,211318720,67,0.370342648,0.142569608,0.075434178,0.695754483
5,154,211318720,67,0.468165215,0.142569608,0.075434178,0.844949973
12,154,211318720,67,0.513365802,0.142569608,0.075434178,0.921333035
13,154,211318720,67,0.535153629,0.142569608,0.075434178,0.943595586
17,154,211318720,67,0.610218416,0.142569608,0.075434178,0.977094333
18,154,211318720,67,0.740833922,0.142569608,0.075434178,1.126703116
3,154,211318720,67,0.797075940,0.142569608,0.075434178,1.184914205
7,154,211318720,67,0.812666156,0.142569608,0.075434178,1.195762925
11,154,211318720,67,0.947065037,0.142569608,0.075434178,1.308241386
4,154,211318720,67,0.988028436,0.142569608,0.075434178,1.322392482
20,154,211318720,67,1.714394872,0.142569608,0.075434178,1.174119741
1,154,211318720,67,2.109842029,0.142569608,0.075434178,1.139001843
9,154,211318720,67,2.791424288,0.142569608,0.075434178,0.913008809
4,155,211318720,67,0.224084398,0.142569608,0.041216195,0.470275834
5,155,211318720,67,0.232700882,0.142569608,0.041216195,0.513546436
19,155,211318720,67,0.261216707,0.142569608,0.041216195,0.649209286
1,155,211318720,67,0.270916061,0.142569608,0.041216195,0.691486490
16,155,211318720,67,0.278869708,0.142569608,0.041216195,0.719822953
6,155,211318720,67,0.279756404,0.142569608,0.041216195,0.722541771
14,155,211318720,67,0.301070971,0.142569608,0.041216195,0.772694205
18,155,211318720,67,0.326199144,0.142569608,0.041216195,0.815240545
7,155,211318720,67,0.347657612,0.142569608,0.041216195,0.836109739
11,155,211318720,67,0.386616146,0.142569608,0.041216195,0.850034913
20,155,211318720,67,0.620453832,0.142569608,0.041216195,1.054679573
13,155,211318720,67,0.629905459,0.142569608,0.041216195,1.070650661
9,155,211318720,67,0.672613130,0.142569608,0.041216195,1.139588721
2,155,211318720,67,0.705718568,0.142569608,0.041216195,1.173768580
17,155,211318720,67,0.776878998,0.142569608,0.041216195,1.236843521
10,155,211318720,67,0.860904080,0.142569608,0.041216195,1.280813003
15,155,211318720,67,0.988028436,0.142569608,0.041216195,1.420223615
3,155,211318720,67,0.995623028,0.142569608,0.041216195,1.427892651
12,155,211318720,67,1.111315946,0.142569608,0.041216195,1.466736906
8,155,211318720,67,2.791424288,0.142569608,0.041216195,0.905947883
13,156,211318720,67,0.228738980,0.142569608,0.052552901,0.366644819
4,156,211318720,67,0.245527101,0.142569608,0.052552901,0.426670795
7,156,211318720,67,0.260799843,0.142569608,0.052552901,0.472789371
5,156,211318720,67,0.281175525,0.142569608,0.052552901,0.533252276
16,156,211318720,67,0.282341637,0.142569608,0.052552901,0.536035248
12,156,211318720,67,0.309338144,0.142569608,0.052552901,0.581478043
10,156,211318720,67,0.373230917,0.142569608,0.052552901,0.645946989
11,156,211318720,67,0.404488862,0.142569608,0.052552901,0.664599410
18,156,211318720,67,0.536099314,0.142569608,0.052552901,0.758370633
1,156,211318720,67,0.620453832,0.142569608,0.052552901,0.843729134
14,156,211318720,67,0.663109918,0.142569608,0.052552901,0.902182204
3,156,211318720,67,0.769100771,0.142569608,0.052552901,1.105673011
6,156,211318720,67,0.775361478,0.142569608,0.052552901,1.116263605
8,156,211318720,67,0.825358556,0.142569608,0.052552901,1.175300445
15,156,211318720,67,0.852526209,0.142569608,0.052552901,1.213076959
9,156,211318720,67,0.954668946,0.142569608,0.052552901,1.316490627
17,156,211318720,67,0.979722881,0.142569608,0.052552901,1.325388880
20,156,211318720,67,1.523230982,0.142569608,0.052552901,1.241006732
2,156,211318720,67,1.793468726,0.142569608,0.052552901,1.247712222
19,156,211318720,67,2.042732406,0.142569608,0.052552901,1.163413566
18,157,211318720,67,0.260799843,0.142569608,0.005765037,0.483849312
19,157,211318720,67,0.265169537,0.142569608,0.005765037,0.505475071
10,157,211318720,67,0.301070971,0.142569608,0.005765037,0.658478618
1,157,211318720,67,0.308736619,0.142569608,0.005765037,0.686932211
17,157,211318720,67,0.321654473,0.142569608,0.005765037,0.725312657
8,157,211318720,67,0.322958332,0.142569608,0.005765037,0.728385203
2,157,211318720,67,0.324270546,0.142569608,0.005765037,0.730705749
15,157,211318720,67,0.325051214,0.142569608,0.005765037,0.731529905
14,157,211318720,67,0.403693813,0.142569608,0.005765037,0.827310679
6,157,211318720,67,0.468165215,0.142569608,0.005765037,0.931614445
4,157,211318720,67,0.520566537,0.142569608,0.005765037,1.019325292
9,157,211318720,67,0.551085968,0.142569608,0.005765037,1.064295790
16,157,211318720,67,0.610859170,0.142569608,0.005765037,1.123970069
5,157,211318720,67,0.672613130,0.142569608,0.005765037,1.145363623
20,157,211318720,67,0.825358556,0.142569608,0.005765037,1.190410786
3,157,211318720,67,0.979722881,0.142569608,0.005765037,1.323972425
11,157,211318720,67,0.988028436,0.142569608,0.005765037,1.326514128
7,157,211318720,67,1.535311201,0.142569608,0.005765037,1.240876291
12,157,211318720,67,1.714394872,0.142569608,0.005765037,1.278261613
13,157,211318720,67,1.896146303,0.142569608,0.005765037,1.218733995
16,158,211318720,67,0.217930335,0.142569608,0.017966026,0.252464024
3,158,211318720,67,0.226085727,0.142569608,0.017966026,0.271139639
14,158,211318720,67,0.282341637,0.142569608,0.017966026,0.423271675
18,158,211318720,67,0.301060295,0.142569608,0.017966026,0.479376523
17,158,211318720,67,0.325051214,0.142569608,0.017966026,0.535416162
19,158,211318720,67,0.370342648,0.142569608,0.017966026,0.611716103
6,158,211318720,67,0.393302416,0.142569608,0.017966026,0.634699292
9,158,211318720,67,0.423346588,0.142569608,0.017966026,0.644792808
12,158,211318720,67,0.567480814,0.142569608,0.017966026,0.758717017
20,158,211318720,67,0.615215811,0.142569608,0.017966026,0.818480625
11,158,211318720,67,0.705718568,0.142569608,0.017966026,0.985617844
13,158,211318720,67,0.740833922,0.142569608,0.017966026,1.050143910
15,158,211318720,67,0.776878998,0.142569608,0.017966026,1.109826064
10,158,211318720,67,0.804758036,0.142569608,0.017966026,1.137272545
7,158,211318720,67,0.873971227,0.142569608,0.017966026,1.160030500
8,158,211318720,67,1.204524366,0.142569608,0.017966026,1.183224294
5,158,211318720,67,1.290645430,0.142569608,0.017966026,1.211597827
2,158,211318720,67,1.461303474,0.142569608,0.017966026,1.250731387
4,158,211318720,67,1.793468726,0.142569608,0.017966026,1.235057604
1,158,211318720,67,1.923800267,0.142569608,0.017966026,1.191617088
10,159,211318720,67,0.212159260,0.142569608,0.008866811,0.362670911
11,159,211318720,67,0.224084398,0.142569608,0.008866811,0.406069303
4,159,211318720,67,0.260799843,0.142569608,0.008866811,0.516112694
2,159,211318720,67,0.267160196,0.142569608,0.008866811,0.530992896
15,159,211318720,67,0.275318730,0.142569608,0.008866811,0.544363240
6,159,211318720,67,0.304117078,0.142569608,0.008866811,0.573122642
17,159,211318720,67,0.325051214,0.142569608,0.008866811,0.579929033
3,159,211318720,67,0.560130122,0.142569608,0.008866811,0.639320333
20,159,211318720,67,0.641821253,0.142569608,0.008866811,0.733012183
18,159,211318720,67,0.714019269,0.142569608,0.008866811,0.827164208
8,159,211318720,67,0.756462205,0.142569608,0.008866811,0.874163980
9,159,211318720,67,0.826010299,0.142569608,0.008866811,0.943128153
13,159,211318720,67,0.891643720,0.142569608,0.008866811,0.996046607
14,159,211318720,67,0.988766129,0.142569608,0.008866811,1.028878241
12,159,211318720,67,1.128887111,0.142569608,0.008866811,1.076428645
16,159,211318720,67,1.273044793,0.142569608,0.008866811,1.123206888
19,159,211318720,67,1.610014847,0.142569608,0.008866811,1.132841635
7,159,211318720,67,1.713347893,0.142569608,0.008866811,1.168047153
1,159,211318720,67,1.947242268,0.142569608,0.008866811,1.186730702
5,159,211318720,67,1.987623278,0.142569608,0.008866811,1.173270955
2,160,211318720,67,0.217930335,0.142569608,0.042881344,0.209217970
10,160,211318720,67,0.261216707,0.142569608,0.042881344,0.281803735
13,160,211318720,67,0.279756404,0.142569608,0.042881344,0.300387733
7,160,211318720,67,0.301060295,0.142569608,0.042881344,0.306710834
1,160,211318720,67,0.513365802,0.142569608,0.042881344,0.563047958
20,160,211318720,67,0.520566537,0.142569608,0.042881344,0.586997384
18,160,211318720,67,0.552859885,0.142569608,0.042881344,0.684919629
8,160,211318720,67,0.567480814,0.142569608,0.042881344,0.719151556
15,160,211318720,67,0.639616655,0.142569608,0.042881344,0.886557804
3,160,211318720,67,0.652480462,0.142569608,0.042881344,0.908187761
17,160,211318720,67,0.659885080,0.142569608,0.042881344,0.919410842
6,160,211318720,67,0.714019269,0.142569608,0.042881344,0.995065036
4,160,211318720,67,0.797075940,0.142569608,0.042881344,1.171850709
19,160,211318720,67,0.825358556,0.142569608,0.042881344,1.232795894
12,160,211318720,67,0.867710627,0.142569608,0.042881344,1.325588246
11,160,211318720,67,0.872485984,0.142569608,0.042881344,1.333486416
16,160,211318720,67,0.947065037,0.142569608,0.042881344,1.408243877
9,160,211318720,67,0.979722881,0.142569608,0.042881344,1.419814607
14,160,211318720,67,1.857549577,0.142569608,0.042881344,1.223833735
5,160,211318720,67,2.042732406,0.142569608,0.042881344,1.161889293
13,161,211318720,67,0.168914176,0.142569608,0.026692985,0.244525254
15,161,211318720,67,0.212159260,0.142569608,0.026692985,0.471505375
18,161,211318720,67,0.228738980,0.142569608,0.026692985,0.565464480
7,161,211318720,67,0.265169537,0.142569608,0.026692985,0.747923844
8,161,211318720,67,0.279756404,0.142569608,0.026692985,0.811659088
1,161,211318720,67,0.286261592,0.142569608,0.026692985,0.840180373
20,161,211318720,67,0.304117078,0.142569608,0.026692985,0.905855858
5,161,211318720,67,0.308736619,0.142569608,0.026692985,0.919756054
3,161,211318720,67,0.322958332,0.142569608,0.026692985,0.952759113
10,161,211318720,67,0.336410426,0.142569608,0.026692985,0.974945310
14,161,211318720,67,0.344469294,0.142569608,0.026692985,0.983044227
12,161,211318720,67,0.420895631,0.142569608,0.026692985,1.027068456
11,161,211318720,67,0.536099314,0.142569608,0.026692985,1.155429896
2,161,211318720,67,0.610859170,0.142569608,0.026692985,1.379894524
4,161,211318720,67,0.641821253,0.142569608,0.026692985,1.452073811
6,161,211318720,67,0.659885080,0.142569608,0.026692985,1.482220472
19,161,211318720,67,0.670679398,0.142569608,0.026692985,1.493110382
16,161,211318720,67,0.672613130,0.142569608,0.026692985,1.493869015
9,161,211318720,67,0.891643720,0.142569608,0.026692985,1.513937473
17,161,211318720,67,1.311945561,0.142569608,0.026692985,1.374267714
5,162,211318720,67,0.234315817,0.142569608,0.032290861,0.348945175
3,162,211318720,67,0.260799843,0.142569608,0.032290861,0.445555648
7,162,211318720,67,0.265169537,0.142569608,0.032290861,0.458667672
6,162,211318720,67,0.297778627,0.142569608,0.032290861,0.533638676
10,162,211318720,67,0.301060295,0.142569608,0.032290861,0.539194898
20,162,211318720,67,0.315211100,0.142569608,0.032290861,0.553557979
4,162,211318720,67,0.370342648,0.142569608,0.032290861,0.572871348
12,162,211318720,67,0.552859885,0.142569608,0.032290861,0.746830907
9,162,211318720,67,0.574706598,0.142569608,0.032290861,0.782566755
11,162,211318720,67,0.639616655,0.142569608,0.032290861,0.876070620
16,162,211318720,67,0.663109918,0.142569608,0.032290861,0.899670561
1,162,211318720,67,0.740833922,0.142569608,0.032290861,0.936821500
18,162,211318720,67,0.867710627,0.142569608,0.032290861,1.075750207
13,162,211318720,67,0.945352308,0.142569608,0.032290861,1.205493572
8,162,211318720,67,0.954724739,0.142569608,0.032290861,1.215142998
19,162,211318720,67,0.988028436,0.142569608,0.032290861,1.226723202
2,162,211318720,67,1.128887111,0.142569608,0.032290861,1.276047003
15,162,211318720,67,1.461303474,0.142569608,0.032290861,1.260033222
17,162,211318720,67,1.725062605,0.142569608,0.032290861,1.266656384
14,162,211318720,67,2.791424288,0.142569608,0.032290861,0.909960512
20,163,211318720,67,0.170050472,0.142569608,0.030066617,0.192986831
17,163,211318720,67,0.232700882,0.142569608,0.030066617,0.408124130
15,163,211318720,67,0.237772175,0.142569608,0.030066617,0.423365534
19,163,211318720,67,0.260799843,0.142569608,0.030066617,0.476733626
11,163,211318720,67,0.302606758,0.142569608,0.030066617,0.590879352
6,163,211318720,67,0.320898793,0.142569608,0.030066617,0.633871585
8,163,211318720,67,0.324270546,0.142569608,0.030066617,0.639645427
2,163,211318720,67,0.403693813,0.142569608,0.030066617,0.720278573
14,163,211318720,67,0.420895631,0.142569608,0.030066617,0.726087378
10,163,211318720,67,0.632038567,0.142569608,0.030066617,0.832823417
3,163,211318720,67,0.659885080,0.142569608,0.030066617,0.864865629
18,163,211318720,67,0.769100771,0.142569608,0.030066617,1.131411024
13,163,211318720,67,0.797075940,0.142569608,0.030066617,1.197058425
7,163,211318720,67,0.812666156,0.142569608,0.030066617,1.229105041
1,163,211318720,67,0.827379011,0.142569608,0.030066617,1.253428734
4,163,211318720,67,0.860904080,0.142569608,0.030066617,1.286955429
5,163,211318720,67,0.947065037,0.142569608,0.030066617,1.316258036
12,163,211318720,67,1.824258536,0.142569608,0.030066617,1.168404421
16,163,211318720,67,1.896146303,0.142569608,0.030066617,1.191417050
9,163,211318720,67,2.257366711,0.142569608,0.030066617,1.072247896
13,164,211318720,67,0.261216707,0.142569608,0.008316497,0.390968845
20,164,211318720,67,0.272470717,0.142569608,0.008316497,0.439818858
19,164,211318720,67,0.281175525,0.142569608,0.008316497,0.471233219
9,164,211318720,67,0.286261592,0.142569608,0.008316497,0.489837826
17,164,211318720,67,0.302606758,0.142569608,0.008316497,0.539579157
14,164,211318720,67,0.373230917,0.142569608,0.008316497,0.705420045
15,164,211318720,67,0.393302416,0.142569608,0.008316497,0.749751302
8,164,211318720,67,0.403555524,0.142569608,0.008316497,0.773800620
12,164,211318720,67,0.423346588,0.142569608,0.008316497,0.807506035
18,164,211318720,67,0.520566537,0.142569608,0.008316497,1.029287163
3,164,211318720,67,0.535153629,0.142569608,0.008316497,1.053528171
11,164,211318720,67,0.567480814,0.142569608,0.008316497,1.085260164
16,164,211318720,67,0.574706598,0.142569608,0.008316497,1.087652294
6,164,211318720,67,0.789062176,0.142569608,0.008316497,1.150065740
7,164,211318720,67,0.872485984,0.142569608,0.008316497,1.218217730
2,164,211318720,67,0.954724739,0.142569608,0.008316497,1.245316229
10,164,211318720,67,1.116684898,0.142569608,0.008316497,1.285752494
5,164,211318720,67,1.596542165,0.142569608,0.008316497,1.222854632
1,164,211318720,67,1.923800267,0.142569608,0.008316497,1.206609524
4,164,211318720,67,2.791424288,0.142569608,0.008316497,0.917114686
18,165,211318720,67,0.159832671,0.142569608,0.071462706,0.168207029
9,165,211318720,67,0.234315817,0.142569608,0.071462706,0.364885188
8,165,211318720,67,0.256746962,0.142569608,0.071462706,0.436691231
7,165,211318720,67,0.260706753,0.142569608,0.071462706,0.448593795
14,165,211318720,67,0.277977303,0.142569608,0.071462706,0.489474460
2,165,211318720,67,0.344469294,0.142569608,0.071462706,0.613269414
17,165,211318720,67,0.373230917,0.142569608,0.071462706,0.661353037
20,165,211318720,67,0.393302416,0.142569608,0.071462706,0.681453986
10,165,211318720,67,0.468165215,0.142569608,0.071462706,0.730216664
12,165,211318720,67,0.574706598,0.142569608,0.071462706,0.810759667
4,165,211318720,67,0.652480462,0.142569608,0.071462706,0.849866591
15,165,211318720,67,0.776878998,0.142569608,0.071462706,0.953023825
16,165,211318720,67,0.827379011,0.142569608,0.071462706,0.969024566
13,165,211318720,67,1.160127393,0.142569608,0.071462706,0.955405063
3,165,211318720,67,1.461303474,0.142569608,0.071462706,1.017726111
11,165,211318720,67,1.511291707,0.142569608,0.071462706,1.068809796
6,165,211318720,67,1.596542165,0.142569608,0.071462706,1.095191820
5,165,211318720,67,1.824258536,0.142569608,0.071462706,1.181232104
1,165,211318720,67,1.865638838,0.142569608,0.071462706,1.194473494
19,165,211318720,67,2.257366711,0.142569608,0.071462706,1.065850718
8,166,211318720,67,0.212159260,0.142569608,0.021058632,0.298895479
4,166,211318720,67,0.217930335,0.142569608,0.021058632,0.308777304
19,166,211318720,67,0.232700882,0.142569608,0.021058632,0.323810212
2,166,211318720,67,0.237772175,0.142569608,0.021058632,0.325792133
14,166,211318720,67,0.404488862,0.142569608,0.021058632,0.454439068
9,166,211318720,67,0.423346588,0.142569608,0.021058632,0.473396983
3,166,211318720,67,0.535153629,0.142569608,0.021058632,0.610560413
11,166,211318720,67,0.615215811,0.142569608,0.021058632,0.833033836
7,166,211318720,67,0.617606167,0.142569608,0.021058632,0.840352328
15,166,211318720,67,0.657349375,0.142569608,0.021058632,0.947587234
1,166,211318720,67,0.672613130,0.142569608,0.021058632,0.983800851
16,166,211318720,67,0.705718568,0.142569608,0.021058632,1.038825432
17,166,211318720,67,0.756462205,0.142569608,0.021058632,1.106222400
5,166,211318720,67,0.776878998,0.142569608,0.021058632,1.126197202
12,166,211318720,67,0.872485984,0.142569608,0.021058632,1.180308093
18,166,211318720,67,0.979722881,0.142569608,0.021058632,1.216983700
6,166,211318720,67,1.596542165,0.142569608,0.021058632,1.107894277
20,166,211318720,67,1.824258536,0.142569608,0.021058632,1.154893229
13,166,211318720,67,1.923800267,0.142569608,0.021058632,1.187593096
10,166,211318720,67,2.457349183,0.142569608,0.021058632,1.014626958
18,167,211318720,67,0.212159260,0.142569608,0.050489690,0.352007840
9,167,211318720,67,0.224084398,0.142569608,0.050489690,0.387040365
2,167,211318720,67,0.228738980,0.142569608,0.050489690,0.397723936
16,167,211318720,67,0.275318730,0.142569608,0.050489690,0.484538528
19,167,211318720,67,0.278869708,0.142569608,0.050489690,0.490338176
7,167,211318720,67,0.312623293,0.142569608,0.050489690,0.523617557
17,167,211318720,67,0.403693813,0.142569608,0.050489690,0.563385237
12,167,211318720,67,0.534377012,0.142569608,0.050489690,0.723659158
4,167,211318720,67,0.553788214,0.142569608,0.050489690,0.757008569
13,167,211318720,67,0.632038567,0.142569608,0.050489690,0.891798156
5,167,211318720,67,0.670679398,0.142569608,0.050489690,0.956430340
10,167,211318720,67,0.693604386,0.142569608,0.050489690,0.979658620
3,167,211318720,67,0.769100771,0.142569608,0.050489690,1.031725742
8,167,211318720,67,0.873971227,0.142569608,0.050489690,1.112975597
11,167,211318720,67,0.948202507,0.142569608,0.050489690,1.157216034
1,167,211318720,67,1.060038343,0.142569608,0.050489690,1.193345605
15,167,211318720,67,1.523230982,0.142569608,0.050489690,1.223733464
20,167,211318720,67,1.535311201,0.142569608,0.050489690,1.227705039
14,167,211318720,67,1.713347893,0.142569608,0.050489690,1.262818023
6,167,211318720,67,2.672887813,0.142569608,0.050489690,0.944956617
6,168,211318720,67,0.261216707,0.142569608,0.012060760,0.494386653
1,168,211318720,67,0.270916061,0.142569608,0.012060760,0.536200010
2,168,211318720,67,0.272470717,0.142569608,0.012060760,0.541900261
3,168,211318720,67,0.277977303,0.142569608,0.012060760,0.558387915
17,168,211318720,67,0.307296145,0.142569608,0.012060760,0.637510209
7,168,211318720,67,0.308736619,0.142569608,0.012060760,0.640915451
13,168,211318720,67,0.341878324,0.142569608,0.012060760,0.706705787
16,168,211318720,67,0.373230917,0.142569608,0.012060760,0.761137756
10,168,211318720,67,0.434644119,0.142569608,0.012060760,0.918784150
4,168,211318720,67,0.468165215,0.142569608,0.012060760,1.019280061
15,168,211318720,67,0.513365802,0.142569608,0.012060760,1.154968993
5,168,211318720,67,0.520566537,0.142569608,0.012060760,1.171718288
14,168,211318720,67,0.552859885,0.142569608,0.012060760,1.225834476
19,168,211318720,67,0.574706598,0.142569608,0.012060760,1.247951194
9,168,211318720,67,0.610859170,0.142569608,0.012060760,1.259932521
18,168,211318720,67,1.060038343,0.142569608,0.012060760,1.205689189
12,168,211318720,67,1.290645430,0.142569608,0.012060760,1.305854584
8,168,211318720,67,1.311945561,0.142569608,0.012060760,1.313194085
20,168,211318720,67,2.109842029,0.142569608,0.012060760,1.146093887
11,168,211318720,67,2.257366711,0.142569608,0.012060760,1.097137821
8,169,211318720,67,0.265618424,0.142569608,0.128025874,0.291243437
15,169,211318720,67,0.278869708,0.142569608,0.128025874,0.321930059
18,169,211318720,67,0.307420428,0.142569608,0.128025874,0.369107998
1,169,211318720,67,0.320898793,0.142569608,0.128025874,0.382844796
13,169,211318720,67,0.361632437,0.142569608,0.128025874,0.396068368
4,169,211318720,67,0.546457903,0.142569608,0.128025874,0.502055490
17,169,211318720,67,0.647753259,0.142569608,0.128025874,0.729541149
19,169,211318720,67,0.652480462,0.142569608,0.128025874,0.740153826
11,169,211318720,67,0.659885080,0.142569608,0.128025874,0.752089475
9,169,211318720,67,0.705718568,0.142569608,0.128025874,0.811960225
16,169,211318720,67,0.789062176,0.142569608,0.128025874,0.981998418
12,169,211318720,67,0.827240809,0.142569608,0.128025874,1.046277962
10,169,211318720,67,0.860904080,0.142569608,0.128025874,1.080229900
14,169,211318720,67,0.873971227,0.142569608,0.128025874,1.084360357
6,169,211318720,67,1.022680714,0.142569608,0.128025874,1.255785939
5,169,211318720,67,1.031384999,0.142569608,0.128025874,1.264399080
20,169,211318720,67,1.111315946,0.142569608,0.128025874,1.289766686
2,169,211318720,67,1.311945561,0.142569608,0.128025874,1.316382675
3,169,211318720,67,1.865638838,0.142569608,0.128025874,1.228130010
7,169,211318720,67,1.923800267,0.142569608,0.128025874,1.208747783
7,170,211318720,67,0.234315817,0.142569608,0.051655486,0.199044729
18,170,211318720,67,0.279756404,0.142569608,0.051655486,0.349564332
1,170,211318720,67,0.319290461,0.142569608,0.051655486,0.494273665
19,170,211318720,67,0.341878324,0.142569608,0.051655486,0.562719822
12,170,211318720,67,0.344469294,0.142569608,0.051655486,0.568803841
5,170,211318720,67,0.373230917,0.142569608,0.051655486,0.617735332
2,170,211318720,67,0.403555524,0.142569608,0.051655486,0.654740964
17,170,211318720,67,0.420895631,0.142569608,0.051655486,0.680079559
9,170,211318720,67,0.536099314,0.142569608,0.051655486,0.888356851
4,170,211318720,67,0.553788214,0.142569608,0.051655486,0.928516023
20,170,211318720,67,0.560130122,0.142569608,0.051655486,0.939113234
14,170,211318720,67,0.663109918,0.142569608,0.051655486,1.086082068
11,170,211318720,67,0.670679398,0.142569608,0.051655486,1.098671564
13,170,211318720,67,0.756462205,0.142569608,0.051655486,1.184817690
15,170,211318720,67,0.791724166,0.142569608,0.051655486,1.196991631
16,170,211318720,67,1.237330448,0.142569608,0.051655486,1.147573979
6,170,211318720,67,1.535311201,0.142569608,0.051655486,1.145433970
3,170,211318720,67,1.896146303,0.142569608,0.051655486,1.155028686
10,170,211318720,67,1.987623278,0.142569608,0.051655486,1.184159205
8,170,211318720,67,2.109842029,0.142569608,0.051655486,1.143423352
10,171,211318720,67,0.234315817,0.142569608,0.018501235,0.479172627
15,171,211318720,67,0.245527101,0.142569608,0.018501235,0.535036746
6,171,211318720,67,0.267160196,0.142569608,0.018501235,0.633768587
3,171,211318720,67,0.279756404,0.142569608,0.018501235,0.688203320
16,171,211318720,67,0.301060295,0.142569608,0.018501235,0.778792045
1,171,211318720,67,0.307296145,0.142569608,0.018501235,0.801793613
14,171,211318720,67,0.309338144,0.142569608,0.018501235,0.808066418
2,171,211318720,67,0.322876307,0.142569608,0.018501235,0.839974773
20,171,211318720,67,0.336410426,0.142569608,0.018501235,0.862576310
19,171,211318720,67,0.403555524,0.142569608,0.018501235,0.929661065
11,171,211318720,67,0.423346588,0.142569608,0.018501235,0.936380378
5,171,211318720,67,0.663109918,0.142569608,0.018501235,1.019193111
9,171,211318720,67,0.714019269,0.142569608,0.018501235,1.088659128
18,171,211318720,67,0.797075940,0.142569608,0.018501235,1.219767360
17,171,211318720,67,0.827240809,0.142569608,0.018501235,1.267210780
4,171,211318720,67,0.867710627,0.142569608,0.018501235,1.323109284
8,171,211318720,67,0.945352308,0.142569608,0.018501235,1.400662747
7,171,211318720,67,0.988028436,0.142569608,0.018501235,1.416187585
13,171,211318720,67,1.680701976,0.142569608,0.018501235,1.280709464
12,171,211318720,67,1.824258536,0.142569608,0.018501235,1.232861709
12,172,211318720,67,0.224084398,0.142569608,0.000898799,0.279253796
10,172,211318720,67,0.260706753,0.142569608,0.000898799,0.389139892
18,172,211318720,67,0.276768636,0.142569608,0.000898799,0.446994887
2,172,211318720,67,0.277977303,0.142569608,0.000898799,0.450669330
16,172,211318720,67,0.308736619,0.142569608,0.000898799,0.522766599
15,172,211318720,67,0.361632437,0.142569608,0.000898799,0.611303927
11,172,211318720,67,0.403555524,0.142569608,0.000898799,0.653170091
14,172,211318720,67,0.404488862,0.142569608,0.000898799,0.653935306
6,172,211318720,67,0.546457903,0.142569608,0.000898799,0.786278002
13,172,211318720,67,0.560130122,0.142569608,0.000898799,0.790623109
4,172,211318720,67,0.756462205,0.142569608,0.000898799,1.075154529
20,172,211318720,67,0.789062176,0.142569608,0.000898799,1.172638979
1,172,211318720,67,0.804758036,0.142569608,0.000898799,1.209618342
7,172,211318720,67,0.826010299,0.142569608,0.000898799,1.258173208
19,172,211318720,67,0.827240809,0.142569608,0.000898799,1.260014647
17,172,211318720,67,0.864295067,0.142569608,0.000898799,1.297443711
8,172,211318720,67,0.947065037,0.142569608,0.000898799,1.325439514
9,172,211318720,67,1.396250254,0.142569608,0.000898799,1.283857525
5,172,211318720,67,1.523230982,0.142569608,0.000898799,1.325249698
3,172,211318720,67,2.791424288,0.142569608,0.000898799,0.905649633
19,173,211318720,67,0.267160196,0.142569608,0.023352509,0.388027547
11,173,211318720,67,0.312623293,0.142569608,0.023352509,0.639052532
10,173,211318720,67,0.325051214,0.142569608,0.023352509,0.701341048
14,173,211318720,67,0.336410426,0.142569608,0.023352509,0.750733931
3,173,211318720,67,0.341878324,0.142569608,0.023352509,0.770596891
8,173,211318720,67,0.344469294,0.142569608,0.023352509,0.778346979
5,173,211318720,67,0.366385622,0.142569608,0.023352509,0.829011311
16,173,211318720,67,0.370342648,0.142569608,0.023352509,0.835769121
12,173,211318720,67,0.373230917,0.142569608,0.023352509,0.838580634
20,173,211318720,67,0.420895631,0.142569608,0.023352509,0.895301993
4,173,211318720,67,0.520566537,0.142569608,0.023352509,1.074993367
15,173,211318720,67,0.546457903,0.142569608,0.023352509,1.153122266
6,173,211318720,67,0.574706598,0.142569608,0.023352509,1.218906907
18,173,211318720,67,0.647753259,0.142569608,0.023352509,1.340323175
1,173,211318720,67,0.654253417,0.142569608,0.023352509,1.346930205
13,173,211318720,67,0.657349375,0.142569608,0.023352509,1.347971543
9,173,211318720,67,0.826010299,0.142569608,0.023352509,1.480010500
17,173,211318720,67,0.827240809,0.142569608,0.023352509,1.480285138
2,173,211318720,67,1.031384999,0.142569608,0.023352509,1.507164984
7,173,211318720,67,1.865638838,0.142569608,0.023352509,1.233856946
18,174,211318720,67,0.245527101,0.142569608,0.048310153,0.181826066
3,174,211318720,67,0.270916061,0.142569608,0.048310153,0.244880751
15,174,211318720,67,0.307420428,0.142569608,0.048310153,0.347320227
14,174,211318720,67,0.386616146,0.142569608,0.048310153,0.531567618
20,174,211318720,67,0.393302416,0.142569608,0.048310153,0.543176594
12,174,211318720,67,0.403693813,0.142569608,0.048310153,0.553666598
9,174,211318720,67,0.423346588,0.142569608,0.048310153,0.578096653
19,174,211318720,67,0.551085968,0.142569608,0.048310153,0.797458165
8,174,211318720,67,0.553788214,0.142569608,0.048310153,0.803937834
10,174,211318720,67,0.617606167,0.142569608,0.048310153,0.976913690
4,174,211318720,67,0.654253417,0.142569608,0.048310153,1.063105329
7,174,211318720,67,0.672613130,0.142569608,0.048310153,1.094163791
17,174,211318720,67,0.705718568,0.142569608,0.048310153,1.141290222
6,174,211318720,67,0.714019269,0.142569608,0.048310153,1.149469759
13,174,211318720,67,0.827240809,0.142569608,0.048310153,1.186404104
5,174,211318720,67,1.002541407,0.142569608,0.048310153,1.298979629
2,174,211318720,67,1.031384999,0.142569608,0.048310153,1.309035421
16,174,211318720,67,1.396250254,0.142569608,0.048310153,1.282513681
1,174,211318720,67,1.824258536,0.142569608,0.048310153,1.237750776
11,174,211318720,67,2.105592253,0.142569608,0.048310153,1.144850735
17,175,211318720,67,0.170050472,0.142569608,0.102181375,0.135325625
4,175,211318720,67,0.224084398,0.142569608,0.102181375,0.257514188
3,175,211318720,67,0.276768636,0.142569608,0.102181375,0.408511860
1,175,211318720,67,0.304117078,0.142569608,0.102181375,0.491091103
16,175,211318720,67,0.322958332,0.142569608,0.102181375,0.535193647
5,175,211318720,67,0.361632437,0.142569608,0.102181375,0.600354771
12,175,211318720,67,0.393302416,0.142569608,0.102181375,0.632119515
11,175,211318720,67,0.403693813,0.142569608,0.102181375,0.635145740
15,175,211318720,67,0.546457903,0.142569608,0.102181375,0.790414060
18,175,211318720,67,0.552859885,0.142569608,0.102181375,0.796923901
14,175,211318720,67,0.661357665,0.142569608,0.102181375,0.921605736
20,175,211318720,67,0.706047967,0.142569608,0.102181375,0.981106612
13,175,211318720,67,0.769100771,0.142569608,0.102181375,1.070232791
10,175,211318720,67,0.827379011,0.142569608,0.102181375,1.128208254
7,175,211318720,67,0.872485984,0.142569608,0.102181375,1.160028111
9,175,211318720,67,0.988766129,0.142569608,0.102181375,1.208263667
6,175,211318720,67,1.116684898,0.142569608,0.102181375,1.250943886
19,175,211318720,67,1.680701976,0.142569608,0.102181375,1.160033361
8,175,211318720,67,1.896146303,0.142569608,0.102181375,1.180121188
2,175,211318720,67,2.264199624,0.142569608,0.102181375,1.055878896
10,176,211318720,67,0.226085727,0.142569608,0.061154846,0.355799857
4,176,211318720,67,0.237772175,0.142569608,0.061154846,0.406547981
8,176,211318720,67,0.272470717,0.142569608,0.061154846,0.533268967
15,176,211318720,67,0.279756404,0.142569608,0.061154846,0.555348751
17,176,211318720,67,0.307296145,0.142569608,0.061154846,0.620472384
16,176,211318720,67,0.325473414,0.142569608,0.061154846,0.650511523
1,176,211318720,67,0.336410426,0.142569608,0.061154846,0.661445057
2,176,211318720,67,0.361632437,0.142569608,0.061154846,0.668297869
11,176,211318720,67,0.520566537,0.142569608,0.061154846,0.884171158
9,176,211318720,67,0.551085968,0.142569608,0.061154846,0.954771483
3,176,211318720,67,0.567480814,0.142569608,0.061154846,0.982545711
20,176,211318720,67,0.632038567,0.142569608,0.061154846,1.048437784
18,176,211318720,67,0.641821253,0.142569608,0.061154846,1.051904240
13,176,211318720,67,0.827379011,0.142569608,0.061154846,1.173585506
6,176,211318720,67,0.852526209,0.142569608,0.061154846,1.199137162
14,176,211318720,67,0.954724739,0.142569608,0.061154846,1.283160859
12,176,211318720,67,1.022680714,0.142569608,0.061154846,1.308584307
7,176,211318720,67,1.160127393,0.142569608,0.061154846,1.398569432
19,176,211318720,67,1.237330448,0.142569608,0.061154846,1.423719821
5,176,211318720,67,1.947242268,0.142569608,0.061154846,1.189360741
11,177,211318720,67,0.168914176,0.142569640,0.072065957,0.174913497
14,177,211318720,67,0.212159260,0.142569640,0.072065957,0.276492568
20,177,211318720,67,0.265618424,0.142569640,0.072065957,0.366353751
9,177,211318720,67,0.276768636,0.142569640,0.072065957,0.377578406
1,177,211318720,67,0.302606758,0.142569640,0.072065957,0.387013915
12,177,211318720,67,0.513365802,0.142569640,0.072065957,0.530384010
13,177,211318720,67,0.552859885,0.142569640,0.072065957,0.622255090
19,177,211318720,67,0.610859170,0.142569640,0.072065957,0.760265897
8,177,211318720,67,0.625469962,0.142569640,0.072065957,0.794338769
10,177,211318720,67,0.657349375,0.142569640,0.072065957,0.863136821
18,177,211318720,67,0.706047967,0.142569640,0.072065957,0.944388338
16,177,211318720,67,0.740833922,0.142569640,0.072065957,0.978953163
7,177,211318720,67,0.775361478,0.142569640,0.072065957,0.990330821
6,177,211318720,67,0.979722881,0.142569640,0.072065957,1.016808828
15,177,211318720,67,1.290645430,0.142569640,0.072065957,1.009872425
17,177,211318720,67,1.523230982,0.142569640,0.072065957,1.066507166
2,177,211318720,67,1.610014847,0.142569640,0.072065957,1.096029701
4,177,211318720,67,1.865638838,0.142569640,0.072065957,1.148001545
3,177,211318720,67,1.947242268,0.142569640,0.072065957,1.175516842
5,177,211318720,67,2.672887813,0.142569640,0.072065957,0.936338760
10,178,211318720,67,0.228738980,0.142569640,0.012370075,0.417840257
3,178,211318720,67,0.245527101,0.142569640,0.012370075,0.481821036
19,178,211318720,67,0.267160196,0.142569640,0.012370075,0.576876328
14,178,211318720,67,0.270916061,0.142569640,0.012370075,0.592921053
13,178,211318720,67,0.278869708,0.142569640,0.012370075,0.622489818
5,178,211318720,67,0.302606758,0.142569640,0.012370075,0.693080741
7,178,211318720,67,0.307296145,0.142569640,0.012370075,0.704036213
17,178,211318720,67,0.383998747,0.142569640,0.012370075,0.871869690
15,178,211318720,67,0.393302416,0.142569640,0.012370075,0.888010183
6,178,211318720,67,0.403555524,0.142569640,0.012370075,0.904630535
9,178,211318720,67,0.468165215,0.142569640,0.012370075,0.989352549
12,178,211318720,67,0.535153629,0.142569640,0.012370075,1.114598418
8,178,211318720,67,0.582632074,0.142569640,0.012370075,1.193773939
2,178,211318720,67,0.610218416,0.142569640,0.012370075,1.222122345
18,178,211318720,67,0.657349375,0.142569640,0.012370075,1.257166926
4,178,211318720,67,0.769100771,0.142569640,0.012370075,1.378977419
20,178,211318720,67,0.827379011,0.142569640,0.012370075,1.438079096
11,178,211318720,67,0.872485984,0.142569640,0.012370075,1.453376117
1,178,211318720,67,1.713347893,0.142569640,0.012370075,1.270613383
16,178,211318720,67,1.725062605,0.142569640,0.012370075,1.266713378
11,179,211318720,67,0.168914176,0.142569640,0.039943147,0.201189720
12,179,211318720,67,0.237772175,0.142569640,0.039943147,0.560216908
18,179,211318720,67,0.245527101,0.142569640,0.039943147,0.604086769
4,179,211318720,67,0.277977303,0.142569640,0.039943147,0.765827488
1,179,211318720,67,0.281175525,0.142569640,0.039943147,0.779532244
20,179,211318720,67,0.286261592,0.142569640,0.039943147,0.798321377
2,179,211318720,67,0.308736619,0.142569640,0.039943147,0.867135926
3,179,211318720,67,0.325473414,0.142569640,0.039943147,0.906221392
13,179,211318720,67,0.326199144,0.142569640,0.039943147,0.907488842
14,179,211318720,67,0.344469294,0.142569640,0.039943147,0.926084404
16,179,211318720,67,0.366385622,0.142569640,0.039943147,0.933451176
19,179,211318720,67,0.574706598,0.142569640,0.039943147,1.049853506
8,179,211318720,67,0.641821253,0.142569640,0.039943147,1.116382509
9,179,211318720,67,0.659885080,0.142569640,0.039943147,1.131718982
15,179,211318720,67,0.789062176,0.142569640,0.039943147,1.378528027
5,179,211318720,67,0.812666156,0.142569640,0.039943147,1.417457421
10,179,211318720,67,0.826010299,0.142569640,0.039943147,1.429634912
6,179,211318720,67,0.852526209,0.142569640,0.039943147,1.449710181
17,179,211318720,67,0.979722881,0.142569640,0.039943147,1.491878022
7,179,211318720,67,2.042732406,0.142569640,0.039943147,1.137571762
17,180,211318720,67,0.212159260,0.142569640,0.000025843,0.476144131
3,180,211318720,67,0.245527101,0.142569640,0.000025843,0.642963393
12,180,211318720,67,0.256746962,0.142569640,0.000025843,0.691727438
13,180,211318720,67,0.265618424,0.142569640,0.000025843,0.724246002
15,180,211318720,67,0.270916061,0.142569640,0.000025843,0.740067599
6,180,211318720,67,0.275318730,0.142569640,0.000025843,0.750347126
14,180,211318720,67,0.277635449,0.142569640,0.000025843,0.753886237
10,180,211318720,67,0.278869708,0.142569640,0.000025843,0.755096781
7,180,211318720,67,0.324270546,0.142569640,0.000025843,0.769438281
19,180,211318720,67,0.536351797,0.142569640,0.000025843,0.958306692
20,180,211318720,67,0.551085968,0.142569640,0.000025843,0.983194910
18,180,211318720,67,0.615215811,0.142569640,0.000025843,1.058757921
16,180,211318720,67,0.617606167,0.142569640,0.000025843,1.061256280
9,180,211318720,67,0.739576138,0.142569640,0.000025843,1.183153208
1,180,211318720,67,0.825358556,0.142569640,0.000025843,1.326399261
8,180,211318720,67,0.827240809,0.142569640,0.000025843,1.328406018
2,180,211318720,67,0.873971227,0.142569640,0.000025843,1.343716853
11,180,211318720,67,1.096200980,0.142569640,0.000025843,1.366308725
4,180,211318720,67,1.824258536,0.142569640,0.000025843,1.218433948
5,180,211318720,67,1.857549577,0.142569640,0.000025843,1.207341511
16,181,211318720,67,0.301060295,0.142569640,0.014795690,0.508849772
9,181,211318720,67,0.307420428,0.142569640,0.014795690,0.536554128
1,181,211318720,67,0.309338144,0.142569640,0.014795690,0.543587976
12,181,211318720,67,0.315211100,0.142569640,0.014795690,0.561005597
5,181,211318720,67,0.322876307,0.142569640,0.014795690,0.579174771
3,181,211318720,67,0.322958332,0.142569640,0.014795690,0.579310510
18,181,211318720,67,0.403555524,0.142569640,0.014795690,0.690279906
8,181,211318720,67,0.434644119,0.142569640,0.014795690,0.762298113
11,181,211318720,67,0.513365802,0.142569640,0.014795690,0.894532000
20,181,211318720,67,0.535153629,0.142569640,0.014795690,0.929696751
10,181,211318720,67,0.546457903,0.142569640,0.014795690,0.941040286
6,181,211318720,67,0.657349375,0.142569640,0.014795690,1.006242394
4,181,211318720,67,0.757735724,0.142569640,0.014795690,1.045998761
19,181,211318720,67,0.891643720,0.142569640,0.014795690,1.096333097
2,181,211318720,67,1.022680714,0.142569640,0.014795690,1.141685199
13,181,211318720,67,1.824258536,0.142569640,0.014795690,0.987658863
14,181,211318720,67,1.947242268,0.142569640,0.014795690,1.096893653
15,181,211318720,67,1.987623278,0.142569640,0.014795690,1.126479557
17,181,211318720,67,2.105592253,0.142569640,0.014795690,1.165639462
7,181,211318720,67,2.264199624,0.142569640,0.014795690,1.113342536
5,182,211318720,67,0.168914176,0.142569640,0.110589184,0.105749116
1,182,211318720,67,0.224084398,0.142569640,0.110589184,0.199966733
15,182,211318720,67,0.312623293,0.142569640,0.110589184,0.463281817
11,182,211318720,67,0.325051214,0.142569640,0.110589184,0.500761682
2,182,211318720,67,0.347657612,0.142569640,0.110589184,0.553365309
19,182,211318720,67,0.373230917,0.142569640,0.110589184,0.595488948
13,182,211318720,67,0.383998747,0.142569640,0.110589184,0.605996234
8,182,211318720,67,0.434644119,0.142569640,0.110589184,0.685249841
14,182,211318720,67,0.534377012,0.142569640,0.110589184,0.884509263
6,182,211318720,67,0.536099314,0.142569640,0.110589184,0.887339516
17,182,211318720,67,0.567480814,0.142569640,0.110589184,0.919304661
3,182,211318720,67,0.625469962,0.142569640,0.110589184,0.939223400
12,182,211318720,67,0.797075940,0.142569640,0.110589184,1.051982169
4,182,211318720,67,0.827240809,0.142569640,0.110589184,1.076020825
10,182,211318720,67,0.948202507,0.142569640,0.110589184,1.156261412
20,182,211318720,67,1.031384999,0.142569640,0.110589184,1.184529487
9,182,211318720,67,1.290645430,0.142569640,0.110589184,1.194298130
7,182,211318720,67,1.857549577,0.142569640,0.110589184,1.110169288
18,182,211318720,67,1.987623278,0.142569640,0.110589184,1.155524541
16,182,211318720,67,2.457349183,0.142569640,0.110589184,0.998072895
5,183,211318720,67,0.159832671,0.142569640,0.006662039,0.122518470
8,183,211318720,67,0.234315817,0.142569640,0.006662039,0.311471053
7,183,211318720,67,0.261216707,0.142569640,0.006662039,0.374268392
1,183,211318720,67,0.302606758,0.142569640,0.006662039,0.496922671
20,183,211318720,67,0.307296145,0.142569640,0.006662039,0.507718363
16,183,211318720,67,0.347657612,0.142569640,0.006662039,0.574887967
19,183,211318720,67,0.403555524,0.142569640,0.006662039,0.631055880
4,183,211318720,67,0.404488862,0.142569640,0.006662039,0.631413565
15,183,211318720,67,0.629905459,0.142569640,0.006662039,0.804843652
11,183,211318720,67,0.657349375,0.142569640,0.006662039,0.856055224
2,183,211318720,67,0.661357665,0.142569640,0.006662039,0.862824951
13,183,211318720,67,0.769100771,0.142569640,0.006662039,1.033548897
3,183,211318720,67,0.791724166,0.142569640,0.006662039,1.071800430
18,183,211318720,67,0.860904080,0.142569640,0.006662039,1.173773643
9,183,211318720,67,0.867710627,0.142569640,0.006662039,1.180739167
10,183,211318720,67,0.954668946,0.142569640,0.006662039,1.209502277
6,183,211318720,67,1.461303474,0.142569640,0.006662039,1.133839412
17,183,211318720,67,1.865638838,0.142569640,0.006662039,1.093741739
12,183,211318720,67,2.038813067,0.142569640,0.006662039,1.131303226
14,183,211318720,67,2.109842029,0.142569640,0.006662039,1.107629843
7,184,211318720,67,0.212159260,0.142569640,0.056110475,0.316638029
5,184,211318720,67,0.226085727,0.142569640,0.056110475,0.372135579
14,184,211318720,67,0.267160196,0.142569640,0.056110475,0.523286097
19,184,211318720,67,0.277977303,0.142569640,0.056110475,0.555554663
4,184,211318720,67,0.312623293,0.142569640,0.056110475,0.636278929
11,184,211318720,67,0.315211100,0.142569640,0.056110475,0.640754934
15,184,211318720,67,0.324270546,0.142569640,0.056110475,0.649886163
2,184,211318720,67,0.361632437,0.142569640,0.056110475,0.661627545
20,184,211318720,67,0.553788214,0.142569640,0.056110475,0.874416032
10,184,211318720,67,0.574706598,0.142569640,0.056110475,0.925837546
9,184,211318720,67,0.610218416,0.142569640,0.056110475,1.008819928
6,184,211318720,67,0.659885080,0.142569640,0.056110475,1.128432679
18,184,211318720,67,0.670679398,0.142569640,0.056110475,1.154149377
16,184,211318720,67,0.714019269,0.142569640,0.056110475,1.245645836
8,184,211318720,67,0.756462205,0.142569640,0.056110475,1.332527635
17,184,211318720,67,0.791724166,0.142569640,0.056110475,1.391761633
12,184,211318720,67,0.827379011,0.142569640,0.056110475,1.427654948
1,184,211318720,67,0.873971227,0.142569640,0.056110475,1.444033994
3,184,211318720,67,1.131835844,0.142569640,0.056110475,1.453977441
13,184,211318720,67,1.596542165,0.142569640,0.056110475,1.301398213
3,185,211318720,67,0.168914176,0.142569640,0.014376502,0.233706281
20,185,211318720,67,0.224084398,0.142569640,0.014376502,0.449108869
11,185,211318720,67,0.260799843,0.142569640,0.014376502,0.584531500
10,185,211318720,67,0.265618424,0.142569640,0.014376502,0.601346422
8,185,211318720,67,0.277977303,0.142569640,0.014376502,0.638775038
7,185,211318720,67,0.279756404,0.142569640,0.014376502,0.643016076
14,185,211318720,67,0.282341637,0.142569640,0.014376502,0.647565677
6,185,211318720,67,0.347657612,0.142569640,0.014376502,0.714714520
12,185,211318720,67,0.404488862,0.142569640,0.014376502,0.755676239
18,185,211318720,67,0.513365802,0.142569640,0.014376502,0.841597587
5,185,211318720,67,0.617606167,0.142569640,0.014376502,0.971654357
13,185,211318720,67,0.620453832,0.142569640,0.014376502,0.976586547
17,185,211318720,67,0.739576138,0.142569640,0.014376502,1.238395574
1,185,211318720,67,0.740833922,0.142569640,0.014376502,1.241070712
9,185,211318720,67,0.776878998,0.142569640,0.014376502,1.301594999
15,185,211318720,67,0.784674756,0.142569640,0.014376502,1.308845513
16,185,211318720,67,0.872485984,0.142569640,0.014376502,1.377757607
4,185,211318720,67,0.954724739,0.142569640,0.014376502,1.448062065
2,185,211318720,67,1.031384999,0.142569640,0.014376502,1.473734185
19,185,211318720,67,2.672887813,0.142569640,0.014376502,0.934824625
16,186,211318720,67,0.168914176,0.142569640,0.004266183,0.085708513
9,186,211318720,67,0.260706753,0.142569640,0.004266183,0.293118898
11,186,211318720,67,0.307296145,0.142569640,0.004266183,0.371477342
8,186,211318720,67,0.312623293,0.142569640,0.004266183,0.376794309
5,186,211318720,67,0.322876307,0.142569640,0.004266183,0.380315854
6,186,211318720,67,0.536351797,0.142569640,0.004266183,0.520497155
4,186,211318720,67,0.551085968,0.142569640,0.004266183,0.543998664
18,186,211318720,67,0.647753259,0.142569640,0.004266183,0.729882611
19,186,211318720,67,0.663109918,0.142569640,0.004266183,0.765513296
15,186,211318720,67,0.714019269,0.142569640,0.004266183,0.851540459
2,186,211318720,67,0.740833922,0.142569640,0.004266183,0.878884919
12,186,211318720,67,0.784674756,0.142569640,0.004266183,0.917472707
14,186,211318720,67,0.891643720,0.142569640,0.004266183,0.963393951
1,186,211318720,67,1.022680714,0.142569640,0.004266183,1.007976148
20,186,211318720,67,1.461303474,0.142569640,0.004266183,1.009017636
17,186,211318720,67,1.535311201,0.142569640,0.004266183,1.084192102
13,186,211318720,67,1.596542165,0.142569640,0.004266183,1.105034248
3,186,211318720,67,1.896146303,0.142569640,0.004266183,1.134552539
10,186,211318720,67,1.987623278,0.142569640,0.004266183,1.165344775
7,186,211318720,67,2.109842029,0.142569640,0.004266183,1.124608949
18,187,211318720,67,0.217930335,0.142569640,0.044354979,0.323951210
7,187,211318720,67,0.226085727,0.142569640,0.044354979,0.348161981
1,187,211318720,67,0.237772175,0.142569640,0.044354979,0.375359277
9,187,211318720,67,0.270916061,0.142569640,0.044354979,0.431448715
13,187,211318720,67,0.309338144,0.142569640,0.044354979,0.482327203
20,187,211318720,67,0.347657612,0.142569640,0.044354979,0.521887547
2,187,211318720,67,0.434644119,0.142569640,0.044354979,0.618511901
14,187,211318720,67,0.534377012,0.142569640,0.044354979,0.788498396
5,187,211318720,67,0.546457903,0.142569640,0.044354979,0.808209163
8,187,211318720,67,0.551085968,0.142569640,0.044354979,0.812851502
16,187,211318720,67,0.672613130,0.142569640,0.044354979,1.001283320
3,187,211318720,67,0.714019269,0.142569640,0.044354979,1.097881957
15,187,211318720,67,0.739576138,0.142569640,0.044354979,1.140245823
12,187,211318720,67,0.775361478,0.142569640,0.044354979,1.176773414
6,187,211318720,67,0.812666156,0.142569640,0.044354979,1.189679199
11,187,211318720,67,1.131835844,0.142569640,0.044354979,1.206591805
17,187,211318720,67,1.237330448,0.142569640,0.044354979,1.287417085
4,187,211318720,67,1.311945561,0.142569640,0.044354979,1.311967344
10,187,211318720,67,2.109842029,0.142569640,0.044354979,1.143270158
19,187,211318720,67,2.672887813,0.142569640,0.044354979,0.958763335
12,188,211318720,67,0.237772175,0.142569640,0.027085919,0.414121715
7,188,211318720,67,0.256746962,0.142569640,0.027085919,0.497366467
8,188,211318720,67,0.265618424,0.142569640,0.027085919,0.529886420
16,188,211318720,67,0.286261592,0.142569640,0.027085919,0.592123309
14,188,211318720,67,0.307296145,0.142569640,0.027085919,0.640841571
6,188,211318720,67,0.307420428,0.142569640,0.027085919,0.641062248
9,188,211318720,67,0.319290461,0.142569640,0.027085919,0.653327793
10,188,211318720,67,0.370342648,0.142569640,0.027085919,0.670176620
11,188,211318720,67,0.535153629,0.142569640,0.027085919,0.881830953
3,188,211318720,67,0.560130122,0.142569640,0.027085919,0.940728343
18,188,211318720,67,0.610859170,0.142569640,0.027085919,1.025625674
5,188,211318720,67,0.625469962,0.142569640,0.027085919,1.040473255
13,188,211318720,67,0.652480462,0.142569640,0.027085919,1.050117723
1,188,211318720,67,0.804758036,0.142569640,0.027085919,1.173952349
15,188,211318720,67,0.827379011,0.142569640,0.027085919,1.181007093
2,188,211318720,67,0.979722881,0.142569640,0.027085919,1.225572281
20,188,211318720,67,1.273044793,0.142569640,0.027085919,1.236252336
17,188,211318720,67,1.396250254,0.142569640,0.027085919,1.277141429
4,188,211318720,67,1.793468726,0.142569640,0.027085919,1.239606818
19,188,211318720,67,2.257366711,0.142569640,0.027085919,1.083919378
10,189,211318720,67,0.272470717,0.142569640,0.150568947,0.176686590
14,189,211318720,67,0.324270546,0.142569640,0.150568947,0.263656893
11,189,211318720,67,0.326199144,0.142569640,0.150568947,0.265564999
20,189,211318720,67,0.403555524,0.142569640,0.150568947,0.306814375
12,189,211318720,67,0.520566537,0.142569640,0.150568947,0.608027475
3,189,211318720,67,0.546457903,0.142569640,0.150568947,0.685769481
15,189,211318720,67,0.552859885,0.142569640,0.150568947,0.700618545
1,189,211318720,67,0.574706598,0.142569640,0.150568947,0.738070998
5,189,211318720,67,0.617606167,0.142569640,0.150568947,0.796729164
16,189,211318720,67,0.632038567,0.142569640,0.150568947,0.821067157
7,189,211318720,67,0.739576138,0.142569640,0.150568947,1.042784738
17,189,211318720,67,0.757735724,0.142569640,0.150568947,1.085355143
8,189,211318720,67,0.797075940,0.142569640,0.150568947,1.150696113
4,189,211318720,67,0.826010299,0.142569640,0.150568947,1.179549511
2,189,211318720,67,0.852526209,0.142569640,0.150568947,1.188831321
19,189,211318720,67,1.111315946,0.142569640,0.150568947,1.315048364
18,189,211318720,67,1.128887111,0.142569640,0.150568947,1.332933243
9,189,211318720,67,1.204524366,0.142569640,0.150568947,1.359053567
6,189,211318720,67,1.713347893,0.142569640,0.150568947,1.287053268
13,189,211318720,67,2.105592253,0.142569640,0.150568947,1.160294838
17,190,211318720,67,0.232700882,0.142569640,0.023569752,0.553398648
9,190,211318720,67,0.256746962,0.142569640,0.023569752,0.689998809
16,190,211318720,67,0.260706753,0.142569640,0.023569752,0.709960017
12,190,211318720,67,0.270916061,0.142569640,0.023569752,0.754586152
11,190,211318720,67,0.282341637,0.142569640,0.023569752,0.796931200
1,190,211318720,67,0.286261592,0.142569640,0.023569752,0.808799329
8,190,211318720,67,0.301060295,0.142569640,0.023569752,0.843090068
4,190,211318720,67,0.315211100,0.142569640,0.023569752,0.866607331
7,190,211318720,67,0.321654473,0.142569640,0.023569752,0.873214490
6,190,211318720,67,0.326199144,0.142569640,0.023569752,0.875156080
20,190,211318720,67,0.468165215,0.142569640,0.023569752,0.992957615
14,190,211318720,67,0.534377012,0.142569640,0.023569752,1.103267213
19,190,211318720,67,0.582632074,0.142569640,0.023569752,1.157749601
10,190,211318720,67,0.610218416,0.142569640,0.023569752,1.184665363
18,190,211318720,67,0.714019269,0.142569640,0.023569752,1.218815986
5,190,211318720,67,0.988766129,0.142569640,0.023569752,1.317094046
2,190,211318720,67,0.995623028,0.142569640,0.023569752,1.318941868
13,190,211318720,67,1.596542165,0.142569640,0.023569752,1.219079120
15,190,211318720,67,1.793468726,0.142569640,0.023569752,1.247316486
3,190,211318720,67,1.857549577,0.142569640,0.023569752,1.225960302
19,191,211318720,67,0.278869708,0.142569640,0.037920058,0.158495915
8,191,211318720,67,0.347657612,0.142569640,0.037920058,0.272922292
14,191,211318720,67,0.370342648,0.142569640,0.037920058,0.295461148
7,191,211318720,67,0.383998747,0.142569640,0.037920058,0.300090129
17,191,211318720,67,0.553788214,0.142569640,0.037920058,0.490156099
6,191,211318720,67,0.582632074,0.142569640,0.037920058,0.538703677
11,191,211318720,67,0.632038567,0.142569640,0.037920058,0.588640126
3,191,211318720,67,0.647753259,0.142569640,0.037920058,0.594124530
18,191,211318720,67,0.804758036,0.142569640,0.037920058,0.858141176
5,191,211318720,67,0.812666156,0.142569640,0.037920058,0.871295899
13,191,211318720,67,0.827240809,0.142569640,0.037920058,0.885573084
10,191,211318720,67,0.872485984,0.142569640,0.037920058,0.902165784
12,191,211318720,67,1.273044793,0.142569640,0.037920058,0.871520580
16,191,211318720,67,1.396250254,0.142569640,0.037920058,0.913810520
15,191,211318720,67,1.714394872,0.142569640,0.037920058,1.036460048
9,191,211318720,67,1.725062605,0.142569640,0.037920058,1.047418293
4,191,211318720,67,1.793468726,0.142569640,0.037920058,1.097121042
2,191,211318720,67,1.896146303,0.142569640,0.037920058,1.192379622
1,191,211318720,67,1.947242268,0.142569640,0.037920058,1.210086645
20,191,211318720,67,2.791424288,0.142569640,0.037920058,0.934680565
17,192,211318720,67,0.245527101,0.142569640,0.013017703,0.585241104
12,192,211318720,67,0.267160196,0.142569640,0.013017703,0.707631772
5,192,211318720,67,0.277977303,0.142569640,0.013017703,0.761677751
1,192,211318720,67,0.278869708,0.142569640,0.013017703,0.765481930
15,192,211318720,67,0.281175525,0.142569640,0.013017703,0.773786550
10,192,211318720,67,0.301060295,0.142569640,0.013017703,0.833132027
14,192,211318720,67,0.309338144,0.142569640,0.013017703,0.852222156
9,192,211318720,67,0.312623293,0.142569640,0.013017703,0.857682903
2,192,211318720,67,0.321654473,0.142569640,0.013017703,0.866722831
6,192,211318720,67,0.336410426,0.142569640,0.013017703,0.871590454
3,192,211318720,67,0.546457903,0.142569640,0.013017703,0.972439113
13,192,211318720,67,0.625469962,0.142569640,0.013017703,1.092811443
7,192,211318720,67,0.639616655,0.142569640,0.013017703,1.107080257
8,192,211318720,67,0.705718568,0.142569640,0.013017703,1.166800650
19,192,211318720,67,0.791724166,0.142569640,0.013017703,1.242482268
11,192,211318720,67,0.864295067,0.142569640,0.013017703,1.308759507
20,192,211318720,67,0.945352308,0.142569640,0.013017703,1.335912154
16,192,211318720,67,1.511291707,0.142569640,0.013017703,1.244149502
4,192,211318720,67,1.857549577,0.142569640,0.013017703,1.225425863
18,192,211318720,67,2.791424288,0.142569640,0.013017703,0.916803779
4,193,211318720,67,0.212159260,0.142569640,0.051148586,0.138948473
18,193,211318720,67,0.301060295,0.142569640,0.051148586,0.336571607
13,193,211318720,67,0.301070971,0.142569640,0.051148586,0.336583630
5,193,211318720,67,0.325473414,0.142569640,0.051148586,0.360387916
12,193,211318720,67,0.370342648,0.142569640,0.051148586,0.375615046
3,193,211318720,67,0.520566537,0.142569640,0.051148586,0.746714321
2,193,211318720,67,0.534377012,0.142569640,0.051148586,0.801259312
10,193,211318720,67,0.546457903,0.142569640,0.051148586,0.845375631
1,193,211318720,67,0.553788214,0.142569640,0.051148586,0.866971016
16,193,211318720,67,0.610218416,0.142569640,0.051148586,0.997413902
11,193,211318720,67,0.615215811,0.142569640,0.051148586,1.005788629
6,193,211318720,67,0.629905459,0.142569640,0.051148586,1.021014524
14,193,211318720,67,0.670679398,0.142569640,0.051148586,1.034463996
19,193,211318720,67,0.867710627,0.142569640,0.051148586,1.064129643
8,193,211318720,67,1.022680714,0.142569640,0.051148586,1.109432891
9,193,211318720,67,1.535311201,0.142569640,0.051148586,1.034009071
15,193,211318720,67,1.987623278,0.142569640,0.051148586,0.995558042
17,193,211318720,67,2.105592253,0.142569640,0.051148586,1.034741989
20,193,211318720,67,2.264199624,0.142569640,0.051148586,1.076209279
7,193,211318720,67,2.672887813,0.142569640,0.051148586,0.939400218
3,194,211318720,67,0.261216707,0.142569640,0.025766991,0.449273853
4,194,211318720,67,0.267160196,0.142569640,0.025766991,0.474717103
20,194,211318720,67,0.270916061,0.142569640,0.025766991,0.488509873
13,194,211318720,67,0.297778627,0.142569640,0.025766991,0.569365998
11,194,211318720,67,0.320898793,0.142569640,0.025766991,0.623074662
8,194,211318720,67,0.324270546,0.142569640,0.025766991,0.628480041
14,194,211318720,67,0.341878324,0.142569640,0.025766991,0.645708410
1,194,211318720,67,0.404488862,0.142569640,0.025766991,0.667621805
6,194,211318720,67,0.610859170,0.142569640,0.025766991,0.867860333
2,194,211318720,67,0.615215811,0.142569640,0.025766991,0.873245922
16,194,211318720,67,0.629905459,0.142569640,0.025766991,0.887417161
19,194,211318720,67,0.756462205,0.142569640,0.025766991,0.930633681
18,194,211318720,67,0.954668946,0.142569640,0.025766991,1.078560239
15,194,211318720,67,0.988766129,0.142569640,0.025766991,1.112556261
5,194,211318720,67,1.031384999,0.142569640,0.025766991,1.127400646
7,194,211318720,67,1.535311201,0.142569640,0.025766991,1.109615406
17,194,211318720,67,1.596542165,0.142569640,0.025766991,1.146092449
9,194,211318720,67,1.714394872,0.142569640,0.025766991,1.184653465
10,194,211318720,67,1.896146303,0.142569640,0.025766991,1.223032388
12,194,211318720,67,2.457349183,0.142569640,0.025766991,1.037555876
5,195,211318720,67,0.212159260,0.142569640,0.051625650,0.242473038
13,195,211318720,67,0.237772175,0.142569640,0.051625650,0.318097203
6,195,211318720,67,0.245527101,0.142569640,0.051625650,0.336381359
19,195,211318720,67,0.307296145,0.142569640,0.051625650,0.476443079
9,195,211318720,67,0.344469294,0.142569640,0.051625650,0.538967649
17,195,211318720,67,0.347657612,0.142569640,0.051625650,0.542108864
10,195,211318720,67,0.393302416,0.142569640,0.051625650,0.558545554
20,195,211318720,67,0.536099314,0.142569640,0.051625650,0.862792938
7,195,211318720,67,0.546457903,0.142569640,0.051625650,0.887183135
16,195,211318720,67,0.553788214,0.142569640,0.051625650,0.899209530
4,195,211318720,67,0.582632074,0.142569640,0.051625650,0.935747857
3,195,211318720,67,0.647753259,0.142569640,0.051625650,1.001610635
11,195,211318720,67,0.714019269,0.142569640,0.051625650,1.026115531
15,195,211318720,67,0.852526209,0.142569640,0.051625650,1.158720621
18,195,211318720,67,0.873971227,0.142569640,0.051625650,1.180567270
14,195,211318720,67,0.988766129,0.142569640,0.051625650,1.219293000
1,195,211318720,67,1.160127393,0.142569640,0.051625650,1.258752787
2,195,211318720,67,1.396250254,0.142569640,0.051625650,1.275369778
12,195,211318720,67,1.680701976,0.142569640,0.051625650,1.278088487
8,195,211318720,67,2.109842029,0.142569640,0.051625650,1.134387235
5,196,211318720,67,0.212159260,0.142569640,0.047730401,0.336370911
20,196,211318720,67,0.265169537,0.142569640,0.047730401,0.580648217
11,196,211318720,67,0.277635449,0.142569640,0.047730401,0.634619613
13,196,211318720,67,0.277977303,0.142569640,0.047730401,0.635890115
6,196,211318720,67,0.286261592,0.142569640,0.047730401,0.660774612
17,196,211318720,67,0.297778627,0.142569640,0.047730401,0.687833631
2,196,211318720,67,0.322876307,0.142569640,0.047730401,0.729394535
16,196,211318720,67,0.325051214,0.142569640,0.047730401,0.731410693
4,196,211318720,67,0.383998747,0.142569640,0.047730401,0.751159129
9,196,211318720,67,0.536351797,0.142569640,0.047730401,0.829593626
19,196,211318720,67,0.625469962,0.142569640,0.047730401,0.899940873
7,196,211318720,67,0.706047967,0.142569640,0.047730401,1.016268743
10,196,211318720,67,0.775361478,0.142569640,0.047730401,1.084930040
18,196,211318720,67,0.789062176,0.142569640,0.047730401,1.089660346
12,196,211318720,67,0.954724739,0.142569640,0.047730401,1.201713385
1,196,211318720,67,0.988766129,0.142569640,0.047730401,1.213280886
3,196,211318720,67,1.160127393,0.142569640,0.047730401,1.251221249
8,196,211318720,67,1.596542165,0.142569640,0.047730401,1.212594070
15,196,211318720,67,1.725062605,0.142569640,0.047730401,1.255345016
14,196,211318720,67,1.987623278,0.142569640,0.047730401,1.167835466
1,197,211318720,67,0.261216707,0.142569640,0.129910916,0.217116114
17,197,211318720,67,0.276768636,0.142569640,0.129910916,0.232856549
10,197,211318720,67,0.277977303,0.142569640,0.129910916,0.233290595
11,197,211318720,67,0.520566537,0.142569640,0.129910916,0.467542960
18,197,211318720,67,0.552859885,0.142569640,0.129910916,0.564618393
19,197,211318720,67,0.567480814,0.142569640,0.129910916,0.598868228
13,197,211318720,67,0.610218416,0.142569640,0.129910916,0.670716901
7,197,211318720,67,0.617606167,0.142569640,0.129910916,0.680285287
12,197,211318720,67,0.639616655,0.142569640,0.129910916,0.702537595
8,197,211318720,67,0.756462205,0.142569640,0.129910916,0.805843040
6,197,211318720,67,0.804758036,0.142569640,0.129910916,0.822553265
3,197,211318720,67,0.954668946,0.142569640,0.129910916,0.960946292
4,197,211318720,67,0.954724739,0.142569640,0.129910916,0.960966769
15,197,211318720,67,1.111315946,0.142569640,0.129910916,1.085547442
5,197,211318720,67,1.131835844,0.142569640,0.129910916,1.092849574
9,197,211318720,67,1.273044793,0.142569640,0.129910916,1.142500326
14,197,211318720,67,1.596542165,0.142569640,0.129910916,1.214385880
16,197,211318720,67,1.610014847,0.142569640,0.129910916,1.218655533
2,197,211318720,67,1.923800267,0.142569640,0.129910916,1.210506967
20,197,211318720,67,2.457349183,0.142569640,0.129910916,1.035104253
13,198,211318720,67,0.159832671,0.142569640,0.083821081,0.095085280
15,198,211318720,67,0.256746962,0.142569640,0.083821081,0.244704587
10,198,211318720,67,0.272470717,0.142569640,0.083821081,0.278017399
20,198,211318720,67,0.325473414,0.142569640,0.083821081,0.388021702
17,198,211318720,67,0.393302416,0.142569640,0.083821081,0.500718807
19,198,211318720,67,0.403555524,0.142569640,0.083821081,0.517842928
2,198,211318720,67,0.434644119,0.142569640,0.083821081,0.548114332
5,198,211318720,67,0.536351797,0.142569640,0.083821081,0.626725507
3,198,211318720,67,0.641821253,0.142569640,0.083821081,0.909524589
1,198,211318720,67,0.661357665,0.142569640,0.083821081,0.965214063
12,198,211318720,67,0.665658623,0.142569640,0.083821081,0.975380691
11,198,211318720,67,0.693604386,0.142569640,0.083821081,1.034714432
16,198,211318720,67,0.714019269,0.142569640,0.083821081,1.085664421
14,198,211318720,67,0.789062176,0.142569640,0.083821081,1.261372084
9,198,211318720,67,0.825358556,0.142569640,0.083821081,1.322522447
7,198,211318720,67,0.827379011,0.142569640,0.083821081,1.324479653
18,198,211318720,67,0.852526209,0.142569640,0.083821081,1.333885716
8,198,211318720,67,1.511291707,0.142569640,0.083821081,1.209817211
6,198,211318720,67,1.865638838,0.142569640,0.083821081,1.188182550
4,198,211318720,67,2.672887813,0.142569640,0.083821081,0.920470524
16,199,211318720,67,0.267160196,0.142569640,0.017430570,0.559126758
15,199,211318720,67,0.279756404,0.142569640,0.017430570,0.630757056
10,199,211318720,67,0.297778627,0.142569640,0.017430570,0.721377915
20,199,211318720,67,0.302606758,0.142569640,0.017430570,0.742335750
7,199,211318720,67,0.315211100,0.142569640,0.017430570,0.789092881
14,199,211318720,67,0.321654473,0.142569640,0.017430570,0.808414966
19,199,211318720,67,0.322958332,0.142569640,0.017430570,0.811579896
12,199,211318720,67,0.336410426,0.142569640,0.017430570,0.834355766
4,199,211318720,67,0.341878324,0.142569640,0.017430570,0.840112228
17,199,211318720,67,0.403555524,0.142569640,0.017430570,0.860170005
18,199,211318720,67,0.552859885,0.142569640,0.017430570,0.933331857
9,199,211318720,67,0.654253417,0.142569640,0.017430570,0.968144564
8,199,211318720,67,0.826010299,0.142569640,0.017430570,1.022605504
6,199,211318720,67,0.948202507,0.142569640,0.017430570,1.193900403
5,199,211318720,67,0.988028436,0.142569640,0.017430570,1.234597571
1,199,211318720,67,1.002541407,0.142569640,0.017430570,1.239567128
3,199,211318720,67,1.290645430,0.142569640,0.017430570,1.237820959
13,199,211318720,67,1.535311201,0.142569640,0.017430570,1.252571838
11,199,211318720,67,2.105592253,0.142569640,0.017430570,1.159134967
2,199,211318720,67,2.264199624,0.142569640,0.017430570,1.105892619
14,200,211318720,67,0.224084398,0.142569640,0.057870526,0.322175204
2,200,211318720,67,0.226085727,0.142569640,0.057870526,0.325566256
3,200,211318720,67,0.228738980,0.142569640,0.057870526,0.328169035
10,200,211318720,67,0.232700882,0.142569640,0.057870526,0.329321818
1,200,211318720,67,0.386616146,0.142569640,0.057870526,0.537974177
19,200,211318720,67,0.403693813,0.142569640,0.057870526,0.574252466
9,200,211318720,67,0.420895631,0.142569640,0.057870526,0.602646303
17,200,211318720,67,0.520566537,0.142569640,0.057870526,0.850147889
20,200,211318720,67,0.535153629,0.142569640,0.057870526,0.893891553
15,200,211318720,67,0.571552406,0.142569640,0.057870526,0.979134318
16,200,211318720,67,0.582632074,0.142569640,0.057870526,0.997772598
11,200,211318720,67,0.629905459,0.142569640,0.057870526,1.055746733
5,200,211318720,67,0.647753259,0.142569640,0.057870526,1.073585214
13,200,211318720,67,0.756462205,0.142569640,0.057870526,1.157875483
6,200,211318720,67,0.827240809,0.142569640,0.057870526,1.181409911
8,200,211318720,67,1.096200980,0.142569640,0.057870526,1.258215663
18,200,211318720,67,1.131835844,0.142569640,0.057870526,1.270216719
7,200,211318720,67,1.273044793,0.142569640,0.057870526,1.319539394
4,200,211318720,67,1.523230982,0.142569640,0.057870526,1.330349435
12,200,211318720,67,2.791424288,0.142569640,0.057870526,0.906674838
18,201,211318720,67,0.159832671,0.142569640,0.041637540,0.206483810
1,201,211318720,67,0.212159260,0.142569640,0.041637540,0.413335690
12,201,211318720,67,0.226085727,0.142569640,0.041637540,0.465068923
9,201,211318720,67,0.234315817,0.142569640,0.041637540,0.490028764
3,201,211318720,67,0.297778627,0.142569640,0.041637540,0.698556170
15,201,211318720,67,0.307296145,0.142569640,0.041637540,0.727006706
17,201,211318720,67,0.308736619,0.142569640,0.041637540,0.730420604
10,201,211318720,67,0.320898793,0.142569640,0.041637540,0.751033793
8,201,211318720,67,0.386616146,0.142569640,0.041637540,0.816719070
6,201,211318720,67,0.404488862,0.142569640,0.041637540,0.822438791
2,201,211318720,67,0.610218416,0.142569640,0.041637540,0.940788491
4,201,211318720,67,0.615215811,0.142569640,0.041637540,0.942710079
19,201,211318720,67,0.825358556,0.142569640,0.041637540,1.171922372
7,201,211318720,67,0.826010299,0.142569640,0.041637540,1.173043899
20,201,211318720,67,0.827379011,0.142569640,0.041637540,1.174377552
5,201,211318720,67,0.947065037,0.142569640,0.041637540,1.213863844
14,201,211318720,67,1.290645430,0.142569640,0.041637540,1.197382546
16,201,211318720,67,1.535311201,0.142569640,0.041637540,1.212731534
13,201,211318720,67,1.714394872,0.142569640,0.041637540,1.249941162
11,201,211318720,67,1.896146303,0.142569640,0.041637540,1.190109189
13,202,211318720,67,0.232700882,0.142569640,0.000860863,0.476639811
7,202,211318720,67,0.237772175,0.142569640,0.000860863,0.498684170
14,202,211318720,67,0.256746962,0.142569640,0.000860863,0.568071724
2,202,211318720,67,0.260799843,0.142569640,0.000860863,0.580208072
20,202,211318720,67,0.297778627,0.142569640,0.000860863,0.667219901
15,202,211318720,67,0.301070971,0.142569640,0.000860863,0.672772134
8,202,211318720,67,0.307420428,0.142569640,0.000860863,0.679192156
19,202,211318720,67,0.321654473,0.142569640,0.000860863,0.683967266
5,202,211318720,67,0.468165215,0.142569640,0.000860863,0.755264980
1,202,211318720,67,0.574706598,0.142569640,0.000860863,0.826934103
4,202,211318720,67,0.665658623,0.142569640,0.000860863,0.877769463
10,202,211318720,67,0.776878998,0.142569640,0.000860863,0.977375524
11,202,211318720,67,0.825358556,0.142569640,0.000860863,0.993094232
3,202,211318720,67,1.116684898,0.142569640,0.000860863,0.994906822
9,202,211318720,67,1.396250254,0.142569640,0.000860863,0.997237726
18,202,211318720,67,1.896146303,0.142569640,0.000860863,1.062888392
12,202,211318720,67,1.923800267,0.142569640,0.000860863,1.090882381
6,202,211318720,67,1.947242268,0.142569640,0.000860863,1.098827664
17,202,211318720,67,2.457349183,0.142569640,0.000860863,1.025319153
16,202,211318720,67,2.791424288,0.142569640,0.000860863,0.915654485
3,203,211318720,67,0.256746962,0.142569640,0.068162054,0.509363137
7,203,211318720,67,0.260799843,0.142569640,0.068162054,0.529662085
1,203,211318720,67,0.270916061,0.142569640,0.068162054,0.573709825
10,203,211318720,67,0.301060295,0.142569640,0.068162054,0.683532182
16,203,211318720,67,0.309338144,0.142569640,0.068162054,0.708539642
14,203,211318720,67,0.322876307,0.142569640,0.068162054,0.740494451
15,203,211318720,67,0.324270546,0.142569640,0.068162054,0.742829450
6,203,211318720,67,0.325051214,0.142569640,0.068162054,0.743629006
2,203,211318720,67,0.386616146,0.142569640,0.068162054,0.764133269
12,203,211318720,67,0.629905459,0.142569640,0.068162054,0.855099865
8,203,211318720,67,0.661357665,0.142569640,0.068162054,0.894834550
5,203,211318720,67,0.775361478,0.142569640,0.068162054,1.069383973
13,203,211318720,67,0.789062176,0.142569640,0.068162054,1.091976441
18,203,211318720,67,0.872485984,0.142569640,0.068162054,1.267326487
20,203,211318720,67,0.873971227,0.142569640,0.068162054,1.269793166
4,203,211318720,67,0.945352308,0.142569640,0.068162054,1.341913717
11,203,211318720,67,0.947065037,0.142569640,0.068162054,1.342514250
17,203,211318720,67,1.987623278,0.142569640,0.068162054,1.084774314
9,203,211318720,67,2.257366711,0.142569640,0.068162054,1.090747071
19,203,211318720,67,2.791424288,0.142569640,0.068162054,0.914949640
9,204,211318720,67,0.170050472,0.142569640,0.032906588,0.143931301
14,204,211318720,67,0.256746962,0.142569640,0.032906588,0.431609806
17,204,211318720,67,0.265618424,0.142569640,0.032906588,0.458435404
19,204,211318720,67,0.276768636,0.142569640,0.032906588,0.484207625
13,204,211318720,67,0.307420428,0.142569640,0.032906588,0.535202581
7,204,211318720,67,0.322958332,0.142569640,0.032906588,0.550100462
8,204,211318720,67,0.344469294,0.142569640,0.032906588,0.557348215
6,204,211318720,67,0.610859170,0.142569640,0.032906588,0.564806335
15,204,211318720,67,0.784674756,0.142569640,0.032906588,0.735385321
11,204,211318720,67,0.827240809,0.142569640,0.032906588,0.788358303
10,204,211318720,67,0.827379011,0.142569640,0.032906588,0.788504002
3,204,211318720,67,0.954724739,0.142569640,0.032906588,0.830802353
20,204,211318720,67,1.096200980,0.142569640,0.032906588,0.952267490
4,204,211318720,67,1.131835844,0.142569640,0.032906588,0.987601788
12,204,211318720,67,1.237330448,0.142569640,0.032906588,1.082698612
16,204,211318720,67,1.290645430,0.142569640,0.032906588,1.099859756
5,204,211318720,67,1.610014847,0.142569640,0.032906588,1.089636052
2,204,211318720,67,2.264199624,0.142569640,0.032906588,0.968509737
1,204,211318720,67,2.672887813,0.142569640,0.032906588,0.930767128
18,204,211318720,67,2.791424288,0.142569640,0.032906588,0.891257792
8,205,211318720,67,0.212159260,0.142569640,0.066809922,0.152694986
9,205,211318720,67,0.275318730,0.142569640,0.066809922,0.284479004
2,205,211318720,67,0.277977303,0.142569640,0.066809922,0.288784200
14,205,211318720,67,0.361632437,0.142569640,0.066809922,0.372424740
4,205,211318720,67,0.370342648,0.142569640,0.066809922,0.375517910
13,205,211318720,67,0.536099314,0.142569640,0.066809922,0.699721804
18,205,211318720,67,0.546457903,0.142569640,0.066809922,0.738024772
11,205,211318720,67,0.574706598,0.142569640,0.066809922,0.822535583
1,205,211318720,67,0.582632074,0.142569640,0.066809922,0.841155496
17,205,211318720,67,0.610218416,0.142569640,0.066809922,0.887576709
16,205,211318720,67,0.661357665,0.142569640,0.066809922,0.939784352
6,205,211318720,67,0.672613130,0.142569640,0.066809922,0.943673601
7,205,211318720,67,0.825358556,0.142569640,0.066809922,1.167820973
19,205,211318720,67,0.827379011,0.142569640,0.066809922,1.172264977
20,205,211318720,67,0.872485984,0.142569640,0.066809922,1.247680745
15,205,211318720,67,0.945352308,0.142569640,0.066809922,1.321472920
12,205,211318720,67,0.954724739,0.142569640,0.066809922,1.324732372
10,205,211318720,67,1.793468726,0.142569640,0.066809922,1.186014210
5,205,211318720,67,1.865638838,0.142569640,0.066809922,1.210314185
3,205,211318720,67,1.987623278,0.142569640,0.066809922,1.169656148
20,206,211318720,67,0.228738980,0.142569640,0.046440251,0.223654975
6,206,211318720,67,0.276768636,0.142569640,0.046440251,0.345780631
11,206,211318720,67,0.297778627,0.142569640,0.046440251,0.405921623
2,206,211318720,67,0.321654473,0.142569640,0.046440251,0.461384435
16,206,211318720,67,0.326199144,0.142569640,0.046440251,0.469291107
12,206,211318720,67,0.404488862,0.142569640,0.046440251,0.599941336
18,206,211318720,67,0.423346588,0.142569640,0.046440251,0.627861587
7,206,211318720,67,0.468165215,0.142569640,0.046440251,0.673416166
4,206,211318720,67,0.552859885,0.142569640,0.046440251,0.718087785
14,206,211318720,67,0.672613130,0.142569640,0.046440251,0.758821237
1,206,211318720,67,1.096200980,0.142569640,0.046440251,0.822358300
15,206,211318720,67,1.111315946,0.142569640,0.046440251,0.837227058
3,206,211318720,67,1.204524366,0.142569640,0.046440251,0.891903783
5,206,211318720,67,1.311945561,0.142569640,0.046440251,0.966632408
10,206,211318720,67,1.396250254,0.142569640,0.046440251,1.050236068
17,206,211318720,67,1.461303474,0.142569640,0.046440251,1.114887067
8,206,211318720,67,1.535311201,0.142569640,0.046440251,1.138809331
19,206,211318720,67,1.824258536,0.142569640,0.046440251,1.140880910
9,206,211318720,67,2.257366711,0.142569640,0.046440251,1.091273805
13,206,211318720,67,2.791424288,0.142569640,0.046440251,0.913383436
13,207,211318720,67,0.212159260,0.142569640,0.056983672,0.313869346
5,207,211318720,67,0.217930335,0.142569640,0.056983672,0.335028031
8,207,211318720,67,0.260799843,0.142569640,0.056983672,0.492409263
18,207,211318720,67,0.275318730,0.142569640,0.056983672,0.535971290
1,207,211318720,67,0.307296145,0.142569640,0.056983672,0.611216796
7,207,211318720,67,0.326199144,0.142569640,0.056983672,0.642917406
14,207,211318720,67,0.341878324,0.142569640,0.056983672,0.658716112
10,207,211318720,67,0.361632437,0.142569640,0.056983672,0.665214969
3,207,211318720,67,0.632038567,0.142569640,0.056983672,0.797084594
19,207,211318720,67,0.654253417,0.142569640,0.056983672,0.819816462
15,207,211318720,67,0.705718568,0.142569640,0.056983672,0.904363188
11,207,211318720,67,0.804758036,0.142569640,0.056983672,1.069230584
20,207,211318720,67,0.812666156,0.142569640,0.056983672,1.076566912
17,207,211318720,67,0.825358556,0.142569640,0.056983672,1.080885164
6,207,211318720,67,1.204524366,0.142569640,0.056983672,1.099761590
9,207,211318720,67,1.273044793,0.142569640,0.056983672,1.135562136
4,207,211318720,67,1.396250254,0.142569640,0.056983672,1.227274234
16,207,211318720,67,1.461303474,0.142569640,0.056983672,1.247935472
12,207,211318720,67,1.857549577,0.142569640,0.056983672,1.215124949
2,207,211318720,67,2.042732406,0.142569640,0.056983672,1.153049936
18,208,211318720,67,0.224084398,0.142569640,0.082646601,0.400610800
13,208,211318720,67,0.234315817,0.142569640,0.082646601,0.437332995
20,208,211318720,67,0.245527101,0.142569640,0.082646601,0.470125080
9,208,211318720,67,0.265169537,0.142569640,0.082646601,0.516177670
16,208,211318720,67,0.279756404,0.142569640,0.082646601,0.540851187
4,208,211318720,67,0.319290461,0.142569640,0.082646601,0.581219377
15,208,211318720,67,0.324270546,0.142569640,0.082646601,0.582984273
12,208,211318720,67,0.629905459,0.142569640,0.082646601,0.735431558
6,208,211318720,67,0.663109918,0.142569640,0.082646601,0.818774786
5,208,211318720,67,0.670679398,0.142569640,0.082646601,0.836593440
10,208,211318720,67,0.739576138,0.142569640,0.082646601,0.971225211
2,208,211318720,67,0.776878998,0.142569640,0.082646601,1.033989617
11,208,211318720,67,0.791724166,0.142569640,0.082646601,1.048980137
19,208,211318720,67,0.852526209,0.142569640,0.082646601,1.096139541
14,208,211318720,67,0.954668946,0.142569640,0.082646601,1.130705062
17,208,211318720,67,1.273044793,0.142569640,0.082646601,1.120803093
3,208,211318720,67,1.523230982,0.142569640,0.082646601,1.132831363
7,208,211318720,67,2.042732406,0.142569640,0.082646601,1.108487999
8,208,211318720,67,2.109842029,0.142569640,0.082646601,1.130753232
1,208,211318720,67,2.457349183,0.142569640,0.082646601,1.016097032
15,209,211318720,67,0.212159260,0.142569640,0.027984709,0.231417019
19,209,211318720,67,0.260706753,0.142569640,0.027984709,0.344230646
9,209,211318720,67,0.277635449,0.142569640,0.027984709,0.383013210
8,209,211318720,67,0.301060295,0.142569640,0.027984709,0.437338150
1,209,211318720,67,0.304117078,0.142569640,0.027984709,0.442841201
10,209,211318720,67,0.404488862,0.142569640,0.027984709,0.563671058
18,209,211318720,67,0.420895631,0.142569640,0.027984709,0.599809511
6,209,211318720,67,0.520566537,0.142569640,0.027984709,0.957200876
16,209,211318720,67,0.546457903,0.142569640,0.027984709,1.068375504
17,209,211318720,67,0.551085968,0.142569640,0.027984709,1.085413454
2,209,211318720,67,0.567480814,0.142569640,0.027984709,1.134800857
3,209,211318720,67,0.571552406,0.142569640,0.027984709,1.143982745
11,209,211318720,67,0.610218416,0.142569640,0.027984709,1.208947902
5,209,211318720,67,0.625469962,0.142569640,0.027984709,1.224397015
13,209,211318720,67,0.654253417,0.142569640,0.027984709,1.234137135
14,209,211318720,67,0.804758036,0.142569640,0.027984709,1.361625134
20,209,211318720,67,0.826010299,0.142569640,0.027984709,1.382529562
12,209,211318720,67,0.945352308,0.142569640,0.027984709,1.423128664
7,209,211318720,67,1.896146303,0.142569640,0.027984709,1.202391062
4,209,211318720,67,1.947242268,0.142569640,0.027984709,1.185362439
12,210,211318720,67,0.170050472,0.142569640,0.024414098,0.147078306
4,210,211318720,67,0.212159260,0.142569640,0.024414098,0.289120909
15,210,211318720,67,0.276768636,0.142569640,0.024414098,0.515706994
19,210,211318720,67,0.302606758,0.142569640,0.024414098,0.609703758
8,210,211318720,67,0.312623293,0.142569640,0.024414098,0.639713148
9,210,211318720,67,0.322876307,0.142569640,0.024414098,0.663650801
16,210,211318720,67,0.322958332,0.142569640,0.024414098,0.663786511
3,210,211318720,67,0.386616146,0.142569640,0.024414098,0.737349818
20,210,211318720,67,0.403693813,0.142569640,0.024414098,0.762825825
5,210,211318720,67,0.513365802,0.142569640,0.024414098,1.005722617
10,210,211318720,67,0.534377012,0.142569640,0.024414098,1.055182370
18,210,211318720,67,0.560130122,0.142569640,0.024414098,1.099057554
14,210,211318720,67,0.571552406,0.142569640,0.024414098,1.115980488
17,210,211318720,67,0.639616655,0.142569640,0.024414098,1.184909614
1,210,211318720,67,0.706047967,0.142569640,0.024414098,1.206438939
13,210,211318720,67,0.988766129,0.142569640,0.024414098,1.208011159
7,210,211318720,67,1.523230982,0.142569640,0.024414098,1.128574077
2,210,211318720,67,1.824258536,0.142569640,0.024414098,1.139522923
6,210,211318720,67,1.947242268,0.142569640,0.024414098,1.181518542
11,210,211318720,67,2.457349183,0.142569640,0.024414098,1.012575732
7,211,211318720,67,0.224084398,0.142569640,0.007808064,0.367897115
19,211,211318720,67,0.234315817,0.142569640,0.007808064,0.398869776
9,211,211318720,67,0.260706753,0.142569640,0.007808064,0.460282793
6,211,211318720,67,0.261216707,0.142569640,0.007808064,0.461131146
18,211,211318720,67,0.282341637,0.142569640,0.007808064,0.481668103
3,211,211318720,67,0.312623293,0.142569640,0.007808064,0.504761833
1,211,211318720,67,0.434644119,0.142569640,0.007808064,0.611467689
13,211,211318720,67,0.513365802,0.142569640,0.007808064,0.743897957
10,211,211318720,67,0.551085968,0.142569640,0.007808064,0.819996575
2,211,211318720,67,0.567480814,0.142569640,0.007808064,0.846710256
14,211,211318720,67,0.659885080,0.142569640,0.007808064,0.939654856
17,211,211318720,67,0.672613130,0.142569640,0.007808064,0.944487232
4,211,211318720,67,0.873971227,0.142569640,0.007808064,1.036214624
11,211,211318720,67,0.948202507,0.142569640,0.007808064,1.110193353
15,211,211318720,67,0.988766129,0.142569640,0.007808064,1.133467701
16,211,211318720,67,1.116684898,0.142569640,0.007808064,1.175641658
20,211,211318720,67,1.273044793,0.142569640,0.007808064,1.219346555
8,211,211318720,67,1.725062605,0.142569640,0.007808064,1.174202892
12,211,211318720,67,1.857549577,0.142569640,0.007808064,1.215523622
5,211,211318720,67,2.672887813,0.142569640,0.007808064,0.946523860
15,212,211318720,67,0.168914176,0.142569640,0.004617352,0.130186867
19,212,211318720,67,0.226085727,0.142569640,0.004617352,0.283050993
3,212,211318720,67,0.270916061,0.142569640,0.004617352,0.387452445
5,212,211318720,67,0.319290461,0.142569640,0.004617352,0.468242465
20,212,211318720,67,0.321654473,0.142569640,0.004617352,0.470640892
14,212,211318720,67,0.322876307,0.142569640,0.004617352,0.471105870
8,212,211318720,67,0.468165215,0.142569640,0.004617352,0.555483598
12,212,211318720,67,0.552859885,0.142569640,0.004617352,0.705250713
9,212,211318720,67,0.641821253,0.142569640,0.004617352,0.911050132
13,212,211318720,67,0.647753259,0.142569640,0.004617352,0.921028232
10,212,211318720,67,0.652480462,0.142569640,0.004617352,0.928151043
18,212,211318720,67,0.657349375,0.142569640,0.004617352,0.933050269
17,212,211318720,67,0.791724166,0.142569640,0.004617352,1.048656344
7,212,211318720,67,0.826010299,0.142569640,0.004617352,1.069350815
6,212,211318720,67,0.954724739,0.142569640,0.004617352,1.110563040
2,212,211318720,67,1.160127393,0.142569640,0.004617352,1.180327672
4,212,211318720,67,1.237330448,0.142569640,0.004617352,1.205016052
11,212,211318720,67,1.610014847,0.142569640,0.004617352,1.196285542
16,212,211318720,67,1.725062605,0.142569640,0.004617352,1.234801032
1,212,211318720,67,2.109842029,0.142569640,0.004617352,1.107458781
1,213,211318720,67,0.170050472,0.142569640,0.026305189,0.262893121
6,213,211318720,67,0.190995170,0.142569640,0.026305189,0.342752132
9,213,211318720,67,0.228738980,0.142569640,0.026305189,0.499943807
10,213,211318720,67,0.265169537,0.142569640,0.026305189,0.649406813
20,213,211318720,67,0.270916061,0.142569640,0.026305189,0.670459425
2,213,211318720,67,0.286261592,0.142569640,0.026305189,0.716981088
15,213,211318720,67,0.315211100,0.142569640,0.026305189,0.784893116
13,213,211318720,67,0.326199144,0.142569640,0.026305189,0.803472754
19,213,211318720,67,0.341878324,0.142569640,0.026305189,0.819212982
14,213,211318720,67,0.383998747,0.142569640,0.026305189,0.833655608
12,213,211318720,67,0.560130122,0.142569640,0.026305189,0.868496565
5,213,211318720,67,0.776878998,0.142569640,0.026305189,1.077622498
11,213,211318720,67,0.791724166,0.142569640,0.026305189,1.102696950
3,213,211318720,67,0.797075940,0.142569640,0.026305189,1.108231658
4,213,211318720,67,0.891643720,0.142569640,0.026305189,1.229706058
8,213,211318720,67,0.945352308,0.142569640,0.026305189,1.284248849
17,213,211318720,67,0.988028436,0.142569640,0.026305189,1.307685695
16,213,211318720,67,1.116684898,0.142569640,0.026305189,1.351378131
7,213,211318720,67,1.461303474,0.142569640,0.026305189,1.334510995
18,213,211318720,67,1.923800267,0.142569640,0.026305189,1.182659365
5,214,211318720,67,0.270916061,0.142569640,0.112786494,0.299915236
20,214,211318720,67,0.278869708,0.142569640,0.112786494,0.318201980
19,214,211318720,67,0.312623293,0.142569640,0.112786494,0.374331290
7,214,211318720,67,0.315211100,0.142569640,0.112786494,0.376910349
18,214,211318720,67,0.370342648,0.142569640,0.112786494,0.393713536
6,214,211318720,67,0.546457903,0.142569640,0.112786494,0.498229329
2,214,211318720,67,0.617606167,0.142569640,0.112786494,0.615063406
11,214,211318720,67,0.659885080,0.142569640,0.112786494,0.665817729
15,214,211318720,67,0.693604386,0.142569640,0.112786494,0.720554502
1,214,211318720,67,0.789062176,0.142569640,0.112786494,0.898022562
17,214,211318720,67,0.804758036,0.142569640,0.112786494,0.926435737
14,214,211318720,67,0.867710627,0.142569640,0.112786494,1.046486666
10,214,211318720,67,0.872485984,0.142569640,0.112786494,1.053911178
3,214,211318720,67,0.945352308,0.142569640,0.112786494,1.127651297
9,214,211318720,67,0.988766129,0.142569640,0.112786494,1.151986656
8,214,211318720,67,1.116684898,0.142569640,0.112786494,1.195835231
16,214,211318720,67,1.290645430,0.142569640,0.112786494,1.234914928
12,214,211318720,67,1.610014847,0.142569640,0.112786494,1.223513155
4,214,211318720,67,1.824258536,0.142569640,0.112786494,1.247915150
13,214,211318720,67,2.457349183,0.142569640,0.112786494,1.040092396
20,215,211318720,67,0.217930335,0.142569640,0.049878448,0.251993464
11,215,211318720,67,0.307296145,0.142569640,0.049878448,0.689201805
16,215,211318720,67,0.307420428,0.142569640,0.049878448,0.689831804
17,215,211318720,67,0.308736619,0.142569640,0.049878448,0.695528091
9,215,211318720,67,0.312623293,0.142569640,0.049878448,0.709692915
1,215,211318720,67,0.321654473,0.142569640,0.049878448,0.737112089
6,215,211318720,67,0.322958332,0.142569640,0.049878448,0.740164871
10,215,211318720,67,0.336410426,0.142569640,0.049878448,0.762732385
8,215,211318720,67,0.403693813,0.142569640,0.049878448,0.830180354
2,215,211318720,67,0.420895631,0.142569640,0.049878448,0.836108580
4,215,211318720,67,0.610859170,0.142569640,0.049878448,0.931375232
14,215,211318720,67,0.659885080,0.142569640,0.049878448,0.988018381
5,215,211318720,67,0.769100771,0.142569640,0.049878448,1.186341467
15,215,211318720,67,0.776878998,0.142569640,0.049878448,1.199335874
18,215,211318720,67,0.827379011,0.142569640,0.049878448,1.250355041
7,215,211318720,67,0.864295067,0.142569640,0.049878448,1.270461175
12,215,211318720,67,0.995623028,0.142569640,0.049878448,1.313785742
13,215,211318720,67,1.311945561,0.142569640,0.049878448,1.303216674
19,215,211318720,67,1.596542165,0.142569640,0.049878448,1.304086110
3,215,211318720,67,1.923800267,0.142569640,0.049878448,1.198849469
3,216,211318720,67,0.159832671,0.142569640,0.020166822,0.329290937
2,216,211318720,67,0.168914176,0.142569640,0.020166822,0.358273231
17,216,211318720,67,0.170050472,0.142569640,0.020166822,0.361813906
7,216,211318720,67,0.190995170,0.142569640,0.020166822,0.411233589
1,216,211318720,67,0.260799843,0.142569640,0.020166822,0.547877811
5,216,211318720,67,0.301070971,0.142569640,0.020166822,0.641303427
12,216,211318720,67,0.308736619,0.142569640,0.020166822,0.654164643
16,216,211318720,67,0.383998747,0.142569640,0.020166822,0.730507056
20,216,211318720,67,0.393302416,0.142569640,0.020166822,0.733800104
18,216,211318720,67,0.610859170,0.142569640,0.020166822,1.121571093
11,216,211318720,67,0.620453832,0.142569640,0.020166822,1.154097550
19,216,211318720,67,0.625469962,0.142569640,0.020166822,1.169140832
9,216,211318720,67,0.641821253,0.142569640,0.020166822,1.207611514
6,216,211318720,67,0.659885080,0.142569640,0.020166822,1.238105970
15,216,211318720,67,0.672613130,0.142569640,0.020166822,1.257693066
4,216,211318720,67,0.757735724,0.142569640,0.020166822,1.367146609
14,216,211318720,67,0.804758036,0.142569640,0.020166822,1.414443228
8,216,211318720,67,0.864295067,0.142569640,0.020166822,1.434295648
13,216,211318720,67,1.022680714,0.142569640,0.020166822,1.477688978
10,216,211318720,67,1.713347893,0.142569640,0.020166822,1.248045433
10,217,211318720,67,0.217930335,0.142569640,0.087499060,0.240556144
12,217,211318720,67,0.272470717,0.142569640,0.087499060,0.368427797
16,217,211318720,67,0.277635449,0.142569640,0.087499060,0.377130981
4,217,211318720,67,0.282341637,0.142569640,0.087499060,0.382025547
8,217,211318720,67,0.320898793,0.142569640,0.087499060,0.394806135
2,217,211318720,67,0.552859885,0.142569640,0.087499060,0.612145947
19,217,211318720,67,0.553788214,0.142569640,0.087499060,0.614368249
14,217,211318720,67,0.632038567,0.142569640,0.087499060,0.744242437
13,217,211318720,67,0.641821253,0.142569640,0.087499060,0.753971212
5,217,211318720,67,0.657349375,0.142569640,0.087499060,0.764455691
11,217,211318720,67,0.791724166,0.142569640,0.087499060,0.837859691
18,217,211318720,67,0.891643720,0.142569640,0.087499060,0.938801899
7,217,211318720,67,0.979722881,0.142569640,0.087499060,1.044895290
9,217,211318720,67,0.988028436,0.142569640,0.087499060,1.052876645
1,217,211318720,67,1.096200980,0.142569640,0.087499060,1.091419839
17,217,211318720,67,1.461303474,0.142569640,0.087499060,1.119218461
6,217,211318720,67,1.523230982,0.142569640,0.087499060,1.140456411
20,217,211318720,67,1.725062605,0.142569640,0.087499060,1.165012173
3,217,211318720,67,2.038813067,0.142569640,0.087499060,1.154463557
15,217,211318720,67,2.457349183,0.142569640,0.087499060,1.015734528
1,218,211318720,67,0.170050472,0.142569640,0.033248819,0.129807735
13,218,211318720,67,0.190995170,0.142569640,0.033248819,0.142669701
15,218,211318720,67,0.324270546,0.142569640,0.033248819,0.287031630
10,218,211318720,67,0.347657612,0.142569640,0.033248819,0.309862739
16,218,211318720,67,0.434644119,0.142569640,0.033248819,0.359137121
4,218,211318720,67,0.546457903,0.142569640,0.033248819,0.495938279
8,218,211318720,67,0.615215811,0.142569640,0.033248819,0.611332508
7,218,211318720,67,0.632038567,0.142569640,0.033248819,0.628739478
9,218,211318720,67,0.670679398,0.142569640,0.033248819,0.641401721
6,218,211318720,67,0.812666156,0.142569640,0.033248819,0.689590377
5,218,211318720,67,0.995623028,0.142569640,0.033248819,0.819990930
14,218,211318720,67,1.002541407,0.142569640,0.033248819,0.827185995
11,218,211318720,67,1.128887111,0.142569640,0.033248819,0.942490619
12,218,211318720,67,1.160127393,0.142569640,0.033248819,0.972100270
18,218,211318720,67,1.273044793,0.142569640,0.033248819,1.009882435
17,218,211318720,67,1.461303474,0.142569640,0.033248819,1.095430512
19,218,211318720,67,1.535311201,0.142569640,0.033248819,1.169992634
2,218,211318720,67,1.596542165,0.142569640,0.033248819,1.191001229
20,218,211318720,67,2.042732406,0.142569640,0.033248819,1.138068703
3,218,211318720,67,2.672887813,0.142569640,0.033248819,0.927614538
8,219,211318720,67,0.168914176,0.142569640,0.033364441,0.102796144
20,219,211318720,67,0.265169537,0.142569640,0.033364441,0.318680610
14,219,211318720,67,0.276768636,0.142569640,0.033364441,0.345636236
17,219,211318720,67,0.319290461,0.142569640,0.033364441,0.463076386
9,219,211318720,67,0.321654473,0.142569640,0.033364441,0.468611116
5,219,211318720,67,0.403555524,0.142569640,0.033364441,0.612688123
2,219,211318720,67,0.420895631,0.142569640,0.033364441,0.650118514
4,219,211318720,67,0.434644119,0.142569640,0.033364441,0.673406005
6,219,211318720,67,0.534377012,0.142569640,0.033364441,0.779029542
16,219,211318720,67,0.551085968,0.142569640,0.033364441,0.795410913
12,219,211318720,67,0.670679398,0.142569640,0.033364441,0.930946653
10,219,211318720,67,0.693604386,0.142569640,0.033364441,0.967644895
19,219,211318720,67,0.789062176,0.142569640,0.033364441,1.165618851
13,219,211318720,67,0.825358556,0.142569640,0.033364441,1.226500257
11,219,211318720,67,0.826010299,0.142569640,0.033364441,1.227212912
3,219,211318720,67,0.872485984,0.142569640,0.033364441,1.242501229
15,219,211318720,67,1.523230982,0.142569640,0.033364441,1.120840571
18,219,211318720,67,1.865638838,0.142569640,0.033364441,1.157828960
7,219,211318720,67,1.923800267,0.142569640,0.033364441,1.177221197
1,219,211318720,67,1.987623278,0.142569640,0.033364441,1.155950138
4,220,211318720,67,0.170050472,0.142569640,0.012745385,0.258717718
2,220,211318720,67,0.212159260,0.142569640,0.012745385,0.413194145
13,220,211318720,67,0.217930335,0.142569640,0.012745385,0.430675133
16,220,211318720,67,0.267160196,0.142569640,0.012745385,0.562068192
3,220,211318720,67,0.275318730,0.142569640,0.012745385,0.581290333
19,220,211318720,67,0.277635449,0.142569640,0.012745385,0.585390418
10,220,211318720,67,0.308736619,0.142569640,0.012745385,0.616950677
12,220,211318720,67,0.383998747,0.142569640,0.012745385,0.641644346
1,220,211318720,67,0.553788214,0.142569640,0.012745385,0.846830078
9,220,211318720,67,0.574706598,0.142569640,0.012745385,0.882966334
6,220,211318720,67,0.620453832,0.142569640,0.012745385,0.959808966
17,220,211318720,67,0.641821253,0.142569640,0.012745385,0.981521018
11,220,211318720,67,0.714019269,0.142569640,0.012745385,1.026658494
5,220,211318720,67,0.827379011,0.142569640,0.012745385,1.073376114
8,220,211318720,67,0.954668946,0.142569640,0.012745385,1.113903731
7,220,211318720,67,1.461303474,0.142569640,0.012745385,1.040103753
14,220,211318720,67,1.725062605,0.142569640,0.012745385,1.048922264
15,220,211318720,67,1.947242268,0.142569640,0.012745385,1.138933953
20,220,211318720,67,1.987623278,0.142569640,0.012745385,1.153072661
18,220,211318720,67,2.264199624,0.142569640,0.012745385,1.060696875
15,221,211318720,67,0.190995170,0.142569640,0.053576205,0.168705557
2,221,211318720,67,0.232700882,0.142569640,0.053576205,0.239327510
6,221,211318720,67,0.282341637,0.142569640,0.053576205,0.316374271
8,221,211318720,67,0.307296145,0.142569640,0.053576205,0.342286983
11,221,211318720,67,0.383998747,0.142569640,0.053576205,0.368773932
5,221,211318720,67,0.534377012,0.142569640,0.053576205,0.611392070
19,221,211318720,67,0.535153629,0.142569640,0.053576205,0.613769085
18,221,211318720,67,0.617606167,0.142569640,0.053576205,0.851158713
16,221,211318720,67,0.629905459,0.142569640,0.053576205,0.880045410
1,221,211318720,67,0.652480462,0.142569640,0.053576205,0.924917016
20,221,211318720,67,0.654253417,0.142569640,0.053576205,0.927803340
14,221,211318720,67,0.693604386,0.142569640,0.053576205,0.967522501
9,221,211318720,67,0.784674756,0.142569640,0.053576205,1.000171846
3,221,211318720,67,0.948202507,0.142569640,0.053576205,1.041648351
13,221,211318720,67,1.096200980,0.142569640,0.053576205,1.183976433
10,221,211318720,67,1.128887111,0.142569640,0.053576205,1.216522038
17,221,211318720,67,1.204524366,0.142569640,0.053576205,1.242735791
12,221,211318720,67,2.038813067,0.142569640,0.053576205,1.109315631
4,221,211318720,67,2.109842029,0.142569640,0.053576205,1.134543441
7,221,211318720,67,2.257366711,0.142569640,0.053576205,1.085760111
19,222,211318720,67,0.279756404,0.142569640,0.037296735,0.259467242
20,222,211318720,67,0.312623293,0.142569640,0.037296735,0.336448949
2,222,211318720,67,0.341878324,0.142569640,0.037296735,0.385811734
16,222,211318720,67,0.344469294,0.142569640,0.037296735,0.388585316
12,222,211318720,67,0.373230917,0.142569640,0.037296735,0.398079691
10,222,211318720,67,0.535153629,0.142569640,0.037296735,0.503767307
8,222,211318720,67,0.582632074,0.142569640,0.037296735,0.532631057
9,222,211318720,67,0.705718568,0.142569640,0.037296735,0.770913317
18,222,211318720,67,0.739576138,0.142569640,0.037296735,0.827714905
1,222,211318720,67,0.740833922,0.142569640,0.037296735,0.828988093
6,222,211318720,67,0.769100771,0.142569640,0.037296735,0.837687312
7,222,211318720,67,1.060038343,0.142569640,0.037296735,0.836549884
13,222,211318720,67,1.204524366,0.142569640,0.037296735,0.883884953
4,222,211318720,67,1.396250254,0.142569640,0.037296735,0.966098655
3,222,211318720,67,1.461303474,0.142569640,0.037296735,0.988941048
15,222,211318720,67,1.857549577,0.142569640,0.037296735,0.986220352
5,222,211318720,67,1.947242268,0.142569640,0.037296735,1.050979302
11,222,211318720,67,2.038813067,0.142569640,0.037296735,1.083877771
17,222,211318720,67,2.264199624,0.142569640,0.037296735,1.104686598
14,222,211318720,67,2.672887813,0.142569640,0.037296735,0.966752755
6,223,211318720,67,0.159832671,0.142569640,0.004531119,0.141311746
17,223,211318720,67,0.224084398,0.142569640,0.004531119,0.327740352
19,223,211318720,67,0.265169537,0.142569640,0.004531119,0.447071639
12,223,211318720,67,0.277977303,0.142569640,0.004531119,0.477267863
10,223,211318720,67,0.302606758,0.142569640,0.004531119,0.518576458
15,223,211318720,67,0.312623293,0.142569640,0.004531119,0.528242545
13,223,211318720,67,0.373230917,0.142569640,0.004531119,0.550703946
20,223,211318720,67,0.513365802,0.142569640,0.004531119,0.709686774
11,223,211318720,67,0.610218416,0.142569640,0.004531119,0.936745179
3,223,211318720,67,0.610859170,0.142569640,0.004531119,0.937766114
8,223,211318720,67,0.615215811,0.142569640,0.004531119,0.942270171
4,223,211318720,67,0.620453832,0.142569640,0.004531119,0.943948114
5,223,211318720,67,0.812666156,0.142569640,0.004531119,0.976305566
18,223,211318720,67,0.988766129,0.142569640,0.004531119,1.086104621
2,223,211318720,67,1.022680714,0.142569640,0.004531119,1.097568257
1,223,211318720,67,1.713347893,0.142569640,0.004531119,1.052351416
7,223,211318720,67,1.725062605,0.142569640,0.004531119,1.055672736
14,223,211318720,67,2.109842029,0.142569640,0.004531119,1.021441776
9,223,211318720,67,2.457349183,0.142569640,0.004531119,1.001610783
16,223,211318720,67,2.672887813,0.142569640,0.004531119,0.930069400
18,224,211318720,67,0.168914176,0.142569640,0.070254177,0.169400867
9,224,211318720,67,0.226085727,0.142569640,0.070254177,0.324768102
4,224,211318720,67,0.245527101,0.142569640,0.070254177,0.370027048
13,224,211318720,67,0.279756404,0.142569640,0.070254177,0.439687249
12,224,211318720,67,0.319290461,0.142569640,0.070254177,0.532956666
11,224,211318720,67,0.325473414,0.142569640,0.070254177,0.543615037
15,224,211318720,67,0.403693813,0.142569640,0.070254177,0.673852214
3,224,211318720,67,0.420895631,0.142569640,0.070254177,0.702068490
20,224,211318720,67,0.468165215,0.142569640,0.070254177,0.774139474
10,224,211318720,67,0.546457903,0.142569640,0.070254177,0.890588419
17,224,211318720,67,0.574706598,0.142569640,0.070254177,0.937264794
1,224,211318720,67,0.657349375,0.142569640,0.070254177,1.037850275
7,224,211318720,67,0.663109918,0.142569640,0.070254177,1.043879570
14,224,211318720,67,0.769100771,0.142569640,0.070254177,1.103931747
19,224,211318720,67,0.873971227,0.142569640,0.070254177,1.148036627
2,224,211318720,67,1.002541407,0.142569640,0.070254177,1.192366022
8,224,211318720,67,1.714394872,0.142569640,0.070254177,1.051550176
6,224,211318720,67,1.987623278,0.142569640,0.070254177,1.069013095
5,224,211318720,67,2.109842029,0.142569640,0.070254177,1.110089144
16,224,211318720,67,2.257366711,0.142569640,0.070254177,1.060829708
9,225,211318720,67,0.224084398,0.142569640,0.162840083,0.340714646
2,225,211318720,67,0.237772175,0.142569640,0.162840083,0.391373605
17,225,211318720,67,0.261216707,0.142569640,0.162840083,0.475444160
3,225,211318720,67,0.286261592,0.142569640,0.162840083,0.551318239
15,225,211318720,67,0.315211100,0.142569640,0.162840083,0.618823948
6,225,211318720,67,0.322958332,0.142569640,0.162840083,0.632029995
5,225,211318720,67,0.336410426,0.142569640,0.162840083,0.645395577
16,225,211318720,67,0.383998747,0.142569640,0.162840083,0.670488109
19,225,211318720,67,0.513365802,0.142569640,0.162840083,0.941175279
13,225,211318720,67,0.536351797,0.142569640,0.162840083,1.040169241
11,225,211318720,67,0.551085968,0.142569640,0.162840083,1.094665313
10,225,211318720,67,0.610218416,0.142569640,0.162840083,1.272651917
8,225,211318720,67,0.610859170,0.142569640,0.162840083,1.274081706
4,225,211318720,67,0.629905459,0.142569640,0.162840083,1.306119190
1,225,211318720,67,0.654253417,0.142569640,0.162840083,1.330683999
14,225,211318720,67,0.657349375,0.142569640,0.162840083,1.331337786
7,225,211318720,67,0.860904080,0.142569640,0.162840083,1.359789264
12,225,211318720,67,1.511291707,0.142569640,0.162840083,1.240392296
18,225,211318720,67,1.896146303,0.142569640,0.162840083,1.212850872
20,225,211318720,67,2.042732406,0.142569640,0.162840083,1.163982754
12,226,211318720,67,0.245527101,0.142569640,0.066452071,0.257906414
7,226,211318720,67,0.281175525,0.142569640,0.066452071,0.341343088
18,226,211318720,67,0.307420428,0.142569640,0.066452071,0.412636462
10,226,211318720,67,0.324270546,0.142569640,0.066452071,0.452228341
19,226,211318720,67,0.325051214,0.142569640,0.066452071,0.453538746
14,226,211318720,67,0.423346588,0.142569640,0.066452071,0.619977600
15,226,211318720,67,0.434644119,0.142569640,0.066452071,0.645996194
5,226,211318720,67,0.520566537,0.142569640,0.066452071,0.795043113
9,226,211318720,67,0.535153629,0.142569640,0.066452071,0.819809837
2,226,211318720,67,0.536351797,0.142569640,0.066452071,0.821106855
1,226,211318720,67,0.654253417,0.142569640,0.066452071,0.921232073
17,226,211318720,67,0.706047967,0.142569640,0.066452071,0.973107465
16,226,211318720,67,0.797075940,0.142569640,0.066452071,1.003928971
20,226,211318720,67,0.954668946,0.142569640,0.066452071,1.191399701
3,226,211318720,67,0.954724739,0.142569640,0.066452071,1.191444722
13,226,211318720,67,1.022680714,0.142569640,0.066452071,1.215312670
6,226,211318720,67,1.596542165,0.142569640,0.066452071,1.134959622
8,226,211318720,67,1.725062605,0.142569640,0.066452071,1.227876018
4,226,211318720,67,1.793468726,0.142569640,0.066452071,1.249776191
11,226,211318720,67,2.042732406,0.142569640,0.066452071,1.167625179
20,227,211318720,67,0.265169537,0.142569640,0.084233336,0.451841117
11,227,211318720,67,0.267160196,0.142569640,0.084233336,0.457844976
19,227,211318720,67,0.277977303,0.142569640,0.084233336,0.483369598
15,227,211318720,67,0.279756404,0.142569640,0.084233336,0.487396321
16,227,211318720,67,0.281175525,0.142569640,0.084233336,0.490131149
2,227,211318720,67,0.325473414,0.142569640,0.084233336,0.563392890
3,227,211318720,67,0.420895631,0.142569640,0.084233336,0.724075218
12,227,211318720,67,0.423346588,0.142569640,0.084233336,0.726715706
8,227,211318720,67,0.468165215,0.142569640,0.084233336,0.741305277
10,227,211318720,67,0.705718568,0.142569640,0.084233336,0.819619411
6,227,211318720,67,0.757735724,0.142569640,0.084233336,0.837746341
18,227,211318720,67,0.954668946,0.142569640,0.084233336,0.894261275
14,227,211318720,67,1.060038343,0.142569640,0.084233336,0.977296960
5,227,211318720,67,1.131835844,0.142569640,0.084233336,1.002376870
9,227,211318720,67,1.311945561,0.142569640,0.084233336,1.038629383
13,227,211318720,67,1.535311201,0.142569640,0.084233336,1.114506112
1,227,211318720,67,1.596542165,0.142569640,0.084233336,1.152893936
17,227,211318720,67,1.714394872,0.142569640,0.084233336,1.235859696
4,227,211318720,67,1.793468726,0.142569640,0.084233336,1.263119325
7,227,211318720,67,1.923800267,0.142569640,0.084233336,1.219678839
17,228,211318720,67,0.190995170,0.142569640,0.040266458,0.226731248
4,228,211318720,67,0.232700882,0.142569640,0.040266458,0.351937038
1,228,211318720,67,0.256746962,0.142569640,0.040266458,0.412696461
2,228,211318720,67,0.277977303,0.142569640,0.040266458,0.462394046
8,228,211318720,67,0.308736619,0.142569640,0.040266458,0.514068352
11,228,211318720,67,0.321654473,0.142569640,0.040266458,0.526283935
7,228,211318720,67,0.393302416,0.142569640,0.040266458,0.561145559
20,228,211318720,67,0.520566537,0.142569640,0.040266458,0.851568948
19,228,211318720,67,0.535153629,0.142569640,0.040266458,0.895368935
18,228,211318720,67,0.546457903,0.142569640,0.040266458,0.921852612
10,228,211318720,67,0.582632074,0.142569640,0.040266458,0.981700675
5,228,211318720,67,0.625469962,0.142569640,0.040266458,1.024177085
15,228,211318720,67,0.652480462,0.142569640,0.040266458,1.050535206
13,228,211318720,67,0.769100771,0.142569640,0.040266458,1.160104289
16,228,211318720,67,0.827379011,0.142569640,0.040266458,1.219094314
9,228,211318720,67,0.891643720,0.142569640,0.040266458,1.240627074
6,228,211318720,67,1.111315946,0.142569640,0.040266458,1.345486187
12,228,211318720,67,1.128887111,0.142569640,0.040266458,1.351622175
14,228,211318720,67,1.273044793,0.142569640,0.040266458,1.398989798
3,228,211318720,67,1.610014847,0.142569640,0.040266458,1.286387894
17,229,211318720,67,0.265618424,0.142569640,0.007621635,0.224993618
4,229,211318720,67,0.301060295,0.142569640,0.007621635,0.284266536
8,229,211318720,67,0.320898793,0.142569640,0.007621635,0.304543905
5,229,211318720,67,0.336410426,0.142569640,0.007621635,0.309753078
12,229,211318720,67,0.553788214,0.142569640,0.007621635,0.452637371
13,229,211318720,67,0.629905459,0.142569640,0.007621635,0.642131570
2,229,211318720,67,0.639616655,0.142569640,0.007621635,0.673024024
14,229,211318720,67,0.663109918,0.142569640,0.007621635,0.742922485
19,229,211318720,67,0.672613130,0.142569640,0.007621635,0.765167987
1,229,211318720,67,0.756462205,0.142569640,0.007621635,0.929406734
20,229,211318720,67,0.775361478,0.142569640,0.007621635,0.960887298
16,229,211318720,67,0.776878998,0.142569640,0.007621635,0.962388687
9,229,211318720,67,0.864295067,0.142569640,0.007621635,1.067963125
3,229,211318720,67,0.947065037,0.142569640,0.007621635,1.194891932
6,229,211318720,67,0.954724739,0.142569640,0.007621635,1.203314840
10,229,211318720,67,1.022680714,0.142569640,0.007621635,1.271338018
7,229,211318720,67,1.096200980,0.142569640,0.007621635,1.296492714
11,229,211318720,67,1.311945561,0.142569640,0.007621635,1.319679690
15,229,211318720,67,1.987623278,0.142569640,0.007621635,1.192174178
18,229,211318720,67,2.105592253,0.142569640,0.007621635,1.152854528
7,230,211318720,67,0.304117078,0.142569640,0.216594592,0.245813834
5,230,211318720,67,0.315211100,0.142569640,0.216594592,0.263983608
12,230,211318720,67,0.325051214,0.142569640,0.216594592,0.273809988
13,230,211318720,67,0.403693813,0.142569640,0.216594592,0.306163148
10,230,211318720,67,0.536351797,0.142569640,0.216594592,0.421674823
3,230,211318720,67,0.620453832,0.142569640,0.216594592,0.564991532
16,230,211318720,67,0.654253417,0.142569640,0.216594592,0.634673422
11,230,211318720,67,0.657349375,0.142569640,0.216594592,0.639794823
6,230,211318720,67,0.756462205,0.142569640,0.216594592,0.761939902
18,230,211318720,67,0.776878998,0.142569640,0.216594592,0.796742328
19,230,211318720,67,0.872485984,0.142569640,0.216594592,0.909763426
4,230,211318720,67,0.891643720,0.142569640,0.216594592,0.937398469
14,230,211318720,67,0.988766129,0.142569640,0.216594592,1.059326975
15,230,211318720,67,1.022680714,0.142569640,0.216594592,1.093228365
9,230,211318720,67,1.096200980,0.142569640,0.216594592,1.140334251
1,230,211318720,67,1.204524366,0.142569640,0.216594592,1.227280413
8,230,211318720,67,1.273044793,0.142569640,0.216594592,1.250081676
20,230,211318720,67,1.610014847,0.142569640,0.216594592,1.232243437
2,230,211318720,67,1.824258536,0.142569640,0.216594592,1.256458930
17,230,211318720,67,1.896146303,0.142569640,0.216594592,1.232498860
12,231,211318720,67,0.226085727,0.142569640,0.023918360,0.299982850
20,231,211318720,67,0.234315817,0.142569640,0.023918360,0.324214094
14,231,211318720,67,0.256746962,0.142569640,0.023918360,0.376628614
11,231,211318720,67,0.282341637,0.142569640,0.023918360,0.419550962
8,231,211318720,67,0.325473414,0.142569640,0.023918360,0.462682453
15,231,211318720,67,0.366385622,0.142569640,0.023918360,0.476625411
13,231,211318720,67,0.513365802,0.142569640,0.023918360,0.636523612
6,231,211318720,67,0.567480814,0.142569640,0.023918360,0.722258368
16,231,211318720,67,0.574706598,0.142569640,0.023918360,0.734557127
5,231,211318720,67,0.665658623,0.142569640,0.023918360,0.825621394
10,231,211318720,67,0.705718568,0.142569640,0.023918360,0.854132711
4,231,211318720,67,0.826010299,0.142569640,0.023918360,0.985822362
2,231,211318720,67,0.867710627,0.142569640,0.023918360,1.078002298
17,231,211318720,67,0.945352308,0.142569640,0.023918360,1.258205968
9,231,211318720,67,0.954724739,0.142569640,0.023918360,1.273747463
18,231,211318720,67,0.988766129,0.142569640,0.023918360,1.307547563
19,231,211318720,67,0.995623028,0.142569640,0.023918360,1.309767581
3,231,211318720,67,1.273044793,0.142569640,0.023918360,1.311646855
1,231,211318720,67,1.680701976,0.142569640,0.023918360,1.271263586
7,231,211318720,67,2.105592253,0.142569640,0.023918360,1.130104771
11,232,211318720,67,0.245527101,0.142569640,0.050201040,0.187037816
20,232,211318720,67,0.267160196,0.142569640,0.050201040,0.241487937
7,232,211318720,67,0.321654473,0.142569640,0.050201040,0.367910324
13,232,211318720,67,0.370342648,0.142569640,0.050201040,0.449489514
6,232,211318720,67,0.386616146,0.142569640,0.050201040,0.466286382
17,232,211318720,67,0.403693813,0.142569640,0.050201040,0.479120989
5,232,211318720,67,0.535153629,0.142569640,0.050201040,0.799173630
14,232,211318720,67,0.553788214,0.142569640,0.050201040,0.854507776
16,232,211318720,67,0.567480814,0.142569640,0.050201040,0.885923957
19,232,211318720,67,0.571552406,0.142569640,0.050201040,0.892642257
4,232,211318720,67,0.617606167,0.142569640,0.050201040,0.939646339
1,232,211318720,67,0.665658623,0.142569640,0.050201040,0.988076984
8,232,211318720,67,0.757735724,0.142569640,0.050201040,1.110147034
9,232,211318720,67,0.826010299,0.142569640,0.050201040,1.224487608
15,232,211318720,67,0.864295067,0.142569640,0.050201040,1.263311480
2,232,211318720,67,0.873971227,0.142569640,0.050201040,1.266648656
18,232,211318720,67,1.022680714,0.142569640,0.050201040,1.312649714
12,232,211318720,67,1.725062605,0.142569640,0.050201040,1.175498799
3,232,211318720,67,1.923800267,0.142569640,0.050201040,1.204163019
10,232,211318720,67,2.264199624,0.142569640,0.050201040,1.092008907
6,233,211318720,67,0.170050472,0.142569640,0.035188965,0.047459519
16,233,211318720,67,0.315211100,0.142569640,0.035188965,0.252432403
19,233,211318720,67,0.321654473,0.142569640,0.035188965,0.263135584
12,233,211318720,67,0.393302416,0.142569640,0.035188965,0.345538331
4,233,211318720,67,0.420895631,0.142569640,0.035188965,0.374746712
18,233,211318720,67,0.520566537,0.142569640,0.035188965,0.539825490
1,233,211318720,67,0.560130122,0.142569640,0.035188965,0.709935368
17,233,211318720,67,0.620453832,0.142569640,0.035188965,0.974938818
20,233,211318720,67,0.629905459,0.142569640,0.035188965,1.015953303
9,233,211318720,67,0.641821253,0.142569640,0.035188965,1.059647597
13,233,211318720,67,0.663109918,0.142569640,0.035188965,1.124621386
2,233,211318720,67,0.665658623,0.142569640,0.035188965,1.132291569
14,233,211318720,67,0.672613130,0.142569640,0.035188965,1.147882846
3,233,211318720,67,0.693604386,0.142569640,0.035188965,1.183719197
15,233,211318720,67,0.756462205,0.142569640,0.035188965,1.247747449
8,233,211318720,67,0.804758036,0.142569640,0.035188965,1.263452150
5,233,211318720,67,1.096200980,0.142569640,0.035188965,1.335409951
11,233,211318720,67,1.128887111,0.142569640,0.035188965,1.346715047
10,233,211318720,67,1.923800267,0.142569640,0.035188965,1.177744722
7,233,211318720,67,2.042732406,0.142569640,0.035188965,1.138104191
10,234,211318720,67,0.237772175,0.142569640,0.038775813,0.318710756
13,234,211318720,67,0.279756404,0.142569640,0.038775813,0.444520166
19,234,211318720,67,0.282341637,0.142569640,0.038775813,0.450493295
15,234,211318720,67,0.286261592,0.142569640,0.038775813,0.456620221
5,234,211318720,67,0.320898793,0.142569640,0.038775813,0.491502205
9,234,211318720,67,0.325051214,0.142569640,0.038775813,0.493018755
14,234,211318720,67,0.520566537,0.142569640,0.038775813,0.729455476
11,234,211318720,67,0.536351797,0.142569640,0.038775813,0.770928912
16,234,211318720,67,0.546457903,0.142569640,0.038775813,0.794580168
1,234,211318720,67,0.620453832,0.142569640,0.038775813,0.919388718
4,234,211318720,67,0.641821253,0.142569640,0.038775813,0.941223173
6,234,211318720,67,0.670679398,0.142569640,0.038775813,0.951133595
18,234,211318720,67,0.947065037,0.142569640,0.038775813,1.140735903
3,234,211318720,67,0.948202507,0.142569640,0.038775813,1.141892865
7,234,211318720,67,0.954668946,0.142569640,0.038775813,1.144322994
12,234,211318720,67,1.610014847,0.142569640,0.038775813,1.070077272
2,234,211318720,67,1.713347893,0.142569640,0.038775813,1.215112671
17,234,211318720,67,1.725062605,0.142569640,0.038775813,1.226806073
20,234,211318720,67,1.793468726,0.142569640,0.038775813,1.249608874
8,234,211318720,67,1.857549577,0.142569640,0.038775813,1.228252690
2,235,211318720,67,0.212159260,0.142569640,0.092823163,0.125201371
6,235,211318720,67,0.286261592,0.142569640,0.092823163,0.272568102
9,235,211318720,67,0.321654473,0.142569640,0.092823163,0.331537025
10,235,211318720,67,0.336410426,0.142569640,0.092823163,0.346190631
4,235,211318720,67,0.393302416,0.142569640,0.092823163,0.391274583
20,235,211318720,67,0.513365802,0.142569640,0.092823163,0.579281893
12,235,211318720,67,0.520566537,0.142569640,0.092823163,0.586563957
19,235,211318720,67,0.552859885,0.142569640,0.092823163,0.632998981
16,235,211318720,67,0.663109918,0.142569640,0.092823163,0.825873146
14,235,211318720,67,0.672613130,0.142569640,0.092823163,0.847812217
5,235,211318720,67,0.739576138,0.142569640,0.092823163,1.003119299
18,235,211318720,67,0.769100771,0.142569640,0.092823163,1.072636640
7,235,211318720,67,0.784674756,0.142569640,0.092823163,1.098766360
3,235,211318720,67,0.827240809,0.142569640,0.092823163,1.142092325
1,235,211318720,67,0.872485984,0.142569640,0.092823163,1.157439247
17,235,211318720,67,1.396250254,0.142569640,0.092823163,1.076255327
8,235,211318720,67,1.824258536,0.142569640,0.092823163,1.104813007
15,235,211318720,67,1.896146303,0.142569640,0.092823163,1.175378189
13,235,211318720,67,1.923800267,0.142569640,0.092823163,1.184286510
11,235,211318720,67,2.109842029,0.142569640,0.092823163,1.121682882
4,236,211318720,67,0.265169537,0.142569640,0.015974209,0.563707460
18,236,211318720,67,0.267160196,0.142569640,0.015974209,0.573547814
3,236,211318720,67,0.277977303,0.142569640,0.015974209,0.620508195
16,236,211318720,67,0.307296145,0.142569640,0.015974209,0.746564739
2,236,211318720,67,0.307420428,0.142569640,0.015974209,0.747029256
20,236,211318720,67,0.309338144,0.142569640,0.015974209,0.752753646
5,236,211318720,67,0.321654473,0.142569640,0.015974209,0.781687441
19,236,211318720,67,0.325051214,0.142569640,0.015974209,0.787593406
7,236,211318720,67,0.370342648,0.142569640,0.015974209,0.833069795
1,236,211318720,67,0.423346588,0.142569640,0.015974209,0.873034405
17,236,211318720,67,0.546457903,0.142569640,0.015974209,1.188886395
8,236,211318720,67,0.552859885,0.142569640,0.015974209,1.212521146
9,236,211318720,67,0.571552406,0.142569640,0.015974209,1.269022647
6,236,211318720,67,0.610859170,0.142569640,0.015974209,1.361275300
14,236,211318720,67,0.652480462,0.142569640,0.015974209,1.430795031
15,236,211318720,67,0.654253417,0.142569640,0.015974209,1.432598407
10,236,211318720,67,0.665658623,0.142569640,0.015974209,1.436311295
11,236,211318720,67,0.947065037,0.142569640,0.015974209,1.513272935
13,236,211318720,67,0.979722881,0.142569640,0.015974209,1.524600721
12,236,211318720,67,2.264199624,0.142569640,0.015974209,1.108693210
11,237,211318720,67,0.159832671,0.142569640,0.066884086,0.223761208
3,237,211318720,67,0.217930335,0.142569640,0.066884086,0.440992130
14,237,211318720,67,0.224084398,0.142569640,0.066884086,0.463242075
18,237,211318720,67,0.245527101,0.142569640,0.066884086,0.542274835
2,237,211318720,67,0.261216707,0.142569640,0.066884086,0.589656554
17,237,211318720,67,0.312623293,0.142569640,0.066884086,0.743664348
10,237,211318720,67,0.320898793,0.142569640,0.066884086,0.762930569
13,237,211318720,67,0.325473414,0.142569640,0.066884086,0.770679935
4,237,211318720,67,0.366385622,0.142569640,0.066884086,0.811135787
9,237,211318720,67,0.403693813,0.142569640,0.066884086,0.830296126
6,237,211318720,67,0.536099314,0.142569640,0.066884086,0.881841476
15,237,211318720,67,0.665658623,0.142569640,0.066884086,1.033257875
7,237,211318720,67,0.693604386,0.142569640,0.066884086,1.068023739
1,237,211318720,67,0.756462205,0.142569640,0.066884086,1.163281971
5,237,211318720,67,0.826010299,0.142569640,0.066884086,1.233926912
8,237,211318720,67,0.852526209,0.142569640,0.066884086,1.241927904
20,237,211318720,67,1.396250254,0.142569640,0.066884086,1.160372265
19,237,211318720,67,1.535311201,0.142569640,0.066884086,1.206411966
12,237,211318720,67,1.896146303,0.142569640,0.066884086,1.180667438
16,237,211318720,67,2.038813067,0.142569640,0.066884086,1.133083509
14,238,211318720,67,0.170050472,0.142569640,0.067988068,0.168749444
16,238,211318720,67,0.190995170,0.142569640,0.067988068,0.212111618
6,238,211318720,67,0.260799843,0.142569640,0.067988068,0.391719621
5,238,211318720,67,0.304117078,0.142569640,0.067988068,0.521406519
3,238,211318720,67,0.321654473,0.142569640,0.067988068,0.562310563
18,238,211318720,67,0.336410426,0.142569640,0.067988068,0.586150791
19,238,211318720,67,0.386616146,0.142569640,0.067988068,0.636880219
1,238,211318720,67,0.393302416,0.142569640,0.067988068,0.639037565
8,238,211318720,67,0.567480814,0.142569640,0.067988068,0.766157050
20,238,211318720,67,0.620453832,0.142569640,0.067988068,0.858925130
9,238,211318720,67,0.670679398,0.142569640,0.067988068,0.943672187
7,238,211318720,67,0.705718568,0.142569640,0.067988068,0.979185774
12,238,211318720,67,0.756462205,0.142569640,0.067988068,1.034560881
11,238,211318720,67,0.867710627,0.142569640,0.067988068,1.206680507
4,238,211318720,67,0.872485984,0.142569640,0.067988068,1.217792348
13,238,211318720,67,0.954668946,0.142569640,0.067988068,1.355691738
10,238,211318720,67,0.988028436,0.142569640,0.067988068,1.389964005
15,238,211318720,67,0.995623028,0.142569640,0.067988068,1.392274636
17,238,211318720,67,1.523230982,0.142569640,0.067988068,1.313466924
2,238,211318720,67,1.680701976,0.142569640,0.067988068,1.260972979
13,239,211318720,67,0.217930335,0.142569640,0.024237519,0.344509140
3,239,211318720,67,0.237772175,0.142569640,0.024237519,0.417502253
1,239,211318720,67,0.256746962,0.142569640,0.024237519,0.478946502
10,239,211318720,67,0.260706753,0.142569640,0.024237519,0.490661942
4,239,211318720,67,0.312623293,0.142569640,0.024237519,0.645644476
11,239,211318720,67,0.322958332,0.142569640,0.024237519,0.670021103
20,239,211318720,67,0.325473414,0.142569640,0.024237519,0.674122260
6,239,211318720,67,0.393302416,0.142569640,0.024237519,0.741232279
19,239,211318720,67,0.403555524,0.142569640,0.024237519,0.744831487
5,239,211318720,67,0.625469962,0.142569640,0.024237519,0.830695847
15,239,211318720,67,0.670679398,0.142569640,0.024237519,0.897291671
14,239,211318720,67,0.769100771,0.142569640,0.024237519,1.061667434
17,239,211318720,67,0.789062176,0.142569640,0.024237519,1.082080502
12,239,211318720,67,0.804758036,0.142569640,0.024237519,1.087457185
8,239,211318720,67,1.128887111,0.142569640,0.024237519,1.096788559
2,239,211318720,67,1.237330448,0.142569640,0.024237519,1.134957196
18,239,211318720,67,1.523230982,0.142569640,0.024237519,1.133802072
9,239,211318720,67,1.713347893,0.142569640,0.024237519,1.186096122
16,239,211318720,67,1.824258536,0.142569640,0.024237519,1.224382089
7,239,211318720,67,2.257366711,0.142569640,0.024237519,1.080370641
16,240,211318720,67,0.272470717,0.142569640,0.140279770,0.345547498
4,240,211318720,67,0.276768636,0.142569640,0.140279770,0.355469118
3,240,211318720,67,0.286261592,0.142569640,0.140279770,0.371477569
17,240,211318720,67,0.308736619,0.142569640,0.140279770,0.405748921
19,240,211318720,67,0.341878324,0.142569640,0.140279770,0.439749669
6,240,211318720,67,0.434644119,0.142569640,0.140279770,0.471627674
5,240,211318720,67,0.617606167,0.142569640,0.140279770,0.867575185
11,240,211318720,67,0.620453832,0.142569640,0.140279770,0.876339404
20,240,211318720,67,0.625469962,0.142569640,0.140279770,0.888046842
1,240,211318720,67,0.641821253,0.142569640,0.140279770,0.915844973
13,240,211318720,67,0.665658623,0.142569640,0.140279770,0.939211847
2,240,211318720,67,0.706047967,0.142569640,0.140279770,0.953219003
12,240,211318720,67,0.860904080,0.142569640,0.140279770,1.124010694
10,240,211318720,67,0.873971227,0.142569640,0.140279770,1.136717799
15,240,211318720,67,0.945352308,0.142569640,0.140279770,1.203749855
8,240,211318720,67,1.022680714,0.142569640,0.140279770,1.262382775
14,240,211318720,67,1.116684898,0.142569640,0.140279770,1.293178711
9,240,211318720,67,1.511291707,0.142569640,0.140279770,1.289309938
7,240,211318720,67,1.610014847,0.142569640,0.140279770,1.320594104
18,240,211318720,67,2.791424288,0.142569640,0.140279770,0.928800498
13,241,211318720,67,0.308736619,0.142569640,0.046532605,0.459271167
6,241,211318720,67,0.309338144,0.142569640,0.046532605,0.461089412
2,241,211318720,67,0.324270546,0.142569640,0.046532605,0.496293666
4,241,211318720,67,0.326199144,0.142569640,0.046532605,0.499699660
16,241,211318720,67,0.336410426,0.142569640,0.046532605,0.509996009
10,241,211318720,67,0.344469294,0.142569640,0.046532605,0.513036604
15,241,211318720,67,0.546457903,0.142569640,0.046532605,0.628295331
11,241,211318720,67,0.610218416,0.142569640,0.046532605,0.743953167
20,241,211318720,67,0.659885080,0.142569640,0.046532605,0.833519203
5,241,211318720,67,0.663109918,0.142569640,0.046532605,0.839050241
3,241,211318720,67,0.740833922,0.142569640,0.046532605,0.915400509
19,241,211318720,67,0.791724166,0.142569640,0.046532605,0.933129644
8,241,211318720,67,1.128887111,0.142569640,0.046532605,1.010199241
17,241,211318720,67,1.131835844,0.142569640,0.046532605,1.011353378
14,241,211318720,67,1.290645430,0.142569640,0.046532605,1.053145720
9,241,211318720,67,1.535311201,0.142569640,0.046532605,1.065540702
7,241,211318720,67,1.824258536,0.142569640,0.046532605,1.079250029
12,241,211318720,67,1.947242268,0.142569640,0.046532605,1.120591583
18,241,211318720,67,2.457349183,0.142569640,0.046532605,1.048050033
1,241,211318720,67,2.791424288,0.142569640,0.046532605,0.938625757
14,242,211318720,67,0.232700882,0.142569640,0.024185108,0.272615314
20,242,211318720,67,0.265618424,0.142569640,0.024185108,0.349993507
9,242,211318720,67,0.267160196,0.142569640,0.024185108,0.352544652
13,242,211318720,67,0.308736619,0.142569640,0.024185108,0.413289560
3,242,211318720,67,0.321654473,0.142569640,0.024185108,0.426230761
2,242,211318720,67,0.423346588,0.142569640,0.024185108,0.461569266
17,242,211318720,67,0.571552406,0.142569640,0.024185108,0.669458656
8,242,211318720,67,0.582632074,0.142569640,0.024185108,0.688326251
18,242,211318720,67,0.625469962,0.142569640,0.024185108,0.731072146
7,242,211318720,67,0.693604386,0.142569640,0.024185108,0.761206439
4,242,211318720,67,0.825358556,0.142569640,0.024185108,0.821572280
12,242,211318720,67,0.945352308,0.142569640,0.024185108,0.998742701
16,242,211318720,67,0.995623028,0.142569640,0.024185108,1.083047815
5,242,211318720,67,1.002541407,0.142569640,0.024185108,1.089911740
1,242,211318720,67,1.060038343,0.142569640,0.024185108,1.110304437
11,242,211318720,67,1.273044793,0.142569640,0.024185108,1.218552765
6,242,211318720,67,1.290645430,0.142569640,0.024185108,1.224468828
10,242,211318720,67,1.713347893,0.142569640,0.024185108,1.268882574
15,242,211318720,67,1.725062605,0.142569640,0.024185108,1.273359805
19,242,211318720,67,2.791424288,0.142569640,0.024185108,0.919503368
4,243,211318720,67,0.228738980,0.142569640,0.062505536,0.180471223
17,243,211318720,67,0.302606758,0.142569640,0.062505536,0.500149992
15,243,211318720,67,0.325051214,0.142569640,0.062505536,0.583169156
5,243,211318720,67,0.325473414,0.142569640,0.062505536,0.584380717
2,243,211318720,67,0.347657612,0.142569640,0.062505536,0.636059702
19,243,211318720,67,0.361632437,0.142569640,0.062505536,0.659168422
11,243,211318720,67,0.366385622,0.142569640,0.062505536,0.664030089
16,243,211318720,67,0.373230917,0.142569640,0.062505536,0.666435055
10,243,211318720,67,0.534377012,0.142569640,0.062505536,0.733439233
20,243,211318720,67,0.647753259,0.142569640,0.062505536,0.869316936
9,243,211318720,67,0.670679398,0.142569640,0.062505536,0.902860796
13,243,211318720,67,0.757735724,0.142569640,0.062505536,0.990542206
12,243,211318720,67,0.797075940,0.142569640,0.062505536,1.003610276
14,243,211318720,67,0.947065037,0.142569640,0.062505536,1.117785218
6,243,211318720,67,0.988028436,0.142569640,0.062505536,1.141728208
8,243,211318720,67,1.116684898,0.142569640,0.062505536,1.272654589
7,243,211318720,67,1.128887111,0.142569640,0.062505536,1.276886274
18,243,211318720,67,1.273044793,0.142569640,0.062505536,1.322323472
1,243,211318720,67,1.523230982,0.142569640,0.062505536,1.334858057
3,243,211318720,67,1.824258536,0.142569640,0.062505536,1.234768300
7,244,211318720,67,0.265169537,0.142569640,0.126359731,0.389819498
11,244,211318720,67,0.276768636,0.142569640,0.126359731,0.432006103
16,244,211318720,67,0.301060295,0.142569640,0.126359731,0.504759487
13,244,211318720,67,0.307420428,0.142569640,0.126359731,0.519602831
20,244,211318720,67,0.319290461,0.142569640,0.126359731,0.539516111
12,244,211318720,67,0.324270546,0.142569640,0.126359731,0.544532172
10,244,211318720,67,0.403693813,0.142569640,0.126359731,0.600286351
17,244,211318720,67,0.513365802,0.142569640,0.126359731,0.756711612
15,244,211318720,67,0.536351797,0.142569640,0.126359731,0.809457302
8,244,211318720,67,0.610218416,0.142569640,0.126359731,0.933491827
6,244,211318720,67,0.632038567,0.142569640,0.126359731,0.955862274
5,244,211318720,67,0.657349375,0.142569640,0.126359731,0.963431639
2,244,211318720,67,0.873971227,0.142569640,0.126359731,0.985183779
18,244,211318720,67,1.031384999,0.142569640,0.126359731,1.037413562
1,244,211318720,67,1.160127393,0.142569640,0.126359731,1.080165381
19,244,211318720,67,1.461303474,0.142569640,0.126359731,1.141409736
9,244,211318720,67,1.511291707,0.142569640,0.126359731,1.158920185
4,244,211318720,67,2.038813067,0.142569640,0.126359731,1.175132249
14,244,211318720,67,2.042732406,0.142569640,0.126359731,1.176692561
3,244,211318720,67,2.457349183,0.142569640,0.126359731,1.037914267
16,245,211318720,67,0.190995170,0.142569640,0.020332953,0.133093059
14,245,211318720,67,0.212159260,0.142569640,0.020332953,0.166879000
20,245,211318720,67,0.325051214,0.142569640,0.020332953,0.429633275
9,245,211318720,67,0.336410426,0.142569640,0.020332953,0.456046750
19,245,211318720,67,0.370342648,0.142569640,0.020332953,0.513057234
13,245,211318720,67,0.403555524,0.142569640,0.020332953,0.563501471
17,245,211318720,67,0.404488862,0.142569640,0.020332953,0.564500286
6,245,211318720,67,0.520566537,0.142569640,0.020332953,0.736488251
7,245,211318720,67,0.560130122,0.142569640,0.020332953,0.855268633
11,245,211318720,67,0.615215811,0.142569640,0.020332953,0.984230815
1,245,211318720,67,0.617606167,0.142569640,0.020332953,0.988330106
2,245,211318720,67,0.659885080,0.142569640,0.020332953,1.038389322
4,245,211318720,67,0.661357665,0.142569640,0.020332953,1.039961306
5,245,211318720,67,0.789062176,0.142569640,0.020332953,1.275433715
10,245,211318720,67,0.825358556,0.142569640,0.020332953,1.349408645
12,245,211318720,67,0.827240809,0.142569640,0.020332953,1.352227107
18,245,211318720,67,0.852526209,0.142569640,0.020332953,1.377741941
15,245,211318720,67,0.948202507,0.142569640,0.020332953,1.410405418
8,245,211318720,67,1.793468726,0.142569640,0.020332953,1.226482692
3,245,211318720,67,2.672887813,0.142569640,0.020332953,0.934915143
2,246,211318720,67,0.272470717,0.142569640,0.011509932,0.326958480
11,246,211318720,67,0.304117078,0.142569640,0.011509932,0.421614215
13,246,211318720,67,0.319290461,0.142569640,0.011509932,0.457756578
3,246,211318720,67,0.324270546,0.142569640,0.011509932,0.466171975
5,246,211318720,67,0.344469294,0.142569640,0.011509932,0.486311174
14,246,211318720,67,0.366385622,0.142569640,0.011509932,0.493951969
12,246,211318720,67,0.571552406,0.142569640,0.011509932,0.756962186
18,246,211318720,67,0.610218416,0.142569640,0.011509932,0.873001519
8,246,211318720,67,0.629905459,0.142569640,0.011509932,0.918825420
7,246,211318720,67,0.639616655,0.142569640,0.011509932,0.935458855
19,246,211318720,67,0.665658623,0.142569640,0.011509932,0.961445587
10,246,211318720,67,0.672613130,0.142569640,0.011509932,0.963894208
6,246,211318720,67,0.891643720,0.142569640,0.011509932,1.037482144
1,246,211318720,67,0.954668946,0.142569640,0.011509932,1.058603749
4,246,211318720,67,1.111315946,0.142569640,0.011509932,1.165233133
20,246,211318720,67,1.160127393,0.142569640,0.011509932,1.180862235
9,246,211318720,67,1.610014847,0.142569640,0.011509932,1.125906408
15,246,211318720,67,1.947242268,0.142569640,0.011509932,1.142948595
16,246,211318720,67,2.038813067,0.142569640,0.011509932,1.173470266
17,246,211318720,67,2.042732406,0.142569640,0.011509932,1.172168002
8,247,211318720,67,0.260799843,0.142569640,0.096128918,0.345329932
9,247,211318720,67,0.272470717,0.142569640,0.096128918,0.387507421
5,247,211318720,67,0.302606758,0.142569640,0.096128918,0.478913458
19,247,211318720,67,0.307296145,0.142569640,0.096128918,0.489648417
13,247,211318720,67,0.322958332,0.142569640,0.096128918,0.515777861
6,247,211318720,67,0.366385622,0.142569640,0.096128918,0.557816971
2,247,211318720,67,0.404488862,0.142569640,0.096128918,0.570436730
7,247,211318720,67,0.582632074,0.142569640,0.096128918,0.604653935
16,247,211318720,67,0.797075940,0.142569640,0.096128918,0.731125036
17,247,211318720,67,0.860904080,0.142569640,0.096128918,0.839714949
12,247,211318720,67,0.867710627,0.142569640,0.096128918,0.851133057
20,247,211318720,67,0.945352308,0.142569640,0.096128918,0.928404866
4,247,211318720,67,0.995623028,0.142569640,0.096128918,0.983462603
11,247,211318720,67,1.096200980,0.142569640,0.096128918,1.151461254
1,247,211318720,67,1.128887111,0.142569640,0.096128918,1.183583173
10,247,211318720,67,1.131835844,0.142569640,0.096128918,1.184555890
18,247,211318720,67,1.865638838,0.142569640,0.096128918,1.049538721
14,247,211318720,67,1.987623278,0.142569640,0.096128918,1.091472889
3,247,211318720,67,2.672887813,0.142569640,0.096128918,0.961319724
15,247,211318720,67,2.791424288,0.142569640,0.096128918,0.921810387
17,248,211318720,67,0.159832671,0.142569640,0.029686581,0.076912716
7,248,211318720,67,0.260799843,0.142569640,0.029686581,0.380432931
16,248,211318720,67,0.301070971,0.142569640,0.029686581,0.528018455
6,248,211318720,67,0.302606758,0.142569640,0.029686581,0.532294626
19,248,211318720,67,0.307296145,0.142569640,0.029686581,0.543455627
4,248,211318720,67,0.325473414,0.142569640,0.029686581,0.574587670
15,248,211318720,67,0.383998747,0.142569640,0.029686581,0.633248437
13,248,211318720,67,0.393302416,0.142569640,0.029686581,0.636492505
18,248,211318720,67,0.567480814,0.142569640,0.029686581,0.757017450
20,248,211318720,67,0.632038567,0.142569640,0.029686581,0.834272591
10,248,211318720,67,0.665658623,0.142569640,0.029686581,0.868167592
3,248,211318720,67,0.756462205,0.142569640,0.029686581,0.953912785
12,248,211318720,67,0.852526209,0.142569640,0.029686581,1.054248905
11,248,211318720,67,0.864295067,0.142569640,0.029686581,1.065642693
8,248,211318720,67,0.988766129,0.142569640,0.029686581,1.118587991
14,248,211318720,67,1.111315946,0.142569640,0.029686581,1.159233397
2,248,211318720,67,1.596542165,0.142569640,0.029686581,1.218107087
1,248,211318720,67,1.610014847,0.142569640,0.029686581,1.231570197
9,248,211318720,67,1.680701976,0.142569640,0.029686581,1.256259490
5,248,211318720,67,1.793468726,0.142569640,0.029686581,1.218671579
11,249,211318720,67,0.228738980,0.142569640,0.257628053,0.429494100
3,249,211318720,67,0.237772175,0.142569640,0.257628053,0.480558475
16,249,211318720,67,0.267160196,0.142569640,0.257628053,0.628211108
6,249,211318720,67,0.278869708,0.142569640,0.257628053,0.678949093
17,249,211318720,67,0.307420428,0.142569640,0.257628053,0.783608781
18,249,211318720,67,0.322958332,0.142569640,0.257628053,0.829117025
4,249,211318720,67,0.324270546,0.142569640,0.257628053,0.832092641
5,249,211318720,67,0.325051214,0.142569640,0.257628053,0.833425595
13,249,211318720,67,0.344469294,0.142569640,0.257628053,0.852366955
20,249,211318720,67,0.361632437,0.142569640,0.257628053,0.858506086
15,249,211318720,67,0.641821253,0.142569640,0.257628053,0.945521686
14,249,211318720,67,0.657349375,0.142569640,0.257628053,0.952956615
7,249,211318720,67,0.797075940,0.142569640,0.257628053,1.109169180
12,249,211318720,67,0.852526209,0.142569640,0.257628053,1.191484874
1,249,211318720,67,0.864295067,0.142569640,0.257628053,1.203033884
2,249,211318720,67,0.954668946,0.142569640,0.257628053,1.233510412
8,249,211318720,67,1.596542165,0.142569640,0.257628053,1.117821922
9,249,211318720,67,1.793468726,0.142569640,0.257628053,1.195299286
10,249,211318720,67,1.865638838,0.142569640,0.257628053,1.218634878
19,249,211318720,67,2.457349183,0.142569640,0.257628053,1.023265700
19,250,211318720,67,0.226085727,0.142569640,0.070577376,0.280481565
10,250,211318720,67,0.267160196,0.142569640,0.070577376,0.403039177
11,250,211318720,67,0.276768636,0.142569640,0.070577376,0.424954566
9,250,211318720,67,0.312623293,0.142569640,0.070577376,0.483610560
5,250,211318720,67,0.315211100,0.142569640,0.070577376,0.486242390
17,250,211318720,67,0.324270546,0.142569640,0.070577376,0.489657262
13,250,211318720,67,0.536099314,0.142569640,0.070577376,0.593879659
15,250,211318720,67,0.571552406,0.142569640,0.070577376,0.649075076
4,250,211318720,67,0.665658623,0.142569640,0.070577376,0.879172373
18,250,211318720,67,0.693604386,0.142569640,0.070577376,0.970515842
12,250,211318720,67,0.705718568,0.142569640,0.070577376,1.007209453
1,250,211318720,67,0.740833922,0.142569640,0.070577376,1.096024606
6,250,211318720,67,0.784674756,0.142569640,0.070577376,1.198216023
7,250,211318720,67,0.789062176,0.142569640,0.070577376,1.205392846
3,250,211318720,67,0.825358556,0.142569640,0.070577376,1.241531780
8,250,211318720,67,0.872485984,0.142569640,0.070577376,1.257267137
2,250,211318720,67,1.022680714,0.142569640,0.070577376,1.369566035
20,250,211318720,67,1.111315946,0.142569640,0.070577376,1.458949502
16,250,211318720,67,1.116684898,0.142569640,0.070577376,1.460823167
14,250,211318720,67,1.896146303,0.142569640,0.070577376,1.204702670
4,251,211318720,67,0.217930335,0.142569640,0.061724100,0.182046025
20,251,211318720,67,0.234315817,0.142569640,0.061724100,0.215560360
3,251,211318720,67,0.321654473,0.142569640,0.061724100,0.448901124
2,251,211318720,67,0.322958332,0.142569640,0.061724100,0.451930236
14,251,211318720,67,0.366385622,0.142569640,0.061724100,0.524447358
7,251,211318720,67,0.393302416,0.142569640,0.061724100,0.550614428
15,251,211318720,67,0.403693813,0.142569640,0.061724100,0.561410666
9,251,211318720,67,0.534377012,0.142569640,0.061724100,0.678600888
19,251,211318720,67,0.567480814,0.142569640,0.061724100,0.689001184
11,251,211318720,67,0.714019269,0.142569640,0.061724100,0.869671208
10,251,211318720,67,0.756462205,0.142569640,0.061724100,0.968814066
12,251,211318720,67,0.789062176,0.142569640,0.061724100,1.023266881
13,251,211318720,67,0.827379011,0.142569640,0.061724100,1.061241250
16,251,211318720,67,0.852526209,0.142569640,0.061724100,1.069501937
6,251,211318720,67,0.995623028,0.142569640,0.061724100,1.211578554
5,251,211318720,67,1.002541407,0.142569640,0.061724100,1.218310316
8,251,211318720,67,1.128887111,0.142569640,0.061724100,1.260783511
1,251,211318720,67,1.523230982,0.142569640,0.061724100,1.225871110
18,251,211318720,67,1.725062605,0.142569640,0.061724100,1.254805450
17,251,211318720,67,1.824258536,0.142569640,0.061724100,1.221742426
6,252,211318720,67,0.159832671,0.142569640,0.073750354,0.158695660
9,252,211318720,67,0.226085727,0.142569640,0.073750354,0.374570232
16,252,211318720,67,0.237772175,0.142569640,0.073750354,0.417621136
19,252,211318720,67,0.276768636,0.142569640,0.073750354,0.560857074
2,252,211318720,67,0.308736619,0.142569640,0.073750354,0.678866310
20,252,211318720,67,0.324270546,0.142569640,0.073750354,0.725947531
15,252,211318720,67,0.336410426,0.142569640,0.073750354,0.753520242
7,252,211318720,67,0.347657612,0.142569640,0.073750354,0.772861837
5,252,211318720,67,0.393302416,0.142569640,0.073750354,0.818638133
17,252,211318720,67,0.404488862,0.142569640,0.073750354,0.821090246
3,252,211318720,67,0.551085968,0.142569640,0.073750354,1.040148372
4,252,211318720,67,0.553788214,0.142569640,0.073750354,1.042949046
1,252,211318720,67,0.574706598,0.142569640,0.073750354,1.049433523
11,252,211318720,67,0.825358556,0.142569640,0.073750354,1.122205209
8,252,211318720,67,0.891643720,0.142569640,0.073750354,1.189334516
13,252,211318720,67,0.954668946,0.142569640,0.073750354,1.210177706
18,252,211318720,67,1.511291707,0.142569640,0.073750354,1.122126517
12,252,211318720,67,1.713347893,0.142569640,0.073750354,1.193805106
14,252,211318720,67,1.793468726,0.142569640,0.073750354,1.222119586
10,252,211318720,67,2.109842029,0.142569640,0.073750354,1.117429261
17,253,211318720,67,0.232700882,0.142569640,0.015311253,0.175126545
1,253,211318720,67,0.260706753,0.142569640,0.015311253,0.222104858
20,253,211318720,67,0.302606758,0.142569640,0.015311253,0.307433553
10,253,211318720,67,0.373230917,0.142569640,0.015311253,0.425554455
8,253,211318720,67,0.403555524,0.142569640,0.015311253,0.479317149
19,253,211318720,67,0.420895631,0.142569640,0.015311253,0.520172718
7,253,211318720,67,0.520566537,0.142569640,0.015311253,0.721985803
9,253,211318720,67,0.536351797,0.142569640,0.015311253,0.747455039
5,253,211318720,67,0.546457903,0.142569640,0.015311253,0.757806349
6,253,211318720,67,0.610218416,0.142569640,0.015311253,0.778863511
12,253,211318720,67,0.804758036,0.142569640,0.015311253,0.865578215
11,253,211318720,67,0.864295067,0.142569640,0.015311253,1.012849667
13,253,211318720,67,0.945352308,0.142569640,0.015311253,1.220641438
18,253,211318720,67,0.947065037,0.142569640,0.015311253,1.224691948
16,253,211318720,67,0.954724739,0.142569640,0.015311253,1.237724494
14,253,211318720,67,0.988028436,0.142569640,0.015311253,1.270424153
15,253,211318720,67,1.060038343,0.142569640,0.015311253,1.295087124
2,253,211318720,67,1.923800267,0.142569640,0.015311253,1.123773849
4,253,211318720,67,2.038813067,0.142569640,0.015311253,1.162728041
3,253,211318720,67,2.105592253,0.142569640,0.015311253,1.140470834
16,254,211318720,67,0.217930335,0.142569640,0.028901797,0.374871709
1,254,211318720,67,0.232700882,0.142569640,0.028901797,0.429258597
6,254,211318720,67,0.260799843,0.142569640,0.028901797,0.527047813
15,254,211318720,67,0.276768636,0.142569640,0.028901797,0.585223625
9,254,211318720,67,0.282341637,0.142569640,0.028901797,0.601755522
14,254,211318720,67,0.302606758,0.142569640,0.028901797,0.648886526
12,254,211318720,67,0.315211100,0.142569640,0.028901797,0.670175702
10,254,211318720,67,0.383998747,0.142569640,0.028901797,0.738267834
19,254,211318720,67,0.403693813,0.142569640,0.028901797,0.744878655
18,254,211318720,67,0.571552406,0.142569640,0.028901797,0.904878505
5,254,211318720,67,0.639616655,0.142569640,0.028901797,1.066040692
13,254,211318720,67,0.657349375,0.142569640,0.028901797,1.118663946
2,254,211318720,67,0.665658623,0.142569640,0.028901797,1.138108244
20,254,211318720,67,0.739576138,0.142569640,0.028901797,1.299936528
11,254,211318720,67,0.757735724,0.142569640,0.028901797,1.330648833
7,254,211318720,67,0.776878998,0.142569640,0.028901797,1.349965130
17,254,211318720,67,0.826010299,0.142569640,0.028901797,1.367053511
3,254,211318720,67,1.273044793,0.142569640,0.028901797,1.317741464
4,254,211318720,67,1.725062605,0.142569640,0.028901797,1.262913213
8,254,211318720,67,2.457349183,0.142569640,0.028901797,1.021825423
6,255,211318720,67,0.159832671,0.142569640,0.033951275,0.238568901
14,255,211318720,67,0.170050472,0.142569640,0.033951275,0.255752187
3,255,211318720,67,0.190995170,0.142569640,0.033951275,0.277284134
11,255,211318720,67,0.260706753,0.142569640,0.033951275,0.308037306
20,255,211318720,67,0.393302416,0.142569640,0.033951275,0.442298353
17,255,211318720,67,0.403555524,0.142569640,0.033951275,0.458836710
7,255,211318720,67,0.535153629,0.142569640,0.033951275,0.756471481
16,255,211318720,67,0.536099314,0.142569640,0.033951275,0.758689007
9,255,211318720,67,0.553788214,0.142569640,0.033951275,0.787237117
19,255,211318720,67,0.610859170,0.142569640,0.033951275,0.843952300
12,255,211318720,67,0.617606167,0.142569640,0.033951275,0.847781993
13,255,211318720,67,0.757735724,0.142569640,0.033951275,0.995776660
4,255,211318720,67,0.776878998,0.142569640,0.033951275,1.015530444
10,255,211318720,67,0.873971227,0.142569640,0.033951275,1.047185105
1,255,211318720,67,1.031384999,0.142569640,0.033951275,1.099749789
8,255,211318720,67,1.160127393,0.142569640,0.033951275,1.142484321
15,255,211318720,67,1.511291707,0.142569640,0.033951275,1.151515156
5,255,211318720,67,1.610014847,0.142569640,0.033951275,1.185764453
18,255,211318720,67,1.857549577,0.142569640,0.033951275,1.198820491
2,255,211318720,67,1.947242268,0.142569640,0.033951275,1.168924236
8,256,211318720,67,0.245527101,0.142569640,0.009923280,0.293201535
16,256,211318720,67,0.260799843,0.142569640,0.009923280,0.339564520
11,256,211318720,67,0.297778627,0.142569640,0.009923280,0.425835051
12,256,211318720,67,0.304117078,0.142569640,0.009923280,0.436239819
9,256,211318720,67,0.341878324,0.142569640,0.009923280,0.474862918
4,256,211318720,67,0.366385622,0.142569640,0.009923280,0.483057379
10,256,211318720,67,0.536351797,0.142569640,0.009923280,0.689237066
3,256,211318720,67,0.610859170,0.142569640,0.009923280,0.912580479
17,256,211318720,67,0.617606167,0.142569640,0.009923280,0.928536664
20,256,211318720,67,0.620453832,0.142569640,0.009923280,0.933290564
5,256,211318720,67,0.641821253,0.142569640,0.009923280,0.955162330
15,256,211318720,67,0.652480462,0.142569640,0.009923280,0.962358361
18,256,211318720,67,0.789062176,0.142569640,0.009923280,1.077194497
14,256,211318720,67,0.826010299,0.142569640,0.009923280,1.089055777
19,256,211318720,67,0.988028436,0.142569640,0.009923280,1.132939497
7,256,211318720,67,1.128887111,0.142569640,0.009923280,1.202268838
1,256,211318720,67,1.237330448,0.142569640,0.009923280,1.240571483
6,256,211318720,67,1.535311201,0.142569640,0.009923280,1.236013781
2,256,211318720,67,1.714394872,0.142569640,0.009923280,1.271781869
13,256,211318720,67,1.793468726,0.142569640,0.009923280,1.245428545
11,257,211318720,67,0.217930335,0.142569640,0.032844275,0.393748803
14,257,211318720,67,0.228738980,0.142569640,0.032844275,0.433853935
6,257,211318720,67,0.260799843,0.142569640,0.032844275,0.550241601
9,257,211318720,67,0.261216707,0.142569640,0.032844275,0.551540571
1,257,211318720,67,0.275318730,0.142569640,0.032844275,0.594251604
3,257,211318720,67,0.307420428,0.142569640,0.032844275,0.668423400
4,257,211318720,67,0.315211100,0.142569640,0.032844275,0.681738191
13,257,211318720,67,0.373230917,0.142569640,0.032844275,0.740663340
17,257,211318720,67,0.403693813,0.142569640,0.032844275,0.757375690
18,257,211318720,67,0.536351797,0.142569640,0.032844275,0.941523777
12,257,211318720,67,0.551085968,0.142569640,0.032844275,0.965748421
10,257,211318720,67,0.610218416,0.142569640,0.032844275,1.033084365
2,257,211318720,67,0.670679398,0.142569640,0.032844275,1.119079589
8,257,211318720,67,0.740833922,0.142569640,0.032844275,1.188562810
16,257,211318720,67,0.775361478,0.142569640,0.032844275,1.199878506
15,257,211318720,67,0.979722881,0.142569640,0.032844275,1.368813541
5,257,211318720,67,1.002541407,0.142569640,0.032844275,1.390337606
19,257,211318720,67,1.031384999,0.142569640,0.032844275,1.400361458
20,257,211318720,67,1.714394872,0.142569640,0.032844275,1.269444808
7,257,211318720,67,1.857549577,0.142569640,0.032844275,1.221754016
2,258,211318720,67,0.260799843,0.142569640,0.006075819,0.181512095
6,258,211318720,67,0.279756404,0.142569640,0.006075819,0.200635785
13,258,211318720,67,0.326199144,0.142569640,0.006075819,0.216858361
8,258,211318720,67,0.535153629,0.142569640,0.006075819,0.330544548
5,258,211318720,67,0.610859170,0.142569640,0.006075819,0.457064265
4,258,211318720,67,0.620453832,0.142569640,0.006075819,0.469955276
1,258,211318720,67,0.670679398,0.142569640,0.006075819,0.539479159
16,258,211318720,67,0.757735724,0.142569640,0.006075819,0.688709080
3,258,211318720,67,0.784674756,0.142569640,0.006075819,0.734674108
20,258,211318720,67,0.812666156,0.142569640,0.006075819,0.762800495
14,258,211318720,67,0.891643720,0.142569640,0.006075819,0.789931024
18,258,211318720,67,1.128887111,0.142569640,0.006075819,0.880248413
10,258,211318720,67,1.160127393,0.142569640,0.006075819,0.890100208
15,258,211318720,67,1.511291707,0.142569640,0.006075819,1.034836111
12,258,211318720,67,1.523230982,0.142569640,0.006075819,1.046540666
11,258,211318720,67,1.535311201,0.142569640,0.006075819,1.050242086
19,258,211318720,67,1.714394872,0.142569640,0.006075819,1.128126897
9,258,211318720,67,1.793468726,0.142569640,0.006075819,1.181573895
17,258,211318720,67,1.896146303,0.142569640,0.006075819,1.216206710
7,258,211318720,67,2.257366711,0.142569640,0.006075819,1.096157378
10,259,211318720,67,0.212159260,0.142569640,0.053778861,0.358036963
16,259,211318720,67,0.228738980,0.142569640,0.053778861,0.444441199
13,259,211318720,67,0.270916061,0.142569640,0.053778861,0.655389441
5,259,211318720,67,0.281175525,0.142569640,0.053778861,0.700213814
6,259,211318720,67,0.282341637,0.142569640,0.053778861,0.704577989
7,259,211318720,67,0.319290461,0.142569640,0.053778861,0.815051794
18,259,211318720,67,0.320898793,0.142569640,0.053778861,0.818862225
2,259,211318720,67,0.325473414,0.142569640,0.053778861,0.826293547
14,259,211318720,67,0.347657612,0.142569640,0.053778861,0.848802748
8,259,211318720,67,0.366385622,0.142569640,0.053778861,0.855011711
15,259,211318720,67,0.520566537,0.142569640,0.053778861,0.987475080
17,259,211318720,67,0.551085968,0.142569640,0.053778861,1.018536878
19,259,211318720,67,0.641821253,0.142569640,0.053778861,1.050205863
3,259,211318720,67,0.948202507,0.142569640,0.053778861,1.136022284
12,259,211318720,67,0.954724739,0.142569640,0.053778861,1.138375401
1,259,211318720,67,1.131835844,0.142569640,0.053778861,1.178022704
4,259,211318720,67,1.273044793,0.142569640,0.053778861,1.226810328
11,259,211318720,67,1.461303474,0.142569640,0.053778861,1.259276024
9,259,211318720,67,1.896146303,0.142569640,0.053778861,1.213989358
20,259,211318720,67,2.257366711,0.142569640,0.053778861,1.096412271
15,260,211318720,67,0.190995170,0.142569640,0.059996441,0.281533028
10,260,211318720,67,0.260706753,0.142569640,0.059996441,0.621837444
13,260,211318720,67,0.261216707,0.142569640,0.059996441,0.624076468
7,260,211318720,67,0.265618424,0.142569640,0.059996441,0.640283134
16,260,211318720,67,0.279756404,0.142569640,0.059996441,0.682810989
20,260,211318720,67,0.281175525,0.142569640,0.059996441,0.686153518
4,260,211318720,67,0.302606758,0.142569640,0.059996441,0.722357736
2,260,211318720,67,0.336410426,0.142569640,0.059996441,0.756724844
18,260,211318720,67,0.344469294,0.142569640,0.059996441,0.759645944
11,260,211318720,67,0.535153629,0.142569640,0.059996441,0.901257292
19,260,211318720,67,0.536099314,0.142569640,0.059996441,0.902176631
6,260,211318720,67,0.657349375,0.142569640,0.059996441,0.972238059
14,260,211318720,67,0.757735724,0.142569640,0.059996441,1.073677373
9,260,211318720,67,0.797075940,0.142569640,0.059996441,1.087713823
17,260,211318720,67,0.948202507,0.142569640,0.059996441,1.133637776
8,260,211318720,67,1.096200980,0.142569640,0.059996441,1.179106279
12,260,211318720,67,1.290645430,0.142569640,0.059996441,1.210039384
5,260,211318720,67,1.714394872,0.142569640,0.059996441,1.186335176
1,260,211318720,67,1.824258536,0.142569640,0.059996441,1.222348054
3,260,211318720,67,1.923800267,0.142569640,0.059996441,1.189171315
14,261,211318720,67,0.324270546,0.142569640,0.001320031,0.276006369
20,261,211318720,67,0.336410426,0.142569640,0.001320031,0.304617395
2,261,211318720,67,0.361632437,0.142569640,0.001320031,0.346837836
1,261,211318720,67,0.403555524,0.142569640,0.001320031,0.389227350
15,261,211318720,67,0.423346588,0.142569640,0.001320031,0.399949441
5,261,211318720,67,0.560130122,0.142569640,0.001320031,0.638115303
12,261,211318720,67,0.574706598,0.142569640,0.001320031,0.662241981
16,261,211318720,67,0.582632074,0.142569640,0.001320031,0.669606898
7,261,211318720,67,0.663109918,0.142569640,0.001320031,0.703172341
8,261,211318720,67,0.797075940,0.142569640,0.001320031,0.867916535
10,261,211318720,67,0.826010299,0.142569640,0.001320031,0.912873961
4,261,211318720,67,0.873971227,0.142569640,0.001320031,0.974750097
18,261,211318720,67,0.945352308,0.142569640,0.001320031,1.044819675
6,261,211318720,67,0.995623028,0.142569640,0.001320031,1.080130144
19,261,211318720,67,1.111315946,0.142569640,0.001320031,1.119384804
11,261,211318720,67,1.523230982,0.142569640,0.001320031,1.077770174
13,261,211318720,67,1.680701976,0.142569640,0.001320031,1.121047878
9,261,211318720,67,2.042732406,0.142569640,0.001320031,1.093517156
3,261,211318720,67,2.264199624,0.142569640,0.001320031,1.114370575
17,261,211318720,67,2.457349183,0.142569640,0.001320031,1.050137720
7,262,211318720,67,0.159832671,0.142569640,0.007557511,0.148916397
2,262,211318720,67,0.232700882,0.142569640,0.007557511,0.403569348
6,262,211318720,67,0.270916061,0.142569640,0.007557511,0.519137516
14,262,211318720,67,0.276768636,0.142569640,0.007557511,0.532327329
13,262,211318720,67,0.281175525,0.142569640,0.007557511,0.539584054
18,262,211318720,67,0.301060295,0.142569640,0.007557511,0.559598695
8,262,211318720,67,0.320898793,0.142569640,0.007557511,0.566002273
3,262,211318720,67,0.560130122,0.142569640,0.007557511,0.608606349
20,262,211318720,67,0.661357665,0.142569640,0.007557511,0.685122490
19,262,211318720,67,0.739576138,0.142569640,0.007557511,0.739746963
17,262,211318720,67,0.864295067,0.142569640,0.007557511,1.003047410
10,262,211318720,67,0.867710627,0.142569640,0.007557511,1.013303500
1,262,211318720,67,0.873971227,0.142569640,0.007557511,1.028209565
16,262,211318720,67,0.947065037,0.142569640,0.007557511,1.150461081
15,262,211318720,67,0.988766129,0.142569640,0.007557511,1.194427552
5,262,211318720,67,1.002541407,0.142569640,0.007557511,1.208545637
11,262,211318720,67,1.128887111,0.142569640,0.007557511,1.250801097
12,262,211318720,67,1.461303474,0.142569640,0.007557511,1.280092332
9,262,211318720,67,1.535311201,0.142569640,0.007557511,1.304443332
4,262,211318720,67,1.923800267,0.142569640,0.007557511,1.175248100
17,263,211318720,67,0.226085727,0.142569640,0.030609302,0.347977378
14,263,211318720,67,0.234315817,0.142569640,0.030609302,0.377861487
10,263,211318720,67,0.237772175,0.142569640,0.030609302,0.388256516
11,263,211318720,67,0.281175525,0.142569640,0.030609302,0.488576837
7,263,211318720,67,0.325473414,0.142569640,0.030609302,0.563377437
4,263,211318720,67,0.336410426,0.142569640,0.030609302,0.574343668
12,263,211318720,67,0.347657612,0.142569640,0.030609302,0.578094505
3,263,211318720,67,0.620453832,0.142569640,0.030609302,0.749727875
20,263,211318720,67,0.661357665,0.142569640,0.030609302,0.817937648
9,263,211318720,67,0.670679398,0.142569640,0.030609302,0.833626285
1,263,211318720,67,0.706047967,0.142569640,0.030609302,0.868786061
6,263,211318720,67,0.804758036,0.142569640,0.030609302,1.009106136
15,263,211318720,67,0.860904080,0.142569640,0.030609302,1.115082418
8,263,211318720,67,0.873971227,0.142569640,0.030609302,1.137056210
2,263,211318720,67,0.954668946,0.142569640,0.030609302,1.242322372
19,263,211318720,67,0.979722881,0.142569640,0.030609302,1.274907537
5,263,211318720,67,1.060038343,0.142569640,0.030609302,1.354430959
18,263,211318720,67,1.111315946,0.142569640,0.030609302,1.370713244
13,263,211318720,67,1.680701976,0.142569640,0.030609302,1.273534897
16,263,211318720,67,2.042732406,0.142569640,0.030609302,1.152262284
18,264,211318720,67,0.212159260,0.142569640,0.027836982,0.294074934
19,264,211318720,67,0.226085727,0.142569640,0.027836982,0.336405914
16,264,211318720,67,0.260799843,0.142569640,0.027836982,0.472985505
6,264,211318720,67,0.279756404,0.142569640,0.027836982,0.542745969
4,264,211318720,67,0.312623293,0.142569640,0.027836982,0.640556150
14,264,211318720,67,0.325473414,0.142569640,0.027836982,0.670178300
3,264,211318720,67,0.370342648,0.142569640,0.027836982,0.745928593
9,264,211318720,67,0.373230917,0.142569640,0.027836982,0.748978397
2,264,211318720,67,0.383998747,0.142569640,0.027836982,0.752211168
7,264,211318720,67,0.552859885,0.142569640,0.027836982,0.879607466
1,264,211318720,67,0.617606167,0.142569640,0.027836982,0.959102640
5,264,211318720,67,0.641821253,0.142569640,0.027836982,0.998363687
8,264,211318720,67,0.739576138,0.142569640,0.027836982,1.197966646
13,264,211318720,67,0.769100771,0.142569640,0.027836982,1.247180043
12,264,211318720,67,0.776878998,0.142569640,0.027836982,1.254990019
11,264,211318720,67,0.827240809,0.142569640,0.027836982,1.299210907
20,264,211318720,67,0.945352308,0.142569640,0.027836982,1.417814263
10,264,211318720,67,0.954668946,0.142569640,0.027836982,1.421568103
17,264,211318720,67,1.160127393,0.142569640,0.027836982,1.449020945
15,264,211318720,67,2.257366711,0.142569640,0.027836982,1.078574227
17,265,211318720,67,0.226085727,0.142569640,0.015226000,0.339976395
12,265,211318720,67,0.267160196,0.142569640,0.015226000,0.511945950
6,265,211318720,67,0.272470717,0.142569640,0.015226000,0.534936234
14,265,211318720,67,0.281175525,0.142569640,0.015226000,0.567445977
1,265,211318720,67,0.301060295,0.142569640,0.015226000,0.627255361
3,265,211318720,67,0.307420428,0.142569640,0.015226000,0.642128464
20,265,211318720,67,0.341878324,0.142569640,0.015226000,0.699973047
5,265,211318720,67,0.383998747,0.142569640,0.015226000,0.742205194
9,265,211318720,67,0.403555524,0.142569640,0.015226000,0.748480288
16,265,211318720,67,0.567480814,0.142569640,0.015226000,1.055541450
19,265,211318720,67,0.582632074,0.142569640,0.015226000,1.101308153
13,265,211318720,67,0.610218416,0.142569640,0.015226000,1.165649765
18,265,211318720,67,0.632038567,0.142569640,0.015226000,1.202504549
4,265,211318720,67,0.661357665,0.142569640,0.015226000,1.251184554
8,265,211318720,67,0.663109918,0.142569640,0.015226000,1.252843302
10,265,211318720,67,0.775361478,0.142569640,0.015226000,1.333605175
11,265,211318720,67,0.852526209,0.142569640,0.015226000,1.359993927
2,265,211318720,67,1.535311201,0.142569640,0.015226000,1.230634528
7,265,211318720,67,1.713347893,0.142569640,0.015226000,1.267127509
15,265,211318720,67,2.109842029,0.142569640,0.015226000,1.136329978
16,266,211318720,67,0.267160196,0.142569640,0.034359045,0.078147477
5,266,211318720,67,0.383998747,0.142569640,0.034359045,0.196206963
14,266,211318720,67,0.386616146,0.142569640,0.034359045,0.197022143
15,266,211318720,67,0.567480814,0.142569640,0.034359045,0.401932946
17,266,211318720,67,0.571552406,0.142569640,0.034359045,0.408879698
3,266,211318720,67,0.652480462,0.142569640,0.034359045,0.567081081
10,266,211318720,67,0.654253417,0.142569640,0.034359045,0.571192873
11,266,211318720,67,0.739576138,0.142569640,0.034359045,0.750356014
18,266,211318720,67,0.756462205,0.142569640,0.034359045,0.777817286
1,266,211318720,67,0.775361478,0.142569640,0.034359045,0.796427903
2,266,211318720,67,0.827379011,0.142569640,0.034359045,0.813785287
19,266,211318720,67,0.979722881,0.142569640,0.034359045,0.861173228
6,266,211318720,67,1.116684898,0.142569640,0.034359045,0.974789949
7,266,211318720,67,1.160127393,0.142569640,0.034359045,0.990200028
9,266,211318720,67,1.523230982,0.142569640,0.034359045,0.964230237
4,266,211318720,67,1.725062605,0.142569640,0.034359045,1.042894280
13,266,211318720,67,1.793468726,0.142569640,0.034359045,1.074652708
20,266,211318720,67,1.923800267,0.142569640,0.034359045,1.132878235
8,266,211318720,67,2.042732406,0.142569640,0.034359045,1.173111260
12,266,211318720,67,2.672887813,0.142569640,0.034359045,0.965339271
2,267,211318720,67,0.168914176,0.142569640,0.108358316,0.103675979
5,267,211318720,67,0.260799843,0.142569640,0.108358316,0.363690050
13,267,211318720,67,0.282341637,0.142569640,0.108358316,0.444369330
20,267,211318720,67,0.307420428,0.142569640,0.108358316,0.536986384
17,267,211318720,67,0.321654473,0.142569640,0.108358316,0.579117964
9,267,211318720,67,0.326199144,0.142569640,0.108358316,0.589672364
10,267,211318720,67,0.403555524,0.142569640,0.108358316,0.717760215
1,267,211318720,67,0.403693813,0.142569640,0.108358316,0.717893233
19,267,211318720,67,0.420895631,0.142569640,0.108358316,0.723390020
18,267,211318720,67,0.574706598,0.142569640,0.108358316,0.768434130
15,267,211318720,67,0.757735724,0.142569640,0.108358316,0.935332506
8,267,211318720,67,0.812666156,0.142569640,0.108358316,1.068707059
3,267,211318720,67,0.826010299,0.142569640,0.108358316,1.099518519
14,267,211318720,67,0.872485984,0.142569640,0.108358316,1.177250607
4,267,211318720,67,0.891643720,0.142569640,0.108358316,1.196122497
11,267,211318720,67,0.948202507,0.142569640,0.108358316,1.214314008
16,267,211318720,67,1.128887111,0.142569640,0.108358316,1.250038056
12,267,211318720,67,1.713347893,0.142569640,0.108358316,1.153853789
7,267,211318720,67,2.109842029,0.142569640,0.108358316,1.114255888
6,267,211318720,67,2.791424288,0.142569640,0.108358316,0.888801240
3,268,211318720,67,0.217930335,0.142569640,0.026184475,0.327169359
2,268,211318720,67,0.224084398,0.142569640,0.026184475,0.346002225
20,268,211318720,67,0.260799843,0.142569640,0.026184475,0.465413844
17,268,211318720,67,0.281175525,0.142569640,0.026184475,0.526598400
14,268,211318720,67,0.308736619,0.142569640,0.026184475,0.590136299
19,268,211318720,67,0.309338144,0.142569640,0.026184475,0.591120382
10,268,211318720,67,0.370342648,0.142569640,0.026184475,0.651601330
18,268,211318720,67,0.386616146,0.142569640,0.026184475,0.663077550
8,268,211318720,67,0.520566537,0.142569640,0.026184475,0.854359756
16,268,211318720,67,0.546457903,0.142569640,0.026184475,0.891915456
12,268,211318720,67,0.560130122,0.142569640,0.026184475,0.911865082
7,268,211318720,67,0.670679398,0.142569640,0.026184475,1.024925462
6,268,211318720,67,0.693604386,0.142569640,0.026184475,1.038989246
9,268,211318720,67,0.827240809,0.142569640,0.026184475,1.082407224
15,268,211318720,67,1.002541407,0.142569640,0.026184475,1.129186018
4,268,211318720,67,1.131835844,0.142569640,0.026184475,1.173671606
5,268,211318720,67,1.824258536,0.142569640,0.026184475,1.091088691
13,268,211318720,67,1.896146303,0.142569640,0.026184475,1.115719876
11,268,211318720,67,2.109842029,0.142569640,0.026184475,1.138812102
1,268,211318720,67,2.257366711,0.142569640,0.026184475,1.089559250
12,269,211318720,67,0.234315817,0.142569640,0.063426197,0.338861741
10,269,211318720,67,0.267160196,0.142569640,0.063426197,0.438150121
17,269,211318720,67,0.277635449,0.142569640,0.063426197,0.462006904
8,269,211318720,67,0.278869708,0.142569640,0.063426197,0.464075334
3,269,211318720,67,0.282341637,0.142569640,0.063426197,0.467759398
7,269,211318720,67,0.341878324,0.142569640,0.063426197,0.488370217
13,269,211318720,67,0.535153629,0.142569640,0.063426197,0.675398229
4,269,211318720,67,0.536351797,0.142569640,0.063426197,0.679885936
15,269,211318720,67,0.639616655,0.142569640,0.063426197,1.045344651
6,269,211318720,67,0.652480462,0.142569640,0.063426197,1.092415640
11,269,211318720,67,0.663109918,0.142569640,0.063426197,1.124063672
2,269,211318720,67,0.665658623,0.142569640,0.063426197,1.129980440
1,269,211318720,67,0.672613130,0.142569640,0.063426197,1.141152932
14,269,211318720,67,0.706047967,0.142569640,0.063426197,1.190172811
5,269,211318720,67,0.775361478,0.142569640,0.063426197,1.259536668
20,269,211318720,67,0.825358556,0.142569640,0.063426197,1.289111260
18,269,211318720,67,0.947065037,0.142569640,0.063426197,1.438283320
16,269,211318720,67,0.995623028,0.142569640,0.063426197,1.486776116
9,269,211318720,67,1.022680714,0.142569640,0.063426197,1.495798978
19,269,211318720,67,1.111315946,0.142569640,0.063426197,1.466258528
3,270,211318720,67,0.272470717,0.142569640,0.092968740,0.391533413
7,270,211318720,67,0.278869708,0.142569640,0.092968740,0.419059882
19,270,211318720,67,0.286261592,0.142569640,0.092968740,0.446539828
17,270,211318720,67,0.304117078,0.142569640,0.092968740,0.500752014
16,270,211318720,67,0.326199144,0.142569640,0.092968740,0.552704430
6,270,211318720,67,0.383998747,0.142569640,0.092968740,0.649233900
11,270,211318720,67,0.403555524,0.142569640,0.092968740,0.668579547
9,270,211318720,67,0.403693813,0.142569640,0.092968740,0.668622218
10,270,211318720,67,0.553788214,0.142569640,0.092968740,0.775218861
1,270,211318720,67,0.639616655,0.142569640,0.092968740,0.877082418
5,270,211318720,67,0.661357665,0.142569640,0.092968740,0.898968307
13,270,211318720,67,0.756462205,0.142569640,0.092968740,1.006383964
15,270,211318720,67,0.826010299,0.142569640,0.092968740,1.138206730
12,270,211318720,67,0.864295067,0.142569640,0.092968740,1.202508186
14,270,211318720,67,0.891643720,0.142569640,0.092968740,1.229697040
8,270,211318720,67,0.945352308,0.142569640,0.092968740,1.248258568
20,270,211318720,67,1.290645430,0.142569640,0.092968740,1.230108617
4,270,211318720,67,1.596542165,0.142569640,0.092968740,1.311374768
2,270,211318720,67,1.610014847,0.142569640,0.092968740,1.315743091
18,270,211318720,67,1.865638838,0.142569640,0.092968740,1.230032888
4,271,211318720,67,0.212159260,0.142569640,0.050645277,0.225861140
5,271,211318720,67,0.234315817,0.142569640,0.050645277,0.292464566
7,271,211318720,67,0.301060295,0.142569640,0.050645277,0.559554266
10,271,211318720,67,0.301070971,0.142569640,0.050645277,0.559590467
18,271,211318720,67,0.326199144,0.142569640,0.050645277,0.635675462
9,271,211318720,67,0.344469294,0.142569640,0.050645277,0.678014855
20,271,211318720,67,0.383998747,0.142569640,0.050645277,0.743739057
12,271,211318720,67,0.386616146,0.142569640,0.050645277,0.746300539
14,271,211318720,67,0.393302416,0.142569640,0.050645277,0.748653554
16,271,211318720,67,0.629905459,0.142569640,0.050645277,1.050007219
6,271,211318720,67,0.632038567,0.142569640,0.050645277,1.056644491
13,271,211318720,67,0.641821253,0.142569640,0.050645277,1.079731191
17,271,211318720,67,0.665658623,0.142569640,0.050645277,1.119434982
8,271,211318720,67,0.739576138,0.142569640,0.050645277,1.203126568
3,271,211318720,67,0.756462205,0.142569640,0.050645277,1.220227628
19,271,211318720,67,0.867710627,0.142569640,0.050645277,1.299798563
1,271,211318720,67,0.948202507,0.142569640,0.050645277,1.326539831
11,271,211318720,67,1.131835844,0.142569640,0.050645277,1.407318055
2,271,211318720,67,1.204524366,0.142569640,0.050645277,1.433516211
15,271,211318720,67,2.672887813,0.142569640,0.050645277,0.950182056
3,272,211318720,67,0.212159260,0.142569640,0.043004688,0.205259654
12,272,211318720,67,0.278869708,0.142569640,0.043004688,0.460949561
11,272,211318720,67,0.301060295,0.142569640,0.043004688,0.547828241
15,272,211318720,67,0.312623293,0.142569640,0.043004688,0.590657589
10,272,211318720,67,0.319290461,0.142569640,0.043004688,0.610704582
5,272,211318720,67,0.325051214,0.142569640,0.043004688,0.624153104
13,272,211318720,67,0.373230917,0.142569640,0.043004688,0.704154106
16,272,211318720,67,0.386616146,0.142569640,0.043004688,0.717503890
17,272,211318720,67,0.434644119,0.142569640,0.043004688,0.741199422
18,272,211318720,67,0.567480814,0.142569640,0.043004688,0.918675015
2,272,211318720,67,0.625469962,0.142569640,0.043004688,1.016594357
19,272,211318720,67,0.652480462,0.142569640,0.043004688,1.050198506
20,272,211318720,67,0.654253417,0.142569640,0.043004688,1.052026678
9,272,211318720,67,0.784674756,0.142569640,0.043004688,1.163483587
1,272,211318720,67,0.826010299,0.142569640,0.043004688,1.177805703
7,272,211318720,67,1.022680714,0.142569640,0.043004688,1.227504709
14,272,211318720,67,1.131835844,0.142569640,0.043004688,1.264184888
8,272,211318720,67,1.824258536,0.142569640,0.043004688,1.197785711
6,272,211318720,67,1.865638838,0.142569640,0.043004688,1.212015128
4,272,211318720,67,2.457349183,0.142569640,0.043004688,1.018977668
17,273,211318720,67,0.224084398,0.142569640,0.090632401,0.428742921
14,273,211318720,67,0.232700882,0.142569640,0.090632401,0.454285016
8,273,211318720,67,0.245527101,0.142569640,0.090632401,0.484140722
11,273,211318720,67,0.256746962,0.142569640,0.090632401,0.502895377
19,273,211318720,67,0.260706753,0.142569640,0.090632401,0.506863071
15,273,211318720,67,0.265169537,0.142569640,0.090632401,0.508384223
20,273,211318720,67,0.534377012,0.142569640,0.090632401,0.690067681
1,273,211318720,67,0.546457903,0.142569640,0.090632401,0.709909463
9,273,211318720,67,0.553788214,0.142569640,0.090632401,0.718693258
18,273,211318720,67,0.663109918,0.142569640,0.090632401,0.871178201
16,273,211318720,67,0.693604386,0.142569640,0.090632401,0.908994393
10,273,211318720,67,0.739576138,0.142569640,0.090632401,0.960318420
4,273,211318720,67,0.825358556,0.142569640,0.090632401,1.055268868
6,273,211318720,67,0.872485984,0.142569640,0.090632401,1.126694847
5,273,211318720,67,0.954724739,0.142569640,0.090632401,1.208717401
12,273,211318720,67,0.979722881,0.142569640,0.090632401,1.217239229
13,273,211318720,67,1.204524366,0.142569640,0.090632401,1.237443653
3,273,211318720,67,1.725062605,0.142569640,0.090632401,1.164758391
2,273,211318720,67,1.857549577,0.142569640,0.090632401,1.208506890
7,273,211318720,67,1.947242268,0.142569640,0.090632401,1.178610635
11,274,211318720,67,0.245527101,0.142569640,0.010431349,0.154868648
4,274,211318720,67,0.282341637,0.142569640,0.010431349,0.207784059
19,274,211318720,67,0.336410426,0.142569640,0.010431349,0.298386906
8,274,211318720,67,0.403693813,0.142569640,0.010431349,0.383066327
20,274,211318720,67,0.423346588,0.142569640,0.010431349,0.423101331
13,274,211318720,67,0.520566537,0.142569640,0.010431349,0.668135424
3,274,211318720,67,0.546457903,0.142569640,0.010431349,0.744386627
6,274,211318720,67,0.552859885,0.142569640,0.010431349,0.759622361
2,274,211318720,67,0.571552406,0.142569640,0.010431349,0.791691882
18,274,211318720,67,0.632038567,0.142569640,0.010431349,0.876032302
17,274,211318720,67,0.665658623,0.142569640,0.010431349,0.920501962
15,274,211318720,67,0.739576138,0.142569640,0.010431349,1.033266485
14,274,211318720,67,0.791724166,0.142569640,0.010431349,1.154448862
1,274,211318720,67,0.852526209,0.142569640,0.010431349,1.301559607
5,274,211318720,67,0.864295067,0.142569640,0.010431349,1.337234396
12,274,211318720,67,0.872485984,0.142569640,0.010431349,1.355764766
7,274,211318720,67,0.948202507,0.142569640,0.010431349,1.481657572
16,274,211318720,67,0.979722881,0.142569640,0.010431349,1.513879484
10,274,211318720,67,0.988766129,0.142569640,0.010431349,1.516870277
9,274,211318720,67,1.680701976,0.142569640,0.010431349,1.287670440
9,275,211318720,67,0.159832671,0.142569640,0.028024023,0.077600544
13,275,211318720,67,0.256746962,0.142569640,0.028024023,0.128382846
20,275,211318720,67,0.370342648,0.142569640,0.028024023,0.219323042
1,275,211318720,67,0.434644119,0.142569640,0.028024023,0.243674184
15,275,211318720,67,0.571552406,0.142569640,0.028024023,0.473410871
16,275,211318720,67,0.617606167,0.142569640,0.028024023,0.580668231
5,275,211318720,67,0.639616655,0.142569640,0.028024023,0.621024206
8,275,211318720,67,0.661357665,0.142569640,0.028024023,0.680171515
12,275,211318720,67,0.663109918,0.142569640,0.028024023,0.684395825
7,275,211318720,67,0.775361478,0.142569640,0.028024023,0.962860719
11,275,211318720,67,0.784674756,0.142569640,0.028024023,0.984604173
10,275,211318720,67,0.789062176,0.142569640,0.028024023,0.991847727
3,275,211318720,67,0.825358556,0.142569640,0.028024023,1.028630337
14,275,211318720,67,0.873971227,0.142569640,0.028024023,1.044826709
2,275,211318720,67,1.111315946,0.142569640,0.028024023,1.105236283
6,275,211318720,67,1.204524366,0.142569640,0.028024023,1.246171985
18,275,211318720,67,1.237330448,0.142569640,0.028024023,1.279307716
19,275,211318720,67,1.273044793,0.142569640,0.028024023,1.291437437
17,275,211318720,67,1.680701976,0.142569640,0.028024023,1.253440596
4,275,211318720,67,2.105592253,0.142569640,0.028024023,1.112602155
16,276,211318720,67,0.237772175,0.142569640,0.010367652,0.528697373
1,276,211318720,67,0.256746962,0.142569640,0.010367652,0.640410817
20,276,211318720,67,0.277635449,0.142569640,0.010367652,0.769518581
17,276,211318720,67,0.277977303,0.142569640,0.010367652,0.771469371
3,276,211318720,67,0.279756404,0.142569640,0.010367652,0.780214194
5,276,211318720,67,0.297778627,0.142569640,0.010367652,0.857860757
10,276,211318720,67,0.307296145,0.142569640,0.010367652,0.892774487
15,276,211318720,67,0.322876307,0.142569640,0.010367652,0.939764698
7,276,211318720,67,0.336410426,0.142569640,0.010367652,0.970831892
13,276,211318720,67,0.344469294,0.142569640,0.010367652,0.984479537
4,276,211318720,67,0.393302416,0.142569640,0.010367652,1.033309317
9,276,211318720,67,0.404488862,0.142569640,0.010367652,1.037578387
18,276,211318720,67,0.546457903,0.142569640,0.010367652,1.157174072
14,276,211318720,67,0.582632074,0.142569640,0.010367652,1.182106015
19,276,211318720,67,0.706047967,0.142569640,0.010367652,1.281241619
11,276,211318720,67,0.784674756,0.142569640,0.010367652,1.359964008
2,276,211318720,67,0.827240809,0.142569640,0.010367652,1.372990223
12,276,211318720,67,1.031384999,0.142569640,0.010367652,1.402290068
6,276,211318720,67,1.793468726,0.142569640,0.010367652,1.245824061
8,276,211318720,67,2.038813067,0.142569640,0.010367652,1.165036354
4,277,211318720,67,0.168914176,0.142569640,0.062576495,0.075906725
10,277,211318720,67,0.275318730,0.142569640,0.062576495,0.298593419
11,277,211318720,67,0.307296145,0.142569640,0.062576495,0.352471745
14,277,211318720,67,0.326199144,0.142569640,0.062576495,0.371059301
3,277,211318720,67,0.336410426,0.142569640,0.062576495,0.374897483
16,277,211318720,67,0.546457903,0.142569640,0.062576495,0.611329675
20,277,211318720,67,0.610859170,0.142569640,0.062576495,0.922519104
18,277,211318720,67,0.639616655,0.142569640,0.062576495,1.055698458
7,277,211318720,67,0.641821253,0.142569640,0.062576495,1.065395856
2,277,211318720,67,0.647753259,0.142569640,0.062576495,1.087221991
19,277,211318720,67,0.652480462,0.142569640,0.062576495,1.103895986
5,277,211318720,67,0.654253417,0.142569640,0.062576495,1.109068845
12,277,211318720,67,0.661357665,0.142569640,0.062576495,1.125935988
8,277,211318720,67,0.706047967,0.142569640,0.062576495,1.201019037
17,277,211318720,67,0.769100771,0.142569640,0.062576495,1.293695745
6,277,211318720,67,0.791724166,0.142569640,0.062576495,1.315699648
9,277,211318720,67,0.867710627,0.142569640,0.062576495,1.341659783
15,277,211318720,67,1.311945561,0.142569640,0.062576495,1.292834592
13,277,211318720,67,1.596542165,0.142569640,0.062576495,1.292542251
1,277,211318720,67,2.257366711,0.142569640,0.062576495,1.078400192




































































































































































































































































































































































































































































































































































































































































































































































































































































































































































































































































































