{
  "metric": "flops",
  "flops_per_sec": 5000000000.0,
  "normalization": {
    "type": "affine",
    "a": 132030150.0,
    "b": 792180900.0,
    "desc": "min\u2013max robust (p1\u2013p99)"
  },
  "best_norm": {
    "k": 3,
    "loc": -5.8067544925660295,
    "w": [
      0.4495729322577475,
      0.4001656775797903,
      0.1502613901624621
    ],
    "mu": [
      1.8148390459492436,
      1.8834047730565049,
      1.7779525574346209
    ],
    "sigma": [
      0.001,
      0.02187886201587775,
      0.013457957748224312
    ]
  },
  "best_units": {
    "loc": -4467969850.000001,
    "w": [
      0.4495729322577475,
      0.4001656775797903,
      0.1502613901624621
    ],
    "mu": [
      22.305139378737465,
      22.373705105844728,
      22.268252890222843
    ],
    "sigma": [
      0.001,
      0.02187886201587775,
      0.013457957748224312
    ]
  }
}