{
  "metric": "flops",
  "flops_per_sec": 5000000000.0,
  "normalization": {
    "type": "affine",
    "a": 1188271350.0,
    "b": 3432783900.0,
    "desc": "min\u2013max robust (p1\u2013p99)"
  },
  "best_norm": {
    "k": 3,
    "loc": -1.3400202675152375,
    "w": [
      0.4412450320639789,
      0.4000674961141491,
      0.15868747182187207
    ],
    "mu": [
      0.462410791501015,
      0.7616175473770137,
      0.3620143182863205
    ],
    "sigma": [
      0.01207143400893887,
      0.0749833693953817,
      0.050716207838246985
    ]
  },
  "best_units": {
    "loc": -3411728650.0,
    "w": [
      0.4412450320639789,
      0.4000674961141491,
      0.15868747182187207
    ],
    "mu": [
      22.419048193082666,
      22.718254948958666,
      22.318651719867972
    ],
    "sigma": [
      0.01207143400893887,
      0.0749833693953817,
      0.050716207838246985
    ]
  }
}