{
  "metric": "flops",
  "flops_per_sec": 5000000000.0,
  "normalization": {
    "type": "affine",
    "a": 396090450.0,
    "b": 1452331650.0,
    "desc": "min\u2013max robust (p1\u2013p99)"
  },
  "best_norm": {
    "k": 3,
    "loc": -2.8368176098069613,
    "w": [
      0.15122837375290707,
      0.40002498644596773,
      0.4487466398011253
    ],
    "mu": [
      1.0845075561505213,
      1.2890832362897304,
      1.134476375461238
    ],
    "sigma": [
      0.029537839737983733,
      0.039426135276041,
      0.001000000007327472
    ]
  },
  "best_units": {
    "loc": -3723909550.0000005,
    "w": [
      0.15122837375290707,
      0.40002498644596773,
      0.4487466398011253
    ],
    "mu": [
      22.18094369250906,
      22.38551937264827,
      22.230912511819778
    ],
    "sigma": [
      0.029537839737983733,
      0.039426135276041,
      0.001000000007327472
    ]
  }
}