{
  "metric": "flops",
  "flops_per_sec": 5000000000.0,
  "normalization": {
    "type": "affine",
    "a": 924211050.0,
    "b": 2772633150.0,
    "desc": "min\u2013max robust (p1\u2013p99)"
  },
  "best_norm": {
    "k": 3,
    "loc": -1.6590727121617226,
    "w": [
      0.4374645952396134,
      0.40008494271698336,
      0.16245046204340327
    ],
    "mu": [
      0.6458014570326591,
      0.9040917837091794,
      0.5679851700198629
    ],
    "sigma": [
      0.010308126535981591,
      0.06261112435225326,
      0.04411469348813981
    ]
  },
  "best_units": {
    "loc": -3675788950.0,
    "w": [
      0.4374645952396134,
      0.40008494271698336,
      0.16245046204340327
    ],
    "mu": [
      22.38886475831625,
      22.64715508499277,
      22.311048471303454
    ],
    "sigma": [
      0.010308126535981591,
      0.06261112435225326,
      0.04411469348813981
    ]
  }
}