client-id,round_number,workload,bg-workload,computation-time,client-queue-delay,propagation-delay,station-queue-delay
1,1,26171904,67,0.223165524,0.017657216,0.004892726,0.004967208
5,1,26171904,67,0.352429206,0.017657216,0.004892726,0.006075779
6,1,26171904,67,0.453056387,0.017657216,0.004892726,0.006458916
10,1,26171904,67,0.745708320,0.017657216,0.004892726,0.005694289
2,1,26171904,67,1.151571890,0.017657216,0.004892726,0.005207244
8,1,26171904,67,1.342235562,0.017657216,0.004892726,0.006138694
3,1,26171904,67,1.971122774,0.017657216,0.004892726,0.006023445
9,1,26171904,67,2.811797418,0.017657216,0.004892726,0.006210194
7,1,26171904,67,12.907707029,0.017657216,0.004892726,0.005507312
4,1,26171904,67,15.355632177,0.017657216,0.004892726,0.000005291
1,1,26171904,67,0.223165524,0.017657216,0.037631068,0.005364054
5,1,26171904,67,0.352429206,0.017657216,0.037631068,0.006451657
6,1,26171904,67,0.453056387,0.017657216,0.037631068,0.006150784
10,1,26171904,67,0.745708320,0.017657216,0.037631068,0.006063844
2,1,26171904,67,1.151571890,0.017657216,0.037631068,0.005648647
8,1,26171904,67,1.342235562,0.017657216,0.037631068,0.005382869
3,1,26171904,67,1.971122774,0.017657216,0.037631068,0.005884751
9,1,26171904,67,2.811797418,0.017657216,0.037631068,0.006099335
7,1,26171904,67,12.907707029,0.017657216,0.037631068,0.006221031
4,1,26171904,67,15.355632177,0.017657216,0.037631068,0.000005291
1,1,26171904,67,0.223165524,0.017657216,0.058033485,0.005716246
5,1,26171904,67,0.352429206,0.017657216,0.058033485,0.006519032
6,1,26171904,67,0.453056387,0.017657216,0.058033485,0.005651004
10,1,26171904,67,0.745708320,0.017657216,0.058033485,0.006487648
2,1,26171904,67,1.151571890,0.017657216,0.058033485,0.005642428
8,1,26171904,67,1.342235562,0.017657216,0.058033485,0.005249003
3,1,26171904,67,1.971122774,0.017657216,0.058033485,0.005901490
9,1,26171904,67,2.811797418,0.017657216,0.058033485,0.005770802
7,1,26171904,67,12.907707029,0.017657216,0.058033485,0.006190456
4,1,26171904,67,15.355632177,0.017657216,0.058033485,0.000005291
1,1,26171904,67,0.223165524,0.017657216,0.089179344,0.005200953
5,1,26171904,67,0.352429206,0.017657216,0.089179344,0.006357423
6,1,26171904,67,0.453056387,0.017657216,0.089179344,0.006331758
10,1,26171904,67,0.745708320,0.017657216,0.089179344,0.005662540
2,1,26171904,67,1.151571890,0.017657216,0.089179344,0.005650628
8,1,26171904,67,1.342235562,0.017657216,0.089179344,0.005671223
3,1,26171904,67,1.971122774,0.017657216,0.089179344,0.006398503
9,1,26171904,67,2.811797418,0.017657216,0.089179344,0.005343484
7,1,26171904,67,12.907707029,0.017657216,0.089179344,0.006404250
4,1,26171904,67,15.355632177,0.017657216,0.089179344,0.000005291
1,1,26171904,67,0.223165524,0.017657216,0.011753329,0.006440999
5,1,26171904,67,0.352429206,0.017657216,0.011753329,0.006229530
6,1,26171904,67,0.453056387,0.017657216,0.011753329,0.006458005
10,1,26171904,67,0.745708320,0.017657216,0.011753329,0.005691820
2,1,26171904,67,1.151571890,0.017657216,0.011753329,0.006183602
8,1,26171904,67,1.342235562,0.017657216,0.011753329,0.005436321
3,1,26171904,67,1.971122774,0.017657216,0.011753329,0.005485575
9,1,26171904,67,2.811797418,0.017657216,0.011753329,0.006142615
7,1,26171904,67,12.907707029,0.017657216,0.011753329,0.005803694
4,1,26171904,67,15.355632177,0.017657216,0.011753329,0.000005291
1,2,26171904,67,0.202818356,0.017657216,0.059972007,0.006373626
8,2,26171904,67,0.453056387,0.017657216,0.059972007,0.005473724
2,2,26171904,67,0.615189401,0.017657216,0.059972007,0.006244548
10,2,26171904,67,1.151571890,0.017657216,0.059972007,0.005471468
6,2,26171904,67,1.971122774,0.017657216,0.059972007,0.005098793
9,2,26171904,67,2.022893125,0.017657216,0.059972007,0.005896662
7,2,26171904,67,3.265054836,0.017657216,0.059972007,0.005870908
3,2,26171904,67,5.611598074,0.017657216,0.059972007,0.006168551
4,2,26171904,67,7.593315356,0.017657216,0.059972007,0.006159330
5,2,26171904,67,7.820140080,0.017657216,0.059972007,0.000005291
1,2,26171904,67,0.202818356,0.017657216,0.093066953,0.005921920
8,2,26171904,67,0.453056387,0.017657216,0.093066953,0.005405017
2,2,26171904,67,0.615189401,0.017657216,0.093066953,0.006272028
10,2,26171904,67,1.151571890,0.017657216,0.093066953,0.005549036
6,2,26171904,67,1.971122774,0.017657216,0.093066953,0.005935183
9,2,26171904,67,2.022893125,0.017657216,0.093066953,0.006524729
7,2,26171904,67,3.265054836,0.017657216,0.093066953,0.005463481
3,2,26171904,67,5.611598074,0.017657216,0.093066953,0.005451389
4,2,26171904,67,7.593315356,0.017657216,0.093066953,0.005097267
5,2,26171904,67,7.820140080,0.017657216,0.093066953,0.000005291
1,2,26171904,67,0.202818356,0.017657216,0.004338948,0.006298173
8,2,26171904,67,0.453056387,0.017657216,0.004338948,0.005430013
2,2,26171904,67,0.615189401,0.017657216,0.004338948,0.006803807
10,2,26171904,67,1.151571890,0.017657216,0.004338948,0.006258008
6,2,26171904,67,1.971122774,0.017657216,0.004338948,0.005699863
9,2,26171904,67,2.022893125,0.017657216,0.004338948,0.006086013
7,2,26171904,67,3.265054836,0.017657216,0.004338948,0.006281117
3,2,26171904,67,5.611598074,0.017657216,0.004338948,0.005675189
4,2,26171904,67,7.593315356,0.017657216,0.004338948,0.006617682
5,2,26171904,67,7.820140080,0.017657216,0.004338948,0.000005291
1,2,26171904,67,0.202818356,0.017657216,0.117545158,0.006446891
8,2,26171904,67,0.453056387,0.017657216,0.117545158,0.005698360
2,2,26171904,67,0.615189401,0.017657216,0.117545158,0.005770613
10,2,26171904,67,1.151571890,0.017657216,0.117545158,0.006281749
6,2,26171904,67,1.971122774,0.017657216,0.117545158,0.005966980
9,2,26171904,67,2.022893125,0.017657216,0.117545158,0.006099588
7,2,26171904,67,3.265054836,0.017657216,0.117545158,0.005913638
3,2,26171904,67,5.611598074,0.017657216,0.117545158,0.006379780
4,2,26171904,67,7.593315356,0.017657216,0.117545158,0.006573803
5,2,26171904,67,7.820140080,0.017657216,0.117545158,0.000005291
1,2,26171904,67,0.202818356,0.017657216,0.008728504,0.005665728
8,2,26171904,67,0.453056387,0.017657216,0.008728504,0.006084900
2,2,26171904,67,0.615189401,0.017657216,0.008728504,0.005790154
10,2,26171904,67,1.151571890,0.017657216,0.008728504,0.005941155
6,2,26171904,67,1.971122774,0.017657216,0.008728504,0.006344913
9,2,26171904,67,2.022893125,0.017657216,0.008728504,0.005773410
7,2,26171904,67,3.265054836,0.017657216,0.008728504,0.005734665
3,2,26171904,67,5.611598074,0.017657216,0.008728504,0.005965789
4,2,26171904,67,7.593315356,0.017657216,0.008728504,0.005387787
5,2,26171904,67,7.820140080,0.017657216,0.008728504,0.000005291
1,3,26171904,67,0.202818356,0.017657216,0.149252996,0.005963719
8,3,26171904,67,0.453056387,0.017657216,0.149252996,0.006112055
2,3,26171904,67,0.615189401,0.017657216,0.149252996,0.006169436
10,3,26171904,67,1.151571890,0.017657216,0.149252996,0.006088747
6,3,26171904,67,1.971122774,0.017657216,0.149252996,0.006186759
9,3,26171904,67,2.022893125,0.017657216,0.149252996,0.006094986
7,3,26171904,67,3.265054836,0.017657216,0.149252996,0.006197017
3,3,26171904,67,5.611598074,0.017657216,0.149252996,0.006164105
4,3,26171904,67,7.593315356,0.017657216,0.149252996,0.005123954
5,3,26171904,67,7.820140080,0.017657216,0.149252996,0.000005291
1,3,26171904,67,0.202818356,0.017657216,0.003748616,0.005668227
8,3,26171904,67,0.453056387,0.017657216,0.003748616,0.006452133
2,3,26171904,67,0.615189401,0.017657216,0.003748616,0.005881688
10,3,26171904,67,1.151571890,0.017657216,0.003748616,0.006260074
6,3,26171904,67,1.971122774,0.017657216,0.003748616,0.004999619
9,3,26171904,67,2.022893125,0.017657216,0.003748616,0.006790077
7,3,26171904,67,3.265054836,0.017657216,0.003748616,0.006263642
3,3,26171904,67,5.611598074,0.017657216,0.003748616,0.005916448
4,3,26171904,67,7.593315356,0.017657216,0.003748616,0.005775330
5,3,26171904,67,7.820140080,0.017657216,0.003748616,0.000005291
1,3,26171904,67,0.202818356,0.017657216,0.088464707,0.005843723
8,3,26171904,67,0.453056387,0.017657216,0.088464707,0.005638105
2,3,26171904,67,0.615189401,0.017657216,0.088464707,0.005877213
10,3,26171904,67,1.151571890,0.017657216,0.088464707,0.005685778
6,3,26171904,67,1.971122774,0.017657216,0.088464707,0.006053565
9,3,26171904,67,2.022893125,0.017657216,0.088464707,0.006025269
7,3,26171904,67,3.265054836,0.017657216,0.088464707,0.006514872
3,3,26171904,67,5.611598074,0.017657216,0.088464707,0.005347102
4,3,26171904,67,7.593315356,0.017657216,0.088464707,0.005714208
5,3,26171904,67,7.820140080,0.017657216,0.088464707,0.000005291
1,3,26171904,67,0.202818356,0.017657216,0.037114818,0.006309401
8,3,26171904,67,0.453056387,0.017657216,0.037114818,0.006369028
2,3,26171904,67,0.615189401,0.017657216,0.037114818,0.005839292
10,3,26171904,67,1.151571890,0.017657216,0.037114818,0.006191721
6,3,26171904,67,1.971122774,0.017657216,0.037114818,0.005588057
9,3,26171904,67,2.022893125,0.017657216,0.037114818,0.006472025
7,3,26171904,67,3.265054836,0.017657216,0.037114818,0.006385647
3,3,26171904,67,5.611598074,0.017657216,0.037114818,0.005655871
4,3,26171904,67,7.593315356,0.017657216,0.037114818,0.005934595
5,3,26171904,67,7.820140080,0.017657216,0.037114818,0.000005291
1,3,26171904,67,0.202818356,0.017657216,0.176652789,0.006080254
8,3,26171904,67,0.453056387,0.017657216,0.176652789,0.005462027
2,3,26171904,67,0.615189401,0.017657216,0.176652789,0.005413939
10,3,26171904,67,1.151571890,0.017657216,0.176652789,0.005840141
6,3,26171904,67,1.971122774,0.017657216,0.176652789,0.006169999
9,3,26171904,67,2.022893125,0.017657216,0.176652789,0.005858490
7,3,26171904,67,3.265054836,0.017657216,0.176652789,0.005558869
3,3,26171904,67,5.611598074,0.017657216,0.176652789,0.005279904
4,3,26171904,67,7.593315356,0.017657216,0.176652789,0.005064351
5,3,26171904,67,7.820140080,0.017657216,0.176652789,0.000005291
1,4,26171904,67,0.202818356,0.017657216,0.132858843,0.005804918
8,4,26171904,67,0.453056387,0.017657216,0.132858843,0.005953122
2,4,26171904,67,0.615189401,0.017657216,0.132858843,0.006229761
10,4,26171904,67,1.151571890,0.017657216,0.132858843,0.005838428
6,4,26171904,67,1.971122774,0.017657216,0.132858843,0.005438831
9,4,26171904,67,2.022893125,0.017657216,0.132858843,0.005649669
7,4,26171904,67,3.265054836,0.017657216,0.132858843,0.006592918
3,4,26171904,67,5.611598074,0.017657216,0.132858843,0.005434404
4,4,26171904,67,7.593315356,0.017657216,0.132858843,0.005900267
5,4,26171904,67,7.820140080,0.017657216,0.132858843,0.000005291
1,4,26171904,67,0.202818356,0.017657216,0.052811783,0.005968380
8,4,26171904,67,0.453056387,0.017657216,0.052811783,0.006291265
2,4,26171904,67,0.615189401,0.017657216,0.052811783,0.005265405
10,4,26171904,67,1.151571890,0.017657216,0.052811783,0.006423662
6,4,26171904,67,1.971122774,0.017657216,0.052811783,0.005985632
9,4,26171904,67,2.022893125,0.017657216,0.052811783,0.005965183
7,4,26171904,67,3.265054836,0.017657216,0.052811783,0.005881447
3,4,26171904,67,5.611598074,0.017657216,0.052811783,0.005927357
4,4,26171904,67,7.593315356,0.017657216,0.052811783,0.005780170
5,4,26171904,67,7.820140080,0.017657216,0.052811783,0.000005291
1,4,26171904,67,0.202818356,0.017657216,0.007873013,0.005628364
8,4,26171904,67,0.453056387,0.017657216,0.007873013,0.006422610
2,4,26171904,67,0.615189401,0.017657216,0.007873013,0.005633864
10,4,26171904,67,1.151571890,0.017657216,0.007873013,0.005980448
6,4,26171904,67,1.971122774,0.017657216,0.007873013,0.006539215
9,4,26171904,67,2.022893125,0.017657216,0.007873013,0.006294496
7,4,26171904,67,3.265054836,0.017657216,0.007873013,0.006252122
3,4,26171904,67,5.611598074,0.017657216,0.007873013,0.006698852
4,4,26171904,67,7.593315356,0.017657216,0.007873013,0.006170889
5,4,26171904,67,7.820140080,0.017657216,0.007873013,0.000005291
1,4,26171904,67,0.202818356,0.017657216,0.089712158,0.005956715
8,4,26171904,67,0.453056387,0.017657216,0.089712158,0.006120087
2,4,26171904,67,0.615189401,0.017657216,0.089712158,0.006091413
10,4,26171904,67,1.151571890,0.017657216,0.089712158,0.006614658
6,4,26171904,67,1.971122774,0.017657216,0.089712158,0.005548359
9,4,26171904,67,2.022893125,0.017657216,0.089712158,0.006419253
7,4,26171904,67,3.265054836,0.017657216,0.089712158,0.006096652
3,4,26171904,67,5.611598074,0.017657216,0.089712158,0.005484035
4,4,26171904,67,7.593315356,0.017657216,0.089712158,0.005141854
5,4,26171904,67,7.820140080,0.017657216,0.089712158,0.000005291
1,4,26171904,67,0.202818356,0.017657216,0.003845643,0.006055346
8,4,26171904,67,0.453056387,0.017657216,0.003845643,0.006563569
2,4,26171904,67,0.615189401,0.017657216,0.003845643,0.005278437
10,4,26171904,67,1.151571890,0.017657216,0.003845643,0.006002710
6,4,26171904,67,1.971122774,0.017657216,0.003845643,0.005835522
9,4,26171904,67,2.022893125,0.017657216,0.003845643,0.006098506
7,4,26171904,67,3.265054836,0.017657216,0.003845643,0.005900829
3,4,26171904,67,5.611598074,0.017657216,0.003845643,0.006457575
4,4,26171904,67,7.593315356,0.017657216,0.003845643,0.005939603
5,4,26171904,67,7.820140080,0.017657216,0.003845643,0.000005291
1,5,26171904,67,0.202818356,0.017657216,0.145090058,0.005994579
8,5,26171904,67,0.453056387,0.017657216,0.145090058,0.005865161
2,5,26171904,67,0.615189401,0.017657216,0.145090058,0.005758674
10,5,26171904,67,1.151571890,0.017657216,0.145090058,0.006141119
6,5,26171904,67,1.971122774,0.017657216,0.145090058,0.006060276
9,5,26171904,67,2.022893125,0.017657216,0.145090058,0.005145202
7,5,26171904,67,3.265054836,0.017657216,0.145090058,0.005894835
3,5,26171904,67,5.611598074,0.017657216,0.145090058,0.006182646
4,5,26171904,67,7.593315356,0.017657216,0.145090058,0.006660180
5,5,26171904,67,7.820140080,0.017657216,0.145090058,0.000005291
1,5,26171904,67,0.202818356,0.017657216,0.042665336,0.005669536
8,5,26171904,67,0.453056387,0.017657216,0.042665336,0.005412160
2,5,26171904,67,0.615189401,0.017657216,0.042665336,0.005462060
10,5,26171904,67,1.151571890,0.017657216,0.042665336,0.006739842
6,5,26171904,67,1.971122774,0.017657216,0.042665336,0.005732153
9,5,26171904,67,2.022893125,0.017657216,0.042665336,0.005902309
7,5,26171904,67,3.265054836,0.017657216,0.042665336,0.005538007
3,5,26171904,67,5.611598074,0.017657216,0.042665336,0.006078822
4,5,26171904,67,7.593315356,0.017657216,0.042665336,0.006077089
5,5,26171904,67,7.820140080,0.017657216,0.042665336,0.000005291
1,5,26171904,67,0.202818356,0.017657216,0.016642686,0.005002584
8,5,26171904,67,0.453056387,0.017657216,0.016642686,0.005392214
2,5,26171904,67,0.615189401,0.017657216,0.016642686,0.005947844
10,5,26171904,67,1.151571890,0.017657216,0.016642686,0.006052337
6,5,26171904,67,1.971122774,0.017657216,0.016642686,0.005524246
9,5,26171904,67,2.022893125,0.017657216,0.016642686,0.005995730
7,5,26171904,67,3.265054836,0.017657216,0.016642686,0.006483026
3,5,26171904,67,5.611598074,0.017657216,0.016642686,0.005943107
4,5,26171904,67,7.593315356,0.017657216,0.016642686,0.006626969
5,5,26171904,67,7.820140080,0.017657216,0.016642686,0.000005291
1,5,26171904,67,0.202818356,0.017657216,0.049516328,0.005153387
8,5,26171904,67,0.453056387,0.017657216,0.049516328,0.005110410
2,5,26171904,67,0.615189401,0.017657216,0.049516328,0.006077241
10,5,26171904,67,1.151571890,0.017657216,0.049516328,0.006286535
6,5,26171904,67,1.971122774,0.017657216,0.049516328,0.005598550
9,5,26171904,67,2.022893125,0.017657216,0.049516328,0.006318642
7,5,26171904,67,3.265054836,0.017657216,0.049516328,0.005476242
3,5,26171904,67,5.611598074,0.017657216,0.049516328,0.005158295
4,5,26171904,67,7.593315356,0.017657216,0.049516328,0.006103519
5,5,26171904,67,7.820140080,0.017657216,0.049516328,0.000005291
1,5,26171904,67,0.202818356,0.017657216,0.013048708,0.005227165
8,5,26171904,67,0.453056387,0.017657216,0.013048708,0.006214997
2,5,26171904,67,0.615189401,0.017657216,0.013048708,0.006319250
10,5,26171904,67,1.151571890,0.017657216,0.013048708,0.005968555
6,5,26171904,67,1.971122774,0.017657216,0.013048708,0.005319001
9,5,26171904,67,2.022893125,0.017657216,0.013048708,0.005856064
7,5,26171904,67,3.265054836,0.017657216,0.013048708,0.005295623
3,5,26171904,67,5.611598074,0.017657216,0.013048708,0.006388155
4,5,26171904,67,7.593315356,0.017657216,0.013048708,0.006105878
5,5,26171904,67,7.820140080,0.017657216,0.013048708,0.000005291
1,6,26171904,67,0.202818356,0.017657216,0.016363906,0.005834394
8,6,26171904,67,0.453056387,0.017657216,0.016363906,0.006119552
2,6,26171904,67,0.615189401,0.017657216,0.016363906,0.006119305
10,6,26171904,67,1.151571890,0.017657216,0.016363906,0.006399558
6,6,26171904,67,1.971122774,0.017657216,0.016363906,0.006438991
9,6,26171904,67,2.022893125,0.017657216,0.016363906,0.005182742
7,6,26171904,67,3.265054836,0.017657216,0.016363906,0.006295182
3,6,26171904,67,5.611598074,0.017657216,0.016363906,0.006325209
4,6,26171904,67,7.593315356,0.017657216,0.016363906,0.006008674
5,6,26171904,67,7.820140080,0.017657216,0.016363906,0.000005291
1,6,26171904,67,0.202818356,0.017657216,0.016168263,0.006582272
8,6,26171904,67,0.453056387,0.017657216,0.016168263,0.005580576
2,6,26171904,67,0.615189401,0.017657216,0.016168263,0.005967782
10,6,26171904,67,1.151571890,0.017657216,0.016168263,0.005943519
6,6,26171904,67,1.971122774,0.017657216,0.016168263,0.006067527
9,6,26171904,67,2.022893125,0.017657216,0.016168263,0.006040999
7,6,26171904,67,3.265054836,0.017657216,0.016168263,0.005889827
3,6,26171904,67,5.611598074,0.017657216,0.016168263,0.006234795
4,6,26171904,67,7.593315356,0.017657216,0.016168263,0.006516263
5,6,26171904,67,7.820140080,0.017657216,0.016168263,0.000005291
1,6,26171904,67,0.202818356,0.017657216,0.034363344,0.005742513
8,6,26171904,67,0.453056387,0.017657216,0.034363344,0.006518946
2,6,26171904,67,0.615189401,0.017657216,0.034363344,0.006139950
10,6,26171904,67,1.151571890,0.017657216,0.034363344,0.005688820
6,6,26171904,67,1.971122774,0.017657216,0.034363344,0.006519442
9,6,26171904,67,2.022893125,0.017657216,0.034363344,0.005196366
7,6,26171904,67,3.265054836,0.017657216,0.034363344,0.005656288
3,6,26171904,67,5.611598074,0.017657216,0.034363344,0.006211431
4,6,26171904,67,7.593315356,0.017657216,0.034363344,0.006353351
5,6,26171904,67,7.820140080,0.017657216,0.034363344,0.000005291
1,6,26171904,67,0.202818356,0.017657216,0.056655023,0.005787347
8,6,26171904,67,0.453056387,0.017657216,0.056655023,0.006110341
2,6,26171904,67,0.615189401,0.017657216,0.056655023,0.006358958
10,6,26171904,67,1.151571890,0.017657216,0.056655023,0.006224374
6,6,26171904,67,1.971122774,0.017657216,0.056655023,0.006262582
9,6,26171904,67,2.022893125,0.017657216,0.056655023,0.005996491
7,6,26171904,67,3.265054836,0.017657216,0.056655023,0.005542262
3,6,26171904,67,5.611598074,0.017657216,0.056655023,0.005191139
4,6,26171904,67,7.593315356,0.017657216,0.056655023,0.005541070
5,6,26171904,67,7.820140080,0.017657216,0.056655023,0.000005291
1,6,26171904,67,0.202818356,0.017657216,0.099527717,0.006097114
8,6,26171904,67,0.453056387,0.017657216,0.099527717,0.006063737
2,6,26171904,67,0.615189401,0.017657216,0.099527717,0.005977234
10,6,26171904,67,1.151571890,0.017657216,0.099527717,0.005773379
6,6,26171904,67,1.971122774,0.017657216,0.099527717,0.006180902
9,6,26171904,67,2.022893125,0.017657216,0.099527717,0.006140002
7,6,26171904,67,3.265054836,0.017657216,0.099527717,0.006155184
3,6,26171904,67,5.611598074,0.017657216,0.099527717,0.006422542
4,6,26171904,67,7.593315356,0.017657216,0.099527717,0.006721751
5,6,26171904,67,7.820140080,0.017657216,0.099527717,0.000005291
1,7,26171904,67,0.202818356,0.017657216,0.110413477,0.005903215
8,7,26171904,67,0.453056387,0.017657216,0.110413477,0.005486631
2,7,26171904,67,0.615189401,0.017657216,0.110413477,0.005922792
10,7,26171904,67,1.151571890,0.017657216,0.110413477,0.006182265
6,7,26171904,67,1.971122774,0.017657216,0.110413477,0.005512824
9,7,26171904,67,2.022893125,0.017657216,0.110413477,0.005765834
7,7,26171904,67,3.265054836,0.017657216,0.110413477,0.005911197
3,7,26171904,67,5.611598074,0.017657216,0.110413477,0.006308843
4,7,26171904,67,7.593315356,0.017657216,0.110413477,0.005820672
5,7,26171904,67,7.820140080,0.017657216,0.110413477,0.000005291
1,7,26171904,67,0.202818356,0.017657216,0.027443582,0.005566201
8,7,26171904,67,0.453056387,0.017657216,0.027443582,0.006184684
2,7,26171904,67,0.615189401,0.017657216,0.027443582,0.006990077
10,7,26171904,67,1.151571890,0.017657216,0.027443582,0.005988285
6,7,26171904,67,1.971122774,0.017657216,0.027443582,0.005809976
9,7,26171904,67,2.022893125,0.017657216,0.027443582,0.005461073
7,7,26171904,67,3.265054836,0.017657216,0.027443582,0.005849761
3,7,26171904,67,5.611598074,0.017657216,0.027443582,0.005893190
4,7,26171904,67,7.593315356,0.017657216,0.027443582,0.006162543
5,7,26171904,67,7.820140080,0.017657216,0.027443582,0.000005291
1,7,26171904,67,0.202818356,0.017657216,0.000223543,0.006144365
8,7,26171904,67,0.453056387,0.017657216,0.000223543,0.006038922
2,7,26171904,67,0.615189401,0.017657216,0.000223543,0.006422920
10,7,26171904,67,1.151571890,0.017657216,0.000223543,0.006062612
6,7,26171904,67,1.971122774,0.017657216,0.000223543,0.005762642
9,7,26171904,67,2.022893125,0.017657216,0.000223543,0.006561238
7,7,26171904,67,3.265054836,0.017657216,0.000223543,0.006212709
3,7,26171904,67,5.611598074,0.017657216,0.000223543,0.005468175
4,7,26171904,67,7.593315356,0.017657216,0.000223543,0.005841982
5,7,26171904,67,7.820140080,0.017657216,0.000223543,0.000005291
1,7,26171904,67,0.202818356,0.017657216,0.214548633,0.005521984
8,7,26171904,67,0.453056387,0.017657216,0.214548633,0.005647627
2,7,26171904,67,0.615189401,0.017657216,0.214548633,0.006147694
10,7,26171904,67,1.151571890,0.017657216,0.214548633,0.006424836
6,7,26171904,67,1.971122774,0.017657216,0.214548633,0.006256941
9,7,26171904,67,2.022893125,0.017657216,0.214548633,0.006164328
7,7,26171904,67,3.265054836,0.017657216,0.214548633,0.006011767
3,7,26171904,67,5.611598074,0.017657216,0.214548633,0.006319602
4,7,26171904,67,7.593315356,0.017657216,0.214548633,0.006025746
5,7,26171904,67,7.820140080,0.017657216,0.214548633,0.000005291
1,7,26171904,67,0.202818356,0.017657216,0.023253936,0.006237100
8,7,26171904,67,0.453056387,0.017657216,0.023253936,0.006240190
2,7,26171904,67,0.615189401,0.017657216,0.023253936,0.005793565
10,7,26171904,67,1.151571890,0.017657216,0.023253936,0.005723808
6,7,26171904,67,1.971122774,0.017657216,0.023253936,0.005963312
9,7,26171904,67,2.022893125,0.017657216,0.023253936,0.005709482
7,7,26171904,67,3.265054836,0.017657216,0.023253936,0.006118976
3,7,26171904,67,5.611598074,0.017657216,0.023253936,0.005804947
4,7,26171904,67,7.593315356,0.017657216,0.023253936,0.005470700
5,7,26171904,67,7.820140080,0.017657216,0.023253936,0.000005291
1,8,26171904,67,0.202818356,0.017657216,0.145413071,0.005701504
8,8,26171904,67,0.453056387,0.017657216,0.145413071,0.006037622
2,8,26171904,67,0.615189401,0.017657216,0.145413071,0.006198366
10,8,26171904,67,1.151571890,0.017657216,0.145413071,0.005497481
6,8,26171904,67,1.971122774,0.017657216,0.145413071,0.005820951
9,8,26171904,67,2.022893125,0.017657216,0.145413071,0.005155385
7,8,26171904,67,3.265054836,0.017657216,0.145413071,0.006356726
3,8,26171904,67,5.611598074,0.017657216,0.145413071,0.006174708
4,8,26171904,67,7.593315356,0.017657216,0.145413071,0.006176831
5,8,26171904,67,7.820140080,0.017657216,0.145413071,0.000005291
1,8,26171904,67,0.202818356,0.017657216,0.020766690,0.004132567
8,8,26171904,67,0.453056387,0.017657216,0.020766690,0.006097479
2,8,26171904,67,0.615189401,0.017657216,0.020766690,0.005817565
10,8,26171904,67,1.151571890,0.017657216,0.020766690,0.005715971
6,8,26171904,67,1.971122774,0.017657216,0.020766690,0.006181301
9,8,26171904,67,2.022893125,0.017657216,0.020766690,0.006503707
7,8,26171904,67,3.265054836,0.017657216,0.020766690,0.006114154
3,8,26171904,67,5.611598074,0.017657216,0.020766690,0.006240665
4,8,26171904,67,7.593315356,0.017657216,0.020766690,0.005952253
5,8,26171904,67,7.820140080,0.017657216,0.020766690,0.000005291
1,8,26171904,67,0.202818356,0.017657216,0.009776190,0.005511157
8,8,26171904,67,0.453056387,0.017657216,0.009776190,0.006254347
2,8,26171904,67,0.615189401,0.017657216,0.009776190,0.005391143
10,8,26171904,67,1.151571890,0.017657216,0.009776190,0.006069590
6,8,26171904,67,1.971122774,0.017657216,0.009776190,0.005988351
9,8,26171904,67,2.022893125,0.017657216,0.009776190,0.005782987
7,8,26171904,67,3.265054836,0.017657216,0.009776190,0.005958128
3,8,26171904,67,5.611598074,0.017657216,0.009776190,0.006322573
4,8,26171904,67,7.593315356,0.017657216,0.009776190,0.006171408
5,8,26171904,67,7.820140080,0.017657216,0.009776190,0.000005291
1,8,26171904,67,0.202818356,0.017657216,0.035138484,0.005685547
8,8,26171904,67,0.453056387,0.017657216,0.035138484,0.006279172
2,8,26171904,67,0.615189401,0.017657216,0.035138484,0.006127765
10,8,26171904,67,1.151571890,0.017657216,0.035138484,0.006286073
6,8,26171904,67,1.971122774,0.017657216,0.035138484,0.005909609
9,8,26171904,67,2.022893125,0.017657216,0.035138484,0.005946791
7,8,26171904,67,3.265054836,0.017657216,0.035138484,0.005373728
3,8,26171904,67,5.611598074,0.017657216,0.035138484,0.005800354
4,8,26171904,67,7.593315356,0.017657216,0.035138484,0.005939954
5,8,26171904,67,7.820140080,0.017657216,0.035138484,0.000005291
1,8,26171904,67,0.202818356,0.017657216,0.096849136,0.006142903
8,8,26171904,67,0.453056387,0.017657216,0.096849136,0.006014425
2,8,26171904,67,0.615189401,0.017657216,0.096849136,0.006430156
10,8,26171904,67,1.151571890,0.017657216,0.096849136,0.006051465
6,8,26171904,67,1.971122774,0.017657216,0.096849136,0.005885695
9,8,26171904,67,2.022893125,0.017657216,0.096849136,0.006542046
7,8,26171904,67,3.265054836,0.017657216,0.096849136,0.005902676
3,8,26171904,67,5.611598074,0.017657216,0.096849136,0.005379278
4,8,26171904,67,7.593315356,0.017657216,0.096849136,0.006079245
5,8,26171904,67,7.820140080,0.017657216,0.096849136,0.000005291
1,9,26171904,67,0.202818356,0.017657216,0.194496989,0.005779643
8,9,26171904,67,0.453056387,0.017657216,0.194496989,0.004920519
2,9,26171904,67,0.615189401,0.017657216,0.194496989,0.005859698
10,9,26171904,67,1.151571890,0.017657216,0.194496989,0.006575741
6,9,26171904,67,1.971122774,0.017657216,0.194496989,0.005659083
9,9,26171904,67,2.022893125,0.017657216,0.194496989,0.006253154
7,9,26171904,67,3.265054836,0.017657216,0.194496989,0.005572195
3,9,26171904,67,5.611598074,0.017657216,0.194496989,0.005983613
4,9,26171904,67,7.593315356,0.017657216,0.194496989,0.005508748
5,9,26171904,67,7.820140080,0.017657216,0.194496989,0.000005291
1,9,26171904,67,0.202818356,0.017657216,0.015838493,0.006272964
8,9,26171904,67,0.453056387,0.017657216,0.015838493,0.005994293
2,9,26171904,67,0.615189401,0.017657216,0.015838493,0.005980932
10,9,26171904,67,1.151571890,0.017657216,0.015838493,0.006055780
6,9,26171904,67,1.971122774,0.017657216,0.015838493,0.005538849
9,9,26171904,67,2.022893125,0.017657216,0.015838493,0.006673836
7,9,26171904,67,3.265054836,0.017657216,0.015838493,0.006137106
3,9,26171904,67,5.611598074,0.017657216,0.015838493,0.005731978
4,9,26171904,67,7.593315356,0.017657216,0.015838493,0.006257632
5,9,26171904,67,7.820140080,0.017657216,0.015838493,0.000005291
1,9,26171904,67,0.202818356,0.017657216,0.042456649,0.006365891
8,9,26171904,67,0.453056387,0.017657216,0.042456649,0.006184709
2,9,26171904,67,0.615189401,0.017657216,0.042456649,0.006016413
10,9,26171904,67,1.151571890,0.017657216,0.042456649,0.006184043
6,9,26171904,67,1.971122774,0.017657216,0.042456649,0.006115216
9,9,26171904,67,2.022893125,0.017657216,0.042456649,0.005777195
7,9,26171904,67,3.265054836,0.017657216,0.042456649,0.006174175
3,9,26171904,67,5.611598074,0.017657216,0.042456649,0.005148545
4,9,26171904,67,7.593315356,0.017657216,0.042456649,0.006718116
5,9,26171904,67,7.820140080,0.017657216,0.042456649,0.000005291
1,9,26171904,67,0.202818356,0.017657216,0.029435324,0.006078452
8,9,26171904,67,0.453056387,0.017657216,0.029435324,0.005539042
2,9,26171904,67,0.615189401,0.017657216,0.029435324,0.006465643
10,9,26171904,67,1.151571890,0.017657216,0.029435324,0.005941666
6,9,26171904,67,1.971122774,0.017657216,0.029435324,0.005731595
9,9,26171904,67,2.022893125,0.017657216,0.029435324,0.005740705
7,9,26171904,67,3.265054836,0.017657216,0.029435324,0.005815570
3,9,26171904,67,5.611598074,0.017657216,0.029435324,0.005989483
4,9,26171904,67,7.593315356,0.017657216,0.029435324,0.005539953
5,9,26171904,67,7.820140080,0.017657216,0.029435324,0.000005291
1,9,26171904,67,0.202818356,0.017657216,0.040774263,0.005250872
8,9,26171904,67,0.453056387,0.017657216,0.040774263,0.005879085
2,9,26171904,67,0.615189401,0.017657216,0.040774263,0.006309336
10,9,26171904,67,1.151571890,0.017657216,0.040774263,0.005724967
6,9,26171904,67,1.971122774,0.017657216,0.040774263,0.006272242
9,9,26171904,67,2.022893125,0.017657216,0.040774263,0.005945796
7,9,26171904,67,3.265054836,0.017657216,0.040774263,0.006029025
3,9,26171904,67,5.611598074,0.017657216,0.040774263,0.005714450
4,9,26171904,67,7.593315356,0.017657216,0.040774263,0.004494582
5,9,26171904,67,7.820140080,0.017657216,0.040774263,0.000005291
1,10,26171904,67,0.202818356,0.017657216,0.034435634,0.006475321
8,10,26171904,67,0.453056387,0.017657216,0.034435634,0.005882780
2,10,26171904,67,0.615189401,0.017657216,0.034435634,0.006225796
10,10,26171904,67,1.151571890,0.017657216,0.034435634,0.005903952
6,10,26171904,67,1.971122774,0.017657216,0.034435634,0.006051868
9,10,26171904,67,2.022893125,0.017657216,0.034435634,0.006106240
7,10,26171904,67,3.265054836,0.017657216,0.034435634,0.005612849
3,10,26171904,67,5.611598074,0.017657216,0.034435634,0.006264831
4,10,26171904,67,7.593315356,0.017657216,0.034435634,0.005472690
5,10,26171904,67,7.820140080,0.017657216,0.034435634,0.000005291
1,10,26171904,67,0.202818356,0.017657216,0.024937671,0.005715375
8,10,26171904,67,0.453056387,0.017657216,0.024937671,0.006041509
2,10,26171904,67,0.615189401,0.017657216,0.024937671,0.006255769
10,10,26171904,67,1.151571890,0.017657216,0.024937671,0.006194596
6,10,26171904,67,1.971122774,0.017657216,0.024937671,0.006418630
9,10,26171904,67,2.022893125,0.017657216,0.024937671,0.005741721
7,10,26171904,67,3.265054836,0.017657216,0.024937671,0.006705266
3,10,26171904,67,5.611598074,0.017657216,0.024937671,0.005908818
4,10,26171904,67,7.593315356,0.017657216,0.024937671,0.005301418
5,10,26171904,67,7.820140080,0.017657216,0.024937671,0.000005291
1,10,26171904,67,0.202818356,0.017657216,0.163240239,0.006182854
8,10,26171904,67,0.453056387,0.017657216,0.163240239,0.006139050
2,10,26171904,67,0.615189401,0.017657216,0.163240239,0.005676528
10,10,26171904,67,1.151571890,0.017657216,0.163240239,0.006464502
6,10,26171904,67,1.971122774,0.017657216,0.163240239,0.006092671
9,10,26171904,67,2.022893125,0.017657216,0.163240239,0.006346981
7,10,26171904,67,3.265054836,0.017657216,0.163240239,0.005512403
3,10,26171904,67,5.611598074,0.017657216,0.163240239,0.005896708
4,10,26171904,67,7.593315356,0.017657216,0.163240239,0.006120244
5,10,26171904,67,7.820140080,0.017657216,0.163240239,0.000005291
1,10,26171904,67,0.202818356,0.017657216,0.008725873,0.006299588
8,10,26171904,67,0.453056387,0.017657216,0.008725873,0.005777638
2,10,26171904,67,0.615189401,0.017657216,0.008725873,0.005882955
10,10,26171904,67,1.151571890,0.017657216,0.008725873,0.005893224
6,10,26171904,67,1.971122774,0.017657216,0.008725873,0.006301739
9,10,26171904,67,2.022893125,0.017657216,0.008725873,0.006148620
7,10,26171904,67,3.265054836,0.017657216,0.008725873,0.004940904
3,10,26171904,67,5.611598074,0.017657216,0.008725873,0.005778562
4,10,26171904,67,7.593315356,0.017657216,0.008725873,0.005691222
5,10,26171904,67,7.820140080,0.017657216,0.008725873,0.000005291
1,10,26171904,67,0.202818356,0.017657216,0.046729777,0.005489593
8,10,26171904,67,0.453056387,0.017657216,0.046729777,0.006160722
2,10,26171904,67,0.615189401,0.017657216,0.046729777,0.005604416
10,10,26171904,67,1.151571890,0.017657216,0.046729777,0.005932647
6,10,26171904,67,1.971122774,0.017657216,0.046729777,0.005686636
9,10,26171904,67,2.022893125,0.017657216,0.046729777,0.005942784
7,10,26171904,67,3.265054836,0.017657216,0.046729777,0.005986951
3,10,26171904,67,5.611598074,0.017657216,0.046729777,0.006277936
4,10,26171904,67,7.593315356,0.017657216,0.046729777,0.005644360
5,10,26171904,67,7.820140080,0.017657216,0.046729777,0.000005291
1,11,26171904,67,0.202818356,0.017657216,0.053686012,0.006153652
8,11,26171904,67,0.453056387,0.017657216,0.053686012,0.006584530
2,11,26171904,67,0.615189401,0.017657216,0.053686012,0.005565124
10,11,26171904,67,1.151571890,0.017657216,0.053686012,0.006111780
6,11,26171904,67,1.971122774,0.017657216,0.053686012,0.005746561
9,11,26171904,67,2.022893125,0.017657216,0.053686012,0.006000050
7,11,26171904,67,3.265054836,0.017657216,0.053686012,0.006548684
3,11,26171904,67,5.611598074,0.017657216,0.053686012,0.005519961
4,11,26171904,67,7.593315356,0.017657216,0.053686012,0.005748239
5,11,26171904,67,7.820140080,0.017657216,0.053686012,0.000005291
1,11,26171904,67,0.202818356,0.017657216,0.106426083,0.006586769
8,11,26171904,67,0.453056387,0.017657216,0.106426083,0.006451568
2,11,26171904,67,0.615189401,0.017657216,0.106426083,0.005379464
10,11,26171904,67,1.151571890,0.017657216,0.106426083,0.005288489
6,11,26171904,67,1.971122774,0.017657216,0.106426083,0.006330919
9,11,26171904,67,2.022893125,0.017657216,0.106426083,0.005154934
7,11,26171904,67,3.265054836,0.017657216,0.106426083,0.005789976
3,11,26171904,67,5.611598074,0.017657216,0.106426083,0.006154406
4,11,26171904,67,7.593315356,0.017657216,0.106426083,0.005666214
5,11,26171904,67,7.820140080,0.017657216,0.106426083,0.000005291
1,11,26171904,67,0.202818356,0.017657216,0.051409714,0.005794928
8,11,26171904,67,0.453056387,0.017657216,0.051409714,0.005866571
2,11,26171904,67,0.615189401,0.017657216,0.051409714,0.005966941
10,11,26171904,67,1.151571890,0.017657216,0.051409714,0.006473995
6,11,26171904,67,1.971122774,0.017657216,0.051409714,0.005500692
9,11,26171904,67,2.022893125,0.017657216,0.051409714,0.006155477
7,11,26171904,67,3.265054836,0.017657216,0.051409714,0.005639003
3,11,26171904,67,5.611598074,0.017657216,0.051409714,0.005222213
4,11,26171904,67,7.593315356,0.017657216,0.051409714,0.006220611
5,11,26171904,67,7.820140080,0.017657216,0.051409714,0.000005291
1,11,26171904,67,0.202818356,0.017657216,0.038109191,0.006227682
8,11,26171904,67,0.453056387,0.017657216,0.038109191,0.005457310
2,11,26171904,67,0.615189401,0.017657216,0.038109191,0.006295040
10,11,26171904,67,1.151571890,0.017657216,0.038109191,0.006441646
6,11,26171904,67,1.971122774,0.017657216,0.038109191,0.006782027
9,11,26171904,67,2.022893125,0.017657216,0.038109191,0.005922720
7,11,26171904,67,3.265054836,0.017657216,0.038109191,0.006991433
3,11,26171904,67,5.611598074,0.017657216,0.038109191,0.005724861
4,11,26171904,67,7.593315356,0.017657216,0.038109191,0.006254294
5,11,26171904,67,7.820140080,0.017657216,0.038109191,0.000005291
1,11,26171904,67,0.202818356,0.017657216,0.001423246,0.006110711
8,11,26171904,67,0.453056387,0.017657216,0.001423246,0.006331401
2,11,26171904,67,0.615189401,0.017657216,0.001423246,0.006229177
10,11,26171904,67,1.151571890,0.017657216,0.001423246,0.006193494
6,11,26171904,67,1.971122774,0.017657216,0.001423246,0.006131562
9,11,26171904,67,2.022893125,0.017657216,0.001423246,0.005687451
7,11,26171904,67,3.265054836,0.017657216,0.001423246,0.005774578
3,11,26171904,67,5.611598074,0.017657216,0.001423246,0.006206543
4,11,26171904,67,7.593315356,0.017657216,0.001423246,0.005995469
5,11,26171904,67,7.820140080,0.017657216,0.001423246,0.000005291
1,12,26171904,67,0.202818356,0.017657216,0.066155113,0.006190192
8,12,26171904,67,0.453056387,0.017657216,0.066155113,0.005729060
2,12,26171904,67,0.615189401,0.017657216,0.066155113,0.006082920
10,12,26171904,67,1.151571890,0.017657216,0.066155113,0.006090180
6,12,26171904,67,1.971122774,0.017657216,0.066155113,0.006345237
9,12,26171904,67,2.022893125,0.017657216,0.066155113,0.005738744
7,12,26171904,67,3.265054836,0.017657216,0.066155113,0.005958443
3,12,26171904,67,5.611598074,0.017657216,0.066155113,0.005622709
4,12,26171904,67,7.593315356,0.017657216,0.066155113,0.005508594
5,12,26171904,67,7.820140080,0.017657216,0.066155113,0.000005291
1,12,26171904,67,0.202818356,0.017657216,0.017993141,0.006481430
8,12,26171904,67,0.453056387,0.017657216,0.017993141,0.006173586
2,12,26171904,67,0.615189401,0.017657216,0.017993141,0.006407615
10,12,26171904,67,1.151571890,0.017657216,0.017993141,0.006644569
6,12,26171904,67,1.971122774,0.017657216,0.017993141,0.006135652
9,12,26171904,67,2.022893125,0.017657216,0.017993141,0.005636098
7,12,26171904,67,3.265054836,0.017657216,0.017993141,0.006326610
3,12,26171904,67,5.611598074,0.017657216,0.017993141,0.006166774
4,12,26171904,67,7.593315356,0.017657216,0.017993141,0.005148603
5,12,26171904,67,7.820140080,0.017657216,0.017993141,0.000005291
1,12,26171904,67,0.202818356,0.017657216,0.007848875,0.006364134
8,12,26171904,67,0.453056387,0.017657216,0.007848875,0.006229777
2,12,26171904,67,0.615189401,0.017657216,0.007848875,0.006200731
10,12,26171904,67,1.151571890,0.017657216,0.007848875,0.005588965
6,12,26171904,67,1.971122774,0.017657216,0.007848875,0.006127372
9,12,26171904,67,2.022893125,0.017657216,0.007848875,0.005733035
7,12,26171904,67,3.265054836,0.017657216,0.007848875,0.005882231
3,12,26171904,67,5.611598074,0.017657216,0.007848875,0.006205019
4,12,26171904,67,7.593315356,0.017657216,0.007848875,0.005402822
5,12,26171904,67,7.820140080,0.017657216,0.007848875,0.000005291
1,12,26171904,67,0.202818356,0.017657216,0.003583185,0.005800772
8,12,26171904,67,0.453056387,0.017657216,0.003583185,0.005879554
2,12,26171904,67,0.615189401,0.017657216,0.003583185,0.005844626
10,12,26171904,67,1.151571890,0.017657216,0.003583185,0.005535499
6,12,26171904,67,1.971122774,0.017657216,0.003583185,0.005923246
9,12,26171904,67,2.022893125,0.017657216,0.003583185,0.005718315
7,12,26171904,67,3.265054836,0.017657216,0.003583185,0.005789298
3,12,26171904,67,5.611598074,0.017657216,0.003583185,0.005407083
4,12,26171904,67,7.593315356,0.017657216,0.003583185,0.006506190
5,12,26171904,67,7.820140080,0.017657216,0.003583185,0.000005291
1,12,26171904,67,0.202818356,0.017657216,0.016012155,0.006385524
8,12,26171904,67,0.453056387,0.017657216,0.016012155,0.006208867
2,12,26171904,67,0.615189401,0.017657216,0.016012155,0.004927007
10,12,26171904,67,1.151571890,0.017657216,0.016012155,0.006087882
6,12,26171904,67,1.971122774,0.017657216,0.016012155,0.006351350
9,12,26171904,67,2.022893125,0.017657216,0.016012155,0.005830827
7,12,26171904,67,3.265054836,0.017657216,0.016012155,0.006306723
3,12,26171904,67,5.611598074,0.017657216,0.016012155,0.006159499
4,12,26171904,67,7.593315356,0.017657216,0.016012155,0.005763845
5,12,26171904,67,7.820140080,0.017657216,0.016012155,0.000005291
1,13,26171904,67,0.202818356,0.017657216,0.072444856,0.006009481
8,13,26171904,67,0.453056387,0.017657216,0.072444856,0.006256857
2,13,26171904,67,0.615189401,0.017657216,0.072444856,0.004944964
10,13,26171904,67,1.151571890,0.017657216,0.072444856,0.005428782
6,13,26171904,67,1.971122774,0.017657216,0.072444856,0.006563490
9,13,26171904,67,2.022893125,0.017657216,0.072444856,0.005436068
7,13,26171904,67,3.265054836,0.017657216,0.072444856,0.006177262
3,13,26171904,67,5.611598074,0.017657216,0.072444856,0.006138443
4,13,26171904,67,7.593315356,0.017657216,0.072444856,0.005776037
5,13,26171904,67,7.820140080,0.017657216,0.072444856,0.000005291
1,13,26171904,67,0.202818356,0.017657216,0.015944341,0.005820639
8,13,26171904,67,0.453056387,0.017657216,0.015944341,0.005565982
2,13,26171904,67,0.615189401,0.017657216,0.015944341,0.005621294
10,13,26171904,67,1.151571890,0.017657216,0.015944341,0.006111871
6,13,26171904,67,1.971122774,0.017657216,0.015944341,0.006132576
9,13,26171904,67,2.022893125,0.017657216,0.015944341,0.005136088
7,13,26171904,67,3.265054836,0.017657216,0.015944341,0.006541090
3,13,26171904,67,5.611598074,0.017657216,0.015944341,0.006139438
4,13,26171904,67,7.593315356,0.017657216,0.015944341,0.005838613
5,13,26171904,67,7.820140080,0.017657216,0.015944341,0.000005291
1,13,26171904,67,0.202818356,0.017657216,0.043889515,0.005635929
8,13,26171904,67,0.453056387,0.017657216,0.043889515,0.005987925
2,13,26171904,67,0.615189401,0.017657216,0.043889515,0.006206926
10,13,26171904,67,1.151571890,0.017657216,0.043889515,0.006389276
6,13,26171904,67,1.971122774,0.017657216,0.043889515,0.006117287
9,13,26171904,67,2.022893125,0.017657216,0.043889515,0.006014898
7,13,26171904,67,3.265054836,0.017657216,0.043889515,0.006048488
3,13,26171904,67,5.611598074,0.017657216,0.043889515,0.006264629
4,13,26171904,67,7.593315356,0.017657216,0.043889515,0.006252381
5,13,26171904,67,7.820140080,0.017657216,0.043889515,0.000005291
1,13,26171904,67,0.202818356,0.017657216,0.083111323,0.006093186
8,13,26171904,67,0.453056387,0.017657216,0.083111323,0.005591204
2,13,26171904,67,0.615189401,0.017657216,0.083111323,0.004632041
10,13,26171904,67,1.151571890,0.017657216,0.083111323,0.005497621
6,13,26171904,67,1.971122774,0.017657216,0.083111323,0.005741380
9,13,26171904,67,2.022893125,0.017657216,0.083111323,0.005911620
7,13,26171904,67,3.265054836,0.017657216,0.083111323,0.005786133
3,13,26171904,67,5.611598074,0.017657216,0.083111323,0.005823064
4,13,26171904,67,7.593315356,0.017657216,0.083111323,0.006257874
5,13,26171904,67,7.820140080,0.017657216,0.083111323,0.000005291
1,13,26171904,67,0.202818356,0.017657216,0.112350717,0.006197806
8,13,26171904,67,0.453056387,0.017657216,0.112350717,0.005707737
2,13,26171904,67,0.615189401,0.017657216,0.112350717,0.006032402
10,13,26171904,67,1.151571890,0.017657216,0.112350717,0.006105888
6,13,26171904,67,1.971122774,0.017657216,0.112350717,0.005937639
9,13,26171904,67,2.022893125,0.017657216,0.112350717,0.006208256
7,13,26171904,67,3.265054836,0.017657216,0.112350717,0.005905011
3,13,26171904,67,5.611598074,0.017657216,0.112350717,0.006139556
4,13,26171904,67,7.593315356,0.017657216,0.112350717,0.006264206
5,13,26171904,67,7.820140080,0.017657216,0.112350717,0.000005291
1,14,26171904,67,0.202818356,0.017657216,0.044799473,0.006149103
8,14,26171904,67,0.453056387,0.017657216,0.044799473,0.006552494
2,14,26171904,67,0.615189401,0.017657216,0.044799473,0.006021569
10,14,26171904,67,1.151571890,0.017657216,0.044799473,0.005854062
6,14,26171904,67,1.971122774,0.017657216,0.044799473,0.005632383
9,14,26171904,67,2.022893125,0.017657216,0.044799473,0.006163977
7,14,26171904,67,3.265054836,0.017657216,0.044799473,0.006353954
3,14,26171904,67,5.611598074,0.017657216,0.044799473,0.006023067
4,14,26171904,67,7.593315356,0.017657216,0.044799473,0.006061077
5,14,26171904,67,7.820140080,0.017657216,0.044799473,0.000005291
1,14,26171904,67,0.202818356,0.017657216,0.074892640,0.005892864
8,14,26171904,67,0.453056387,0.017657216,0.074892640,0.006274482
2,14,26171904,67,0.615189401,0.017657216,0.074892640,0.006037223
10,14,26171904,67,1.151571890,0.017657216,0.074892640,0.006136931
6,14,26171904,67,1.971122774,0.017657216,0.074892640,0.005872023
9,14,26171904,67,2.022893125,0.017657216,0.074892640,0.006245404
7,14,26171904,67,3.265054836,0.017657216,0.074892640,0.005714343
3,14,26171904,67,5.611598074,0.017657216,0.074892640,0.006361018
4,14,26171904,67,7.593315356,0.017657216,0.074892640,0.006769871
5,14,26171904,67,7.820140080,0.017657216,0.074892640,0.000005291
1,14,26171904,67,0.202818356,0.017657216,0.033324957,0.006584896
8,14,26171904,67,0.453056387,0.017657216,0.033324957,0.005665173
2,14,26171904,67,0.615189401,0.017657216,0.033324957,0.006016762
10,14,26171904,67,1.151571890,0.017657216,0.033324957,0.005723950
6,14,26171904,67,1.971122774,0.017657216,0.033324957,0.006005851
9,14,26171904,67,2.022893125,0.017657216,0.033324957,0.005677234
7,14,26171904,67,3.265054836,0.017657216,0.033324957,0.006088685
3,14,26171904,67,5.611598074,0.017657216,0.033324957,0.006478485
4,14,26171904,67,7.593315356,0.017657216,0.033324957,0.005979727
5,14,26171904,67,7.820140080,0.017657216,0.033324957,0.000005291
1,14,26171904,67,0.202818356,0.017657216,0.088738181,0.006144178
8,14,26171904,67,0.453056387,0.017657216,0.088738181,0.005514128
2,14,26171904,67,0.615189401,0.017657216,0.088738181,0.006431325
10,14,26171904,67,1.151571890,0.017657216,0.088738181,0.006032125
6,14,26171904,67,1.971122774,0.017657216,0.088738181,0.005797490
9,14,26171904,67,2.022893125,0.017657216,0.088738181,0.005310614
7,14,26171904,67,3.265054836,0.017657216,0.088738181,0.006700100
3,14,26171904,67,5.611598074,0.017657216,0.088738181,0.005952953
4,14,26171904,67,7.593315356,0.017657216,0.088738181,0.005875177
5,14,26171904,67,7.820140080,0.017657216,0.088738181,0.000005291
1,14,26171904,67,0.202818356,0.017657216,0.164379030,0.005446142
8,14,26171904,67,0.453056387,0.017657216,0.164379030,0.006226378
2,14,26171904,67,0.615189401,0.017657216,0.164379030,0.006303531
10,14,26171904,67,1.151571890,0.017657216,0.164379030,0.005972559
6,14,26171904,67,1.971122774,0.017657216,0.164379030,0.006035616
9,14,26171904,67,2.022893125,0.017657216,0.164379030,0.006213437
7,14,26171904,67,3.265054836,0.017657216,0.164379030,0.005462958
3,14,26171904,67,5.611598074,0.017657216,0.164379030,0.005747234
4,14,26171904,67,7.593315356,0.017657216,0.164379030,0.006025901
5,14,26171904,67,7.820140080,0.017657216,0.164379030,0.000005291
1,15,26171904,67,0.202818356,0.017657216,0.004587966,0.006155931
8,15,26171904,67,0.453056387,0.017657216,0.004587966,0.005982550
2,15,26171904,67,0.615189401,0.017657216,0.004587966,0.006333550
10,15,26171904,67,1.151571890,0.017657216,0.004587966,0.005572345
6,15,26171904,67,1.971122774,0.017657216,0.004587966,0.006167360
9,15,26171904,67,2.022893125,0.017657216,0.004587966,0.006271598
7,15,26171904,67,3.265054836,0.017657216,0.004587966,0.006490045
3,15,26171904,67,5.611598074,0.017657216,0.004587966,0.006179749
4,15,26171904,67,7.593315356,0.017657216,0.004587966,0.005522870
5,15,26171904,67,7.820140080,0.017657216,0.004587966,0.000005291
1,15,26171904,67,0.202818356,0.017657216,0.013233376,0.005548832
8,15,26171904,67,0.453056387,0.017657216,0.013233376,0.005987445
2,15,26171904,67,0.615189401,0.017657216,0.013233376,0.005861381
10,15,26171904,67,1.151571890,0.017657216,0.013233376,0.005933760
6,15,26171904,67,1.971122774,0.017657216,0.013233376,0.006319602
9,15,26171904,67,2.022893125,0.017657216,0.013233376,0.006463048
7,15,26171904,67,3.265054836,0.017657216,0.013233376,0.005821374
3,15,26171904,67,5.611598074,0.017657216,0.013233376,0.004839975
4,15,26171904,67,7.593315356,0.017657216,0.013233376,0.006196599
5,15,26171904,67,7.820140080,0.017657216,0.013233376,0.000005291
1,15,26171904,67,0.202818356,0.017657216,0.006952447,0.005975552
8,15,26171904,67,0.453056387,0.017657216,0.006952447,0.006050250
2,15,26171904,67,0.615189401,0.017657216,0.006952447,0.005043271
10,15,26171904,67,1.151571890,0.017657216,0.006952447,0.005833336
6,15,26171904,67,1.971122774,0.017657216,0.006952447,0.005401483
9,15,26171904,67,2.022893125,0.017657216,0.006952447,0.006503568
7,15,26171904,67,3.265054836,0.017657216,0.006952447,0.005311511
3,15,26171904,67,5.611598074,0.017657216,0.006952447,0.006045745
4,15,26171904,67,7.593315356,0.017657216,0.006952447,0.006730685
5,15,26171904,67,7.820140080,0.017657216,0.006952447,0.000005291
1,15,26171904,67,0.202818356,0.017657216,0.101769313,0.006186905
8,15,26171904,67,0.453056387,0.017657216,0.101769313,0.006230997
2,15,26171904,67,0.615189401,0.017657216,0.101769313,0.006109703
10,15,26171904,67,1.151571890,0.017657216,0.101769313,0.006047565
6,15,26171904,67,1.971122774,0.017657216,0.101769313,0.005871737
9,15,26171904,67,2.022893125,0.017657216,0.101769313,0.005922091
7,15,26171904,67,3.265054836,0.017657216,0.101769313,0.006201830
3,15,26171904,67,5.611598074,0.017657216,0.101769313,0.006362652
4,15,26171904,67,7.593315356,0.017657216,0.101769313,0.006179019
5,15,26171904,67,7.820140080,0.017657216,0.101769313,0.000005291
1,15,26171904,67,0.202818356,0.017657216,0.029713178,0.005768864
8,15,26171904,67,0.453056387,0.017657216,0.029713178,0.006342419
2,15,26171904,67,0.615189401,0.017657216,0.029713178,0.005802930
10,15,26171904,67,1.151571890,0.017657216,0.029713178,0.006686544
6,15,26171904,67,1.971122774,0.017657216,0.029713178,0.005881945
9,15,26171904,67,2.022893125,0.017657216,0.029713178,0.006205963
7,15,26171904,67,3.265054836,0.017657216,0.029713178,0.006186034
3,15,26171904,67,5.611598074,0.017657216,0.029713178,0.005913668
4,15,26171904,67,7.593315356,0.017657216,0.029713178,0.005802119
5,15,26171904,67,7.820140080,0.017657216,0.029713178,0.000005291
1,16,26171904,67,0.202818356,0.017657216,0.027312664,0.006150419
8,16,26171904,67,0.453056387,0.017657216,0.027312664,0.004245826
2,16,26171904,67,0.615189401,0.017657216,0.027312664,0.006019407
10,16,26171904,67,1.151571890,0.017657216,0.027312664,0.005953280
6,16,26171904,67,1.971122774,0.017657216,0.027312664,0.005805857
9,16,26171904,67,2.022893125,0.017657216,0.027312664,0.006007152
7,16,26171904,67,3.265054836,0.017657216,0.027312664,0.006194398
3,16,26171904,67,5.611598074,0.017657216,0.027312664,0.005764316
4,16,26171904,67,7.593315356,0.017657216,0.027312664,0.005362170
5,16,26171904,67,7.820140080,0.017657216,0.027312664,0.000005291
1,16,26171904,67,0.202818356,0.017657216,0.094477139,0.006041483
8,16,26171904,67,0.453056387,0.017657216,0.094477139,0.006033177
2,16,26171904,67,0.615189401,0.017657216,0.094477139,0.005911629
10,16,26171904,67,1.151571890,0.017657216,0.094477139,0.006256466
6,16,26171904,67,1.971122774,0.017657216,0.094477139,0.006213067
9,16,26171904,67,2.022893125,0.017657216,0.094477139,0.006083336
7,16,26171904,67,3.265054836,0.017657216,0.094477139,0.005750344
3,16,26171904,67,5.611598074,0.017657216,0.094477139,0.005786802
4,16,26171904,67,7.593315356,0.017657216,0.094477139,0.005889700
5,16,26171904,67,7.820140080,0.017657216,0.094477139,0.000005291
1,16,26171904,67,0.202818356,0.017657216,0.086176045,0.006241326
8,16,26171904,67,0.453056387,0.017657216,0.086176045,0.005964854
2,16,26171904,67,0.615189401,0.017657216,0.086176045,0.006321529
10,16,26171904,67,1.151571890,0.017657216,0.086176045,0.006406155
6,16,26171904,67,1.971122774,0.017657216,0.086176045,0.006303745
9,16,26171904,67,2.022893125,0.017657216,0.086176045,0.005722738
7,16,26171904,67,3.265054836,0.017657216,0.086176045,0.006315075
3,16,26171904,67,5.611598074,0.017657216,0.086176045,0.006331687
4,16,26171904,67,7.593315356,0.017657216,0.086176045,0.004714329
5,16,26171904,67,7.820140080,0.017657216,0.086176045,0.000005291
1,16,26171904,67,0.202818356,0.017657216,0.004948573,0.006423462
8,16,26171904,67,0.453056387,0.017657216,0.004948573,0.005928789
2,16,26171904,67,0.615189401,0.017657216,0.004948573,0.006322535
10,16,26171904,67,1.151571890,0.017657216,0.004948573,0.005234475
6,16,26171904,67,1.971122774,0.017657216,0.004948573,0.006103333
9,16,26171904,67,2.022893125,0.017657216,0.004948573,0.006386030
7,16,26171904,67,3.265054836,0.017657216,0.004948573,0.006060405
3,16,26171904,67,5.611598074,0.017657216,0.004948573,0.006070848
4,16,26171904,67,7.593315356,0.017657216,0.004948573,0.006269880
5,16,26171904,67,7.820140080,0.017657216,0.004948573,0.000005291
1,16,26171904,67,0.202818356,0.017657216,0.022571770,0.006194855
8,16,26171904,67,0.453056387,0.017657216,0.022571770,0.006217753
2,16,26171904,67,0.615189401,0.017657216,0.022571770,0.005999911
10,16,26171904,67,1.151571890,0.017657216,0.022571770,0.006604811
6,16,26171904,67,1.971122774,0.017657216,0.022571770,0.005357824
9,16,26171904,67,2.022893125,0.017657216,0.022571770,0.005900274
7,16,26171904,67,3.265054836,0.017657216,0.022571770,0.005603028
3,16,26171904,67,5.611598074,0.017657216,0.022571770,0.006522922
4,16,26171904,67,7.593315356,0.017657216,0.022571770,0.006222578
5,16,26171904,67,7.820140080,0.017657216,0.022571770,0.000005291
1,17,26171904,67,0.202818356,0.017657216,0.002609223,0.005447787
8,17,26171904,67,0.453056387,0.017657216,0.002609223,0.005212621
2,17,26171904,67,0.615189401,0.017657216,0.002609223,0.005609867
10,17,26171904,67,1.151571890,0.017657216,0.002609223,0.005490232
6,17,26171904,67,1.971122774,0.017657216,0.002609223,0.006308772
9,17,26171904,67,2.022893125,0.017657216,0.002609223,0.006592924
7,17,26171904,67,3.265054836,0.017657216,0.002609223,0.006110173
3,17,26171904,67,5.611598074,0.017657216,0.002609223,0.006446183
4,17,26171904,67,7.593315356,0.017657216,0.002609223,0.005951136
5,17,26171904,67,7.820140080,0.017657216,0.002609223,0.000005291
1,17,26171904,67,0.202818356,0.017657216,0.048739579,0.006376405
8,17,26171904,67,0.453056387,0.017657216,0.048739579,0.005839284
2,17,26171904,67,0.615189401,0.017657216,0.048739579,0.006331401
10,17,26171904,67,1.151571890,0.017657216,0.048739579,0.005986790
6,17,26171904,67,1.971122774,0.017657216,0.048739579,0.006109095
9,17,26171904,67,2.022893125,0.017657216,0.048739579,0.006120174
7,17,26171904,67,3.265054836,0.017657216,0.048739579,0.005347627
3,17,26171904,67,5.611598074,0.017657216,0.048739579,0.005702475
4,17,26171904,67,7.593315356,0.017657216,0.048739579,0.006052693
5,17,26171904,67,7.820140080,0.017657216,0.048739579,0.000005291
1,17,26171904,67,0.202818356,0.017657216,0.085438855,0.006106571
8,17,26171904,67,0.453056387,0.017657216,0.085438855,0.006329990
2,17,26171904,67,0.615189401,0.017657216,0.085438855,0.006050133
10,17,26171904,67,1.151571890,0.017657216,0.085438855,0.005764698
6,17,26171904,67,1.971122774,0.017657216,0.085438855,0.006080768
9,17,26171904,67,2.022893125,0.017657216,0.085438855,0.006185394
7,17,26171904,67,3.265054836,0.017657216,0.085438855,0.006317507
3,17,26171904,67,5.611598074,0.017657216,0.085438855,0.006730685
4,17,26171904,67,7.593315356,0.017657216,0.085438855,0.005263009
5,17,26171904,67,7.820140080,0.017657216,0.085438855,0.000005291
1,17,26171904,67,0.202818356,0.017657216,0.051798310,0.006547748
8,17,26171904,67,0.453056387,0.017657216,0.051798310,0.006396793
2,17,26171904,67,0.615189401,0.017657216,0.051798310,0.005431559
10,17,26171904,67,1.151571890,0.017657216,0.051798310,0.006217721
6,17,26171904,67,1.971122774,0.017657216,0.051798310,0.006610787
9,17,26171904,67,2.022893125,0.017657216,0.051798310,0.004744327
7,17,26171904,67,3.265054836,0.017657216,0.051798310,0.006382766
3,17,26171904,67,5.611598074,0.017657216,0.051798310,0.005802247
4,17,26171904,67,7.593315356,0.017657216,0.051798310,0.005895093
5,17,26171904,67,7.820140080,0.017657216,0.051798310,0.000005291
1,17,26171904,67,0.202818356,0.017657216,0.013717533,0.005522291
8,17,26171904,67,0.453056387,0.017657216,0.013717533,0.006423365
2,17,26171904,67,0.615189401,0.017657216,0.013717533,0.006358778
10,17,26171904,67,1.151571890,0.017657216,0.013717533,0.006706862
6,17,26171904,67,1.971122774,0.017657216,0.013717533,0.005663930
9,17,26171904,67,2.022893125,0.017657216,0.013717533,0.005301572
7,17,26171904,67,3.265054836,0.017657216,0.013717533,0.005931084
3,17,26171904,67,5.611598074,0.017657216,0.013717533,0.006035018
4,17,26171904,67,7.593315356,0.017657216,0.013717533,0.005914738
5,17,26171904,67,7.820140080,0.017657216,0.013717533,0.000005291
1,18,26171904,67,0.202818356,0.017657216,0.000897786,0.006140235
8,18,26171904,67,0.453056387,0.017657216,0.000897786,0.006408495
2,18,26171904,67,0.615189401,0.017657216,0.000897786,0.005761554
10,18,26171904,67,1.151571890,0.017657216,0.000897786,0.006064370
6,18,26171904,67,1.971122774,0.017657216,0.000897786,0.006281767
9,18,26171904,67,2.022893125,0.017657216,0.000897786,0.006246653
7,18,26171904,67,3.265054836,0.017657216,0.000897786,0.005146766
3,18,26171904,67,5.611598074,0.017657216,0.000897786,0.005009928
4,18,26171904,67,7.593315356,0.017657216,0.000897786,0.006228732
5,18,26171904,67,7.820140080,0.017657216,0.000897786,0.000005291
1,18,26171904,67,0.202818356,0.017657216,0.030566314,0.006096975
8,18,26171904,67,0.453056387,0.017657216,0.030566314,0.006178585
2,18,26171904,67,0.615189401,0.017657216,0.030566314,0.005059099
10,18,26171904,67,1.151571890,0.017657216,0.030566314,0.005837971
6,18,26171904,67,1.971122774,0.017657216,0.030566314,0.006428313
9,18,26171904,67,2.022893125,0.017657216,0.030566314,0.006276797
7,18,26171904,67,3.265054836,0.017657216,0.030566314,0.005890023
3,18,26171904,67,5.611598074,0.017657216,0.030566314,0.006449166
4,18,26171904,67,7.593315356,0.017657216,0.030566314,0.006171613
5,18,26171904,67,7.820140080,0.017657216,0.030566314,0.000005291
1,18,26171904,67,0.202818356,0.017657216,0.231216222,0.006348914
8,18,26171904,67,0.453056387,0.017657216,0.231216222,0.006471847
2,18,26171904,67,0.615189401,0.017657216,0.231216222,0.006070981
10,18,26171904,67,1.151571890,0.017657216,0.231216222,0.006427206
6,18,26171904,67,1.971122774,0.017657216,0.231216222,0.006179819
9,18,26171904,67,2.022893125,0.017657216,0.231216222,0.006058057
7,18,26171904,67,3.265054836,0.017657216,0.231216222,0.005988331
3,18,26171904,67,5.611598074,0.017657216,0.231216222,0.006171292
4,18,26171904,67,7.593315356,0.017657216,0.231216222,0.006207015
5,18,26171904,67,7.820140080,0.017657216,0.231216222,0.000005291
1,18,26171904,67,0.202818356,0.017657216,0.055602018,0.005968178
8,18,26171904,67,0.453056387,0.017657216,0.055602018,0.006327582
2,18,26171904,67,0.615189401,0.017657216,0.055602018,0.006174296
10,18,26171904,67,1.151571890,0.017657216,0.055602018,0.005466358
6,18,26171904,67,1.971122774,0.017657216,0.055602018,0.005669027
9,18,26171904,67,2.022893125,0.017657216,0.055602018,0.005193099
7,18,26171904,67,3.265054836,0.017657216,0.055602018,0.005826510
3,18,26171904,67,5.611598074,0.017657216,0.055602018,0.005318198
4,18,26171904,67,7.593315356,0.017657216,0.055602018,0.006106304
5,18,26171904,67,7.820140080,0.017657216,0.055602018,0.000005291
1,18,26171904,67,0.202818356,0.017657216,0.029613191,0.006562155
8,18,26171904,67,0.453056387,0.017657216,0.029613191,0.006086337
2,18,26171904,67,0.615189401,0.017657216,0.029613191,0.006333255
10,18,26171904,67,1.151571890,0.017657216,0.029613191,0.005605323
6,18,26171904,67,1.971122774,0.017657216,0.029613191,0.005632482
9,18,26171904,67,2.022893125,0.017657216,0.029613191,0.005977134
7,18,26171904,67,3.265054836,0.017657216,0.029613191,0.005832166
3,18,26171904,67,5.611598074,0.017657216,0.029613191,0.006329870
4,18,26171904,67,7.593315356,0.017657216,0.029613191,0.006432900
5,18,26171904,67,7.820140080,0.017657216,0.029613191,0.000005291
1,19,26171904,67,0.202818356,0.017657216,0.018418208,0.006344649
8,19,26171904,67,0.453056387,0.017657216,0.018418208,0.006004132
2,19,26171904,67,0.615189401,0.017657216,0.018418208,0.006216604
10,19,26171904,67,1.151571890,0.017657216,0.018418208,0.005842864
6,19,26171904,67,1.971122774,0.017657216,0.018418208,0.006265107
9,19,26171904,67,2.022893125,0.017657216,0.018418208,0.005810786
7,19,26171904,67,3.265054836,0.017657216,0.018418208,0.006196366
3,19,26171904,67,5.611598074,0.017657216,0.018418208,0.005776877
4,19,26171904,67,7.593315356,0.017657216,0.018418208,0.005939229
5,19,26171904,67,7.820140080,0.017657216,0.018418208,0.000005291
1,19,26171904,67,0.202818356,0.017657216,0.025895385,0.005864875
8,19,26171904,67,0.453056387,0.017657216,0.025895385,0.006186579
2,19,26171904,67,0.615189401,0.017657216,0.025895385,0.005865187
10,19,26171904,67,1.151571890,0.017657216,0.025895385,0.006517023
6,19,26171904,67,1.971122774,0.017657216,0.025895385,0.004590605
9,19,26171904,67,2.022893125,0.017657216,0.025895385,0.005935954
7,19,26171904,67,3.265054836,0.017657216,0.025895385,0.006001689
3,19,26171904,67,5.611598074,0.017657216,0.025895385,0.006125914
4,19,26171904,67,7.593315356,0.017657216,0.025895385,0.006213138
5,19,26171904,67,7.820140080,0.017657216,0.025895385,0.000005291
1,19,26171904,67,0.202818356,0.017657216,0.074518196,0.005761069
8,19,26171904,67,0.453056387,0.017657216,0.074518196,0.006076821
2,19,26171904,67,0.615189401,0.017657216,0.074518196,0.005744608
10,19,26171904,67,1.151571890,0.017657216,0.074518196,0.005164762
6,19,26171904,67,1.971122774,0.017657216,0.074518196,0.006011197
9,19,26171904,67,2.022893125,0.017657216,0.074518196,0.006168483
7,19,26171904,67,3.265054836,0.017657216,0.074518196,0.006442258
3,19,26171904,67,5.611598074,0.017657216,0.074518196,0.005343787
4,19,26171904,67,7.593315356,0.017657216,0.074518196,0.006050937
5,19,26171904,67,7.820140080,0.017657216,0.074518196,0.000005291
1,19,26171904,67,0.202818356,0.017657216,0.069380626,0.005682784
8,19,26171904,67,0.453056387,0.017657216,0.069380626,0.006402234
2,19,26171904,67,0.615189401,0.017657216,0.069380626,0.006394212
10,19,26171904,67,1.151571890,0.017657216,0.069380626,0.006519634
6,19,26171904,67,1.971122774,0.017657216,0.069380626,0.006414878
9,19,26171904,67,2.022893125,0.017657216,0.069380626,0.006329071
7,19,26171904,67,3.265054836,0.017657216,0.069380626,0.005756825
3,19,26171904,67,5.611598074,0.017657216,0.069380626,0.005781944
4,19,26171904,67,7.593315356,0.017657216,0.069380626,0.006357586
5,19,26171904,67,7.820140080,0.017657216,0.069380626,0.000005291
1,19,26171904,67,0.202818356,0.017657216,0.001136982,0.005603595
8,19,26171904,67,0.453056387,0.017657216,0.001136982,0.006266782
2,19,26171904,67,0.615189401,0.017657216,0.001136982,0.005449902
10,19,26171904,67,1.151571890,0.017657216,0.001136982,0.005751322
6,19,26171904,67,1.971122774,0.017657216,0.001136982,0.005776255
9,19,26171904,67,2.022893125,0.017657216,0.001136982,0.006186155
7,19,26171904,67,3.265054836,0.017657216,0.001136982,0.005357717
3,19,26171904,67,5.611598074,0.017657216,0.001136982,0.006188793
4,19,26171904,67,7.593315356,0.017657216,0.001136982,0.006544363
5,19,26171904,67,7.820140080,0.017657216,0.001136982,0.000005291
1,20,26171904,67,0.202818356,0.017657216,0.021822069,0.005865578
8,20,26171904,67,0.453056387,0.017657216,0.021822069,0.006156722
2,20,26171904,67,0.615189401,0.017657216,0.021822069,0.005632853
10,20,26171904,67,1.151571890,0.017657216,0.021822069,0.005708622
6,20,26171904,67,1.971122774,0.017657216,0.021822069,0.005812815
9,20,26171904,67,2.022893125,0.017657216,0.021822069,0.006217252
7,20,26171904,67,3.265054836,0.017657216,0.021822069,0.006007598
3,20,26171904,67,5.611598074,0.017657216,0.021822069,0.005602916
4,20,26171904,67,7.593315356,0.017657216,0.021822069,0.005644220
5,20,26171904,67,7.820140080,0.017657216,0.021822069,0.000005291
1,20,26171904,67,0.202818356,0.017657216,0.009469680,0.005950304
8,20,26171904,67,0.453056387,0.017657216,0.009469680,0.005932007
2,20,26171904,67,0.615189401,0.017657216,0.009469680,0.006281536
10,20,26171904,67,1.151571890,0.017657216,0.009469680,0.006499738
6,20,26171904,67,1.971122774,0.017657216,0.009469680,0.005402624
9,20,26171904,67,2.022893125,0.017657216,0.009469680,0.005803271
7,20,26171904,67,3.265054836,0.017657216,0.009469680,0.004963622
3,20,26171904,67,5.611598074,0.017657216,0.009469680,0.005975843
4,20,26171904,67,7.593315356,0.017657216,0.009469680,0.006162611
5,20,26171904,67,7.820140080,0.017657216,0.009469680,0.000005291
1,20,26171904,67,0.202818356,0.017657216,0.013454093,0.006317252
8,20,26171904,67,0.453056387,0.017657216,0.013454093,0.005295089
2,20,26171904,67,0.615189401,0.017657216,0.013454093,0.006222962
10,20,26171904,67,1.151571890,0.017657216,0.013454093,0.006015935
6,20,26171904,67,1.971122774,0.017657216,0.013454093,0.005734453
9,20,26171904,67,2.022893125,0.017657216,0.013454093,0.005833082
7,20,26171904,67,3.265054836,0.017657216,0.013454093,0.005883144
3,20,26171904,67,5.611598074,0.017657216,0.013454093,0.006251522
4,20,26171904,67,7.593315356,0.017657216,0.013454093,0.005751076
5,20,26171904,67,7.820140080,0.017657216,0.013454093,0.000005291
1,20,26171904,67,0.202818356,0.017657216,0.004946662,0.005918834
8,20,26171904,67,0.453056387,0.017657216,0.004946662,0.005750852
2,20,26171904,67,0.615189401,0.017657216,0.004946662,0.005872602
10,20,26171904,67,1.151571890,0.017657216,0.004946662,0.005155604
6,20,26171904,67,1.971122774,0.017657216,0.004946662,0.006282077
9,20,26171904,67,2.022893125,0.017657216,0.004946662,0.005956011
7,20,26171904,67,3.265054836,0.017657216,0.004946662,0.005749010
3,20,26171904,67,5.611598074,0.017657216,0.004946662,0.005963131
4,20,26171904,67,7.593315356,0.017657216,0.004946662,0.005913838
5,20,26171904,67,7.820140080,0.017657216,0.004946662,0.000005291
1,20,26171904,67,0.202818356,0.017657216,0.083997376,0.004967295
8,20,26171904,67,0.453056387,0.017657216,0.083997376,0.006457707
2,20,26171904,67,0.615189401,0.017657216,0.083997376,0.006076887
10,20,26171904,67,1.151571890,0.017657216,0.083997376,0.005374877
6,20,26171904,67,1.971122774,0.017657216,0.083997376,0.006293697
9,20,26171904,67,2.022893125,0.017657216,0.083997376,0.005724736
7,20,26171904,67,3.265054836,0.017657216,0.083997376,0.006112971
3,20,26171904,67,5.611598074,0.017657216,0.083997376,0.006588336
4,20,26171904,67,7.593315356,0.017657216,0.083997376,0.005066393
5,20,26171904,67,7.820140080,0.017657216,0.083997376,0.000005291
1,21,26171904,67,0.202818356,0.017657216,0.044040781,0.005912638
8,21,26171904,67,0.453056387,0.017657216,0.044040781,0.005631705
2,21,26171904,67,0.615189401,0.017657216,0.044040781,0.006044331
10,21,26171904,67,1.151571890,0.017657216,0.044040781,0.005825494
6,21,26171904,67,1.971122774,0.017657216,0.044040781,0.005621687
9,21,26171904,67,2.022893125,0.017657216,0.044040781,0.005968882
7,21,26171904,67,3.265054836,0.017657216,0.044040781,0.006408757
3,21,26171904,67,5.611598074,0.017657216,0.044040781,0.005952494
4,21,26171904,67,7.593315356,0.017657216,0.044040781,0.006032407
5,21,26171904,67,7.820140080,0.017657216,0.044040781,0.000005291
1,21,26171904,67,0.202818356,0.017657216,0.115818813,0.005881522
8,21,26171904,67,0.453056387,0.017657216,0.115818813,0.006391663
2,21,26171904,67,0.615189401,0.017657216,0.115818813,0.006356011
10,21,26171904,67,1.151571890,0.017657216,0.115818813,0.006187134
6,21,26171904,67,1.971122774,0.017657216,0.115818813,0.005797447
9,21,26171904,67,2.022893125,0.017657216,0.115818813,0.006514288
7,21,26171904,67,3.265054836,0.017657216,0.115818813,0.006033329
3,21,26171904,67,5.611598074,0.017657216,0.115818813,0.005652523
4,21,26171904,67,7.593315356,0.017657216,0.115818813,0.005880222
5,21,26171904,67,7.820140080,0.017657216,0.115818813,0.000005291
1,21,26171904,67,0.202818356,0.017657216,0.036678623,0.006226489
8,21,26171904,67,0.453056387,0.017657216,0.036678623,0.005851369
2,21,26171904,67,0.615189401,0.017657216,0.036678623,0.005543570
10,21,26171904,67,1.151571890,0.017657216,0.036678623,0.006011063
6,21,26171904,67,1.971122774,0.017657216,0.036678623,0.006318656
9,21,26171904,67,2.022893125,0.017657216,0.036678623,0.005969682
7,21,26171904,67,3.265054836,0.017657216,0.036678623,0.006314857
3,21,26171904,67,5.611598074,0.017657216,0.036678623,0.006136430
4,21,26171904,67,7.593315356,0.017657216,0.036678623,0.006608389
5,21,26171904,67,7.820140080,0.017657216,0.036678623,0.000005291
1,21,26171904,67,0.202818356,0.017657216,0.001149336,0.005338884
8,21,26171904,67,0.453056387,0.017657216,0.001149336,0.005981416
2,21,26171904,67,0.615189401,0.017657216,0.001149336,0.006676036
10,21,26171904,67,1.151571890,0.017657216,0.001149336,0.005608657
6,21,26171904,67,1.971122774,0.017657216,0.001149336,0.004966368
9,21,26171904,67,2.022893125,0.017657216,0.001149336,0.005868743
7,21,26171904,67,3.265054836,0.017657216,0.001149336,0.005578595
3,21,26171904,67,5.611598074,0.017657216,0.001149336,0.006117760
4,21,26171904,67,7.593315356,0.017657216,0.001149336,0.005750614
5,21,26171904,67,7.820140080,0.017657216,0.001149336,0.000005291
1,21,26171904,67,0.202818356,0.017657216,0.044957642,0.005203327
8,21,26171904,67,0.453056387,0.017657216,0.044957642,0.006002879
2,21,26171904,67,0.615189401,0.017657216,0.044957642,0.006108386
10,21,26171904,67,1.151571890,0.017657216,0.044957642,0.006482440
6,21,26171904,67,1.971122774,0.017657216,0.044957642,0.006215670
9,21,26171904,67,2.022893125,0.017657216,0.044957642,0.005806926
7,21,26171904,67,3.265054836,0.017657216,0.044957642,0.006193540
3,21,26171904,67,5.611598074,0.017657216,0.044957642,0.005373545
4,21,26171904,67,7.593315356,0.017657216,0.044957642,0.005940821
5,21,26171904,67,7.820140080,0.017657216,0.044957642,0.000005291
1,22,26171904,67,0.202818356,0.017657216,0.063271441,0.005884921
8,22,26171904,67,0.453056387,0.017657216,0.063271441,0.005825138
2,22,26171904,67,0.615189401,0.017657216,0.063271441,0.006208672
10,22,26171904,67,1.151571890,0.017657216,0.063271441,0.006118798
6,22,26171904,67,1.971122774,0.017657216,0.063271441,0.005289597
9,22,26171904,67,2.022893125,0.017657216,0.063271441,0.006033676
7,22,26171904,67,3.265054836,0.017657216,0.063271441,0.005943654
3,22,26171904,67,5.611598074,0.017657216,0.063271441,0.005925675
4,22,26171904,67,7.593315356,0.017657216,0.063271441,0.005614522
5,22,26171904,67,7.820140080,0.017657216,0.063271441,0.000005291
1,22,26171904,67,0.202818356,0.017657216,0.017727856,0.005505025
8,22,26171904,67,0.453056387,0.017657216,0.017727856,0.005221452
2,22,26171904,67,0.615189401,0.017657216,0.017727856,0.005605906
10,22,26171904,67,1.151571890,0.017657216,0.017727856,0.005991258
6,22,26171904,67,1.971122774,0.017657216,0.017727856,0.005482554
9,22,26171904,67,2.022893125,0.017657216,0.017727856,0.005731084
7,22,26171904,67,3.265054836,0.017657216,0.017727856,0.005891426
3,22,26171904,67,5.611598074,0.017657216,0.017727856,0.006349590
4,22,26171904,67,7.593315356,0.017657216,0.017727856,0.005614806
5,22,26171904,67,7.820140080,0.017657216,0.017727856,0.000005291
1,22,26171904,67,0.202818356,0.017657216,0.050136629,0.005467639
8,22,26171904,67,0.453056387,0.017657216,0.050136629,0.005976400
2,22,26171904,67,0.615189401,0.017657216,0.050136629,0.005176837
10,22,26171904,67,1.151571890,0.017657216,0.050136629,0.006190611
6,22,26171904,67,1.971122774,0.017657216,0.050136629,0.006254696
9,22,26171904,67,2.022893125,0.017657216,0.050136629,0.005677374
7,22,26171904,67,3.265054836,0.017657216,0.050136629,0.005091705
3,22,26171904,67,5.611598074,0.017657216,0.050136629,0.005974488
4,22,26171904,67,7.593315356,0.017657216,0.050136629,0.006304374
5,22,26171904,67,7.820140080,0.017657216,0.050136629,0.000005291
1,22,26171904,67,0.202818356,0.017657216,0.060620397,0.005877757
8,22,26171904,67,0.453056387,0.017657216,0.060620397,0.005840037
2,22,26171904,67,0.615189401,0.017657216,0.060620397,0.005943379
10,22,26171904,67,1.151571890,0.017657216,0.060620397,0.006324915
6,22,26171904,67,1.971122774,0.017657216,0.060620397,0.005863579
9,22,26171904,67,2.022893125,0.017657216,0.060620397,0.005896307
7,22,26171904,67,3.265054836,0.017657216,0.060620397,0.006245224
3,22,26171904,67,5.611598074,0.017657216,0.060620397,0.006249396
4,22,26171904,67,7.593315356,0.017657216,0.060620397,0.005654315
5,22,26171904,67,7.820140080,0.017657216,0.060620397,0.000005291
1,22,26171904,67,0.202818356,0.017657216,0.011211241,0.006577099
8,22,26171904,67,0.453056387,0.017657216,0.011211241,0.006072632
2,22,26171904,67,0.615189401,0.017657216,0.011211241,0.006344933
10,22,26171904,67,1.151571890,0.017657216,0.011211241,0.005451937
6,22,26171904,67,1.971122774,0.017657216,0.011211241,0.006115190
9,22,26171904,67,2.022893125,0.017657216,0.011211241,0.005352133
7,22,26171904,67,3.265054836,0.017657216,0.011211241,0.006266562
3,22,26171904,67,5.611598074,0.017657216,0.011211241,0.005847346
4,22,26171904,67,7.593315356,0.017657216,0.011211241,0.006382383
5,22,26171904,67,7.820140080,0.017657216,0.011211241,0.000005291
1,23,26171904,67,0.202818356,0.017657216,0.018339705,0.005719649
8,23,26171904,67,0.453056387,0.017657216,0.018339705,0.006381029
2,23,26171904,67,0.615189401,0.017657216,0.018339705,0.005977285
10,23,26171904,67,1.151571890,0.017657216,0.018339705,0.006462020
6,23,26171904,67,1.971122774,0.017657216,0.018339705,0.005086462
9,23,26171904,67,2.022893125,0.017657216,0.018339705,0.006011053
7,23,26171904,67,3.265054836,0.017657216,0.018339705,0.006124623
3,23,26171904,67,5.611598074,0.017657216,0.018339705,0.005205921
4,23,26171904,67,7.593315356,0.017657216,0.018339705,0.005630036
5,23,26171904,67,7.820140080,0.017657216,0.018339705,0.000005291
1,23,26171904,67,0.202818356,0.017657216,0.071219869,0.005923525
8,23,26171904,67,0.453056387,0.017657216,0.071219869,0.006270497
2,23,26171904,67,0.615189401,0.017657216,0.071219869,0.005503724
10,23,26171904,67,1.151571890,0.017657216,0.071219869,0.005454932
6,23,26171904,67,1.971122774,0.017657216,0.071219869,0.006254046
9,23,26171904,67,2.022893125,0.017657216,0.071219869,0.005796499
7,23,26171904,67,3.265054836,0.017657216,0.071219869,0.005615919
3,23,26171904,67,5.611598074,0.017657216,0.071219869,0.006041413
4,23,26171904,67,7.593315356,0.017657216,0.071219869,0.005519372
5,23,26171904,67,7.820140080,0.017657216,0.071219869,0.000005291
1,23,26171904,67,0.202818356,0.017657216,0.102522045,0.006115890
8,23,26171904,67,0.453056387,0.017657216,0.102522045,0.006091187
2,23,26171904,67,0.615189401,0.017657216,0.102522045,0.006243606
10,23,26171904,67,1.151571890,0.017657216,0.102522045,0.005885814
6,23,26171904,67,1.971122774,0.017657216,0.102522045,0.005928878
9,23,26171904,67,2.022893125,0.017657216,0.102522045,0.005298185
7,23,26171904,67,3.265054836,0.017657216,0.102522045,0.005810213
3,23,26171904,67,5.611598074,0.017657216,0.102522045,0.005671107
4,23,26171904,67,7.593315356,0.017657216,0.102522045,0.005357366
5,23,26171904,67,7.820140080,0.017657216,0.102522045,0.000005291
1,23,26171904,67,0.202818356,0.017657216,0.003473925,0.005944277
8,23,26171904,67,0.453056387,0.017657216,0.003473925,0.006089299
2,23,26171904,67,0.615189401,0.017657216,0.003473925,0.005969974
10,23,26171904,67,1.151571890,0.017657216,0.003473925,0.005991041
6,23,26171904,67,1.971122774,0.017657216,0.003473925,0.006221669
9,23,26171904,67,2.022893125,0.017657216,0.003473925,0.006305697
7,23,26171904,67,3.265054836,0.017657216,0.003473925,0.005693640
3,23,26171904,67,5.611598074,0.017657216,0.003473925,0.005444006
4,23,26171904,67,7.593315356,0.017657216,0.003473925,0.006427634
5,23,26171904,67,7.820140080,0.017657216,0.003473925,0.000005291
1,23,26171904,67,0.202818356,0.017657216,0.014526429,0.006187589
8,23,26171904,67,0.453056387,0.017657216,0.014526429,0.005900731
2,23,26171904,67,0.615189401,0.017657216,0.014526429,0.005377523
10,23,26171904,67,1.151571890,0.017657216,0.014526429,0.005536558
6,23,26171904,67,1.971122774,0.017657216,0.014526429,0.005399008
9,23,26171904,67,2.022893125,0.017657216,0.014526429,0.006581782
7,23,26171904,67,3.265054836,0.017657216,0.014526429,0.005662566
3,23,26171904,67,5.611598074,0.017657216,0.014526429,0.006342919
4,23,26171904,67,7.593315356,0.017657216,0.014526429,0.005798789
5,23,26171904,67,7.820140080,0.017657216,0.014526429,0.000005291
1,24,26171904,67,0.202818356,0.017657216,0.012185152,0.006018166
8,24,26171904,67,0.453056387,0.017657216,0.012185152,0.006322316
2,24,26171904,67,0.615189401,0.017657216,0.012185152,0.005762261
10,24,26171904,67,1.151571890,0.017657216,0.012185152,0.006087585
6,24,26171904,67,1.971122774,0.017657216,0.012185152,0.005904627
9,24,26171904,67,2.022893125,0.017657216,0.012185152,0.005920634
7,24,26171904,67,3.265054836,0.017657216,0.012185152,0.005762335
3,24,26171904,67,5.611598074,0.017657216,0.012185152,0.005736915
4,24,26171904,67,7.593315356,0.017657216,0.012185152,0.006212131
5,24,26171904,67,7.820140080,0.017657216,0.012185152,0.000005291
1,24,26171904,67,0.202818356,0.017657216,0.052936595,0.006051471
8,24,26171904,67,0.453056387,0.017657216,0.052936595,0.005613160
2,24,26171904,67,0.615189401,0.017657216,0.052936595,0.005692733
10,24,26171904,67,1.151571890,0.017657216,0.052936595,0.005449547
6,24,26171904,67,1.971122774,0.017657216,0.052936595,0.005517846
9,24,26171904,67,2.022893125,0.017657216,0.052936595,0.005496634
7,24,26171904,67,3.265054836,0.017657216,0.052936595,0.006547287
3,24,26171904,67,5.611598074,0.017657216,0.052936595,0.005975521
4,24,26171904,67,7.593315356,0.017657216,0.052936595,0.005643203
5,24,26171904,67,7.820140080,0.017657216,0.052936595,0.000005291
1,24,26171904,67,0.202818356,0.017657216,0.044608492,0.006070024
8,24,26171904,67,0.453056387,0.017657216,0.044608492,0.005827873
2,24,26171904,67,0.615189401,0.017657216,0.044608492,0.004554107
10,24,26171904,67,1.151571890,0.017657216,0.044608492,0.006196161
6,24,26171904,67,1.971122774,0.017657216,0.044608492,0.006266812
9,24,26171904,67,2.022893125,0.017657216,0.044608492,0.006561699
7,24,26171904,67,3.265054836,0.017657216,0.044608492,0.005891679
3,24,26171904,67,5.611598074,0.017657216,0.044608492,0.005866774
4,24,26171904,67,7.593315356,0.017657216,0.044608492,0.006056190
5,24,26171904,67,7.820140080,0.017657216,0.044608492,0.000005291
1,24,26171904,67,0.202818356,0.017657216,0.011694018,0.005634845
8,24,26171904,67,0.453056387,0.017657216,0.011694018,0.005811781
2,24,26171904,67,0.615189401,0.017657216,0.011694018,0.006442738
10,24,26171904,67,1.151571890,0.017657216,0.011694018,0.005693416
6,24,26171904,67,1.971122774,0.017657216,0.011694018,0.005916019
9,24,26171904,67,2.022893125,0.017657216,0.011694018,0.006218510
7,24,26171904,67,3.265054836,0.017657216,0.011694018,0.005497199
3,24,26171904,67,5.611598074,0.017657216,0.011694018,0.006244360
4,24,26171904,67,7.593315356,0.017657216,0.011694018,0.005961853
5,24,26171904,67,7.820140080,0.017657216,0.011694018,0.000005291
1,24,26171904,67,0.202818356,0.017657216,0.018434348,0.005666218
8,24,26171904,67,0.453056387,0.017657216,0.018434348,0.006327279
2,24,26171904,67,0.615189401,0.017657216,0.018434348,0.006646998
10,24,26171904,67,1.151571890,0.017657216,0.018434348,0.006239415
6,24,26171904,67,1.971122774,0.017657216,0.018434348,0.006486049
9,24,26171904,67,2.022893125,0.017657216,0.018434348,0.005249441
7,24,26171904,67,3.265054836,0.017657216,0.018434348,0.006155456
3,24,26171904,67,5.611598074,0.017657216,0.018434348,0.006493256
4,24,26171904,67,7.593315356,0.017657216,0.018434348,0.005350374
5,24,26171904,67,7.820140080,0.017657216,0.018434348,0.000005291
1,25,26171904,67,0.202818356,0.017657216,0.104902156,0.005371407
8,25,26171904,67,0.453056387,0.017657216,0.104902156,0.006215374
2,25,26171904,67,0.615189401,0.017657216,0.104902156,0.005325996
10,25,26171904,67,1.151571890,0.017657216,0.104902156,0.006155293
6,25,26171904,67,1.971122774,0.017657216,0.104902156,0.006644481
9,25,26171904,67,2.022893125,0.017657216,0.104902156,0.005872915
7,25,26171904,67,3.265054836,0.017657216,0.104902156,0.006275418
3,25,26171904,67,5.611598074,0.017657216,0.104902156,0.005659166
4,25,26171904,67,7.593315356,0.017657216,0.104902156,0.005727953
5,25,26171904,67,7.820140080,0.017657216,0.104902156,0.000005291
1,25,26171904,67,0.202818356,0.017657216,0.014216625,0.006322174
8,25,26171904,67,0.453056387,0.017657216,0.014216625,0.005643258
2,25,26171904,67,0.615189401,0.017657216,0.014216625,0.006141765
10,25,26171904,67,1.151571890,0.017657216,0.014216625,0.005573789
6,25,26171904,67,1.971122774,0.017657216,0.014216625,0.005996541
9,25,26171904,67,2.022893125,0.017657216,0.014216625,0.005729080
7,25,26171904,67,3.265054836,0.017657216,0.014216625,0.006219498
3,25,26171904,67,5.611598074,0.017657216,0.014216625,0.006156186
4,25,26171904,67,7.593315356,0.017657216,0.014216625,0.006518683
5,25,26171904,67,7.820140080,0.017657216,0.014216625,0.000005291
1,25,26171904,67,0.202818356,0.017657216,0.055446543,0.006439937
8,25,26171904,67,0.453056387,0.017657216,0.055446543,0.006717615
2,25,26171904,67,0.615189401,0.017657216,0.055446543,0.006192959
10,25,26171904,67,1.151571890,0.017657216,0.055446543,0.006279202
6,25,26171904,67,1.971122774,0.017657216,0.055446543,0.006104083
9,25,26171904,67,2.022893125,0.017657216,0.055446543,0.005988805
7,25,26171904,67,3.265054836,0.017657216,0.055446543,0.006600738
3,25,26171904,67,5.611598074,0.017657216,0.055446543,0.005297606
4,25,26171904,67,7.593315356,0.017657216,0.055446543,0.005688748
5,25,26171904,67,7.820140080,0.017657216,0.055446543,0.000005291
1,25,26171904,67,0.202818356,0.017657216,0.025134994,0.006232704
8,25,26171904,67,0.453056387,0.017657216,0.025134994,0.005901999
2,25,26171904,67,0.615189401,0.017657216,0.025134994,0.006136939
10,25,26171904,67,1.151571890,0.017657216,0.025134994,0.005585923
6,25,26171904,67,1.971122774,0.017657216,0.025134994,0.006196051
9,25,26171904,67,2.022893125,0.017657216,0.025134994,0.005973667
7,25,26171904,67,3.265054836,0.017657216,0.025134994,0.005492610
3,25,26171904,67,5.611598074,0.017657216,0.025134994,0.005776488
4,25,26171904,67,7.593315356,0.017657216,0.025134994,0.006024750
5,25,26171904,67,7.820140080,0.017657216,0.025134994,0.000005291
1,25,26171904,67,0.202818356,0.017657216,0.031796750,0.006443233
8,25,26171904,67,0.453056387,0.017657216,0.031796750,0.006309633
2,25,26171904,67,0.615189401,0.017657216,0.031796750,0.005528161
10,25,26171904,67,1.151571890,0.017657216,0.031796750,0.006053419
6,25,26171904,67,1.971122774,0.017657216,0.031796750,0.005923870
9,25,26171904,67,2.022893125,0.017657216,0.031796750,0.006345512
7,25,26171904,67,3.265054836,0.017657216,0.031796750,0.005519741
3,25,26171904,67,5.611598074,0.017657216,0.031796750,0.006402789
4,25,26171904,67,7.593315356,0.017657216,0.031796750,0.005870586
5,25,26171904,67,7.820140080,0.017657216,0.031796750,0.000005291
1,26,26171904,67,0.202818356,0.017657216,0.109267570,0.006070266
8,26,26171904,67,0.453056387,0.017657216,0.109267570,0.006110908
2,26,26171904,67,0.615189401,0.017657216,0.109267570,0.005665242
10,26,26171904,67,1.151571890,0.017657216,0.109267570,0.006374931
6,26,26171904,67,1.971122774,0.017657216,0.109267570,0.005910735
9,26,26171904,67,2.022893125,0.017657216,0.109267570,0.005983700
7,26,26171904,67,3.265054836,0.017657216,0.109267570,0.006067688
3,26,26171904,67,5.611598074,0.017657216,0.109267570,0.006039595
4,26,26171904,67,7.593315356,0.017657216,0.109267570,0.005897942
5,26,26171904,67,7.820140080,0.017657216,0.109267570,0.000005291
1,26,26171904,67,0.202818356,0.017657216,0.192425549,0.005729994
8,26,26171904,67,0.453056387,0.017657216,0.192425549,0.006192605
2,26,26171904,67,0.615189401,0.017657216,0.192425549,0.006460297
10,26,26171904,67,1.151571890,0.017657216,0.192425549,0.006275512
6,26,26171904,67,1.971122774,0.017657216,0.192425549,0.006045777
9,26,26171904,67,2.022893125,0.017657216,0.192425549,0.006655418
7,26,26171904,67,3.265054836,0.017657216,0.192425549,0.005860597
3,26,26171904,67,5.611598074,0.017657216,0.192425549,0.006434782
4,26,26171904,67,7.593315356,0.017657216,0.192425549,0.004936133
5,26,26171904,67,7.820140080,0.017657216,0.192425549,0.000005291
1,26,26171904,67,0.202818356,0.017657216,0.040792376,0.005835388
8,26,26171904,67,0.453056387,0.017657216,0.040792376,0.005913580
2,26,26171904,67,0.615189401,0.017657216,0.040792376,0.005901921
10,26,26171904,67,1.151571890,0.017657216,0.040792376,0.005419290
6,26,26171904,67,1.971122774,0.017657216,0.040792376,0.005834945
9,26,26171904,67,2.022893125,0.017657216,0.040792376,0.005685637
7,26,26171904,67,3.265054836,0.017657216,0.040792376,0.006370236
3,26,26171904,67,5.611598074,0.017657216,0.040792376,0.006232394
4,26,26171904,67,7.593315356,0.017657216,0.040792376,0.006508175
5,26,26171904,67,7.820140080,0.017657216,0.040792376,0.000005291
1,26,26171904,67,0.202818356,0.017657216,0.001164999,0.005955537
8,26,26171904,67,0.453056387,0.017657216,0.001164999,0.005728777
2,26,26171904,67,0.615189401,0.017657216,0.001164999,0.005593036
10,26,26171904,67,1.151571890,0.017657216,0.001164999,0.006351333
6,26,26171904,67,1.971122774,0.017657216,0.001164999,0.005933260
9,26,26171904,67,2.022893125,0.017657216,0.001164999,0.005572840
7,26,26171904,67,3.265054836,0.017657216,0.001164999,0.005717301
3,26,26171904,67,5.611598074,0.017657216,0.001164999,0.005977594
4,26,26171904,67,7.593315356,0.017657216,0.001164999,0.006221443
5,26,26171904,67,7.820140080,0.017657216,0.001164999,0.000005291
1,26,26171904,67,0.202818356,0.017657216,0.124150194,0.005524133
8,26,26171904,67,0.453056387,0.017657216,0.124150194,0.006433332
2,26,26171904,67,0.615189401,0.017657216,0.124150194,0.005298943
10,26,26171904,67,1.151571890,0.017657216,0.124150194,0.006319208
6,26,26171904,67,1.971122774,0.017657216,0.124150194,0.005882105
9,26,26171904,67,2.022893125,0.017657216,0.124150194,0.006055391
7,26,26171904,67,3.265054836,0.017657216,0.124150194,0.005850382
3,26,26171904,67,5.611598074,0.017657216,0.124150194,0.005372229
4,26,26171904,67,7.593315356,0.017657216,0.124150194,0.006252541
5,26,26171904,67,7.820140080,0.017657216,0.124150194,0.000005291
1,27,26171904,67,0.202818356,0.017657216,0.023377201,0.006155358
8,27,26171904,67,0.453056387,0.017657216,0.023377201,0.006462383
2,27,26171904,67,0.615189401,0.017657216,0.023377201,0.006332492
10,27,26171904,67,1.151571890,0.017657216,0.023377201,0.005572044
6,27,26171904,67,1.971122774,0.017657216,0.023377201,0.005766580
9,27,26171904,67,2.022893125,0.017657216,0.023377201,0.006206357
7,27,26171904,67,3.265054836,0.017657216,0.023377201,0.006621683
3,27,26171904,67,5.611598074,0.017657216,0.023377201,0.006635891
4,27,26171904,67,7.593315356,0.017657216,0.023377201,0.005771937
5,27,26171904,67,7.820140080,0.017657216,0.023377201,0.000005291
1,27,26171904,67,0.202818356,0.017657216,0.012174550,0.005943131
8,27,26171904,67,0.453056387,0.017657216,0.012174550,0.005049164
2,27,26171904,67,0.615189401,0.017657216,0.012174550,0.005117984
10,27,26171904,67,1.151571890,0.017657216,0.012174550,0.005900700
6,27,26171904,67,1.971122774,0.017657216,0.012174550,0.005905279
9,27,26171904,67,2.022893125,0.017657216,0.012174550,0.006452238
7,27,26171904,67,3.265054836,0.017657216,0.012174550,0.005241157
3,27,26171904,67,5.611598074,0.017657216,0.012174550,0.006167417
4,27,26171904,67,7.593315356,0.017657216,0.012174550,0.006490363
5,27,26171904,67,7.820140080,0.017657216,0.012174550,0.000005291
1,27,26171904,67,0.202818356,0.017657216,0.027237419,0.006349014
8,27,26171904,67,0.453056387,0.017657216,0.027237419,0.005463497
2,27,26171904,67,0.615189401,0.017657216,0.027237419,0.006059503
10,27,26171904,67,1.151571890,0.017657216,0.027237419,0.005733723
6,27,26171904,67,1.971122774,0.017657216,0.027237419,0.005836321
9,27,26171904,67,2.022893125,0.017657216,0.027237419,0.005527283
7,27,26171904,67,3.265054836,0.017657216,0.027237419,0.005750156
3,27,26171904,67,5.611598074,0.017657216,0.027237419,0.006434977
4,27,26171904,67,7.593315356,0.017657216,0.027237419,0.006534222
5,27,26171904,67,7.820140080,0.017657216,0.027237419,0.000005291
1,27,26171904,67,0.202818356,0.017657216,0.049021605,0.005599244
8,27,26171904,67,0.453056387,0.017657216,0.049021605,0.006092887
2,27,26171904,67,0.615189401,0.017657216,0.049021605,0.006084704
10,27,26171904,67,1.151571890,0.017657216,0.049021605,0.006706889
6,27,26171904,67,1.971122774,0.017657216,0.049021605,0.006029812
9,27,26171904,67,2.022893125,0.017657216,0.049021605,0.006453446
7,27,26171904,67,3.265054836,0.017657216,0.049021605,0.006045697
3,27,26171904,67,5.611598074,0.017657216,0.049021605,0.005155749
4,27,26171904,67,7.593315356,0.017657216,0.049021605,0.005781905
5,27,26171904,67,7.820140080,0.017657216,0.049021605,0.000005291
1,27,26171904,67,0.202818356,0.017657216,0.020519428,0.006264357
8,27,26171904,67,0.453056387,0.017657216,0.020519428,0.005390486
2,27,26171904,67,0.615189401,0.017657216,0.020519428,0.006130234
10,27,26171904,67,1.151571890,0.017657216,0.020519428,0.006232209
6,27,26171904,67,1.971122774,0.017657216,0.020519428,0.006344630
9,27,26171904,67,2.022893125,0.017657216,0.020519428,0.005915634
7,27,26171904,67,3.265054836,0.017657216,0.020519428,0.006305597
3,27,26171904,67,5.611598074,0.017657216,0.020519428,0.005904300
4,27,26171904,67,7.593315356,0.017657216,0.020519428,0.005778134
5,27,26171904,67,7.820140080,0.017657216,0.020519428,0.000005291
1,28,26171904,67,0.202818356,0.017657216,0.009312619,0.006306726
8,28,26171904,67,0.453056387,0.017657216,0.009312619,0.005422051
2,28,26171904,67,0.615189401,0.017657216,0.009312619,0.005937252
10,28,26171904,67,1.151571890,0.017657216,0.009312619,0.005828019
6,28,26171904,67,1.971122774,0.017657216,0.009312619,0.005308539
9,28,26171904,67,2.022893125,0.017657216,0.009312619,0.005634715
7,28,26171904,67,3.265054836,0.017657216,0.009312619,0.005416717
3,28,26171904,67,5.611598074,0.017657216,0.009312619,0.006144917
4,28,26171904,67,7.593315356,0.017657216,0.009312619,0.006050464
5,28,26171904,67,7.820140080,0.017657216,0.009312619,0.000005291
1,28,26171904,67,0.202818356,0.017657216,0.088411495,0.006203796
8,28,26171904,67,0.453056387,0.017657216,0.088411495,0.006494676
2,28,26171904,67,0.615189401,0.017657216,0.088411495,0.005917337
10,28,26171904,67,1.151571890,0.017657216,0.088411495,0.005857914
6,28,26171904,67,1.971122774,0.017657216,0.088411495,0.005990414
9,28,26171904,67,2.022893125,0.017657216,0.088411495,0.006172413
7,28,26171904,67,3.265054836,0.017657216,0.088411495,0.006254394
3,28,26171904,67,5.611598074,0.017657216,0.088411495,0.005872218
4,28,26171904,67,7.593315356,0.017657216,0.088411495,0.005589273
5,28,26171904,67,7.820140080,0.017657216,0.088411495,0.000005291
1,28,26171904,67,0.202818356,0.017657216,0.097443461,0.006382400
8,28,26171904,67,0.453056387,0.017657216,0.097443461,0.006400839
2,28,26171904,67,0.615189401,0.017657216,0.097443461,0.006131518
10,28,26171904,67,1.151571890,0.017657216,0.097443461,0.005698118
6,28,26171904,67,1.971122774,0.017657216,0.097443461,0.005657414
9,28,26171904,67,2.022893125,0.017657216,0.097443461,0.006108999
7,28,26171904,67,3.265054836,0.017657216,0.097443461,0.006122234
3,28,26171904,67,5.611598074,0.017657216,0.097443461,0.006007535
4,28,26171904,67,7.593315356,0.017657216,0.097443461,0.006666530
5,28,26171904,67,7.820140080,0.017657216,0.097443461,0.000005291
1,28,26171904,67,0.202818356,0.017657216,0.161887378,0.005800726
8,28,26171904,67,0.453056387,0.017657216,0.161887378,0.005814136
2,28,26171904,67,0.615189401,0.017657216,0.161887378,0.006221366
10,28,26171904,67,1.151571890,0.017657216,0.161887378,0.004828841
6,28,26171904,67,1.971122774,0.017657216,0.161887378,0.006202781
9,28,26171904,67,2.022893125,0.017657216,0.161887378,0.005992497
7,28,26171904,67,3.265054836,0.017657216,0.161887378,0.005361836
3,28,26171904,67,5.611598074,0.017657216,0.161887378,0.006285757
4,28,26171904,67,7.593315356,0.017657216,0.161887378,0.006038621
5,28,26171904,67,7.820140080,0.017657216,0.161887378,0.000005291
1,28,26171904,67,0.202818356,0.017657216,0.047195986,0.006144093
8,28,26171904,67,0.453056387,0.017657216,0.047195986,0.006328982
2,28,26171904,67,0.615189401,0.017657216,0.047195986,0.006338259
10,28,26171904,67,1.151571890,0.017657216,0.047195986,0.006388634
6,28,26171904,67,1.971122774,0.017657216,0.047195986,0.005704872
9,28,26171904,67,2.022893125,0.017657216,0.047195986,0.006032748
7,28,26171904,67,3.265054836,0.017657216,0.047195986,0.005516052
3,28,26171904,67,5.611598074,0.017657216,0.047195986,0.006240310
4,28,26171904,67,7.593315356,0.017657216,0.047195986,0.006228148
5,28,26171904,67,7.820140080,0.017657216,0.047195986,0.000005291
1,29,26171904,67,0.202818356,0.017657216,0.007090851,0.006282603
8,29,26171904,67,0.453056387,0.017657216,0.007090851,0.006185206
2,29,26171904,67,0.615189401,0.017657216,0.007090851,0.005622486
10,29,26171904,67,1.151571890,0.017657216,0.007090851,0.006566045
6,29,26171904,67,1.971122774,0.017657216,0.007090851,0.006390563
9,29,26171904,67,2.022893125,0.017657216,0.007090851,0.006076200
7,29,26171904,67,3.265054836,0.017657216,0.007090851,0.006341228
3,29,26171904,67,5.611598074,0.017657216,0.007090851,0.006189149
4,29,26171904,67,7.593315356,0.017657216,0.007090851,0.005293955
5,29,26171904,67,7.820140080,0.017657216,0.007090851,0.000005291
1,29,26171904,67,0.202818356,0.017657216,0.022982178,0.006402659
8,29,26171904,67,0.453056387,0.017657216,0.022982178,0.005215751
2,29,26171904,67,0.615189401,0.017657216,0.022982178,0.005583702
10,29,26171904,67,1.151571890,0.017657216,0.022982178,0.006159677
6,29,26171904,67,1.971122774,0.017657216,0.022982178,0.005994917
9,29,26171904,67,2.022893125,0.017657216,0.022982178,0.006436395
7,29,26171904,67,3.265054836,0.017657216,0.022982178,0.005369172
3,29,26171904,67,5.611598074,0.017657216,0.022982178,0.005663519
4,29,26171904,67,7.593315356,0.017657216,0.022982178,0.006082372
5,29,26171904,67,7.820140080,0.017657216,0.022982178,0.000005291
1,29,26171904,67,0.202818356,0.017657216,0.004446384,0.005948975
8,29,26171904,67,0.453056387,0.017657216,0.004446384,0.005674525
2,29,26171904,67,0.615189401,0.017657216,0.004446384,0.005761571
10,29,26171904,67,1.151571890,0.017657216,0.004446384,0.005961253
6,29,26171904,67,1.971122774,0.017657216,0.004446384,0.005498184
9,29,26171904,67,2.022893125,0.017657216,0.004446384,0.006267394
7,29,26171904,67,3.265054836,0.017657216,0.004446384,0.005284854
3,29,26171904,67,5.611598074,0.017657216,0.004446384,0.006511777
4,29,26171904,67,7.593315356,0.017657216,0.004446384,0.005639795
5,29,26171904,67,7.820140080,0.017657216,0.004446384,0.000005291
1,29,26171904,67,0.202818356,0.017657216,0.076582618,0.005946806
8,29,26171904,67,0.453056387,0.017657216,0.076582618,0.006161109
2,29,26171904,67,0.615189401,0.017657216,0.076582618,0.005621989
10,29,26171904,67,1.151571890,0.017657216,0.076582618,0.006366141
6,29,26171904,67,1.971122774,0.017657216,0.076582618,0.005172851
9,29,26171904,67,2.022893125,0.017657216,0.076582618,0.006434041
7,29,26171904,67,3.265054836,0.017657216,0.076582618,0.005236794
3,29,26171904,67,5.611598074,0.017657216,0.076582618,0.005337253
4,29,26171904,67,7.593315356,0.017657216,0.076582618,0.006335050
5,29,26171904,67,7.820140080,0.017657216,0.076582618,0.000005291
1,29,26171904,67,0.202818356,0.017657216,0.054019969,0.005721633
8,29,26171904,67,0.453056387,0.017657216,0.054019969,0.006078207
2,29,26171904,67,0.615189401,0.017657216,0.054019969,0.005026100
10,29,26171904,67,1.151571890,0.017657216,0.054019969,0.006241238
6,29,26171904,67,1.971122774,0.017657216,0.054019969,0.005935640
9,29,26171904,67,2.022893125,0.017657216,0.054019969,0.006055219
7,29,26171904,67,3.265054836,0.017657216,0.054019969,0.005890945
3,29,26171904,67,5.611598074,0.017657216,0.054019969,0.005801781
4,29,26171904,67,7.593315356,0.017657216,0.054019969,0.006169576
5,29,26171904,67,7.820140080,0.017657216,0.054019969,0.000005291
1,30,26171904,67,0.202818356,0.017657216,0.025574345,0.005749276
8,30,26171904,67,0.453056387,0.017657216,0.025574345,0.005361355
2,30,26171904,67,0.615189401,0.017657216,0.025574345,0.005534041
10,30,26171904,67,1.151571890,0.017657216,0.025574345,0.005920075
6,30,26171904,67,1.971122774,0.017657216,0.025574345,0.005856476
9,30,26171904,67,2.022893125,0.017657216,0.025574345,0.006597582
7,30,26171904,67,3.265054836,0.017657216,0.025574345,0.006151724
3,30,26171904,67,5.611598074,0.017657216,0.025574345,0.005567279
4,30,26171904,67,7.593315356,0.017657216,0.025574345,0.005832591
5,30,26171904,67,7.820140080,0.017657216,0.025574345,0.000005291
1,30,26171904,67,0.202818356,0.017657216,0.039947148,0.005960990
8,30,26171904,67,0.453056387,0.017657216,0.039947148,0.006345018
2,30,26171904,67,0.615189401,0.017657216,0.039947148,0.006070102
10,30,26171904,67,1.151571890,0.017657216,0.039947148,0.006157135
6,30,26171904,67,1.971122774,0.017657216,0.039947148,0.005639738
9,30,26171904,67,2.022893125,0.017657216,0.039947148,0.006141831
7,30,26171904,67,3.265054836,0.017657216,0.039947148,0.005759205
3,30,26171904,67,5.611598074,0.017657216,0.039947148,0.005645358
4,30,26171904,67,7.593315356,0.017657216,0.039947148,0.005893334
5,30,26171904,67,7.820140080,0.017657216,0.039947148,0.000005291
1,30,26171904,67,0.202818356,0.017657216,0.032612968,0.005243357
8,30,26171904,67,0.453056387,0.017657216,0.032612968,0.006249619
2,30,26171904,67,0.615189401,0.017657216,0.032612968,0.005827638
10,30,26171904,67,1.151571890,0.017657216,0.032612968,0.006111503
6,30,26171904,67,1.971122774,0.017657216,0.032612968,0.005710036
9,30,26171904,67,2.022893125,0.017657216,0.032612968,0.004929267
7,30,26171904,67,3.265054836,0.017657216,0.032612968,0.005586802
3,30,26171904,67,5.611598074,0.017657216,0.032612968,0.005683438
4,30,26171904,67,7.593315356,0.017657216,0.032612968,0.006175065
5,30,26171904,67,7.820140080,0.017657216,0.032612968,0.000005291
1,30,26171904,67,0.202818356,0.017657216,0.070098229,0.005124174
8,30,26171904,67,0.453056387,0.017657216,0.070098229,0.006175541
2,30,26171904,67,0.615189401,0.017657216,0.070098229,0.006537019
10,30,26171904,67,1.151571890,0.017657216,0.070098229,0.005867005
6,30,26171904,67,1.971122774,0.017657216,0.070098229,0.005869399
9,30,26171904,67,2.022893125,0.017657216,0.070098229,0.006114136
7,30,26171904,67,3.265054836,0.017657216,0.070098229,0.006212523
3,30,26171904,67,5.611598074,0.017657216,0.070098229,0.005343205
4,30,26171904,67,7.593315356,0.017657216,0.070098229,0.006356833
5,30,26171904,67,7.820140080,0.017657216,0.070098229,0.000005291
1,30,26171904,67,0.202818356,0.017657216,0.037144445,0.005819272
8,30,26171904,67,0.453056387,0.017657216,0.037144445,0.006499397
2,30,26171904,67,0.615189401,0.017657216,0.037144445,0.006263126
10,30,26171904,67,1.151571890,0.017657216,0.037144445,0.006257974
6,30,26171904,67,1.971122774,0.017657216,0.037144445,0.006360943
9,30,26171904,67,2.022893125,0.017657216,0.037144445,0.005574188
7,30,26171904,67,3.265054836,0.017657216,0.037144445,0.005205114
3,30,26171904,67,5.611598074,0.017657216,0.037144445,0.005991986
4,30,26171904,67,7.593315356,0.017657216,0.037144445,0.006076470
5,30,26171904,67,7.820140080,0.017657216,0.037144445,0.000005291
1,31,26171904,67,0.202818356,0.017657216,0.053768173,0.005502351
8,31,26171904,67,0.453056387,0.017657216,0.053768173,0.005589262
2,31,26171904,67,0.615189401,0.017657216,0.053768173,0.006000608
10,31,26171904,67,1.151571890,0.017657216,0.053768173,0.005455052
6,31,26171904,67,1.971122774,0.017657216,0.053768173,0.005666695
9,31,26171904,67,2.022893125,0.017657216,0.053768173,0.006546888
7,31,26171904,67,3.265054836,0.017657216,0.053768173,0.005431386
3,31,26171904,67,5.611598074,0.017657216,0.053768173,0.006339076
4,31,26171904,67,7.593315356,0.017657216,0.053768173,0.005849223
5,31,26171904,67,7.820140080,0.017657216,0.053768173,0.000005291
1,31,26171904,67,0.202818356,0.017657216,0.044035912,0.006497366
8,31,26171904,67,0.453056387,0.017657216,0.044035912,0.006125316
2,31,26171904,67,0.615189401,0.017657216,0.044035912,0.005285035
10,31,26171904,67,1.151571890,0.017657216,0.044035912,0.005354516
6,31,26171904,67,1.971122774,0.017657216,0.044035912,0.006008188
9,31,26171904,67,2.022893125,0.017657216,0.044035912,0.006029420
7,31,26171904,67,3.265054836,0.017657216,0.044035912,0.006822060
3,31,26171904,67,5.611598074,0.017657216,0.044035912,0.005038803
4,31,26171904,67,7.593315356,0.017657216,0.044035912,0.005812709
5,31,26171904,67,7.820140080,0.017657216,0.044035912,0.000005291
1,31,26171904,67,0.202818356,0.017657216,0.049252905,0.005853217
8,31,26171904,67,0.453056387,0.017657216,0.049252905,0.005811400
2,31,26171904,67,0.615189401,0.017657216,0.049252905,0.006038276
10,31,26171904,67,1.151571890,0.017657216,0.049252905,0.005479773
6,31,26171904,67,1.971122774,0.017657216,0.049252905,0.006265395
9,31,26171904,67,2.022893125,0.017657216,0.049252905,0.005376473
7,31,26171904,67,3.265054836,0.017657216,0.049252905,0.005942543
3,31,26171904,67,5.611598074,0.017657216,0.049252905,0.005198243
4,31,26171904,67,7.593315356,0.017657216,0.049252905,0.005939680
5,31,26171904,67,7.820140080,0.017657216,0.049252905,0.000005291
1,31,26171904,67,0.202818356,0.017657216,0.045572434,0.005849095
8,31,26171904,67,0.453056387,0.017657216,0.045572434,0.005840825
2,31,26171904,67,0.615189401,0.017657216,0.045572434,0.005497844
10,31,26171904,67,1.151571890,0.017657216,0.045572434,0.006024344
6,31,26171904,67,1.971122774,0.017657216,0.045572434,0.006295217
9,31,26171904,67,2.022893125,0.017657216,0.045572434,0.006152356
7,31,26171904,67,3.265054836,0.017657216,0.045572434,0.005688253
3,31,26171904,67,5.611598074,0.017657216,0.045572434,0.006320646
4,31,26171904,67,7.593315356,0.017657216,0.045572434,0.005575410
5,31,26171904,67,7.820140080,0.017657216,0.045572434,0.000005291
1,31,26171904,67,0.202818356,0.017657216,0.055513781,0.005897604
8,31,26171904,67,0.453056387,0.017657216,0.055513781,0.006072514
2,31,26171904,67,0.615189401,0.017657216,0.055513781,0.006224073
10,31,26171904,67,1.151571890,0.017657216,0.055513781,0.006182062
6,31,26171904,67,1.971122774,0.017657216,0.055513781,0.006623690
9,31,26171904,67,2.022893125,0.017657216,0.055513781,0.005923994
7,31,26171904,67,3.265054836,0.017657216,0.055513781,0.006050940
3,31,26171904,67,5.611598074,0.017657216,0.055513781,0.006203119
4,31,26171904,67,7.593315356,0.017657216,0.055513781,0.005827283
5,31,26171904,67,7.820140080,0.017657216,0.055513781,0.000005291
1,32,26171904,67,0.202818356,0.017657216,0.021007935,0.005187926
8,32,26171904,67,0.453056387,0.017657216,0.021007935,0.005373566
2,32,26171904,67,0.615189401,0.017657216,0.021007935,0.005518221
10,32,26171904,67,1.151571890,0.017657216,0.021007935,0.005620040
6,32,26171904,67,1.971122774,0.017657216,0.021007935,0.005725303
9,32,26171904,67,2.022893125,0.017657216,0.021007935,0.006255856
7,32,26171904,67,3.265054836,0.017657216,0.021007935,0.005903589
3,32,26171904,67,5.611598074,0.017657216,0.021007935,0.005851802
4,32,26171904,67,7.593315356,0.017657216,0.021007935,0.006190162
5,32,26171904,67,7.820140080,0.017657216,0.021007935,0.000005291
1,32,26171904,67,0.202818356,0.017657216,0.032866534,0.006271042
8,32,26171904,67,0.453056387,0.017657216,0.032866534,0.005830880
2,32,26171904,67,0.615189401,0.017657216,0.032866534,0.005865377
10,32,26171904,67,1.151571890,0.017657216,0.032866534,0.005945772
6,32,26171904,67,1.971122774,0.017657216,0.032866534,0.006847641
9,32,26171904,67,2.022893125,0.017657216,0.032866534,0.005999937
7,32,26171904,67,3.265054836,0.017657216,0.032866534,0.005885285
3,32,26171904,67,5.611598074,0.017657216,0.032866534,0.005990671
4,32,26171904,67,7.593315356,0.017657216,0.032866534,0.006092417
5,32,26171904,67,7.820140080,0.017657216,0.032866534,0.000005291
1,32,26171904,67,0.202818356,0.017657216,0.150425896,0.005693090
8,32,26171904,67,0.453056387,0.017657216,0.150425896,0.006401397
2,32,26171904,67,0.615189401,0.017657216,0.150425896,0.005502689
10,32,26171904,67,1.151571890,0.017657216,0.150425896,0.005423580
6,32,26171904,67,1.971122774,0.017657216,0.150425896,0.005809231
9,32,26171904,67,2.022893125,0.017657216,0.150425896,0.005339535
7,32,26171904,67,3.265054836,0.017657216,0.150425896,0.005442329
3,32,26171904,67,5.611598074,0.017657216,0.150425896,0.006206191
4,32,26171904,67,7.593315356,0.017657216,0.150425896,0.006070499
5,32,26171904,67,7.820140080,0.017657216,0.150425896,0.000005291
1,32,26171904,67,0.202818356,0.017657216,0.124829985,0.005937292
8,32,26171904,67,0.453056387,0.017657216,0.124829985,0.005328373
2,32,26171904,67,0.615189401,0.017657216,0.124829985,0.006384239
10,32,26171904,67,1.151571890,0.017657216,0.124829985,0.005837647
6,32,26171904,67,1.971122774,0.017657216,0.124829985,0.006258371
9,32,26171904,67,2.022893125,0.017657216,0.124829985,0.005701145
7,32,26171904,67,3.265054836,0.017657216,0.124829985,0.006189596
3,32,26171904,67,5.611598074,0.017657216,0.124829985,0.005969398
4,32,26171904,67,7.593315356,0.017657216,0.124829985,0.005673314
5,32,26171904,67,7.820140080,0.017657216,0.124829985,0.000005291
1,32,26171904,67,0.202818356,0.017657216,0.018541871,0.006017889
8,32,26171904,67,0.453056387,0.017657216,0.018541871,0.006258491
2,32,26171904,67,0.615189401,0.017657216,0.018541871,0.006129952
10,32,26171904,67,1.151571890,0.017657216,0.018541871,0.005742992
6,32,26171904,67,1.971122774,0.017657216,0.018541871,0.006317249
9,32,26171904,67,2.022893125,0.017657216,0.018541871,0.005898380
7,32,26171904,67,3.265054836,0.017657216,0.018541871,0.005713576
3,32,26171904,67,5.611598074,0.017657216,0.018541871,0.005787051
4,32,26171904,67,7.593315356,0.017657216,0.018541871,0.006735876
5,32,26171904,67,7.820140080,0.017657216,0.018541871,0.000005291
1,33,26171904,67,0.202818356,0.017657216,0.003818391,0.006032044
8,33,26171904,67,0.453056387,0.017657216,0.003818391,0.006081516
2,33,26171904,67,0.615189401,0.017657216,0.003818391,0.006496777
10,33,26171904,67,1.151571890,0.017657216,0.003818391,0.005538405
6,33,26171904,67,1.971122774,0.017657216,0.003818391,0.006312431
9,33,26171904,67,2.022893125,0.017657216,0.003818391,0.006034010
7,33,26171904,67,3.265054836,0.017657216,0.003818391,0.005889330
3,33,26171904,67,5.611598074,0.017657216,0.003818391,0.005032902
4,33,26171904,67,7.593315356,0.017657216,0.003818391,0.005759209
5,33,26171904,67,7.820140080,0.017657216,0.003818391,0.000005291
1,33,26171904,67,0.202818356,0.017657216,0.098939814,0.006271013
8,33,26171904,67,0.453056387,0.017657216,0.098939814,0.006162984
2,33,26171904,67,0.615189401,0.017657216,0.098939814,0.005351196
10,33,26171904,67,1.151571890,0.017657216,0.098939814,0.005849221
6,33,26171904,67,1.971122774,0.017657216,0.098939814,0.006416874
9,33,26171904,67,2.022893125,0.017657216,0.098939814,0.005669355
7,33,26171904,67,3.265054836,0.017657216,0.098939814,0.006080805
3,33,26171904,67,5.611598074,0.017657216,0.098939814,0.006176147
4,33,26171904,67,7.593315356,0.017657216,0.098939814,0.005535327
5,33,26171904,67,7.820140080,0.017657216,0.098939814,0.000005291
1,33,26171904,67,0.202818356,0.017657216,0.004807453,0.005416822
8,33,26171904,67,0.453056387,0.017657216,0.004807453,0.005251748
2,33,26171904,67,0.615189401,0.017657216,0.004807453,0.005945623
10,33,26171904,67,1.151571890,0.017657216,0.004807453,0.006410477
6,33,26171904,67,1.971122774,0.017657216,0.004807453,0.005581772
9,33,26171904,67,2.022893125,0.017657216,0.004807453,0.006262204
7,33,26171904,67,3.265054836,0.017657216,0.004807453,0.005515739
3,33,26171904,67,5.611598074,0.017657216,0.004807453,0.006376125
4,33,26171904,67,7.593315356,0.017657216,0.004807453,0.006163357
5,33,26171904,67,7.820140080,0.017657216,0.004807453,0.000005291
1,33,26171904,67,0.202818356,0.017657216,0.027194820,0.006586151
8,33,26171904,67,0.453056387,0.017657216,0.027194820,0.005095559
2,33,26171904,67,0.615189401,0.017657216,0.027194820,0.005835592
10,33,26171904,67,1.151571890,0.017657216,0.027194820,0.005993350
6,33,26171904,67,1.971122774,0.017657216,0.027194820,0.005944843
9,33,26171904,67,2.022893125,0.017657216,0.027194820,0.005211382
7,33,26171904,67,3.265054836,0.017657216,0.027194820,0.006263052
3,33,26171904,67,5.611598074,0.017657216,0.027194820,0.006072502
4,33,26171904,67,7.593315356,0.017657216,0.027194820,0.006093630
5,33,26171904,67,7.820140080,0.017657216,0.027194820,0.000005291
1,33,26171904,67,0.202818356,0.017657216,0.068388909,0.005943394
8,33,26171904,67,0.453056387,0.017657216,0.068388909,0.005766158
2,33,26171904,67,0.615189401,0.017657216,0.068388909,0.005816553
10,33,26171904,67,1.151571890,0.017657216,0.068388909,0.006436824
6,33,26171904,67,1.971122774,0.017657216,0.068388909,0.006217957
9,33,26171904,67,2.022893125,0.017657216,0.068388909,0.005664312
7,33,26171904,67,3.265054836,0.017657216,0.068388909,0.005874931
3,33,26171904,67,5.611598074,0.017657216,0.068388909,0.005649413
4,33,26171904,67,7.593315356,0.017657216,0.068388909,0.006315898
5,33,26171904,67,7.820140080,0.017657216,0.068388909,0.000005291
1,34,26171904,67,0.202818356,0.017657216,0.083861396,0.006471492
8,34,26171904,67,0.453056387,0.017657216,0.083861396,0.006685085
2,34,26171904,67,0.615189401,0.017657216,0.083861396,0.005782252
10,34,26171904,67,1.151571890,0.017657216,0.083861396,0.006381381
6,34,26171904,67,1.971122774,0.017657216,0.083861396,0.005174350
9,34,26171904,67,2.022893125,0.017657216,0.083861396,0.006411162
7,34,26171904,67,3.265054836,0.017657216,0.083861396,0.005248738
3,34,26171904,67,5.611598074,0.017657216,0.083861396,0.005571042
4,34,26171904,67,7.593315356,0.017657216,0.083861396,0.005707475
5,34,26171904,67,7.820140080,0.017657216,0.083861396,0.000005291
1,34,26171904,67,0.202818356,0.017657216,0.058506031,0.006016476
8,34,26171904,67,0.453056387,0.017657216,0.058506031,0.006404861
2,34,26171904,67,0.615189401,0.017657216,0.058506031,0.005919944
10,34,26171904,67,1.151571890,0.017657216,0.058506031,0.006620076
6,34,26171904,67,1.971122774,0.017657216,0.058506031,0.005797501
9,34,26171904,67,2.022893125,0.017657216,0.058506031,0.005704166
7,34,26171904,67,3.265054836,0.017657216,0.058506031,0.006071673
3,34,26171904,67,5.611598074,0.017657216,0.058506031,0.005075169
4,34,26171904,67,7.593315356,0.017657216,0.058506031,0.005821147
5,34,26171904,67,7.820140080,0.017657216,0.058506031,0.000005291
1,34,26171904,67,0.202818356,0.017657216,0.020034589,0.006490533
8,34,26171904,67,0.453056387,0.017657216,0.020034589,0.005662917
2,34,26171904,67,0.615189401,0.017657216,0.020034589,0.005226838
10,34,26171904,67,1.151571890,0.017657216,0.020034589,0.005968943
6,34,26171904,67,1.971122774,0.017657216,0.020034589,0.006092105
9,34,26171904,67,2.022893125,0.017657216,0.020034589,0.005887714
7,34,26171904,67,3.265054836,0.017657216,0.020034589,0.005658407
3,34,26171904,67,5.611598074,0.017657216,0.020034589,0.006550178
4,34,26171904,67,7.593315356,0.017657216,0.020034589,0.005687430
5,34,26171904,67,7.820140080,0.017657216,0.020034589,0.000005291
1,34,26171904,67,0.202818356,0.017657216,0.050546311,0.005703684
8,34,26171904,67,0.453056387,0.017657216,0.050546311,0.006479877
2,34,26171904,67,0.615189401,0.017657216,0.050546311,0.005929736
10,34,26171904,67,1.151571890,0.017657216,0.050546311,0.005812532
6,34,26171904,67,1.971122774,0.017657216,0.050546311,0.006118451
9,34,26171904,67,2.022893125,0.017657216,0.050546311,0.006838267
7,34,26171904,67,3.265054836,0.017657216,0.050546311,0.005167674
3,34,26171904,67,5.611598074,0.017657216,0.050546311,0.005977935
4,34,26171904,67,7.593315356,0.017657216,0.050546311,0.005830885
5,34,26171904,67,7.820140080,0.017657216,0.050546311,0.000005291
1,34,26171904,67,0.202818356,0.017657216,0.045364294,0.006144706
8,34,26171904,67,0.453056387,0.017657216,0.045364294,0.006003929
2,34,26171904,67,0.615189401,0.017657216,0.045364294,0.005770341
10,34,26171904,67,1.151571890,0.017657216,0.045364294,0.006338106
6,34,26171904,67,1.971122774,0.017657216,0.045364294,0.005611141
9,34,26171904,67,2.022893125,0.017657216,0.045364294,0.005738911
7,34,26171904,67,3.265054836,0.017657216,0.045364294,0.005237464
3,34,26171904,67,5.611598074,0.017657216,0.045364294,0.005936936
4,34,26171904,67,7.593315356,0.017657216,0.045364294,0.006207259
5,34,26171904,67,7.820140080,0.017657216,0.045364294,0.000005291
1,35,26171904,67,0.202818356,0.017657216,0.050735649,0.006148562
8,35,26171904,67,0.453056387,0.017657216,0.050735649,0.005601294
2,35,26171904,67,0.615189401,0.017657216,0.050735649,0.005768829
10,35,26171904,67,1.151571890,0.017657216,0.050735649,0.006024427
6,35,26171904,67,1.971122774,0.017657216,0.050735649,0.005779174
9,35,26171904,67,2.022893125,0.017657216,0.050735649,0.006138440
7,35,26171904,67,3.265054836,0.017657216,0.050735649,0.005710080
3,35,26171904,67,5.611598074,0.017657216,0.050735649,0.004998280
4,35,26171904,67,7.593315356,0.017657216,0.050735649,0.005732668
5,35,26171904,67,7.820140080,0.017657216,0.050735649,0.000005291
1,35,26171904,67,0.202818356,0.017657216,0.093291782,0.005310885
8,35,26171904,67,0.453056387,0.017657216,0.093291782,0.006308988
2,35,26171904,67,0.615189401,0.017657216,0.093291782,0.006324104
10,35,26171904,67,1.151571890,0.017657216,0.093291782,0.005633679
6,35,26171904,67,1.971122774,0.017657216,0.093291782,0.006355069
9,35,26171904,67,2.022893125,0.017657216,0.093291782,0.004837509
7,35,26171904,67,3.265054836,0.017657216,0.093291782,0.006144218
3,35,26171904,67,5.611598074,0.017657216,0.093291782,0.006238664
4,35,26171904,67,7.593315356,0.017657216,0.093291782,0.005929907
5,35,26171904,67,7.820140080,0.017657216,0.093291782,0.000005291
1,35,26171904,67,0.202818356,0.017657216,0.083046198,0.005976614
8,35,26171904,67,0.453056387,0.017657216,0.083046198,0.005790504
2,35,26171904,67,0.615189401,0.017657216,0.083046198,0.006093384
10,35,26171904,67,1.151571890,0.017657216,0.083046198,0.006101096
6,35,26171904,67,1.971122774,0.017657216,0.083046198,0.006232266
9,35,26171904,67,2.022893125,0.017657216,0.083046198,0.005631589
7,35,26171904,67,3.265054836,0.017657216,0.083046198,0.006151699
3,35,26171904,67,5.611598074,0.017657216,0.083046198,0.005997146
4,35,26171904,67,7.593315356,0.017657216,0.083046198,0.005588721
5,35,26171904,67,7.820140080,0.017657216,0.083046198,0.000005291
1,35,26171904,67,0.202818356,0.017657216,0.145460799,0.005880479
8,35,26171904,67,0.453056387,0.017657216,0.145460799,0.006621156
2,35,26171904,67,0.615189401,0.017657216,0.145460799,0.006071506
10,35,26171904,67,1.151571890,0.017657216,0.145460799,0.005934137
6,35,26171904,67,1.971122774,0.017657216,0.145460799,0.005889927
9,35,26171904,67,2.022893125,0.017657216,0.145460799,0.006197953
7,35,26171904,67,3.265054836,0.017657216,0.145460799,0.006276769
3,35,26171904,67,5.611598074,0.017657216,0.145460799,0.005132059
4,35,26171904,67,7.593315356,0.017657216,0.145460799,0.006044929
5,35,26171904,67,7.820140080,0.017657216,0.145460799,0.000005291
1,35,26171904,67,0.202818356,0.017657216,0.042559996,0.005904651
8,35,26171904,67,0.453056387,0.017657216,0.042559996,0.005920859
2,35,26171904,67,0.615189401,0.017657216,0.042559996,0.005817996
10,35,26171904,67,1.151571890,0.017657216,0.042559996,0.006281806
6,35,26171904,67,1.971122774,0.017657216,0.042559996,0.005892749
9,35,26171904,67,2.022893125,0.017657216,0.042559996,0.006181142
7,35,26171904,67,3.265054836,0.017657216,0.042559996,0.006494597
3,35,26171904,67,5.611598074,0.017657216,0.042559996,0.005657996
4,35,26171904,67,7.593315356,0.017657216,0.042559996,0.006159564
5,35,26171904,67,7.820140080,0.017657216,0.042559996,0.000005291
1,36,26171904,67,0.202818356,0.017657216,0.090136796,0.006005885
8,36,26171904,67,0.453056387,0.017657216,0.090136796,0.006009790
2,36,26171904,67,0.615189401,0.017657216,0.090136796,0.005663173
10,36,26171904,67,1.151571890,0.017657216,0.090136796,0.005951537
6,36,26171904,67,1.971122774,0.017657216,0.090136796,0.005858892
9,36,26171904,67,2.022893125,0.017657216,0.090136796,0.006073750
7,36,26171904,67,3.265054836,0.017657216,0.090136796,0.006215041
3,36,26171904,67,5.611598074,0.017657216,0.090136796,0.005127485
4,36,26171904,67,7.593315356,0.017657216,0.090136796,0.006294850
5,36,26171904,67,7.820140080,0.017657216,0.090136796,0.000005291
1,36,26171904,67,0.202818356,0.017657216,0.020791223,0.006066312
8,36,26171904,67,0.453056387,0.017657216,0.020791223,0.005784383
2,36,26171904,67,0.615189401,0.017657216,0.020791223,0.006150444
10,36,26171904,67,1.151571890,0.017657216,0.020791223,0.005957658
6,36,26171904,67,1.971122774,0.017657216,0.020791223,0.005682587
9,36,26171904,67,2.022893125,0.017657216,0.020791223,0.005869658
7,36,26171904,67,3.265054836,0.017657216,0.020791223,0.005643572
3,36,26171904,67,5.611598074,0.017657216,0.020791223,0.005800943
4,36,26171904,67,7.593315356,0.017657216,0.020791223,0.005998782
5,36,26171904,67,7.820140080,0.017657216,0.020791223,0.000005291
1,36,26171904,67,0.202818356,0.017657216,0.018959109,0.005629898
8,36,26171904,67,0.453056387,0.017657216,0.018959109,0.006573262
2,36,26171904,67,0.615189401,0.017657216,0.018959109,0.005280587
10,36,26171904,67,1.151571890,0.017657216,0.018959109,0.005804069
6,36,26171904,67,1.971122774,0.017657216,0.018959109,0.005431190
9,36,26171904,67,2.022893125,0.017657216,0.018959109,0.005575333
7,36,26171904,67,3.265054836,0.017657216,0.018959109,0.004923048
3,36,26171904,67,5.611598074,0.017657216,0.018959109,0.006305375
4,36,26171904,67,7.593315356,0.017657216,0.018959109,0.004997416
5,36,26171904,67,7.820140080,0.017657216,0.018959109,0.000005291
1,36,26171904,67,0.202818356,0.017657216,0.095595896,0.006122486
8,36,26171904,67,0.453056387,0.017657216,0.095595896,0.006512436
2,36,26171904,67,0.615189401,0.017657216,0.095595896,0.006705811
10,36,26171904,67,1.151571890,0.017657216,0.095595896,0.005577523
6,36,26171904,67,1.971122774,0.017657216,0.095595896,0.006485736
9,36,26171904,67,2.022893125,0.017657216,0.095595896,0.005323358
7,36,26171904,67,3.265054836,0.017657216,0.095595896,0.005645493
3,36,26171904,67,5.611598074,0.017657216,0.095595896,0.006161365
4,36,26171904,67,7.593315356,0.017657216,0.095595896,0.005235509
5,36,26171904,67,7.820140080,0.017657216,0.095595896,0.000005291
1,36,26171904,67,0.202818356,0.017657216,0.037317704,0.005812762
8,36,26171904,67,0.453056387,0.017657216,0.037317704,0.005854487
2,36,26171904,67,0.615189401,0.017657216,0.037317704,0.006547169
10,36,26171904,67,1.151571890,0.017657216,0.037317704,0.005493952
6,36,26171904,67,1.971122774,0.017657216,0.037317704,0.006173761
9,36,26171904,67,2.022893125,0.017657216,0.037317704,0.005444926
7,36,26171904,67,3.265054836,0.017657216,0.037317704,0.006435603
3,36,26171904,67,5.611598074,0.017657216,0.037317704,0.005440805
4,36,26171904,67,7.593315356,0.017657216,0.037317704,0.006323557
5,36,26171904,67,7.820140080,0.017657216,0.037317704,0.000005291
1,37,26171904,67,0.202818356,0.017657216,0.028586613,0.005965414
8,37,26171904,67,0.453056387,0.017657216,0.028586613,0.005991567
2,37,26171904,67,0.615189401,0.017657216,0.028586613,0.005754145
10,37,26171904,67,1.151571890,0.017657216,0.028586613,0.005273654
6,37,26171904,67,1.971122774,0.017657216,0.028586613,0.006147525
9,37,26171904,67,2.022893125,0.017657216,0.028586613,0.005974389
7,37,26171904,67,3.265054836,0.017657216,0.028586613,0.005312193
3,37,26171904,67,5.611598074,0.017657216,0.028586613,0.005658760
4,37,26171904,67,7.593315356,0.017657216,0.028586613,0.006386561
5,37,26171904,67,7.820140080,0.017657216,0.028586613,0.000005291
1,37,26171904,67,0.202818356,0.017657216,0.045592356,0.005770159
8,37,26171904,67,0.453056387,0.017657216,0.045592356,0.006085917
2,37,26171904,67,0.615189401,0.017657216,0.045592356,0.005655588
10,37,26171904,67,1.151571890,0.017657216,0.045592356,0.005874152
6,37,26171904,67,1.971122774,0.017657216,0.045592356,0.006371567
9,37,26171904,67,2.022893125,0.017657216,0.045592356,0.006478547
7,37,26171904,67,3.265054836,0.017657216,0.045592356,0.006370300
3,37,26171904,67,5.611598074,0.017657216,0.045592356,0.006423349
4,37,26171904,67,7.593315356,0.017657216,0.045592356,0.005744200
5,37,26171904,67,7.820140080,0.017657216,0.045592356,0.000005291
1,37,26171904,67,0.202818356,0.017657216,0.052020743,0.006066406
8,37,26171904,67,0.453056387,0.017657216,0.052020743,0.005881024
2,37,26171904,67,0.615189401,0.017657216,0.052020743,0.005105484
10,37,26171904,67,1.151571890,0.017657216,0.052020743,0.006325839
6,37,26171904,67,1.971122774,0.017657216,0.052020743,0.006205473
9,37,26171904,67,2.022893125,0.017657216,0.052020743,0.006408438
7,37,26171904,67,3.265054836,0.017657216,0.052020743,0.006173271
3,37,26171904,67,5.611598074,0.017657216,0.052020743,0.006015283
4,37,26171904,67,7.593315356,0.017657216,0.052020743,0.005595154
5,37,26171904,67,7.820140080,0.017657216,0.052020743,0.000005291
1,37,26171904,67,0.202818356,0.017657216,0.126595199,0.005538786
8,37,26171904,67,0.453056387,0.017657216,0.126595199,0.006176624
2,37,26171904,67,0.615189401,0.017657216,0.126595199,0.006041505
10,37,26171904,67,1.151571890,0.017657216,0.126595199,0.005374928
6,37,26171904,67,1.971122774,0.017657216,0.126595199,0.005862394
9,37,26171904,67,2.022893125,0.017657216,0.126595199,0.005483746
7,37,26171904,67,3.265054836,0.017657216,0.126595199,0.006200527
3,37,26171904,67,5.611598074,0.017657216,0.126595199,0.006351925
4,37,26171904,67,7.593315356,0.017657216,0.126595199,0.005834884
5,37,26171904,67,7.820140080,0.017657216,0.126595199,0.000005291
1,37,26171904,67,0.202818356,0.017657216,0.031017536,0.005513338
8,37,26171904,67,0.453056387,0.017657216,0.031017536,0.006177779
2,37,26171904,67,0.615189401,0.017657216,0.031017536,0.006520728
10,37,26171904,67,1.151571890,0.017657216,0.031017536,0.006140723
6,37,26171904,67,1.971122774,0.017657216,0.031017536,0.006107676
9,37,26171904,67,2.022893125,0.017657216,0.031017536,0.005806120
7,37,26171904,67,3.265054836,0.017657216,0.031017536,0.004996077
3,37,26171904,67,5.611598074,0.017657216,0.031017536,0.004876489
4,37,26171904,67,7.593315356,0.017657216,0.031017536,0.005764463
5,37,26171904,67,7.820140080,0.017657216,0.031017536,0.000005291
1,38,26171904,67,0.202818356,0.017657216,0.014993249,0.006135350
8,38,26171904,67,0.453056387,0.017657216,0.014993249,0.006226279
2,38,26171904,67,0.615189401,0.017657216,0.014993249,0.006103158
10,38,26171904,67,1.151571890,0.017657216,0.014993249,0.005595329
6,38,26171904,67,1.971122774,0.017657216,0.014993249,0.006046749
9,38,26171904,67,2.022893125,0.017657216,0.014993249,0.005573558
7,38,26171904,67,3.265054836,0.017657216,0.014993249,0.006070589
3,38,26171904,67,5.611598074,0.017657216,0.014993249,0.006590654
4,38,26171904,67,7.593315356,0.017657216,0.014993249,0.006169071
5,38,26171904,67,7.820140080,0.017657216,0.014993249,0.000005291
1,38,26171904,67,0.202818356,0.017657216,0.004513444,0.006360828
8,38,26171904,67,0.453056387,0.017657216,0.004513444,0.005823773
2,38,26171904,67,0.615189401,0.017657216,0.004513444,0.005258814
10,38,26171904,67,1.151571890,0.017657216,0.004513444,0.005332338
6,38,26171904,67,1.971122774,0.017657216,0.004513444,0.006180349
9,38,26171904,67,2.022893125,0.017657216,0.004513444,0.006141380
7,38,26171904,67,3.265054836,0.017657216,0.004513444,0.006114045
3,38,26171904,67,5.611598074,0.017657216,0.004513444,0.005347100
4,38,26171904,67,7.593315356,0.017657216,0.004513444,0.006425535
5,38,26171904,67,7.820140080,0.017657216,0.004513444,0.000005291
1,38,26171904,67,0.202818356,0.017657216,0.096519448,0.005468598
8,38,26171904,67,0.453056387,0.017657216,0.096519448,0.005500205
2,38,26171904,67,0.615189401,0.017657216,0.096519448,0.005866511
10,38,26171904,67,1.151571890,0.017657216,0.096519448,0.005672034
6,38,26171904,67,1.971122774,0.017657216,0.096519448,0.005752830
9,38,26171904,67,2.022893125,0.017657216,0.096519448,0.005339717
7,38,26171904,67,3.265054836,0.017657216,0.096519448,0.006031525
3,38,26171904,67,5.611598074,0.017657216,0.096519448,0.005615482
4,38,26171904,67,7.593315356,0.017657216,0.096519448,0.005905394
5,38,26171904,67,7.820140080,0.017657216,0.096519448,0.000005291
1,38,26171904,67,0.202818356,0.017657216,0.023457877,0.005787007
8,38,26171904,67,0.453056387,0.017657216,0.023457877,0.005260478
2,38,26171904,67,0.615189401,0.017657216,0.023457877,0.005899186
10,38,26171904,67,1.151571890,0.017657216,0.023457877,0.006245956
6,38,26171904,67,1.971122774,0.017657216,0.023457877,0.006115754
9,38,26171904,67,2.022893125,0.017657216,0.023457877,0.006103342
7,38,26171904,67,3.265054836,0.017657216,0.023457877,0.005920700
3,38,26171904,67,5.611598074,0.017657216,0.023457877,0.005770927
4,38,26171904,67,7.593315356,0.017657216,0.023457877,0.006573704
5,38,26171904,67,7.820140080,0.017657216,0.023457877,0.000005291
1,38,26171904,67,0.202818356,0.017657216,0.021147765,0.005873765
8,38,26171904,67,0.453056387,0.017657216,0.021147765,0.005834511
2,38,26171904,67,0.615189401,0.017657216,0.021147765,0.005815052
10,38,26171904,67,1.151571890,0.017657216,0.021147765,0.006084886
6,38,26171904,67,1.971122774,0.017657216,0.021147765,0.005437876
9,38,26171904,67,2.022893125,0.017657216,0.021147765,0.005904420
7,38,26171904,67,3.265054836,0.017657216,0.021147765,0.005483786
3,38,26171904,67,5.611598074,0.017657216,0.021147765,0.005862512
4,38,26171904,67,7.593315356,0.017657216,0.021147765,0.006326282
5,38,26171904,67,7.820140080,0.017657216,0.021147765,0.000005291
1,39,26171904,67,0.202818356,0.017657216,0.031570382,0.005302727
8,39,26171904,67,0.453056387,0.017657216,0.031570382,0.005981048
2,39,26171904,67,0.615189401,0.017657216,0.031570382,0.006092877
10,39,26171904,67,1.151571890,0.017657216,0.031570382,0.005844709
6,39,26171904,67,1.971122774,0.017657216,0.031570382,0.005700965
9,39,26171904,67,2.022893125,0.017657216,0.031570382,0.006239819
7,39,26171904,67,3.265054836,0.017657216,0.031570382,0.006425761
3,39,26171904,67,5.611598074,0.017657216,0.031570382,0.006831105
4,39,26171904,67,7.593315356,0.017657216,0.031570382,0.006635756
5,39,26171904,67,7.820140080,0.017657216,0.031570382,0.000005291
1,39,26171904,67,0.202818356,0.017657216,0.005034332,0.005214218
8,39,26171904,67,0.453056387,0.017657216,0.005034332,0.006432790
2,39,26171904,67,0.615189401,0.017657216,0.005034332,0.005703172
10,39,26171904,67,1.151571890,0.017657216,0.005034332,0.005568238
6,39,26171904,67,1.971122774,0.017657216,0.005034332,0.005997863
9,39,26171904,67,2.022893125,0.017657216,0.005034332,0.006328180
7,39,26171904,67,3.265054836,0.017657216,0.005034332,0.005976555
3,39,26171904,67,5.611598074,0.017657216,0.005034332,0.006428236
4,39,26171904,67,7.593315356,0.017657216,0.005034332,0.006089317
5,39,26171904,67,7.820140080,0.017657216,0.005034332,0.000005291
1,39,26171904,67,0.202818356,0.017657216,0.027477972,0.006052148
8,39,26171904,67,0.453056387,0.017657216,0.027477972,0.006262585
2,39,26171904,67,0.615189401,0.017657216,0.027477972,0.005209888
10,39,26171904,67,1.151571890,0.017657216,0.027477972,0.006453478
6,39,26171904,67,1.971122774,0.017657216,0.027477972,0.005462597
9,39,26171904,67,2.022893125,0.017657216,0.027477972,0.006449758
7,39,26171904,67,3.265054836,0.017657216,0.027477972,0.006282812
3,39,26171904,67,5.611598074,0.017657216,0.027477972,0.005620237
4,39,26171904,67,7.593315356,0.017657216,0.027477972,0.005984052
5,39,26171904,67,7.820140080,0.017657216,0.027477972,0.000005291
1,39,26171904,67,0.202818356,0.017657216,0.082754351,0.005920819
8,39,26171904,67,0.453056387,0.017657216,0.082754351,0.006149976
2,39,26171904,67,0.615189401,0.017657216,0.082754351,0.006537651
10,39,26171904,67,1.151571890,0.017657216,0.082754351,0.005941475
6,39,26171904,67,1.971122774,0.017657216,0.082754351,0.006753317
9,39,26171904,67,2.022893125,0.017657216,0.082754351,0.006334122
7,39,26171904,67,3.265054836,0.017657216,0.082754351,0.007043702
3,39,26171904,67,5.611598074,0.017657216,0.082754351,0.006232732
4,39,26171904,67,7.593315356,0.017657216,0.082754351,0.006313985
5,39,26171904,67,7.820140080,0.017657216,0.082754351,0.000005291
1,39,26171904,67,0.202818356,0.017657216,0.001198529,0.005899539
8,39,26171904,67,0.453056387,0.017657216,0.001198529,0.005660634
2,39,26171904,67,0.615189401,0.017657216,0.001198529,0.006539457
10,39,26171904,67,1.151571890,0.017657216,0.001198529,0.006019687
6,39,26171904,67,1.971122774,0.017657216,0.001198529,0.006033000
9,39,26171904,67,2.022893125,0.017657216,0.001198529,0.005691485
7,39,26171904,67,3.265054836,0.017657216,0.001198529,0.005813029
3,39,26171904,67,5.611598074,0.017657216,0.001198529,0.005748771
4,39,26171904,67,7.593315356,0.017657216,0.001198529,0.006245836
5,39,26171904,67,7.820140080,0.017657216,0.001198529,0.000005291
1,40,26171904,67,0.202818356,0.017657216,0.142925948,0.005446243
8,40,26171904,67,0.453056387,0.017657216,0.142925948,0.005891574
2,40,26171904,67,0.615189401,0.017657216,0.142925948,0.005856447
10,40,26171904,67,1.151571890,0.017657216,0.142925948,0.006180102
6,40,26171904,67,1.971122774,0.017657216,0.142925948,0.005285459
9,40,26171904,67,2.022893125,0.017657216,0.142925948,0.005965608
7,40,26171904,67,3.265054836,0.017657216,0.142925948,0.005500570
3,40,26171904,67,5.611598074,0.017657216,0.142925948,0.005844959
4,40,26171904,67,7.593315356,0.017657216,0.142925948,0.005407794
5,40,26171904,67,7.820140080,0.017657216,0.142925948,0.000005291
1,40,26171904,67,0.202818356,0.017657216,0.062660366,0.006097512
8,40,26171904,67,0.453056387,0.017657216,0.062660366,0.005861876
2,40,26171904,67,0.615189401,0.017657216,0.062660366,0.005877594
10,40,26171904,67,1.151571890,0.017657216,0.062660366,0.005650451
6,40,26171904,67,1.971122774,0.017657216,0.062660366,0.006323077
9,40,26171904,67,2.022893125,0.017657216,0.062660366,0.005572102
7,40,26171904,67,3.265054836,0.017657216,0.062660366,0.006377412
3,40,26171904,67,5.611598074,0.017657216,0.062660366,0.006154154
4,40,26171904,67,7.593315356,0.017657216,0.062660366,0.005790630
5,40,26171904,67,7.820140080,0.017657216,0.062660366,0.000005291
1,40,26171904,67,0.202818356,0.017657216,0.013769512,0.005999050
8,40,26171904,67,0.453056387,0.017657216,0.013769512,0.005906683
2,40,26171904,67,0.615189401,0.017657216,0.013769512,0.005985949
10,40,26171904,67,1.151571890,0.017657216,0.013769512,0.006355580
6,40,26171904,67,1.971122774,0.017657216,0.013769512,0.006726980
9,40,26171904,67,2.022893125,0.017657216,0.013769512,0.006345100
7,40,26171904,67,3.265054836,0.017657216,0.013769512,0.005851752
3,40,26171904,67,5.611598074,0.017657216,0.013769512,0.006038018
4,40,26171904,67,7.593315356,0.017657216,0.013769512,0.005920801
5,40,26171904,67,7.820140080,0.017657216,0.013769512,0.000005291
1,40,26171904,67,0.202818356,0.017657216,0.013672418,0.006081793
8,40,26171904,67,0.453056387,0.017657216,0.013672418,0.004615449
2,40,26171904,67,0.615189401,0.017657216,0.013672418,0.005925722
10,40,26171904,67,1.151571890,0.017657216,0.013672418,0.006158732
6,40,26171904,67,1.971122774,0.017657216,0.013672418,0.006043961
9,40,26171904,67,2.022893125,0.017657216,0.013672418,0.005485487
7,40,26171904,67,3.265054836,0.017657216,0.013672418,0.006343112
3,40,26171904,67,5.611598074,0.017657216,0.013672418,0.005594332
4,40,26171904,67,7.593315356,0.017657216,0.013672418,0.005757117
5,40,26171904,67,7.820140080,0.017657216,0.013672418,0.000005291
1,40,26171904,67,0.202818356,0.017657216,0.041723795,0.006363855
8,40,26171904,67,0.453056387,0.017657216,0.041723795,0.006276517
2,40,26171904,67,0.615189401,0.017657216,0.041723795,0.005833475
10,40,26171904,67,1.151571890,0.017657216,0.041723795,0.005548252
6,40,26171904,67,1.971122774,0.017657216,0.041723795,0.006317916
9,40,26171904,67,2.022893125,0.017657216,0.041723795,0.005873616
7,40,26171904,67,3.265054836,0.017657216,0.041723795,0.006433376
3,40,26171904,67,5.611598074,0.017657216,0.041723795,0.006019339
4,40,26171904,67,7.593315356,0.017657216,0.041723795,0.006205560
5,40,26171904,67,7.820140080,0.017657216,0.041723795,0.000005291
1,41,26171904,67,0.202818356,0.017657216,0.271268368,0.006595099
8,41,26171904,67,0.453056387,0.017657216,0.271268368,0.006485587
2,41,26171904,67,0.615189401,0.017657216,0.271268368,0.005580196
10,41,26171904,67,1.151571890,0.017657216,0.271268368,0.005985913
6,41,26171904,67,1.971122774,0.017657216,0.271268368,0.006095848
9,41,26171904,67,2.022893125,0.017657216,0.271268368,0.006384506
7,41,26171904,67,3.265054836,0.017657216,0.271268368,0.006356303
3,41,26171904,67,5.611598074,0.017657216,0.271268368,0.006364551
4,41,26171904,67,7.593315356,0.017657216,0.271268368,0.005564197
5,41,26171904,67,7.820140080,0.017657216,0.271268368,0.000005291
1,41,26171904,67,0.202818356,0.017657216,0.028660314,0.006519166
8,41,26171904,67,0.453056387,0.017657216,0.028660314,0.006268737
2,41,26171904,67,0.615189401,0.017657216,0.028660314,0.005538177
10,41,26171904,67,1.151571890,0.017657216,0.028660314,0.006604896
6,41,26171904,67,1.971122774,0.017657216,0.028660314,0.006192762
9,41,26171904,67,2.022893125,0.017657216,0.028660314,0.005687009
7,41,26171904,67,3.265054836,0.017657216,0.028660314,0.005927933
3,41,26171904,67,5.611598074,0.017657216,0.028660314,0.006085133
4,41,26171904,67,7.593315356,0.017657216,0.028660314,0.005808230
5,41,26171904,67,7.820140080,0.017657216,0.028660314,0.000005291
1,41,26171904,67,0.202818356,0.017657216,0.194495082,0.006311333
8,41,26171904,67,0.453056387,0.017657216,0.194495082,0.005729457
2,41,26171904,67,0.615189401,0.017657216,0.194495082,0.006113617
10,41,26171904,67,1.151571890,0.017657216,0.194495082,0.005349154
6,41,26171904,67,1.971122774,0.017657216,0.194495082,0.004939151
9,41,26171904,67,2.022893125,0.017657216,0.194495082,0.006349733
7,41,26171904,67,3.265054836,0.017657216,0.194495082,0.006244692
3,41,26171904,67,5.611598074,0.017657216,0.194495082,0.005688054
4,41,26171904,67,7.593315356,0.017657216,0.194495082,0.006525116
5,41,26171904,67,7.820140080,0.017657216,0.194495082,0.000005291
1,41,26171904,67,0.202818356,0.017657216,0.001638868,0.005106412
8,41,26171904,67,0.453056387,0.017657216,0.001638868,0.006103183
2,41,26171904,67,0.615189401,0.017657216,0.001638868,0.005944392
10,41,26171904,67,1.151571890,0.017657216,0.001638868,0.005702818
6,41,26171904,67,1.971122774,0.017657216,0.001638868,0.005837995
9,41,26171904,67,2.022893125,0.017657216,0.001638868,0.005486874
7,41,26171904,67,3.265054836,0.017657216,0.001638868,0.006068541
3,41,26171904,67,5.611598074,0.017657216,0.001638868,0.005693651
4,41,26171904,67,7.593315356,0.017657216,0.001638868,0.006288274
5,41,26171904,67,7.820140080,0.017657216,0.001638868,0.000005291
1,41,26171904,67,0.202818356,0.017657216,0.014868566,0.006331706
8,41,26171904,67,0.453056387,0.017657216,0.014868566,0.006257448
2,41,26171904,67,0.615189401,0.017657216,0.014868566,0.005950007
10,41,26171904,67,1.151571890,0.017657216,0.014868566,0.005645242
6,41,26171904,67,1.971122774,0.017657216,0.014868566,0.006219279
9,41,26171904,67,2.022893125,0.017657216,0.014868566,0.006490650
7,41,26171904,67,3.265054836,0.017657216,0.014868566,0.006119887
3,41,26171904,67,5.611598074,0.017657216,0.014868566,0.006350333
4,41,26171904,67,7.593315356,0.017657216,0.014868566,0.006187019
5,41,26171904,67,7.820140080,0.017657216,0.014868566,0.000005291
1,42,26171904,67,0.202818356,0.017657216,0.001499195,0.006088728
8,42,26171904,67,0.453056387,0.017657216,0.001499195,0.005907326
2,42,26171904,67,0.615189401,0.017657216,0.001499195,0.006235563
10,42,26171904,67,1.151571890,0.017657216,0.001499195,0.006209635
6,42,26171904,67,1.971122774,0.017657216,0.001499195,0.006182150
9,42,26171904,67,2.022893125,0.017657216,0.001499195,0.006402015
7,42,26171904,67,3.265054836,0.017657216,0.001499195,0.005926978
3,42,26171904,67,5.611598074,0.017657216,0.001499195,0.005852385
4,42,26171904,67,7.593315356,0.017657216,0.001499195,0.005917062
5,42,26171904,67,7.820140080,0.017657216,0.001499195,0.000005291
1,42,26171904,67,0.202818356,0.017657216,0.096112311,0.005459055
8,42,26171904,67,0.453056387,0.017657216,0.096112311,0.006408570
2,42,26171904,67,0.615189401,0.017657216,0.096112311,0.005888618
10,42,26171904,67,1.151571890,0.017657216,0.096112311,0.005790248
6,42,26171904,67,1.971122774,0.017657216,0.096112311,0.005965789
9,42,26171904,67,2.022893125,0.017657216,0.096112311,0.005404509
7,42,26171904,67,3.265054836,0.017657216,0.096112311,0.005519187
3,42,26171904,67,5.611598074,0.017657216,0.096112311,0.006421359
4,42,26171904,67,7.593315356,0.017657216,0.096112311,0.005236196
5,42,26171904,67,7.820140080,0.017657216,0.096112311,0.000005291
1,42,26171904,67,0.202818356,0.017657216,0.028086107,0.006097264
8,42,26171904,67,0.453056387,0.017657216,0.028086107,0.006590344
2,42,26171904,67,0.615189401,0.017657216,0.028086107,0.006305587
10,42,26171904,67,1.151571890,0.017657216,0.028086107,0.006324204
6,42,26171904,67,1.971122774,0.017657216,0.028086107,0.005876961
9,42,26171904,67,2.022893125,0.017657216,0.028086107,0.006344871
7,42,26171904,67,3.265054836,0.017657216,0.028086107,0.006380515
3,42,26171904,67,5.611598074,0.017657216,0.028086107,0.005396131
4,42,26171904,67,7.593315356,0.017657216,0.028086107,0.006072918
5,42,26171904,67,7.820140080,0.017657216,0.028086107,0.000005291
1,42,26171904,67,0.202818356,0.017657216,0.061297953,0.005486326
8,42,26171904,67,0.453056387,0.017657216,0.061297953,0.006129701
2,42,26171904,67,0.615189401,0.017657216,0.061297953,0.005501946
10,42,26171904,67,1.151571890,0.017657216,0.061297953,0.006288837
6,42,26171904,67,1.971122774,0.017657216,0.061297953,0.005704191
9,42,26171904,67,2.022893125,0.017657216,0.061297953,0.006414421
7,42,26171904,67,3.265054836,0.017657216,0.061297953,0.005889928
3,42,26171904,67,5.611598074,0.017657216,0.061297953,0.005642075
4,42,26171904,67,7.593315356,0.017657216,0.061297953,0.006490310
5,42,26171904,67,7.820140080,0.017657216,0.061297953,0.000005291
1,42,26171904,67,0.202818356,0.017657216,0.106164068,0.006226811
8,42,26171904,67,0.453056387,0.017657216,0.106164068,0.006090420
2,42,26171904,67,0.615189401,0.017657216,0.106164068,0.006209163
10,42,26171904,67,1.151571890,0.017657216,0.106164068,0.005714382
6,42,26171904,67,1.971122774,0.017657216,0.106164068,0.006125738
9,42,26171904,67,2.022893125,0.017657216,0.106164068,0.005809273
7,42,26171904,67,3.265054836,0.017657216,0.106164068,0.006093035
3,42,26171904,67,5.611598074,0.017657216,0.106164068,0.006049732
4,42,26171904,67,7.593315356,0.017657216,0.106164068,0.006210434
5,42,26171904,67,7.820140080,0.017657216,0.106164068,0.000005291
1,43,26171904,67,0.202818356,0.017657216,0.038538612,0.006358795
8,43,26171904,67,0.453056387,0.017657216,0.038538612,0.006314975
2,43,26171904,67,0.615189401,0.017657216,0.038538612,0.006367744
10,43,26171904,67,1.151571890,0.017657216,0.038538612,0.005322592
6,43,26171904,67,1.971122774,0.017657216,0.038538612,0.005849091
9,43,26171904,67,2.022893125,0.017657216,0.038538612,0.006159489
7,43,26171904,67,3.265054836,0.017657216,0.038538612,0.005810394
3,43,26171904,67,5.611598074,0.017657216,0.038538612,0.005506585
4,43,26171904,67,7.593315356,0.017657216,0.038538612,0.006216479
5,43,26171904,67,7.820140080,0.017657216,0.038538612,0.000005291
1,43,26171904,67,0.202818356,0.017657216,0.013964113,0.005780659
8,43,26171904,67,0.453056387,0.017657216,0.013964113,0.005983507
2,43,26171904,67,0.615189401,0.017657216,0.013964113,0.005899519
10,43,26171904,67,1.151571890,0.017657216,0.013964113,0.006231316
6,43,26171904,67,1.971122774,0.017657216,0.013964113,0.005895014
9,43,26171904,67,2.022893125,0.017657216,0.013964113,0.005601245
7,43,26171904,67,3.265054836,0.017657216,0.013964113,0.005409555
3,43,26171904,67,5.611598074,0.017657216,0.013964113,0.006260121
4,43,26171904,67,7.593315356,0.017657216,0.013964113,0.006095661
5,43,26171904,67,7.820140080,0.017657216,0.013964113,0.000005291
1,43,26171904,67,0.202818356,0.017657216,0.044575065,0.006048874
8,43,26171904,67,0.453056387,0.017657216,0.044575065,0.005218206
2,43,26171904,67,0.615189401,0.017657216,0.044575065,0.005158401
10,43,26171904,67,1.151571890,0.017657216,0.044575065,0.005971560
6,43,26171904,67,1.971122774,0.017657216,0.044575065,0.006013937
9,43,26171904,67,2.022893125,0.017657216,0.044575065,0.005837974
7,43,26171904,67,3.265054836,0.017657216,0.044575065,0.006360177
3,43,26171904,67,5.611598074,0.017657216,0.044575065,0.006456593
4,43,26171904,67,7.593315356,0.017657216,0.044575065,0.005954039
5,43,26171904,67,7.820140080,0.017657216,0.044575065,0.000005291
1,43,26171904,67,0.202818356,0.017657216,0.063731551,0.006429016
8,43,26171904,67,0.453056387,0.017657216,0.063731551,0.005528518
2,43,26171904,67,0.615189401,0.017657216,0.063731551,0.005908061
10,43,26171904,67,1.151571890,0.017657216,0.063731551,0.005543199
6,43,26171904,67,1.971122774,0.017657216,0.063731551,0.005821073
9,43,26171904,67,2.022893125,0.017657216,0.063731551,0.006209555
7,43,26171904,67,3.265054836,0.017657216,0.063731551,0.005980736
3,43,26171904,67,5.611598074,0.017657216,0.063731551,0.006275418
4,43,26171904,67,7.593315356,0.017657216,0.063731551,0.006604992
5,43,26171904,67,7.820140080,0.017657216,0.063731551,0.000005291
1,43,26171904,67,0.202818356,0.017657216,0.111605100,0.006570079
8,43,26171904,67,0.453056387,0.017657216,0.111605100,0.006069384
2,43,26171904,67,0.615189401,0.017657216,0.111605100,0.005070591
10,43,26171904,67,1.151571890,0.017657216,0.111605100,0.006502933
6,43,26171904,67,1.971122774,0.017657216,0.111605100,0.005717373
9,43,26171904,67,2.022893125,0.017657216,0.111605100,0.005956408
7,43,26171904,67,3.265054836,0.017657216,0.111605100,0.005061880
3,43,26171904,67,5.611598074,0.017657216,0.111605100,0.005732711
4,43,26171904,67,7.593315356,0.017657216,0.111605100,0.005963855
5,43,26171904,67,7.820140080,0.017657216,0.111605100,0.000005291
1,44,26171904,67,0.202818356,0.017657216,0.053784743,0.006366799
8,44,26171904,67,0.453056387,0.017657216,0.053784743,0.005393692
2,44,26171904,67,0.615189401,0.017657216,0.053784743,0.005915841
10,44,26171904,67,1.151571890,0.017657216,0.053784743,0.005989007
6,44,26171904,67,1.971122774,0.017657216,0.053784743,0.006028851
9,44,26171904,67,2.022893125,0.017657216,0.053784743,0.006282753
7,44,26171904,67,3.265054836,0.017657216,0.053784743,0.005684354
3,44,26171904,67,5.611598074,0.017657216,0.053784743,0.005979707
4,44,26171904,67,7.593315356,0.017657216,0.053784743,0.006294693
5,44,26171904,67,7.820140080,0.017657216,0.053784743,0.000005291
1,44,26171904,67,0.202818356,0.017657216,0.089623868,0.005512051
8,44,26171904,67,0.453056387,0.017657216,0.089623868,0.006155144
2,44,26171904,67,0.615189401,0.017657216,0.089623868,0.006348522
10,44,26171904,67,1.151571890,0.017657216,0.089623868,0.006061736
6,44,26171904,67,1.971122774,0.017657216,0.089623868,0.005337112
9,44,26171904,67,2.022893125,0.017657216,0.089623868,0.005970878
7,44,26171904,67,3.265054836,0.017657216,0.089623868,0.004852278
3,44,26171904,67,5.611598074,0.017657216,0.089623868,0.006736202
4,44,26171904,67,7.593315356,0.017657216,0.089623868,0.005776758
5,44,26171904,67,7.820140080,0.017657216,0.089623868,0.000005291
1,44,26171904,67,0.202818356,0.017657216,0.013023417,0.006204922
8,44,26171904,67,0.453056387,0.017657216,0.013023417,0.005946605
2,44,26171904,67,0.615189401,0.017657216,0.013023417,0.006073328
10,44,26171904,67,1.151571890,0.017657216,0.013023417,0.006338360
6,44,26171904,67,1.971122774,0.017657216,0.013023417,0.005624798
9,44,26171904,67,2.022893125,0.017657216,0.013023417,0.005471007
7,44,26171904,67,3.265054836,0.017657216,0.013023417,0.005687446
3,44,26171904,67,5.611598074,0.017657216,0.013023417,0.005279991
4,44,26171904,67,7.593315356,0.017657216,0.013023417,0.005353622
5,44,26171904,67,7.820140080,0.017657216,0.013023417,0.000005291
1,44,26171904,67,0.202818356,0.017657216,0.049052685,0.005588465
8,44,26171904,67,0.453056387,0.017657216,0.049052685,0.006346182
2,44,26171904,67,0.615189401,0.017657216,0.049052685,0.005840580
10,44,26171904,67,1.151571890,0.017657216,0.049052685,0.005420428
6,44,26171904,67,1.971122774,0.017657216,0.049052685,0.006220654
9,44,26171904,67,2.022893125,0.017657216,0.049052685,0.006097132
7,44,26171904,67,3.265054836,0.017657216,0.049052685,0.006588403
3,44,26171904,67,5.611598074,0.017657216,0.049052685,0.004451912
4,44,26171904,67,7.593315356,0.017657216,0.049052685,0.005809324
5,44,26171904,67,7.820140080,0.017657216,0.049052685,0.000005291
1,44,26171904,67,0.202818356,0.017657216,0.076038443,0.006354736
8,44,26171904,67,0.453056387,0.017657216,0.076038443,0.006244543
2,44,26171904,67,0.615189401,0.017657216,0.076038443,0.006456237
10,44,26171904,67,1.151571890,0.017657216,0.076038443,0.005848647
6,44,26171904,67,1.971122774,0.017657216,0.076038443,0.005907545
9,44,26171904,67,2.022893125,0.017657216,0.076038443,0.006236191
7,44,26171904,67,3.265054836,0.017657216,0.076038443,0.005753735
3,44,26171904,67,5.611598074,0.017657216,0.076038443,0.006381405
4,44,26171904,67,7.593315356,0.017657216,0.076038443,0.006369533
5,44,26171904,67,7.820140080,0.017657216,0.076038443,0.000005291
1,45,26171904,67,0.202818356,0.017657216,0.004912925,0.006218625
8,45,26171904,67,0.453056387,0.017657216,0.004912925,0.006420565
2,45,26171904,67,0.615189401,0.017657216,0.004912925,0.006324673
10,45,26171904,67,1.151571890,0.017657216,0.004912925,0.005681769
6,45,26171904,67,1.971122774,0.017657216,0.004912925,0.006136207
9,45,26171904,67,2.022893125,0.017657216,0.004912925,0.006217921
7,45,26171904,67,3.265054836,0.017657216,0.004912925,0.006248666
3,45,26171904,67,5.611598074,0.017657216,0.004912925,0.005637087
4,45,26171904,67,7.593315356,0.017657216,0.004912925,0.005324785
5,45,26171904,67,7.820140080,0.017657216,0.004912925,0.000005291
1,45,26171904,67,0.202818356,0.017657216,0.001608545,0.006259506
8,45,26171904,67,0.453056387,0.017657216,0.001608545,0.006265135
2,45,26171904,67,0.615189401,0.017657216,0.001608545,0.005811049
10,45,26171904,67,1.151571890,0.017657216,0.001608545,0.005875493
6,45,26171904,67,1.971122774,0.017657216,0.001608545,0.006300991
9,45,26171904,67,2.022893125,0.017657216,0.001608545,0.005385011
7,45,26171904,67,3.265054836,0.017657216,0.001608545,0.005236168
3,45,26171904,67,5.611598074,0.017657216,0.001608545,0.006467327
4,45,26171904,67,7.593315356,0.017657216,0.001608545,0.006056889
5,45,26171904,67,7.820140080,0.017657216,0.001608545,0.000005291
1,45,26171904,67,0.202818356,0.017657216,0.040179059,0.005017010
8,45,26171904,67,0.453056387,0.017657216,0.040179059,0.006238373
2,45,26171904,67,0.615189401,0.017657216,0.040179059,0.006102554
10,45,26171904,67,1.151571890,0.017657216,0.040179059,0.006036212
6,45,26171904,67,1.971122774,0.017657216,0.040179059,0.006509903
9,45,26171904,67,2.022893125,0.017657216,0.040179059,0.005993950
7,45,26171904,67,3.265054836,0.017657216,0.040179059,0.006666611
3,45,26171904,67,5.611598074,0.017657216,0.040179059,0.005920346
4,45,26171904,67,7.593315356,0.017657216,0.040179059,0.006246245
5,45,26171904,67,7.820140080,0.017657216,0.040179059,0.000005291
1,45,26171904,67,0.202818356,0.017657216,0.015831091,0.006279788
8,45,26171904,67,0.453056387,0.017657216,0.015831091,0.005426735
2,45,26171904,67,0.615189401,0.017657216,0.015831091,0.005624609
10,45,26171904,67,1.151571890,0.017657216,0.015831091,0.005690154
6,45,26171904,67,1.971122774,0.017657216,0.015831091,0.005647481
9,45,26171904,67,2.022893125,0.017657216,0.015831091,0.006245229
7,45,26171904,67,3.265054836,0.017657216,0.015831091,0.005330794
3,45,26171904,67,5.611598074,0.017657216,0.015831091,0.006445944
4,45,26171904,67,7.593315356,0.017657216,0.015831091,0.006177810
5,45,26171904,67,7.820140080,0.017657216,0.015831091,0.000005291
1,45,26171904,67,0.202818356,0.017657216,0.040073726,0.005900264
8,45,26171904,67,0.453056387,0.017657216,0.040073726,0.005523804
2,45,26171904,67,0.615189401,0.017657216,0.040073726,0.005267500
10,45,26171904,67,1.151571890,0.017657216,0.040073726,0.006464965
6,45,26171904,67,1.971122774,0.017657216,0.040073726,0.005894149
9,45,26171904,67,2.022893125,0.017657216,0.040073726,0.005863011
7,45,26171904,67,3.265054836,0.017657216,0.040073726,0.006730707
3,45,26171904,67,5.611598074,0.017657216,0.040073726,0.006125969
4,45,26171904,67,7.593315356,0.017657216,0.040073726,0.006472865
5,45,26171904,67,7.820140080,0.017657216,0.040073726,0.000005291
1,46,26171904,67,0.202818356,0.017657216,0.156496733,0.005963035
8,46,26171904,67,0.453056387,0.017657216,0.156496733,0.005751192
2,46,26171904,67,0.615189401,0.017657216,0.156496733,0.005652526
10,46,26171904,67,1.151571890,0.017657216,0.156496733,0.005886444
6,46,26171904,67,1.971122774,0.017657216,0.156496733,0.005906753
9,46,26171904,67,2.022893125,0.017657216,0.156496733,0.005953093
7,46,26171904,67,3.265054836,0.017657216,0.156496733,0.006127855
3,46,26171904,67,5.611598074,0.017657216,0.156496733,0.006168975
4,46,26171904,67,7.593315356,0.017657216,0.156496733,0.005629761
5,46,26171904,67,7.820140080,0.017657216,0.156496733,0.000005291
1,46,26171904,67,0.202818356,0.017657216,0.036113247,0.006367740
8,46,26171904,67,0.453056387,0.017657216,0.036113247,0.005438995
2,46,26171904,67,0.615189401,0.017657216,0.036113247,0.006374493
10,46,26171904,67,1.151571890,0.017657216,0.036113247,0.006570382
6,46,26171904,67,1.971122774,0.017657216,0.036113247,0.005678127
9,46,26171904,67,2.022893125,0.017657216,0.036113247,0.006460163
7,46,26171904,67,3.265054836,0.017657216,0.036113247,0.005639472
3,46,26171904,67,5.611598074,0.017657216,0.036113247,0.006102494
4,46,26171904,67,7.593315356,0.017657216,0.036113247,0.005152705
5,46,26171904,67,7.820140080,0.017657216,0.036113247,0.000005291
1,46,26171904,67,0.202818356,0.017657216,0.004137679,0.006049014
8,46,26171904,67,0.453056387,0.017657216,0.004137679,0.006380047
2,46,26171904,67,0.615189401,0.017657216,0.004137679,0.006221356
10,46,26171904,67,1.151571890,0.017657216,0.004137679,0.005715955
6,46,26171904,67,1.971122774,0.017657216,0.004137679,0.006318948
9,46,26171904,67,2.022893125,0.017657216,0.004137679,0.006095073
7,46,26171904,67,3.265054836,0.017657216,0.004137679,0.006192127
3,46,26171904,67,5.611598074,0.017657216,0.004137679,0.005843142
4,46,26171904,67,7.593315356,0.017657216,0.004137679,0.006326403
5,46,26171904,67,7.820140080,0.017657216,0.004137679,0.000005291
1,46,26171904,67,0.202818356,0.017657216,0.018807085,0.005634979
8,46,26171904,67,0.453056387,0.017657216,0.018807085,0.006597704
2,46,26171904,67,0.615189401,0.017657216,0.018807085,0.005776406
10,46,26171904,67,1.151571890,0.017657216,0.018807085,0.006832393
6,46,26171904,67,1.971122774,0.017657216,0.018807085,0.005184043
9,46,26171904,67,2.022893125,0.017657216,0.018807085,0.005727891
7,46,26171904,67,3.265054836,0.017657216,0.018807085,0.006101240
3,46,26171904,67,5.611598074,0.017657216,0.018807085,0.005950824
4,46,26171904,67,7.593315356,0.017657216,0.018807085,0.006536012
5,46,26171904,67,7.820140080,0.017657216,0.018807085,0.000005291
1,46,26171904,67,0.202818356,0.017657216,0.079478465,0.006179909
8,46,26171904,67,0.453056387,0.017657216,0.079478465,0.006231169
2,46,26171904,67,0.615189401,0.017657216,0.079478465,0.005780477
10,46,26171904,67,1.151571890,0.017657216,0.079478465,0.005691217
6,46,26171904,67,1.971122774,0.017657216,0.079478465,0.005377401
9,46,26171904,67,2.022893125,0.017657216,0.079478465,0.006167696
7,46,26171904,67,3.265054836,0.017657216,0.079478465,0.005821971
3,46,26171904,67,5.611598074,0.017657216,0.079478465,0.005342540
4,46,26171904,67,7.593315356,0.017657216,0.079478465,0.005918821
5,46,26171904,67,7.820140080,0.017657216,0.079478465,0.000005291
1,47,26171904,67,0.202818356,0.017657216,0.019681068,0.006072659
8,47,26171904,67,0.453056387,0.017657216,0.019681068,0.006419909
2,47,26171904,67,0.615189401,0.017657216,0.019681068,0.006056134
10,47,26171904,67,1.151571890,0.017657216,0.019681068,0.006014337
6,47,26171904,67,1.971122774,0.017657216,0.019681068,0.006262095
9,47,26171904,67,2.022893125,0.017657216,0.019681068,0.006046544
7,47,26171904,67,3.265054836,0.017657216,0.019681068,0.005108613
3,47,26171904,67,5.611598074,0.017657216,0.019681068,0.005572833
4,47,26171904,67,7.593315356,0.017657216,0.019681068,0.004856116
5,47,26171904,67,7.820140080,0.017657216,0.019681068,0.000005291
1,47,26171904,67,0.202818356,0.017657216,0.008557302,0.006491110
8,47,26171904,67,0.453056387,0.017657216,0.008557302,0.005485505
2,47,26171904,67,0.615189401,0.017657216,0.008557302,0.005909761
10,47,26171904,67,1.151571890,0.017657216,0.008557302,0.006427638
6,47,26171904,67,1.971122774,0.017657216,0.008557302,0.006247790
9,47,26171904,67,2.022893125,0.017657216,0.008557302,0.006032889
7,47,26171904,67,3.265054836,0.017657216,0.008557302,0.005888424
3,47,26171904,67,5.611598074,0.017657216,0.008557302,0.006735492
4,47,26171904,67,7.593315356,0.017657216,0.008557302,0.005236381
5,47,26171904,67,7.820140080,0.017657216,0.008557302,0.000005291
1,47,26171904,67,0.202818356,0.017657216,0.046725035,0.006483296
8,47,26171904,67,0.453056387,0.017657216,0.046725035,0.005873947
2,47,26171904,67,0.615189401,0.017657216,0.046725035,0.006338472
10,47,26171904,67,1.151571890,0.017657216,0.046725035,0.005694266
6,47,26171904,67,1.971122774,0.017657216,0.046725035,0.006525977
9,47,26171904,67,2.022893125,0.017657216,0.046725035,0.004976745
7,47,26171904,67,3.265054836,0.017657216,0.046725035,0.006126989
3,47,26171904,67,5.611598074,0.017657216,0.046725035,0.006238953
4,47,26171904,67,7.593315356,0.017657216,0.046725035,0.006301185
5,47,26171904,67,7.820140080,0.017657216,0.046725035,0.000005291
1,47,26171904,67,0.202818356,0.017657216,0.085841939,0.006213932
8,47,26171904,67,0.453056387,0.017657216,0.085841939,0.006111409
2,47,26171904,67,0.615189401,0.017657216,0.085841939,0.006081768
10,47,26171904,67,1.151571890,0.017657216,0.085841939,0.005832630
6,47,26171904,67,1.971122774,0.017657216,0.085841939,0.005962106
9,47,26171904,67,2.022893125,0.017657216,0.085841939,0.006461122
7,47,26171904,67,3.265054836,0.017657216,0.085841939,0.005933498
3,47,26171904,67,5.611598074,0.017657216,0.085841939,0.005815948
4,47,26171904,67,7.593315356,0.017657216,0.085841939,0.005902242
5,47,26171904,67,7.820140080,0.017657216,0.085841939,0.000005291
1,47,26171904,67,0.202818356,0.017657216,0.012474254,0.005684649
8,47,26171904,67,0.453056387,0.017657216,0.012474254,0.006053295
2,47,26171904,67,0.615189401,0.017657216,0.012474254,0.005410713
10,47,26171904,67,1.151571890,0.017657216,0.012474254,0.005881903
6,47,26171904,67,1.971122774,0.017657216,0.012474254,0.006108483
9,47,26171904,67,2.022893125,0.017657216,0.012474254,0.005764010
7,47,26171904,67,3.265054836,0.017657216,0.012474254,0.006051052
3,47,26171904,67,5.611598074,0.017657216,0.012474254,0.006086373
4,47,26171904,67,7.593315356,0.017657216,0.012474254,0.005974633
5,47,26171904,67,7.820140080,0.017657216,0.012474254,0.000005291
1,48,26171904,67,0.202818356,0.017657216,0.010603783,0.005895549
8,48,26171904,67,0.453056387,0.017657216,0.010603783,0.006000424
2,48,26171904,67,0.615189401,0.017657216,0.010603783,0.006057614
10,48,26171904,67,1.151571890,0.017657216,0.010603783,0.005294638
6,48,26171904,67,1.971122774,0.017657216,0.010603783,0.006013829
9,48,26171904,67,2.022893125,0.017657216,0.010603783,0.005257295
7,48,26171904,67,3.265054836,0.017657216,0.010603783,0.005915397
3,48,26171904,67,5.611598074,0.017657216,0.010603783,0.005675587
4,48,26171904,67,7.593315356,0.017657216,0.010603783,0.005978906
5,48,26171904,67,7.820140080,0.017657216,0.010603783,0.000005291
1,48,26171904,67,0.202818356,0.017657216,0.228162676,0.005900463
8,48,26171904,67,0.453056387,0.017657216,0.228162676,0.005164525
2,48,26171904,67,0.615189401,0.017657216,0.228162676,0.005863807
10,48,26171904,67,1.151571890,0.017657216,0.228162676,0.005818584
6,48,26171904,67,1.971122774,0.017657216,0.228162676,0.005581451
9,48,26171904,67,2.022893125,0.017657216,0.228162676,0.005781089
7,48,26171904,67,3.265054836,0.017657216,0.228162676,0.006286276
3,48,26171904,67,5.611598074,0.017657216,0.228162676,0.005976778
4,48,26171904,67,7.593315356,0.017657216,0.228162676,0.005738351
5,48,26171904,67,7.820140080,0.017657216,0.228162676,0.000005291
1,48,26171904,67,0.202818356,0.017657216,0.061654676,0.005200085
8,48,26171904,67,0.453056387,0.017657216,0.061654676,0.006137107
2,48,26171904,67,0.615189401,0.017657216,0.061654676,0.005838022
10,48,26171904,67,1.151571890,0.017657216,0.061654676,0.004848179
6,48,26171904,67,1.971122774,0.017657216,0.061654676,0.004819194
9,48,26171904,67,2.022893125,0.017657216,0.061654676,0.005893565
7,48,26171904,67,3.265054836,0.017657216,0.061654676,0.006188534
3,48,26171904,67,5.611598074,0.017657216,0.061654676,0.005336644
4,48,26171904,67,7.593315356,0.017657216,0.061654676,0.005713150
5,48,26171904,67,7.820140080,0.017657216,0.061654676,0.000005291
1,48,26171904,67,0.202818356,0.017657216,0.098657660,0.005840101
8,48,26171904,67,0.453056387,0.017657216,0.098657660,0.005945807
2,48,26171904,67,0.615189401,0.017657216,0.098657660,0.005348498
10,48,26171904,67,1.151571890,0.017657216,0.098657660,0.005929991
6,48,26171904,67,1.971122774,0.017657216,0.098657660,0.005474401
9,48,26171904,67,2.022893125,0.017657216,0.098657660,0.005787510
7,48,26171904,67,3.265054836,0.017657216,0.098657660,0.005690525
3,48,26171904,67,5.611598074,0.017657216,0.098657660,0.006114939
4,48,26171904,67,7.593315356,0.017657216,0.098657660,0.005157121
5,48,26171904,67,7.820140080,0.017657216,0.098657660,0.000005291
1,48,26171904,67,0.202818356,0.017657216,0.071307056,0.005496000
8,48,26171904,67,0.453056387,0.017657216,0.071307056,0.004875129
2,48,26171904,67,0.615189401,0.017657216,0.071307056,0.005599237
10,48,26171904,67,1.151571890,0.017657216,0.071307056,0.006017164
6,48,26171904,67,1.971122774,0.017657216,0.071307056,0.006163681
9,48,26171904,67,2.022893125,0.017657216,0.071307056,0.005330198
7,48,26171904,67,3.265054836,0.017657216,0.071307056,0.006038313
3,48,26171904,67,5.611598074,0.017657216,0.071307056,0.005815004
4,48,26171904,67,7.593315356,0.017657216,0.071307056,0.006114548
5,48,26171904,67,7.820140080,0.017657216,0.071307056,0.000005291
1,49,26171904,67,0.202818356,0.017657216,0.015465956,0.006591560
8,49,26171904,67,0.453056387,0.017657216,0.015465956,0.006064714
2,49,26171904,67,0.615189401,0.017657216,0.015465956,0.004913474
10,49,26171904,67,1.151571890,0.017657216,0.015465956,0.006208741
6,49,26171904,67,1.971122774,0.017657216,0.015465956,0.005352832
9,49,26171904,67,2.022893125,0.017657216,0.015465956,0.006422974
7,49,26171904,67,3.265054836,0.017657216,0.015465956,0.005771729
3,49,26171904,67,5.611598074,0.017657216,0.015465956,0.005728812
4,49,26171904,67,7.593315356,0.017657216,0.015465956,0.006084175
5,49,26171904,67,7.820140080,0.017657216,0.015465956,0.000005291
1,49,26171904,67,0.202818356,0.017657216,0.093408830,0.005414348
8,49,26171904,67,0.453056387,0.017657216,0.093408830,0.005110088
2,49,26171904,67,0.615189401,0.017657216,0.093408830,0.006191516
10,49,26171904,67,1.151571890,0.017657216,0.093408830,0.006306522
6,49,26171904,67,1.971122774,0.017657216,0.093408830,0.006306622
9,49,26171904,67,2.022893125,0.017657216,0.093408830,0.005773222
7,49,26171904,67,3.265054836,0.017657216,0.093408830,0.005369302
3,49,26171904,67,5.611598074,0.017657216,0.093408830,0.006558803
4,49,26171904,67,7.593315356,0.017657216,0.093408830,0.006271052
5,49,26171904,67,7.820140080,0.017657216,0.093408830,0.000005291
1,49,26171904,67,0.202818356,0.017657216,0.013577410,0.006603067
8,49,26171904,67,0.453056387,0.017657216,0.013577410,0.006336676
2,49,26171904,67,0.615189401,0.017657216,0.013577410,0.006095649
10,49,26171904,67,1.151571890,0.017657216,0.013577410,0.005755660
6,49,26171904,67,1.971122774,0.017657216,0.013577410,0.005366469
9,49,26171904,67,2.022893125,0.017657216,0.013577410,0.006038814
7,49,26171904,67,3.265054836,0.017657216,0.013577410,0.005921763
3,49,26171904,67,5.611598074,0.017657216,0.013577410,0.005698789
4,49,26171904,67,7.593315356,0.017657216,0.013577410,0.006074845
5,49,26171904,67,7.820140080,0.017657216,0.013577410,0.000005291
1,49,26171904,67,0.202818356,0.017657216,0.005594181,0.006222399
8,49,26171904,67,0.453056387,0.017657216,0.005594181,0.005810270
2,49,26171904,67,0.615189401,0.017657216,0.005594181,0.006281934
10,49,26171904,67,1.151571890,0.017657216,0.005594181,0.005927072
6,49,26171904,67,1.971122774,0.017657216,0.005594181,0.005945857
9,49,26171904,67,2.022893125,0.017657216,0.005594181,0.006269974
7,49,26171904,67,3.265054836,0.017657216,0.005594181,0.006371071
3,49,26171904,67,5.611598074,0.017657216,0.005594181,0.006247091
4,49,26171904,67,7.593315356,0.017657216,0.005594181,0.005852293
5,49,26171904,67,7.820140080,0.017657216,0.005594181,0.000005291
1,49,26171904,67,0.202818356,0.017657216,0.060647886,0.005861582
8,49,26171904,67,0.453056387,0.017657216,0.060647886,0.005825241
2,49,26171904,67,0.615189401,0.017657216,0.060647886,0.006204008
10,49,26171904,67,1.151571890,0.017657216,0.060647886,0.006105230
6,49,26171904,67,1.971122774,0.017657216,0.060647886,0.005807144
9,49,26171904,67,2.022893125,0.017657216,0.060647886,0.005099969
7,49,26171904,67,3.265054836,0.017657216,0.060647886,0.005687645
3,49,26171904,67,5.611598074,0.017657216,0.060647886,0.006625935
4,49,26171904,67,7.593315356,0.017657216,0.060647886,0.006536886
5,49,26171904,67,7.820140080,0.017657216,0.060647886,0.000005291
1,50,26171904,67,0.202818356,0.017657216,0.035540622,0.005945317
8,50,26171904,67,0.453056387,0.017657216,0.035540622,0.005949338
2,50,26171904,67,0.615189401,0.017657216,0.035540622,0.006100729
10,50,26171904,67,1.151571890,0.017657216,0.035540622,0.005828480
6,50,26171904,67,1.971122774,0.017657216,0.035540622,0.006112174
9,50,26171904,67,2.022893125,0.017657216,0.035540622,0.005591249
7,50,26171904,67,3.265054836,0.017657216,0.035540622,0.006091975
3,50,26171904,67,5.611598074,0.017657216,0.035540622,0.005839615
4,50,26171904,67,7.593315356,0.017657216,0.035540622,0.006004211
5,50,26171904,67,7.820140080,0.017657216,0.035540622,0.000005291
1,50,26171904,67,0.202818356,0.017657216,0.021565977,0.005953056
8,50,26171904,67,0.453056387,0.017657216,0.021565977,0.005770533
2,50,26171904,67,0.615189401,0.017657216,0.021565977,0.005649794
10,50,26171904,67,1.151571890,0.017657216,0.021565977,0.005415546
6,50,26171904,67,1.971122774,0.017657216,0.021565977,0.006227656
9,50,26171904,67,2.022893125,0.017657216,0.021565977,0.006000480
7,50,26171904,67,3.265054836,0.017657216,0.021565977,0.005451572
3,50,26171904,67,5.611598074,0.017657216,0.021565977,0.005868704
4,50,26171904,67,7.593315356,0.017657216,0.021565977,0.006451307
5,50,26171904,67,7.820140080,0.017657216,0.021565977,0.000005291
1,50,26171904,67,0.202818356,0.017657216,0.017852627,0.006523881
8,50,26171904,67,0.453056387,0.017657216,0.017852627,0.005998896
2,50,26171904,67,0.615189401,0.017657216,0.017852627,0.005118888
10,50,26171904,67,1.151571890,0.017657216,0.017852627,0.006620498
6,50,26171904,67,1.971122774,0.017657216,0.017852627,0.005940268
9,50,26171904,67,2.022893125,0.017657216,0.017852627,0.006277823
7,50,26171904,67,3.265054836,0.017657216,0.017852627,0.005689548
3,50,26171904,67,5.611598074,0.017657216,0.017852627,0.005696232
4,50,26171904,67,7.593315356,0.017657216,0.017852627,0.005980637
5,50,26171904,67,7.820140080,0.017657216,0.017852627,0.000005291
1,50,26171904,67,0.202818356,0.017657216,0.013526156,0.005492496
8,50,26171904,67,0.453056387,0.017657216,0.013526156,0.006392787
2,50,26171904,67,0.615189401,0.017657216,0.013526156,0.006152840
10,50,26171904,67,1.151571890,0.017657216,0.013526156,0.005716797
6,50,26171904,67,1.971122774,0.017657216,0.013526156,0.005430309
9,50,26171904,67,2.022893125,0.017657216,0.013526156,0.006180229
7,50,26171904,67,3.265054836,0.017657216,0.013526156,0.005504158
3,50,26171904,67,5.611598074,0.017657216,0.013526156,0.005860803
4,50,26171904,67,7.593315356,0.017657216,0.013526156,0.005910362
5,50,26171904,67,7.820140080,0.017657216,0.013526156,0.000005291
1,50,26171904,67,0.202818356,0.017657216,0.043364141,0.006362737
8,50,26171904,67,0.453056387,0.017657216,0.043364141,0.005092207
2,50,26171904,67,0.615189401,0.017657216,0.043364141,0.005946796
10,50,26171904,67,1.151571890,0.017657216,0.043364141,0.006014515
6,50,26171904,67,1.971122774,0.017657216,0.043364141,0.005317459
9,50,26171904,67,2.022893125,0.017657216,0.043364141,0.006303391
7,50,26171904,67,3.265054836,0.017657216,0.043364141,0.006060945
3,50,26171904,67,5.611598074,0.017657216,0.043364141,0.006421365
4,50,26171904,67,7.593315356,0.017657216,0.043364141,0.005970440
5,50,26171904,67,7.820140080,0.017657216,0.043364141,0.000005291
1,51,26171904,67,0.202818356,0.017657216,0.037084758,0.005209253
8,51,26171904,67,0.453056387,0.017657216,0.037084758,0.005790142
2,51,26171904,67,0.615189401,0.017657216,0.037084758,0.005631429
10,51,26171904,67,1.151571890,0.017657216,0.037084758,0.006067114
6,51,26171904,67,1.971122774,0.017657216,0.037084758,0.006268327
9,51,26171904,67,2.022893125,0.017657216,0.037084758,0.006511589
7,51,26171904,67,3.265054836,0.017657216,0.037084758,0.006152797
3,51,26171904,67,5.611598074,0.017657216,0.037084758,0.004768374
4,51,26171904,67,7.593315356,0.017657216,0.037084758,0.006501737
5,51,26171904,67,7.820140080,0.017657216,0.037084758,0.000005291
1,51,26171904,67,0.202818356,0.017657216,0.090119511,0.005344293
8,51,26171904,67,0.453056387,0.017657216,0.090119511,0.006004829
2,51,26171904,67,0.615189401,0.017657216,0.090119511,0.006329798
10,51,26171904,67,1.151571890,0.017657216,0.090119511,0.006367689
6,51,26171904,67,1.971122774,0.017657216,0.090119511,0.005380034
9,51,26171904,67,2.022893125,0.017657216,0.090119511,0.006078169
7,51,26171904,67,3.265054836,0.017657216,0.090119511,0.006090277
3,51,26171904,67,5.611598074,0.017657216,0.090119511,0.006661142
4,51,26171904,67,7.593315356,0.017657216,0.090119511,0.006257201
5,51,26171904,67,7.820140080,0.017657216,0.090119511,0.000005291
1,51,26171904,67,0.202818356,0.017657216,0.114925757,0.005760423
8,51,26171904,67,0.453056387,0.017657216,0.114925757,0.005270523
2,51,26171904,67,0.615189401,0.017657216,0.114925757,0.005989612
10,51,26171904,67,1.151571890,0.017657216,0.114925757,0.006614220
6,51,26171904,67,1.971122774,0.017657216,0.114925757,0.005927146
9,51,26171904,67,2.022893125,0.017657216,0.114925757,0.006277160
7,51,26171904,67,3.265054836,0.017657216,0.114925757,0.006273633
3,51,26171904,67,5.611598074,0.017657216,0.114925757,0.006017173
4,51,26171904,67,7.593315356,0.017657216,0.114925757,0.006708356
5,51,26171904,67,7.820140080,0.017657216,0.114925757,0.000005291
1,51,26171904,67,0.202818356,0.017657216,0.019242004,0.006013062
8,51,26171904,67,0.453056387,0.017657216,0.019242004,0.006136271
2,51,26171904,67,0.615189401,0.017657216,0.019242004,0.006394879
10,51,26171904,67,1.151571890,0.017657216,0.019242004,0.005895529
6,51,26171904,67,1.971122774,0.017657216,0.019242004,0.005406977
9,51,26171904,67,2.022893125,0.017657216,0.019242004,0.005133276
7,51,26171904,67,3.265054836,0.017657216,0.019242004,0.005923288
3,51,26171904,67,5.611598074,0.017657216,0.019242004,0.005832938
4,51,26171904,67,7.593315356,0.017657216,0.019242004,0.005536686
5,51,26171904,67,7.820140080,0.017657216,0.019242004,0.000005291
1,51,26171904,67,0.202818356,0.017657216,0.002451485,0.005645966
8,51,26171904,67,0.453056387,0.017657216,0.002451485,0.005826684
2,51,26171904,67,0.615189401,0.017657216,0.002451485,0.006369238
10,51,26171904,67,1.151571890,0.017657216,0.002451485,0.005852609
6,51,26171904,67,1.971122774,0.017657216,0.002451485,0.005709683
9,51,26171904,67,2.022893125,0.017657216,0.002451485,0.005976229
7,51,26171904,67,3.265054836,0.017657216,0.002451485,0.005968276
3,51,26171904,67,5.611598074,0.017657216,0.002451485,0.006500741
4,51,26171904,67,7.593315356,0.017657216,0.002451485,0.005675062
5,51,26171904,67,7.820140080,0.017657216,0.002451485,0.000005291
1,52,26171904,67,0.202818356,0.017657216,0.049214374,0.005994667
8,52,26171904,67,0.453056387,0.017657216,0.049214374,0.005544549
2,52,26171904,67,0.615189401,0.017657216,0.049214374,0.006346719
10,52,26171904,67,1.151571890,0.017657216,0.049214374,0.006032346
6,52,26171904,67,1.971122774,0.017657216,0.049214374,0.005148282
9,52,26171904,67,2.022893125,0.017657216,0.049214374,0.006054287
7,52,26171904,67,3.265054836,0.017657216,0.049214374,0.006403723
3,52,26171904,67,5.611598074,0.017657216,0.049214374,0.005639416
4,52,26171904,67,7.593315356,0.017657216,0.049214374,0.005692579
5,52,26171904,67,7.820140080,0.017657216,0.049214374,0.000005291
1,52,26171904,67,0.202818356,0.017657216,0.067091845,0.006272781
8,52,26171904,67,0.453056387,0.017657216,0.067091845,0.005126935
2,52,26171904,67,0.615189401,0.017657216,0.067091845,0.006425770
10,52,26171904,67,1.151571890,0.017657216,0.067091845,0.005351754
6,52,26171904,67,1.971122774,0.017657216,0.067091845,0.006175478
9,52,26171904,67,2.022893125,0.017657216,0.067091845,0.006152289
7,52,26171904,67,3.265054836,0.017657216,0.067091845,0.005386370
3,52,26171904,67,5.611598074,0.017657216,0.067091845,0.006341334
4,52,26171904,67,7.593315356,0.017657216,0.067091845,0.004807837
5,52,26171904,67,7.820140080,0.017657216,0.067091845,0.000005291
1,52,26171904,67,0.202818356,0.017657216,0.069460548,0.006026023
8,52,26171904,67,0.453056387,0.017657216,0.069460548,0.005966476
2,52,26171904,67,0.615189401,0.017657216,0.069460548,0.006386589
10,52,26171904,67,1.151571890,0.017657216,0.069460548,0.006621121
6,52,26171904,67,1.971122774,0.017657216,0.069460548,0.005692782
9,52,26171904,67,2.022893125,0.017657216,0.069460548,0.006227568
7,52,26171904,67,3.265054836,0.017657216,0.069460548,0.006093510
3,52,26171904,67,5.611598074,0.017657216,0.069460548,0.005110070
4,52,26171904,67,7.593315356,0.017657216,0.069460548,0.005961662
5,52,26171904,67,7.820140080,0.017657216,0.069460548,0.000005291
1,52,26171904,67,0.202818356,0.017657216,0.034137171,0.006415436
8,52,26171904,67,0.453056387,0.017657216,0.034137171,0.005750111
2,52,26171904,67,0.615189401,0.017657216,0.034137171,0.005721715
10,52,26171904,67,1.151571890,0.017657216,0.034137171,0.006168946
6,52,26171904,67,1.971122774,0.017657216,0.034137171,0.005776689
9,52,26171904,67,2.022893125,0.017657216,0.034137171,0.006056876
7,52,26171904,67,3.265054836,0.017657216,0.034137171,0.005429159
3,52,26171904,67,5.611598074,0.017657216,0.034137171,0.005821174
4,52,26171904,67,7.593315356,0.017657216,0.034137171,0.006343869
5,52,26171904,67,7.820140080,0.017657216,0.034137171,0.000005291
1,52,26171904,67,0.202818356,0.017657216,0.003034303,0.005321003
8,52,26171904,67,0.453056387,0.017657216,0.003034303,0.005936495
2,52,26171904,67,0.615189401,0.017657216,0.003034303,0.005475722
10,52,26171904,67,1.151571890,0.017657216,0.003034303,0.005821351
6,52,26171904,67,1.971122774,0.017657216,0.003034303,0.006266501
9,52,26171904,67,2.022893125,0.017657216,0.003034303,0.005474968
7,52,26171904,67,3.265054836,0.017657216,0.003034303,0.006338844
3,52,26171904,67,5.611598074,0.017657216,0.003034303,0.006399599
4,52,26171904,67,7.593315356,0.017657216,0.003034303,0.006018709
5,52,26171904,67,7.820140080,0.017657216,0.003034303,0.000005291
1,53,26171904,67,0.202818356,0.017657216,0.006880526,0.005719314
8,53,26171904,67,0.453056387,0.017657216,0.006880526,0.005816886
2,53,26171904,67,0.615189401,0.017657216,0.006880526,0.005622027
10,53,26171904,67,1.151571890,0.017657216,0.006880526,0.005938548
6,53,26171904,67,1.971122774,0.017657216,0.006880526,0.005793989
9,53,26171904,67,2.022893125,0.017657216,0.006880526,0.005597167
7,53,26171904,67,3.265054836,0.017657216,0.006880526,0.006182579
3,53,26171904,67,5.611598074,0.017657216,0.006880526,0.006309111
4,53,26171904,67,7.593315356,0.017657216,0.006880526,0.005731162
5,53,26171904,67,7.820140080,0.017657216,0.006880526,0.000005291
1,53,26171904,67,0.202818356,0.017657216,0.054071557,0.005679945
8,53,26171904,67,0.453056387,0.017657216,0.054071557,0.006162418
2,53,26171904,67,0.615189401,0.017657216,0.054071557,0.005986966
10,53,26171904,67,1.151571890,0.017657216,0.054071557,0.006119724
6,53,26171904,67,1.971122774,0.017657216,0.054071557,0.006191531
9,53,26171904,67,2.022893125,0.017657216,0.054071557,0.006556154
7,53,26171904,67,3.265054836,0.017657216,0.054071557,0.005513886
3,53,26171904,67,5.611598074,0.017657216,0.054071557,0.005688662
4,53,26171904,67,7.593315356,0.017657216,0.054071557,0.006015491
5,53,26171904,67,7.820140080,0.017657216,0.054071557,0.000005291
1,53,26171904,67,0.202818356,0.017657216,0.026190557,0.006411780
8,53,26171904,67,0.453056387,0.017657216,0.026190557,0.005630609
2,53,26171904,67,0.615189401,0.017657216,0.026190557,0.005869046
10,53,26171904,67,1.151571890,0.017657216,0.026190557,0.005753610
6,53,26171904,67,1.971122774,0.017657216,0.026190557,0.005792311
9,53,26171904,67,2.022893125,0.017657216,0.026190557,0.005989120
7,53,26171904,67,3.265054836,0.017657216,0.026190557,0.005993828
3,53,26171904,67,5.611598074,0.017657216,0.026190557,0.006205654
4,53,26171904,67,7.593315356,0.017657216,0.026190557,0.005925772
5,53,26171904,67,7.820140080,0.017657216,0.026190557,0.000005291
1,53,26171904,67,0.202818356,0.017657216,0.021117005,0.006070010
8,53,26171904,67,0.453056387,0.017657216,0.021117005,0.006123854
2,53,26171904,67,0.615189401,0.017657216,0.021117005,0.006047956
10,53,26171904,67,1.151571890,0.017657216,0.021117005,0.006002799
6,53,26171904,67,1.971122774,0.017657216,0.021117005,0.005966277
9,53,26171904,67,2.022893125,0.017657216,0.021117005,0.006006482
7,53,26171904,67,3.265054836,0.017657216,0.021117005,0.006036882
3,53,26171904,67,5.611598074,0.017657216,0.021117005,0.006037928
4,53,26171904,67,7.593315356,0.017657216,0.021117005,0.005991883
5,53,26171904,67,7.820140080,0.017657216,0.021117005,0.000005291
1,53,26171904,67,0.202818356,0.017657216,0.052175246,0.006620290
8,53,26171904,67,0.453056387,0.017657216,0.052175246,0.005252792
2,53,26171904,67,0.615189401,0.017657216,0.052175246,0.006136410
10,53,26171904,67,1.151571890,0.017657216,0.052175246,0.005968744
6,53,26171904,67,1.971122774,0.017657216,0.052175246,0.005279576
9,53,26171904,67,2.022893125,0.017657216,0.052175246,0.006733863
7,53,26171904,67,3.265054836,0.017657216,0.052175246,0.005471813
3,53,26171904,67,5.611598074,0.017657216,0.052175246,0.005987933
4,53,26171904,67,7.593315356,0.017657216,0.052175246,0.006283734
5,53,26171904,67,7.820140080,0.017657216,0.052175246,0.000005291
1,54,26171904,67,0.202818356,0.017657216,0.060125802,0.005825900
8,54,26171904,67,0.453056387,0.017657216,0.060125802,0.006277993
2,54,26171904,67,0.615189401,0.017657216,0.060125802,0.005254377
10,54,26171904,67,1.151571890,0.017657216,0.060125802,0.005659429
6,54,26171904,67,1.971122774,0.017657216,0.060125802,0.006054281
9,54,26171904,67,2.022893125,0.017657216,0.060125802,0.005888003
7,54,26171904,67,3.265054836,0.017657216,0.060125802,0.006254528
3,54,26171904,67,5.611598074,0.017657216,0.060125802,0.005800445
4,54,26171904,67,7.593315356,0.017657216,0.060125802,0.005461221
5,54,26171904,67,7.820140080,0.017657216,0.060125802,0.000005291
1,54,26171904,67,0.202818356,0.017657216,0.042419985,0.006346425
8,54,26171904,67,0.453056387,0.017657216,0.042419985,0.006189050
2,54,26171904,67,0.615189401,0.017657216,0.042419985,0.005871712
10,54,26171904,67,1.151571890,0.017657216,0.042419985,0.005658368
6,54,26171904,67,1.971122774,0.017657216,0.042419985,0.005478883
9,54,26171904,67,2.022893125,0.017657216,0.042419985,0.006292720
7,54,26171904,67,3.265054836,0.017657216,0.042419985,0.005419976
3,54,26171904,67,5.611598074,0.017657216,0.042419985,0.005789302
4,54,26171904,67,7.593315356,0.017657216,0.042419985,0.005804282
5,54,26171904,67,7.820140080,0.017657216,0.042419985,0.000005291
1,54,26171904,67,0.202818356,0.017657216,0.029741962,0.004354386
8,54,26171904,67,0.453056387,0.017657216,0.029741962,0.005702398
2,54,26171904,67,0.615189401,0.017657216,0.029741962,0.006352440
10,54,26171904,67,1.151571890,0.017657216,0.029741962,0.006212677
6,54,26171904,67,1.971122774,0.017657216,0.029741962,0.006208267
9,54,26171904,67,2.022893125,0.017657216,0.029741962,0.006084665
7,54,26171904,67,3.265054836,0.017657216,0.029741962,0.005937766
3,54,26171904,67,5.611598074,0.017657216,0.029741962,0.005617825
4,54,26171904,67,7.593315356,0.017657216,0.029741962,0.006190926
5,54,26171904,67,7.820140080,0.017657216,0.029741962,0.000005291
1,54,26171904,67,0.202818356,0.017657216,0.011514076,0.006510184
8,54,26171904,67,0.453056387,0.017657216,0.011514076,0.005728075
2,54,26171904,67,0.615189401,0.017657216,0.011514076,0.006452321
10,54,26171904,67,1.151571890,0.017657216,0.011514076,0.005535842
6,54,26171904,67,1.971122774,0.017657216,0.011514076,0.005871034
9,54,26171904,67,2.022893125,0.017657216,0.011514076,0.006103212
7,54,26171904,67,3.265054836,0.017657216,0.011514076,0.005840065
3,54,26171904,67,5.611598074,0.017657216,0.011514076,0.006226116
4,54,26171904,67,7.593315356,0.017657216,0.011514076,0.005873526
5,54,26171904,67,7.820140080,0.017657216,0.011514076,0.000005291
1,54,26171904,67,0.202818356,0.017657216,0.031697109,0.005656648
8,54,26171904,67,0.453056387,0.017657216,0.031697109,0.005397204
2,54,26171904,67,0.615189401,0.017657216,0.031697109,0.005940113
10,54,26171904,67,1.151571890,0.017657216,0.031697109,0.005783363
6,54,26171904,67,1.971122774,0.017657216,0.031697109,0.004964160
9,54,26171904,67,2.022893125,0.017657216,0.031697109,0.006045274
7,54,26171904,67,3.265054836,0.017657216,0.031697109,0.005781134
3,54,26171904,67,5.611598074,0.017657216,0.031697109,0.005588741
4,54,26171904,67,7.593315356,0.017657216,0.031697109,0.006007193
5,54,26171904,67,7.820140080,0.017657216,0.031697109,0.000005291
1,55,26171904,67,0.202818356,0.017657216,0.133573726,0.006125293
8,55,26171904,67,0.453056387,0.017657216,0.133573726,0.006305597
2,55,26171904,67,0.615189401,0.017657216,0.133573726,0.004637698
10,55,26171904,67,1.151571890,0.017657216,0.133573726,0.005843957
6,55,26171904,67,1.971122774,0.017657216,0.133573726,0.006235810
9,55,26171904,67,2.022893125,0.017657216,0.133573726,0.005760120
7,55,26171904,67,3.265054836,0.017657216,0.133573726,0.006233299
3,55,26171904,67,5.611598074,0.017657216,0.133573726,0.005564140
4,55,26171904,67,7.593315356,0.017657216,0.133573726,0.005544893
5,55,26171904,67,7.820140080,0.017657216,0.133573726,0.000005291
1,55,26171904,67,0.202818356,0.017657216,0.143874034,0.006241121
8,55,26171904,67,0.453056387,0.017657216,0.143874034,0.005435789
2,55,26171904,67,0.615189401,0.017657216,0.143874034,0.006288058
10,55,26171904,67,1.151571890,0.017657216,0.143874034,0.006231057
6,55,26171904,67,1.971122774,0.017657216,0.143874034,0.005142355
9,55,26171904,67,2.022893125,0.017657216,0.143874034,0.006243470
7,55,26171904,67,3.265054836,0.017657216,0.143874034,0.006092047
3,55,26171904,67,5.611598074,0.017657216,0.143874034,0.006140277
4,55,26171904,67,7.593315356,0.017657216,0.143874034,0.005979318
5,55,26171904,67,7.820140080,0.017657216,0.143874034,0.000005291
1,55,26171904,67,0.202818356,0.017657216,0.121496037,0.005403283
8,55,26171904,67,0.453056387,0.017657216,0.121496037,0.005550725
2,55,26171904,67,0.615189401,0.017657216,0.121496037,0.006410657
10,55,26171904,67,1.151571890,0.017657216,0.121496037,0.006187413
6,55,26171904,67,1.971122774,0.017657216,0.121496037,0.006331308
9,55,26171904,67,2.022893125,0.017657216,0.121496037,0.005924664
7,55,26171904,67,3.265054836,0.017657216,0.121496037,0.005990373
3,55,26171904,67,5.611598074,0.017657216,0.121496037,0.005889645
4,55,26171904,67,7.593315356,0.017657216,0.121496037,0.006217548
5,55,26171904,67,7.820140080,0.017657216,0.121496037,0.000005291
1,55,26171904,67,0.202818356,0.017657216,0.016923908,0.006102124
8,55,26171904,67,0.453056387,0.017657216,0.016923908,0.005765676
2,55,26171904,67,0.615189401,0.017657216,0.016923908,0.005673366
10,55,26171904,67,1.151571890,0.017657216,0.016923908,0.005954722
6,55,26171904,67,1.971122774,0.017657216,0.016923908,0.006260701
9,55,26171904,67,2.022893125,0.017657216,0.016923908,0.006622060
7,55,26171904,67,3.265054836,0.017657216,0.016923908,0.005615998
3,55,26171904,67,5.611598074,0.017657216,0.016923908,0.006375308
4,55,26171904,67,7.593315356,0.017657216,0.016923908,0.006804897
5,55,26171904,67,7.820140080,0.017657216,0.016923908,0.000005291
1,55,26171904,67,0.202818356,0.017657216,0.025031118,0.006194179
8,55,26171904,67,0.453056387,0.017657216,0.025031118,0.006308485
2,55,26171904,67,0.615189401,0.017657216,0.025031118,0.005852659
10,55,26171904,67,1.151571890,0.017657216,0.025031118,0.004600098
6,55,26171904,67,1.971122774,0.017657216,0.025031118,0.006100599
9,55,26171904,67,2.022893125,0.017657216,0.025031118,0.006244342
7,55,26171904,67,3.265054836,0.017657216,0.025031118,0.006041488
3,55,26171904,67,5.611598074,0.017657216,0.025031118,0.006297021
4,55,26171904,67,7.593315356,0.017657216,0.025031118,0.005993349
5,55,26171904,67,7.820140080,0.017657216,0.025031118,0.000005291
1,56,26171904,67,0.202818356,0.017657216,0.010815065,0.005572346
8,56,26171904,67,0.453056387,0.017657216,0.010815065,0.005867444
2,56,26171904,67,0.615189401,0.017657216,0.010815065,0.005824687
10,56,26171904,67,1.151571890,0.017657216,0.010815065,0.006013071
6,56,26171904,67,1.971122774,0.017657216,0.010815065,0.005240936
9,56,26171904,67,2.022893125,0.017657216,0.010815065,0.006316470
7,56,26171904,67,3.265054836,0.017657216,0.010815065,0.006073551
3,56,26171904,67,5.611598074,0.017657216,0.010815065,0.005460705
4,56,26171904,67,7.593315356,0.017657216,0.010815065,0.005883042
5,56,26171904,67,7.820140080,0.017657216,0.010815065,0.000005291
1,56,26171904,67,0.202818356,0.017657216,0.046716597,0.006176065
8,56,26171904,67,0.453056387,0.017657216,0.046716597,0.004829829
2,56,26171904,67,0.615189401,0.017657216,0.046716597,0.005341342
10,56,26171904,67,1.151571890,0.017657216,0.046716597,0.005768737
6,56,26171904,67,1.971122774,0.017657216,0.046716597,0.005888481
9,56,26171904,67,2.022893125,0.017657216,0.046716597,0.005536185
7,56,26171904,67,3.265054836,0.017657216,0.046716597,0.005880141
3,56,26171904,67,5.611598074,0.017657216,0.046716597,0.006434787
4,56,26171904,67,7.593315356,0.017657216,0.046716597,0.006027960
5,56,26171904,67,7.820140080,0.017657216,0.046716597,0.000005291
1,56,26171904,67,0.202818356,0.017657216,0.005681471,0.005880048
8,56,26171904,67,0.453056387,0.017657216,0.005681471,0.005878898
2,56,26171904,67,0.615189401,0.017657216,0.005681471,0.006158286
10,56,26171904,67,1.151571890,0.017657216,0.005681471,0.005839850
6,56,26171904,67,1.971122774,0.017657216,0.005681471,0.005791606
9,56,26171904,67,2.022893125,0.017657216,0.005681471,0.006040333
7,56,26171904,67,3.265054836,0.017657216,0.005681471,0.006565786
3,56,26171904,67,5.611598074,0.017657216,0.005681471,0.005750539
4,56,26171904,67,7.593315356,0.017657216,0.005681471,0.005936769
5,56,26171904,67,7.820140080,0.017657216,0.005681471,0.000005291
1,56,26171904,67,0.202818356,0.017657216,0.018849410,0.006305896
8,56,26171904,67,0.453056387,0.017657216,0.018849410,0.005269703
2,56,26171904,67,0.615189401,0.017657216,0.018849410,0.006393334
10,56,26171904,67,1.151571890,0.017657216,0.018849410,0.005925100
6,56,26171904,67,1.971122774,0.017657216,0.018849410,0.005568801
9,56,26171904,67,2.022893125,0.017657216,0.018849410,0.005907021
7,56,26171904,67,3.265054836,0.017657216,0.018849410,0.006469526
3,56,26171904,67,5.611598074,0.017657216,0.018849410,0.005147130
4,56,26171904,67,7.593315356,0.017657216,0.018849410,0.006118636
5,56,26171904,67,7.820140080,0.017657216,0.018849410,0.000005291
1,56,26171904,67,0.202818356,0.017657216,0.027861461,0.006001292
8,56,26171904,67,0.453056387,0.017657216,0.027861461,0.005967460
2,56,26171904,67,0.615189401,0.017657216,0.027861461,0.005915956
10,56,26171904,67,1.151571890,0.017657216,0.027861461,0.005849768
6,56,26171904,67,1.971122774,0.017657216,0.027861461,0.006626689
9,56,26171904,67,2.022893125,0.017657216,0.027861461,0.005629025
7,56,26171904,67,3.265054836,0.017657216,0.027861461,0.005395730
3,56,26171904,67,5.611598074,0.017657216,0.027861461,0.005847109
4,56,26171904,67,7.593315356,0.017657216,0.027861461,0.006242196
5,56,26171904,67,7.820140080,0.017657216,0.027861461,0.000005291
1,57,26171904,67,0.202818356,0.017657216,0.168878406,0.006441143
8,57,26171904,67,0.453056387,0.017657216,0.168878406,0.006236915
2,57,26171904,67,0.615189401,0.017657216,0.168878406,0.006104769
10,57,26171904,67,1.151571890,0.017657216,0.168878406,0.005990008
6,57,26171904,67,1.971122774,0.017657216,0.168878406,0.005919310
9,57,26171904,67,2.022893125,0.017657216,0.168878406,0.006404623
7,57,26171904,67,3.265054836,0.017657216,0.168878406,0.005564350
3,57,26171904,67,5.611598074,0.017657216,0.168878406,0.005612485
4,57,26171904,67,7.593315356,0.017657216,0.168878406,0.006398926
5,57,26171904,67,7.820140080,0.017657216,0.168878406,0.000005291
1,57,26171904,67,0.202818356,0.017657216,0.036386549,0.005991519
8,57,26171904,67,0.453056387,0.017657216,0.036386549,0.006174301
2,57,26171904,67,0.615189401,0.017657216,0.036386549,0.006442888
10,57,26171904,67,1.151571890,0.017657216,0.036386549,0.005189715
6,57,26171904,67,1.971122774,0.017657216,0.036386549,0.006204299
9,57,26171904,67,2.022893125,0.017657216,0.036386549,0.005863979
7,57,26171904,67,3.265054836,0.017657216,0.036386549,0.005505641
3,57,26171904,67,5.611598074,0.017657216,0.036386549,0.006195502
4,57,26171904,67,7.593315356,0.017657216,0.036386549,0.005987217
5,57,26171904,67,7.820140080,0.017657216,0.036386549,0.000005291
1,57,26171904,67,0.202818356,0.017657216,0.003359428,0.005477021
8,57,26171904,67,0.453056387,0.017657216,0.003359428,0.006061815
2,57,26171904,67,0.615189401,0.017657216,0.003359428,0.005328040
10,57,26171904,67,1.151571890,0.017657216,0.003359428,0.005545494
6,57,26171904,67,1.971122774,0.017657216,0.003359428,0.006199566
9,57,26171904,67,2.022893125,0.017657216,0.003359428,0.005904822
7,57,26171904,67,3.265054836,0.017657216,0.003359428,0.006047534
3,57,26171904,67,5.611598074,0.017657216,0.003359428,0.005828130
4,57,26171904,67,7.593315356,0.017657216,0.003359428,0.005460389
5,57,26171904,67,7.820140080,0.017657216,0.003359428,0.000005291
1,57,26171904,67,0.202818356,0.017657216,0.001687912,0.006000181
8,57,26171904,67,0.453056387,0.017657216,0.001687912,0.005387199
2,57,26171904,67,0.615189401,0.017657216,0.001687912,0.005861711
10,57,26171904,67,1.151571890,0.017657216,0.001687912,0.005119633
6,57,26171904,67,1.971122774,0.017657216,0.001687912,0.005755668
9,57,26171904,67,2.022893125,0.017657216,0.001687912,0.006456520
7,57,26171904,67,3.265054836,0.017657216,0.001687912,0.006025707
3,57,26171904,67,5.611598074,0.017657216,0.001687912,0.005591854
4,57,26171904,67,7.593315356,0.017657216,0.001687912,0.006386006
5,57,26171904,67,7.820140080,0.017657216,0.001687912,0.000005291
1,57,26171904,67,0.202818356,0.017657216,0.024453683,0.006079106
8,57,26171904,67,0.453056387,0.017657216,0.024453683,0.005669203
2,57,26171904,67,0.615189401,0.017657216,0.024453683,0.005416719
10,57,26171904,67,1.151571890,0.017657216,0.024453683,0.006224730
6,57,26171904,67,1.971122774,0.017657216,0.024453683,0.006095348
9,57,26171904,67,2.022893125,0.017657216,0.024453683,0.004528785
7,57,26171904,67,3.265054836,0.017657216,0.024453683,0.006348320
3,57,26171904,67,5.611598074,0.017657216,0.024453683,0.006037550
4,57,26171904,67,7.593315356,0.017657216,0.024453683,0.005867781
5,57,26171904,67,7.820140080,0.017657216,0.024453683,0.000005291
1,58,26171904,67,0.202818356,0.017657216,0.088908605,0.005749725
8,58,26171904,67,0.453056387,0.017657216,0.088908605,0.006457247
2,58,26171904,67,0.615189401,0.017657216,0.088908605,0.006137753
10,58,26171904,67,1.151571890,0.017657216,0.088908605,0.005826883
6,58,26171904,67,1.971122774,0.017657216,0.088908605,0.005610583
9,58,26171904,67,2.022893125,0.017657216,0.088908605,0.005988681
7,58,26171904,67,3.265054836,0.017657216,0.088908605,0.005729388
3,58,26171904,67,5.611598074,0.017657216,0.088908605,0.005972335
4,58,26171904,67,7.593315356,0.017657216,0.088908605,0.005888826
5,58,26171904,67,7.820140080,0.017657216,0.088908605,0.000005291
1,58,26171904,67,0.202818356,0.017657216,0.033274949,0.005808415
8,58,26171904,67,0.453056387,0.017657216,0.033274949,0.005918170
2,58,26171904,67,0.615189401,0.017657216,0.033274949,0.006237513
10,58,26171904,67,1.151571890,0.017657216,0.033274949,0.005345065
6,58,26171904,67,1.971122774,0.017657216,0.033274949,0.006185356
9,58,26171904,67,2.022893125,0.017657216,0.033274949,0.006341327
7,58,26171904,67,3.265054836,0.017657216,0.033274949,0.006759133
3,58,26171904,67,5.611598074,0.017657216,0.033274949,0.006029303
4,58,26171904,67,7.593315356,0.017657216,0.033274949,0.006090441
5,58,26171904,67,7.820140080,0.017657216,0.033274949,0.000005291
1,58,26171904,67,0.202818356,0.017657216,0.090843640,0.005518316
8,58,26171904,67,0.453056387,0.017657216,0.090843640,0.006141271
2,58,26171904,67,0.615189401,0.017657216,0.090843640,0.005602639
10,58,26171904,67,1.151571890,0.017657216,0.090843640,0.006192381
6,58,26171904,67,1.971122774,0.017657216,0.090843640,0.006020443
9,58,26171904,67,2.022893125,0.017657216,0.090843640,0.006019656
7,58,26171904,67,3.265054836,0.017657216,0.090843640,0.005769902
3,58,26171904,67,5.611598074,0.017657216,0.090843640,0.005969768
4,58,26171904,67,7.593315356,0.017657216,0.090843640,0.005486872
5,58,26171904,67,7.820140080,0.017657216,0.090843640,0.000005291
1,58,26171904,67,0.202818356,0.017657216,0.034655239,0.005943249
8,58,26171904,67,0.453056387,0.017657216,0.034655239,0.005345463
2,58,26171904,67,0.615189401,0.017657216,0.034655239,0.005429359
10,58,26171904,67,1.151571890,0.017657216,0.034655239,0.006202644
6,58,26171904,67,1.971122774,0.017657216,0.034655239,0.006062163
9,58,26171904,67,2.022893125,0.017657216,0.034655239,0.005909889
7,58,26171904,67,3.265054836,0.017657216,0.034655239,0.006459756
3,58,26171904,67,5.611598074,0.017657216,0.034655239,0.006030107
4,58,26171904,67,7.593315356,0.017657216,0.034655239,0.005568438
5,58,26171904,67,7.820140080,0.017657216,0.034655239,0.000005291
1,58,26171904,67,0.202818356,0.017657216,0.031242136,0.005556197
8,58,26171904,67,0.453056387,0.017657216,0.031242136,0.006886202
2,58,26171904,67,0.615189401,0.017657216,0.031242136,0.006266863
10,58,26171904,67,1.151571890,0.017657216,0.031242136,0.006027798
6,58,26171904,67,1.971122774,0.017657216,0.031242136,0.005569100
9,58,26171904,67,2.022893125,0.017657216,0.031242136,0.005935407
7,58,26171904,67,3.265054836,0.017657216,0.031242136,0.005726170
3,58,26171904,67,5.611598074,0.017657216,0.031242136,0.006144126
4,58,26171904,67,7.593315356,0.017657216,0.031242136,0.005691823
5,58,26171904,67,7.820140080,0.017657216,0.031242136,0.000005291
1,59,26171904,67,0.202818356,0.017657216,0.029207630,0.006056312
8,59,26171904,67,0.453056387,0.017657216,0.029207630,0.006704227
2,59,26171904,67,0.615189401,0.017657216,0.029207630,0.006039060
10,59,26171904,67,1.151571890,0.017657216,0.029207630,0.006151084
6,59,26171904,67,1.971122774,0.017657216,0.029207630,0.005789773
9,59,26171904,67,2.022893125,0.017657216,0.029207630,0.005359653
7,59,26171904,67,3.265054836,0.017657216,0.029207630,0.005336905
3,59,26171904,67,5.611598074,0.017657216,0.029207630,0.005919903
4,59,26171904,67,7.593315356,0.017657216,0.029207630,0.006262342
5,59,26171904,67,7.820140080,0.017657216,0.029207630,0.000005291
1,59,26171904,67,0.202818356,0.017657216,0.060729727,0.005502643
8,59,26171904,67,0.453056387,0.017657216,0.060729727,0.005983109
2,59,26171904,67,0.615189401,0.017657216,0.060729727,0.005483023
10,59,26171904,67,1.151571890,0.017657216,0.060729727,0.005789741
6,59,26171904,67,1.971122774,0.017657216,0.060729727,0.005979297
9,59,26171904,67,2.022893125,0.017657216,0.060729727,0.006265304
7,59,26171904,67,3.265054836,0.017657216,0.060729727,0.005617216
3,59,26171904,67,5.611598074,0.017657216,0.060729727,0.006069573
4,59,26171904,67,7.593315356,0.017657216,0.060729727,0.005730486
5,59,26171904,67,7.820140080,0.017657216,0.060729727,0.000005291
1,59,26171904,67,0.202818356,0.017657216,0.008703086,0.006269665
8,59,26171904,67,0.453056387,0.017657216,0.008703086,0.005857875
2,59,26171904,67,0.615189401,0.017657216,0.008703086,0.006073388
10,59,26171904,67,1.151571890,0.017657216,0.008703086,0.005941772
6,59,26171904,67,1.971122774,0.017657216,0.008703086,0.005484889
9,59,26171904,67,2.022893125,0.017657216,0.008703086,0.005720751
7,59,26171904,67,3.265054836,0.017657216,0.008703086,0.005906912
3,59,26171904,67,5.611598074,0.017657216,0.008703086,0.006037693
4,59,26171904,67,7.593315356,0.017657216,0.008703086,0.005734621
5,59,26171904,67,7.820140080,0.017657216,0.008703086,0.000005291
1,59,26171904,67,0.202818356,0.017657216,0.058944214,0.006299425
8,59,26171904,67,0.453056387,0.017657216,0.058944214,0.005988400
2,59,26171904,67,0.615189401,0.017657216,0.058944214,0.006189423
10,59,26171904,67,1.151571890,0.017657216,0.058944214,0.006172442
6,59,26171904,67,1.971122774,0.017657216,0.058944214,0.005871158
9,59,26171904,67,2.022893125,0.017657216,0.058944214,0.005426589
7,59,26171904,67,3.265054836,0.017657216,0.058944214,0.005802762
3,59,26171904,67,5.611598074,0.017657216,0.058944214,0.005772787
4,59,26171904,67,7.593315356,0.017657216,0.058944214,0.006655298
5,59,26171904,67,7.820140080,0.017657216,0.058944214,0.000005291
1,59,26171904,67,0.202818356,0.017657216,0.016095711,0.005965140
8,59,26171904,67,0.453056387,0.017657216,0.016095711,0.006164492
2,59,26171904,67,0.615189401,0.017657216,0.016095711,0.005508481
10,59,26171904,67,1.151571890,0.017657216,0.016095711,0.006030689
6,59,26171904,67,1.971122774,0.017657216,0.016095711,0.005640076
9,59,26171904,67,2.022893125,0.017657216,0.016095711,0.005576182
7,59,26171904,67,3.265054836,0.017657216,0.016095711,0.006087942
3,59,26171904,67,5.611598074,0.017657216,0.016095711,0.006379970
4,59,26171904,67,7.593315356,0.017657216,0.016095711,0.006435738
5,59,26171904,67,7.820140080,0.017657216,0.016095711,0.000005291
1,60,26171904,67,0.202818356,0.017657216,0.151276827,0.006291636
8,60,26171904,67,0.453056387,0.017657216,0.151276827,0.005933744
2,60,26171904,67,0.615189401,0.017657216,0.151276827,0.005923045
10,60,26171904,67,1.151571890,0.017657216,0.151276827,0.005782639
6,60,26171904,67,1.971122774,0.017657216,0.151276827,0.006232627
9,60,26171904,67,2.022893125,0.017657216,0.151276827,0.006746874
7,60,26171904,67,3.265054836,0.017657216,0.151276827,0.006061488
3,60,26171904,67,5.611598074,0.017657216,0.151276827,0.005850002
4,60,26171904,67,7.593315356,0.017657216,0.151276827,0.006420345
5,60,26171904,67,7.820140080,0.017657216,0.151276827,0.000005291
1,60,26171904,67,0.202818356,0.017657216,0.050385546,0.005935573
8,60,26171904,67,0.453056387,0.017657216,0.050385546,0.005947173
2,60,26171904,67,0.615189401,0.017657216,0.050385546,0.005638122
10,60,26171904,67,1.151571890,0.017657216,0.050385546,0.006586508
6,60,26171904,67,1.971122774,0.017657216,0.050385546,0.005219507
9,60,26171904,67,2.022893125,0.017657216,0.050385546,0.006000795
7,60,26171904,67,3.265054836,0.017657216,0.050385546,0.006077139
3,60,26171904,67,5.611598074,0.017657216,0.050385546,0.005427368
4,60,26171904,67,7.593315356,0.017657216,0.050385546,0.005806598
5,60,26171904,67,7.820140080,0.017657216,0.050385546,0.000005291
1,60,26171904,67,0.202818356,0.017657216,0.020015070,0.005653881
8,60,26171904,67,0.453056387,0.017657216,0.020015070,0.006328539
2,60,26171904,67,0.615189401,0.017657216,0.020015070,0.005624168
10,60,26171904,67,1.151571890,0.017657216,0.020015070,0.005923685
6,60,26171904,67,1.971122774,0.017657216,0.020015070,0.005821236
9,60,26171904,67,2.022893125,0.017657216,0.020015070,0.006526288
7,60,26171904,67,3.265054836,0.017657216,0.020015070,0.006034892
3,60,26171904,67,5.611598074,0.017657216,0.020015070,0.006137097
4,60,26171904,67,7.593315356,0.017657216,0.020015070,0.005922646
5,60,26171904,67,7.820140080,0.017657216,0.020015070,0.000005291
1,60,26171904,67,0.202818356,0.017657216,0.121105015,0.004876684
8,60,26171904,67,0.453056387,0.017657216,0.121105015,0.005963467
2,60,26171904,67,0.615189401,0.017657216,0.121105015,0.006277885
10,60,26171904,67,1.151571890,0.017657216,0.121105015,0.006090290
6,60,26171904,67,1.971122774,0.017657216,0.121105015,0.006464556
9,60,26171904,67,2.022893125,0.017657216,0.121105015,0.005849600
7,60,26171904,67,3.265054836,0.017657216,0.121105015,0.005196616
3,60,26171904,67,5.611598074,0.017657216,0.121105015,0.006129055
4,60,26171904,67,7.593315356,0.017657216,0.121105015,0.006255074
5,60,26171904,67,7.820140080,0.017657216,0.121105015,0.000005291
1,60,26171904,67,0.202818356,0.017657216,0.207761228,0.005843429
8,60,26171904,67,0.453056387,0.017657216,0.207761228,0.006378444
2,60,26171904,67,0.615189401,0.017657216,0.207761228,0.006028240
10,60,26171904,67,1.151571890,0.017657216,0.207761228,0.006293885
6,60,26171904,67,1.971122774,0.017657216,0.207761228,0.006546131
9,60,26171904,67,2.022893125,0.017657216,0.207761228,0.005276531
7,60,26171904,67,3.265054836,0.017657216,0.207761228,0.006054696
3,60,26171904,67,5.611598074,0.017657216,0.207761228,0.005913861
4,60,26171904,67,7.593315356,0.017657216,0.207761228,0.005338774
5,60,26171904,67,7.820140080,0.017657216,0.207761228,0.000005291
