client-id,round_number,workload,bg-workload,computation-time,client-queue-delay,propagation-delay,station-queue-delay
5,1,26171904,67,0.387603278,0.017657216,0.013897912,0.005572686
4,1,26171904,67,1.242847201,0.017657216,0.013897912,0.005922463
1,1,26171904,67,1.382788160,0.017657216,0.013897912,0.005520007
9,1,26171904,67,2.789808419,0.017657216,0.013897912,0.005058628
2,1,26171904,67,3.626888367,0.017657216,0.013897912,0.005900127
8,1,26171904,67,8.381294631,0.017657216,0.013897912,0.006204187
10,1,26171904,67,8.489566966,0.017657216,0.013897912,0.006005078
3,1,26171904,67,9.348683601,0.017657216,0.013897912,0.005682048
6,1,26171904,67,18.274107815,0.017657216,0.013897912,0.006371648
7,1,26171904,67,21.491169638,0.017657216,0.013897912,0.000005291
5,1,26171904,67,0.387603278,0.017657216,0.041642301,0.006028149
4,1,26171904,67,1.242847201,0.017657216,0.041642301,0.005997728
1,1,26171904,67,1.382788160,0.017657216,0.041642301,0.005361604
9,1,26171904,67,2.789808419,0.017657216,0.041642301,0.006110136
2,1,26171904,67,3.626888367,0.017657216,0.041642301,0.006248007
8,1,26171904,67,8.381294631,0.017657216,0.041642301,0.006131387
10,1,26171904,67,8.489566966,0.017657216,0.041642301,0.005304604
3,1,26171904,67,9.348683601,0.017657216,0.041642301,0.006480827
6,1,26171904,67,18.274107815,0.017657216,0.041642301,0.005478075
7,1,26171904,67,21.491169638,0.017657216,0.041642301,0.000005291
5,1,26171904,67,0.387603278,0.017657216,0.004463453,0.006322268
4,1,26171904,67,1.242847201,0.017657216,0.004463453,0.005185635
1,1,26171904,67,1.382788160,0.017657216,0.004463453,0.005555333
9,1,26171904,67,2.789808419,0.017657216,0.004463453,0.006097006
2,1,26171904,67,3.626888367,0.017657216,0.004463453,0.006012772
8,1,26171904,67,8.381294631,0.017657216,0.004463453,0.006655579
10,1,26171904,67,8.489566966,0.017657216,0.004463453,0.006049604
3,1,26171904,67,9.348683601,0.017657216,0.004463453,0.005582522
6,1,26171904,67,18.274107815,0.017657216,0.004463453,0.005897558
7,1,26171904,67,21.491169638,0.017657216,0.004463453,0.000005291
5,1,26171904,67,0.387603278,0.017657216,0.049136020,0.006541788
4,1,26171904,67,1.242847201,0.017657216,0.049136020,0.006176443
1,1,26171904,67,1.382788160,0.017657216,0.049136020,0.005493458
9,1,26171904,67,2.789808419,0.017657216,0.049136020,0.005993170
2,1,26171904,67,3.626888367,0.017657216,0.049136020,0.005691616
8,1,26171904,67,8.381294631,0.017657216,0.049136020,0.005376308
10,1,26171904,67,8.489566966,0.017657216,0.049136020,0.006033764
3,1,26171904,67,9.348683601,0.017657216,0.049136020,0.006241614
6,1,26171904,67,18.274107815,0.017657216,0.049136020,0.006618187
7,1,26171904,67,21.491169638,0.017657216,0.049136020,0.000005291
5,1,26171904,67,0.387603278,0.017657216,0.015838815,0.005818358
4,1,26171904,67,1.242847201,0.017657216,0.015838815,0.006232284
1,1,26171904,67,1.382788160,0.017657216,0.015838815,0.006038749
9,1,26171904,67,2.789808419,0.017657216,0.015838815,0.006161561
2,1,26171904,67,3.626888367,0.017657216,0.015838815,0.006065634
8,1,26171904,67,8.381294631,0.017657216,0.015838815,0.006428864
10,1,26171904,67,8.489566966,0.017657216,0.015838815,0.006023360
3,1,26171904,67,9.348683601,0.017657216,0.015838815,0.005997665
6,1,26171904,67,18.274107815,0.017657216,0.015838815,0.006108025
7,1,26171904,67,21.491169638,0.017657216,0.015838815,0.000005291
6,2,26171904,67,0.387603278,0.017657216,0.018382356,0.005999938
8,2,26171904,67,1.382788160,0.017657216,0.018382356,0.005509710
1,2,26171904,67,1.933771665,0.017657216,0.018382356,0.005897407
5,2,26171904,67,2.789808419,0.017657216,0.018382356,0.006268138
7,2,26171904,67,4.693622927,0.017657216,0.018382356,0.006279452
2,2,26171904,67,8.381294631,0.017657216,0.018382356,0.006305592
4,2,26171904,67,8.489566966,0.017657216,0.018382356,0.005479240
9,2,26171904,67,18.274107815,0.017657216,0.018382356,0.006120254
10,2,26171904,67,21.491169638,0.017657216,0.018382356,0.005835650
3,2,26171904,67,24.460606093,0.017657216,0.018382356,0.000005291
6,2,26171904,67,0.387603278,0.017657216,0.000251772,0.005835092
8,2,26171904,67,1.382788160,0.017657216,0.000251772,0.006462287
1,2,26171904,67,1.933771665,0.017657216,0.000251772,0.006388817
5,2,26171904,67,2.789808419,0.017657216,0.000251772,0.005995837
7,2,26171904,67,4.693622927,0.017657216,0.000251772,0.006424290
2,2,26171904,67,8.381294631,0.017657216,0.000251772,0.006029433
4,2,26171904,67,8.489566966,0.017657216,0.000251772,0.006007908
9,2,26171904,67,18.274107815,0.017657216,0.000251772,0.006013156
10,2,26171904,67,21.491169638,0.017657216,0.000251772,0.005102115
3,2,26171904,67,24.460606093,0.017657216,0.000251772,0.000005291
6,2,26171904,67,0.387603278,0.017657216,0.070096239,0.005869382
8,2,26171904,67,1.382788160,0.017657216,0.070096239,0.005584059
1,2,26171904,67,1.933771665,0.017657216,0.070096239,0.006610219
5,2,26171904,67,2.789808419,0.017657216,0.070096239,0.006066115
7,2,26171904,67,4.693622927,0.017657216,0.070096239,0.006279820
2,2,26171904,67,8.381294631,0.017657216,0.070096239,0.005996505
4,2,26171904,67,8.489566966,0.017657216,0.070096239,0.005904869
9,2,26171904,67,18.274107815,0.017657216,0.070096239,0.005944249
10,2,26171904,67,21.491169638,0.017657216,0.070096239,0.005669653
3,2,26171904,67,24.460606093,0.017657216,0.070096239,0.000005291
6,2,26171904,67,0.387603278,0.017657216,0.012987770,0.005876633
8,2,26171904,67,1.382788160,0.017657216,0.012987770,0.005857593
1,2,26171904,67,1.933771665,0.017657216,0.012987770,0.006274848
5,2,26171904,67,2.789808419,0.017657216,0.012987770,0.006671693
7,2,26171904,67,4.693622927,0.017657216,0.012987770,0.005764073
2,2,26171904,67,8.381294631,0.017657216,0.012987770,0.005665114
4,2,26171904,67,8.489566966,0.017657216,0.012987770,0.005975797
9,2,26171904,67,18.274107815,0.017657216,0.012987770,0.005090282
10,2,26171904,67,21.491169638,0.017657216,0.012987770,0.005229674
3,2,26171904,67,24.460606093,0.017657216,0.012987770,0.000005291
6,2,26171904,67,0.387603278,0.017657216,0.040450539,0.006481358
8,2,26171904,67,1.382788160,0.017657216,0.040450539,0.006138634
1,2,26171904,67,1.933771665,0.017657216,0.040450539,0.006267082
5,2,26171904,67,2.789808419,0.017657216,0.040450539,0.005561446
7,2,26171904,67,4.693622927,0.017657216,0.040450539,0.005227620
2,2,26171904,67,8.381294631,0.017657216,0.040450539,0.005475367
4,2,26171904,67,8.489566966,0.017657216,0.040450539,0.006197485
9,2,26171904,67,18.274107815,0.017657216,0.040450539,0.006377600
10,2,26171904,67,21.491169638,0.017657216,0.040450539,0.006452042
3,2,26171904,67,24.460606093,0.017657216,0.040450539,0.000005291
1,3,26171904,67,0.587382010,0.017657216,0.049098872,0.005696800
5,3,26171904,67,1.242847201,0.017657216,0.049098872,0.005623409
7,3,26171904,67,1.382788160,0.017657216,0.049098872,0.006177035
3,3,26171904,67,2.419082402,0.017657216,0.049098872,0.005800917
9,3,26171904,67,3.285204624,0.017657216,0.049098872,0.005734210
2,3,26171904,67,3.945420619,0.017657216,0.049098872,0.006383966
10,3,26171904,67,4.693622927,0.017657216,0.049098872,0.006452526
4,3,26171904,67,8.381294631,0.017657216,0.049098872,0.005559248
8,3,26171904,67,8.489566966,0.017657216,0.049098872,0.006472406
6,3,26171904,67,20.960390404,0.017657216,0.049098872,0.000005291
1,3,26171904,67,0.587382010,0.017657216,0.012827418,0.006101693
5,3,26171904,67,1.242847201,0.017657216,0.012827418,0.005825582
7,3,26171904,67,1.382788160,0.017657216,0.012827418,0.006117255
3,3,26171904,67,2.419082402,0.017657216,0.012827418,0.005493923
9,3,26171904,67,3.285204624,0.017657216,0.012827418,0.006524115
2,3,26171904,67,3.945420619,0.017657216,0.012827418,0.005347644
10,3,26171904,67,4.693622927,0.017657216,0.012827418,0.005320715
4,3,26171904,67,8.381294631,0.017657216,0.012827418,0.005200006
8,3,26171904,67,8.489566966,0.017657216,0.012827418,0.006048418
6,3,26171904,67,20.960390404,0.017657216,0.012827418,0.000005291
1,3,26171904,67,0.587382010,0.017657216,0.060311329,0.006306128
5,3,26171904,67,1.242847201,0.017657216,0.060311329,0.005727601
7,3,26171904,67,1.382788160,0.017657216,0.060311329,0.005833676
3,3,26171904,67,2.419082402,0.017657216,0.060311329,0.005971367
9,3,26171904,67,3.285204624,0.017657216,0.060311329,0.004625372
2,3,26171904,67,3.945420619,0.017657216,0.060311329,0.006478384
10,3,26171904,67,4.693622927,0.017657216,0.060311329,0.005965768
4,3,26171904,67,8.381294631,0.017657216,0.060311329,0.006108884
8,3,26171904,67,8.489566966,0.017657216,0.060311329,0.006154066
6,3,26171904,67,20.960390404,0.017657216,0.060311329,0.000005291
1,3,26171904,67,0.587382010,0.017657216,0.113402270,0.005596913
5,3,26171904,67,1.242847201,0.017657216,0.113402270,0.005854866
7,3,26171904,67,1.382788160,0.017657216,0.113402270,0.005892803
3,3,26171904,67,2.419082402,0.017657216,0.113402270,0.006147804
9,3,26171904,67,3.285204624,0.017657216,0.113402270,0.005998875
2,3,26171904,67,3.945420619,0.017657216,0.113402270,0.005050339
10,3,26171904,67,4.693622927,0.017657216,0.113402270,0.005865476
4,3,26171904,67,8.381294631,0.017657216,0.113402270,0.005939687
8,3,26171904,67,8.489566966,0.017657216,0.113402270,0.005550310
6,3,26171904,67,20.960390404,0.017657216,0.113402270,0.000005291
1,3,26171904,67,0.587382010,0.017657216,0.023645686,0.004629758
5,3,26171904,67,1.242847201,0.017657216,0.023645686,0.006144232
7,3,26171904,67,1.382788160,0.017657216,0.023645686,0.005898800
3,3,26171904,67,2.419082402,0.017657216,0.023645686,0.006464878
9,3,26171904,67,3.285204624,0.017657216,0.023645686,0.006559003
2,3,26171904,67,3.945420619,0.017657216,0.023645686,0.005978749
10,3,26171904,67,4.693622927,0.017657216,0.023645686,0.006856706
4,3,26171904,67,8.381294631,0.017657216,0.023645686,0.006038176
8,3,26171904,67,8.489566966,0.017657216,0.023645686,0.006344433
6,3,26171904,67,20.960390404,0.017657216,0.023645686,0.000005291
6,4,26171904,67,0.387603278,0.017657216,0.038064551,0.006114905
5,4,26171904,67,1.013253131,0.017657216,0.038064551,0.014654263
3,4,26171904,67,1.018339356,0.017657216,0.038064551,0.016602153
1,4,26171904,67,2.278169307,0.017657216,0.038064551,0.005327635
7,4,26171904,67,3.626888367,0.017657216,0.038064551,0.005703358
10,4,26171904,67,8.091729008,0.017657216,0.038064551,0.005688932
9,4,26171904,67,9.348683601,0.017657216,0.038064551,0.006181927
8,4,26171904,67,12.061542413,0.017657216,0.038064551,0.006236349
2,4,26171904,67,21.491169638,0.017657216,0.038064551,0.005946319
4,4,26171904,67,24.460606093,0.017657216,0.038064551,0.000005291
6,4,26171904,67,0.387603278,0.017657216,0.049679343,0.005561297
5,4,26171904,67,1.013253131,0.017657216,0.049679343,0.014224320
3,4,26171904,67,1.018339356,0.017657216,0.049679343,0.015966141
1,4,26171904,67,2.278169307,0.017657216,0.049679343,0.006113725
7,4,26171904,67,3.626888367,0.017657216,0.049679343,0.005405032
10,4,26171904,67,8.091729008,0.017657216,0.049679343,0.006415959
9,4,26171904,67,9.348683601,0.017657216,0.049679343,0.006304361
8,4,26171904,67,12.061542413,0.017657216,0.049679343,0.005831980
2,4,26171904,67,21.491169638,0.017657216,0.049679343,0.005625381
4,4,26171904,67,24.460606093,0.017657216,0.049679343,0.000005291
6,4,26171904,67,0.387603278,0.017657216,0.000746164,0.006028751
5,4,26171904,67,1.013253131,0.017657216,0.000746164,0.014043318
3,4,26171904,67,1.018339356,0.017657216,0.000746164,0.015451685
1,4,26171904,67,2.278169307,0.017657216,0.000746164,0.006204835
7,4,26171904,67,3.626888367,0.017657216,0.000746164,0.005648928
10,4,26171904,67,8.091729008,0.017657216,0.000746164,0.006167072
9,4,26171904,67,9.348683601,0.017657216,0.000746164,0.005405270
8,4,26171904,67,12.061542413,0.017657216,0.000746164,0.005872942
2,4,26171904,67,21.491169638,0.017657216,0.000746164,0.006168318
4,4,26171904,67,24.460606093,0.017657216,0.000746164,0.000005291
6,4,26171904,67,0.387603278,0.017657216,0.028183736,0.005973410
5,4,26171904,67,1.013253131,0.017657216,0.028183736,0.014472459
3,4,26171904,67,1.018339356,0.017657216,0.028183736,0.016002728
1,4,26171904,67,2.278169307,0.017657216,0.028183736,0.005931997
7,4,26171904,67,3.626888367,0.017657216,0.028183736,0.005596098
10,4,26171904,67,8.091729008,0.017657216,0.028183736,0.005518245
9,4,26171904,67,9.348683601,0.017657216,0.028183736,0.006014698
8,4,26171904,67,12.061542413,0.017657216,0.028183736,0.006192292
2,4,26171904,67,21.491169638,0.017657216,0.028183736,0.005935831
4,4,26171904,67,24.460606093,0.017657216,0.028183736,0.000005291
6,4,26171904,67,0.387603278,0.017657216,0.068851814,0.006291805
5,4,26171904,67,1.013253131,0.017657216,0.068851814,0.013815821
3,4,26171904,67,1.018339356,0.017657216,0.068851814,0.015542453
1,4,26171904,67,2.278169307,0.017657216,0.068851814,0.005752680
7,4,26171904,67,3.626888367,0.017657216,0.068851814,0.006323979
10,4,26171904,67,8.091729008,0.017657216,0.068851814,0.006201355
9,4,26171904,67,9.348683601,0.017657216,0.068851814,0.005814868
8,4,26171904,67,12.061542413,0.017657216,0.068851814,0.005775567
2,4,26171904,67,21.491169638,0.017657216,0.068851814,0.005786390
4,4,26171904,67,24.460606093,0.017657216,0.068851814,0.000005291
5,5,26171904,67,0.345984255,0.017657216,0.060797065,0.005992914
8,5,26171904,67,0.587382010,0.017657216,0.060797065,0.006102303
4,5,26171904,67,1.134459824,0.017657216,0.060797065,0.004810749
3,5,26171904,67,1.382788160,0.017657216,0.060797065,0.005722128
6,5,26171904,67,1.933771665,0.017657216,0.060797065,0.005579700
2,5,26171904,67,2.789808419,0.017657216,0.060797065,0.006798843
10,5,26171904,67,3.626888367,0.017657216,0.060797065,0.006170199
7,5,26171904,67,5.438118088,0.017657216,0.060797065,0.005889261
9,5,26171904,67,7.312411410,0.017657216,0.060797065,0.006083979
1,5,26171904,67,18.274107815,0.017657216,0.060797065,0.000005291
5,5,26171904,67,0.345984255,0.017657216,0.003527950,0.006576970
8,5,26171904,67,0.587382010,0.017657216,0.003527950,0.006314058
4,5,26171904,67,1.134459824,0.017657216,0.003527950,0.006166694
3,5,26171904,67,1.382788160,0.017657216,0.003527950,0.006267978
6,5,26171904,67,1.933771665,0.017657216,0.003527950,0.006233888
2,5,26171904,67,2.789808419,0.017657216,0.003527950,0.006127979
10,5,26171904,67,3.626888367,0.017657216,0.003527950,0.005836769
7,5,26171904,67,5.438118088,0.017657216,0.003527950,0.005451925
9,5,26171904,67,7.312411410,0.017657216,0.003527950,0.006041920
1,5,26171904,67,18.274107815,0.017657216,0.003527950,0.000005291
5,5,26171904,67,0.345984255,0.017657216,0.043740343,0.004976139
8,5,26171904,67,0.587382010,0.017657216,0.043740343,0.004759222
4,5,26171904,67,1.134459824,0.017657216,0.043740343,0.005790471
3,5,26171904,67,1.382788160,0.017657216,0.043740343,0.005714130
6,5,26171904,67,1.933771665,0.017657216,0.043740343,0.005985074
2,5,26171904,67,2.789808419,0.017657216,0.043740343,0.006134873
10,5,26171904,67,3.626888367,0.017657216,0.043740343,0.006506895
7,5,26171904,67,5.438118088,0.017657216,0.043740343,0.005460864
9,5,26171904,67,7.312411410,0.017657216,0.043740343,0.005471958
1,5,26171904,67,18.274107815,0.017657216,0.043740343,0.000005291
5,5,26171904,67,0.345984255,0.017657216,0.019523766,0.005952176
8,5,26171904,67,0.587382010,0.017657216,0.019523766,0.006542798
4,5,26171904,67,1.134459824,0.017657216,0.019523766,0.006247908
3,5,26171904,67,1.382788160,0.017657216,0.019523766,0.005488135
6,5,26171904,67,1.933771665,0.017657216,0.019523766,0.004599813
2,5,26171904,67,2.789808419,0.017657216,0.019523766,0.005538695
10,5,26171904,67,3.626888367,0.017657216,0.019523766,0.006034027
7,5,26171904,67,5.438118088,0.017657216,0.019523766,0.006293175
9,5,26171904,67,7.312411410,0.017657216,0.019523766,0.006316613
1,5,26171904,67,18.274107815,0.017657216,0.019523766,0.000005291
5,5,26171904,67,0.345984255,0.017657216,0.007507257,0.006190521
8,5,26171904,67,0.587382010,0.017657216,0.007507257,0.006042728
4,5,26171904,67,1.134459824,0.017657216,0.007507257,0.005989225
3,5,26171904,67,1.382788160,0.017657216,0.007507257,0.005530799
6,5,26171904,67,1.933771665,0.017657216,0.007507257,0.006113142
2,5,26171904,67,2.789808419,0.017657216,0.007507257,0.006378144
10,5,26171904,67,3.626888367,0.017657216,0.007507257,0.006631394
7,5,26171904,67,5.438118088,0.017657216,0.007507257,0.006169078
9,5,26171904,67,7.312411410,0.017657216,0.007507257,0.005313976
1,5,26171904,67,18.274107815,0.017657216,0.007507257,0.000005291
2,6,26171904,67,0.387603278,0.017657216,0.054057568,0.006207953
4,6,26171904,67,1.013253131,0.017657216,0.054057568,0.006195961
3,6,26171904,67,1.134459824,0.017657216,0.054057568,0.006399093
10,6,26171904,67,2.278169307,0.017657216,0.054057568,0.005419646
5,6,26171904,67,3.379563963,0.017657216,0.054057568,0.006334873
6,6,26171904,67,6.970204604,0.017657216,0.054057568,0.005842278
9,6,26171904,67,7.312411410,0.017657216,0.054057568,0.005685673
8,6,26171904,67,9.348683601,0.017657216,0.054057568,0.005403410
1,6,26171904,67,12.061542413,0.017657216,0.054057568,0.005352836
7,6,26171904,67,76.009580045,0.017657216,0.054057568,0.000005291
2,6,26171904,67,0.387603278,0.017657216,0.027391352,0.005805303
4,6,26171904,67,1.013253131,0.017657216,0.027391352,0.005710884
3,6,26171904,67,1.134459824,0.017657216,0.027391352,0.006653748
10,6,26171904,67,2.278169307,0.017657216,0.027391352,0.005549956
5,6,26171904,67,3.379563963,0.017657216,0.027391352,0.005201432
6,6,26171904,67,6.970204604,0.017657216,0.027391352,0.005937342
9,6,26171904,67,7.312411410,0.017657216,0.027391352,0.006459421
8,6,26171904,67,9.348683601,0.017657216,0.027391352,0.005394194
1,6,26171904,67,12.061542413,0.017657216,0.027391352,0.006353390
7,6,26171904,67,76.009580045,0.017657216,0.027391352,0.000005291
2,6,26171904,67,0.387603278,0.017657216,0.037001207,0.006120598
4,6,26171904,67,1.013253131,0.017657216,0.037001207,0.005060427
3,6,26171904,67,1.134459824,0.017657216,0.037001207,0.006207769
10,6,26171904,67,2.278169307,0.017657216,0.037001207,0.006117618
5,6,26171904,67,3.379563963,0.017657216,0.037001207,0.005916761
6,6,26171904,67,6.970204604,0.017657216,0.037001207,0.005570457
9,6,26171904,67,7.312411410,0.017657216,0.037001207,0.005625797
8,6,26171904,67,9.348683601,0.017657216,0.037001207,0.005514836
1,6,26171904,67,12.061542413,0.017657216,0.037001207,0.006057257
7,6,26171904,67,76.009580045,0.017657216,0.037001207,0.000005291
2,6,26171904,67,0.387603278,0.017657216,0.011471306,0.006185109
4,6,26171904,67,1.013253131,0.017657216,0.011471306,0.006313396
3,6,26171904,67,1.134459824,0.017657216,0.011471306,0.005820733
10,6,26171904,67,2.278169307,0.017657216,0.011471306,0.005430788
5,6,26171904,67,3.379563963,0.017657216,0.011471306,0.006311412
6,6,26171904,67,6.970204604,0.017657216,0.011471306,0.005900126
9,6,26171904,67,7.312411410,0.017657216,0.011471306,0.006319446
8,6,26171904,67,9.348683601,0.017657216,0.011471306,0.006368257
1,6,26171904,67,12.061542413,0.017657216,0.011471306,0.005721713
7,6,26171904,67,76.009580045,0.017657216,0.011471306,0.000005291
2,6,26171904,67,0.387603278,0.017657216,0.059431076,0.005899890
4,6,26171904,67,1.013253131,0.017657216,0.059431076,0.005364950
3,6,26171904,67,1.134459824,0.017657216,0.059431076,0.005470253
10,6,26171904,67,2.278169307,0.017657216,0.059431076,0.006264416
5,6,26171904,67,3.379563963,0.017657216,0.059431076,0.005819474
6,6,26171904,67,6.970204604,0.017657216,0.059431076,0.006069370
9,6,26171904,67,7.312411410,0.017657216,0.059431076,0.005363812
8,6,26171904,67,9.348683601,0.017657216,0.059431076,0.006674847
1,6,26171904,67,12.061542413,0.017657216,0.059431076,0.005733703
7,6,26171904,67,76.009580045,0.017657216,0.059431076,0.000005291
4,7,26171904,67,0.751119800,0.017657216,0.182093740,0.005461097
7,7,26171904,67,2.789808419,0.017657216,0.182093740,0.005500557
8,7,26171904,67,3.945420619,0.017657216,0.182093740,0.005045120
3,7,26171904,67,6.512859271,0.017657216,0.182093740,0.005253904
10,7,26171904,67,10.888500769,0.017657216,0.182093740,0.005683064
5,7,26171904,67,13.033566800,0.017657216,0.182093740,0.005190948
1,7,26171904,67,18.274107815,0.017657216,0.182093740,0.005520914
6,7,26171904,67,18.487478014,0.017657216,0.182093740,0.005967853
9,7,26171904,67,20.960390404,0.017657216,0.182093740,0.005920573
2,7,26171904,67,24.460606093,0.017657216,0.182093740,0.000005291
4,7,26171904,67,0.751119800,0.017657216,0.017761344,0.005488541
7,7,26171904,67,2.789808419,0.017657216,0.017761344,0.005451136
8,7,26171904,67,3.945420619,0.017657216,0.017761344,0.005967442
3,7,26171904,67,6.512859271,0.017657216,0.017761344,0.006471798
10,7,26171904,67,10.888500769,0.017657216,0.017761344,0.006410741
5,7,26171904,67,13.033566800,0.017657216,0.017761344,0.005849863
1,7,26171904,67,18.274107815,0.017657216,0.017761344,0.006487493
6,7,26171904,67,18.487478014,0.017657216,0.017761344,0.006160253
9,7,26171904,67,20.960390404,0.017657216,0.017761344,0.005957869
2,7,26171904,67,24.460606093,0.017657216,0.017761344,0.000005291
4,7,26171904,67,0.751119800,0.017657216,0.082515791,0.005889615
7,7,26171904,67,2.789808419,0.017657216,0.082515791,0.005640800
8,7,26171904,67,3.945420619,0.017657216,0.082515791,0.006451355
3,7,26171904,67,6.512859271,0.017657216,0.082515791,0.006362496
10,7,26171904,67,10.888500769,0.017657216,0.082515791,0.006026324
5,7,26171904,67,13.033566800,0.017657216,0.082515791,0.005932825
1,7,26171904,67,18.274107815,0.017657216,0.082515791,0.006268215
6,7,26171904,67,18.487478014,0.017657216,0.082515791,0.005971283
9,7,26171904,67,20.960390404,0.017657216,0.082515791,0.005781593
2,7,26171904,67,24.460606093,0.017657216,0.082515791,0.000005291
4,7,26171904,67,0.751119800,0.017657216,0.020614050,0.005869537
7,7,26171904,67,2.789808419,0.017657216,0.020614050,0.005412647
8,7,26171904,67,3.945420619,0.017657216,0.020614050,0.006234939
3,7,26171904,67,6.512859271,0.017657216,0.020614050,0.006034887
10,7,26171904,67,10.888500769,0.017657216,0.020614050,0.006287357
5,7,26171904,67,13.033566800,0.017657216,0.020614050,0.006474782
1,7,26171904,67,18.274107815,0.017657216,0.020614050,0.005479576
6,7,26171904,67,18.487478014,0.017657216,0.020614050,0.005887170
9,7,26171904,67,20.960390404,0.017657216,0.020614050,0.005984226
2,7,26171904,67,24.460606093,0.017657216,0.020614050,0.000005291
4,7,26171904,67,0.751119800,0.017657216,0.038472660,0.005357647
7,7,26171904,67,2.789808419,0.017657216,0.038472660,0.006040460
8,7,26171904,67,3.945420619,0.017657216,0.038472660,0.005704320
3,7,26171904,67,6.512859271,0.017657216,0.038472660,0.006195009
10,7,26171904,67,10.888500769,0.017657216,0.038472660,0.005771364
5,7,26171904,67,13.033566800,0.017657216,0.038472660,0.005485899
1,7,26171904,67,18.274107815,0.017657216,0.038472660,0.006537116
6,7,26171904,67,18.487478014,0.017657216,0.038472660,0.006278349
9,7,26171904,67,20.960390404,0.017657216,0.038472660,0.005804233
2,7,26171904,67,24.460606093,0.017657216,0.038472660,0.000005291
5,8,26171904,67,0.820450821,0.017657216,0.018189298,0.005434910
9,8,26171904,67,1.242847201,0.017657216,0.018189298,0.005645547
6,8,26171904,67,1.382788160,0.017657216,0.018189298,0.006250532
1,8,26171904,67,2.419082402,0.017657216,0.018189298,0.006160619
7,8,26171904,67,3.285204624,0.017657216,0.018189298,0.005810431
4,8,26171904,67,4.693622927,0.017657216,0.018189298,0.005979690
10,8,26171904,67,5.438118088,0.017657216,0.018189298,0.006175812
8,8,26171904,67,8.091729008,0.017657216,0.018189298,0.005365010
3,8,26171904,67,18.271122048,0.017657216,0.018189298,0.005884193
2,8,26171904,67,37.897913199,0.017657216,0.018189298,0.000005291
5,8,26171904,67,0.820450821,0.017657216,0.000967115,0.006444301
9,8,26171904,67,1.242847201,0.017657216,0.000967115,0.005577418
6,8,26171904,67,1.382788160,0.017657216,0.000967115,0.005605764
1,8,26171904,67,2.419082402,0.017657216,0.000967115,0.006064701
7,8,26171904,67,3.285204624,0.017657216,0.000967115,0.006237846
4,8,26171904,67,4.693622927,0.017657216,0.000967115,0.006156615
10,8,26171904,67,5.438118088,0.017657216,0.000967115,0.006216466
8,8,26171904,67,8.091729008,0.017657216,0.000967115,0.006185829
3,8,26171904,67,18.271122048,0.017657216,0.000967115,0.005975193
2,8,26171904,67,37.897913199,0.017657216,0.000967115,0.000005291
5,8,26171904,67,0.820450821,0.017657216,0.002890398,0.005192060
9,8,26171904,67,1.242847201,0.017657216,0.002890398,0.006392180
6,8,26171904,67,1.382788160,0.017657216,0.002890398,0.005576832
1,8,26171904,67,2.419082402,0.017657216,0.002890398,0.005982622
7,8,26171904,67,3.285204624,0.017657216,0.002890398,0.005476565
4,8,26171904,67,4.693622927,0.017657216,0.002890398,0.006412383
10,8,26171904,67,5.438118088,0.017657216,0.002890398,0.006041078
8,8,26171904,67,8.091729008,0.017657216,0.002890398,0.006157533
3,8,26171904,67,18.271122048,0.017657216,0.002890398,0.005889003
2,8,26171904,67,37.897913199,0.017657216,0.002890398,0.000005291
5,8,26171904,67,0.820450821,0.017657216,0.079672880,0.005370180
9,8,26171904,67,1.242847201,0.017657216,0.079672880,0.004922450
6,8,26171904,67,1.382788160,0.017657216,0.079672880,0.005981175
1,8,26171904,67,2.419082402,0.017657216,0.079672880,0.005850963
7,8,26171904,67,3.285204624,0.017657216,0.079672880,0.006500570
4,8,26171904,67,4.693622927,0.017657216,0.079672880,0.005712943
10,8,26171904,67,5.438118088,0.017657216,0.079672880,0.005433971
8,8,26171904,67,8.091729008,0.017657216,0.079672880,0.006239510
3,8,26171904,67,18.271122048,0.017657216,0.079672880,0.005650523
2,8,26171904,67,37.897913199,0.017657216,0.079672880,0.000005291
5,8,26171904,67,0.820450821,0.017657216,0.056086954,0.006293815
9,8,26171904,67,1.242847201,0.017657216,0.056086954,0.006044516
6,8,26171904,67,1.382788160,0.017657216,0.056086954,0.006129206
1,8,26171904,67,2.419082402,0.017657216,0.056086954,0.004749865
7,8,26171904,67,3.285204624,0.017657216,0.056086954,0.005981421
4,8,26171904,67,4.693622927,0.017657216,0.056086954,0.005978522
10,8,26171904,67,5.438118088,0.017657216,0.056086954,0.006012617
8,8,26171904,67,8.091729008,0.017657216,0.056086954,0.005636288
3,8,26171904,67,18.271122048,0.017657216,0.056086954,0.006074494
2,8,26171904,67,37.897913199,0.017657216,0.056086954,0.000005291
2,9,26171904,67,1.018339356,0.017657216,0.006465704,0.005307413
9,9,26171904,67,2.049694743,0.017657216,0.006465704,0.005641618
3,9,26171904,67,2.229664033,0.017657216,0.006465704,0.005471033
6,9,26171904,67,4.613387410,0.017657216,0.006465704,0.005560227
10,9,26171904,67,5.280775276,0.017657216,0.006465704,0.006085163
4,9,26171904,67,5.438118088,0.017657216,0.006465704,0.005790745
7,9,26171904,67,8.381294631,0.017657216,0.006465704,0.005783300
8,9,26171904,67,8.489566966,0.017657216,0.006465704,0.005956844
1,9,26171904,67,20.960390404,0.017657216,0.006465704,0.004869372
5,9,26171904,67,21.491169638,0.017657216,0.006465704,0.000005291
2,9,26171904,67,1.018339356,0.017657216,0.119797818,0.005311554
9,9,26171904,67,2.049694743,0.017657216,0.119797818,0.005527604
3,9,26171904,67,2.229664033,0.017657216,0.119797818,0.006071840
6,9,26171904,67,4.613387410,0.017657216,0.119797818,0.006158647
10,9,26171904,67,5.280775276,0.017657216,0.119797818,0.005907783
4,9,26171904,67,5.438118088,0.017657216,0.119797818,0.005549578
7,9,26171904,67,8.381294631,0.017657216,0.119797818,0.006521516
8,9,26171904,67,8.489566966,0.017657216,0.119797818,0.005892875
1,9,26171904,67,20.960390404,0.017657216,0.119797818,0.005554360
5,9,26171904,67,21.491169638,0.017657216,0.119797818,0.000005291
2,9,26171904,67,1.018339356,0.017657216,0.146735966,0.006557140
9,9,26171904,67,2.049694743,0.017657216,0.146735966,0.006398536
3,9,26171904,67,2.229664033,0.017657216,0.146735966,0.005556753
6,9,26171904,67,4.613387410,0.017657216,0.146735966,0.006307858
10,9,26171904,67,5.280775276,0.017657216,0.146735966,0.005730780
4,9,26171904,67,5.438118088,0.017657216,0.146735966,0.006599025
7,9,26171904,67,8.381294631,0.017657216,0.146735966,0.006168175
8,9,26171904,67,8.489566966,0.017657216,0.146735966,0.005076602
1,9,26171904,67,20.960390404,0.017657216,0.146735966,0.005612585
5,9,26171904,67,21.491169638,0.017657216,0.146735966,0.000005291
2,9,26171904,67,1.018339356,0.017657216,0.175686345,0.005423055
9,9,26171904,67,2.049694743,0.017657216,0.175686345,0.005737693
3,9,26171904,67,2.229664033,0.017657216,0.175686345,0.005573618
6,9,26171904,67,4.613387410,0.017657216,0.175686345,0.005764886
10,9,26171904,67,5.280775276,0.017657216,0.175686345,0.004596193
4,9,26171904,67,5.438118088,0.017657216,0.175686345,0.005833631
7,9,26171904,67,8.381294631,0.017657216,0.175686345,0.005665029
8,9,26171904,67,8.489566966,0.017657216,0.175686345,0.006267616
1,9,26171904,67,20.960390404,0.017657216,0.175686345,0.005449816
5,9,26171904,67,21.491169638,0.017657216,0.175686345,0.000005291
2,9,26171904,67,1.018339356,0.017657216,0.003988440,0.005861907
9,9,26171904,67,2.049694743,0.017657216,0.003988440,0.006193092
3,9,26171904,67,2.229664033,0.017657216,0.003988440,0.006120854
6,9,26171904,67,4.613387410,0.017657216,0.003988440,0.005678149
10,9,26171904,67,5.280775276,0.017657216,0.003988440,0.006040459
4,9,26171904,67,5.438118088,0.017657216,0.003988440,0.005651698
7,9,26171904,67,8.381294631,0.017657216,0.003988440,0.005263498
8,9,26171904,67,8.489566966,0.017657216,0.003988440,0.005807481
1,9,26171904,67,20.960390404,0.017657216,0.003988440,0.005787293
5,9,26171904,67,21.491169638,0.017657216,0.003988440,0.000005291
4,10,26171904,67,0.751119800,0.017657216,0.119021900,0.005911039
3,10,26171904,67,1.013253131,0.017657216,0.119021900,0.006097153
5,10,26171904,67,3.945420619,0.017657216,0.119021900,0.005995186
2,10,26171904,67,5.280775276,0.017657216,0.119021900,0.006417003
9,10,26171904,67,8.489566966,0.017657216,0.119021900,0.006244748
10,10,26171904,67,9.348683601,0.017657216,0.119021900,0.005539414
1,10,26171904,67,12.061542413,0.017657216,0.119021900,0.006417126
6,10,26171904,67,13.033566800,0.017657216,0.119021900,0.006283159
7,10,26171904,67,37.897913199,0.017657216,0.119021900,0.005757210
8,10,26171904,67,76.009580045,0.017657216,0.119021900,0.000005291
4,10,26171904,67,0.751119800,0.017657216,0.027189311,0.006508008
3,10,26171904,67,1.013253131,0.017657216,0.027189311,0.006075046
5,10,26171904,67,3.945420619,0.017657216,0.027189311,0.006248324
2,10,26171904,67,5.280775276,0.017657216,0.027189311,0.006287751
9,10,26171904,67,8.489566966,0.017657216,0.027189311,0.005828962
10,10,26171904,67,9.348683601,0.017657216,0.027189311,0.006061487
1,10,26171904,67,12.061542413,0.017657216,0.027189311,0.005521562
6,10,26171904,67,13.033566800,0.017657216,0.027189311,0.006482467
7,10,26171904,67,37.897913199,0.017657216,0.027189311,0.005639195
8,10,26171904,67,76.009580045,0.017657216,0.027189311,0.000005291
4,10,26171904,67,0.751119800,0.017657216,0.042701099,0.005873358
3,10,26171904,67,1.013253131,0.017657216,0.042701099,0.006298432
5,10,26171904,67,3.945420619,0.017657216,0.042701099,0.006150720
2,10,26171904,67,5.280775276,0.017657216,0.042701099,0.005856541
9,10,26171904,67,8.489566966,0.017657216,0.042701099,0.006202514
10,10,26171904,67,9.348683601,0.017657216,0.042701099,0.005838840
1,10,26171904,67,12.061542413,0.017657216,0.042701099,0.005728691
6,10,26171904,67,13.033566800,0.017657216,0.042701099,0.006237230
7,10,26171904,67,37.897913199,0.017657216,0.042701099,0.006346745
8,10,26171904,67,76.009580045,0.017657216,0.042701099,0.000005291
4,10,26171904,67,0.751119800,0.017657216,0.012347377,0.005581220
3,10,26171904,67,1.013253131,0.017657216,0.012347377,0.006662432
5,10,26171904,67,3.945420619,0.017657216,0.012347377,0.006208846
2,10,26171904,67,5.280775276,0.017657216,0.012347377,0.005187884
9,10,26171904,67,8.489566966,0.017657216,0.012347377,0.006368484
10,10,26171904,67,9.348683601,0.017657216,0.012347377,0.006025853
1,10,26171904,67,12.061542413,0.017657216,0.012347377,0.005915559
6,10,26171904,67,13.033566800,0.017657216,0.012347377,0.006110435
7,10,26171904,67,37.897913199,0.017657216,0.012347377,0.005653497
8,10,26171904,67,76.009580045,0.017657216,0.012347377,0.000005291
4,10,26171904,67,0.751119800,0.017657216,0.047882225,0.006051812
3,10,26171904,67,1.013253131,0.017657216,0.047882225,0.005390938
5,10,26171904,67,3.945420619,0.017657216,0.047882225,0.005552283
2,10,26171904,67,5.280775276,0.017657216,0.047882225,0.004976247
9,10,26171904,67,8.489566966,0.017657216,0.047882225,0.005774340
10,10,26171904,67,9.348683601,0.017657216,0.047882225,0.006043212
1,10,26171904,67,12.061542413,0.017657216,0.047882225,0.005282554
6,10,26171904,67,13.033566800,0.017657216,0.047882225,0.006040946
7,10,26171904,67,37.897913199,0.017657216,0.047882225,0.005826777
8,10,26171904,67,76.009580045,0.017657216,0.047882225,0.000005291
1,11,26171904,67,0.387603278,0.017657216,0.061375685,0.005626670
5,11,26171904,67,0.587382010,0.017657216,0.061375685,0.006299371
8,11,26171904,67,1.382788160,0.017657216,0.061375685,0.005990872
2,11,26171904,67,1.933771665,0.017657216,0.061375685,0.005426212
4,11,26171904,67,2.049694743,0.017657216,0.061375685,0.006124686
7,11,26171904,67,2.278169307,0.017657216,0.061375685,0.006603206
9,11,26171904,67,2.789808419,0.017657216,0.061375685,0.005673525
10,11,26171904,67,3.626888367,0.017657216,0.061375685,0.005761131
3,11,26171904,67,18.487478014,0.017657216,0.061375685,0.005844594
6,11,26171904,67,21.491169638,0.017657216,0.061375685,0.000005291
1,11,26171904,67,0.387603278,0.017657216,0.051680584,0.006506247
5,11,26171904,67,0.587382010,0.017657216,0.051680584,0.006046880
8,11,26171904,67,1.382788160,0.017657216,0.051680584,0.005732395
2,11,26171904,67,1.933771665,0.017657216,0.051680584,0.006326286
4,11,26171904,67,2.049694743,0.017657216,0.051680584,0.005538539
7,11,26171904,67,2.278169307,0.017657216,0.051680584,0.006599079
9,11,26171904,67,2.789808419,0.017657216,0.051680584,0.005963723
10,11,26171904,67,3.626888367,0.017657216,0.051680584,0.005450967
3,11,26171904,67,18.487478014,0.017657216,0.051680584,0.006365973
6,11,26171904,67,21.491169638,0.017657216,0.051680584,0.000005291
1,11,26171904,67,0.387603278,0.017657216,0.014650271,0.006120694
5,11,26171904,67,0.587382010,0.017657216,0.014650271,0.005812924
8,11,26171904,67,1.382788160,0.017657216,0.014650271,0.006107888
2,11,26171904,67,1.933771665,0.017657216,0.014650271,0.006469374
4,11,26171904,67,2.049694743,0.017657216,0.014650271,0.006207467
7,11,26171904,67,2.278169307,0.017657216,0.014650271,0.006583467
9,11,26171904,67,2.789808419,0.017657216,0.014650271,0.006127474
10,11,26171904,67,3.626888367,0.017657216,0.014650271,0.006190119
3,11,26171904,67,18.487478014,0.017657216,0.014650271,0.006024932
6,11,26171904,67,21.491169638,0.017657216,0.014650271,0.000005291
1,11,26171904,67,0.387603278,0.017657216,0.023981310,0.005807929
5,11,26171904,67,0.587382010,0.017657216,0.023981310,0.005907924
8,11,26171904,67,1.382788160,0.017657216,0.023981310,0.006190836
2,11,26171904,67,1.933771665,0.017657216,0.023981310,0.006426983
4,11,26171904,67,2.049694743,0.017657216,0.023981310,0.004957360
7,11,26171904,67,2.278169307,0.017657216,0.023981310,0.006268952
9,11,26171904,67,2.789808419,0.017657216,0.023981310,0.006182933
10,11,26171904,67,3.626888367,0.017657216,0.023981310,0.005511858
3,11,26171904,67,18.487478014,0.017657216,0.023981310,0.005970446
6,11,26171904,67,21.491169638,0.017657216,0.023981310,0.000005291
1,11,26171904,67,0.387603278,0.017657216,0.000130231,0.005371153
5,11,26171904,67,0.587382010,0.017657216,0.000130231,0.004943563
8,11,26171904,67,1.382788160,0.017657216,0.000130231,0.006565516
2,11,26171904,67,1.933771665,0.017657216,0.000130231,0.005246764
4,11,26171904,67,2.049694743,0.017657216,0.000130231,0.005753917
7,11,26171904,67,2.278169307,0.017657216,0.000130231,0.005913062
9,11,26171904,67,2.789808419,0.017657216,0.000130231,0.006094233
10,11,26171904,67,3.626888367,0.017657216,0.000130231,0.006003980
3,11,26171904,67,18.487478014,0.017657216,0.000130231,0.005715173
6,11,26171904,67,21.491169638,0.017657216,0.000130231,0.000005291
1,12,26171904,67,0.820450821,0.017657216,0.031021185,0.005392295
7,12,26171904,67,1.242847201,0.017657216,0.031021185,0.006490084
3,12,26171904,67,2.229664033,0.017657216,0.031021185,0.006221817
10,12,26171904,67,3.379563963,0.017657216,0.031021185,0.005909986
9,12,26171904,67,4.693622927,0.017657216,0.031021185,0.006364164
4,12,26171904,67,6.970204604,0.017657216,0.031021185,0.006658282
5,12,26171904,67,7.535369515,0.017657216,0.031021185,0.006194628
6,12,26171904,67,8.091729008,0.017657216,0.031021185,0.006035401
2,12,26171904,67,10.888500769,0.017657216,0.031021185,0.005315822
8,12,26171904,67,18.274107815,0.017657216,0.031021185,0.000005291
1,12,26171904,67,0.820450821,0.017657216,0.027743619,0.005682014
7,12,26171904,67,1.242847201,0.017657216,0.027743619,0.006078554
3,12,26171904,67,2.229664033,0.017657216,0.027743619,0.006290144
10,12,26171904,67,3.379563963,0.017657216,0.027743619,0.005705095
9,12,26171904,67,4.693622927,0.017657216,0.027743619,0.005795134
4,12,26171904,67,6.970204604,0.017657216,0.027743619,0.005664144
5,12,26171904,67,7.535369515,0.017657216,0.027743619,0.005895908
6,12,26171904,67,8.091729008,0.017657216,0.027743619,0.006242482
2,12,26171904,67,10.888500769,0.017657216,0.027743619,0.005451229
8,12,26171904,67,18.274107815,0.017657216,0.027743619,0.000005291
1,12,26171904,67,0.820450821,0.017657216,0.177372545,0.005666525
7,12,26171904,67,1.242847201,0.017657216,0.177372545,0.005213394
3,12,26171904,67,2.229664033,0.017657216,0.177372545,0.005692066
10,12,26171904,67,3.379563963,0.017657216,0.177372545,0.005369970
9,12,26171904,67,4.693622927,0.017657216,0.177372545,0.005610135
4,12,26171904,67,6.970204604,0.017657216,0.177372545,0.006283744
5,12,26171904,67,7.535369515,0.017657216,0.177372545,0.006670050
6,12,26171904,67,8.091729008,0.017657216,0.177372545,0.006272902
2,12,26171904,67,10.888500769,0.017657216,0.177372545,0.006067342
8,12,26171904,67,18.274107815,0.017657216,0.177372545,0.000005291
1,12,26171904,67,0.820450821,0.017657216,0.072561368,0.006156278
7,12,26171904,67,1.242847201,0.017657216,0.072561368,0.006231290
3,12,26171904,67,2.229664033,0.017657216,0.072561368,0.006287904
10,12,26171904,67,3.379563963,0.017657216,0.072561368,0.006208952
9,12,26171904,67,4.693622927,0.017657216,0.072561368,0.005564178
4,12,26171904,67,6.970204604,0.017657216,0.072561368,0.006356000
5,12,26171904,67,7.535369515,0.017657216,0.072561368,0.005570262
6,12,26171904,67,8.091729008,0.017657216,0.072561368,0.006812608
2,12,26171904,67,10.888500769,0.017657216,0.072561368,0.006327897
8,12,26171904,67,18.274107815,0.017657216,0.072561368,0.000005291
1,12,26171904,67,0.820450821,0.017657216,0.055809457,0.005021920
7,12,26171904,67,1.242847201,0.017657216,0.055809457,0.005978903
3,12,26171904,67,2.229664033,0.017657216,0.055809457,0.005065705
10,12,26171904,67,3.379563963,0.017657216,0.055809457,0.005904382
9,12,26171904,67,4.693622927,0.017657216,0.055809457,0.005780389
4,12,26171904,67,6.970204604,0.017657216,0.055809457,0.005897992
5,12,26171904,67,7.535369515,0.017657216,0.055809457,0.006025863
6,12,26171904,67,8.091729008,0.017657216,0.055809457,0.005396103
2,12,26171904,67,10.888500769,0.017657216,0.055809457,0.005619010
8,12,26171904,67,18.274107815,0.017657216,0.055809457,0.000005291
2,13,26171904,67,0.345984255,0.017657216,0.001682892,0.006641575
9,13,26171904,67,1.018339356,0.017657216,0.001682892,0.005998559
3,13,26171904,67,1.134459824,0.017657216,0.001682892,0.005498655
7,13,26171904,67,1.231968757,0.017657216,0.001682892,0.006014854
6,13,26171904,67,2.419082402,0.017657216,0.001682892,0.005780595
5,13,26171904,67,3.285204624,0.017657216,0.001682892,0.006082453
4,13,26171904,67,6.512859271,0.017657216,0.001682892,0.006684387
8,13,26171904,67,8.381294631,0.017657216,0.001682892,0.006269589
10,13,26171904,67,24.460606093,0.017657216,0.001682892,0.006336796
1,13,26171904,67,25.584000458,0.017657216,0.001682892,0.000005291
2,13,26171904,67,0.345984255,0.017657216,0.064157657,0.005418411
9,13,26171904,67,1.018339356,0.017657216,0.064157657,0.005819492
3,13,26171904,67,1.134459824,0.017657216,0.064157657,0.005704826
7,13,26171904,67,1.231968757,0.017657216,0.064157657,0.005741419
6,13,26171904,67,2.419082402,0.017657216,0.064157657,0.006293949
5,13,26171904,67,3.285204624,0.017657216,0.064157657,0.006249733
4,13,26171904,67,6.512859271,0.017657216,0.064157657,0.005537245
8,13,26171904,67,8.381294631,0.017657216,0.064157657,0.006073423
10,13,26171904,67,24.460606093,0.017657216,0.064157657,0.005928007
1,13,26171904,67,25.584000458,0.017657216,0.064157657,0.000005291
2,13,26171904,67,0.345984255,0.017657216,0.129867435,0.005631822
9,13,26171904,67,1.018339356,0.017657216,0.129867435,0.005842971
3,13,26171904,67,1.134459824,0.017657216,0.129867435,0.006212403
7,13,26171904,67,1.231968757,0.017657216,0.129867435,0.006424530
6,13,26171904,67,2.419082402,0.017657216,0.129867435,0.006131687
5,13,26171904,67,3.285204624,0.017657216,0.129867435,0.005415500
4,13,26171904,67,6.512859271,0.017657216,0.129867435,0.005937358
8,13,26171904,67,8.381294631,0.017657216,0.129867435,0.006129455
10,13,26171904,67,24.460606093,0.017657216,0.129867435,0.006084970
1,13,26171904,67,25.584000458,0.017657216,0.129867435,0.000005291
2,13,26171904,67,0.345984255,0.017657216,0.009722637,0.005894315
9,13,26171904,67,1.018339356,0.017657216,0.009722637,0.005791001
3,13,26171904,67,1.134459824,0.017657216,0.009722637,0.006173255
7,13,26171904,67,1.231968757,0.017657216,0.009722637,0.005975640
6,13,26171904,67,2.419082402,0.017657216,0.009722637,0.006048901
5,13,26171904,67,3.285204624,0.017657216,0.009722637,0.005247623
4,13,26171904,67,6.512859271,0.017657216,0.009722637,0.005500780
8,13,26171904,67,8.381294631,0.017657216,0.009722637,0.005673877
10,13,26171904,67,24.460606093,0.017657216,0.009722637,0.006191521
1,13,26171904,67,25.584000458,0.017657216,0.009722637,0.000005291
2,13,26171904,67,0.345984255,0.017657216,0.050751552,0.005836394
9,13,26171904,67,1.018339356,0.017657216,0.050751552,0.006305326
3,13,26171904,67,1.134459824,0.017657216,0.050751552,0.005318649
7,13,26171904,67,1.231968757,0.017657216,0.050751552,0.006202995
6,13,26171904,67,2.419082402,0.017657216,0.050751552,0.005482575
5,13,26171904,67,3.285204624,0.017657216,0.050751552,0.005114953
4,13,26171904,67,6.512859271,0.017657216,0.050751552,0.006378802
8,13,26171904,67,8.381294631,0.017657216,0.050751552,0.006066142
10,13,26171904,67,24.460606093,0.017657216,0.050751552,0.006030225
1,13,26171904,67,25.584000458,0.017657216,0.050751552,0.000005291
8,14,26171904,67,1.013253131,0.017657216,0.001504146,0.005154242
1,14,26171904,67,1.933771665,0.017657216,0.001504146,0.005867029
6,14,26171904,67,2.229664033,0.017657216,0.001504146,0.005288815
2,14,26171904,67,2.278169307,0.017657216,0.001504146,0.006400525
5,14,26171904,67,6.512859271,0.017657216,0.001504146,0.005788685
7,14,26171904,67,7.312411410,0.017657216,0.001504146,0.005958592
4,14,26171904,67,12.061542413,0.017657216,0.001504146,0.005897629
10,14,26171904,67,12.638365559,0.017657216,0.001504146,0.005853589
3,14,26171904,67,18.271122048,0.017657216,0.001504146,0.006594230
9,14,26171904,67,37.897913199,0.017657216,0.001504146,0.000005291
8,14,26171904,67,1.013253131,0.017657216,0.005831256,0.006284388
1,14,26171904,67,1.933771665,0.017657216,0.005831256,0.006258119
6,14,26171904,67,2.229664033,0.017657216,0.005831256,0.005258389
2,14,26171904,67,2.278169307,0.017657216,0.005831256,0.005660206
5,14,26171904,67,6.512859271,0.017657216,0.005831256,0.005601279
7,14,26171904,67,7.312411410,0.017657216,0.005831256,0.005758554
4,14,26171904,67,12.061542413,0.017657216,0.005831256,0.006174341
10,14,26171904,67,12.638365559,0.017657216,0.005831256,0.005824555
3,14,26171904,67,18.271122048,0.017657216,0.005831256,0.005992172
9,14,26171904,67,37.897913199,0.017657216,0.005831256,0.000005291
8,14,26171904,67,1.013253131,0.017657216,0.082419798,0.005389961
1,14,26171904,67,1.933771665,0.017657216,0.082419798,0.005529543
6,14,26171904,67,2.229664033,0.017657216,0.082419798,0.006188468
2,14,26171904,67,2.278169307,0.017657216,0.082419798,0.005386092
5,14,26171904,67,6.512859271,0.017657216,0.082419798,0.006144974
7,14,26171904,67,7.312411410,0.017657216,0.082419798,0.006295522
4,14,26171904,67,12.061542413,0.017657216,0.082419798,0.005056962
10,14,26171904,67,12.638365559,0.017657216,0.082419798,0.005984180
3,14,26171904,67,18.271122048,0.017657216,0.082419798,0.006193605
9,14,26171904,67,37.897913199,0.017657216,0.082419798,0.000005291
8,14,26171904,67,1.013253131,0.017657216,0.012951049,0.005863757
1,14,26171904,67,1.933771665,0.017657216,0.012951049,0.006342876
6,14,26171904,67,2.229664033,0.017657216,0.012951049,0.005771492
2,14,26171904,67,2.278169307,0.017657216,0.012951049,0.006092790
5,14,26171904,67,6.512859271,0.017657216,0.012951049,0.006061728
7,14,26171904,67,7.312411410,0.017657216,0.012951049,0.006140014
4,14,26171904,67,12.061542413,0.017657216,0.012951049,0.005970130
10,14,26171904,67,12.638365559,0.017657216,0.012951049,0.006241238
3,14,26171904,67,18.271122048,0.017657216,0.012951049,0.006176811
9,14,26171904,67,37.897913199,0.017657216,0.012951049,0.000005291
8,14,26171904,67,1.013253131,0.017657216,0.079335630,0.006239337
1,14,26171904,67,1.933771665,0.017657216,0.079335630,0.005923664
6,14,26171904,67,2.229664033,0.017657216,0.079335630,0.006329058
2,14,26171904,67,2.278169307,0.017657216,0.079335630,0.006545114
5,14,26171904,67,6.512859271,0.017657216,0.079335630,0.005316757
7,14,26171904,67,7.312411410,0.017657216,0.079335630,0.005788832
4,14,26171904,67,12.061542413,0.017657216,0.079335630,0.006580981
10,14,26171904,67,12.638365559,0.017657216,0.079335630,0.005871094
3,14,26171904,67,18.271122048,0.017657216,0.079335630,0.006437230
9,14,26171904,67,37.897913199,0.017657216,0.079335630,0.000005291
7,15,26171904,67,0.820450821,0.017657216,0.025292266,0.006560715
9,15,26171904,67,1.134459824,0.017657216,0.025292266,0.006076090
6,15,26171904,67,2.049694743,0.017657216,0.025292266,0.005796714
4,15,26171904,67,4.613387410,0.017657216,0.025292266,0.006060916
5,15,26171904,67,4.693622927,0.017657216,0.025292266,0.005798308
10,15,26171904,67,9.348683601,0.017657216,0.025292266,0.005973838
2,15,26171904,67,10.888500769,0.017657216,0.025292266,0.006740383
1,15,26171904,67,18.274107815,0.017657216,0.025292266,0.005792982
3,15,26171904,67,20.960390404,0.017657216,0.025292266,0.006250820
8,15,26171904,67,21.491169638,0.017657216,0.025292266,0.000005291
7,15,26171904,67,0.820450821,0.017657216,0.051119324,0.005504939
9,15,26171904,67,1.134459824,0.017657216,0.051119324,0.005167499
6,15,26171904,67,2.049694743,0.017657216,0.051119324,0.006259617
4,15,26171904,67,4.613387410,0.017657216,0.051119324,0.005801418
5,15,26171904,67,4.693622927,0.017657216,0.051119324,0.005372320
10,15,26171904,67,9.348683601,0.017657216,0.051119324,0.005511655
2,15,26171904,67,10.888500769,0.017657216,0.051119324,0.006049729
1,15,26171904,67,18.274107815,0.017657216,0.051119324,0.005592434
3,15,26171904,67,20.960390404,0.017657216,0.051119324,0.006371067
8,15,26171904,67,21.491169638,0.017657216,0.051119324,0.000005291
7,15,26171904,67,0.820450821,0.017657216,0.042434566,0.006494363
9,15,26171904,67,1.134459824,0.017657216,0.042434566,0.006294738
6,15,26171904,67,2.049694743,0.017657216,0.042434566,0.006265010
4,15,26171904,67,4.613387410,0.017657216,0.042434566,0.005879894
5,15,26171904,67,4.693622927,0.017657216,0.042434566,0.006189998
10,15,26171904,67,9.348683601,0.017657216,0.042434566,0.005389579
2,15,26171904,67,10.888500769,0.017657216,0.042434566,0.006216989
1,15,26171904,67,18.274107815,0.017657216,0.042434566,0.006536294
3,15,26171904,67,20.960390404,0.017657216,0.042434566,0.005805809
8,15,26171904,67,21.491169638,0.017657216,0.042434566,0.000005291
7,15,26171904,67,0.820450821,0.017657216,0.063271135,0.006026889
9,15,26171904,67,1.134459824,0.017657216,0.063271135,0.006019464
6,15,26171904,67,2.049694743,0.017657216,0.063271135,0.006272074
4,15,26171904,67,4.613387410,0.017657216,0.063271135,0.005318111
5,15,26171904,67,4.693622927,0.017657216,0.063271135,0.005651669
10,15,26171904,67,9.348683601,0.017657216,0.063271135,0.005961874
2,15,26171904,67,10.888500769,0.017657216,0.063271135,0.006066151
1,15,26171904,67,18.274107815,0.017657216,0.063271135,0.005563076
3,15,26171904,67,20.960390404,0.017657216,0.063271135,0.005658229
8,15,26171904,67,21.491169638,0.017657216,0.063271135,0.000005291
7,15,26171904,67,0.820450821,0.017657216,0.089146398,0.006694693
9,15,26171904,67,1.134459824,0.017657216,0.089146398,0.005930486
6,15,26171904,67,2.049694743,0.017657216,0.089146398,0.005367919
4,15,26171904,67,4.613387410,0.017657216,0.089146398,0.006350416
5,15,26171904,67,4.693622927,0.017657216,0.089146398,0.005785856
10,15,26171904,67,9.348683601,0.017657216,0.089146398,0.005495212
2,15,26171904,67,10.888500769,0.017657216,0.089146398,0.005967481
1,15,26171904,67,18.274107815,0.017657216,0.089146398,0.006351584
3,15,26171904,67,20.960390404,0.017657216,0.089146398,0.005905232
8,15,26171904,67,21.491169638,0.017657216,0.089146398,0.000005291
8,16,26171904,67,1.242847201,0.017657216,0.011667388,0.005127642
4,16,26171904,67,3.285204624,0.017657216,0.011667388,0.005474098
6,16,26171904,67,3.379563963,0.017657216,0.011667388,0.006276463
5,16,26171904,67,3.626888367,0.017657216,0.011667388,0.006451527
7,16,26171904,67,7.312411410,0.017657216,0.011667388,0.005475657
9,16,26171904,67,8.489566966,0.017657216,0.011667388,0.006234651
3,16,26171904,67,18.271122048,0.017657216,0.011667388,0.005446098
10,16,26171904,67,18.487478014,0.017657216,0.011667388,0.005666290
1,16,26171904,67,24.460606093,0.017657216,0.011667388,0.006522912
2,16,26171904,67,25.584000458,0.017657216,0.011667388,0.000005291
8,16,26171904,67,1.242847201,0.017657216,0.064730704,0.006277699
4,16,26171904,67,3.285204624,0.017657216,0.064730704,0.005523396
6,16,26171904,67,3.379563963,0.017657216,0.064730704,0.005117365
5,16,26171904,67,3.626888367,0.017657216,0.064730704,0.006295518
7,16,26171904,67,7.312411410,0.017657216,0.064730704,0.005570070
9,16,26171904,67,8.489566966,0.017657216,0.064730704,0.005773938
3,16,26171904,67,18.271122048,0.017657216,0.064730704,0.006292491
10,16,26171904,67,18.487478014,0.017657216,0.064730704,0.005764915
1,16,26171904,67,24.460606093,0.017657216,0.064730704,0.005576901
2,16,26171904,67,25.584000458,0.017657216,0.064730704,0.000005291
8,16,26171904,67,1.242847201,0.017657216,0.332878917,0.005494209
4,16,26171904,67,3.285204624,0.017657216,0.332878917,0.005983607
6,16,26171904,67,3.379563963,0.017657216,0.332878917,0.005647302
5,16,26171904,67,3.626888367,0.017657216,0.332878917,0.006200539
7,16,26171904,67,7.312411410,0.017657216,0.332878917,0.005096050
9,16,26171904,67,8.489566966,0.017657216,0.332878917,0.006391179
3,16,26171904,67,18.271122048,0.017657216,0.332878917,0.004775276
10,16,26171904,67,18.487478014,0.017657216,0.332878917,0.005703314
1,16,26171904,67,24.460606093,0.017657216,0.332878917,0.005827024
2,16,26171904,67,25.584000458,0.017657216,0.332878917,0.000005291
8,16,26171904,67,1.242847201,0.017657216,0.158322453,0.006726324
4,16,26171904,67,3.285204624,0.017657216,0.158322453,0.005475997
6,16,26171904,67,3.379563963,0.017657216,0.158322453,0.006321197
5,16,26171904,67,3.626888367,0.017657216,0.158322453,0.006111445
7,16,26171904,67,7.312411410,0.017657216,0.158322453,0.005770868
9,16,26171904,67,8.489566966,0.017657216,0.158322453,0.006141685
3,16,26171904,67,18.271122048,0.017657216,0.158322453,0.006422365
10,16,26171904,67,18.487478014,0.017657216,0.158322453,0.006307933
1,16,26171904,67,24.460606093,0.017657216,0.158322453,0.006265868
2,16,26171904,67,25.584000458,0.017657216,0.158322453,0.000005291
8,16,26171904,67,1.242847201,0.017657216,0.257697672,0.006107953
4,16,26171904,67,3.285204624,0.017657216,0.257697672,0.005628313
6,16,26171904,67,3.379563963,0.017657216,0.257697672,0.006050770
5,16,26171904,67,3.626888367,0.017657216,0.257697672,0.005902984
7,16,26171904,67,7.312411410,0.017657216,0.257697672,0.005730354
9,16,26171904,67,8.489566966,0.017657216,0.257697672,0.005878408
3,16,26171904,67,18.271122048,0.017657216,0.257697672,0.006037184
10,16,26171904,67,18.487478014,0.017657216,0.257697672,0.006303277
1,16,26171904,67,24.460606093,0.017657216,0.257697672,0.006476399
2,16,26171904,67,25.584000458,0.017657216,0.257697672,0.000005291
5,17,26171904,67,0.345984255,0.017657216,0.019130608,0.005695443
7,17,26171904,67,0.587382010,0.017657216,0.019130608,0.006165855
1,17,26171904,67,0.751119800,0.017657216,0.019130608,0.006131182
10,17,26171904,67,1.018339356,0.017657216,0.019130608,0.006164790
6,17,26171904,67,5.438118088,0.017657216,0.019130608,0.005479371
3,17,26171904,67,6.970204604,0.017657216,0.019130608,0.005711741
4,17,26171904,67,7.535369515,0.017657216,0.019130608,0.005742133
9,17,26171904,67,8.091729008,0.017657216,0.019130608,0.005637713
2,17,26171904,67,13.033566800,0.017657216,0.019130608,0.005239339
8,17,26171904,67,76.009580045,0.017657216,0.019130608,0.000005291
5,17,26171904,67,0.345984255,0.017657216,0.177073941,0.005501276
7,17,26171904,67,0.587382010,0.017657216,0.177073941,0.006208445
1,17,26171904,67,0.751119800,0.017657216,0.177073941,0.005888316
10,17,26171904,67,1.018339356,0.017657216,0.177073941,0.006102489
6,17,26171904,67,5.438118088,0.017657216,0.177073941,0.005902813
3,17,26171904,67,6.970204604,0.017657216,0.177073941,0.005896617
4,17,26171904,67,7.535369515,0.017657216,0.177073941,0.005670421
9,17,26171904,67,8.091729008,0.017657216,0.177073941,0.006309857
2,17,26171904,67,13.033566800,0.017657216,0.177073941,0.005418257
8,17,26171904,67,76.009580045,0.017657216,0.177073941,0.000005291
5,17,26171904,67,0.345984255,0.017657216,0.002896556,0.005904850
7,17,26171904,67,0.587382010,0.017657216,0.002896556,0.005700907
1,17,26171904,67,0.751119800,0.017657216,0.002896556,0.006480281
10,17,26171904,67,1.018339356,0.017657216,0.002896556,0.006328427
6,17,26171904,67,5.438118088,0.017657216,0.002896556,0.005844420
3,17,26171904,67,6.970204604,0.017657216,0.002896556,0.005734497
4,17,26171904,67,7.535369515,0.017657216,0.002896556,0.005667609
9,17,26171904,67,8.091729008,0.017657216,0.002896556,0.005681831
2,17,26171904,67,13.033566800,0.017657216,0.002896556,0.006308438
8,17,26171904,67,76.009580045,0.017657216,0.002896556,0.000005291
5,17,26171904,67,0.345984255,0.017657216,0.155615687,0.006036973
7,17,26171904,67,0.587382010,0.017657216,0.155615687,0.006062250
1,17,26171904,67,0.751119800,0.017657216,0.155615687,0.005558221
10,17,26171904,67,1.018339356,0.017657216,0.155615687,0.005798087
6,17,26171904,67,5.438118088,0.017657216,0.155615687,0.005309965
3,17,26171904,67,6.970204604,0.017657216,0.155615687,0.006076378
4,17,26171904,67,7.535369515,0.017657216,0.155615687,0.006260190
9,17,26171904,67,8.091729008,0.017657216,0.155615687,0.005410994
2,17,26171904,67,13.033566800,0.017657216,0.155615687,0.005746027
8,17,26171904,67,76.009580045,0.017657216,0.155615687,0.000005291
5,17,26171904,67,0.345984255,0.017657216,0.035347912,0.005852352
7,17,26171904,67,0.587382010,0.017657216,0.035347912,0.006453004
1,17,26171904,67,0.751119800,0.017657216,0.035347912,0.005119904
10,17,26171904,67,1.018339356,0.017657216,0.035347912,0.006334031
6,17,26171904,67,5.438118088,0.017657216,0.035347912,0.006341306
3,17,26171904,67,6.970204604,0.017657216,0.035347912,0.005678141
4,17,26171904,67,7.535369515,0.017657216,0.035347912,0.006063613
9,17,26171904,67,8.091729008,0.017657216,0.035347912,0.005882749
2,17,26171904,67,13.033566800,0.017657216,0.035347912,0.004784362
8,17,26171904,67,76.009580045,0.017657216,0.035347912,0.000005291
7,18,26171904,67,0.387603278,0.017657216,0.010359298,0.005874632
5,18,26171904,67,1.134459824,0.017657216,0.010359298,0.005789543
9,18,26171904,67,1.231968757,0.017657216,0.010359298,0.006312345
1,18,26171904,67,1.382788160,0.017657216,0.010359298,0.006412776
8,18,26171904,67,2.419082402,0.017657216,0.010359298,0.005825018
3,18,26171904,67,2.789808419,0.017657216,0.010359298,0.006083347
4,18,26171904,67,3.945420619,0.017657216,0.010359298,0.005825139
10,18,26171904,67,5.280775276,0.017657216,0.010359298,0.005993069
2,18,26171904,67,8.381294631,0.017657216,0.010359298,0.005965789
6,18,26171904,67,12.638365559,0.017657216,0.010359298,0.000005291
7,18,26171904,67,0.387603278,0.017657216,0.149005130,0.004763247
5,18,26171904,67,1.134459824,0.017657216,0.149005130,0.006323522
9,18,26171904,67,1.231968757,0.017657216,0.149005130,0.005590241
1,18,26171904,67,1.382788160,0.017657216,0.149005130,0.005765823
8,18,26171904,67,2.419082402,0.017657216,0.149005130,0.006235933
3,18,26171904,67,2.789808419,0.017657216,0.149005130,0.006187944
4,18,26171904,67,3.945420619,0.017657216,0.149005130,0.005571651
10,18,26171904,67,5.280775276,0.017657216,0.149005130,0.005843770
2,18,26171904,67,8.381294631,0.017657216,0.149005130,0.005678942
6,18,26171904,67,12.638365559,0.017657216,0.149005130,0.000005291
7,18,26171904,67,0.387603278,0.017657216,0.082043976,0.006297538
5,18,26171904,67,1.134459824,0.017657216,0.082043976,0.006279586
9,18,26171904,67,1.231968757,0.017657216,0.082043976,0.005275055
1,18,26171904,67,1.382788160,0.017657216,0.082043976,0.006178412
8,18,26171904,67,2.419082402,0.017657216,0.082043976,0.005852357
3,18,26171904,67,2.789808419,0.017657216,0.082043976,0.006422630
4,18,26171904,67,3.945420619,0.017657216,0.082043976,0.005495819
10,18,26171904,67,5.280775276,0.017657216,0.082043976,0.005955222
2,18,26171904,67,8.381294631,0.017657216,0.082043976,0.006636837
6,18,26171904,67,12.638365559,0.017657216,0.082043976,0.000005291
7,18,26171904,67,0.387603278,0.017657216,0.012504131,0.005921230
5,18,26171904,67,1.134459824,0.017657216,0.012504131,0.005725949
9,18,26171904,67,1.231968757,0.017657216,0.012504131,0.006053494
1,18,26171904,67,1.382788160,0.017657216,0.012504131,0.006050639
8,18,26171904,67,2.419082402,0.017657216,0.012504131,0.006259841
3,18,26171904,67,2.789808419,0.017657216,0.012504131,0.005671279
4,18,26171904,67,3.945420619,0.017657216,0.012504131,0.005837148
10,18,26171904,67,5.280775276,0.017657216,0.012504131,0.006016305
2,18,26171904,67,8.381294631,0.017657216,0.012504131,0.006338450
6,18,26171904,67,12.638365559,0.017657216,0.012504131,0.000005291
7,18,26171904,67,0.387603278,0.017657216,0.047232166,0.005824556
5,18,26171904,67,1.134459824,0.017657216,0.047232166,0.006218098
9,18,26171904,67,1.231968757,0.017657216,0.047232166,0.006032320
1,18,26171904,67,1.382788160,0.017657216,0.047232166,0.006031010
8,18,26171904,67,2.419082402,0.017657216,0.047232166,0.005321807
3,18,26171904,67,2.789808419,0.017657216,0.047232166,0.006561508
4,18,26171904,67,3.945420619,0.017657216,0.047232166,0.006613416
10,18,26171904,67,5.280775276,0.017657216,0.047232166,0.005443444
2,18,26171904,67,8.381294631,0.017657216,0.047232166,0.005991507
6,18,26171904,67,12.638365559,0.017657216,0.047232166,0.000005291
1,19,26171904,67,0.820450821,0.017657216,0.026896151,0.006499841
7,19,26171904,67,2.419082402,0.017657216,0.026896151,0.006101811
8,19,26171904,67,2.789808419,0.017657216,0.026896151,0.005816514
3,19,26171904,67,3.379563963,0.017657216,0.026896151,0.006151599
6,19,26171904,67,6.970204604,0.017657216,0.026896151,0.006164211
2,19,26171904,67,18.271122048,0.017657216,0.026896151,0.005899214
4,19,26171904,67,18.487478014,0.017657216,0.026896151,0.006651027
5,19,26171904,67,20.960390404,0.017657216,0.026896151,0.005840542
9,19,26171904,67,24.460606093,0.017657216,0.026896151,0.005688979
10,19,26171904,67,25.584000458,0.017657216,0.026896151,0.000005291
1,19,26171904,67,0.820450821,0.017657216,0.057038259,0.005763030
7,19,26171904,67,2.419082402,0.017657216,0.057038259,0.005904232
8,19,26171904,67,2.789808419,0.017657216,0.057038259,0.006218908
3,19,26171904,67,3.379563963,0.017657216,0.057038259,0.006607445
6,19,26171904,67,6.970204604,0.017657216,0.057038259,0.006133105
2,19,26171904,67,18.271122048,0.017657216,0.057038259,0.005684829
4,19,26171904,67,18.487478014,0.017657216,0.057038259,0.005854819
5,19,26171904,67,20.960390404,0.017657216,0.057038259,0.005593167
9,19,26171904,67,24.460606093,0.017657216,0.057038259,0.005641484
10,19,26171904,67,25.584000458,0.017657216,0.057038259,0.000005291
1,19,26171904,67,0.820450821,0.017657216,0.029858887,0.005657647
7,19,26171904,67,2.419082402,0.017657216,0.029858887,0.006078419
8,19,26171904,67,2.789808419,0.017657216,0.029858887,0.005751574
3,19,26171904,67,3.379563963,0.017657216,0.029858887,0.006288520
6,19,26171904,67,6.970204604,0.017657216,0.029858887,0.005007013
2,19,26171904,67,18.271122048,0.017657216,0.029858887,0.006025296
4,19,26171904,67,18.487478014,0.017657216,0.029858887,0.005813498
5,19,26171904,67,20.960390404,0.017657216,0.029858887,0.005646002
9,19,26171904,67,24.460606093,0.017657216,0.029858887,0.005976801
10,19,26171904,67,25.584000458,0.017657216,0.029858887,0.000005291
1,19,26171904,67,0.820450821,0.017657216,0.022731600,0.005929701
7,19,26171904,67,2.419082402,0.017657216,0.022731600,0.005505065
8,19,26171904,67,2.789808419,0.017657216,0.022731600,0.006070387
3,19,26171904,67,3.379563963,0.017657216,0.022731600,0.005625325
6,19,26171904,67,6.970204604,0.017657216,0.022731600,0.006093032
2,19,26171904,67,18.271122048,0.017657216,0.022731600,0.005619617
4,19,26171904,67,18.487478014,0.017657216,0.022731600,0.005548194
5,19,26171904,67,20.960390404,0.017657216,0.022731600,0.006460097
9,19,26171904,67,24.460606093,0.017657216,0.022731600,0.006007501
10,19,26171904,67,25.584000458,0.017657216,0.022731600,0.000005291
1,19,26171904,67,0.820450821,0.017657216,0.044249788,0.005532064
7,19,26171904,67,2.419082402,0.017657216,0.044249788,0.006470348
8,19,26171904,67,2.789808419,0.017657216,0.044249788,0.005333391
3,19,26171904,67,3.379563963,0.017657216,0.044249788,0.005241179
6,19,26171904,67,6.970204604,0.017657216,0.044249788,0.005853413
2,19,26171904,67,18.271122048,0.017657216,0.044249788,0.006094871
4,19,26171904,67,18.487478014,0.017657216,0.044249788,0.006000352
5,19,26171904,67,20.960390404,0.017657216,0.044249788,0.006057420
9,19,26171904,67,24.460606093,0.017657216,0.044249788,0.005963446
10,19,26171904,67,25.584000458,0.017657216,0.044249788,0.000005291
6,20,26171904,67,1.242847201,0.017657216,0.111558087,0.006231309
4,20,26171904,67,2.278169307,0.017657216,0.111558087,0.006376585
3,20,26171904,67,4.613387410,0.017657216,0.111558087,0.005093654
5,20,26171904,67,5.438118088,0.017657216,0.111558087,0.006363396
7,20,26171904,67,6.512859271,0.017657216,0.111558087,0.005734450
2,20,26171904,67,8.381294631,0.017657216,0.111558087,0.006404315
10,20,26171904,67,10.888500769,0.017657216,0.111558087,0.006091784
9,20,26171904,67,12.061542413,0.017657216,0.111558087,0.005527759
8,20,26171904,67,21.491169638,0.017657216,0.111558087,0.006135823
1,20,26171904,67,76.009580045,0.017657216,0.111558087,0.000005291
6,20,26171904,67,1.242847201,0.017657216,0.303186566,0.006369612
4,20,26171904,67,2.278169307,0.017657216,0.303186566,0.005290525
3,20,26171904,67,4.613387410,0.017657216,0.303186566,0.005506079
5,20,26171904,67,5.438118088,0.017657216,0.303186566,0.005127159
7,20,26171904,67,6.512859271,0.017657216,0.303186566,0.006231759
2,20,26171904,67,8.381294631,0.017657216,0.303186566,0.006376057
10,20,26171904,67,10.888500769,0.017657216,0.303186566,0.006072556
9,20,26171904,67,12.061542413,0.017657216,0.303186566,0.006107315
8,20,26171904,67,21.491169638,0.017657216,0.303186566,0.005685399
1,20,26171904,67,76.009580045,0.017657216,0.303186566,0.000005291
6,20,26171904,67,1.242847201,0.017657216,0.048573088,0.005626586
4,20,26171904,67,2.278169307,0.017657216,0.048573088,0.005912505
3,20,26171904,67,4.613387410,0.017657216,0.048573088,0.006630350
5,20,26171904,67,5.438118088,0.017657216,0.048573088,0.006226596
7,20,26171904,67,6.512859271,0.017657216,0.048573088,0.005341302
2,20,26171904,67,8.381294631,0.017657216,0.048573088,0.005387925
10,20,26171904,67,10.888500769,0.017657216,0.048573088,0.006106946
9,20,26171904,67,12.061542413,0.017657216,0.048573088,0.005952541
8,20,26171904,67,21.491169638,0.017657216,0.048573088,0.005784981
1,20,26171904,67,76.009580045,0.017657216,0.048573088,0.000005291
6,20,26171904,67,1.242847201,0.017657216,0.034702651,0.005708634
4,20,26171904,67,2.278169307,0.017657216,0.034702651,0.005624886
3,20,26171904,67,4.613387410,0.017657216,0.034702651,0.006146535
5,20,26171904,67,5.438118088,0.017657216,0.034702651,0.005476869
7,20,26171904,67,6.512859271,0.017657216,0.034702651,0.006465149
2,20,26171904,67,8.381294631,0.017657216,0.034702651,0.006000349
10,20,26171904,67,10.888500769,0.017657216,0.034702651,0.005906885
9,20,26171904,67,12.061542413,0.017657216,0.034702651,0.006491564
8,20,26171904,67,21.491169638,0.017657216,0.034702651,0.005766576
1,20,26171904,67,76.009580045,0.017657216,0.034702651,0.000005291
6,20,26171904,67,1.242847201,0.017657216,0.125163943,0.006363187
4,20,26171904,67,2.278169307,0.017657216,0.125163943,0.006436890
3,20,26171904,67,4.613387410,0.017657216,0.125163943,0.006178049
5,20,26171904,67,5.438118088,0.017657216,0.125163943,0.005701221
7,20,26171904,67,6.512859271,0.017657216,0.125163943,0.006557142
2,20,26171904,67,8.381294631,0.017657216,0.125163943,0.006254708
10,20,26171904,67,10.888500769,0.017657216,0.125163943,0.006188943
9,20,26171904,67,12.061542413,0.017657216,0.125163943,0.005872872
8,20,26171904,67,21.491169638,0.017657216,0.125163943,0.006667411
1,20,26171904,67,76.009580045,0.017657216,0.125163943,0.000005291
9,21,26171904,67,0.345984255,0.017657216,0.002798660,0.006772858
6,21,26171904,67,0.587382010,0.017657216,0.002798660,0.005999822
7,21,26171904,67,1.013253131,0.017657216,0.002798660,0.006144037
2,21,26171904,67,1.933771665,0.017657216,0.002798660,0.006045888
4,21,26171904,67,2.049694743,0.017657216,0.002798660,0.006312413
10,21,26171904,67,3.285204624,0.017657216,0.002798660,0.005792446
5,21,26171904,67,3.945420619,0.017657216,0.002798660,0.006382856
1,21,26171904,67,4.693622927,0.017657216,0.002798660,0.005440473
8,21,26171904,67,8.091729008,0.017657216,0.002798660,0.005612879
3,21,26171904,67,8.489566966,0.017657216,0.002798660,0.000005291
9,21,26171904,67,0.345984255,0.017657216,0.009924970,0.006044770
6,21,26171904,67,0.587382010,0.017657216,0.009924970,0.006596134
7,21,26171904,67,1.013253131,0.017657216,0.009924970,0.006129107
2,21,26171904,67,1.933771665,0.017657216,0.009924970,0.005725061
4,21,26171904,67,2.049694743,0.017657216,0.009924970,0.005687923
10,21,26171904,67,3.285204624,0.017657216,0.009924970,0.006015617
5,21,26171904,67,3.945420619,0.017657216,0.009924970,0.006030593
1,21,26171904,67,4.693622927,0.017657216,0.009924970,0.005966840
8,21,26171904,67,8.091729008,0.017657216,0.009924970,0.005885046
3,21,26171904,67,8.489566966,0.017657216,0.009924970,0.000005291
9,21,26171904,67,0.345984255,0.017657216,0.001307530,0.005609164
6,21,26171904,67,0.587382010,0.017657216,0.001307530,0.005619059
7,21,26171904,67,1.013253131,0.017657216,0.001307530,0.005716321
2,21,26171904,67,1.933771665,0.017657216,0.001307530,0.006347297
4,21,26171904,67,2.049694743,0.017657216,0.001307530,0.005934181
10,21,26171904,67,3.285204624,0.017657216,0.001307530,0.005572885
5,21,26171904,67,3.945420619,0.017657216,0.001307530,0.004939982
1,21,26171904,67,4.693622927,0.017657216,0.001307530,0.005697665
8,21,26171904,67,8.091729008,0.017657216,0.001307530,0.005614245
3,21,26171904,67,8.489566966,0.017657216,0.001307530,0.000005291
9,21,26171904,67,0.345984255,0.017657216,0.006793721,0.005993429
6,21,26171904,67,0.587382010,0.017657216,0.006793721,0.006443006
7,21,26171904,67,1.013253131,0.017657216,0.006793721,0.005775265
2,21,26171904,67,1.933771665,0.017657216,0.006793721,0.004755345
4,21,26171904,67,2.049694743,0.017657216,0.006793721,0.006049322
10,21,26171904,67,3.285204624,0.017657216,0.006793721,0.005296947
5,21,26171904,67,3.945420619,0.017657216,0.006793721,0.006016387
1,21,26171904,67,4.693622927,0.017657216,0.006793721,0.006121187
8,21,26171904,67,8.091729008,0.017657216,0.006793721,0.006770892
3,21,26171904,67,8.489566966,0.017657216,0.006793721,0.000005291
9,21,26171904,67,0.345984255,0.017657216,0.040377349,0.005638400
6,21,26171904,67,0.587382010,0.017657216,0.040377349,0.006457402
7,21,26171904,67,1.013253131,0.017657216,0.040377349,0.005894042
2,21,26171904,67,1.933771665,0.017657216,0.040377349,0.005672488
4,21,26171904,67,2.049694743,0.017657216,0.040377349,0.004910578
10,21,26171904,67,3.285204624,0.017657216,0.040377349,0.006196845
5,21,26171904,67,3.945420619,0.017657216,0.040377349,0.005909440
1,21,26171904,67,4.693622927,0.017657216,0.040377349,0.006281194
8,21,26171904,67,8.091729008,0.017657216,0.040377349,0.006276903
3,21,26171904,67,8.489566966,0.017657216,0.040377349,0.000005291
4,22,26171904,67,0.387603278,0.017657216,0.105760671,0.005791525
9,22,26171904,67,0.751119800,0.017657216,0.105760671,0.005614278
8,22,26171904,67,1.231968757,0.017657216,0.105760671,0.005604901
10,22,26171904,67,2.229664033,0.017657216,0.105760671,0.005649530
7,22,26171904,67,5.280775276,0.017657216,0.105760671,0.005985778
6,22,26171904,67,7.312411410,0.017657216,0.105760671,0.005345391
5,22,26171904,67,7.535369515,0.017657216,0.105760671,0.006160410
3,22,26171904,67,9.348683601,0.017657216,0.105760671,0.005776577
2,22,26171904,67,13.033566800,0.017657216,0.105760671,0.005776013
1,22,26171904,67,37.897913199,0.017657216,0.105760671,0.000005291
4,22,26171904,67,0.387603278,0.017657216,0.070723981,0.006179079
9,22,26171904,67,0.751119800,0.017657216,0.070723981,0.005549430
8,22,26171904,67,1.231968757,0.017657216,0.070723981,0.006243027
10,22,26171904,67,2.229664033,0.017657216,0.070723981,0.005650817
7,22,26171904,67,5.280775276,0.017657216,0.070723981,0.005631236
6,22,26171904,67,7.312411410,0.017657216,0.070723981,0.005517938
5,22,26171904,67,7.535369515,0.017657216,0.070723981,0.005831695
3,22,26171904,67,9.348683601,0.017657216,0.070723981,0.004891596
2,22,26171904,67,13.033566800,0.017657216,0.070723981,0.006154536
1,22,26171904,67,37.897913199,0.017657216,0.070723981,0.000005291
4,22,26171904,67,0.387603278,0.017657216,0.053018659,0.005962307
9,22,26171904,67,0.751119800,0.017657216,0.053018659,0.006075568
8,22,26171904,67,1.231968757,0.017657216,0.053018659,0.006088037
10,22,26171904,67,2.229664033,0.017657216,0.053018659,0.005374042
7,22,26171904,67,5.280775276,0.017657216,0.053018659,0.005686875
6,22,26171904,67,7.312411410,0.017657216,0.053018659,0.006406081
5,22,26171904,67,7.535369515,0.017657216,0.053018659,0.006030465
3,22,26171904,67,9.348683601,0.017657216,0.053018659,0.005169288
2,22,26171904,67,13.033566800,0.017657216,0.053018659,0.006057868
1,22,26171904,67,37.897913199,0.017657216,0.053018659,0.000005291
4,22,26171904,67,0.387603278,0.017657216,0.112290889,0.006267905
9,22,26171904,67,0.751119800,0.017657216,0.112290889,0.006036581
8,22,26171904,67,1.231968757,0.017657216,0.112290889,0.005562099
10,22,26171904,67,2.229664033,0.017657216,0.112290889,0.006195348
7,22,26171904,67,5.280775276,0.017657216,0.112290889,0.005942942
6,22,26171904,67,7.312411410,0.017657216,0.112290889,0.005397071
5,22,26171904,67,7.535369515,0.017657216,0.112290889,0.005089988
3,22,26171904,67,9.348683601,0.017657216,0.112290889,0.006225832
2,22,26171904,67,13.033566800,0.017657216,0.112290889,0.005188154
1,22,26171904,67,37.897913199,0.017657216,0.112290889,0.000005291
4,22,26171904,67,0.387603278,0.017657216,0.034557242,0.006162850
9,22,26171904,67,0.751119800,0.017657216,0.034557242,0.005362713
8,22,26171904,67,1.231968757,0.017657216,0.034557242,0.005862107
10,22,26171904,67,2.229664033,0.017657216,0.034557242,0.005955517
7,22,26171904,67,5.280775276,0.017657216,0.034557242,0.006260584
6,22,26171904,67,7.312411410,0.017657216,0.034557242,0.005604055
5,22,26171904,67,7.535369515,0.017657216,0.034557242,0.005629907
3,22,26171904,67,9.348683601,0.017657216,0.034557242,0.005921626
2,22,26171904,67,13.033566800,0.017657216,0.034557242,0.006498454
1,22,26171904,67,37.897913199,0.017657216,0.034557242,0.000005291
6,23,26171904,67,0.345984255,0.017657216,0.001992381,0.005990145
9,23,26171904,67,1.018339356,0.017657216,0.001992381,0.006065973
2,23,26171904,67,1.382788160,0.017657216,0.001992381,0.005743517
3,23,26171904,67,1.933771665,0.017657216,0.001992381,0.005747289
7,23,26171904,67,2.278169307,0.017657216,0.001992381,0.006517061
1,23,26171904,67,2.419082402,0.017657216,0.001992381,0.006105404
10,23,26171904,67,3.626888367,0.017657216,0.001992381,0.005741336
4,23,26171904,67,8.381294631,0.017657216,0.001992381,0.006183369
5,23,26171904,67,18.271122048,0.017657216,0.001992381,0.005833226
8,23,26171904,67,18.274107815,0.017657216,0.001992381,0.004838969
6,23,26171904,67,0.345984255,0.017657216,0.000216362,0.006046984
9,23,26171904,67,1.018339356,0.017657216,0.000216362,0.005421317
2,23,26171904,67,1.382788160,0.017657216,0.000216362,0.005827894
3,23,26171904,67,1.933771665,0.017657216,0.000216362,0.005979708
7,23,26171904,67,2.278169307,0.017657216,0.000216362,0.005381462
1,23,26171904,67,2.419082402,0.017657216,0.000216362,0.005931261
10,23,26171904,67,3.626888367,0.017657216,0.000216362,0.006249355
4,23,26171904,67,8.381294631,0.017657216,0.000216362,0.004988877
5,23,26171904,67,18.271122048,0.017657216,0.000216362,0.005893042
8,23,26171904,67,18.274107815,0.017657216,0.000216362,0.004898785
6,23,26171904,67,0.345984255,0.017657216,0.001658030,0.006292641
9,23,26171904,67,1.018339356,0.017657216,0.001658030,0.006325802
2,23,26171904,67,1.382788160,0.017657216,0.001658030,0.006228225
3,23,26171904,67,1.933771665,0.017657216,0.001658030,0.006069396
7,23,26171904,67,2.278169307,0.017657216,0.001658030,0.005701277
1,23,26171904,67,2.419082402,0.017657216,0.001658030,0.005572240
10,23,26171904,67,3.626888367,0.017657216,0.001658030,0.005610734
4,23,26171904,67,8.381294631,0.017657216,0.001658030,0.004827742
5,23,26171904,67,18.271122048,0.017657216,0.001658030,0.005608079
8,23,26171904,67,18.274107815,0.017657216,0.001658030,0.004613821
6,23,26171904,67,0.345984255,0.017657216,0.011661822,0.006182237
9,23,26171904,67,1.018339356,0.017657216,0.011661822,0.005432335
2,23,26171904,67,1.382788160,0.017657216,0.011661822,0.006029160
3,23,26171904,67,1.933771665,0.017657216,0.011661822,0.006108449
7,23,26171904,67,2.278169307,0.017657216,0.011661822,0.006052766
1,23,26171904,67,2.419082402,0.017657216,0.011661822,0.005919089
10,23,26171904,67,3.626888367,0.017657216,0.011661822,0.006353437
4,23,26171904,67,8.381294631,0.017657216,0.011661822,0.006188187
5,23,26171904,67,18.271122048,0.017657216,0.011661822,0.005947592
8,23,26171904,67,18.274107815,0.017657216,0.011661822,0.004953334
6,23,26171904,67,0.345984255,0.017657216,0.011723872,0.006104165
9,23,26171904,67,1.018339356,0.017657216,0.011723872,0.005339172
2,23,26171904,67,1.382788160,0.017657216,0.011723872,0.006028716
3,23,26171904,67,1.933771665,0.017657216,0.011723872,0.005642704
7,23,26171904,67,2.278169307,0.017657216,0.011723872,0.005379233
1,23,26171904,67,2.419082402,0.017657216,0.011723872,0.005874809
10,23,26171904,67,3.626888367,0.017657216,0.011723872,0.005432895
4,23,26171904,67,8.381294631,0.017657216,0.011723872,0.005490234
5,23,26171904,67,18.271122048,0.017657216,0.011723872,0.005895058
8,23,26171904,67,18.274107815,0.017657216,0.011723872,0.004900801
4,24,26171904,67,1.134459824,0.017657216,0.054452863,0.006113260
7,24,26171904,67,2.049694743,0.017657216,0.054452863,0.005704733
10,24,26171904,67,2.229664033,0.017657216,0.054452863,0.006005693
9,24,26171904,67,3.285204624,0.017657216,0.054452863,0.005970709
8,24,26171904,67,3.945420619,0.017657216,0.054452863,0.005857103
2,24,26171904,67,5.438118088,0.017657216,0.054452863,0.006022341
5,24,26171904,67,7.312411410,0.017657216,0.054452863,0.006694159
3,24,26171904,67,7.535369515,0.017657216,0.054452863,0.006017125
1,24,26171904,67,20.960390404,0.017657216,0.054452863,0.005660857
6,24,26171904,67,21.491169638,0.017657216,0.054452863,0.000005291
4,24,26171904,67,1.134459824,0.017657216,0.030348096,0.006219635
7,24,26171904,67,2.049694743,0.017657216,0.030348096,0.005674486
10,24,26171904,67,2.229664033,0.017657216,0.030348096,0.006502147
9,24,26171904,67,3.285204624,0.017657216,0.030348096,0.005303693
8,24,26171904,67,3.945420619,0.017657216,0.030348096,0.005448243
2,24,26171904,67,5.438118088,0.017657216,0.030348096,0.005644701
5,24,26171904,67,7.312411410,0.017657216,0.030348096,0.005851218
3,24,26171904,67,7.535369515,0.017657216,0.030348096,0.005799196
1,24,26171904,67,20.960390404,0.017657216,0.030348096,0.004741276
6,24,26171904,67,21.491169638,0.017657216,0.030348096,0.000005291
4,24,26171904,67,1.134459824,0.017657216,0.092119694,0.005278301
7,24,26171904,67,2.049694743,0.017657216,0.092119694,0.005623543
10,24,26171904,67,2.229664033,0.017657216,0.092119694,0.006273977
9,24,26171904,67,3.285204624,0.017657216,0.092119694,0.006233757
8,24,26171904,67,3.945420619,0.017657216,0.092119694,0.005410611
2,24,26171904,67,5.438118088,0.017657216,0.092119694,0.006117566
5,24,26171904,67,7.312411410,0.017657216,0.092119694,0.006287444
3,24,26171904,67,7.535369515,0.017657216,0.092119694,0.006463436
1,24,26171904,67,20.960390404,0.017657216,0.092119694,0.006275886
6,24,26171904,67,21.491169638,0.017657216,0.092119694,0.000005291
4,24,26171904,67,1.134459824,0.017657216,0.048632573,0.006103009
7,24,26171904,67,2.049694743,0.017657216,0.048632573,0.005539720
10,24,26171904,67,2.229664033,0.017657216,0.048632573,0.006240971
9,24,26171904,67,3.285204624,0.017657216,0.048632573,0.005978831
8,24,26171904,67,3.945420619,0.017657216,0.048632573,0.006769037
2,24,26171904,67,5.438118088,0.017657216,0.048632573,0.006571270
5,24,26171904,67,7.312411410,0.017657216,0.048632573,0.006164342
3,24,26171904,67,7.535369515,0.017657216,0.048632573,0.005867036
1,24,26171904,67,20.960390404,0.017657216,0.048632573,0.006330874
6,24,26171904,67,21.491169638,0.017657216,0.048632573,0.000005291
4,24,26171904,67,1.134459824,0.017657216,0.083667442,0.006652858
7,24,26171904,67,2.049694743,0.017657216,0.083667442,0.005596604
10,24,26171904,67,2.229664033,0.017657216,0.083667442,0.005867899
9,24,26171904,67,3.285204624,0.017657216,0.083667442,0.006046259
8,24,26171904,67,3.945420619,0.017657216,0.083667442,0.005928240
2,24,26171904,67,5.438118088,0.017657216,0.083667442,0.006206597
5,24,26171904,67,7.312411410,0.017657216,0.083667442,0.006064753
3,24,26171904,67,7.535369515,0.017657216,0.083667442,0.006090668
1,24,26171904,67,20.960390404,0.017657216,0.083667442,0.006153205
6,24,26171904,67,21.491169638,0.017657216,0.083667442,0.000005291
10,25,26171904,67,0.751119800,0.017657216,0.017376669,0.005996272
5,25,26171904,67,1.013253131,0.017657216,0.017376669,0.006152721
1,25,26171904,67,1.231968757,0.017657216,0.017376669,0.004926671
3,25,26171904,67,4.693622927,0.017657216,0.017376669,0.006054998
9,25,26171904,67,8.091729008,0.017657216,0.017376669,0.006227537
8,25,26171904,67,10.888500769,0.017657216,0.017376669,0.006222879
2,25,26171904,67,12.061542413,0.017657216,0.017376669,0.006416641
4,25,26171904,67,18.274107815,0.017657216,0.017376669,0.006293405
7,25,26171904,67,25.584000458,0.017657216,0.017376669,0.006312026
6,25,26171904,67,37.897913199,0.017657216,0.017376669,0.000005291
10,25,26171904,67,0.751119800,0.017657216,0.109723501,0.005925921
5,25,26171904,67,1.013253131,0.017657216,0.109723501,0.006255670
1,25,26171904,67,1.231968757,0.017657216,0.109723501,0.006439087
3,25,26171904,67,4.693622927,0.017657216,0.109723501,0.005856003
9,25,26171904,67,8.091729008,0.017657216,0.109723501,0.005739096
8,25,26171904,67,10.888500769,0.017657216,0.109723501,0.006541569
2,25,26171904,67,12.061542413,0.017657216,0.109723501,0.005837846
4,25,26171904,67,18.274107815,0.017657216,0.109723501,0.005329135
7,25,26171904,67,25.584000458,0.017657216,0.109723501,0.006216346
6,25,26171904,67,37.897913199,0.017657216,0.109723501,0.000005291
10,25,26171904,67,0.751119800,0.017657216,0.093270734,0.006244922
5,25,26171904,67,1.013253131,0.017657216,0.093270734,0.006023311
1,25,26171904,67,1.231968757,0.017657216,0.093270734,0.006102561
3,25,26171904,67,4.693622927,0.017657216,0.093270734,0.006356733
9,25,26171904,67,8.091729008,0.017657216,0.093270734,0.006165413
8,25,26171904,67,10.888500769,0.017657216,0.093270734,0.005619966
2,25,26171904,67,12.061542413,0.017657216,0.093270734,0.006263980
4,25,26171904,67,18.274107815,0.017657216,0.093270734,0.005937011
7,25,26171904,67,25.584000458,0.017657216,0.093270734,0.005681320
6,25,26171904,67,37.897913199,0.017657216,0.093270734,0.000005291
10,25,26171904,67,0.751119800,0.017657216,0.012397294,0.005909871
5,25,26171904,67,1.013253131,0.017657216,0.012397294,0.005227951
1,25,26171904,67,1.231968757,0.017657216,0.012397294,0.006450624
3,25,26171904,67,4.693622927,0.017657216,0.012397294,0.005875329
9,25,26171904,67,8.091729008,0.017657216,0.012397294,0.006232076
8,25,26171904,67,10.888500769,0.017657216,0.012397294,0.005850439
2,25,26171904,67,12.061542413,0.017657216,0.012397294,0.006441781
4,25,26171904,67,18.274107815,0.017657216,0.012397294,0.006727461
7,25,26171904,67,25.584000458,0.017657216,0.012397294,0.005871822
6,25,26171904,67,37.897913199,0.017657216,0.012397294,0.000005291
10,25,26171904,67,0.751119800,0.017657216,0.001184723,0.005736029
5,25,26171904,67,1.013253131,0.017657216,0.001184723,0.006002273
1,25,26171904,67,1.231968757,0.017657216,0.001184723,0.005378880
3,25,26171904,67,4.693622927,0.017657216,0.001184723,0.006618380
9,25,26171904,67,8.091729008,0.017657216,0.001184723,0.005833269
8,25,26171904,67,10.888500769,0.017657216,0.001184723,0.005988952
2,25,26171904,67,12.061542413,0.017657216,0.001184723,0.006133135
4,25,26171904,67,18.274107815,0.017657216,0.001184723,0.006206426
7,25,26171904,67,25.584000458,0.017657216,0.001184723,0.006184497
6,25,26171904,67,37.897913199,0.017657216,0.001184723,0.000005291
8,26,26171904,67,0.387603278,0.017657216,0.107804105,0.006075901
2,26,26171904,67,0.587382010,0.017657216,0.107804105,0.005621026
9,26,26171904,67,0.820450821,0.017657216,0.107804105,0.006572145
1,26,26171904,67,1.242847201,0.017657216,0.107804105,0.006048480
5,26,26171904,67,1.382788160,0.017657216,0.107804105,0.005274774
10,26,26171904,67,2.789808419,0.017657216,0.107804105,0.005494738
3,26,26171904,67,6.512859271,0.017657216,0.107804105,0.005624606
4,26,26171904,67,6.970204604,0.017657216,0.107804105,0.005995799
6,26,26171904,67,8.489566966,0.017657216,0.107804105,0.005548118
7,26,26171904,67,76.009580045,0.017657216,0.107804105,0.000005291
8,26,26171904,67,0.387603278,0.017657216,0.007711525,0.006255519
2,26,26171904,67,0.587382010,0.017657216,0.007711525,0.005259109
9,26,26171904,67,0.820450821,0.017657216,0.007711525,0.005988882
1,26,26171904,67,1.242847201,0.017657216,0.007711525,0.006308751
5,26,26171904,67,1.382788160,0.017657216,0.007711525,0.005841462
10,26,26171904,67,2.789808419,0.017657216,0.007711525,0.006170017
3,26,26171904,67,6.512859271,0.017657216,0.007711525,0.006026184
4,26,26171904,67,6.970204604,0.017657216,0.007711525,0.005928050
6,26,26171904,67,8.489566966,0.017657216,0.007711525,0.005778208
7,26,26171904,67,76.009580045,0.017657216,0.007711525,0.000005291
8,26,26171904,67,0.387603278,0.017657216,0.014925457,0.005716130
2,26,26171904,67,0.587382010,0.017657216,0.014925457,0.005894008
9,26,26171904,67,0.820450821,0.017657216,0.014925457,0.006197131
1,26,26171904,67,1.242847201,0.017657216,0.014925457,0.005988914
5,26,26171904,67,1.382788160,0.017657216,0.014925457,0.006144853
10,26,26171904,67,2.789808419,0.017657216,0.014925457,0.005090975
3,26,26171904,67,6.512859271,0.017657216,0.014925457,0.005559990
4,26,26171904,67,6.970204604,0.017657216,0.014925457,0.005762700
6,26,26171904,67,8.489566966,0.017657216,0.014925457,0.006180790
7,26,26171904,67,76.009580045,0.017657216,0.014925457,0.000005291
8,26,26171904,67,0.387603278,0.017657216,0.136836916,0.006346409
2,26,26171904,67,0.587382010,0.017657216,0.136836916,0.006436884
9,26,26171904,67,0.820450821,0.017657216,0.136836916,0.005416733
1,26,26171904,67,1.242847201,0.017657216,0.136836916,0.006077336
5,26,26171904,67,1.382788160,0.017657216,0.136836916,0.004858678
10,26,26171904,67,2.789808419,0.017657216,0.136836916,0.005452438
3,26,26171904,67,6.512859271,0.017657216,0.136836916,0.006547752
4,26,26171904,67,6.970204604,0.017657216,0.136836916,0.006037661
6,26,26171904,67,8.489566966,0.017657216,0.136836916,0.005773758
7,26,26171904,67,76.009580045,0.017657216,0.136836916,0.000005291
8,26,26171904,67,0.387603278,0.017657216,0.052218474,0.005531907
2,26,26171904,67,0.587382010,0.017657216,0.052218474,0.006287090
9,26,26171904,67,0.820450821,0.017657216,0.052218474,0.006382964
1,26,26171904,67,1.242847201,0.017657216,0.052218474,0.005603462
5,26,26171904,67,1.382788160,0.017657216,0.052218474,0.006267364
10,26,26171904,67,2.789808419,0.017657216,0.052218474,0.006425179
3,26,26171904,67,6.512859271,0.017657216,0.052218474,0.005674306
4,26,26171904,67,6.970204604,0.017657216,0.052218474,0.005897526
6,26,26171904,67,8.489566966,0.017657216,0.052218474,0.005989509
7,26,26171904,67,76.009580045,0.017657216,0.052218474,0.000005291
9,27,26171904,67,1.018339356,0.017657216,0.017307209,0.005957887
8,27,26171904,67,3.379563963,0.017657216,0.017307209,0.005840215
6,27,26171904,67,3.626888367,0.017657216,0.017307209,0.006341440
3,27,26171904,67,4.613387410,0.017657216,0.017307209,0.006321708
5,27,26171904,67,5.280775276,0.017657216,0.017307209,0.006276162
10,27,26171904,67,9.348683601,0.017657216,0.017307209,0.005851466
4,27,26171904,67,12.638365559,0.017657216,0.017307209,0.005358756
7,27,26171904,67,13.033566800,0.017657216,0.017307209,0.005841047
1,27,26171904,67,18.487478014,0.017657216,0.017307209,0.005914041
2,27,26171904,67,24.460606093,0.017657216,0.017307209,0.000005291
9,27,26171904,67,1.018339356,0.017657216,0.071341872,0.005594469
8,27,26171904,67,3.379563963,0.017657216,0.071341872,0.005557889
6,27,26171904,67,3.626888367,0.017657216,0.071341872,0.006152641
3,27,26171904,67,4.613387410,0.017657216,0.071341872,0.005233640
5,27,26171904,67,5.280775276,0.017657216,0.071341872,0.006159482
10,27,26171904,67,9.348683601,0.017657216,0.071341872,0.005763073
4,27,26171904,67,12.638365559,0.017657216,0.071341872,0.006083047
7,27,26171904,67,13.033566800,0.017657216,0.071341872,0.006300604
1,27,26171904,67,18.487478014,0.017657216,0.071341872,0.005360503
2,27,26171904,67,24.460606093,0.017657216,0.071341872,0.000005291
9,27,26171904,67,1.018339356,0.017657216,0.267805785,0.005020790
8,27,26171904,67,3.379563963,0.017657216,0.267805785,0.005858552
6,27,26171904,67,3.626888367,0.017657216,0.267805785,0.006225921
3,27,26171904,67,4.613387410,0.017657216,0.267805785,0.005216070
5,27,26171904,67,5.280775276,0.017657216,0.267805785,0.006610973
10,27,26171904,67,9.348683601,0.017657216,0.267805785,0.006510038
4,27,26171904,67,12.638365559,0.017657216,0.267805785,0.006118522
7,27,26171904,67,13.033566800,0.017657216,0.267805785,0.006162434
1,27,26171904,67,18.487478014,0.017657216,0.267805785,0.005718653
2,27,26171904,67,24.460606093,0.017657216,0.267805785,0.000005291
9,27,26171904,67,1.018339356,0.017657216,0.063893110,0.005718977
8,27,26171904,67,3.379563963,0.017657216,0.063893110,0.006240696
6,27,26171904,67,3.626888367,0.017657216,0.063893110,0.005923919
3,27,26171904,67,4.613387410,0.017657216,0.063893110,0.005888246
5,27,26171904,67,5.280775276,0.017657216,0.063893110,0.006186264
10,27,26171904,67,9.348683601,0.017657216,0.063893110,0.005729270
4,27,26171904,67,12.638365559,0.017657216,0.063893110,0.006044012
7,27,26171904,67,13.033566800,0.017657216,0.063893110,0.005838746
1,27,26171904,67,18.487478014,0.017657216,0.063893110,0.005946458
2,27,26171904,67,24.460606093,0.017657216,0.063893110,0.000005291
9,27,26171904,67,1.018339356,0.017657216,0.009565090,0.006094910
8,27,26171904,67,3.379563963,0.017657216,0.009565090,0.005987996
6,27,26171904,67,3.626888367,0.017657216,0.009565090,0.006008837
3,27,26171904,67,4.613387410,0.017657216,0.009565090,0.005961933
5,27,26171904,67,5.280775276,0.017657216,0.009565090,0.006213315
10,27,26171904,67,9.348683601,0.017657216,0.009565090,0.005890520
4,27,26171904,67,12.638365559,0.017657216,0.009565090,0.005995343
7,27,26171904,67,13.033566800,0.017657216,0.009565090,0.006169596
1,27,26171904,67,18.487478014,0.017657216,0.009565090,0.006243370
2,27,26171904,67,24.460606093,0.017657216,0.009565090,0.000005291
8,28,26171904,67,0.587382010,0.017657216,0.009909214,0.005558273
3,28,26171904,67,1.242847201,0.017657216,0.009909214,0.006177796
9,28,26171904,67,1.933771665,0.017657216,0.009909214,0.005874764
5,28,26171904,67,2.278169307,0.017657216,0.009909214,0.006301492
10,28,26171904,67,3.285204624,0.017657216,0.009909214,0.006259978
2,28,26171904,67,6.512859271,0.017657216,0.009909214,0.006113575
1,28,26171904,67,7.535369515,0.017657216,0.009909214,0.005329391
7,28,26171904,67,8.489566966,0.017657216,0.009909214,0.006071769
6,28,26171904,67,18.274107815,0.017657216,0.009909214,0.006057270
4,28,26171904,67,37.897913199,0.017657216,0.009909214,0.000005291
8,28,26171904,67,0.587382010,0.017657216,0.060986191,0.006193689
3,28,26171904,67,1.242847201,0.017657216,0.060986191,0.006011846
9,28,26171904,67,1.933771665,0.017657216,0.060986191,0.005891460
5,28,26171904,67,2.278169307,0.017657216,0.060986191,0.005435932
10,28,26171904,67,3.285204624,0.017657216,0.060986191,0.006074326
2,28,26171904,67,6.512859271,0.017657216,0.060986191,0.005921048
1,28,26171904,67,7.535369515,0.017657216,0.060986191,0.005269578
7,28,26171904,67,8.489566966,0.017657216,0.060986191,0.006059501
6,28,26171904,67,18.274107815,0.017657216,0.060986191,0.006532424
4,28,26171904,67,37.897913199,0.017657216,0.060986191,0.000005291
8,28,26171904,67,0.587382010,0.017657216,0.044668201,0.005242778
3,28,26171904,67,1.242847201,0.017657216,0.044668201,0.006491801
9,28,26171904,67,1.933771665,0.017657216,0.044668201,0.006017647
5,28,26171904,67,2.278169307,0.017657216,0.044668201,0.005734134
10,28,26171904,67,3.285204624,0.017657216,0.044668201,0.006024628
2,28,26171904,67,6.512859271,0.017657216,0.044668201,0.006346218
1,28,26171904,67,7.535369515,0.017657216,0.044668201,0.005714227
7,28,26171904,67,8.489566966,0.017657216,0.044668201,0.006053229
6,28,26171904,67,18.274107815,0.017657216,0.044668201,0.006174695
4,28,26171904,67,37.897913199,0.017657216,0.044668201,0.000005291
8,28,26171904,67,0.587382010,0.017657216,0.029522570,0.005934568
3,28,26171904,67,1.242847201,0.017657216,0.029522570,0.006266081
9,28,26171904,67,1.933771665,0.017657216,0.029522570,0.006107096
5,28,26171904,67,2.278169307,0.017657216,0.029522570,0.006037299
10,28,26171904,67,3.285204624,0.017657216,0.029522570,0.005324317
2,28,26171904,67,6.512859271,0.017657216,0.029522570,0.005983528
1,28,26171904,67,7.535369515,0.017657216,0.029522570,0.006324871
7,28,26171904,67,8.489566966,0.017657216,0.029522570,0.006296965
6,28,26171904,67,18.274107815,0.017657216,0.029522570,0.006220217
4,28,26171904,67,37.897913199,0.017657216,0.029522570,0.000005291
8,28,26171904,67,0.587382010,0.017657216,0.045851208,0.005742541
3,28,26171904,67,1.242847201,0.017657216,0.045851208,0.006449999
9,28,26171904,67,1.933771665,0.017657216,0.045851208,0.006362337
5,28,26171904,67,2.278169307,0.017657216,0.045851208,0.006348192
10,28,26171904,67,3.285204624,0.017657216,0.045851208,0.006334597
2,28,26171904,67,6.512859271,0.017657216,0.045851208,0.005947464
1,28,26171904,67,7.535369515,0.017657216,0.045851208,0.005457196
7,28,26171904,67,8.489566966,0.017657216,0.045851208,0.005627181
6,28,26171904,67,18.274107815,0.017657216,0.045851208,0.005836413
4,28,26171904,67,37.897913199,0.017657216,0.045851208,0.000005291
6,29,26171904,67,1.018339356,0.017657216,0.008641349,0.005455997
4,29,26171904,67,1.134459824,0.017657216,0.008641349,0.005107478
9,29,26171904,67,1.382788160,0.017657216,0.008641349,0.006764132
8,29,26171904,67,2.049694743,0.017657216,0.008641349,0.006042672
10,29,26171904,67,4.613387410,0.017657216,0.008641349,0.006062541
2,29,26171904,67,7.312411410,0.017657216,0.008641349,0.005303416
3,29,26171904,67,12.638365559,0.017657216,0.008641349,0.005635001
5,29,26171904,67,18.271122048,0.017657216,0.008641349,0.006352968
1,29,26171904,67,21.491169638,0.017657216,0.008641349,0.006153458
7,29,26171904,67,76.009580045,0.017657216,0.008641349,0.000005291
6,29,26171904,67,1.018339356,0.017657216,0.028984142,0.005852908
4,29,26171904,67,1.134459824,0.017657216,0.028984142,0.005972799
9,29,26171904,67,1.382788160,0.017657216,0.028984142,0.006175037
8,29,26171904,67,2.049694743,0.017657216,0.028984142,0.005977889
10,29,26171904,67,4.613387410,0.017657216,0.028984142,0.006512981
2,29,26171904,67,7.312411410,0.017657216,0.028984142,0.005979308
3,29,26171904,67,12.638365559,0.017657216,0.028984142,0.006681349
5,29,26171904,67,18.271122048,0.017657216,0.028984142,0.005295231
1,29,26171904,67,21.491169638,0.017657216,0.028984142,0.005725082
7,29,26171904,67,76.009580045,0.017657216,0.028984142,0.000005291
6,29,26171904,67,1.018339356,0.017657216,0.016353751,0.006110425
4,29,26171904,67,1.134459824,0.017657216,0.016353751,0.006083756
9,29,26171904,67,1.382788160,0.017657216,0.016353751,0.005875700
8,29,26171904,67,2.049694743,0.017657216,0.016353751,0.006080291
10,29,26171904,67,4.613387410,0.017657216,0.016353751,0.005812137
2,29,26171904,67,7.312411410,0.017657216,0.016353751,0.005669351
3,29,26171904,67,12.638365559,0.017657216,0.016353751,0.005534223
5,29,26171904,67,18.271122048,0.017657216,0.016353751,0.006480943
1,29,26171904,67,21.491169638,0.017657216,0.016353751,0.006342462
7,29,26171904,67,76.009580045,0.017657216,0.016353751,0.000005291
6,29,26171904,67,1.018339356,0.017657216,0.048668973,0.005735610
4,29,26171904,67,1.134459824,0.017657216,0.048668973,0.005892378
9,29,26171904,67,1.382788160,0.017657216,0.048668973,0.005667057
8,29,26171904,67,2.049694743,0.017657216,0.048668973,0.005106908
10,29,26171904,67,4.613387410,0.017657216,0.048668973,0.005999389
2,29,26171904,67,7.312411410,0.017657216,0.048668973,0.005264050
3,29,26171904,67,12.638365559,0.017657216,0.048668973,0.006397261
5,29,26171904,67,18.271122048,0.017657216,0.048668973,0.006163857
1,29,26171904,67,21.491169638,0.017657216,0.048668973,0.005712626
7,29,26171904,67,76.009580045,0.017657216,0.048668973,0.000005291
6,29,26171904,67,1.018339356,0.017657216,0.045237616,0.005573914
4,29,26171904,67,1.134459824,0.017657216,0.045237616,0.005978593
9,29,26171904,67,1.382788160,0.017657216,0.045237616,0.005045356
8,29,26171904,67,2.049694743,0.017657216,0.045237616,0.004311434
10,29,26171904,67,4.613387410,0.017657216,0.045237616,0.005590551
2,29,26171904,67,7.312411410,0.017657216,0.045237616,0.006134251
3,29,26171904,67,12.638365559,0.017657216,0.045237616,0.004620513
5,29,26171904,67,18.271122048,0.017657216,0.045237616,0.005710316
1,29,26171904,67,21.491169638,0.017657216,0.045237616,0.005899058
7,29,26171904,67,76.009580045,0.017657216,0.045237616,0.000005291
1,30,26171904,67,0.387603278,0.017657216,0.015274060,0.006301036
10,30,26171904,67,1.013253131,0.017657216,0.015274060,0.005609817
4,30,26171904,67,1.231968757,0.017657216,0.015274060,0.005800687
6,30,26171904,67,2.789808419,0.017657216,0.015274060,0.005841284
8,30,26171904,67,5.280775276,0.017657216,0.015274060,0.005980755
5,30,26171904,67,5.438118088,0.017657216,0.015274060,0.006628887
2,30,26171904,67,6.970204604,0.017657216,0.015274060,0.006438694
3,30,26171904,67,12.061542413,0.017657216,0.015274060,0.006509309
7,30,26171904,67,20.960390404,0.017657216,0.015274060,0.005995297
9,30,26171904,67,24.460606093,0.017657216,0.015274060,0.000005291
1,30,26171904,67,0.387603278,0.017657216,0.081635855,0.005909073
10,30,26171904,67,1.013253131,0.017657216,0.081635855,0.006567376
4,30,26171904,67,1.231968757,0.017657216,0.081635855,0.005999771
6,30,26171904,67,2.789808419,0.017657216,0.081635855,0.005789319
8,30,26171904,67,5.280775276,0.017657216,0.081635855,0.006538786
5,30,26171904,67,5.438118088,0.017657216,0.081635855,0.006439375
2,30,26171904,67,6.970204604,0.017657216,0.081635855,0.005617779
3,30,26171904,67,12.061542413,0.017657216,0.081635855,0.006155619
7,30,26171904,67,20.960390404,0.017657216,0.081635855,0.005619049
9,30,26171904,67,24.460606093,0.017657216,0.081635855,0.000005291
1,30,26171904,67,0.387603278,0.017657216,0.069335572,0.005979065
10,30,26171904,67,1.013253131,0.017657216,0.069335572,0.006399539
4,30,26171904,67,1.231968757,0.017657216,0.069335572,0.005920936
6,30,26171904,67,2.789808419,0.017657216,0.069335572,0.006033569
8,30,26171904,67,5.280775276,0.017657216,0.069335572,0.005740527
5,30,26171904,67,5.438118088,0.017657216,0.069335572,0.005500233
2,30,26171904,67,6.970204604,0.017657216,0.069335572,0.006086977
3,30,26171904,67,12.061542413,0.017657216,0.069335572,0.005923581
7,30,26171904,67,20.960390404,0.017657216,0.069335572,0.006093815
9,30,26171904,67,24.460606093,0.017657216,0.069335572,0.000005291
1,30,26171904,67,0.387603278,0.017657216,0.014191731,0.006089597
10,30,26171904,67,1.013253131,0.017657216,0.014191731,0.006467613
4,30,26171904,67,1.231968757,0.017657216,0.014191731,0.005279130
6,30,26171904,67,2.789808419,0.017657216,0.014191731,0.006155852
8,30,26171904,67,5.280775276,0.017657216,0.014191731,0.005193526
5,30,26171904,67,5.438118088,0.017657216,0.014191731,0.005944316
2,30,26171904,67,6.970204604,0.017657216,0.014191731,0.006156591
3,30,26171904,67,12.061542413,0.017657216,0.014191731,0.005700812
7,30,26171904,67,20.960390404,0.017657216,0.014191731,0.005387490
9,30,26171904,67,24.460606093,0.017657216,0.014191731,0.000005291
1,30,26171904,67,0.387603278,0.017657216,0.063870303,0.006041505
10,30,26171904,67,1.013253131,0.017657216,0.063870303,0.005849144
4,30,26171904,67,1.231968757,0.017657216,0.063870303,0.005939020
6,30,26171904,67,2.789808419,0.017657216,0.063870303,0.006542860
8,30,26171904,67,5.280775276,0.017657216,0.063870303,0.006008199
5,30,26171904,67,5.438118088,0.017657216,0.063870303,0.005671506
2,30,26171904,67,6.970204604,0.017657216,0.063870303,0.005277060
3,30,26171904,67,12.061542413,0.017657216,0.063870303,0.006101558
7,30,26171904,67,20.960390404,0.017657216,0.063870303,0.006018689
9,30,26171904,67,24.460606093,0.017657216,0.063870303,0.000005291
1,31,26171904,67,0.345984255,0.017657216,0.143235639,0.006256772
5,31,26171904,67,0.751119800,0.017657216,0.143235639,0.006093654
9,31,26171904,67,2.229664033,0.017657216,0.143235639,0.005561782
2,31,26171904,67,2.419082402,0.017657216,0.143235639,0.006304763
3,31,26171904,67,4.693622927,0.017657216,0.143235639,0.006038756
10,31,26171904,67,8.091729008,0.017657216,0.143235639,0.005699358
4,31,26171904,67,9.348683601,0.017657216,0.143235639,0.006181800
7,31,26171904,67,10.888500769,0.017657216,0.143235639,0.005491891
6,31,26171904,67,13.033566800,0.017657216,0.143235639,0.005597953
8,31,26171904,67,25.584000458,0.017657216,0.143235639,0.000005291
1,31,26171904,67,0.345984255,0.017657216,0.101484448,0.005979961
5,31,26171904,67,0.751119800,0.017657216,0.101484448,0.005847858
9,31,26171904,67,2.229664033,0.017657216,0.101484448,0.005466753
2,31,26171904,67,2.419082402,0.017657216,0.101484448,0.006541174
3,31,26171904,67,4.693622927,0.017657216,0.101484448,0.005187241
10,31,26171904,67,8.091729008,0.017657216,0.101484448,0.006676903
4,31,26171904,67,9.348683601,0.017657216,0.101484448,0.005914604
7,31,26171904,67,10.888500769,0.017657216,0.101484448,0.006103094
6,31,26171904,67,13.033566800,0.017657216,0.101484448,0.005441530
8,31,26171904,67,25.584000458,0.017657216,0.101484448,0.000005291
1,31,26171904,67,0.345984255,0.017657216,0.044361375,0.005212671
5,31,26171904,67,0.751119800,0.017657216,0.044361375,0.005166380
9,31,26171904,67,2.229664033,0.017657216,0.044361375,0.006443425
2,31,26171904,67,2.419082402,0.017657216,0.044361375,0.006134821
3,31,26171904,67,4.693622927,0.017657216,0.044361375,0.005389725
10,31,26171904,67,8.091729008,0.017657216,0.044361375,0.006315064
4,31,26171904,67,9.348683601,0.017657216,0.044361375,0.005782031
7,31,26171904,67,10.888500769,0.017657216,0.044361375,0.004968540
6,31,26171904,67,13.033566800,0.017657216,0.044361375,0.006172737
8,31,26171904,67,25.584000458,0.017657216,0.044361375,0.000005291
1,31,26171904,67,0.345984255,0.017657216,0.051978964,0.006191506
5,31,26171904,67,0.751119800,0.017657216,0.051978964,0.006301288
9,31,26171904,67,2.229664033,0.017657216,0.051978964,0.006046695
2,31,26171904,67,2.419082402,0.017657216,0.051978964,0.006407662
3,31,26171904,67,4.693622927,0.017657216,0.051978964,0.005132677
10,31,26171904,67,8.091729008,0.017657216,0.051978964,0.005639669
4,31,26171904,67,9.348683601,0.017657216,0.051978964,0.005569078
7,31,26171904,67,10.888500769,0.017657216,0.051978964,0.006226362
6,31,26171904,67,13.033566800,0.017657216,0.051978964,0.006541643
8,31,26171904,67,25.584000458,0.017657216,0.051978964,0.000005291
1,31,26171904,67,0.345984255,0.017657216,0.078605667,0.006214924
5,31,26171904,67,0.751119800,0.017657216,0.078605667,0.006324132
9,31,26171904,67,2.229664033,0.017657216,0.078605667,0.005831138
2,31,26171904,67,2.419082402,0.017657216,0.078605667,0.005511791
3,31,26171904,67,4.693622927,0.017657216,0.078605667,0.005183379
10,31,26171904,67,8.091729008,0.017657216,0.078605667,0.005957167
4,31,26171904,67,9.348683601,0.017657216,0.078605667,0.005818190
7,31,26171904,67,10.888500769,0.017657216,0.078605667,0.005283581
6,31,26171904,67,13.033566800,0.017657216,0.078605667,0.006335574
8,31,26171904,67,25.584000458,0.017657216,0.078605667,0.000005291
7,32,26171904,67,0.387603278,0.017657216,0.033544868,0.006200819
3,32,26171904,67,0.820450821,0.017657216,0.033544868,0.006428339
1,32,26171904,67,1.134459824,0.017657216,0.033544868,0.005258899
10,32,26171904,67,3.379563963,0.017657216,0.033544868,0.005314909
9,32,26171904,67,3.626888367,0.017657216,0.033544868,0.006032908
5,32,26171904,67,3.945420619,0.017657216,0.033544868,0.005736353
4,32,26171904,67,8.381294631,0.017657216,0.033544868,0.006229985
6,32,26171904,67,10.888500769,0.017657216,0.033544868,0.006263993
8,32,26171904,67,13.033566800,0.017657216,0.033544868,0.006339386
2,32,26171904,67,18.487478014,0.017657216,0.033544868,0.000005291
7,32,26171904,67,0.387603278,0.017657216,0.014671336,0.006439330
3,32,26171904,67,0.820450821,0.017657216,0.014671336,0.005005525
1,32,26171904,67,1.134459824,0.017657216,0.014671336,0.005574867
10,32,26171904,67,3.379563963,0.017657216,0.014671336,0.005813494
9,32,26171904,67,3.626888367,0.017657216,0.014671336,0.005987603
5,32,26171904,67,3.945420619,0.017657216,0.014671336,0.005572965
4,32,26171904,67,8.381294631,0.017657216,0.014671336,0.005546431
6,32,26171904,67,10.888500769,0.017657216,0.014671336,0.005409012
8,32,26171904,67,13.033566800,0.017657216,0.014671336,0.006300567
2,32,26171904,67,18.487478014,0.017657216,0.014671336,0.000005291
7,32,26171904,67,0.387603278,0.017657216,0.054597970,0.005869722
3,32,26171904,67,0.820450821,0.017657216,0.054597970,0.005641811
1,32,26171904,67,1.134459824,0.017657216,0.054597970,0.005947820
10,32,26171904,67,3.379563963,0.017657216,0.054597970,0.005777701
9,32,26171904,67,3.626888367,0.017657216,0.054597970,0.005445146
5,32,26171904,67,3.945420619,0.017657216,0.054597970,0.006039546
4,32,26171904,67,8.381294631,0.017657216,0.054597970,0.005926767
6,32,26171904,67,10.888500769,0.017657216,0.054597970,0.005861763
8,32,26171904,67,13.033566800,0.017657216,0.054597970,0.006008601
2,32,26171904,67,18.487478014,0.017657216,0.054597970,0.000005291
7,32,26171904,67,0.387603278,0.017657216,0.025425613,0.005565242
3,32,26171904,67,0.820450821,0.017657216,0.025425613,0.005829050
1,32,26171904,67,1.134459824,0.017657216,0.025425613,0.006233303
10,32,26171904,67,3.379563963,0.017657216,0.025425613,0.006547645
9,32,26171904,67,3.626888367,0.017657216,0.025425613,0.005832714
5,32,26171904,67,3.945420619,0.017657216,0.025425613,0.006048255
4,32,26171904,67,8.381294631,0.017657216,0.025425613,0.005822671
6,32,26171904,67,10.888500769,0.017657216,0.025425613,0.006632349
8,32,26171904,67,13.033566800,0.017657216,0.025425613,0.005324138
2,32,26171904,67,18.487478014,0.017657216,0.025425613,0.000005291
7,32,26171904,67,0.387603278,0.017657216,0.040955041,0.006091237
3,32,26171904,67,0.820450821,0.017657216,0.040955041,0.005939272
1,32,26171904,67,1.134459824,0.017657216,0.040955041,0.005848990
10,32,26171904,67,3.379563963,0.017657216,0.040955041,0.006176909
9,32,26171904,67,3.626888367,0.017657216,0.040955041,0.006214223
5,32,26171904,67,3.945420619,0.017657216,0.040955041,0.006355229
4,32,26171904,67,8.381294631,0.017657216,0.040955041,0.006269827
6,32,26171904,67,10.888500769,0.017657216,0.040955041,0.006317509
8,32,26171904,67,13.033566800,0.017657216,0.040955041,0.006086736
2,32,26171904,67,18.487478014,0.017657216,0.040955041,0.000005291
10,33,26171904,67,0.345984255,0.017657216,0.110870056,0.006757267
1,33,26171904,67,1.013253131,0.017657216,0.110870056,0.014110195
5,33,26171904,67,1.018339356,0.017657216,0.110870056,0.015903144
6,33,26171904,67,1.242847201,0.017657216,0.110870056,0.005889739
4,33,26171904,67,3.945420619,0.017657216,0.110870056,0.006407962
9,33,26171904,67,5.280775276,0.017657216,0.110870056,0.005889004
3,33,26171904,67,9.348683601,0.017657216,0.110870056,0.006193238
2,33,26171904,67,12.638365559,0.017657216,0.110870056,0.006184193
7,33,26171904,67,21.491169638,0.017657216,0.110870056,0.006635485
8,33,26171904,67,25.584000458,0.017657216,0.110870056,0.000005291
10,33,26171904,67,0.345984255,0.017657216,0.062927969,0.005673473
1,33,26171904,67,1.013253131,0.017657216,0.062927969,0.014286901
5,33,26171904,67,1.018339356,0.017657216,0.062927969,0.016128558
6,33,26171904,67,1.242847201,0.017657216,0.062927969,0.005998080
4,33,26171904,67,3.945420619,0.017657216,0.062927969,0.006240167
9,33,26171904,67,5.280775276,0.017657216,0.062927969,0.005827838
3,33,26171904,67,9.348683601,0.017657216,0.062927969,0.006587240
2,33,26171904,67,12.638365559,0.017657216,0.062927969,0.005626831
7,33,26171904,67,21.491169638,0.017657216,0.062927969,0.006214679
8,33,26171904,67,25.584000458,0.017657216,0.062927969,0.000005291
10,33,26171904,67,0.345984255,0.017657216,0.016111316,0.006093565
1,33,26171904,67,1.013253131,0.017657216,0.016111316,0.014143226
5,33,26171904,67,1.018339356,0.017657216,0.016111316,0.016009747
6,33,26171904,67,1.242847201,0.017657216,0.016111316,0.005766349
4,33,26171904,67,3.945420619,0.017657216,0.016111316,0.006133692
9,33,26171904,67,5.280775276,0.017657216,0.016111316,0.005815013
3,33,26171904,67,9.348683601,0.017657216,0.016111316,0.006237071
2,33,26171904,67,12.638365559,0.017657216,0.016111316,0.005416673
7,33,26171904,67,21.491169638,0.017657216,0.016111316,0.005868942
8,33,26171904,67,25.584000458,0.017657216,0.016111316,0.000005291
10,33,26171904,67,0.345984255,0.017657216,0.012252255,0.005730006
1,33,26171904,67,1.013253131,0.017657216,0.012252255,0.014231294
5,33,26171904,67,1.018339356,0.017657216,0.012252255,0.015804613
6,33,26171904,67,1.242847201,0.017657216,0.012252255,0.006011955
4,33,26171904,67,3.945420619,0.017657216,0.012252255,0.006156189
9,33,26171904,67,5.280775276,0.017657216,0.012252255,0.005491785
3,33,26171904,67,9.348683601,0.017657216,0.012252255,0.006290004
2,33,26171904,67,12.638365559,0.017657216,0.012252255,0.006276451
7,33,26171904,67,21.491169638,0.017657216,0.012252255,0.004251816
8,33,26171904,67,25.584000458,0.017657216,0.012252255,0.000005291
10,33,26171904,67,0.345984255,0.017657216,0.092241548,0.005804532
1,33,26171904,67,1.013253131,0.017657216,0.092241548,0.014671506
5,33,26171904,67,1.018339356,0.017657216,0.092241548,0.016178844
6,33,26171904,67,1.242847201,0.017657216,0.092241548,0.005689384
4,33,26171904,67,3.945420619,0.017657216,0.092241548,0.006195700
9,33,26171904,67,5.280775276,0.017657216,0.092241548,0.006285935
3,33,26171904,67,9.348683601,0.017657216,0.092241548,0.006380590
2,33,26171904,67,12.638365559,0.017657216,0.092241548,0.006602716
7,33,26171904,67,21.491169638,0.017657216,0.092241548,0.006452427
8,33,26171904,67,25.584000458,0.017657216,0.092241548,0.000005291
6,34,26171904,67,0.820450821,0.017657216,0.001603044,0.005465498
9,34,26171904,67,2.049694743,0.017657216,0.001603044,0.005561602
2,34,26171904,67,2.229664033,0.017657216,0.001603044,0.005668254
10,34,26171904,67,3.285204624,0.017657216,0.001603044,0.005888054
8,34,26171904,67,4.613387410,0.017657216,0.001603044,0.006380247
7,34,26171904,67,18.271122048,0.017657216,0.001603044,0.015418580
5,34,26171904,67,18.274107815,0.017657216,0.001603044,0.016233812
4,34,26171904,67,20.960390404,0.017657216,0.001603044,0.006225632
1,34,26171904,67,24.460606093,0.017657216,0.001603044,0.005960400
3,34,26171904,67,37.897913199,0.017657216,0.001603044,0.000005291
6,34,26171904,67,0.820450821,0.017657216,0.028182996,0.005622711
9,34,26171904,67,2.049694743,0.017657216,0.028182996,0.006067526
2,34,26171904,67,2.229664033,0.017657216,0.028182996,0.006444474
10,34,26171904,67,3.285204624,0.017657216,0.028182996,0.006149679
8,34,26171904,67,4.613387410,0.017657216,0.028182996,0.006106668
7,34,26171904,67,18.271122048,0.017657216,0.028182996,0.015994427
5,34,26171904,67,18.274107815,0.017657216,0.028182996,0.017112254
4,34,26171904,67,20.960390404,0.017657216,0.028182996,0.005991645
1,34,26171904,67,24.460606093,0.017657216,0.028182996,0.005909256
3,34,26171904,67,37.897913199,0.017657216,0.028182996,0.000005291
6,34,26171904,67,0.820450821,0.017657216,0.028912686,0.006307254
9,34,26171904,67,2.049694743,0.017657216,0.028912686,0.006259756
2,34,26171904,67,2.229664033,0.017657216,0.028912686,0.006331407
10,34,26171904,67,3.285204624,0.017657216,0.028912686,0.004857427
8,34,26171904,67,4.613387410,0.017657216,0.028912686,0.005961375
7,34,26171904,67,18.271122048,0.017657216,0.028912686,0.015996464
5,34,26171904,67,18.274107815,0.017657216,0.028912686,0.016887297
4,34,26171904,67,20.960390404,0.017657216,0.028912686,0.006335354
1,34,26171904,67,24.460606093,0.017657216,0.028912686,0.005947461
3,34,26171904,67,37.897913199,0.017657216,0.028912686,0.000005291
6,34,26171904,67,0.820450821,0.017657216,0.018168744,0.006176189
9,34,26171904,67,2.049694743,0.017657216,0.018168744,0.005255436
2,34,26171904,67,2.229664033,0.017657216,0.018168744,0.005235794
10,34,26171904,67,3.285204624,0.017657216,0.018168744,0.006099643
8,34,26171904,67,4.613387410,0.017657216,0.018168744,0.006248200
7,34,26171904,67,18.271122048,0.017657216,0.018168744,0.014736684
5,34,26171904,67,18.274107815,0.017657216,0.018168744,0.015673181
4,34,26171904,67,20.960390404,0.017657216,0.018168744,0.005954286
1,34,26171904,67,24.460606093,0.017657216,0.018168744,0.005732277
3,34,26171904,67,37.897913199,0.017657216,0.018168744,0.000005291
6,34,26171904,67,0.820450821,0.017657216,0.067479394,0.005791215
9,34,26171904,67,2.049694743,0.017657216,0.067479394,0.006439382
2,34,26171904,67,2.229664033,0.017657216,0.067479394,0.006174747
10,34,26171904,67,3.285204624,0.017657216,0.067479394,0.006033434
8,34,26171904,67,4.613387410,0.017657216,0.067479394,0.006190248
7,34,26171904,67,18.271122048,0.017657216,0.067479394,0.015814778
5,34,26171904,67,18.274107815,0.017657216,0.067479394,0.016593893
4,34,26171904,67,20.960390404,0.017657216,0.067479394,0.005527965
1,34,26171904,67,24.460606093,0.017657216,0.067479394,0.006651414
3,34,26171904,67,37.897913199,0.017657216,0.067479394,0.000005291
1,35,26171904,67,1.382788160,0.017657216,0.001603920,0.006066111
10,35,26171904,67,1.933771665,0.017657216,0.001603920,0.005836018
4,35,26171904,67,2.278169307,0.017657216,0.001603920,0.005809783
8,35,26171904,67,3.379563963,0.017657216,0.001603920,0.005596916
3,35,26171904,67,3.626888367,0.017657216,0.001603920,0.006178585
9,35,26171904,67,4.693622927,0.017657216,0.001603920,0.006683281
2,35,26171904,67,8.381294631,0.017657216,0.001603920,0.006009572
6,35,26171904,67,12.061542413,0.017657216,0.001603920,0.006856942
7,35,26171904,67,18.487478014,0.017657216,0.001603920,0.006226614
5,35,26171904,67,76.009580045,0.017657216,0.001603920,0.000005291
1,35,26171904,67,1.382788160,0.017657216,0.169930473,0.005106513
10,35,26171904,67,1.933771665,0.017657216,0.169930473,0.005863816
4,35,26171904,67,2.278169307,0.017657216,0.169930473,0.006401757
8,35,26171904,67,3.379563963,0.017657216,0.169930473,0.005717526
3,35,26171904,67,3.626888367,0.017657216,0.169930473,0.005963803
9,35,26171904,67,4.693622927,0.017657216,0.169930473,0.006354817
2,35,26171904,67,8.381294631,0.017657216,0.169930473,0.005141755
6,35,26171904,67,12.061542413,0.017657216,0.169930473,0.006050789
7,35,26171904,67,18.487478014,0.017657216,0.169930473,0.006517246
5,35,26171904,67,76.009580045,0.017657216,0.169930473,0.000005291
1,35,26171904,67,1.382788160,0.017657216,0.006537248,0.005971593
10,35,26171904,67,1.933771665,0.017657216,0.006537248,0.006274469
4,35,26171904,67,2.278169307,0.017657216,0.006537248,0.005771468
8,35,26171904,67,3.379563963,0.017657216,0.006537248,0.006326831
3,35,26171904,67,3.626888367,0.017657216,0.006537248,0.005894348
9,35,26171904,67,4.693622927,0.017657216,0.006537248,0.005509594
2,35,26171904,67,8.381294631,0.017657216,0.006537248,0.006143304
6,35,26171904,67,12.061542413,0.017657216,0.006537248,0.005414870
7,35,26171904,67,18.487478014,0.017657216,0.006537248,0.005486557
5,35,26171904,67,76.009580045,0.017657216,0.006537248,0.000005291
1,35,26171904,67,1.382788160,0.017657216,0.013000222,0.005932155
10,35,26171904,67,1.933771665,0.017657216,0.013000222,0.005746993
4,35,26171904,67,2.278169307,0.017657216,0.013000222,0.005788189
8,35,26171904,67,3.379563963,0.017657216,0.013000222,0.005459693
3,35,26171904,67,3.626888367,0.017657216,0.013000222,0.006319678
9,35,26171904,67,4.693622927,0.017657216,0.013000222,0.005908527
2,35,26171904,67,8.381294631,0.017657216,0.013000222,0.005755720
6,35,26171904,67,12.061542413,0.017657216,0.013000222,0.005840344
7,35,26171904,67,18.487478014,0.017657216,0.013000222,0.006459336
5,35,26171904,67,76.009580045,0.017657216,0.013000222,0.000005291
1,35,26171904,67,1.382788160,0.017657216,0.005116296,0.005203866
10,35,26171904,67,1.933771665,0.017657216,0.005116296,0.006016107
4,35,26171904,67,2.278169307,0.017657216,0.005116296,0.005536022
8,35,26171904,67,3.379563963,0.017657216,0.005116296,0.006383925
3,35,26171904,67,3.626888367,0.017657216,0.005116296,0.005460553
9,35,26171904,67,4.693622927,0.017657216,0.005116296,0.006068029
2,35,26171904,67,8.381294631,0.017657216,0.005116296,0.005982593
6,35,26171904,67,12.061542413,0.017657216,0.005116296,0.005845981
7,35,26171904,67,18.487478014,0.017657216,0.005116296,0.006049684
5,35,26171904,67,76.009580045,0.017657216,0.005116296,0.000005291
6,36,26171904,67,0.587382010,0.017657216,0.017494546,0.005661361
1,36,26171904,67,1.231968757,0.017657216,0.017494546,0.006245162
2,36,26171904,67,2.419082402,0.017657216,0.017494546,0.005515663
3,36,26171904,67,2.789808419,0.017657216,0.017494546,0.006044894
5,36,26171904,67,5.438118088,0.017657216,0.017494546,0.005822821
10,36,26171904,67,6.512859271,0.017657216,0.017494546,0.005989258
7,36,26171904,67,6.970204604,0.017657216,0.017494546,0.006078100
4,36,26171904,67,7.535369515,0.017657216,0.017494546,0.006111803
9,36,26171904,67,8.091729008,0.017657216,0.017494546,0.006324534
8,36,26171904,67,8.489566966,0.017657216,0.017494546,0.000005291
6,36,26171904,67,0.587382010,0.017657216,0.004392627,0.006379749
1,36,26171904,67,1.231968757,0.017657216,0.004392627,0.005833036
2,36,26171904,67,2.419082402,0.017657216,0.004392627,0.006037114
3,36,26171904,67,2.789808419,0.017657216,0.004392627,0.005777753
5,36,26171904,67,5.438118088,0.017657216,0.004392627,0.006021647
10,36,26171904,67,6.512859271,0.017657216,0.004392627,0.006080376
7,36,26171904,67,6.970204604,0.017657216,0.004392627,0.005723525
4,36,26171904,67,7.535369515,0.017657216,0.004392627,0.006483047
9,36,26171904,67,8.091729008,0.017657216,0.004392627,0.005022038
8,36,26171904,67,8.489566966,0.017657216,0.004392627,0.000005291
6,36,26171904,67,0.587382010,0.017657216,0.017763263,0.005382085
1,36,26171904,67,1.231968757,0.017657216,0.017763263,0.005652762
2,36,26171904,67,2.419082402,0.017657216,0.017763263,0.005260968
3,36,26171904,67,2.789808419,0.017657216,0.017763263,0.006553569
5,36,26171904,67,5.438118088,0.017657216,0.017763263,0.005894169
10,36,26171904,67,6.512859271,0.017657216,0.017763263,0.005465159
7,36,26171904,67,6.970204604,0.017657216,0.017763263,0.005480302
4,36,26171904,67,7.535369515,0.017657216,0.017763263,0.006211485
9,36,26171904,67,8.091729008,0.017657216,0.017763263,0.006362269
8,36,26171904,67,8.489566966,0.017657216,0.017763263,0.000005291
6,36,26171904,67,0.587382010,0.017657216,0.021037843,0.006148428
1,36,26171904,67,1.231968757,0.017657216,0.021037843,0.005700017
2,36,26171904,67,2.419082402,0.017657216,0.021037843,0.006005572
3,36,26171904,67,2.789808419,0.017657216,0.021037843,0.005690522
5,36,26171904,67,5.438118088,0.017657216,0.021037843,0.006441837
10,36,26171904,67,6.512859271,0.017657216,0.021037843,0.005711581
7,36,26171904,67,6.970204604,0.017657216,0.021037843,0.006686337
4,36,26171904,67,7.535369515,0.017657216,0.021037843,0.006023517
9,36,26171904,67,8.091729008,0.017657216,0.021037843,0.005492538
8,36,26171904,67,8.489566966,0.017657216,0.021037843,0.000005291
6,36,26171904,67,0.587382010,0.017657216,0.004820498,0.005138806
1,36,26171904,67,1.231968757,0.017657216,0.004820498,0.004989347
2,36,26171904,67,2.419082402,0.017657216,0.004820498,0.005770436
3,36,26171904,67,2.789808419,0.017657216,0.004820498,0.005703134
5,36,26171904,67,5.438118088,0.017657216,0.004820498,0.006645188
10,36,26171904,67,6.512859271,0.017657216,0.004820498,0.005406225
7,36,26171904,67,6.970204604,0.017657216,0.004820498,0.005836429
4,36,26171904,67,7.535369515,0.017657216,0.004820498,0.005976013
9,36,26171904,67,8.091729008,0.017657216,0.004820498,0.005735132
8,36,26171904,67,8.489566966,0.017657216,0.004820498,0.000005291
7,37,26171904,67,0.751119800,0.017657216,0.015505241,0.006176057
1,37,26171904,67,0.820450821,0.017657216,0.015505241,0.005474751
10,37,26171904,67,1.382788160,0.017657216,0.015505241,0.005952940
9,37,26171904,67,3.379563963,0.017657216,0.015505241,0.005950521
3,37,26171904,67,3.626888367,0.017657216,0.015505241,0.006058804
2,37,26171904,67,6.512859271,0.017657216,0.015505241,0.005652513
6,37,26171904,67,7.312411410,0.017657216,0.015505241,0.005568442
4,37,26171904,67,8.091729008,0.017657216,0.015505241,0.006282739
5,37,26171904,67,20.960390404,0.017657216,0.015505241,0.006403818
8,37,26171904,67,21.491169638,0.017657216,0.015505241,0.000005291
7,37,26171904,67,0.751119800,0.017657216,0.008133372,0.005936886
1,37,26171904,67,0.820450821,0.017657216,0.008133372,0.006071390
10,37,26171904,67,1.382788160,0.017657216,0.008133372,0.006430681
9,37,26171904,67,3.379563963,0.017657216,0.008133372,0.006090990
3,37,26171904,67,3.626888367,0.017657216,0.008133372,0.005826683
2,37,26171904,67,6.512859271,0.017657216,0.008133372,0.006156506
6,37,26171904,67,7.312411410,0.017657216,0.008133372,0.005993075
4,37,26171904,67,8.091729008,0.017657216,0.008133372,0.005323083
5,37,26171904,67,20.960390404,0.017657216,0.008133372,0.005407781
8,37,26171904,67,21.491169638,0.017657216,0.008133372,0.000005291
7,37,26171904,67,0.751119800,0.017657216,0.213407308,0.005389729
1,37,26171904,67,0.820450821,0.017657216,0.213407308,0.005764290
10,37,26171904,67,1.382788160,0.017657216,0.213407308,0.006405910
9,37,26171904,67,3.379563963,0.017657216,0.213407308,0.006116780
3,37,26171904,67,3.626888367,0.017657216,0.213407308,0.005418312
2,37,26171904,67,6.512859271,0.017657216,0.213407308,0.005452272
6,37,26171904,67,7.312411410,0.017657216,0.213407308,0.005857713
4,37,26171904,67,8.091729008,0.017657216,0.213407308,0.006154715
5,37,26171904,67,20.960390404,0.017657216,0.213407308,0.006393594
8,37,26171904,67,21.491169638,0.017657216,0.213407308,0.000005291
7,37,26171904,67,0.751119800,0.017657216,0.002373037,0.005892402
1,37,26171904,67,0.820450821,0.017657216,0.002373037,0.005240509
10,37,26171904,67,1.382788160,0.017657216,0.002373037,0.006515452
9,37,26171904,67,3.379563963,0.017657216,0.002373037,0.006129041
3,37,26171904,67,3.626888367,0.017657216,0.002373037,0.005778872
2,37,26171904,67,6.512859271,0.017657216,0.002373037,0.006340759
6,37,26171904,67,7.312411410,0.017657216,0.002373037,0.006328686
4,37,26171904,67,8.091729008,0.017657216,0.002373037,0.006398188
5,37,26171904,67,20.960390404,0.017657216,0.002373037,0.006501562
8,37,26171904,67,21.491169638,0.017657216,0.002373037,0.000005291
7,37,26171904,67,0.751119800,0.017657216,0.055196557,0.006812083
1,37,26171904,67,0.820450821,0.017657216,0.055196557,0.005656547
10,37,26171904,67,1.382788160,0.017657216,0.055196557,0.006404013
9,37,26171904,67,3.379563963,0.017657216,0.055196557,0.005613637
3,37,26171904,67,3.626888367,0.017657216,0.055196557,0.005864054
2,37,26171904,67,6.512859271,0.017657216,0.055196557,0.004781364
6,37,26171904,67,7.312411410,0.017657216,0.055196557,0.005651475
4,37,26171904,67,8.091729008,0.017657216,0.055196557,0.005704634
5,37,26171904,67,20.960390404,0.017657216,0.055196557,0.005786474
8,37,26171904,67,21.491169638,0.017657216,0.055196557,0.000005291
2,38,26171904,67,0.387603278,0.017657216,0.055274688,0.005930317
4,38,26171904,67,0.587382010,0.017657216,0.055274688,0.005329070
3,38,26171904,67,1.013253131,0.017657216,0.055274688,0.005861161
5,38,26171904,67,3.285204624,0.017657216,0.055274688,0.005624133
6,38,26171904,67,3.945420619,0.017657216,0.055274688,0.006061686
8,38,26171904,67,7.312411410,0.017657216,0.055274688,0.006142993
1,38,26171904,67,7.535369515,0.017657216,0.055274688,0.006159763
7,38,26171904,67,12.638365559,0.017657216,0.055274688,0.006311468
10,38,26171904,67,13.033566800,0.017657216,0.055274688,0.006015873
9,38,26171904,67,18.487478014,0.017657216,0.055274688,0.000005291
2,38,26171904,67,0.387603278,0.017657216,0.016539553,0.006275475
4,38,26171904,67,0.587382010,0.017657216,0.016539553,0.006138859
3,38,26171904,67,1.013253131,0.017657216,0.016539553,0.006561691
5,38,26171904,67,3.285204624,0.017657216,0.016539553,0.006237519
6,38,26171904,67,3.945420619,0.017657216,0.016539553,0.006085855
8,38,26171904,67,7.312411410,0.017657216,0.016539553,0.005664942
1,38,26171904,67,7.535369515,0.017657216,0.016539553,0.005801045
7,38,26171904,67,12.638365559,0.017657216,0.016539553,0.005784314
10,38,26171904,67,13.033566800,0.017657216,0.016539553,0.005872741
9,38,26171904,67,18.487478014,0.017657216,0.016539553,0.000005291
2,38,26171904,67,0.387603278,0.017657216,0.110546045,0.006790205
4,38,26171904,67,0.587382010,0.017657216,0.110546045,0.005720627
3,38,26171904,67,1.013253131,0.017657216,0.110546045,0.006268514
5,38,26171904,67,3.285204624,0.017657216,0.110546045,0.005496496
6,38,26171904,67,3.945420619,0.017657216,0.110546045,0.005499055
8,38,26171904,67,7.312411410,0.017657216,0.110546045,0.006468464
1,38,26171904,67,7.535369515,0.017657216,0.110546045,0.006089826
7,38,26171904,67,12.638365559,0.017657216,0.110546045,0.006620971
10,38,26171904,67,13.033566800,0.017657216,0.110546045,0.005354162
9,38,26171904,67,18.487478014,0.017657216,0.110546045,0.000005291
2,38,26171904,67,0.387603278,0.017657216,0.079247013,0.006008485
4,38,26171904,67,0.587382010,0.017657216,0.079247013,0.005808101
3,38,26171904,67,1.013253131,0.017657216,0.079247013,0.005929488
5,38,26171904,67,3.285204624,0.017657216,0.079247013,0.005778614
6,38,26171904,67,3.945420619,0.017657216,0.079247013,0.005865093
8,38,26171904,67,7.312411410,0.017657216,0.079247013,0.005802600
1,38,26171904,67,7.535369515,0.017657216,0.079247013,0.006367638
7,38,26171904,67,12.638365559,0.017657216,0.079247013,0.005380442
10,38,26171904,67,13.033566800,0.017657216,0.079247013,0.005625462
9,38,26171904,67,18.487478014,0.017657216,0.079247013,0.000005291
2,38,26171904,67,0.387603278,0.017657216,0.022296004,0.006503902
4,38,26171904,67,0.587382010,0.017657216,0.022296004,0.006221892
3,38,26171904,67,1.013253131,0.017657216,0.022296004,0.006275624
5,38,26171904,67,3.285204624,0.017657216,0.022296004,0.005905572
6,38,26171904,67,3.945420619,0.017657216,0.022296004,0.005478017
8,38,26171904,67,7.312411410,0.017657216,0.022296004,0.005278867
1,38,26171904,67,7.535369515,0.017657216,0.022296004,0.005884594
7,38,26171904,67,12.638365559,0.017657216,0.022296004,0.006028808
10,38,26171904,67,13.033566800,0.017657216,0.022296004,0.006367519
9,38,26171904,67,18.487478014,0.017657216,0.022296004,0.000005291
1,39,26171904,67,0.751119800,0.017657216,0.034594994,0.005894337
7,39,26171904,67,1.134459824,0.017657216,0.034594994,0.005798140
5,39,26171904,67,1.933771665,0.017657216,0.034594994,0.006449071
3,39,26171904,67,2.049694743,0.017657216,0.034594994,0.005847361
4,39,26171904,67,2.278169307,0.017657216,0.034594994,0.005771004
9,39,26171904,67,4.613387410,0.017657216,0.034594994,0.005929075
8,39,26171904,67,5.438118088,0.017657216,0.034594994,0.005340122
10,39,26171904,67,18.271122048,0.017657216,0.034594994,0.005934757
2,39,26171904,67,24.460606093,0.017657216,0.034594994,0.006000218
6,39,26171904,67,25.584000458,0.017657216,0.034594994,0.000005291
1,39,26171904,67,0.751119800,0.017657216,0.033098340,0.006264525
7,39,26171904,67,1.134459824,0.017657216,0.033098340,0.006495457
5,39,26171904,67,1.933771665,0.017657216,0.033098340,0.005580981
3,39,26171904,67,2.049694743,0.017657216,0.033098340,0.006008184
4,39,26171904,67,2.278169307,0.017657216,0.033098340,0.005980275
9,39,26171904,67,4.613387410,0.017657216,0.033098340,0.005774362
8,39,26171904,67,5.438118088,0.017657216,0.033098340,0.006067269
10,39,26171904,67,18.271122048,0.017657216,0.033098340,0.005979136
2,39,26171904,67,24.460606093,0.017657216,0.033098340,0.006166881
6,39,26171904,67,25.584000458,0.017657216,0.033098340,0.000005291
1,39,26171904,67,0.751119800,0.017657216,0.108798489,0.006183267
7,39,26171904,67,1.134459824,0.017657216,0.108798489,0.004870659
5,39,26171904,67,1.933771665,0.017657216,0.108798489,0.006549673
3,39,26171904,67,2.049694743,0.017657216,0.108798489,0.006349461
4,39,26171904,67,2.278169307,0.017657216,0.108798489,0.006270767
9,39,26171904,67,4.613387410,0.017657216,0.108798489,0.005396659
8,39,26171904,67,5.438118088,0.017657216,0.108798489,0.005943448
10,39,26171904,67,18.271122048,0.017657216,0.108798489,0.005702852
2,39,26171904,67,24.460606093,0.017657216,0.108798489,0.005782440
6,39,26171904,67,25.584000458,0.017657216,0.108798489,0.000005291
1,39,26171904,67,0.751119800,0.017657216,0.046074215,0.005051353
7,39,26171904,67,1.134459824,0.017657216,0.046074215,0.006403690
5,39,26171904,67,1.933771665,0.017657216,0.046074215,0.006338383
3,39,26171904,67,2.049694743,0.017657216,0.046074215,0.005598268
4,39,26171904,67,2.278169307,0.017657216,0.046074215,0.006349750
9,39,26171904,67,4.613387410,0.017657216,0.046074215,0.005880234
8,39,26171904,67,5.438118088,0.017657216,0.046074215,0.005725812
10,39,26171904,67,18.271122048,0.017657216,0.046074215,0.005707875
2,39,26171904,67,24.460606093,0.017657216,0.046074215,0.005242579
6,39,26171904,67,25.584000458,0.017657216,0.046074215,0.000005291
1,39,26171904,67,0.751119800,0.017657216,0.085568272,0.005946273
7,39,26171904,67,1.134459824,0.017657216,0.085568272,0.005550881
5,39,26171904,67,1.933771665,0.017657216,0.085568272,0.005316378
3,39,26171904,67,2.049694743,0.017657216,0.085568272,0.005996808
4,39,26171904,67,2.278169307,0.017657216,0.085568272,0.006336134
9,39,26171904,67,4.613387410,0.017657216,0.085568272,0.006155425
8,39,26171904,67,5.438118088,0.017657216,0.085568272,0.005470098
10,39,26171904,67,18.271122048,0.017657216,0.085568272,0.005752924
2,39,26171904,67,24.460606093,0.017657216,0.085568272,0.006052594
6,39,26171904,67,25.584000458,0.017657216,0.085568272,0.000005291
7,40,26171904,67,0.345984255,0.017657216,0.047946416,0.006422853
2,40,26171904,67,1.231968757,0.017657216,0.047946416,0.010517678
10,40,26171904,67,1.242847201,0.017657216,0.047946416,0.013994187
6,40,26171904,67,2.419082402,0.017657216,0.047946416,0.006581253
8,40,26171904,67,2.789808419,0.017657216,0.047946416,0.005756598
1,40,26171904,67,6.970204604,0.017657216,0.047946416,0.005900382
9,40,26171904,67,9.348683601,0.017657216,0.047946416,0.006092920
5,40,26171904,67,12.061542413,0.017657216,0.047946416,0.006075924
4,40,26171904,67,18.274107815,0.017657216,0.047946416,0.005794704
3,40,26171904,67,37.897913199,0.017657216,0.047946416,0.000005291
7,40,26171904,67,0.345984255,0.017657216,0.027580462,0.005857308
2,40,26171904,67,1.231968757,0.017657216,0.027580462,0.010947784
10,40,26171904,67,1.242847201,0.017657216,0.027580462,0.014707714
6,40,26171904,67,2.419082402,0.017657216,0.027580462,0.006041440
8,40,26171904,67,2.789808419,0.017657216,0.027580462,0.005702387
1,40,26171904,67,6.970204604,0.017657216,0.027580462,0.005458331
9,40,26171904,67,9.348683601,0.017657216,0.027580462,0.006081954
5,40,26171904,67,12.061542413,0.017657216,0.027580462,0.006164563
4,40,26171904,67,18.274107815,0.017657216,0.027580462,0.005592327
3,40,26171904,67,37.897913199,0.017657216,0.027580462,0.000005291
7,40,26171904,67,0.345984255,0.017657216,0.004274390,0.006278735
2,40,26171904,67,1.231968757,0.017657216,0.004274390,0.010537612
10,40,26171904,67,1.242847201,0.017657216,0.004274390,0.014619031
6,40,26171904,67,2.419082402,0.017657216,0.004274390,0.005902540
8,40,26171904,67,2.789808419,0.017657216,0.004274390,0.006076854
1,40,26171904,67,6.970204604,0.017657216,0.004274390,0.005852524
9,40,26171904,67,9.348683601,0.017657216,0.004274390,0.006133137
5,40,26171904,67,12.061542413,0.017657216,0.004274390,0.005804282
4,40,26171904,67,18.274107815,0.017657216,0.004274390,0.006564133
3,40,26171904,67,37.897913199,0.017657216,0.004274390,0.000005291
7,40,26171904,67,0.345984255,0.017657216,0.006021778,0.006017415
2,40,26171904,67,1.231968757,0.017657216,0.006021778,0.010706407
10,40,26171904,67,1.242847201,0.017657216,0.006021778,0.013922252
6,40,26171904,67,2.419082402,0.017657216,0.006021778,0.005991119
8,40,26171904,67,2.789808419,0.017657216,0.006021778,0.004851690
1,40,26171904,67,6.970204604,0.017657216,0.006021778,0.006309036
9,40,26171904,67,9.348683601,0.017657216,0.006021778,0.005748641
5,40,26171904,67,12.061542413,0.017657216,0.006021778,0.005644413
4,40,26171904,67,18.274107815,0.017657216,0.006021778,0.005785714
3,40,26171904,67,37.897913199,0.017657216,0.006021778,0.000005291
7,40,26171904,67,0.345984255,0.017657216,0.106442176,0.005792914
2,40,26171904,67,1.231968757,0.017657216,0.106442176,0.010318710
10,40,26171904,67,1.242847201,0.017657216,0.106442176,0.013840865
6,40,26171904,67,2.419082402,0.017657216,0.106442176,0.006086676
8,40,26171904,67,2.789808419,0.017657216,0.106442176,0.006191905
1,40,26171904,67,6.970204604,0.017657216,0.106442176,0.005346035
9,40,26171904,67,9.348683601,0.017657216,0.106442176,0.005887311
5,40,26171904,67,12.061542413,0.017657216,0.106442176,0.006160684
4,40,26171904,67,18.274107815,0.017657216,0.106442176,0.006324777
3,40,26171904,67,37.897913199,0.017657216,0.106442176,0.000005291
10,41,26171904,67,0.345984255,0.017657216,0.041769195,0.006445331
6,41,26171904,67,1.018339356,0.017657216,0.041769195,0.005768864
9,41,26171904,67,2.229664033,0.017657216,0.041769195,0.006369326
2,41,26171904,67,4.693622927,0.017657216,0.041769195,0.006262947
5,41,26171904,67,5.280775276,0.017657216,0.041769195,0.005952821
4,41,26171904,67,8.381294631,0.017657216,0.041769195,0.006392872
7,41,26171904,67,8.489566966,0.017657216,0.041769195,0.005795197
8,41,26171904,67,10.888500769,0.017657216,0.041769195,0.005658476
1,41,26171904,67,18.274107815,0.017657216,0.041769195,0.005870171
3,41,26171904,67,76.009580045,0.017657216,0.041769195,0.000005291
10,41,26171904,67,0.345984255,0.017657216,0.007283120,0.005823818
6,41,26171904,67,1.018339356,0.017657216,0.007283120,0.006035975
9,41,26171904,67,2.229664033,0.017657216,0.007283120,0.005645345
2,41,26171904,67,4.693622927,0.017657216,0.007283120,0.005902931
5,41,26171904,67,5.280775276,0.017657216,0.007283120,0.006367176
4,41,26171904,67,8.381294631,0.017657216,0.007283120,0.005962765
7,41,26171904,67,8.489566966,0.017657216,0.007283120,0.006548463
8,41,26171904,67,10.888500769,0.017657216,0.007283120,0.005761334
1,41,26171904,67,18.274107815,0.017657216,0.007283120,0.006192307
3,41,26171904,67,76.009580045,0.017657216,0.007283120,0.000005291
10,41,26171904,67,0.345984255,0.017657216,0.230462864,0.005254023
6,41,26171904,67,1.018339356,0.017657216,0.230462864,0.005903782
9,41,26171904,67,2.229664033,0.017657216,0.230462864,0.005746412
2,41,26171904,67,4.693622927,0.017657216,0.230462864,0.006041584
5,41,26171904,67,5.280775276,0.017657216,0.230462864,0.005960978
4,41,26171904,67,8.381294631,0.017657216,0.230462864,0.005926547
7,41,26171904,67,8.489566966,0.017657216,0.230462864,0.005846920
8,41,26171904,67,10.888500769,0.017657216,0.230462864,0.005188198
1,41,26171904,67,18.274107815,0.017657216,0.230462864,0.006669456
3,41,26171904,67,76.009580045,0.017657216,0.230462864,0.000005291
10,41,26171904,67,0.345984255,0.017657216,0.111903794,0.005850447
6,41,26171904,67,1.018339356,0.017657216,0.111903794,0.005628328
9,41,26171904,67,2.229664033,0.017657216,0.111903794,0.006091956
2,41,26171904,67,4.693622927,0.017657216,0.111903794,0.006397516
5,41,26171904,67,5.280775276,0.017657216,0.111903794,0.006588800
4,41,26171904,67,8.381294631,0.017657216,0.111903794,0.006113632
7,41,26171904,67,8.489566966,0.017657216,0.111903794,0.006048374
8,41,26171904,67,10.888500769,0.017657216,0.111903794,0.006449587
1,41,26171904,67,18.274107815,0.017657216,0.111903794,0.005867263
3,41,26171904,67,76.009580045,0.017657216,0.111903794,0.000005291
10,41,26171904,67,0.345984255,0.017657216,0.092555225,0.005562527
6,41,26171904,67,1.018339356,0.017657216,0.092555225,0.005403169
9,41,26171904,67,2.229664033,0.017657216,0.092555225,0.005469207
2,41,26171904,67,4.693622927,0.017657216,0.092555225,0.006089061
5,41,26171904,67,5.280775276,0.017657216,0.092555225,0.006587807
4,41,26171904,67,8.381294631,0.017657216,0.092555225,0.005906544
7,41,26171904,67,8.489566966,0.017657216,0.092555225,0.005929875
8,41,26171904,67,10.888500769,0.017657216,0.092555225,0.005885907
1,41,26171904,67,18.274107815,0.017657216,0.092555225,0.006389473
3,41,26171904,67,76.009580045,0.017657216,0.092555225,0.000005291
1,42,26171904,67,0.587382010,0.017657216,0.010789832,0.006614036
6,42,26171904,67,1.013253131,0.017657216,0.010789832,0.005096396
3,42,26171904,67,1.231968757,0.017657216,0.010789832,0.006078248
9,42,26171904,67,1.382788160,0.017657216,0.010789832,0.006379269
7,42,26171904,67,1.933771665,0.017657216,0.010789832,0.006317926
10,42,26171904,67,2.049694743,0.017657216,0.010789832,0.005683979
8,42,26171904,67,3.285204624,0.017657216,0.010789832,0.005918240
2,42,26171904,67,3.379563963,0.017657216,0.010789832,0.005855315
4,42,26171904,67,8.489566966,0.017657216,0.010789832,0.006342071
5,42,26171904,67,21.491169638,0.017657216,0.010789832,0.000005291
1,42,26171904,67,0.587382010,0.017657216,0.030696284,0.005407141
6,42,26171904,67,1.013253131,0.017657216,0.030696284,0.005580872
3,42,26171904,67,1.231968757,0.017657216,0.030696284,0.005605466
9,42,26171904,67,1.382788160,0.017657216,0.030696284,0.005764388
7,42,26171904,67,1.933771665,0.017657216,0.030696284,0.006180027
10,42,26171904,67,2.049694743,0.017657216,0.030696284,0.006270215
8,42,26171904,67,3.285204624,0.017657216,0.030696284,0.006021579
2,42,26171904,67,3.379563963,0.017657216,0.030696284,0.005451798
4,42,26171904,67,8.489566966,0.017657216,0.030696284,0.005903854
5,42,26171904,67,21.491169638,0.017657216,0.030696284,0.000005291
1,42,26171904,67,0.587382010,0.017657216,0.063752741,0.005819560
6,42,26171904,67,1.013253131,0.017657216,0.063752741,0.005947059
3,42,26171904,67,1.231968757,0.017657216,0.063752741,0.006400638
9,42,26171904,67,1.382788160,0.017657216,0.063752741,0.006617540
7,42,26171904,67,1.933771665,0.017657216,0.063752741,0.006177908
10,42,26171904,67,2.049694743,0.017657216,0.063752741,0.006264640
8,42,26171904,67,3.285204624,0.017657216,0.063752741,0.005685338
2,42,26171904,67,3.379563963,0.017657216,0.063752741,0.005798216
4,42,26171904,67,8.489566966,0.017657216,0.063752741,0.005558643
5,42,26171904,67,21.491169638,0.017657216,0.063752741,0.000005291
1,42,26171904,67,0.587382010,0.017657216,0.009940411,0.005652069
6,42,26171904,67,1.013253131,0.017657216,0.009940411,0.005998805
3,42,26171904,67,1.231968757,0.017657216,0.009940411,0.006318569
9,42,26171904,67,1.382788160,0.017657216,0.009940411,0.006391045
7,42,26171904,67,1.933771665,0.017657216,0.009940411,0.005195304
10,42,26171904,67,2.049694743,0.017657216,0.009940411,0.006194223
8,42,26171904,67,3.285204624,0.017657216,0.009940411,0.006288211
2,42,26171904,67,3.379563963,0.017657216,0.009940411,0.004690206
4,42,26171904,67,8.489566966,0.017657216,0.009940411,0.006118196
5,42,26171904,67,21.491169638,0.017657216,0.009940411,0.000005291
1,42,26171904,67,0.587382010,0.017657216,0.008085564,0.005956864
6,42,26171904,67,1.013253131,0.017657216,0.008085564,0.006341334
3,42,26171904,67,1.231968757,0.017657216,0.008085564,0.005710549
9,42,26171904,67,1.382788160,0.017657216,0.008085564,0.005828406
7,42,26171904,67,1.933771665,0.017657216,0.008085564,0.005131496
10,42,26171904,67,2.049694743,0.017657216,0.008085564,0.005967098
8,42,26171904,67,3.285204624,0.017657216,0.008085564,0.006249192
2,42,26171904,67,3.379563963,0.017657216,0.008085564,0.006299851
4,42,26171904,67,8.489566966,0.017657216,0.008085564,0.006185432
5,42,26171904,67,21.491169638,0.017657216,0.008085564,0.000005291
2,43,26171904,67,0.820450821,0.017657216,0.033362888,0.006143386
10,43,26171904,67,2.789808419,0.017657216,0.033362888,0.006245086
5,43,26171904,67,3.626888367,0.017657216,0.033362888,0.005492301
6,43,26171904,67,4.693622927,0.017657216,0.033362888,0.006184342
8,43,26171904,67,5.438118088,0.017657216,0.033362888,0.005919931
9,43,26171904,67,6.512859271,0.017657216,0.033362888,0.005468829
7,43,26171904,67,8.091729008,0.017657216,0.033362888,0.006243457
3,43,26171904,67,12.061542413,0.017657216,0.033362888,0.006923696
1,43,26171904,67,18.487478014,0.017657216,0.033362888,0.005526422
4,43,26171904,67,37.897913199,0.017657216,0.033362888,0.000005291
2,43,26171904,67,0.820450821,0.017657216,0.071950175,0.005832956
10,43,26171904,67,2.789808419,0.017657216,0.071950175,0.005689124
5,43,26171904,67,3.626888367,0.017657216,0.071950175,0.004963451
6,43,26171904,67,4.693622927,0.017657216,0.071950175,0.005060381
8,43,26171904,67,5.438118088,0.017657216,0.071950175,0.006169957
9,43,26171904,67,6.512859271,0.017657216,0.071950175,0.005899484
7,43,26171904,67,8.091729008,0.017657216,0.071950175,0.006401654
3,43,26171904,67,12.061542413,0.017657216,0.071950175,0.005688598
1,43,26171904,67,18.487478014,0.017657216,0.071950175,0.006335822
4,43,26171904,67,37.897913199,0.017657216,0.071950175,0.000005291
2,43,26171904,67,0.820450821,0.017657216,0.039247207,0.005734565
10,43,26171904,67,2.789808419,0.017657216,0.039247207,0.006134088
5,43,26171904,67,3.626888367,0.017657216,0.039247207,0.005952807
6,43,26171904,67,4.693622927,0.017657216,0.039247207,0.005751246
8,43,26171904,67,5.438118088,0.017657216,0.039247207,0.006547502
9,43,26171904,67,6.512859271,0.017657216,0.039247207,0.006208526
7,43,26171904,67,8.091729008,0.017657216,0.039247207,0.005907219
3,43,26171904,67,12.061542413,0.017657216,0.039247207,0.005426025
1,43,26171904,67,18.487478014,0.017657216,0.039247207,0.005447045
4,43,26171904,67,37.897913199,0.017657216,0.039247207,0.000005291
2,43,26171904,67,0.820450821,0.017657216,0.051591180,0.005868022
10,43,26171904,67,2.789808419,0.017657216,0.051591180,0.006234712
5,43,26171904,67,3.626888367,0.017657216,0.051591180,0.005559706
6,43,26171904,67,4.693622927,0.017657216,0.051591180,0.005128117
8,43,26171904,67,5.438118088,0.017657216,0.051591180,0.005360643
9,43,26171904,67,6.512859271,0.017657216,0.051591180,0.005703528
7,43,26171904,67,8.091729008,0.017657216,0.051591180,0.005875911
3,43,26171904,67,12.061542413,0.017657216,0.051591180,0.006396911
1,43,26171904,67,18.487478014,0.017657216,0.051591180,0.006102973
4,43,26171904,67,37.897913199,0.017657216,0.051591180,0.000005291
2,43,26171904,67,0.820450821,0.017657216,0.006740329,0.006004485
10,43,26171904,67,2.789808419,0.017657216,0.006740329,0.005592677
5,43,26171904,67,3.626888367,0.017657216,0.006740329,0.006023251
6,43,26171904,67,4.693622927,0.017657216,0.006740329,0.006080976
8,43,26171904,67,5.438118088,0.017657216,0.006740329,0.006099683
9,43,26171904,67,6.512859271,0.017657216,0.006740329,0.006159276
7,43,26171904,67,8.091729008,0.017657216,0.006740329,0.005927256
3,43,26171904,67,12.061542413,0.017657216,0.006740329,0.004857370
1,43,26171904,67,18.487478014,0.017657216,0.006740329,0.005548165
4,43,26171904,67,37.897913199,0.017657216,0.006740329,0.000005291
8,44,26171904,67,0.387603278,0.017657216,0.039179344,0.005922347
7,44,26171904,67,1.018339356,0.017657216,0.039179344,0.006216483
5,44,26171904,67,1.134459824,0.017657216,0.039179344,0.006159023
9,44,26171904,67,1.242847201,0.017657216,0.039179344,0.005684103
4,44,26171904,67,2.229664033,0.017657216,0.039179344,0.005890995
1,44,26171904,67,5.280775276,0.017657216,0.039179344,0.006134067
10,44,26171904,67,7.312411410,0.017657216,0.039179344,0.006338337
6,44,26171904,67,7.535369515,0.017657216,0.039179344,0.005948440
3,44,26171904,67,9.348683601,0.017657216,0.039179344,0.005778752
2,44,26171904,67,18.271122048,0.017657216,0.039179344,0.000005291
8,44,26171904,67,0.387603278,0.017657216,0.016015597,0.004366237
7,44,26171904,67,1.018339356,0.017657216,0.016015597,0.005556585
5,44,26171904,67,1.134459824,0.017657216,0.016015597,0.005708884
9,44,26171904,67,1.242847201,0.017657216,0.016015597,0.006183127
4,44,26171904,67,2.229664033,0.017657216,0.016015597,0.006069768
1,44,26171904,67,5.280775276,0.017657216,0.016015597,0.005822465
10,44,26171904,67,7.312411410,0.017657216,0.016015597,0.006478347
6,44,26171904,67,7.535369515,0.017657216,0.016015597,0.005628516
3,44,26171904,67,9.348683601,0.017657216,0.016015597,0.005888263
2,44,26171904,67,18.271122048,0.017657216,0.016015597,0.000005291
8,44,26171904,67,0.387603278,0.017657216,0.019712854,0.005949498
7,44,26171904,67,1.018339356,0.017657216,0.019712854,0.006418163
5,44,26171904,67,1.134459824,0.017657216,0.019712854,0.006428346
9,44,26171904,67,1.242847201,0.017657216,0.019712854,0.006520052
4,44,26171904,67,2.229664033,0.017657216,0.019712854,0.005956503
1,44,26171904,67,5.280775276,0.017657216,0.019712854,0.006068926
10,44,26171904,67,7.312411410,0.017657216,0.019712854,0.006321699
6,44,26171904,67,7.535369515,0.017657216,0.019712854,0.005312218
3,44,26171904,67,9.348683601,0.017657216,0.019712854,0.006111592
2,44,26171904,67,18.271122048,0.017657216,0.019712854,0.000005291
8,44,26171904,67,0.387603278,0.017657216,0.013100094,0.006092308
7,44,26171904,67,1.018339356,0.017657216,0.013100094,0.005450776
5,44,26171904,67,1.134459824,0.017657216,0.013100094,0.006352700
9,44,26171904,67,1.242847201,0.017657216,0.013100094,0.005891841
4,44,26171904,67,2.229664033,0.017657216,0.013100094,0.005576343
1,44,26171904,67,5.280775276,0.017657216,0.013100094,0.005909782
10,44,26171904,67,7.312411410,0.017657216,0.013100094,0.005988364
6,44,26171904,67,7.535369515,0.017657216,0.013100094,0.006832218
3,44,26171904,67,9.348683601,0.017657216,0.013100094,0.005780534
2,44,26171904,67,18.271122048,0.017657216,0.013100094,0.000005291
8,44,26171904,67,0.387603278,0.017657216,0.041395877,0.005711681
7,44,26171904,67,1.018339356,0.017657216,0.041395877,0.005996079
5,44,26171904,67,1.134459824,0.017657216,0.041395877,0.006434380
9,44,26171904,67,1.242847201,0.017657216,0.041395877,0.006125068
4,44,26171904,67,2.229664033,0.017657216,0.041395877,0.005816407
1,44,26171904,67,5.280775276,0.017657216,0.041395877,0.006035126
10,44,26171904,67,7.312411410,0.017657216,0.041395877,0.005371205
6,44,26171904,67,7.535369515,0.017657216,0.041395877,0.006256449
3,44,26171904,67,9.348683601,0.017657216,0.041395877,0.005770117
2,44,26171904,67,18.271122048,0.017657216,0.041395877,0.000005291
3,45,26171904,67,0.751119800,0.017657216,0.005648990,0.006218120
8,45,26171904,67,2.278169307,0.017657216,0.005648990,0.005570885
2,45,26171904,67,2.419082402,0.017657216,0.005648990,0.006514703
1,45,26171904,67,8.381294631,0.017657216,0.005648990,0.005764678
6,45,26171904,67,10.888500769,0.017657216,0.005648990,0.005814015
10,45,26171904,67,12.638365559,0.017657216,0.005648990,0.006101885
4,45,26171904,67,13.033566800,0.017657216,0.005648990,0.006133161
9,45,26171904,67,20.960390404,0.017657216,0.005648990,0.006115062
7,45,26171904,67,24.460606093,0.017657216,0.005648990,0.006135329
5,45,26171904,67,76.009580045,0.017657216,0.005648990,0.000005291
3,45,26171904,67,0.751119800,0.017657216,0.000670403,0.006223916
8,45,26171904,67,2.278169307,0.017657216,0.000670403,0.006079933
2,45,26171904,67,2.419082402,0.017657216,0.000670403,0.006024566
1,45,26171904,67,8.381294631,0.017657216,0.000670403,0.005119924
6,45,26171904,67,10.888500769,0.017657216,0.000670403,0.005875460
10,45,26171904,67,12.638365559,0.017657216,0.000670403,0.005682305
4,45,26171904,67,13.033566800,0.017657216,0.000670403,0.006107782
9,45,26171904,67,20.960390404,0.017657216,0.000670403,0.006407756
7,45,26171904,67,24.460606093,0.017657216,0.000670403,0.005761221
5,45,26171904,67,76.009580045,0.017657216,0.000670403,0.000005291
3,45,26171904,67,0.751119800,0.017657216,0.100203849,0.005993509
8,45,26171904,67,2.278169307,0.017657216,0.100203849,0.006260103
2,45,26171904,67,2.419082402,0.017657216,0.100203849,0.005873256
1,45,26171904,67,8.381294631,0.017657216,0.100203849,0.005984797
6,45,26171904,67,10.888500769,0.017657216,0.100203849,0.006013405
10,45,26171904,67,12.638365559,0.017657216,0.100203849,0.006095116
4,45,26171904,67,13.033566800,0.017657216,0.100203849,0.005869448
9,45,26171904,67,20.960390404,0.017657216,0.100203849,0.006181483
7,45,26171904,67,24.460606093,0.017657216,0.100203849,0.005670309
5,45,26171904,67,76.009580045,0.017657216,0.100203849,0.000005291
3,45,26171904,67,0.751119800,0.017657216,0.005738557,0.006356649
8,45,26171904,67,2.278169307,0.017657216,0.005738557,0.005997660
2,45,26171904,67,2.419082402,0.017657216,0.005738557,0.006011386
1,45,26171904,67,8.381294631,0.017657216,0.005738557,0.006377576
6,45,26171904,67,10.888500769,0.017657216,0.005738557,0.005467283
10,45,26171904,67,12.638365559,0.017657216,0.005738557,0.005136015
4,45,26171904,67,13.033566800,0.017657216,0.005738557,0.005137072
9,45,26171904,67,20.960390404,0.017657216,0.005738557,0.005831628
7,45,26171904,67,24.460606093,0.017657216,0.005738557,0.006038778
5,45,26171904,67,76.009580045,0.017657216,0.005738557,0.000005291
3,45,26171904,67,0.751119800,0.017657216,0.010024346,0.006078603
8,45,26171904,67,2.278169307,0.017657216,0.010024346,0.006102009
2,45,26171904,67,2.419082402,0.017657216,0.010024346,0.006174089
1,45,26171904,67,8.381294631,0.017657216,0.010024346,0.005888975
6,45,26171904,67,10.888500769,0.017657216,0.010024346,0.006098896
10,45,26171904,67,12.638365559,0.017657216,0.010024346,0.006160818
4,45,26171904,67,13.033566800,0.017657216,0.010024346,0.005428629
9,45,26171904,67,20.960390404,0.017657216,0.010024346,0.006050575
7,45,26171904,67,24.460606093,0.017657216,0.010024346,0.005898977
5,45,26171904,67,76.009580045,0.017657216,0.010024346,0.000005291
3,46,26171904,67,2.789808419,0.017657216,0.000751627,0.005922703
5,46,26171904,67,3.285204624,0.017657216,0.000751627,0.005394793
8,46,26171904,67,3.945420619,0.017657216,0.000751627,0.005913804
4,46,26171904,67,4.613387410,0.017657216,0.000751627,0.005894067
1,46,26171904,67,5.438118088,0.017657216,0.000751627,0.005897782
9,46,26171904,67,6.970204604,0.017657216,0.000751627,0.006225519
10,46,26171904,67,9.348683601,0.017657216,0.000751627,0.005288218
6,46,26171904,67,12.638365559,0.017657216,0.000751627,0.005573256
2,46,26171904,67,13.033566800,0.017657216,0.000751627,0.006341917
7,46,26171904,67,25.584000458,0.017657216,0.000751627,0.000005291
3,46,26171904,67,2.789808419,0.017657216,0.001303457,0.005705512
5,46,26171904,67,3.285204624,0.017657216,0.001303457,0.005950451
8,46,26171904,67,3.945420619,0.017657216,0.001303457,0.006282621
4,46,26171904,67,4.613387410,0.017657216,0.001303457,0.006341782
1,46,26171904,67,5.438118088,0.017657216,0.001303457,0.006118468
9,46,26171904,67,6.970204604,0.017657216,0.001303457,0.006066342
10,46,26171904,67,9.348683601,0.017657216,0.001303457,0.006252521
6,46,26171904,67,12.638365559,0.017657216,0.001303457,0.006560990
2,46,26171904,67,13.033566800,0.017657216,0.001303457,0.005767144
7,46,26171904,67,25.584000458,0.017657216,0.001303457,0.000005291
3,46,26171904,67,2.789808419,0.017657216,0.000911193,0.006066152
5,46,26171904,67,3.285204624,0.017657216,0.000911193,0.006002892
8,46,26171904,67,3.945420619,0.017657216,0.000911193,0.005909591
4,46,26171904,67,4.613387410,0.017657216,0.000911193,0.005909704
1,46,26171904,67,5.438118088,0.017657216,0.000911193,0.006250682
9,46,26171904,67,6.970204604,0.017657216,0.000911193,0.006353624
10,46,26171904,67,9.348683601,0.017657216,0.000911193,0.005365288
6,46,26171904,67,12.638365559,0.017657216,0.000911193,0.006768317
2,46,26171904,67,13.033566800,0.017657216,0.000911193,0.005272282
7,46,26171904,67,25.584000458,0.017657216,0.000911193,0.000005291
3,46,26171904,67,2.789808419,0.017657216,0.004671472,0.005562330
5,46,26171904,67,3.285204624,0.017657216,0.004671472,0.005494155
8,46,26171904,67,3.945420619,0.017657216,0.004671472,0.005576485
4,46,26171904,67,4.613387410,0.017657216,0.004671472,0.005532033
1,46,26171904,67,5.438118088,0.017657216,0.004671472,0.005979901
9,46,26171904,67,6.970204604,0.017657216,0.004671472,0.006430401
10,46,26171904,67,9.348683601,0.017657216,0.004671472,0.006149945
6,46,26171904,67,12.638365559,0.017657216,0.004671472,0.006089407
2,46,26171904,67,13.033566800,0.017657216,0.004671472,0.005788055
7,46,26171904,67,25.584000458,0.017657216,0.004671472,0.000005291
3,46,26171904,67,2.789808419,0.017657216,0.002251032,0.006237190
5,46,26171904,67,3.285204624,0.017657216,0.002251032,0.006411290
8,46,26171904,67,3.945420619,0.017657216,0.002251032,0.006083823
4,46,26171904,67,4.613387410,0.017657216,0.002251032,0.005924510
1,46,26171904,67,5.438118088,0.017657216,0.002251032,0.005647571
9,46,26171904,67,6.970204604,0.017657216,0.002251032,0.005506606
10,46,26171904,67,9.348683601,0.017657216,0.002251032,0.005558033
6,46,26171904,67,12.638365559,0.017657216,0.002251032,0.006265662
2,46,26171904,67,13.033566800,0.017657216,0.002251032,0.005653920
7,46,26171904,67,25.584000458,0.017657216,0.002251032,0.000005291
10,47,26171904,67,0.751119800,0.017657216,0.003324509,0.005965825
7,47,26171904,67,1.018339356,0.017657216,0.003324509,0.005489445
8,47,26171904,67,1.382788160,0.017657216,0.003324509,0.005915060
9,47,26171904,67,2.278169307,0.017657216,0.003324509,0.005925737
4,47,26171904,67,3.379563963,0.017657216,0.003324509,0.006259371
3,47,26171904,67,5.280775276,0.017657216,0.003324509,0.006031271
5,47,26171904,67,8.091729008,0.017657216,0.003324509,0.005859507
1,47,26171904,67,8.381294631,0.017657216,0.003324509,0.005978517
6,47,26171904,67,10.888500769,0.017657216,0.003324509,0.005962232
2,47,26171904,67,37.897913199,0.017657216,0.003324509,0.000005291
10,47,26171904,67,0.751119800,0.017657216,0.051154908,0.006042689
7,47,26171904,67,1.018339356,0.017657216,0.051154908,0.004822659
8,47,26171904,67,1.382788160,0.017657216,0.051154908,0.005472218
9,47,26171904,67,2.278169307,0.017657216,0.051154908,0.006191350
4,47,26171904,67,3.379563963,0.017657216,0.051154908,0.005128093
3,47,26171904,67,5.280775276,0.017657216,0.051154908,0.005762658
5,47,26171904,67,8.091729008,0.017657216,0.051154908,0.006075219
1,47,26171904,67,8.381294631,0.017657216,0.051154908,0.006080620
6,47,26171904,67,10.888500769,0.017657216,0.051154908,0.006116420
2,47,26171904,67,37.897913199,0.017657216,0.051154908,0.000005291
10,47,26171904,67,0.751119800,0.017657216,0.080229022,0.006202704
7,47,26171904,67,1.018339356,0.017657216,0.080229022,0.005980834
8,47,26171904,67,1.382788160,0.017657216,0.080229022,0.005884730
9,47,26171904,67,2.278169307,0.017657216,0.080229022,0.005764689
4,47,26171904,67,3.379563963,0.017657216,0.080229022,0.006179905
3,47,26171904,67,5.280775276,0.017657216,0.080229022,0.005515661
5,47,26171904,67,8.091729008,0.017657216,0.080229022,0.005781157
1,47,26171904,67,8.381294631,0.017657216,0.080229022,0.005634856
6,47,26171904,67,10.888500769,0.017657216,0.080229022,0.006524236
2,47,26171904,67,37.897913199,0.017657216,0.080229022,0.000005291
10,47,26171904,67,0.751119800,0.017657216,0.006124171,0.005270368
7,47,26171904,67,1.018339356,0.017657216,0.006124171,0.005246685
8,47,26171904,67,1.382788160,0.017657216,0.006124171,0.005730949
9,47,26171904,67,2.278169307,0.017657216,0.006124171,0.005705091
4,47,26171904,67,3.379563963,0.017657216,0.006124171,0.005476709
3,47,26171904,67,5.280775276,0.017657216,0.006124171,0.006674658
5,47,26171904,67,8.091729008,0.017657216,0.006124171,0.006223516
1,47,26171904,67,8.381294631,0.017657216,0.006124171,0.006126013
6,47,26171904,67,10.888500769,0.017657216,0.006124171,0.005369621
2,47,26171904,67,37.897913199,0.017657216,0.006124171,0.000005291
10,47,26171904,67,0.751119800,0.017657216,0.071809098,0.005776955
7,47,26171904,67,1.018339356,0.017657216,0.071809098,0.005594965
8,47,26171904,67,1.382788160,0.017657216,0.071809098,0.006643023
9,47,26171904,67,2.278169307,0.017657216,0.071809098,0.006308342
4,47,26171904,67,3.379563963,0.017657216,0.071809098,0.006140417
3,47,26171904,67,5.280775276,0.017657216,0.071809098,0.006029914
5,47,26171904,67,8.091729008,0.017657216,0.071809098,0.006637167
1,47,26171904,67,8.381294631,0.017657216,0.071809098,0.005592957
6,47,26171904,67,10.888500769,0.017657216,0.071809098,0.006079911
2,47,26171904,67,37.897913199,0.017657216,0.071809098,0.000005291
10,48,26171904,67,0.345984255,0.017657216,0.106749788,0.006182602
4,48,26171904,67,1.242847201,0.017657216,0.106749788,0.005928517
9,48,26171904,67,2.049694743,0.017657216,0.106749788,0.006166659
6,48,26171904,67,2.419082402,0.017657216,0.106749788,0.005818787
8,48,26171904,67,3.945420619,0.017657216,0.106749788,0.005818280
7,48,26171904,67,12.061542413,0.017657216,0.106749788,0.006357152
1,48,26171904,67,18.271122048,0.017657216,0.106749788,0.006160876
3,48,26171904,67,20.960390404,0.017657216,0.106749788,0.006148243
2,48,26171904,67,25.584000458,0.017657216,0.106749788,0.005555113
5,48,26171904,67,76.009580045,0.017657216,0.106749788,0.000005291
10,48,26171904,67,0.345984255,0.017657216,0.059688862,0.005960318
4,48,26171904,67,1.242847201,0.017657216,0.059688862,0.005788172
9,48,26171904,67,2.049694743,0.017657216,0.059688862,0.006042131
6,48,26171904,67,2.419082402,0.017657216,0.059688862,0.005879967
8,48,26171904,67,3.945420619,0.017657216,0.059688862,0.005893487
7,48,26171904,67,12.061542413,0.017657216,0.059688862,0.005736601
1,48,26171904,67,18.271122048,0.017657216,0.059688862,0.005126945
3,48,26171904,67,20.960390404,0.017657216,0.059688862,0.006250365
2,48,26171904,67,25.584000458,0.017657216,0.059688862,0.006074042
5,48,26171904,67,76.009580045,0.017657216,0.059688862,0.000005291
10,48,26171904,67,0.345984255,0.017657216,0.048966840,0.006267484
4,48,26171904,67,1.242847201,0.017657216,0.048966840,0.005973670
9,48,26171904,67,2.049694743,0.017657216,0.048966840,0.006290286
6,48,26171904,67,2.419082402,0.017657216,0.048966840,0.006322386
8,48,26171904,67,3.945420619,0.017657216,0.048966840,0.006144613
7,48,26171904,67,12.061542413,0.017657216,0.048966840,0.005997715
1,48,26171904,67,18.271122048,0.017657216,0.048966840,0.005816261
3,48,26171904,67,20.960390404,0.017657216,0.048966840,0.006112217
2,48,26171904,67,25.584000458,0.017657216,0.048966840,0.006290205
5,48,26171904,67,76.009580045,0.017657216,0.048966840,0.000005291
10,48,26171904,67,0.345984255,0.017657216,0.139192700,0.006556950
4,48,26171904,67,1.242847201,0.017657216,0.139192700,0.006052282
9,48,26171904,67,2.049694743,0.017657216,0.139192700,0.006152605
6,48,26171904,67,2.419082402,0.017657216,0.139192700,0.006444426
8,48,26171904,67,3.945420619,0.017657216,0.139192700,0.005308168
7,48,26171904,67,12.061542413,0.017657216,0.139192700,0.005927269
1,48,26171904,67,18.271122048,0.017657216,0.139192700,0.005417871
3,48,26171904,67,20.960390404,0.017657216,0.139192700,0.006167024
2,48,26171904,67,25.584000458,0.017657216,0.139192700,0.005265457
5,48,26171904,67,76.009580045,0.017657216,0.139192700,0.000005291
10,48,26171904,67,0.345984255,0.017657216,0.040697232,0.006401295
4,48,26171904,67,1.242847201,0.017657216,0.040697232,0.006439495
9,48,26171904,67,2.049694743,0.017657216,0.040697232,0.006068002
6,48,26171904,67,2.419082402,0.017657216,0.040697232,0.005496605
8,48,26171904,67,3.945420619,0.017657216,0.040697232,0.005803452
7,48,26171904,67,12.061542413,0.017657216,0.040697232,0.005791585
1,48,26171904,67,18.271122048,0.017657216,0.040697232,0.006273093
3,48,26171904,67,20.960390404,0.017657216,0.040697232,0.006102076
2,48,26171904,67,25.584000458,0.017657216,0.040697232,0.006057378
5,48,26171904,67,76.009580045,0.017657216,0.040697232,0.000005291
9,49,26171904,67,0.387603278,0.017657216,0.013057233,0.006035251
4,49,26171904,67,0.587382010,0.017657216,0.013057233,0.006477795
5,49,26171904,67,1.013253131,0.017657216,0.013057233,0.005418393
6,49,26171904,67,1.231968757,0.017657216,0.013057233,0.006353295
8,49,26171904,67,3.626888367,0.017657216,0.013057233,0.005726407
7,49,26171904,67,4.613387410,0.017657216,0.013057233,0.006351156
2,49,26171904,67,4.693622927,0.017657216,0.013057233,0.006251798
1,49,26171904,67,8.489566966,0.017657216,0.013057233,0.006126170
10,49,26171904,67,18.274107815,0.017657216,0.013057233,0.005562806
3,49,26171904,67,18.487478014,0.017657216,0.013057233,0.000005291
9,49,26171904,67,0.387603278,0.017657216,0.003181177,0.005869726
4,49,26171904,67,0.587382010,0.017657216,0.003181177,0.006500936
5,49,26171904,67,1.013253131,0.017657216,0.003181177,0.006137651
6,49,26171904,67,1.231968757,0.017657216,0.003181177,0.005045046
8,49,26171904,67,3.626888367,0.017657216,0.003181177,0.005701053
7,49,26171904,67,4.613387410,0.017657216,0.003181177,0.006377999
2,49,26171904,67,4.693622927,0.017657216,0.003181177,0.006074440
1,49,26171904,67,8.489566966,0.017657216,0.003181177,0.004780506
10,49,26171904,67,18.274107815,0.017657216,0.003181177,0.005850136
3,49,26171904,67,18.487478014,0.017657216,0.003181177,0.000005291
9,49,26171904,67,0.387603278,0.017657216,0.004771081,0.006428617
4,49,26171904,67,0.587382010,0.017657216,0.004771081,0.006466309
5,49,26171904,67,1.013253131,0.017657216,0.004771081,0.006275496
6,49,26171904,67,1.231968757,0.017657216,0.004771081,0.005851462
8,49,26171904,67,3.626888367,0.017657216,0.004771081,0.006094412
7,49,26171904,67,4.613387410,0.017657216,0.004771081,0.006026580
2,49,26171904,67,4.693622927,0.017657216,0.004771081,0.005664502
1,49,26171904,67,8.489566966,0.017657216,0.004771081,0.005743973
10,49,26171904,67,18.274107815,0.017657216,0.004771081,0.005234227
3,49,26171904,67,18.487478014,0.017657216,0.004771081,0.000005291
9,49,26171904,67,0.387603278,0.017657216,0.068544425,0.006374824
4,49,26171904,67,0.587382010,0.017657216,0.068544425,0.005759830
5,49,26171904,67,1.013253131,0.017657216,0.068544425,0.005818117
6,49,26171904,67,1.231968757,0.017657216,0.068544425,0.005709480
8,49,26171904,67,3.626888367,0.017657216,0.068544425,0.005407764
7,49,26171904,67,4.613387410,0.017657216,0.068544425,0.005582622
2,49,26171904,67,4.693622927,0.017657216,0.068544425,0.006233044
1,49,26171904,67,8.489566966,0.017657216,0.068544425,0.006648878
10,49,26171904,67,18.274107815,0.017657216,0.068544425,0.005654367
3,49,26171904,67,18.487478014,0.017657216,0.068544425,0.000005291
9,49,26171904,67,0.387603278,0.017657216,0.003773346,0.005911804
4,49,26171904,67,0.587382010,0.017657216,0.003773346,0.005896359
5,49,26171904,67,1.013253131,0.017657216,0.003773346,0.005680517
6,49,26171904,67,1.231968757,0.017657216,0.003773346,0.005943241
8,49,26171904,67,3.626888367,0.017657216,0.003773346,0.006094811
7,49,26171904,67,4.613387410,0.017657216,0.003773346,0.006025342
2,49,26171904,67,4.693622927,0.017657216,0.003773346,0.006137455
1,49,26171904,67,8.489566966,0.017657216,0.003773346,0.005740410
10,49,26171904,67,18.274107815,0.017657216,0.003773346,0.005747567
3,49,26171904,67,18.487478014,0.017657216,0.003773346,0.000005291
2,50,26171904,67,0.820450821,0.017657216,0.059244625,0.006192270
1,50,26171904,67,1.134459824,0.017657216,0.059244625,0.006345039
9,50,26171904,67,1.933771665,0.017657216,0.059244625,0.005834164
7,50,26171904,67,2.229664033,0.017657216,0.059244625,0.005669826
10,50,26171904,67,6.512859271,0.017657216,0.059244625,0.006332529
5,50,26171904,67,6.970204604,0.017657216,0.059244625,0.006244132
8,50,26171904,67,7.312411410,0.017657216,0.059244625,0.006282130
3,50,26171904,67,7.535369515,0.017657216,0.059244625,0.006127477
6,50,26171904,67,21.491169638,0.017657216,0.059244625,0.006797434
4,50,26171904,67,24.460606093,0.017657216,0.059244625,0.000005291
2,50,26171904,67,0.820450821,0.017657216,0.011575276,0.006413992
1,50,26171904,67,1.134459824,0.017657216,0.011575276,0.006173420
9,50,26171904,67,1.933771665,0.017657216,0.011575276,0.005863487
7,50,26171904,67,2.229664033,0.017657216,0.011575276,0.006065594
10,50,26171904,67,6.512859271,0.017657216,0.011575276,0.005911795
5,50,26171904,67,6.970204604,0.017657216,0.011575276,0.006148986
8,50,26171904,67,7.312411410,0.017657216,0.011575276,0.006026522
3,50,26171904,67,7.535369515,0.017657216,0.011575276,0.006041334
6,50,26171904,67,21.491169638,0.017657216,0.011575276,0.005414860
4,50,26171904,67,24.460606093,0.017657216,0.011575276,0.000005291
2,50,26171904,67,0.820450821,0.017657216,0.028542869,0.005345789
1,50,26171904,67,1.134459824,0.017657216,0.028542869,0.006200380
9,50,26171904,67,1.933771665,0.017657216,0.028542869,0.005359633
7,50,26171904,67,2.229664033,0.017657216,0.028542869,0.005885416
10,50,26171904,67,6.512859271,0.017657216,0.028542869,0.005661624
5,50,26171904,67,6.970204604,0.017657216,0.028542869,0.005707506
8,50,26171904,67,7.312411410,0.017657216,0.028542869,0.006294789
3,50,26171904,67,7.535369515,0.017657216,0.028542869,0.006228306
6,50,26171904,67,21.491169638,0.017657216,0.028542869,0.005346885
4,50,26171904,67,24.460606093,0.017657216,0.028542869,0.000005291
2,50,26171904,67,0.820450821,0.017657216,0.123706251,0.005814259
1,50,26171904,67,1.134459824,0.017657216,0.123706251,0.006320157
9,50,26171904,67,1.933771665,0.017657216,0.123706251,0.004687519
7,50,26171904,67,2.229664033,0.017657216,0.123706251,0.006143151
10,50,26171904,67,6.512859271,0.017657216,0.123706251,0.005059539
5,50,26171904,67,6.970204604,0.017657216,0.123706251,0.006745529
8,50,26171904,67,7.312411410,0.017657216,0.123706251,0.006239526
3,50,26171904,67,7.535369515,0.017657216,0.123706251,0.005884641
6,50,26171904,67,21.491169638,0.017657216,0.123706251,0.006203817
4,50,26171904,67,24.460606093,0.017657216,0.123706251,0.000005291
2,50,26171904,67,0.820450821,0.017657216,0.066391952,0.006425242
1,50,26171904,67,1.134459824,0.017657216,0.066391952,0.006510108
9,50,26171904,67,1.933771665,0.017657216,0.066391952,0.006406172
7,50,26171904,67,2.229664033,0.017657216,0.066391952,0.004890669
10,50,26171904,67,6.512859271,0.017657216,0.066391952,0.006284119
5,50,26171904,67,6.970204604,0.017657216,0.066391952,0.006030426
8,50,26171904,67,7.312411410,0.017657216,0.066391952,0.006096168
3,50,26171904,67,7.535369515,0.017657216,0.066391952,0.005976754
6,50,26171904,67,21.491169638,0.017657216,0.066391952,0.006224910
4,50,26171904,67,24.460606093,0.017657216,0.066391952,0.000005291
